code,buy_date,sell_date,shares,avg_cost,sell_price,loss_amount,return,holding_days,max_position_value,name,industry,contribution
001267,2025-05-07,2026-05-07 00:00:00,7600,130.554545105985,56.6045681706,-562019.8247089259,-0.5664297391971451,365,929653.7168618699,汇绿生态,通信设备,0.007246881231883455
300101,2021-08-03,2021-11-02 00:00:00,3000,197.587226410574,26.55330043968,-513101.77791268204,-0.8656122618751483,91,359242.963171092,振芯科技,通信设备,0.00661611473639249
002555,2015-11-03,2016-05-04 00:00:00,1900,280.0103766507416,13.38874887897,-506581.0927663661,-0.9521848117233531,183,442217.45261694,三七互娱,互联网,0.006532034729374353
688400,2025-05-07,2025-11-03 00:00:00,2100,260.38936405625003,39.26452944672,-464362.1526800131,-0.8492083976278003,180,485340.66113032505,凌云光,专用机械,0.005987648871277158
600435,2021-11-02,2022-05-06 00:00:00,3300,142.58296837997332,7.90215979014,-444446.66834645,-0.9445785153730191,185,318721.866740277,北方导航,专用机械,0.005730851613786261
000980,2018-05-03,2018-11-01 00:00:00,5000,93.2554924188888,4.47552,-443899.862094444,-0.9520079741802587,182,360737.967838248,众泰汽车,汽车配件,0.00572380090171006
300101,2020-11-03,2021-05-07 00:00:00,5000,100.8020828698884,15.29398554516,-427540.486623642,-0.8482770880349674,185,359242.963171092,振芯科技,通信设备,0.005512857362260914
688032,2023-02-01,2023-05-05 00:00:00,2200,418.32749486528,224.9503528716,-425429.7123860961,-0.4622625678858523,93,920320.4887036161,禾迈股份,电气设备,0.005485640297071556
002555,2014-11-03,2015-05-05 00:00:00,10500,48.05433433229,8.8604296011,-411535.9996774949,-0.8156164324360174,183,442217.45261694,三七互娱,互联网,0.00530648988023121
600435,2017-05-03,2017-11-01 00:00:00,3900,111.73351396617666,13.1907417543,-384316.811626319,-0.8819446262265319,182,318721.866740277,北方导航,专用机械,0.004955516098946302
300153,2021-11-02,2022-05-06 00:00:00,2600,151.85902358088,7.075444373100001,-376437.30594022805,-0.9534078107032499,185,360355.991691696,科泰电源,电气设备,0.0048539149821127
002319,2016-11-01,2017-05-03 00:00:00,3300,127.78598297556,16.9095130605,-365892.350719698,-0.8676731777089036,183,347472.804526848,乐通股份,染料涂料,0.004717944621781927
300316,2020-11-03,2021-05-07 00:00:00,2900,159.0496039228648,35.88127838442,-357188.14406148996,-0.7744019632905119,185,309379.82886810997,晶盛机电,专用机械,0.0046057095206403055
300316,2018-05-03,2018-11-01 00:00:00,2400,157.5518624571558,8.78652658809,-357036.8060857579,-0.9442308935543089,182,309379.82886810997,晶盛机电,专用机械,0.004603758115569191
600435,2015-11-03,2016-05-04 00:00:00,1800,209.38921602320946,11.753014221,-355745.163243977,-0.9438700118171451,183,318721.866740277,北方导航,专用机械,0.004587103218612048
002523,2024-11-01,2025-05-07 00:00:00,11300,34.97595629031929,3.59274992373,-354630.23194245895,-0.8972794369392436,187,361160.74994999997,天桥起重,专用机械,0.0045727269023886925
002571,2014-05-06,2014-11-03 00:00:00,1200,304.8095178461666,12.63735,-350606.6014153999,-0.9585401725992759,181,347693.36141539994,德力股份,家居用品,0.004520844795621945
300456,2020-11-03,2021-05-07 00:00:00,3200,127.23136198272499,19.01184655257,-346302.44937649596,-0.8505726398248307,185,309134.38600044,赛微电子,半导体,0.004465345545847151
002299,2023-05-05,2023-11-01 00:00:00,3400,115.53891610673175,17.28298607364,-334070.1621125119,-0.8504141577918696,180,157705.59141336996,圣农发展,农业综合,0.004307618132864374
002415,2021-08-03,2021-11-02 00:00:00,1600,245.65098361803996,44.87757743007,-321237.44990075193,-0.8173116314492367,91,308054.28336883197,海康威视,IT设备,0.004142148629489241
600435,2009-11-03,2010-05-05 00:00:00,4700,74.40059939162914,6.7106383443,-318142.816922447,-0.9098039747102492,183,318721.866740277,北方导航,专用机械,0.004102245343761446
600316,2026-05-07,2018-10-18,3100,108.9181357354413,7.63577583,-313975.315706868,-0.9298943580107994,-2758,114293.68013863801,洪都航空,航空,0.004048508117750474
300456,2018-11-01,2019-05-07 00:00:00,1300,249.03341132207998,12.90376457874,-306968.54076634196,-0.9481846049883993,187,309134.38600044,赛微电子,半导体,0.003958160298011503
300401,2017-11-01,2018-08-01 00:00:00,4100,89.02918496179021,16.87383032895,-295836.95399464486,-0.8104685521248796,273,218373.5144731139,花园生物,化学制药,0.0038146257041941534
002299,2016-05-04,2016-11-01 00:00:00,1600,203.57081602983124,20.51371523052,-292891.36127889797,-0.8992305693390062,181,157705.59141336996,圣农发展,农业综合,0.0037766441960159066
002805,2022-08-02,2023-05-05 00:00:00,12100,43.80904209665454,19.73709067248,-291270.61223251186,-0.5494744982340708,276,465491.1128867999,丰元股份,电气设备,0.0037557456879393786
600779,2021-08-03,2021-11-02 00:00:00,900,440.6196445917933,121.37084869896,-287323.91630354995,-0.7245450805730586,91,213046.04122401596,水井坊,白酒,0.0037048556029315094
002099,2019-05-07,2019-11-01 00:00:00,5100,62.45022582112038,6.4462648824,-285620.20078747394,-0.8967775568840313,178,218445.58896159995,海翔药业,化学制药,0.0036828872960229155
000034,2017-05-03,2017-11-01 00:00:00,3700,87.05214952488107,14.0693757408,-270036.2630011,-0.8383799157448867,182,157764.555636688,神州数码,软件服务,0.0034819425227288372
000688,2024-11-01,2025-05-07 00:00:00,2800,108.19450070571999,11.86033736043,-269735.657366812,-0.8903794806291576,187,215888.26962502793,国城矿业,铅锌,0.0034780664079842225
000893,2022-05-06,2022-11-01 00:00:00,400,687.5806266554224,25.613965395,-264786.66450416896,-0.9627476918312937,179,132839.96064639298,亚钾国际,农药化肥,0.0034142523538953163
603929,2026-05-07,2018-10-18,500,529.35705975152,13.55023008,-257903.41483575996,-0.9744024759273816,-2758,102607.8885832,亚翔集成,装修装饰,0.0033254973124478096
600132,2020-11-03,2021-05-07 00:00:00,900,409.7323140265911,128.5900744068,-253028.01565781198,-0.6861607688612652,185,228605.485250142,重庆啤酒,啤酒,0.0032626322012056755
000537,2018-08-01,2018-11-01 00:00:00,25600,16.106136432010622,6.24069977328,-252555.17846350395,-0.6125265795664854,92,216067.79818624,绿发电力,新型电力,0.003256535272167733
000546,2018-05-03,2018-11-01 00:00:00,3000,91.28685714648499,8.71199580348,-247724.58402901495,-0.9045646210658764,182,157195.30581254498,金圆股份,环境保护,0.0031942478890415785
600851,2015-05-05,2015-11-03 00:00:00,5300,55.86281828296979,10.91071204632,-238246.1630542439,-0.8046874042220277,182,229455.04982399996,海欣股份,化学制药,0.0030720297962802895
600257,2017-02-06,2017-05-03 00:00:00,111300,10.2390897609,8.11713948525,-236173.06567984508,-0.20724012829275995,86,1139610.69038817,大湖股份,渔业,0.0030452985498119313
002654,2023-11-01,2024-05-07 00:00:00,2200,114.09785095891,10.31786352828,-228315.972347386,-0.909570044995889,188,218525.92336575,万润科技,互联网,0.0029439864257464793
000518,2017-05-03,2017-11-01 00:00:00,7400,37.494078243243244,7.302689999999999,-223416.27300000002,-0.8052308433181443,182,133861.728,四环生物,生物制药,0.0028808079795754164
002192,2021-05-07,2022-11-01 00:00:00,900,354.19753217292885,112.9916817135,-217085.26541348596,-0.680992464796919,543,217057.611907136,融捷股份,小金属,0.0027991737417059925
300684,2019-02-01,2019-05-07 00:00:00,123900,17.43013677405,15.6795370677,-216899.30361676478,-0.10043522486618073,95,2159593.946304795,中石科技,元器件,0.002796775884912944
600516,2017-11-01,2018-11-01 00:00:00,6000,44.406789483055995,8.7142766004,-214155.07729593597,-0.8037625169069011,365,125940.44174712,方大炭素,矿物制品,0.0027613908658333155
600110,2026-05-07,2018-10-18,10000,25.215901853041895,3.83557315,-213803.287030419,-0.8478907011792125,-2758,114214.09999999998,诺德股份,电气设备,0.0027568547584565788
600345,2026-05-07,2018-10-18,2200,113.92496685843,17.08120645,-213056.272898546,-0.8500661714369763,-2758,112072.975014,长江通信,通信设备,0.0027472224955821765
300401,2016-11-01,2017-02-06 00:00:00,6100,47.98652732398113,13.08192467031,-212918.07618739386,-0.7273833844656572,97,218373.5144731139,花园生物,化学制药,0.002745440538597162
002149,2017-11-01,2018-05-03 00:00:00,7100,38.15864678146648,8.71579223325,-209044.26729233703,-0.7715906362412404,183,73778.659779825,西部材料,小金属,0.0026954902846323134
300357,2019-11-01,2020-05-07 00:00:00,1100,239.82118358379998,50.91999511392,-207791.30731686795,-0.7876751571608887,188,215409.912589872,我武生物,生物制药,0.0026793341781546987
600127,2019-08-01,2019-11-01 00:00:00,97000,6.24049198969072,4.13586,-204149.30299999984,-0.3372541769411078,92,438878.4399999999,金健米业,农业综合,0.002632372893925945
603399,2022-05-06,2022-11-01 00:00:00,900,239.2864079661611,14.65163703666,-202171.293836551,-0.9387694555608358,179,157722.490499574,永杉锂业,小金属,0.002606867748283592
600779,2018-08-01,2018-11-01 00:00:00,4400,71.04003300712499,25.16385993102,-201855.16153486195,-0.645779163299429,92,213046.04122401596,水井坊,白酒,0.0026027914272301685
000735,2022-11-01,2023-11-01 00:00:00,5000,45.3073333997284,5.61375065997,-198467.913698792,-0.8760962025630126,365,62073.147135999985,罗牛山,农业综合,0.0025591150626398866
300601,2021-05-07,2021-08-03 00:00:00,500,477.027557610604,83.20312750608,-196912.215052262,-0.825580040023603,88,96985.79101210998,康泰生物,生物制药,0.0025390553372915087
600515,2025-11-03,2026-05-07 00:00:00,18900,13.879182722961112,3.47652,-196610.32546396498,-0.7495155104306972,185,93837.74399999999,海南机场,机场,0.0025351626667924495
000688,2020-05-07,2020-08-03 00:00:00,3100,86.98104320195611,23.66439363828,-196281.61364739595,-0.7279361942885066,88,215888.26962502793,国城矿业,铅锌,0.0025309241410510735
002685,2024-11-01,2025-05-07 00:00:00,3400,65.02204801563059,7.45254,-195736.327253144,-0.8853844160951607,187,74029.25984454,华东重机,机床制造,0.0025238930265551528
000799,2021-11-02,2022-05-06 00:00:00,100,2086.57797429081,131.45223740877,-195512.57368820396,-0.9370010423629396,185,66862.31489437498,酒鬼酒,白酒,0.002521007869414707
600316,2024-11-01,2025-05-07 00:00:00,800,279.1906758015375,36.4951826856,-194156.39449275,-0.8692822294984429,187,114293.68013863801,洪都航空,航空,0.0025035208180216426
600150,2024-05-07,2024-11-01 00:00:00,1800,143.5197303250822,36.1082518038,-193340.66133830798,-0.7484091440109852,178,64719.07830788399,中国船舶,船舶,0.002493002467907903
300277,2025-05-07,2025-11-03 00:00:00,4900,54.06880765326856,14.6258616978,-193270.43518179594,-0.7294953905476804,180,83752.40095622398,汽轮科技,机械基件,0.002492096947153581
002272,2019-05-07,2019-11-01 00:00:00,8300,27.146455467939035,4.4925457572,-188027.450599134,-0.8345070956867329,178,62062.534093559996,川润股份,机械基件,0.0024244920604561673
600692,2026-05-07,2018-10-18,14100,18.60529290506411,5.2794572,-187894.28344140397,-0.7162389634530826,-2758,114041.928,亚通股份,区域地产,0.002422774956301422
600711,2016-05-04,2016-11-01 00:00:00,5200,42.945905037805,7.11873360054,-186301.291473778,-0.8342395254152072,181,157457.544688444,盛屯矿业,小金属,0.002402234357758108
000518,2014-05-06,2015-05-05 00:00:00,5800,37.74788258620689,6.28371,-182492.20099999997,-0.8335347688536026,364,133861.728,四环生物,生物制药,0.0023531186058729065
001267,2023-02-01,2023-05-05 00:00:00,122200,7.607640890849999,6.120735337799999,-181699.85858270997,-0.19544896695089253,93,929653.7168618699,汇绿生态,通信设备,0.0023429018641484343
600610,2025-05-07,2025-11-03 00:00:00,5300,45.35561782072075,11.25873,-180713.50544982,-0.7517676852181157,180,66516.44999999998,中毅达,化工原料,0.0023301834800408066
600288,2025-11-03,2026-05-07 00:00:00,5900,45.79321799577948,15.30468,-179882.37417509893,-0.665787191426238,185,94021.92799999999,大恒科技,元器件,0.002319466581150048
002311,2020-05-07,2020-11-03 00:00:00,1300,194.5264344408,57.30548299416,-178387.23688063197,-0.7054103049855689,180,66725.230572,海大集团,饲料,0.0023001877551691793
000888,2022-05-06,2022-11-01 00:00:00,2600,75.17377473683,7.053266792880001,-177113.32065427,-0.9061738376505339,179,64379.18232345599,峨眉山A,旅游景点,0.002283761431424113
603399,2018-05-03,2018-11-01 00:00:00,2300,86.49539333435,10.2305995596,-175409.025681925,-0.8817208736186287,182,157722.490499574,永杉锂业,小金属,0.0022617856528026436
002685,2018-11-01,2019-05-07 00:00:00,2600,71.95192202044,5.29197316956,-173315.86701228798,-0.9264512604950752,187,74029.25984454,华东重机,机床制造,0.002234795728939722
600184,2017-05-03,2017-11-01 00:00:00,2900,78.65209794200379,19.41576234246,-171785.373238677,-0.7531437450431808,182,133175.927859975,光电股份,专用机械,0.00221506100408506
688232,2023-02-01,2023-05-05 00:00:00,16700,55.43006883414,45.155514804480006,-171585.05229532192,-0.1853606579563145,93,925682.149530138,新点软件,软件服务,0.0022124779954064873
000893,2021-05-07,2021-11-02 00:00:00,5000,52.01050718243379,18.039407535,-169855.49823716894,-0.6531583998647741,179,132839.96064639298,亚钾国际,农药化肥,0.0021901765172512495
300188,2018-05-03,2018-11-01 00:00:00,2400,83.2161020766075,13.44400382871,-167453.03579495402,-0.8384446820600459,182,66398.68585349999,国投智能,软件服务,0.0021591983217902457
000670,2021-11-02,2022-05-06 00:00:00,15600,12.943635833333333,2.24775,-166855.81900000002,-0.82634322929486,185,469143.67500000005,盈方微,元器件,0.002151497598448397
600503,2024-05-07,2024-11-01 00:00:00,29900,7.8962437099699985,2.33766,-166201.65292810294,-0.7039529064878771,178,83855.77199999998,华丽家族,区域地产,0.0021430625511056787
688107,2023-02-01,2023-05-05 00:00:00,14700,62.94288,51.65829,-165883.47300000003,-0.17928302613417124,93,925260.336,安路科技,半导体,0.002138959827237308
002311,2018-05-03,2018-11-01 00:00:00,1900,105.52852147943368,18.70190888049,-164970.563937993,-0.8227786325601578,182,66725.230572,海大集团,饲料,0.002127188456803353
600821,2021-11-02,2022-05-06 00:00:00,3000,59.61647489964833,5.05327210956,-163689.608370265,-0.915236985781764,185,83730.70992285998,金开新能,新型电力,0.0021106713653156065
002307,2022-05-06,2022-11-01 00:00:00,3000,58.376677690331,4.79822575122,-160735.35581733298,-0.9178057755072496,179,67236.22681775999,北新路桥,建筑工程,0.0020725781941518047
000518,2010-11-02,2011-05-04 00:00:00,4900,40.842229999999994,8.04195,-160721.37199999997,-0.8030971864170982,183,133861.728,四环生物,生物制药,0.0020723978818942557
300136,2019-11-01,2020-05-07 00:00:00,1200,175.42155654606913,42.62952837942,-159350.43379997893,-0.756988085051995,188,73074.916950035,信维通信,元器件,0.002054720522706882
000897,2023-11-01,2024-11-01 00:00:00,14900,12.950297079451275,2.4246227502,-156832.54750584398,-0.812774739040756,366,83870.93969254,津滨发展,区域地产,0.0020222540115149797
300685,2021-08-03,2021-11-02 00:00:00,1900,121.89466475396738,40.01847953193,-155564.751921871,-0.6716962172815075,91,95245.55562522,艾德生物,医疗保健,0.0020059066094849595
002075,2018-11-01,2019-05-07 00:00:00,900,177.85312563018,7.77358286577,-153071.58848796898,-0.9562921211633129,187,62117.921035169995,沙钢股份,特种钢,0.0019737588835457187
600732,2022-08-02,2023-05-05 00:00:00,17800,30.207074215407975,21.6972646164,-151474.61086234197,-0.2817157841346749,276,467700.57253919996,爱旭股份,电气设备,0.0019531668925267397
600645,2017-11-01,2018-05-03 00:00:00,2500,81.9182364,21.32865,-151473.96600000001,-0.7396348977063671,183,71071.0,中源协和,医疗保健,0.001953158577444962
000792,2012-11-01,2013-05-03 00:00:00,900,182.4210023802833,14.2745081031,-151331.84484946498,-0.9217496455076883,183,131611.69735714,盐湖股份,农药化肥,0.001951326017358671
300033,2025-11-03,2026-05-07 00:00:00,300,749.4831747069334,246.99276,-150747.12441208,-0.6704492264331613,185,81937.953332235,同花顺,软件服务,0.001943786426445168
002313,2019-05-07,2019-11-01 00:00:00,1900,97.15873150246422,18.63135,-149202.02485468204,-0.8082380274846687,178,73971.44530776,日海智能,通信设备,0.0019238633694788096
300011,2024-11-01,2025-05-07 00:00:00,4100,43.636840482845365,7.262729999999999,-149133.852979666,-0.8335642562651816,187,68055.98799999998,鼎汉技术,运输设备,0.001922984337352404
000735,2020-05-07,2021-05-07 00:00:00,5700,34.304837855358244,8.23351310514,-148606.551076244,-0.7599897384778349,365,62073.147135999985,罗牛山,农业综合,0.0019161851212047807
000935,2018-11-01,2019-05-07 00:00:00,1000,162.61721574098001,14.081656248,-148535.55949298,-0.9134061164198657,187,73793.395230555,四川双马,水泥,0.0019152697307687869
600379,2014-08-01,2014-11-03 00:00:00,24800,12.324576198006651,6.3480374082,-148218.16198720498,-0.48492854389372697,94,157746.50555663998,宝光股份,电气设备,0.0019111770957290193
000688,2025-11-03,2026-05-07 00:00:00,5200,76.34912328659,47.98197,-147509.19709026802,-0.3715452393619355,185,215888.26962502793,国城矿业,铅锌,0.0019020354530683934
600276,2024-11-01,2025-05-07 00:00:00,700,261.32083074954994,51.06493546848,-147179.12669674895,-0.804589112463749,187,73143.262192,恒瑞医药,化学制药,0.0018977794093581336
600673,2018-05-03,2018-11-01 00:00:00,4900,37.056624989057134,7.323505763399999,-145692.28420571995,-0.8023698659669455,182,77273.58530892,东阳光,综合类,0.0018786075394893343
000670,2016-05-04,2016-11-01 00:00:00,2800,59.5662925,7.55244,-145638.787,-0.8732095001548066,181,469143.67500000005,盈方微,元器件,0.0018779177277086008
300222,2024-11-01,2025-05-07 00:00:00,4000,46.48966385088025,10.12383372231,-145463.32051428102,-0.7822347402901622,187,62317.0214667,科大智能,电气设备,0.0018756552011458766
600184,2010-05-05,2010-11-02 00:00:00,1300,130.69403281934999,19.14403864815,-145014.99242255997,-0.8535201781200555,181,133175.927859975,光电股份,专用机械,0.001869874301094349
600651,2026-05-07,2018-10-18,16500,11.809239734413332,3.04,-144692.45561782,-0.7425744528548159,-2758,113963.84999999999,飞乐音响,电器仪表,0.001865715398126696
002107,2020-08-03,2020-11-03 00:00:00,9200,23.835940997564347,8.246216529,-143425.465110792,-0.6540427529233005,92,97467.824454,沃华医药,中成药,0.0018493783770418774
000408,2024-05-07,2024-11-01 00:00:00,2400,87.97527347942666,28.2435679602,-143356.093246144,-0.6789601572900497,178,67110.90802416,藏格矿业,农药化肥,0.0018484838718272284
000790,2013-05-03,2013-11-01 00:00:00,5600,30.98596194408,5.60324170944,-142143.233313984,-0.8191683795535506,182,77014.649183472,华神科技,中成药,0.0018328448294076378
002640,2017-11-01,2018-05-03 00:00:00,3600,59.570433257335004,20.19601009368,-141747.923389158,-0.660972583388199,183,73787.88287870999,跨境通,互联网,0.0018277475642418006
000568,2022-11-01,2023-05-05 00:00:00,200,905.9577147620998,197.76644579979,-141638.25379246197,-0.7817045513523525,185,133333.87204537395,泸州老窖,白酒,0.0018263334459010171
000893,2019-11-01,2020-11-03 00:00:00,7200,27.248474818704025,7.943319229499999,-138997.12024226898,-0.7084857305830743,368,132839.96064639298,亚钾国际,农药化肥,0.0017922777412544702
002259,2021-05-07,2022-05-06 00:00:00,16800,10.640569219637497,2.3976,-138481.88288990993,-0.7746737086607025,364,74482.47903095998,升达林业,供气供热,0.001785634089670276
000792,2011-11-01,2012-05-03 00:00:00,500,299.06274957959397,22.38380304075,-138339.473269422,-0.9251534901213343,184,131611.69735714,盐湖股份,农药化肥,0.0017837978099509825
002164,2018-05-03,2018-11-01 00:00:00,5800,26.415452999107586,2.72727,-137391.461394824,-0.896754751845742,182,74065.19649328801,宁波东力,机械基件,0.0017715738115089616
000799,2019-11-01,2020-05-07 00:00:00,1600,118.05606653903561,32.3399448828,-137145.79464997698,-0.7260628290363487,188,66862.31489437498,酒鬼酒,白酒,0.0017684060981218905
600379,2010-05-05,2010-08-03 00:00:00,1300,113.77152627224996,8.83232728155,-136420.95868790997,-0.922367858013835,90,157746.50555663998,宝光股份,电气设备,0.0017590598083670442
002272,2017-05-03,2017-11-01 00:00:00,8100,22.97341489554222,6.13330159896,-136404.917702316,-0.7330261248992587,182,62062.534093559996,川润股份,机械基件,0.001758852970258616
600498,2026-05-07,2018-10-18,2300,83.35988483648912,24.20178216,-136063.63615592496,-0.7096711180986882,-2758,114476.07452180899,烽火通信,通信设备,0.0017544523660012658
000537,2017-11-01,2018-05-03 00:00:00,6000,32.70821574553866,10.04984921088,-135950.19920795196,-0.6927423590126349,183,216067.79818624,绿发电力,新型电力,0.0017529896701084769
002149,2016-11-01,2017-05-03 00:00:00,5300,37.309437799029624,11.71955589282,-135626.374102911,-0.6858822704338683,183,73778.659779825,西部材料,小金属,0.0017488141553437633
600199,2011-11-01,2012-08-01 00:00:00,700,211.1455737677,22.02370896528,-132385.305361694,-0.8956941953729505,274,76189.76867502,金种子酒,白酒,0.0017070226754006238
300265,2026-05-07,2018-10-18,6000,28.169857430715,6.11142543,-132350.59200429,-0.7830508924288553,-2758,114078.03961554,通光线缆,电气设备,0.001706575069164675
600698,2020-11-03,2021-08-03 00:00:00,39700,6.41764549118388,3.10689,-131436.99300000002,-0.5158831998015422,273,83850.76699999998,湖南天雁,汽车配件,0.001694794802372333
000882,2022-05-06,2022-11-01 00:00:00,9400,15.446857338146275,1.6183800000000002,-129987.68697857499,-0.8952291741567793,179,67584.154085448,华联股份,其他商业,0.001676106940940825
600540,2020-05-07,2020-11-03 00:00:00,12300,15.727377398415607,5.17482,-129796.45600051196,-0.67096739215266,180,64229.826484824,新赛股份,种植业,0.0016736411414708554
002304,2012-05-03,2012-11-01 00:00:00,500,313.44920284277595,55.99944993456,-128724.87645410797,-0.8213444174472859,182,124493.71723588799,洋河股份,白酒,0.0016598238180208739
600280,2021-05-07,2021-08-03 00:00:00,15300,11.303817082924377,2.8971,-128622.77136874296,-0.7437060438304173,88,73678.747059918,中央商场,百货,0.0016585072391489546
600698,2019-11-01,2020-05-07 00:00:00,17800,9.602795449438203,2.41758,-127896.835,-0.7482420600616421,188,83850.76699999998,湖南天雁,汽车配件,0.001649146760363514
600519,2020-02-04,2020-05-07 00:00:00,100,2381.09958394308,1109.344041504,-127175.55424390799,-0.5341043066888718,93,85993.78237449999,贵州茅台,白酒,0.0016398463126845568
002590,2023-05-05,2023-11-01 00:00:00,8000,28.276397651502,12.38175559026,-127157.13648993599,-0.5621169378482588,180,157775.23643481598,万安科技,汽车配件,0.0016396088276889658
300277,2023-05-05,2023-11-01 00:00:00,9400,21.56348656036042,8.1320410188,-126255.58809066795,-0.6228791204039836,180,83752.40095622398,汽轮科技,机械基件,0.001627983945634896
002299,2011-11-01,2012-05-03 00:00:00,1000,137.28180413948,11.12800874211,-126153.79539736999,-0.918940395547222,184,157705.59141336996,圣农发展,农业综合,0.0016266713948561297
600629,2015-05-05,2015-11-03 00:00:00,4300,39.259713757915804,9.9718645536,-125937.75157855796,-0.746002616955163,182,67021.480009484,华建集团,建筑工程,0.0016238856498930864
002821,2021-11-02,2022-05-06 00:00:00,100,1421.4911675364397,168.1093291932,-125338.18383432397,-0.8817373382034113,185,73585.41189999999,凯莱英,生物制药,0.0016161546125846031
002614,2025-05-07,2025-11-03 00:00:00,10000,19.371262939028,6.83917985412,-125320.83084907998,-0.6469419740134315,180,66632.81985359998,奥佳华,家用电器,0.0016159308570913749
600110,2021-11-02,2022-05-06 00:00:00,1500,91.96327902027932,8.55526062555,-125112.02759209396,-0.9069709049449679,185,114214.09999999998,诺德股份,电气设备,0.001613238474478374
000514,2014-05-06,2014-11-03 00:00:00,3900,38.46926303887333,6.3956535444,-125087.07702844599,-0.8337463980545411,181,64121.910732879995,渝开发,区域地产,0.001612916753137816
300059,2021-08-03,2022-05-06 00:00:00,3900,49.189386536033325,17.664884902529998,-122945.55637066298,-0.6408801543074802,276,87634.10110454998,东方财富,证券,0.0015853032327951557
600406,2021-05-07,2021-11-02 00:00:00,4000,53.535207214489006,22.8393589788,-122783.39294275602,-0.5733768454973187,179,63824.166566160005,国电南瑞,电气设备,0.001583212240537355
600990,2016-05-04,2016-11-01 00:00:00,700,216.65731333245998,41.8370705505,-122374.16994737198,-0.8068974921409593,181,65101.4105742,四创电子,通信设备,0.0015779355753477602
603701,2026-05-07,2018-10-18,4700,30.724438772687236,4.6914399,-122355.09470163002,-0.8473059203876981,-2758,114148.49368923,德宏股份,汽车配件,0.0015776896124221063
002180,2019-11-01,2020-05-07 00:00:00,1800,98.04234610281222,30.06919338732,-122351.674887886,-0.6933040203282375,188,71649.899779458,奔图科技,IT设备,0.0015776455161412484
300181,2014-02-10,2014-05-06 00:00:00,59200,7.463521465399999,5.40150789519,-122071.20335643191,-0.2762789093284248,85,441840.4707516799,佐力药业,中成药,0.0015740290175979366
000554,2023-11-01,2024-05-07 00:00:00,5700,27.070385007806486,5.686708599,-121886.95553019698,-0.7899287875898299,188,38121.175412319986,泰山石油,石油贸易,0.0015716532613429882
600986,2016-05-04,2016-11-01 00:00:00,2500,60.700366365839194,12.21849359568,-121204.68192539798,-0.7987080749720764,181,67481.16945569999,浙文互联,互联网,0.0015628557855881281
000766,2025-05-07,2025-11-03 00:00:00,3500,62.674040000000005,28.071900000000003,-121107.49000000002,-0.5520968490303162,180,74136.062,通化金马,化学制药,0.001561602558728343
002307,2017-05-03,2017-11-01 00:00:00,4400,36.0957520430325,8.66374161597,-120700.84587907499,-0.7599789137059316,182,67236.22681775999,北新路桥,建筑工程,0.001556359146452782
300223,2021-11-02,2022-05-06 00:00:00,200,670.894163624685,70.26679700586,-120125.473323765,-0.8952639614179607,185,57879.643633812,北京君正,半导体,0.001548940090417568
600026,2022-11-01,2023-05-05 00:00:00,2000,70.957282672276,11.34695986182,-119220.645620912,-0.8400874521333183,185,61987.30537999999,中远海能,水运,0.001537272923870036
002364,2024-11-01,2025-05-07 00:00:00,4700,40.786238868268505,15.5123799921,-118787.13671799196,-0.6196663280916408,187,157640.706935712,中恒电气,电气设备,0.0015316831076494914
600771,2023-05-05,2023-11-01 00:00:00,1600,103.91990088980499,29.70027,-118751.40942368799,-0.7142003625321612,180,66290.22399999999,广誉远,中成药,0.0015312224273546433
300345,2022-11-01,2023-11-01 00:00:00,3700,39.92577736823352,8.00199,-118118.01326246402,-0.7995783544501079,365,67428.159262464,华民股份,电气设备,0.0015230551945430637
000881,2022-05-06,2022-11-01 00:00:00,2000,66.48192156355749,7.48393990866,-117995.96330979498,-0.8874289471084967,179,64175.24424511199,中广核技,化工原料,0.0015214814395393009
002299,2014-08-01,2014-11-03 00:00:00,15800,18.670088326129747,11.20376101401,-117967.971531492,-0.39990851578726805,94,157705.59141336996,圣农发展,农业综合,0.0015211205037076582
600481,2022-05-06,2023-05-05 00:00:00,1700,82.70587293439058,13.32398461806,-117949.210137762,-0.8388991719048812,364,89004.3950796,双良节能,电气设备,0.0015208785877002
600293,2017-11-01,2018-02-01 00:00:00,8100,21.71663581741975,7.18616332332,-117696.82720220798,-0.6690940814343029,92,74807.07856621998,三峡新材,玻璃,0.0015176242733886695
000628,2021-05-07,2021-11-02 00:00:00,7600,23.15814988855789,7.707381903,-117425.83669023997,-0.6671849029352683,179,74116.48223979998,高新发展,建筑工程,0.0015141300264442375
300015,2020-11-03,2021-05-07 00:00:00,3000,69.044456933452,30.01313076606,-117093.97850217599,-0.5653071644116494,185,83331.76051200001,爱尔眼科,医疗保健,0.0015098509302825082
600962,2025-11-03,2026-05-07 00:00:00,4200,50.502652391858334,22.63734,-117034.31204580501,-0.5517593843516737,185,93669.576,国投中鲁,软饮料,0.0015090815700147067
600367,2022-05-06,2022-11-01 00:00:00,900,146.81207631423666,17.21342243691,-116638.788489594,-0.8827519992288211,179,61989.82976986799,红星发展,化工原料,0.001503981550210676
002133,2020-05-07,2020-11-03 00:00:00,20000,8.672759192997898,2.84250646818,-116605.05449635796,-0.6722488881652627,180,58770.917499293995,广宇集团,全国地产,0.0015035465722406634
000888,2021-05-07,2021-11-02 00:00:00,11400,15.754219969031402,5.53302975168,-116521.568477806,-0.6487906248258268,179,64379.18232345599,峨眉山A,旅游景点,0.0015024700741628914
600316,2020-11-03,2021-05-07 00:00:00,2500,76.960995483372,30.5054464176,-116138.87266443,-0.6036245863764726,185,114293.68013863801,洪都航空,航空,0.001497535459785345
000739,2021-11-02,2022-05-06 00:00:00,1100,124.31715641800002,18.79652756709,-116072.69173600103,-0.8488018218186302,185,53915.2657043,普洛药业,化学制药,0.0014966820996242705
300492,2024-05-07,2025-05-07 00:00:00,1200,145.11069711555083,48.57547935654,-115842.261310813,-0.6652522500263394,365,63584.906793408,华图山鼎,文教休闲,0.001493710848700133
600673,2014-05-06,2014-11-03 00:00:00,4400,31.668032325929996,5.37625308528,-115683.82865885997,-0.8302309082564032,181,77273.58530892,东阳光,综合类,0.0014916679623792623
600157,2021-05-07,2021-11-02 00:00:00,38200,4.6795509781963345,1.67762468601,-114673.58436151799,-0.6414987904124476,179,77240.832140472,永泰能源,火力发电,0.0014786415171968055
000737,2024-05-07,2024-11-01 00:00:00,6700,26.923581917321638,9.80876939202,-114669.24391952097,-0.6356811132284965,178,83793.01575645,北方铜业,铜,0.0014785855500115508
000723,2017-11-01,2018-05-03 00:00:00,9300,17.383072103063334,5.05976224293,-114606.78169924002,-0.7089258899157219,183,74633.250900208,美锦能源,焦炭加工,0.001477780140180874
000680,2024-05-07,2024-11-01 00:00:00,7800,24.08477088427666,9.4460423022,-114182.08294019796,-0.6078002008992873,178,67657.4836938,山推股份,工程机械,0.0014723039250532314
600685,2024-05-07,2024-11-01 00:00:00,2600,68.330859436455,24.97699384416,-112720.05053996701,-0.6344697834894406,178,65844.817740702,中船防务,船舶,0.0014534519652186712
600515,2021-05-07,2021-11-02 00:00:00,9800,17.191715251425002,5.715326102850001,-112468.61365603503,-0.667553468675776,179,93837.74399999999,海南机场,机场,0.001450209849629397
300601,2020-08-03,2020-11-03 00:00:00,700,262.40151695186,102.75394865454,-111753.297808124,-0.6084094716823182,92,96985.79101210998,康泰生物,生物制药,0.0014409863155738503
600158,2020-11-03,2021-05-07 00:00:00,6500,28.736112204799998,11.69079107643,-110794.58733440499,-0.593167266569999,185,83298.74559005999,中体产业,文教休闲,0.0014286243656330229
000589,2019-05-07,2019-11-01 00:00:00,14600,10.636048650076164,3.07052368272,-110456.66452339999,-0.7113097369390077,178,74669.82768044801,贵州轮胎,汽车配件,0.0014242670700907068
300251,2024-05-07,2024-11-01 00:00:00,7300,23.41017198437726,8.309611370699999,-110234.09247984401,-0.6450427029649588,178,67881.484725054,光线传媒,影视音像,0.0014213971479024225
600825,2023-05-05,2023-11-01 00:00:00,11700,13.612516453518888,4.2005421531,-110120.09931490097,-0.6914206004860958,180,83818.6122774,新华传媒,出版业,0.0014199272799524502
601999,2026-05-07,2018-10-18,15700,10.990059633419106,3.98055653,-110049.19872367998,-0.6378039189254505,-2758,114253.13899999998,出版传媒,出版业,0.0014190130627998526
600279,2024-05-07,2024-11-01 00:00:00,16900,10.733513599980768,4.28438214918,-108990.32151853298,-0.6008406651492316,178,67646.42021036899,重庆港,港口,0.0014053595278043153
000408,2016-05-04,2016-11-01 00:00:00,2800,51.8172108454,13.2623399844,-107953.63841079999,-0.7440553096543724,181,67110.90802416,藏格矿业,农药化肥,0.0013919921713045126
688212,2023-02-01,2023-05-05 00:00:00,13000,71.14726552933999,62.8556851962,-107790.54433081987,-0.11654109643498067,93,924914.4518814199,澳华内镜,医疗保健,0.0013898891788916537
600809,2022-11-01,2023-05-05 00:00:00,100,1288.2586948931698,212.4648752472,-107579.38196459698,-0.8350759237337662,185,71199.07774979998,山西汾酒,白酒,0.0013871663770946647
300122,2021-05-07,2021-11-02 00:00:00,400,351.6532904034149,82.92951970776,-107489.50827826197,-0.764172490430493,179,72967.27022184599,智飞生物,生物制药,0.0013860075141825271
300191,2025-05-07,2025-11-03 00:00:00,3700,49.36677484333189,20.3483376936,-107368.21745400799,-0.5878131038906929,180,61682.94898365599,潜能恒信,石油开采,0.0013844435476474655
300047,2024-11-01,2025-05-07 00:00:00,2100,68.29447201338665,17.6644762416,-106322.99112075198,-0.7413483738751576,187,68054.768413632,天源迪科,软件服务,0.001370966031793881
000652,2023-05-05,2023-11-01 00:00:00,16500,10.396856014272,3.9629190141,-106159.96050283799,-0.6188348661691563,180,68730.088492065,泰达股份,批发业,0.0013688638576832167
600133,2012-08-01,2013-05-03 00:00:00,3700,32.981280238663516,4.5472136346,-105206.04643503501,-0.8621274370887106,275,39396.72737,东湖高新,环境保护,0.0013565637542867373
002289,2015-11-03,2016-05-04 00:00:00,1000,122.35467127884002,17.347149086399998,-105007.52219244002,-0.8582224208925646,183,112980.868,宇顺电子,元器件,0.0013540039128995041
300150,2023-05-05,2023-11-01 00:00:00,15700,11.421942872467515,4.74525,-104824.07809773997,-0.5845496643624106,180,83496.57089773999,世纪瑞尔,软件服务,0.001351638520241567
600331,2017-11-01,2018-05-03 00:00:00,13300,11.770375298787368,3.90609,-104594.994473872,-0.6681422723706676,183,73356.28299999998,宏达股份,农药化肥,0.0013486846354471996
300383,2026-05-07,2018-10-18,6600,27.476634251430003,11.631987,-104574.67185943802,-0.5766589570775168,-2758,113541.316176288,光环新网,软件服务,0.0013484225885110428
601869,2026-05-07,2018-10-18,300,380.49011,31.92737918,-104568.819246,-0.9160888066709539,-2758,114147.03300000001,长飞光纤,通信设备,0.0013483471228555323
000786,2018-05-03,2018-11-01 00:00:00,2200,59.38086913668,11.8527540813,-104561.853121836,-0.8003943988421943,182,72998.09619102,北新建材,其他建材,0.0013482572992011992
600547,2022-05-06,2022-11-01 00:00:00,900,132.61763740113778,17.051088303540002,-104009.89418783801,-0.871426692273484,179,39056.095178100004,山东黄金,黄金,0.0013411401466316576
300302,2024-11-01,2025-05-07 00:00:00,1800,72.30335574684445,14.54544,-103964.24834432,-0.7988275945181865,187,66907.86534431999,同有科技,IT设备,0.0013405515730757773
002272,2016-05-04,2016-08-02 00:00:00,3000,42.50230185201,7.8619550751,-103921.04033073,-0.815022840351688,90,62062.534093559996,川润股份,机械基件,0.0013399944337561555
603333,2022-05-06,2022-11-01 00:00:00,1900,60.06007374735789,5.3908641396,-103871.49825474,-0.9102421325308954,179,58923.290409983994,福华尚纬,电气设备,0.001339355620808825
600728,2019-05-07,2019-11-01 00:00:00,3800,36.71573789041053,9.47078588385,-103530.81762493002,-0.7420510541795867,178,62132.42795759999,佳都科技,软件服务,0.0013349627649811592
000790,2011-05-04,2011-11-01 00:00:00,4600,30.16524762033391,7.70599495134,-103312.562277372,-0.7445406366846625,181,77014.649183472,华神科技,中成药,0.0013321485037888685
000678,2016-11-01,2017-11-01 00:00:00,6400,24.15708674691812,8.03196,-103200.81118027597,-0.6675112324533632,365,73929.85599999997,襄阳轴承,汽车配件,0.0013307075458500503
600416,2016-05-04,2016-11-01 00:00:00,2600,52.90513688421499,13.3851759255,-102751.89849265898,-0.7469966677376907,181,38894.79578985,湘电股份,电气设备,0.0013249191078134903
300188,2017-05-03,2017-11-01 00:00:00,5400,29.397875803963334,10.3801810284,-102695.55178804201,-0.6469071065671835,182,66398.68585349999,国投智能,软件服务,0.0013241925535920644
300221,2019-05-07,2019-11-01 00:00:00,5700,23.112550780793157,5.1010777560600005,-102665.396240979,-0.7792940379259625,178,73783.09955016,银禧科技,塑料,0.0013238037173652262
000697,2015-05-05,2015-11-03 00:00:00,1900,74.54190937034947,20.65141209582,-102391.944821606,-0.7229556866699405,182,65266.957291536,炼石航空,航空,0.0013202777386154333
603988,2025-11-03,2026-05-07 00:00:00,3400,55.674680808805874,25.68013291125,-101981.46285168998,-0.5387466521911651,185,96200.68391934,中电电机,电气设备,0.0013149848397655546
600150,2021-05-07,2021-11-02 00:00:00,3800,50.95169375717474,24.17937337305,-101734.817459674,-0.525445150296987,179,64719.07830788399,中国船舶,船舶,0.0013118045073577842
600638,2022-05-06,2022-11-01 00:00:00,3200,36.64766024294374,4.86021492,-101719.82503341998,-0.8673799394618705,179,73052.99613611998,新黄浦,区域地产,0.00131161118974217
600038,2013-05-03,2013-11-01 00:00:00,1500,89.95125264191734,22.18837914027,-101644.310252471,-0.7533288476971114,182,38429.0758852,中直股份,航空,0.001310637475604822
603826,2026-05-07,2018-10-18,4500,28.597357717817776,6.07332044,-101358.16775017999,-0.7876265178088122,-2758,114582.18541769999,坤彩科技,染料涂料,0.0013069478535695656
000514,2012-05-03,2012-08-01 00:00:00,7400,17.737908908719998,4.042681062210001,-101344.68606417398,-0.7720880695118121,90,64121.910732879995,渝开发,区域地产,0.0013067740159699015
601099,2022-05-06,2022-11-01 00:00:00,6300,18.65284454430222,2.58741,-101212.237629104,-0.8612860363546877,179,61963.42662910399,太平洋,证券,0.001305066179277845
300075,2022-05-06,2022-11-01 00:00:00,1200,101.47118315083748,17.256731074919998,-101057.34249110098,-0.829934661851062,179,38042.41547105999,数字政通,软件服务,0.0013030689069056733
300438,2026-05-07,2018-10-18,1300,87.08978474195999,9.47103752,-100904.371388548,-0.8912497309752008,-2758,113216.72016454798,鹏辉能源,电气设备,0.001301096443723105
600640,2023-05-05,2023-11-01 00:00:00,5400,28.886671446966663,10.21183945848,-100844.09273782797,-0.646486114634979,180,74845.352974392,国脉文化,影视音像,0.001300319189606113
002812,2020-11-03,2021-05-07 00:00:00,800,249.65117459156872,123.75646422543,-100715.76829291097,-0.5042824676154778,185,113213.09999999999,恩捷股份,电气设备,0.0012986645290931275
600550,2024-11-01,2025-11-03 00:00:00,2700,46.15085938907888,8.871120000000001,-100655.29635051299,-0.8077799608191205,367,39109.57544694199,保变电气,电气设备,0.0012978847826052764
300201,2017-05-03,2017-11-01 00:00:00,6900,22.337115296873186,7.78408760052,-100415.89110483699,-0.6515177767108702,182,62051.927242305006,海伦哲,工程机械,0.0012947978071901256
300317,2020-11-03,2021-05-07 00:00:00,10500,15.025218879146665,5.46453,-100387.23323104,-0.6363094578552755,185,83558.47499999999,珈伟新能,电气设备,0.001294428282488977
600171,2017-11-01,2018-05-03 00:00:00,6200,30.10369966604,13.92426604575,-100312.488445798,-0.5374566515006136,183,72604.111608028,上海贝岭,半导体,0.0012934644969470133
000766,2024-05-07,2024-11-01 00:00:00,3800,41.25963947368421,14.8851,-100223.25,-0.6392333963680449,178,74136.062,通化金马,化学制药,0.0012923138250497171
603618,2026-05-07,2018-10-18,3500,32.65261999999999,4.0382181,-100150.40664999996,-0.8763278995682429,-2758,114284.16999999997,杭电股份,电气设备,0.001291374557282328
688002,2023-05-05,2023-11-01 00:00:00,1300,124.47890445066999,47.44875290085,-100139.19701476597,-0.6188209310626318,180,95719.7204964,睿创微纳,通信设备,0.0012912300163041952
000762,2022-11-01,2023-05-05 00:00:00,800,156.03491320417,30.9617326746,-100058.54442365601,-0.8015717634034448,185,113590.47700000001,西藏矿业,小金属,0.0012901900534361232
300276,2022-05-06,2022-11-01 00:00:00,4800,24.512127617477496,3.67632,-100011.87656389199,-0.8500203630884031,179,58980.34552409999,三丰智能,专用机械,0.0012895883016434153
002554,2025-11-03,2026-05-07 00:00:00,27900,6.924777857165627,3.34665,-99829.767214921,-0.5167137388332319,185,94117.02299999999,惠博普,石油开采,0.001287240119666219
000935,2016-11-01,2017-05-03 00:00:00,2300,64.86757537260002,21.5083238463,-99726.27851049002,-0.6684271961337236,183,73793.395230555,四川双马,水泥,0.0012859056999235683
002791,2021-05-07,2021-08-03 00:00:00,300,547.9956878529466,216.18505854,-99543.18879388398,-0.6054986137080467,88,58905.971796672,坚朗五金,其他建材,0.0012835448767413782
601600,2017-11-01,2018-05-03 00:00:00,9700,14.552248481389174,4.2965289702,-99480.47925853498,-0.7047515388639207,183,73442.720850499,中国铝业,铝,0.0012827362779432555
600718,2023-05-05,2023-11-01 00:00:00,6200,25.277271517239672,9.24940058076,-99372.79980617396,-0.6340823187956937,180,83023.74836755998,东软集团,软件服务,0.0012813478212232836
600480,2024-05-07,2024-11-01 00:00:00,8200,18.441841424103654,6.40120230009,-98733.24081691197,-0.6528978775555694,178,83703.29110142999,凌云股份,汽车配件,0.0012731011227400664
603185,2021-11-02,2022-05-06 00:00:00,200,547.83571337495,54.79250789475,-98608.64109604001,-0.8999836875234002,185,83115.34835604,弘元绿能,电气设备,0.0012714944901285699
000537,2012-05-03,2013-05-03 00:00:00,5400,22.85916099726518,4.6052025876,-98571.37541219198,-0.7985401744118712,365,216067.79818624,绿发电力,新型电力,0.0012710139732980267
600130,2024-11-01,2025-05-07 00:00:00,5100,22.06910588235294,2.75724,-98490.51599999999,-0.8750633571337947,187,64483.419,波导股份,元器件,0.0012699713436062027
603161,2023-11-01,2024-05-07 00:00:00,2800,46.24854739505,11.08181575134,-98466.84860238798,-0.7603856472143795,188,97590.52503199998,科华控股,汽车配件,0.0012696661678596873
000029,2015-11-03,2016-05-04 00:00:00,2300,53.335031584617376,10.5490579824,-98407.73928509996,-0.8022114608545108,183,38162.43318887999,深深房A,区域地产,0.0012689039915391173
600770,2015-05-05,2015-11-03 00:00:00,3500,39.854574605846,11.79819,-98197.34612046099,-0.7039689893398233,182,67092.02499999998,综艺股份,综合类,0.0012661911080978111
600276,2019-11-01,2020-05-07 00:00:00,800,188.04780979609623,65.376710847,-98136.87915927698,-0.6523399505801786,188,73143.262192,恒瑞医药,化学制药,0.0012654114258394845
002709,2021-11-02,2022-05-06 00:00:00,400,280.26843819975,34.992531441,-98110.36270350001,-0.8751463715794481,185,82470.2877999,天赐材料,化工原料,0.001265069513335231
603738,2026-05-07,2018-10-18,2700,42.00349231077999,5.69821392,-98024.25165510597,-0.8643395202037145,-2758,113409.42923910597,泰晶科技,元器件,0.0012639591671996873
002123,2023-05-05,2023-11-01 00:00:00,4900,35.40312133684857,15.40030005423,-98013.82428483099,-0.5650016305708918,180,68134.380560246,梦网科技,互联网,0.0012638247130209886
600191,2019-05-07,2019-11-01 00:00:00,7800,17.768736965979997,5.2175926845000005,-97898.92539554396,-0.7063610826988098,178,59095.79004529199,华资实业,食品,0.0012623431663428626
600279,2022-05-06,2022-11-01 00:00:00,4300,26.45347898355953,3.71315736576,-97783.38295653799,-0.8596344409721052,179,67646.42021036899,重庆港,港口,0.0012608533215083817
600126,2024-05-07,2024-11-01 00:00:00,13300,11.359871640561051,4.04595,-97275.15781946198,-0.643838405219852,178,67929.904934892,杭钢股份,普钢,0.0012543000878936156
002241,2013-05-03,2014-05-06 00:00:00,2500,52.40868637684679,13.527961497,-97201.81219961696,-0.7418755852851063,368,39534.9066112,歌尔股份,元器件,0.0012533543436822419
300686,2022-11-01,2023-05-05 00:00:00,2500,47.94263795921599,9.0909,-97129.34489803998,-0.8103796456145471,185,50225.8281525,智动力,元器件,0.0012524199248154422
002352,2020-11-03,2021-05-07 00:00:00,1000,153.25299830840999,56.1882431124,-97064.75519600998,-0.6333628461915933,185,78455.68130399998,顺丰控股,仓储物流,0.0012515870824870482
600519,2017-11-01,2018-05-03 00:00:00,100,1521.16176019808,551.15384213232,-97000.79180657599,-0.6376757182874813,183,85993.78237449999,贵州茅台,白酒,0.0012507623160534853
002246,2019-05-07,2019-11-01 00:00:00,5300,25.780713817349053,7.48863283104,-96948.02922743798,-0.7095257763576528,178,224766.63707497995,北化股份,化工原料,0.0012500819768062016
002451,2021-11-02,2022-05-06 00:00:00,4300,27.824555633758603,5.32107474885,-96764.96780510701,-0.8087633520948626,185,58508.041882289996,摩恩电气,电气设备,0.0012477215184603428
000735,2018-05-03,2018-11-01 00:00:00,4900,28.72350475463857,8.98515276309,-96717.924758588,-0.6871846649688881,182,62073.147135999985,罗牛山,农业综合,0.0012471149288776965
600505,2025-05-07,2025-11-03 00:00:00,3800,39.332465183327095,13.9094321445,-96607.52554754296,-0.6463625638599392,180,62096.085038987985,西昌电力,水力发电,0.0012456914026329569
000807,2011-11-01,2012-05-03 00:00:00,2300,48.14175395855912,6.162928902,-96551.29763008599,-0.8719837065490985,184,64155.892762962,云铝股份,铝,0.0012449663800949392
600460,2025-11-03,2026-05-07 00:00:00,2900,62.842457419120684,29.5489649565,-96551.12814159998,-0.5297929748445942,185,92234.54275035,士兰微,半导体,0.0012449641946508066
002685,2016-11-01,2017-05-03 00:00:00,7800,22.101677243799998,9.7551521829,-96302.89547501998,-0.5586238964901846,183,74029.25984454,华东重机,机床制造,0.0012417633953667054
603268,2026-05-07,2018-10-18,700,151.15099999999998,13.7060014,-96211.49901999999,-0.9093224563515954,-2758,105805.69999999998,松发股份,船舶,0.001240584897339722
300057,2026-05-07,2018-10-18,11800,12.62435867200983,4.49505875,-95925.73907971599,-0.6439376552278853,-2758,114444.41798789999,万顺新材,铝,0.001236900208193497
000888,2012-08-01,2012-11-01 00:00:00,2200,52.37223878340999,8.79160871088,-95877.38615956598,-0.8321322724575806,92,64379.18232345599,峨眉山A,旅游景点,0.0012362767286396871
600256,2018-11-01,2019-05-07 00:00:00,4900,22.096671516919997,2.54628680436,-95796.88509154398,-0.8847660471211584,187,59084.929623719996,广汇能源,石油开采,0.0012352387195635884
002232,2019-05-07,2019-11-01 00:00:00,5000,27.827966607641194,8.686779475049999,-95705.93566295598,-0.6878399490150056,178,61824.06300470399,启明信息,软件服务,0.0012340659856525983
300720,2026-05-07,2018-10-18,1800,61.57466599283999,8.4641409,-95598.94516711199,-0.8625385820040952,-2758,110834.39878711198,海川智能,电器仪表,0.0012326864125802013
603929,2024-05-07,2024-11-01 00:00:00,2600,62.33486203559999,25.6067673003,-95493.04631177998,-0.5892063210844078,178,102607.8885832,亚翔集成,装修装饰,0.0012313209155043981
600127,2016-11-01,2017-05-03 00:00:00,11000,15.131752999999996,6.473520000000001,-95240.56299999995,-0.5721896861520273,183,438878.4399999999,金健米业,农业综合,0.0012280653069065162
600288,2021-08-03,2021-11-02 00:00:00,7400,23.805142996634995,10.93650788466,-95227.89982861497,-0.540582138649369,91,94021.92799999999,大恒科技,元器件,0.001227902023522174
600150,2019-05-07,2020-05-07 00:00:00,1900,68.23398454714948,18.1606895316,-95139.260529544,-0.7338468557548325,366,64719.07830788399,中国船舶,船舶,0.001226759077233442
002670,2025-11-03,2026-05-07 00:00:00,4500,33.97189256527734,12.83715,-95106.34154374801,-0.6221243789896813,185,93693.59999999999,国盛证券,证券,0.0012263346082559267
600692,2021-05-07,2022-11-01 00:00:00,10000,14.829270196140397,5.3239341366,-95053.36059540397,-0.6409847506868102,543,114041.928,亚通股份,区域地产,0.0012256514532793194
002190,2022-05-06,2022-11-01 00:00:00,700,161.74119383279,26.03585790018,-94993.73515282701,-0.8390276633725346,179,37443.2274216,成飞集成,汽车配件,0.0012248826218577988
000514,2008-05-06,2008-11-03 00:00:00,1000,98.05509038925598,3.07646727318,-94978.62311607598,-0.9686251140969109,181,64121.910732879995,渝开发,区域地产,0.00122468776194238
600763,2020-11-03,2021-05-07 00:00:00,500,403.215984843672,214.012434339,-94601.775252336,-0.4692362347143225,185,79521.244803,通策医疗,医疗保健,0.0012198285530836408
000420,2017-11-01,2018-05-03 00:00:00,22700,6.856541321585904,2.6973000000000003,-94414.778,-0.6066092402144059,183,74814.73999999999,吉林化纤,化纤,0.001217417344761818
300343,2021-11-02,2022-05-06 00:00:00,1200,89.4921610583,11.34864,-93772.22526995999,-0.8731884461633809,185,74838.07326996,联创股份,化工原料,0.0012091320439323783
601766,2024-05-07,2024-11-01 00:00:00,10100,17.370399020033467,8.09676125388,-93663.74143815001,-0.5338759204931378,178,68215.121156182,中国中车,运输设备,0.0012077332152609632
000968,2018-11-01,2019-05-07 00:00:00,1200,88.45255106104084,10.69893099936,-93304.344074017,-0.8790432738115523,187,59033.643917247995,蓝焰控股,石油开采,0.0012030990192799357
300191,2021-11-02,2022-05-06 00:00:00,1400,86.41008424048,19.77993994032,-93282.202020224,-0.7710922270915481,185,61682.94898365599,潜能恒信,石油开采,0.0012028135118529494
300164,2023-11-01,2024-05-07 00:00:00,6200,19.555946331211608,4.515479999999999,-93250.89125351197,-0.7690993867786792,188,74455.91266112999,通源石油,石油开采,0.0012024097798177696
002468,2022-11-01,2023-05-05 00:00:00,2800,43.854531571207495,10.57080486375,-93194.434780881,-0.7589575242278903,185,61996.23493163099,申通快递,仓储物流,0.0012016818102089757
300620,2026-05-07,2018-10-18,400,247.49117657264,14.89803378,-93037.257117056,-0.939803778113167,-2758,98996.470629056,光库科技,通信设备,0.0011996551061462949
000815,2020-05-07,2020-11-03 00:00:00,7700,17.706813144799995,5.67432,-92650.19721495996,-0.6795403016004384,180,113533.41999999997,美利云,通信设备,0.0011946642196743326
600478,2025-11-03,2026-05-07 00:00:00,12500,14.916789428420877,7.55244,-92054.36785526096,-0.4936953399898253,185,93968.87499999999,科力远,电气设备,0.0011869813864104988
603991,2026-05-07,2018-10-18,900,118.61849999999998,16.63454871,-91785.55616099999,-0.8597642972217656,-2758,106756.64999999998,领先股份,半导体,0.0011835152339076762
002265,2022-05-06,2023-05-05 00:00:00,1200,89.42933547047501,13.19488735455,-91481.33773911001,-0.852454596859816,364,73648.7383632,建设工业,专用机械,0.0011795925346094274
000915,2013-11-01,2014-05-06 00:00:00,1600,72.02233372334,14.96564041896,-91290.709287008,-0.7922083380906867,186,39796.11139504,华特达因,化学制药,0.0011771345043210535
300763,2022-11-01,2023-05-05 00:00:00,100,1021.9712052049499,110.247980661,-91172.32245439499,-0.89212222409056,185,83724.73861752,锦浪科技,电气设备,0.001175607982875285
002246,2026-02-03,2026-05-07 00:00:00,10900,33.156368835498164,24.79940223354,-91090.93596134397,-0.2520470997116836,93,224766.63707497995,北化股份,化工原料,0.0011745585568175374
600547,2012-11-01,2013-05-03 00:00:00,800,128.978570625905,15.38935586937,-90871.371805228,-0.8806828468117704,183,39056.095178100004,山东黄金,黄金,0.0011717274193875095
300345,2019-11-01,2020-05-07 00:00:00,4000,29.329499815616,6.66333,-90664.67926246401,-0.7728113318709846,188,67428.159262464,华民股份,电气设备,0.0011690622530658367
300077,2022-05-06,2022-11-01 00:00:00,1100,97.35319588085,14.94504,-90648.971468935,-0.8464863955951569,179,65525.464339335,国民技术,半导体,0.0011688597112530482
000797,2022-05-06,2022-11-01 00:00:00,4800,21.40376141424354,2.5783402788000003,-90362.021450129,-0.8795379826517691,179,73194.17027422499,中国武夷,全国地产,0.0011651596768159165
603027,2020-11-03,2021-05-07 00:00:00,4600,33.892329533671294,14.255057633040002,-90331.45074290394,-0.5794016572723952,185,82517.75320588799,千禾味业,食品,0.001164765487367974
002747,2025-11-03,2026-05-07 00:00:00,3700,47.82813879357026,23.43654,-90248.91553620997,-0.5099842772232092,185,93296.203,埃斯顿,机械基件,0.0011637012493926145
600202,2019-05-07,2019-11-01 00:00:00,8500,15.325769179426585,4.735283976,-90019.12422912597,-0.6910247100447867,178,66778.89380562399,哈空调,专用机械,0.001160738239482031
300887,2022-08-02,2022-11-01 00:00:00,20000,23.44799152696,18.954515511,-89869.52031919998,-0.1916358597619543,91,468959.8305392,谱尼测试,电器仪表,0.0011588091940651355
300222,2017-05-03,2017-11-01 00:00:00,2500,60.945769188704396,25.05546077868,-89725.771025061,-0.5888892516705861,182,62317.0214667,科大智能,电气设备,0.0011569556401227424
002311,2017-05-03,2017-11-01 00:00:00,3900,40.717730596619994,17.86347416448,-89131.60008534598,-0.5612851231457664,182,66725.230572,海大集团,饲料,0.0011492941911093002
002075,2017-05-03,2017-11-01 00:00:00,3900,37.60655929338,14.86161059292,-88705.299931794,-0.6048133391576683,182,62117.921035169995,沙钢股份,特种钢,0.0011437973270377792
002785,2021-11-02,2022-05-06 00:00:00,1200,98.5899261347,24.79518,-88553.69536163998,-0.7485018908917407,185,91591.5,万里石,其他建材,0.0011418424844044507
000554,2021-11-02,2022-05-06 00:00:00,7200,16.927441950446802,4.63861528146,-88479.55201670497,-0.7259706874175655,185,38121.175412319986,泰山石油,石油贸易,0.001140886454045278
603288,2020-11-03,2021-05-07 00:00:00,900,181.8406413824,83.67394549679999,-88350.02629704002,-0.5398501409767981,185,76766.3989092,海天味业,食品,0.0011392163038733117
600637,2015-11-03,2016-05-04 00:00:00,1300,83.45850098585998,15.50378015055,-88341.13708590298,-0.8142336614316049,183,39680.32480612199,东方明珠,影视音像,0.0011391016832593705
002614,2021-05-07,2021-11-02 00:00:00,4600,28.468317873647823,9.28905399765,-88224.61382958999,-0.6737055544033892,179,66632.81985359998,奥佳华,家用电器,0.0011375991914216671
600490,2017-11-01,2018-05-03 00:00:00,7100,20.950856132967324,8.54225403516,-88101.07489443201,-0.5922718393489279,183,73248.14210714001,鹏欣资源,铜,0.00113600623695415
600406,2017-05-03,2017-08-01 00:00:00,7400,20.313062471864324,8.470071649800001,-87638.13208327598,-0.583023403707249,90,63824.166566160005,国电南瑞,电气设备,0.0011300368895715387
600506,2024-05-07,2024-11-01 00:00:00,6700,23.224250207367163,10.1596066236,-87533.11201124,-0.562543180818075,178,67535.94654807,统一股份,石油加工,0.0011286827238365439
002967,2025-05-07,2025-11-03 00:00:00,3500,46.030729291975994,21.035398545,-87483.65761441598,-0.5430140067611995,180,99738.02642403598,广电计量,电器仪表,0.0011280450414552085
002041,2021-11-02,2022-05-06 00:00:00,1500,79.68452536644601,21.46384994472,-87331.01313258903,-0.7306396713036316,185,54750.309790176005,登海种业,种植业,0.001126076789835125
600727,2018-05-03,2018-11-01 00:00:00,4600,24.148200691397385,5.2237785724200005,-87052.34174729596,-0.7836783518914131,182,46304.13582995199,鲁北化工,化工原料,0.0011224835030093636
300666,2022-11-01,2023-05-05 00:00:00,300,359.26258501466657,69.77879672463,-86845.13648701097,-0.8057721576495884,185,82111.36735801998,江丰电子,半导体,0.0011198117255276983
600157,2012-05-03,2013-05-03 00:00:00,9200,12.409274307865218,2.97006620076,-86840.714585368,-0.7606575431346925,365,77240.832140472,永泰能源,火力发电,0.0011197547079731267
300065,2025-05-07,2025-11-03 00:00:00,3700,43.583777653632424,20.11986,-86816.49531843998,-0.5383635590311631,180,68029.962,海兰信,船舶,0.0011194424162296076
600503,2020-11-03,2021-02-02 00:00:00,23400,7.186188629406109,3.47652,-86806.24592810296,-0.5162219948173958,91,83855.77199999998,华丽家族,区域地产,0.0011193102569868087
300033,2020-11-03,2021-05-07 00:00:00,900,165.21540811331113,69.012524394,-86582.59534738002,-0.5822876014889087,185,81937.953332235,同花顺,软件服务,0.0011164264277610685
300131,2016-08-02,2016-11-01 00:00:00,34600,12.382152660796992,9.88851965193,-86279.70210679791,-0.20138929612474077,91,360764.444244204,英唐智控,元器件,0.001112520815816551
002564,2025-11-03,2026-05-07 00:00:00,10500,14.472553333333334,6.27372,-86087.75,-0.5665091117301118,185,93438.345,天沃科技,化工机械,0.0011100457178591172
600797,2015-11-03,2016-05-04 00:00:00,2100,51.7394673224,10.83357783774,-85902.367917786,-0.7906128841599085,183,77329.298862816,浙大网新,软件服务,0.0011076553361087586
600540,2017-05-03,2017-11-01 00:00:00,9600,14.404962291719997,5.48451,-85636.34200051197,-0.6192624535259972,182,64229.826484824,新赛股份,种植业,0.0011042251043939142
002103,2016-05-04,2016-11-01 00:00:00,2100,55.91838344091999,15.14142167175,-85631.61971525697,-0.7292228290585775,181,66668.3096079,广博股份,文教休闲,0.001104164213587431
300604,2024-11-01,2025-05-07 00:00:00,700,164.84716428466,42.69187034505,-85508.705757727,-0.7410215060094745,187,54922.78106515199,长川科技,半导体,0.0011025793178011984
600580,2017-11-01,2018-05-03 00:00:00,11200,14.195297338364997,6.579017926470001,-85302.32941322395,-0.5365353912884105,183,73577.630430304,卧龙电驱,电气设备,0.0010999182286510808
000923,2016-05-04,2016-11-01 00:00:00,2400,52.73199672615875,17.213704524540002,-85243.901283885,-0.673562436599318,181,37642.691267181006,河钢资源,普钢,0.001099164835807439
600283,2015-05-05,2015-11-03 00:00:00,5600,22.8707562798,7.73175314736,-84778.41754166399,-0.6619371457257464,182,66710.24215856,钱江水利,水务,0.0010931627247662576
000897,2020-11-03,2021-05-07 00:00:00,36400,4.40131221871,2.0782480716,-84559.53495480401,-0.5278117142507279,185,83870.93969254,津滨发展,区域地产,0.0010903403757298634
600103,2016-11-01,2017-05-03 00:00:00,15600,8.763426440999998,3.3440271255,-84542.62932179996,-0.6184110007639418,183,74573.66603887198,青山纸业,造纸,0.0010901223885537107
002016,2018-05-03,2018-11-01 00:00:00,3300,33.04431565435,7.484006502,-84349.02020275501,-0.7735160691392683,182,41196.259479375,世荣兆业,区域地产,0.0010876259244977408
300722,2024-11-01,2025-05-07 00:00:00,1000,114.15036232599998,29.91348700956,-84236.87531643998,-0.7379466310923253,187,80583.34283999998,新余国科,航空,0.0010861798889022722
300277,2020-11-03,2021-05-07 00:00:00,6600,20.313058506346664,7.554374463599999,-84207.314682128,-0.6281025596790513,185,83752.40095622398,汽轮科技,机械基件,0.0010857987236896232
000798,2022-11-01,2023-05-05 00:00:00,3300,37.19368338443333,11.67831,-84200.73216862998,-0.6860136201275584,185,62026.71787812499,中水渔业,渔业,0.0010857138464460988
000807,2008-11-03,2009-05-05 00:00:00,2700,36.0898318098837,5.0696426826,-83754.51064366598,-0.8595271180728637,183,64155.892762962,云铝股份,铝,0.0010799601092070276
600685,2022-11-01,2023-05-05 00:00:00,1100,101.65037890370999,25.59106747584,-83665.242570657,-0.7482442490442504,185,65844.817740702,中船防务,船舶,0.0010788090552860557
000960,2017-05-03,2018-05-03 00:00:00,5300,29.041962838190187,13.30136180352,-83425.185483752,-0.5419950821633617,365,58948.55494528,锡业股份,小金属,0.0010757136748009036
000882,2015-05-05,2016-05-04 00:00:00,10400,12.396365094093749,4.40027779752,-83159.307884367,-0.6450348336693864,365,67584.154085448,华联股份,其他商业,0.0010722853555490707
002073,2021-05-07,2021-11-02 00:00:00,15000,12.569030392385132,7.0261524144,-83143.16966977698,-0.44099487430177986,179,72911.76244352,软控股份,专用机械,0.0010720772637357809
000799,2015-05-05,2015-11-03 00:00:00,3900,35.861040772736665,14.54572113858,-83129.746573211,-0.5943865313123211,182,66862.31489437498,酒鬼酒,白酒,0.001071904181608957
300513,2023-05-05,2023-11-01 00:00:00,5300,28.161668719146224,12.56368309065,-82669.32383102998,-0.5538729179741984,180,68305.646514105,恒实科技,软件服务,0.0010659673288817922
002378,2021-05-07,2021-11-02 00:00:00,6700,18.34369373254328,6.03296924175,-82481.85408831498,-0.6711148076438391,179,63821.04438709999,章源钨业,小金属,0.0010635500281028902
600515,2015-11-03,2016-11-01 00:00:00,2500,41.5951778398156,8.650771698869999,-82361.015352364,-0.79202464929506,364,93837.74399999999,海南机场,机场,0.0010619918909533666
600313,2022-11-01,2023-02-01 00:00:00,3200,36.82359896121156,11.12931838116,-82221.697856165,-0.6977666850846611,92,38385.93469711,农发种业,种植业,0.0010601954821718785
300289,2022-05-06,2022-11-01 00:00:00,2800,35.604873012279995,6.24043204128,-82220.43471879998,-0.8247309563742105,179,83302.70231483199,利德曼,医疗保健,0.0010601791948345615
000975,2024-05-07,2024-11-01 00:00:00,3800,38.84290202397869,17.353025604,-81661.53039591902,-0.5532510523212826,178,67812.2445,山金国际,黄金,0.001052972485978691
600408,2018-11-01,2019-05-07 00:00:00,4800,19.709186079082496,2.6973000000000003,-81657.05317959597,-0.8631450335301941,187,38339.30099999999,安泰集团,焦炭加工,0.0010529147551771852
300603,2024-11-01,2025-05-07 00:00:00,3200,36.39341951245,10.92906,-81485.95043984,-0.6996968093019886,187,82889.40643984,立昂技术,通信设备,0.0010507084962892474
000932,2017-11-01,2018-05-03 00:00:00,16800,9.364962900865,4.515020090369999,-81479.03921631603,-0.5178816896377703,183,73274.031806976,华菱钢铁,普钢,0.0010506193805430704
600343,2015-05-05,2015-11-03 00:00:00,2600,57.23225473965999,25.89455856096,-81478.01006461999,-0.5475530593936926,182,67615.364985168,航天动力,机械基件,0.001050606110299241
300011,2023-05-05,2023-11-01 00:00:00,9200,15.779928693441954,6.93306,-81391.191979666,-0.560640600177025,180,68055.98799999998,鼎汉技术,运输设备,0.0010494866473856916
002480,2016-11-01,2017-05-03 00:00:00,6200,21.99978006839516,8.88621714774,-81304.090108062,-0.596077000764843,183,74717.96790457999,新筑股份,运输设备,0.0010483635252272947
600391,2025-05-07,2025-11-03 00:00:00,2400,60.45082228894041,26.62335,-81185.93349345699,-0.5595866360138695,180,61069.007999999994,航发科技,航空,0.0010468399722934683
600604,2016-05-04,2017-05-03 00:00:00,2400,41.252839743115004,7.575309627479999,-80826.07227752401,-0.8163687718311732,364,34793.995811575,市北高新,园区开发,0.0010421997952442367
000936,2019-05-07,2019-11-01 00:00:00,4700,23.722030734316807,6.5325924684,-80790.35984980899,-0.7246191718759638,178,67099.20219502499,华西股份,化纤,0.0010417393066444137
000888,2010-05-05,2010-11-02 00:00:00,1700,55.713668128942345,8.33264019882,-80547.74748120799,-0.8504381334301101,181,64379.18232345599,峨眉山A,旅游景点,0.0010386109774586099
601949,2023-05-05,2023-11-01 00:00:00,6400,20.664935223588905,8.10554481153,-80380.098637177,-0.6077633574056613,180,68067.502286784,中国出版,出版业,0.0010364492543165759
002640,2016-11-01,2017-05-03 00:00:00,3700,38.26124868782432,16.58404173762,-80205.66571575598,-0.566557749514917,183,73787.88287870999,跨境通,互联网,0.0010342000548953219
600189,2013-11-01,2014-05-06 00:00:00,4600,22.472868138372828,5.1107976864,-79865.524079075,-0.7725791983946535,186,76933.95941731501,泉阳泉,软饮料,0.0010298141490345772
000525,2017-11-01,2018-05-03 00:00:00,3900,37.19552380749333,16.76990578752,-79659.910277896,-0.5491418302290028,183,72348.79134483001,红太阳,农药化肥,0.0010271628923861982
600359,2021-11-02,2022-05-06 00:00:00,4400,26.425489999999996,8.3916,-79349.11599999998,-0.682442974567359,185,55145.08999999999,新农开发,种植业,0.0010231554016884672
300308,2017-11-01,2019-05-07 00:00:00,3000,48.89706848025999,22.5250258266,-79116.12796097997,-0.5393379086581954,552,74118.19531115999,中际旭创,通信设备,0.0010201511719922962
002903,2025-05-07,2025-11-03 00:00:00,2900,50.52055306781242,23.25672,-79065.11589665602,-0.5396582462432049,180,83826.5972544,宇环数控,机床制造,0.0010194934044985243
300283,2016-11-01,2017-05-03 00:00:00,7500,18.209558166799997,7.670998982339999,-79039.19388344999,-0.5787377753994105,183,74516.58434219999,温州宏丰,电气设备,0.0010191591569457931
600010,2015-05-05,2015-11-03 00:00:00,13900,8.369261085004963,2.69976850902,-78805.94680619099,-0.6774185341335424,182,67545.99150499198,包钢股份,普钢,0.0010161515871194879
300144,2023-05-05,2024-05-07 00:00:00,5400,24.488565557752597,9.89874970164,-78785.00562300802,-0.5957807459854974,368,68439.05912844,宋城演艺,旅游景点,0.0010158815641403863
600215,2019-05-07,2019-11-01 00:00:00,5500,20.767535997389995,6.4488807639,-78752.60378419497,-0.6894729945473321,178,74697.91768939499,派斯林,专用机械,0.0010154637634379033
600135,2013-05-03,2013-11-01 00:00:00,4100,26.961414816433653,7.76256355611,-78715.29016732698,-0.7120861939567606,182,36918.133858605994,乐凯胶片,塑料,0.0010149826285421467
600011,2024-05-07,2024-08-01 00:00:00,8100,16.72780765161679,7.0599786543,-78309.41487826599,-0.5779495555343959,86,67811.15899958399,华能国际,火力发电,0.0010097491298549702
603829,2026-05-07,2018-10-18,3900,28.690403641899994,8.62597034,-78251.28987740999,-0.6993430121212212,-2758,111892.57420340998,洛凯股份,电气设备,0.0010089996456565707
002407,2025-11-03,2026-05-07 00:00:00,3300,60.990736333799994,37.310822429400005,-78143.71588451996,-0.3882542715142955,185,91493.93661408,多氟多,化工原料,0.0010076125487680984
300380,2024-11-01,2025-05-07 00:00:00,700,160.80531960778998,49.59482398155,-77847.34693836798,-0.6915846807648305,187,82020.53564705,安硕信息,软件服务,0.0010037910633699735
600798,2017-05-03,2017-11-01 00:00:00,11000,12.822145250823997,5.7473693075700005,-77822.53537579396,-0.5517622679246552,182,67008.41391644398,宁波海运,水运,0.0010034711343581376
000560,2024-11-01,2025-05-07 00:00:00,9600,11.34481355632625,3.26673,-77549.602140732,-0.7120507989152134,187,42229.27053545199,我爱我家,房产服务,0.00099995183725905
600610,2021-05-07,2022-05-06 00:00:00,7600,23.392399269713156,13.23675,-77182.93444981998,-0.4341431228416993,364,66516.44999999998,中毅达,化工原料,0.0009952238951282106
603999,2025-05-07,2025-11-03 00:00:00,10200,14.43335624083294,6.86834313165,-77163.13371366599,-0.5241340255831146,180,68326.65513273599,读者传媒,出版业,0.0009949685774740939
002297,2021-11-02,2022-05-06 00:00:00,3300,29.815543333333334,6.44355,-77127.57800000001,-0.7838862123704381,185,64036.973,博云新材,航空,0.0009945101096003215
002767,2023-05-05,2023-11-01 00:00:00,5300,29.47934015819245,14.96014671816,-76951.72523217199,-0.49252097781427095,180,88451.62145820001,先锋电子,电器仪表,0.0009922426021802626
300164,2018-11-01,2019-05-07 00:00:00,1900,46.763422765006304,6.283189281239999,-76912.44361915598,-0.8656388067910676,187,74455.91266112999,通源石油,石油开采,0.0009917360912502055
600629,2014-05-06,2014-11-03 00:00:00,3600,28.276469208209438,6.95021766516,-76774.50555497798,-0.7542048968708526,181,67021.480009484,华建集团,建筑工程,0.0009899574693502191
300143,2020-11-03,2021-05-07 00:00:00,4800,32.89441547392,16.99004342952,-76340.98581311999,-0.4834976337247767,185,83045.38443801599,盈康生命,医疗保健,0.0009843675133685973
002488,2024-11-01,2025-05-07 00:00:00,2900,40.63736172496,14.32930177458,-76293.373856102,-0.6473860219675935,187,83743.878524306,金固股份,汽车配件,0.000983753588053942
002741,2024-11-01,2025-05-07 00:00:00,2600,45.03935350992,15.72510621294,-76217.042972148,-0.650858527321523,187,82898.264921472,光华科技,化工原料,0.000982769350797497
300251,2018-05-03,2018-11-01 00:00:00,4000,25.753192690225,6.70434846048,-76195.37691898001,-0.7396692308746351,182,67881.484725054,光线传媒,影视音像,0.0009824899810899365
002785,2025-11-03,2026-05-07 00:00:00,2500,83.959764544656,53.56638,-75983.46136163999,-0.3619994018502821,185,91591.5,万里石,其他建材,0.0009797574673818536
300368,2023-05-05,2023-11-01 00:00:00,10400,14.49257466965,7.212779999999999,-75709.86456436002,-0.5023120346514531,180,82118.24056436,汇金股份,IT设备,0.0009762296140782117
000629,2018-11-01,2019-05-07 00:00:00,3700,23.713130479416762,3.38661,-75208.12577384201,-0.8571841873455042,187,39809.315382837005,钒钛股份,小金属,0.0009697600176966321
002180,2016-11-01,2017-05-03 00:00:00,2100,60.50874875855334,24.75090490941,-75091.47208320102,-0.5909532849840778,183,71649.899779458,奔图科技,IT设备,0.0009682558439928415
601155,2021-05-07,2021-11-02 00:00:00,1500,81.60360374032534,31.59837,-75007.850610488,-0.6127821744178032,179,63406.0221795,新城控股,区域地产,0.00096717759932149
601991,2024-05-07,2024-11-01 00:00:00,22400,6.207224515992501,2.8646029296,-74874.72353519202,-0.5385050239089079,178,67955.632256512,大唐发电,火力发电,0.0009654610120037424
300579,2023-05-05,2023-11-01 00:00:00,2100,62.524342785666676,26.87675879754,-74859.92637506602,-0.5701392833560286,180,66719.771118,数字认证,软件服务,0.0009652702122182404
000831,2015-05-05,2015-11-03 00:00:00,1800,59.43167196188444,17.8635052134,-74822.700147272,-0.6994278534708485,182,64419.52494978,中国稀土,小金属,0.0009647902041479309
600995,2021-11-02,2022-05-06 00:00:00,1900,51.57729914495052,12.21187917672,-74794.297939638,-0.7632315111654008,185,39683.504532672,南网储能,水力发电,0.0009644239760961828
600771,2018-05-03,2018-11-01 00:00:00,1100,90.89237947608001,23.0718572478,-74602.57445110801,-0.7461629084771426,182,66290.22399999999,广誉远,中成药,0.0009619518260230804
300132,2018-11-01,2019-05-07 00:00:00,1200,74.5537671879,12.5024898951,-74461.53275135999,-0.8323023722786588,187,74872.84080276,青松股份,化工原料,0.0009601331847547831
600688,2024-11-01,2025-05-07 00:00:00,11700,9.262992449308888,2.90729178801,-74361.69773719698,-0.6861390307808236,187,67733.10331787998,上海石化,石油加工,0.0009588458769791234
600326,2017-05-03,2017-11-01 00:00:00,7700,16.835300017899996,7.236728717309999,-73908.99901454298,-0.5701455448007695,182,59140.820994254995,西藏天路,水泥,0.0009530086204755863
600812,2024-11-01,2025-05-07 00:00:00,6100,18.101512937048525,5.98627511262,-73902.950729014,-0.6692942112939169,187,61985.169229984,华北制药,化学制药,0.0009529306317553348
600026,2019-05-07,2019-11-01 00:00:00,7200,15.40869772553222,5.1512122513800005,-73853.89541389598,-0.6656945094818467,178,61987.30537999999,中远海能,水运,0.0009522980952738379
000703,2018-11-01,2019-05-07 00:00:00,1600,55.48256473447187,9.45269729055,-73647.787910275,-0.8296276075954913,187,39805.90135521999,恒逸石化,化纤,0.0009496404726525811
002241,2012-08-01,2012-11-01 00:00:00,2400,40.266051739246656,9.58187280573,-73642.02944043998,-0.7620359486005749,92,39534.9066112,歌尔股份,元器件,0.0009495662209177897
002077,2015-05-05,2015-11-03 00:00:00,3900,30.265965463066664,11.3886,-73621.72530595999,-0.6237159520353837,182,66558.33939955199,大港股份,半导体,0.0009493044122686572
002638,2021-05-07,2021-08-03 00:00:00,35100,3.963902962962963,1.86813,-73561.631,-0.5287144974397662,88,74484.41,勤上股份,家用电器,0.0009485295351578185
002190,2015-11-03,2016-05-04 00:00:00,700,139.4214169634,34.8094601955,-73228.36973752998,-0.7503291750030201,183,37443.2274216,成飞集成,汽车配件,0.0009442323472613622
002353,2019-11-01,2020-05-07 00:00:00,1700,66.52789529680412,23.4699689376,-73198.47481064699,-0.6472161214045282,188,48407.90475521,杰瑞股份,化工机械,0.000943846871562762
603615,2026-05-07,2018-10-18,5400,20.86763935256,7.31721384,-73172.297767824,-0.6493511452649128,-2758,112685.25250382401,茶花股份,家居用品,0.0009435093355684784
002313,2017-11-01,2018-05-03 00:00:00,2700,54.07865112983667,27.10704475107,-72823.33722267002,-0.49874776488065364,183,73971.44530776,日海智能,通信设备,0.0009390097156010619
600550,2022-05-06,2022-11-01 00:00:00,3900,23.412834961669997,4.77522,-72686.69835051299,-0.7960426403800442,179,39109.57544694199,保变电气,电气设备,0.0009372478459398034
300074,2019-11-01,2020-05-07 00:00:00,11200,11.003272704709998,4.515479999999999,-72663.27829275199,-0.5896239127048875,188,50562.511999999995,华平股份,软件服务,0.0009369458594802942
300085,2023-05-05,2023-11-01 00:00:00,4900,26.722211378719997,11.95803,-72344.48875572799,-0.5525059722593664,180,68325.257,银之杰,软件服务,0.0009328352751001497
000928,2011-05-04,2012-05-03 00:00:00,7300,14.704340411034245,4.824104067,-72125.72531144999,-0.6719265242676267,365,38327.360296225,中钢国际,建筑工程,0.0009300144623300994
000877,2019-05-07,2019-11-01 00:00:00,4700,24.152780682668936,8.8415940555,-71962.577147694,-0.6339305949213387,178,74566.5569649,天山股份,水泥,0.0009279107725420179
000524,2016-05-04,2017-05-03 00:00:00,2700,39.07109791028889,12.49147753848,-71764.97500388401,-0.6802885455852388,364,39495.064108499995,岭南控股,旅游服务,0.000925362821020738
002395,2016-05-04,2016-11-01 00:00:00,1800,54.67018901677666,14.88945340224,-71605.324106166,-0.7276494983825488,181,67389.818093598,双象股份,塑料,0.0009233042262106257
600962,2021-11-02,2023-05-05 00:00:00,4100,28.888186352635362,11.42856,-71584.46804580498,-0.6043863792453896,549,93669.576,国投中鲁,软饮料,0.0009230353008351205
600519,2012-05-03,2012-08-01 00:00:00,200,505.0318375101999,147.33015831405,-71540.33583922999,-0.7082755038961788,90,85993.78237449999,贵州茅台,白酒,0.000922466244646194
600787,2021-05-07,2021-08-03 00:00:00,13400,10.234437213298804,4.90163422923,-71459.55998652197,-0.5210646050121123,88,72895.76829334798,中储股份,仓储物流,0.0009214246923997367
002213,2020-05-07,2022-05-06 00:00:00,3000,33.016129686540005,9.25779661632,-71274.99921066001,-0.7195977631474408,729,112748.63599999998,大为股份,半导体,0.000919044900862261
002609,2025-05-07,2025-11-03 00:00:00,5900,21.827463494616442,9.7513923465,-71248.81977388701,-0.5532512355865309,180,66509.09108543699,捷顺科技,软件服务,0.0009187073339995444
000661,2018-11-01,2019-05-07 00:00:00,100,847.78392915216,136.12735859778,-71165.657055438,-0.8394315415557401,187,76439.43034728,长春高新,生物制药,0.0009176350046669757
002383,2022-05-06,2022-11-01 00:00:00,2800,32.384558505942486,6.98301,-71124.33581663897,-0.7843722341090852,179,74420.52381663898,合众思壮,通信设备,0.0009171021940849184
000603,2018-05-03,2018-11-01 00:00:00,3800,26.370711325906317,7.66882380969,-71067.172561622,-0.7091916211544804,182,61759.78607798998,盛达资源,铅锌,0.0009163651109755275
300223,2020-05-07,2020-11-03 00:00:00,500,215.190006105074,73.13656567455,-71026.720215262,-0.6601302867251255,180,57879.643633812,北京君正,半导体,0.0009158435041980908
603899,2019-11-01,2020-05-07 00:00:00,1100,110.705163569,46.17198915264,-70986.49185799599,-0.5829283145960753,188,73321.8933447,晨光股份,文教休闲,0.000915324785614789
300448,2024-11-01,2025-05-07 00:00:00,5000,20.47525063584,6.28848833688,-70933.81149479999,-0.6928736820504364,187,68584.98366720001,浩云科技,软件服务,0.0009146455064887694
000025,2015-11-03,2016-11-01 00:00:00,500,187.18891922931198,45.33570179712,-70926.60871609599,-0.7578077699055337,364,38224.707480959994,特力A,综合类,0.0009145526313275872
600133,2010-11-02,2011-05-04 00:00:00,4000,25.23944249827,7.51315936995,-70905.13251328001,-0.7023246701877437,183,39396.72737,东湖高新,环境保护,0.000914275709617219
600722,2013-02-01,2013-05-03 00:00:00,56500,6.156149999999999,4.90509,-70684.88999999994,-0.20322116907482746,91,347822.475,金牛化工,化工原料,0.0009114358252113998
600516,2011-02-01,2011-05-04 00:00:00,26600,7.284492716854737,4.62795952788,-70663.782826728,-0.36468334752097353,92,125940.44174712,方大炭素,矿物制品,0.000911163661897727
300168,2018-05-03,2018-11-01 00:00:00,2200,43.15494713985,11.05066735092,-70629.415535646,-0.7439304625931142,182,41951.729771952,万达信息,软件服务,0.0009107205179626144
688428,2025-08-01,2025-11-03 00:00:00,12100,30.130099999999995,24.29568,-70596.48199999993,-0.193640910584432,94,364574.20999999996,诺诚健华,生物制药,0.0009102958613742162
600893,2020-05-07,2020-11-03 00:00:00,2200,69.752119739575,37.671858432,-70576.57487666499,-0.4599180846022911,180,76380.20069179498,航发动力,航空,0.0009100391719263814
600346,2018-11-01,2019-05-07 00:00:00,1700,51.23975075042354,9.77652756612,-70487.47941331602,-0.8092003293743737,187,67813.05293763001,恒力石化,石油加工,0.0009088903436950569
000995,2024-11-01,2025-05-07 00:00:00,2400,42.19214999999999,12.96702,-70140.31199999998,-0.6926674748738806,187,38126.08799999999,皇台酒业,白酒,0.0009044138450000428
000837,2017-05-03,2017-11-01 00:00:00,6900,17.44954634539058,7.32284971011,-69874.206783436,-0.5803415421143954,182,61941.726798952004,秦川机床,机床制造,0.0009009825907722716
600460,2021-11-02,2022-05-06 00:00:00,500,180.01716753019997,40.40006575374,-69808.55088822999,-0.775576594676936,185,92234.54275035,士兰微,半导体,0.0009001360005741814
600055,2020-05-07,2020-11-03 00:00:00,3700,30.558694234446754,11.6932179771,-69802.262152183,-0.6173521719419861,180,59133.154453373005,万东医疗,医疗保健,0.0009000549114004057
300497,2026-05-07,2018-10-18,5700,19.90989,7.67905956,-69715.733508,-0.6143092925174374,-2758,113486.373,富祥股份,化学制药,0.000898939180637928
300132,2025-05-07,2025-11-03 00:00:00,11500,13.214953532650433,7.15284,-69714.30562547999,-0.4587313544215389,180,74872.84080276,青松股份,化工原料,0.0008989207690186564
600527,2026-05-07,2018-10-18,35700,3.21081786025,1.26602247,-69429.195431925,-0.6057009381711159,-2758,114626.19761092501,江南高纤,化纤,0.0008952444579352131
600038,2011-05-04,2011-11-01 00:00:00,1700,59.804399311127064,19.0801358649,-69231.24785858601,-0.680957653873634,181,38429.0758852,中直股份,航空,0.0008926920523241296
002204,2015-05-05,2015-11-03 00:00:00,8500,12.397504998702352,4.279096979639999,-69006.46816203001,-0.6548420847510936,182,67449.68832602,大连重工,专用机械,0.000889793663881829
000766,2022-05-06,2022-11-01 00:00:00,3900,23.133366666666667,5.46453,-68908.463,-0.7637814642918382,179,74136.062,通化金马,化学制药,0.0008885299508629675
600071,2025-11-03,2026-05-07 00:00:00,4300,36.09353237443442,20.06991,-68901.576210068,-0.4439471927603347,185,93231.138,凤凰光学,元器件,0.0008884411501721164
600416,2013-11-01,2014-05-06 00:00:00,4300,24.643848172897442,8.63456889789,-68839.900882532,-0.6496257874455647,186,38894.79578985,湘电股份,电气设备,0.0008876458868131729
600803,2018-11-01,2019-05-07 00:00:00,1700,48.66256931182705,8.21142174861,-68766.95085746898,-0.8312579490821443,187,33274.267401375,新奥股份,供气供热,0.0008867052435400136
300492,2021-05-07,2021-11-02 00:00:00,1600,69.09245609078313,26.13030488865,-68739.441923413,-0.6218066867630755,179,63584.906793408,华图山鼎,文教休闲,0.000886350533671865
000818,2018-05-03,2018-08-01 00:00:00,3100,33.424335873315485,11.25233325315,-68733.20812251301,-0.6633490850559167,90,41893.541127437995,航锦科技,化工原料,0.0008862701528511905
300779,2025-08-01,2025-11-03 00:00:00,3000,132.42299760956934,109.56571821639,-68571.83817953803,-0.17260808021104335,94,366645.96194226,惠城环保,环境保护,0.0008841893920671003
000665,2012-11-01,2013-05-03 00:00:00,2200,38.27466795607,7.19003670606,-68386.188750022,-0.8121463335929546,183,32760.662668734003,湖北广电,影视音像,0.0008817955630466271
000670,2014-11-03,2015-05-05 00:00:00,4900,27.60860142857143,13.65633,-68366.13,-0.5053595874701782,183,469143.67500000005,盈方微,元器件,0.0008815369184709757
603986,2020-05-07,2020-08-03 00:00:00,300,390.41053139087995,162.603629604,-68342.07053606398,-0.5835060365182596,88,69467.693078784,兆易创新,半导体,0.0008812266872834239
002133,2017-05-03,2017-11-01 00:00:00,11300,10.469093781872388,4.42610188758,-68285.808405504,-0.5772220614506335,182,58770.917499293995,广宇集团,全国地产,0.0008805012235896261
600478,2015-11-03,2016-05-04 00:00:00,2200,42.041360388754995,11.17378058445,-67908.67556947099,-0.7342193382629287,183,93968.87499999999,科力远,电气设备,0.0008756383401979413
000839,2024-11-01,2025-05-07 00:00:00,9000,10.251523301352666,2.71728,-67808.18971217399,-0.734938904187882,187,34144.11,国安股份,综合类,0.0008743426402220687
300059,2018-05-03,2018-11-01 00:00:00,7500,13.893934184797333,4.85737655121,-67774.18225190499,-0.6503958859597223,182,87634.10110454998,东方财富,证券,0.0008739041360719792
600843,2014-05-06,2014-11-03 00:00:00,1900,49.134464417986315,13.52548489608,-67657.06109162199,-0.7247250976215216,181,37409.174644841994,上工申贝,纺织机械,0.0008723939346502573
600570,2023-05-05,2023-11-01 00:00:00,1500,75.172596995496,30.1776928992,-67492.356144444,-0.5985546049312609,180,68219.39604479999,恒生电子,软件服务,0.000870270171149351
603707,2020-08-03,2020-11-03 00:00:00,3600,41.196737742159996,22.48130163456,-67375.56998735998,-0.454294129421975,92,97504.80195456,健友股份,生物制药,0.0008687642893766675
600538,2021-05-07,2022-05-06 00:00:00,8600,13.812636046511626,5.994,-67240.26999999999,-0.5660495230732021,364,64134.07,国发股份,医药商业,0.000867019683766748
300659,2021-11-02,2022-05-06 00:00:00,1000,85.57615215148998,18.43188051915,-67144.27163233998,-0.7846142873248002,185,50530.270881089986,中孚信息,IT设备,0.0008657818470601032
300222,2016-05-04,2016-11-01 00:00:00,1300,72.47503918347,20.83258579077,-67135.18941051001,-0.7125550254890864,181,62317.0214667,科大智能,电气设备,0.0008656647376984228
600801,2008-08-01,2008-11-03 00:00:00,23000,4.302419550124347,1.38541365954,-67091.13548343998,-0.677991966287909,94,73503.04433471999,华新建材,水泥,0.0008650966908729574
000915,2012-08-01,2012-11-01 00:00:00,2500,35.7548042499648,8.924771694599999,-67075.081388412,-0.750389580314685,92,39796.11139504,华特达因,化学制药,0.0008648896837268777
600990,2015-05-05,2015-11-03 00:00:00,1500,80.6852637591,35.968941054,-67074.48405765,-0.554206810782802,182,65101.4105742,四创电子,通信设备,0.0008648819815340048
300402,2020-11-03,2021-05-07 00:00:00,4200,29.018905623326667,13.07503555632,-66964.254281428,-0.549430439381914,185,82716.93407577601,宝色股份,专用机械,0.0008634606400414486
600111,2017-05-03,2017-11-01 00:00:00,5300,26.572901632258112,13.956170859,-66868.673098268,-0.4747968794624243,182,58267.584038664,北方稀土,小金属,0.0008622281826584334
600313,2022-05-06,2022-08-02 00:00:00,1800,48.23271225939833,11.11934587365,-66804.059494347,-0.7694646360783215,88,38385.93469711,农发种业,种植业,0.0008613950321306528
600503,2015-11-03,2017-11-01 00:00:00,2500,33.7204167712412,7.00334420544,-66792.681414503,-0.7923114576859894,729,83855.77199999998,华丽家族,区域地产,0.0008612483191684914
002158,2023-11-01,2024-05-07 00:00:00,1500,64.09237550716,19.6505253045,-66662.77530399,-0.6934030740941289,188,63762.54758874,汉钟精机,工程机械,0.0008595732641031809
002456,2017-11-01,2018-05-03 00:00:00,3100,39.10843257611613,17.60821623792,-66650.670648408,-0.5497590908648817,183,72267.48520992,欧菲光,元器件,0.0008594171824179824
000958,2019-05-07,2020-05-07 00:00:00,6700,13.893248725923732,3.9502312146,-66618.217325869,-0.715672605268401,366,39555.640893769,电投产融,新型电力,0.0008589987178662347
000960,2010-11-02,2011-05-04 00:00:00,1100,86.33986190648001,25.8588495657,-66529.11357485801,-0.700499294361748,183,58948.55494528,锡业股份,小金属,0.0008578497827708821
603288,2018-11-01,2019-05-07 00:00:00,500,173.78035666992,40.90135182588,-66439.50242202,-0.7646376575025197,187,76766.3989092,海天味业,食品,0.0008566943050579642
600853,2022-05-06,2022-11-01 00:00:00,5200,15.560150228700001,2.79951000768,-66355.329149304,-0.8200846414376881,179,64575.99656508,龙建股份,建筑工程,0.0008556089452833554
300276,2018-05-03,2019-05-07 00:00:00,7400,13.685654670796213,4.7596627728000005,-66052.34004517196,-0.6522151926749522,369,58980.34552409999,三丰智能,专用机械,0.0008517020972405183
000881,2021-05-07,2021-11-02 00:00:00,5800,20.183249381985345,8.8063310538,-65986.126303475,-0.5636812047885544,179,64175.24424511199,中广核技,化工原料,0.0008508483139736292
002468,2016-05-04,2017-05-03 00:00:00,1100,83.94101452190999,24.413682948930003,-65480.06473027799,-0.7091566847508421,364,61996.23493163099,申通快递,仓储物流,0.0008443229781122506
000736,2018-11-01,2019-05-07 00:00:00,2500,32.462826444048,6.2738095104000005,-65472.54233411999,-0.8067386547128494,187,33169.66547895,中交发展,全国地产,0.0008442259816912357
300120,2018-11-01,2019-05-07 00:00:00,2600,31.236750415639996,6.07871119401,-65410.90197623798,-0.80539873344295,187,66870.90531121,经纬辉开,元器件,0.0008434311692433064
002161,2015-05-05,2015-11-03 00:00:00,4400,29.253459443845,14.41005104448,-65310.996957206,-0.5074069420014558,182,67151.17809399999,远望谷,通信设备,0.0008421429588002516
600088,2023-05-05,2023-11-01 00:00:00,5000,25.158588133078396,12.11760290736,-65204.92612859198,-0.5183512348442227,180,68627.91775839998,中视传媒,影视音像,0.0008407752442404825
000582,2013-05-03,2013-11-01 00:00:00,4900,20.03576743923857,6.73036236054,-65196.484885622995,-0.6640826271840687,182,34419.175959167995,北部湾港,港口,0.0008406663998856105
600389,2018-11-01,2019-05-07 00:00:00,1300,60.81266139871998,10.70843393691,-65135.49570035298,-0.8239111117551682,187,34715.845987822984,江山股份,农药化肥,0.0008398799838862994
600111,2011-11-01,2012-11-01 00:00:00,900,91.74310512478222,19.38026018016,-65126.56045016,-0.7887551314749986,366,58267.584038664,北方稀土,小金属,0.0008397647696285832
300015,2019-11-01,2020-05-07 00:00:00,3800,32.57937112851474,15.47296708446,-65004.33536740799,-0.5250685771857193,188,83331.76051200001,爱尔眼科,医疗保健,0.0008381887564359531
601099,2019-05-07,2019-11-01 00:00:00,10900,9.288318039367338,3.34665,-64764.18162910398,-0.6396925701924013,178,61963.42662910399,太平洋,证券,0.0008350921296936787
000697,2012-11-01,2013-05-03 00:00:00,1200,63.63555876010666,9.73163456406,-64684.70903525599,-0.8470723797563195,183,65266.957291536,炼石航空,航空,0.0008340673821252021
002555,2014-02-10,2014-05-06 00:00:00,75700,5.8417100742,4.98859934706,-64580.482044497985,-0.14603784102668427,85,442217.45261694,三七互娱,互联网,0.0008327234426590613
000408,2015-05-05,2015-11-03 00:00:00,4200,26.997038201466665,11.69169428232,-64282.444460415994,-0.5669267793351929,182,67110.90802416,藏格矿业,农药化肥,0.0008288804412567562
002343,2025-05-07,2025-11-03 00:00:00,8800,15.386138555969998,8.08191,-64277.211292535976,-0.4747278551664851,180,62542.47999999999,慈文传媒,影视音像,0.0008288129629500743
000506,2016-05-04,2016-08-02 00:00:00,3800,24.68552125618526,7.78221,-64232.58277350399,-0.684745972376416,90,38313.356681599995,招金黄金,黄金,0.0008282375071338189
300410,2025-11-03,2026-05-07 00:00:00,9900,16.81725403904,10.34964,-64029.378986496005,-0.38458205031724657,185,94144.04999999999,正业科技,专用机械,0.0008256173260555473
603392,2022-05-06,2022-11-01 00:00:00,100,728.3077427025399,88.1304305508,-64017.73121517399,-0.8789928688334777,179,61564.95870524999,万泰生物,生物制药,0.0008254671355966422
002036,2019-11-01,2020-05-07 00:00:00,4700,24.50065293420425,10.882494612,-64005.34411435998,-0.5558283837894196,188,49986.915278299995,联创电子,元器件,0.0008253074119633113
000807,2007-02-01,2007-08-01 00:00:00,2600,34.73201972933,10.12757197032,-63971.564173426,-0.7084082051880325,181,64155.892762962,云铝股份,铝,0.0008248718415275257
300291,2026-05-07,2018-10-18,17500,7.9849715796136,4.33,-63962.00264323799,-0.4577313197889262,-2758,114389.275,百纳千成,影视音像,0.0008247485517953469
600562,2019-11-01,2020-05-07 00:00:00,3600,31.96645667131583,14.213197575,-63911.73274673699,-0.555371503287263,188,49766.03023391999,国睿科技,通信设备,0.0008241003540744382
300070,2016-05-04,2016-08-02 00:00:00,2000,49.262912022323995,17.349205328100002,-63827.41338844799,-0.6478242025108456,90,33878.766009088,碧水源,环境保护,0.0008230131106210859
688568,2025-05-07,2025-11-03 00:00:00,1600,80.03879266508123,40.15962704313,-63806.664995121966,-0.4982479656936334,180,68576.99378329799,中科星图,软件服务,0.0008227455735421867
601008,2021-05-07,2021-11-02 00:00:00,18300,6.747799193873442,3.264710022,-63740.53184528399,-0.5161815092298327,179,64550.675473284,连云港,港口,0.0008218928294550642
000683,2012-05-03,2012-11-01 00:00:00,10100,8.613831028178614,2.31623408736,-63605.72910226801,-0.7311029111457084,182,33258.043823004,博源化工,化工原料,0.0008201546354885525
600505,2013-11-01,2014-05-06 00:00:00,2900,30.126649192294824,8.230455605700001,-63498.96140112499,-0.7268048114755152,186,62096.085038987985,西昌电力,水力发电,0.0008187779352093668
000852,2021-11-02,2022-11-01 00:00:00,5600,17.3345555526,6.02397,-63339.279094560006,-0.6524877732387856,364,62094.56709456001,石化机械,化工机械,0.0008167189354025381
000795,2011-08-02,2012-05-03 00:00:00,5400,18.657558806924072,6.930694847520001,-63325.06538078198,-0.6285315287363358,275,46645.311300588,英洛华,矿物制品,0.0008165356587793929
002738,2019-05-07,2019-11-01 00:00:00,5000,19.653142534225196,7.00028794476,-63264.27294732598,-0.6438082137465158,178,59164.22024112599,中矿资源,小金属,0.0008157517797671516
002909,2021-05-07,2021-11-02 00:00:00,9900,12.05655410778,5.6842593507000005,-63085.718095091994,-0.5285336672580441,179,64350.89591931,集泰股份,化工原料,0.000813449430720681
000690,2013-05-03,2013-08-01 00:00:00,9700,9.695540653974435,3.19409295975,-63064.04263397702,-0.6705606140240705,90,34552.98211365,宝新能源,火力发电,0.0008131699397037442
300682,2021-11-02,2022-05-06 00:00:00,1000,82.39844187775199,19.3720323762,-63026.40950155199,-0.7648980741050815,185,49888.052165952,朗新科技,软件服务,0.0008126846848620504
600446,2015-05-05,2016-05-04 00:00:00,1100,87.92263176787999,30.73682268972,-62904.38998597599,-0.6504105703879894,365,62686.35545171999,金证股份,软件服务,0.0008111113223248673
600078,2022-05-06,2022-11-01 00:00:00,1500,54.733576964065996,12.87932963814,-62781.37098888899,-0.7646905180964947,179,54895.05836314499,澄星股份,化工原料,0.0008095250721216531
688369,2022-11-01,2023-02-01 00:00:00,600,159.011775923,54.515773656,-62697.601360199995,-0.6571588906572632,92,64430.7421758,致远互联,软件服务,0.000808444917075054
000823,2010-05-05,2010-11-02 00:00:00,1100,70.96198287451,14.036557392,-62617.968030761,-0.8021960939729882,181,64031.028310249,超声电子,元器件,0.0008074180969253506
300159,2016-05-04,2016-11-01 00:00:00,2600,38.425044833945,14.35634844084,-62578.610622073,-0.6263804374755737,181,67794.81908499301,新研股份,农用机械,0.0008069106086592483
300604,2022-11-01,2023-05-05 00:00:00,500,169.43024729030398,44.53976049516,-62445.24339757198,-0.7371203713180858,185,54922.78106515199,长川科技,半导体,0.0008051909247732122
000799,2011-11-01,2013-05-03 00:00:00,600,121.65957353216332,17.74869988365,-62346.52418910799,-0.8541117696836431,549,66862.31489437498,酒鬼酒,白酒,0.0008039180045885646
601007,2015-08-03,2015-11-03 00:00:00,6200,18.746483200606452,8.70023504601,-62286.738558498,-0.5359004164723256,92,77871.39708348,金陵饭店,酒店餐饮,0.0008031471076462224
002655,2021-11-02,2022-05-06 00:00:00,2600,32.70333603537,8.760881199149999,-62250.38257417201,-0.7321104736937312,185,50289.934394699994,共达电声,元器件,0.0008026783208011761
600770,2011-11-01,2012-05-03 00:00:00,1100,65.81726010950999,9.40883703471,-62049.265382279984,-0.8570460541952808,184,67092.02499999998,综艺股份,综合类,0.0008000850450139987
000567,2017-11-01,2018-05-03 00:00:00,12700,9.779969214290867,4.8967009974,-62017.506354514015,-0.49931325036844165,183,73663.32241067801,海德股份,多元金融,0.0007996755329431758
002073,2017-11-01,2018-05-03 00:00:00,8800,14.09364356138375,7.05483058752,-61941.55417000101,-0.4994317433392407,183,72911.76244352,软控股份,专用机械,0.0007986961787704775
000628,2016-11-01,2017-05-03 00:00:00,4900,22.841470841577138,10.21630662684,-61863.30465221198,-0.5527299140367183,183,74116.48223979998,高新发展,建筑工程,0.0007976872019747515
000554,2011-05-04,2011-11-01 00:00:00,3200,27.125766768412806,7.7976866079,-61849.856513640974,-0.7125358086843028,181,38121.175412319986,泰山石油,石油贸易,0.00079751379694751
002035,2017-11-01,2018-05-03 00:00:00,4700,27.81589950607553,14.66088608835,-61828.56306330999,-0.47293144033872503,183,72529.455923925,华帝股份,家用电器,0.000797239231711941
002625,2020-11-03,2021-05-07 00:00:00,4300,32.26768824348837,17.93285261658,-61639.793195706,-0.4442473696516249,185,83782.02270438001,光启技术,航空,0.0007948051666655825
002250,2013-11-01,2014-05-06 00:00:00,2100,41.07841721173667,11.72617541667,-61639.70776964001,-0.7145416933610658,186,39335.980483800005,联化科技,化工原料,0.0007948040651518509
002321,2015-11-03,2016-05-04 00:00:00,2900,31.07228615767138,9.82137483396,-61627.64283876299,-0.683918499458875,183,62320.18722929999,华英农业,农业综合,0.000794648495690966
000703,2011-11-01,2012-05-03 00:00:00,1400,53.499573586744994,9.51721282044,-61575.30507282699,-0.822106753710688,184,39805.90135521999,恒逸石化,化纤,0.0007939736341344777
300092,2019-05-07,2019-11-01 00:00:00,6000,16.906311865443,6.64649760924,-61558.885537218004,-0.6068629478659011,178,61924.595510777996,科新机电,专用机械,0.0007937619148690539
000768,2009-08-03,2010-05-05 00:00:00,9600,17.953326371814164,11.54268044532,-61542.20089434397,-0.35707287851451086,275,134148.275797536,中航西飞,航空,0.0007935467772173401
000514,2007-05-09,2007-11-01 00:00:00,3100,29.61897077365032,9.76793121108,-61538.222643967994,-0.6702136854880263,176,64121.910732879995,渝开发,区域地产,0.0007934954802581975
002189,2017-05-03,2017-11-01 00:00:00,3300,36.02429417951,17.39315935008,-61482.744937119,-0.5171825084647201,182,60459.05945679599,中光学,元器件,0.0007927801311995409
300674,2023-05-05,2023-11-01 00:00:00,3900,31.415188306039997,15.66785828817,-61414.587069692985,-0.5012648615842408,180,68031.114563412,宇信科技,软件服务,0.0007919012796919261
603369,2018-08-01,2018-11-01 00:00:00,12000,17.938263593249996,12.82935077703,-61306.95379463996,-0.2848053151667608,92,215259.16311899995,今世缘,白酒,0.0007905134183983999
300215,2024-11-01,2025-05-07 00:00:00,5600,16.47214814817,5.544449999999999,-61195.109629752,-0.6634045571878875,187,33801.768,电科院,电气设备,0.0007890712604107488
000652,2015-05-05,2015-11-03 00:00:00,6500,15.818159345142,6.45363105885,-60869.433860897996,-0.5920112499794732,182,68730.088492065,泰达股份,批发业,0.0007848718825361167
601126,2023-11-01,2024-05-07 00:00:00,2500,39.75725543389599,15.43213973268,-60812.789253039984,-0.6118409189905256,188,67214.82541773998,四方股份,电气设备,0.0007841414870455551
600763,2019-11-01,2020-05-07 00:00:00,700,174.40963945548,87.620525766,-60752.379582636,-0.4976164962007956,188,79521.244803,通策医疗,医疗保健,0.0007833625435146901
000962,2011-11-01,2012-05-03 00:00:00,800,92.72575845658125,16.8039708084,-60737.430118545,-0.8187777475417638,184,38567.7485193,东方钽业,小金属,0.0007831697798683119
600872,2019-11-01,2020-05-07 00:00:00,1200,95.84273739540501,45.23623320528,-60727.80502815001,-0.5280160559411489,188,49055.069359295994,中炬高新,食品,0.0007830456705684758
002052,2025-08-01,2026-05-07 00:00:00,35200,12.939948437012186,11.21877,-60585.480982828965,-0.1330127739990905,279,366446.07999999996,同洲电子,家用电器,0.0007812104942854736
600641,2018-05-03,2018-11-01 00:00:00,4300,21.02647966209488,6.99048597654,-60354.77284788598,-0.6675389276340928,182,94086.99299999999,先导基电,半导体,0.0007782356624741099
600596,2018-11-01,2019-05-07 00:00:00,2000,36.573849065754004,6.53886626832,-60069.96559486801,-0.8212147084501784,187,30109.627835287003,新安股份,化工原料,0.000774563257612468
300150,2020-11-03,2021-05-07 00:00:00,13900,7.982820726456114,3.6663303996,-59999.21554329998,-0.5407224432024008,185,83496.57089773999,世纪瑞尔,软件服务,0.0007736509815710869
600160,2024-05-07,2024-11-01 00:00:00,2800,42.665637894164995,21.29254614,-59844.65691166199,-0.5009439166755785,178,66177.71688528,巨化股份,化工原料,0.0007716580482303048
600206,2019-05-07,2019-11-01 00:00:00,5300,21.04726002246792,9.78082464474,-59712.10750195798,-0.5352922596908585,178,39446.84511767999,有研新材,半导体,0.0007699489095358135
000762,2015-11-03,2016-05-04 00:00:00,1600,59.130489743325,21.88221671916,-59597.236838664,-0.629933443572904,183,113590.47700000001,西藏矿业,小金属,0.0007684677268135666
600547,2010-11-02,2011-05-04 00:00:00,1300,68.29610997748,22.47306521922,-59569.958185737996,-0.6709466289276171,183,39056.095178100004,山东黄金,黄金,0.0007681159862712771
600299,2024-05-07,2024-11-01 00:00:00,7000,19.230083981107995,10.73643646635,-59455.53260330597,-0.441685409335826,178,67961.4570635,安迪苏,饲料,0.0007666405425781592
002819,2020-11-03,2021-02-02 00:00:00,2400,54.510598902759995,29.77877096046,-59356.387061519985,-0.4537067733638084,91,81266.36716598399,东方中科,电器仪表,0.0007653621251017546
600171,2015-05-05,2015-11-03 00:00:00,3600,31.67745175595,15.21731170575,-59256.504180719996,-0.5196169242719557,182,72604.111608028,上海贝岭,半导体,0.0007640742001168473
002316,2024-11-01,2025-05-07 00:00:00,10000,9.602513363643201,3.68631,-59162.033636432,-0.616109880777983,187,34334.3,亚联发展,软件服务,0.0007628560637019601
000034,2015-05-05,2016-02-02 00:00:00,11200,23.486580660399994,18.2055116646,-59147.97275295994,-0.22485474033707442,273,157764.555636688,神州数码,软件服务,0.0007626747577265166
300489,2021-05-07,2021-08-03 00:00:00,3500,41.794610000000006,24.92505,-59043.46000000002,-0.4036300374617685,88,82482.4,光智科技,专用机械,0.0007613271335420673
600637,2013-11-01,2014-05-06 00:00:00,1200,68.14386588843166,19.00110822165,-58971.30920013799,-0.7211618687328437,186,39680.32480612199,东方明珠,影视音像,0.0007603967957596655
301001,2024-11-01,2025-05-07 00:00:00,1400,71.81844888789999,29.75414211396,-58890.02948351599,-0.5857033593080985,187,66894.12263534,凯淳股份,互联网,0.0007593487465147375
002151,2020-11-03,2021-05-07 00:00:00,1400,81.9183880944,39.96609680709,-58733.20780223401,-0.5121230075836647,185,110584.474,北斗星通,通信设备,0.0007573266326161336
600698,2017-05-03,2017-08-01 00:00:00,5600,21.455183750000003,10.96902,-58722.517000000014,-0.48874732895261275,90,83850.76699999998,湖南天雁,汽车配件,0.0007571887816531299
002307,2015-05-05,2015-11-03 00:00:00,5600,17.93222371351125,7.4596205124,-58646.57792622299,-0.5840102916639691,182,67236.22681775999,北新路桥,建筑工程,0.0007562095965348713
300136,2015-11-03,2016-05-04 00:00:00,1600,56.113841663879995,19.517518944,-58554.116351807985,-0.6521799547977971,183,73074.916950035,信维通信,元器件,0.0007550173644839014
600345,2017-11-01,2018-05-03 00:00:00,2800,49.486411455195,28.62300060774,-58417.55037287399,-0.4215987830587541,183,112072.975014,长江通信,通信设备,0.0007532564347334906
000537,2010-11-02,2011-05-04 00:00:00,4400,20.496869960839998,7.23791132352,-58339.418004208,-0.6468772384589312,183,216067.79818624,绿发电力,新型电力,0.000752248968499748
000886,2017-11-01,2018-05-03 00:00:00,10800,10.630829685401851,5.23808962704,-58241.59263030799,-0.5072736764626291,183,73650.09240388799,海南高速,区域地产,0.00075098757373225
600763,2015-11-03,2016-05-04 00:00:00,700,104.70583228248002,21.64308341184,-58143.924209448014,-0.7932962955353783,183,79521.244803,通策医疗,医疗保健,0.0007497282027724366
000603,2025-05-07,2025-11-03 00:00:00,4500,35.992997581429776,23.0760040968,-58126.470680834,-0.3588751799681772,180,61759.78607798998,盛达资源,铅锌,0.0007495031508376432
600322,2011-05-04,2011-11-01 00:00:00,7900,11.004227637187592,3.65308718607,-58074.00956382898,-0.6680287516295293,181,38425.067646965996,津投城开,区域地产,0.0007488266987490995
300256,2015-11-03,2016-05-04 00:00:00,4100,21.810866192481217,7.67522378331,-57956.133877602,-0.6481009183415258,183,62192.797362695994,星星科技,摩托车,0.0007473067682045566
300080,2018-05-03,2019-05-07 00:00:00,7200,13.923900368155556,5.88411,-57886.49065072,-0.5774093576928226,369,42017.975999999995,易成新能,电气设备,0.0007464087639498484
603456,2021-11-02,2022-05-06 00:00:00,700,123.83602384439,41.14189184508,-57885.892399517004,-0.6677712141599594,185,54355.476252076995,九洲药业,医疗保健,0.0007464010498884856
002587,2023-05-05,2023-11-01 00:00:00,11300,11.282781172583274,6.163168662,-57851.62136959099,-0.45375448059063095,180,68273.034901071,奥拓电子,元器件,0.0007459591471785647
600072,2016-05-04,2016-11-01 00:00:00,2100,42.151296444399996,14.64479850204,-57763.64567895599,-0.6525658820160529,181,37505.019552,中船科技,电气设备,0.000744824757690338
600113,2015-05-05,2015-11-03 00:00:00,5700,18.378319481627365,8.25713915544,-57690.72785926797,-0.5507130473112851,182,66956.00995683599,浙江东日,区域地产,0.0007438845296846078
600149,2019-05-07,2019-11-01 00:00:00,6300,14.373724444444443,5.22477,-57638.412999999986,-0.6365054846992413,178,39099.06,廊坊发展,综合类,0.0007432099634947512
000520,2018-11-01,2019-05-07 00:00:00,4900,14.98251857142857,3.22677,-57603.16799999999,-0.7846310028172833,187,58846.78799999999,凤凰航运,水运,0.0007427555020722382
600592,2019-05-07,2019-11-01 00:00:00,4700,25.745404309518513,13.49256903489,-57588.32579075401,-0.4759232027324749,178,58379.771181731994,龙溪股份,机械基件,0.0007425641214075436
000981,2020-11-03,2021-05-07 00:00:00,71900,1.8708940201272601,1.072926,-57373.90064715,-0.4265169547513875,185,83775.29160000001,山子高科,汽车配件,0.0007397992482117758
000970,2025-11-03,2026-05-07 00:00:00,6800,20.682952106875877,12.25082734956,-57338.44834974797,-0.40768477893021315,185,94144.36445413998,中科三环,矿物制品,0.000739342113823673
300465,2023-05-05,2023-11-01 00:00:00,4800,22.338938090218743,10.43955,-57117.06283304997,-0.5326747422890693,180,67843.77599999998,高伟达,软件服务,0.0007364874911298909
002079,2015-05-05,2015-11-03 00:00:00,6600,16.129941845744998,7.50031500717,-56955.53713459499,-0.5350066925908634,182,67082.68769202,苏州固锝,电气设备,0.0007344047219798765
300302,2022-11-01,2023-05-05 00:00:00,3700,26.321436849816212,10.93905,-56914.83134431999,-0.58440528674724,185,66907.86534431999,同有科技,IT设备,0.0007338798472074862
300651,2026-05-07,2018-10-18,3400,37.84709046942353,21.15984933,-56736.61987403999,-0.44091212646597144,-2758,114586.66703484,金陵体育,文教休闲,0.0007315819258486671
300661,2021-11-02,2022-11-01 00:00:00,200,369.68142563351995,86.1092892153,-56714.427283643985,-0.7670716372408075,364,48768.54532950399,圣邦股份,半导体,0.0007312957667849526
600131,2019-11-01,2020-05-07 00:00:00,2400,42.2951028374875,18.66684454992,-56707.81989016199,-0.5586523427630732,188,48886.87339536,国网信通,通信设备,0.0007312105687301666
600808,2025-11-03,2026-05-07 00:00:00,23200,6.220226742643706,3.78621,-56469.188429333975,-0.39130675509896373,185,94053.95999999998,马钢股份,普钢,0.0007281335707689166
002530,2024-11-01,2025-05-07 00:00:00,4300,23.539330089856975,10.4255365275,-56389.31231813499,-0.5571013921083365,187,67068.24362738499,金财互联,专用机械,0.0007271036201058353
600986,2015-05-05,2015-11-03 00:00:00,4500,26.559315582355104,14.04971972649,-56293.18135139297,-0.47100595710289894,182,67481.16945569999,浙文互联,互联网,0.0007258640736200038
600802,2018-11-01,2019-05-07 00:00:00,2300,30.772234531299127,6.32967847551,-56217.87892831499,-0.7943055299064505,187,45785.20554607999,福建水泥,水泥,0.0007248930976997117
600072,2022-11-01,2023-05-05 00:00:00,2500,47.468121727025995,25.01658078759,-56128.852348589986,-0.4729814478134954,185,37505.019552,中船科技,电气设备,0.000723745157678055
000833,2015-08-03,2015-11-03 00:00:00,7900,15.008635274417593,7.917882191999999,-56016.94935109899,-0.47244489274143875,92,77485.35570775998,粤桂股份,综合类,0.0007223022410821342
000973,2010-11-02,2011-05-04 00:00:00,3400,24.749574702794117,8.3056235625,-55909.433877,-0.6644134833734201,183,112766.09451307199,佛塑科技,塑料,0.0007209158987555293
000952,2016-05-04,2017-05-03 00:00:00,2200,39.81122011776,14.46854439258,-55753.886595396005,-0.6365711889818342,364,31555.409421536002,广济药业,化学制药,0.0007189102174144658
688400,2023-08-01,2023-11-01 00:00:00,18300,26.52134760275,23.4766283715,-55718.36193187505,-0.11480258382248631,92,485340.66113032505,凌云光,专用机械,0.0007184521499121809
002796,2019-08-01,2019-11-01 00:00:00,15700,27.82440385725,24.2769242745,-55695.429449175004,-0.12749525923178617,92,436843.140558825,世嘉科技,通信设备,0.0007181564504169443
600667,2014-11-03,2015-05-05 00:00:00,13900,8.627720652342157,4.62576024936,-55627.249601451986,-0.46384909343300884,183,62226.256724632,太极实业,半导体,0.0007172773154876515
603333,2019-05-07,2019-08-01 00:00:00,4700,20.931611935276592,9.11531088468,-55536.614937803985,-0.5645194019043642,86,58923.290409983994,福华尚纬,电气设备,0.0007161086402664723
300417,2024-11-01,2025-05-07 00:00:00,2400,34.743105329015414,11.60690963184,-55526.869673220994,-0.6659219283387836,187,49520.607877741,南华仪器,电器仪表,0.0007159829813984017
603090,2022-05-06,2022-11-01 00:00:00,600,116.30254290655,24.2993611152,-55201.90907481,-0.7910676713687617,179,54965.456235690006,宏盛股份,专用机械,0.0007117928251829231
600868,2022-05-06,2023-05-05 00:00:00,6400,11.375590224748748,2.77732655334,-55028.88749701599,-0.7558520922019814,364,30708.702024,梅雁吉祥,水力发电,0.0007095618241226391
603658,2022-11-01,2023-05-05 00:00:00,400,186.97004423597497,49.9116981402,-54823.338438309984,-0.733049760221448,185,48038.45165118999,安图生物,医疗保健,0.000706911402286471
300101,2016-08-02,2016-11-01 00:00:00,15400,27.34507557873,23.78674676268,-54798.26376717001,-0.13012685979986094,91,359242.963171092,振芯科技,通信设备,0.0007065880806602739
600094,2012-05-03,2012-11-01 00:00:00,5900,14.322194610791861,5.0371313265,-54781.87337732199,-0.6482989190284782,182,38112.70997934399,大名城,区域地产,0.0007063767372105399
002642,2024-11-01,2025-05-07 00:00:00,3800,22.085221052631578,7.68231,-54731.06199999999,-0.6521515459731109,187,50450.399999999994,荣联科技,软件服务,0.0007057215574455349
300252,2025-11-03,2026-05-07 00:00:00,7100,23.40512792928169,15.75423,-54321.3752979,-0.32688981459100697,185,92960.868,金信诺,通信设备,0.0007004389130585005
000890,2015-05-05,2015-11-03 00:00:00,5800,20.623525079398622,11.26610925336,-54273.01179102401,-0.45372533502461176,182,67593.71530912,法尔胜,环境保护,0.0006998152969957234
301153,2023-08-01,2023-11-01 00:00:00,13400,36.07974365996,32.03065919808,-54257.731789191996,-0.11222597643822863,92,483468.565043464,中科江南,软件服务,0.0006996182712794919
000921,2021-05-07,2021-11-02 00:00:00,4500,22.013216649424,9.9751604544,-54171.252877608,-0.5468558451378794,179,64516.761068759995,海信家电,家用电器,0.0006985031817866322
600821,2020-11-03,2021-05-07 00:00:00,19700,7.312777984948985,4.564543237650001,-54140.22452179,-0.3758126874568525,185,83730.70992285998,金开新能,新型电力,0.0006981030912568183
002685,2015-05-05,2016-05-04 00:00:00,4500,21.858627257133328,9.86025695292,-53992.66636895997,-0.5489077682267439,365,74029.25984454,华东重机,机床制造,0.0006962004245512282
601766,2023-05-05,2023-11-01 00:00:00,10900,9.899273374265505,4.94932351221,-53954.453496404996,-0.5000316361525652,180,68215.121156182,中国中车,运输设备,0.0006957076943364561
000801,2010-05-05,2011-11-01 00:00:00,4600,15.947033353773257,4.230894510360001,-53894.23867970098,-0.7346908094752984,545,23576.155522919995,四川九洲,家用电器,0.0006949312633177111
000592,2015-05-05,2015-11-03 00:00:00,5600,19.250866632497495,9.64225391418,-53808.231222577975,-0.4991262420413397,182,67259.26717910399,平潭发展,林业,0.0006938222529244397
002149,2014-11-03,2015-05-05 00:00:00,7200,17.21685563264333,9.74973076974,-53763.29901290398,-0.43371013977404727,183,73778.659779825,西部材料,小金属,0.0006932428812142654
600408,2011-05-04,2011-11-01 00:00:00,5100,15.695205721489408,5.16483,-53704.91617959598,-0.6709294486705282,181,38339.30099999999,安泰集团,焦炭加工,0.0006924900724335733
000407,2014-08-01,2014-11-03 00:00:00,28400,8.137782714998556,6.24676849848,-53704.80374912699,-0.23237462620294247,94,157455.11572190397,胜利股份,供气供热,0.0006924886227155744
600328,2019-05-07,2019-11-01 00:00:00,7700,12.21252672952,5.240808045900001,-53682.233863874,-0.5708661964905288,178,39459.415379383994,中盐化工,化工原料,0.000692197598679313
002343,2018-05-03,2018-11-01 00:00:00,1700,42.85619958384471,11.29869,-53647.76629253601,-0.7363580973181016,182,62542.47999999999,慈文传媒,影视音像,0.0006917531616953201
002319,2013-02-01,2013-05-03 00:00:00,35100,9.89951010048,8.376203002410001,-53468.079142256975,-0.15387701841893553,91,347472.804526848,乐通股份,染料涂料,0.0006894362123997286
300525,2022-11-01,2023-05-05 00:00:00,1700,47.14166330344059,15.69131473824,-53465.592560841,-0.6671455006320326,185,50139.573572088004,博思软件,软件服务,0.000689404149544643
000636,2018-05-03,2019-05-07 00:00:00,3200,27.954940900136254,11.28227390253,-53352.53439234002,-0.596412171185273,369,42287.314157088,风华高科,元器件,0.0006879463377675491
600383,2014-05-06,2014-11-03 00:00:00,3500,20.59151555032,5.35285919259,-53335.297252055,-0.7400453997905552,181,33278.713724256,金地集团,全国地产,0.0006877240760199541
603638,2020-08-03,2020-11-03 00:00:00,2400,58.07205371967999,35.8632392616,-53301.154699391984,-0.38243549238475893,92,97424.49029913598,艾迪精密,专用机械,0.0006872838299410363
002099,2016-02-02,2016-05-04 00:00:00,26800,10.41561190535537,8.429273129159998,-53233.87920203595,-0.19070783303418404,92,218445.58896159995,海翔药业,化学制药,0.0006864163560233544
000860,2018-11-01,2019-05-07 00:00:00,500,146.755902485192,41.1222173193,-52816.842582945996,-0.7197917315560829,187,35525.0897001,顺鑫农业,白酒,0.0006810389392223433
002129,2013-11-01,2014-05-06 00:00:00,3300,22.006077212209995,6.0288226425,-52724.94008004299,-0.7260382854989289,186,46089.49114769999,TCL中环,电气设备,0.0006798539160360245
000656,2012-05-03,2012-11-01 00:00:00,9600,8.167839555813437,2.68400033298,-52644.85653920099,-0.6713940920803629,182,38408.875089584995,金科股份,全国地产,0.0006788212907021918
600566,2018-05-03,2018-08-01 00:00:00,1100,79.88864124422999,32.14846351584,-52514.19550122898,-0.5975840493073608,90,39219.08374383999,济川药业,中成药,0.0006771365013367843
600391,2016-05-04,2016-11-01 00:00:00,800,105.01620686682124,39.41235785034,-52483.07921318499,-0.6247021385916014,181,61069.007999999994,航发科技,航空,0.0006767352769779306
300049,2022-11-01,2023-05-05 00:00:00,1400,65.26570529479,27.86838031341,-52356.254973931995,-0.5730011621335429,185,60870.1985892,福瑞医科,医疗保健,0.000675099960644265
002022,2008-08-01,2008-11-03 00:00:00,4600,20.46150015583587,9.084210696,-52335.53151524501,-0.5560339844676994,94,57620.243660980006,科华生物,医疗保健,0.0006748327450813689
600515,2014-05-06,2014-11-03 00:00:00,3800,20.102008627753683,6.33758645961,-52304.804238945995,-0.6847286966706372,181,93837.74399999999,海南机场,机场,0.0006744365367767355
000607,2023-05-05,2023-11-01 00:00:00,11300,9.106197733110355,4.48277671602,-52244.657493121005,-0.5077224493247587,180,68572.085878296,华媒控股,广告包装,0.0006736609834878391
002068,2020-11-03,2021-05-07 00:00:00,15900,10.733515532362262,7.45085986182,-52194.225161621966,-0.30583229331013095,185,83584.865949585,黑猫股份,化工原料,0.0006730106912729518
000524,2010-11-02,2012-05-03 00:00:00,3000,24.377455914811996,7.03412977905,-52029.978407286,-0.7114493898120029,548,39495.064108499995,岭南控股,旅游服务,0.000670892835871656
600158,2015-05-05,2015-11-03 00:00:00,2600,39.802301438899995,19.82392098525,-51943.78917948999,-0.5019403333829466,182,83298.74559005999,中体产业,文教休闲,0.0006697814816634146
300322,2024-11-01,2025-05-07 00:00:00,2100,39.30909810255999,14.57541,-51940.74501537599,-0.6292102667435461,187,49335.926015376,硕贝德,元器件,0.0006697422291409685
002059,2015-11-03,2016-05-04 00:00:00,2400,31.18236036582333,9.54837411795,-51921.56699489599,-0.6937892447546958,183,34526.16716749199,云南旅游,旅游景点,0.0006694949410017056
600159,2019-05-07,2019-11-01 00:00:00,15000,5.803276812666666,2.359463175,-51657.204564999985,-0.5934257056547674,178,39576.511774800005,大龙地产,区域地产,0.0006660861588780133
000532,2013-11-01,2014-05-06 00:00:00,1600,46.481004123303755,14.27083270218,-51536.27427379801,-0.6929749481245573,186,38283.547716414,华金资本,多元金融,0.0006645268411828915
600692,2016-05-04,2016-11-01 00:00:00,2100,39.894776161239996,15.35482312668,-51533.901372575994,-0.615116950033221,181,114041.928,亚通股份,区域地产,0.0006644962441601978
600199,2010-08-03,2010-11-02 00:00:00,5400,25.01195313097963,15.5167013664,-51274.35952873001,-0.3796285605868531,91,76189.76867502,金种子酒,白酒,0.0006611496203680034
600962,2016-05-04,2016-11-01 00:00:00,2000,42.0451235229025,16.473509999999997,-51143.227045805004,-0.6081945153276415,181,93669.576,国投中鲁,软饮料,0.0006594587520256069
300050,2026-05-07,2018-10-18,15700,7.277269999999999,4.02,-51139.13899999999,-0.4475950459444269,-2758,114253.13899999998,世纪鼎利,通信设备,0.0006594060393255971
002353,2018-11-01,2019-05-07 00:00:00,700,92.41359607051,19.61606554875,-50958.271365231994,-0.7877361515746744,187,48407.90475521,杰瑞股份,化工机械,0.0006570738684479342
002876,2021-05-07,2021-11-02 00:00:00,1200,92.856912523375,50.54971040928,-50768.642536914,-0.455617152933498,179,60827.883916800005,三利谱,元器件,0.0006546287276601098
002246,2017-05-03,2017-11-01 00:00:00,3500,27.73979370162,13.2757225884,-50624.24889626999,-0.5214195631301792,182,224766.63707497995,北化股份,化工原料,0.000652766865287322
000546,2011-05-04,2012-05-03 00:00:00,3200,23.534755728859373,7.75283795145,-50502.13688770999,-0.6705792046125585,365,157195.30581254498,金圆股份,环境保护,0.0006511923101130817
300354,2022-05-06,2022-11-01 00:00:00,700,114.61567637520001,42.62519717496,-50393.335440168004,-0.6281032532109802,179,63938.31444,东华测试,电器仪表,0.000649789385992741
600843,2011-05-04,2011-11-01 00:00:00,2700,27.63636494656074,8.98450797852,-50360.01381371,-0.6749026872422275,181,37409.174644841994,上工申贝,纺织机械,0.0006493597252249569
688126,2023-05-05,2023-11-01 00:00:00,2900,35.29881789917241,17.9444911464,-50327.547583039996,-0.4916404510299277,180,68761.86317,沪硅产业,半导体,0.0006489410942312294
002558,2017-05-03,2017-11-01 00:00:00,1100,81.36221568474998,35.72927496,-50196.234797224985,-0.5608615785681355,182,57344.969506824986,巨人网络,互联网,0.0006472479009999729
600629,2010-11-02,2011-05-04 00:00:00,7000,11.906408781981998,4.73802701022,-50178.67240233399,-0.602060781132421,183,67021.480009484,华建集团,建筑工程,0.0006470214453051255
600059,2010-11-02,2011-05-04 00:00:00,3100,25.83511554494838,9.6729156018,-50102.81982375998,-0.625590387433302,183,39714.87515995999,古越龙山,红黄酒,0.000646043375486427
300065,2023-05-05,2023-11-01 00:00:00,4700,21.111277089029784,10.46952,-50016.258318439985,-0.5040792674053642,180,68029.962,海兰信,船舶,0.0006449272210008946
600619,2024-11-01,2025-11-03 00:00:00,2800,39.15793960220999,21.3346028412,-49905.34293082798,-0.45516533663594705,367,72546.97038388798,海立股份,家用电器,0.0006434970389940075
300529,2022-11-01,2023-05-05 00:00:00,1100,71.7491145917,26.44458278616,-49834.98498609401,-0.6314298380314908,185,48491.71832505,健帆生物,医疗保健,0.0006425898189160137
601519,2015-05-05,2015-11-03 00:00:00,2400,34.738036666666666,14.00598,-49756.935999999994,-0.5968114106621455,182,65153.088,大智慧,软件服务,0.0006415834278464724
300077,2015-05-05,2015-11-03 00:00:00,2300,39.76212846475435,18.1625058135,-49679.132097885,-0.543220986532462,182,65525.464339335,国民技术,半导体,0.0006405801969759307
600161,2019-11-01,2020-05-07 00:00:00,3300,34.856801426720004,19.86640534836,-49468.30705858801,-0.4300565589724159,188,49471.452798768005,天坛生物,生物制药,0.0006378617447909321
000975,2018-05-03,2018-11-01 00:00:00,6200,12.869481159857903,4.91854365288,-49295.812543263,-0.6178133685589615,182,67812.2445,山金国际,黄金,0.000635637539859444
300725,2021-08-03,2022-05-06 00:00:00,500,172.0714931936,73.53666716256001,-49267.41301551999,-0.572638873541808,276,86035.74659679999,药石科技,化学制药,0.0006352713463631528
002067,2017-11-01,2018-05-03 00:00:00,11400,8.864373612831578,4.56374414754,-49027.175904323994,-0.48515886774743167,183,73247.130752796,景兴纸业,造纸,0.0006321736445814945
300176,2024-11-01,2025-05-07 00:00:00,3900,19.066994895153332,6.4997659278,-49012.19297267799,-0.6591090539677973,187,40701.65003905,鸿特科技,汽车配件,0.0006319804493926944
002326,2025-11-03,2026-05-07 00:00:00,4800,34.69544461382999,24.49548,-48959.83014638396,-0.2939857012169307,185,93309.21599999999,永太科技,化工原料,0.0006313052646991382
000923,2011-05-04,2011-11-01 00:00:00,3900,19.36500104077,6.850286955900001,-48807.384930993,-0.6462542428230298,181,37642.691267181006,河钢资源,普钢,0.0006293395824905448
002096,2020-11-03,2021-05-07 00:00:00,9800,11.844292505147143,6.8680064187,-48767.603647182,-0.4201421135356638,185,83773.911913692,易普力,化工原料,0.0006288266286295675
300075,2013-05-03,2014-05-06 00:00:00,5100,20.80831060249117,11.2477593816,-48758.81122654496,-0.4594583098806003,368,38042.41547105999,数字政通,软件服务,0.0006287132560663658
300238,2016-11-01,2017-05-03 00:00:00,1700,54.3088369400047,25.66374088968,-48696.66328555199,-0.527448158795393,183,71900.82824925,冠昊生物,医疗保健,0.0006279118986633323
300502,2025-11-03,2026-05-07 00:00:00,300,563.6420759836534,401.5758187035,-48619.877184046025,-0.28753399397537815,185,96261.52661125,新易盛,通信设备,0.0006269217916717128
300083,2021-05-07,2022-05-06 00:00:00,5200,18.811669190545,9.47052,-48573.975790833996,-0.496561421313957,364,63555.492000000006,创世纪,机床制造,0.0006263299229682238
600375,2025-11-03,2026-05-07 00:00:00,12600,9.120542422022776,5.2947,-48205.61451748698,-0.4194753168172065,185,93585.49199999998,汉马科技,汽车整车,0.0006215801431899861
000897,2010-11-02,2011-05-04 00:00:00,5900,12.938444926865085,4.79895458166,-48022.993036709995,-0.6290934027399566,183,83870.93969254,津滨发展,区域地产,0.0006192253576052126
600682,2017-11-01,2018-05-03 00:00:00,1900,57.65330574319105,32.4625961088,-47862.34830534299,-0.4369343493779819,183,71589.034191675,南京新百,综合类,0.0006171539479545878
300182,2018-05-03,2018-11-01 00:00:00,4400,15.760243188690001,4.90420784304,-47766.555520860005,-0.6888241009783784,182,41995.038501416006,捷成股份,影视音像,0.0006159187621097128
000862,2021-11-02,2022-05-06 00:00:00,3800,18.72251109017763,6.1938,-47609.102142674994,-0.6691789915269728,185,34804.770000000004,银星能源,新型电力,0.00061388850288913
600503,2011-11-01,2012-05-03 00:00:00,1400,40.44461628564499,6.44621254479,-47597.76523719699,-0.8406163010853449,184,83855.77199999998,华丽家族,区域地产,0.0006137423208437213
600702,2012-05-03,2013-05-03 00:00:00,1200,54.196726008424996,14.58557523459,-47533.38092860199,-0.7308771892914225,365,62228.1400741,舍得酒业,白酒,0.0006129121269304968
600550,2010-11-02,2011-05-04 00:00:00,1400,53.67707882179499,19.73525021478,-47518.560049821,-0.632333751240451,183,39109.57544694199,保变电气,电气设备,0.0006127210213083176
000599,2025-05-07,2025-08-01 00:00:00,13600,8.429588749052058,4.94505,-47389.72698710799,-0.4133699582252941,86,62758.695999999996,青岛双星,汽车配件,0.0006110598024986351
600416,2010-11-02,2011-05-04 00:00:00,2500,31.917983347650402,13.05555204933,-47156.07824580101,-0.5909656350425077,183,38894.79578985,湘电股份,电气设备,0.0006080470534748659
002080,2010-11-02,2011-05-04 00:00:00,3900,17.806413034666665,5.72029759638,-47135.85020931799,-0.6787507071051673,183,39538.37127240001,中材科技,玻璃,0.0006077862260600634
000902,2013-05-03,2013-11-01 00:00:00,9800,8.683951067424285,3.87621599391,-47115.803720439995,-0.5536345191475486,182,38124.747793131995,新洋丰,农药化肥,0.0006075277395839139
600777,2018-05-03,2019-05-07 00:00:00,13000,5.922293551327999,2.31768,-46859.97616726399,-0.6086516178381111,369,42292.24999999999,新潮能源,石油开采,0.0006042290091616018
600540,2006-11-01,2007-05-09 00:00:00,6600,12.04195242432,4.95014036454,-46805.959594547996,-0.5889254341727288,189,64229.826484824,新赛股份,种植业,0.0006035325004802062
300012,2021-05-07,2021-08-03 00:00:00,2000,51.73961658065198,28.39719270168,-46684.847757943964,-0.45115185271204494,88,64032.13456639999,华测检测,电器仪表,0.0006019708418748372
002010,2018-05-03,2018-11-01 00:00:00,2900,23.55742039236793,7.51089726432,-46534.917071339,-0.6811663951646691,182,64185.068427479986,传化智联,仓储物流,0.0006000375828845451
000547,2020-11-03,2021-05-07 00:00:00,4100,28.095827653796338,16.80735596985,-46282.733904179986,-0.40178462877284293,185,82083.75060385499,航天发展,通信设备,0.0005967858444569405
002389,2022-11-01,2023-05-05 00:00:00,1300,55.633386488679996,20.10026563398,-46193.05711110999,-0.6387013823422397,185,41654.85910185599,航天彩虹,航空,0.0005956295203557916
600872,2018-11-01,2019-05-07 00:00:00,600,109.92702585865001,32.95299097305,-46184.420931360015,-0.7002284859828491,187,49055.069359295994,中炬高新,食品,0.0005955181624175236
000538,2013-11-01,2014-05-06 00:00:00,700,96.55002793435997,30.68289980658,-46106.98968944598,-0.6822072405049957,186,38001.58495333199,云南白药,中成药,0.0005945197367586444
300579,2022-05-06,2022-11-01 00:00:00,700,92.259069617,26.393287293,-46106.0476268,-0.7139220306191265,179,66719.771118,数字认证,软件服务,0.0005945075894716479
000029,2011-05-04,2011-11-01 00:00:00,8100,9.464600664037036,3.7783913265,-46058.295634049995,-0.600787031527185,181,38162.43318887999,深深房A,区域地产,0.0005938918584870261
300221,2016-11-01,2017-05-03 00:00:00,3400,27.194463354882352,13.657916412,-46024.25960579999,-0.4977684893514205,183,73783.09955016,银禧科技,塑料,0.0005934529859713447
600880,2016-05-04,2016-08-02 00:00:00,3400,21.45088908168088,7.991256234510001,-45762.75168038099,-0.6274627031037816,90,32299.8553878,博瑞传播,广告包装,0.0005900810108320527
600764,2025-05-07,2025-11-03 00:00:00,2100,53.463476639430006,31.67215126488,-45761.783286555015,-0.40759274825159086,180,60211.84987818,中国海防,船舶,0.0005900685240215631
300141,2019-11-01,2020-05-07 00:00:00,7700,14.178087109549999,8.23913769492,-45729.91049265099,-0.41888227718883697,188,58884.697872000004,和顺电气,电气设备,0.0005896575450101548
002639,2025-05-07,2025-11-03 00:00:00,7400,17.458146651891894,11.30868,-45506.05322400001,-0.35224051982777294,180,66968.125224,雪人集团,专用机械,0.0005867710506775969
600562,2012-11-01,2013-05-03 00:00:00,2300,28.397049470789998,8.639855805689999,-45441.545429729995,-0.6957481158534728,183,49766.03023391999,国睿科技,通信设备,0.0005859392644966598
000816,2017-05-03,2017-11-01 00:00:00,10100,9.595043702303464,5.09623735131,-45437.94414503398,-0.46886772906656426,182,58813.64699710499,智慧农业,农用机械,0.0005858928282655398
300056,2024-05-07,2024-11-01 00:00:00,6900,21.4578305825942,14.87511,-45420.772019899996,-0.3067747486054747,178,67411.34399999998,中创环保,环境保护,0.0005856714048461622
002010,2021-05-07,2021-11-02 00:00:00,11800,11.228948098758218,7.397432162999999,-45211.88804194699,-0.3412177082002844,179,64185.068427479986,传化智联,仓储物流,0.0005829779813886307
300318,2020-11-03,2021-05-07 00:00:00,4900,17.017,7.802189999999999,-45152.569,-0.5415061409179056,185,83383.3,博晖创新,医疗保健,0.0005822131008045667
603955,2022-05-06,2022-11-01 00:00:00,1300,53.51377190543999,18.83416745952,-45083.48577969599,-0.648050085260288,179,54234.50625793199,大千生态,建筑工程,0.0005813223174715792
600732,2018-11-01,2019-11-01 00:00:00,4900,14.282724182665712,5.099820354719999,-44996.22875693399,-0.6429378394837717,365,467700.57253919996,爱旭股份,电气设备,0.0005801971947395982
600590,2015-05-05,2016-05-04 00:00:00,5900,18.210287682705758,10.5839142912,-44995.60300988398,-0.4187947782257442,365,67185.04569176398,泰豪科技,通信设备,0.0005801891261371161
002061,2017-11-01,2018-05-03 00:00:00,9100,11.894084735499998,6.95733445125,-44924.42758667498,-0.41505928316748864,183,73691.05132388999,浙江交科,建筑工程,0.0005792713652042313
002132,2025-05-07,2025-11-03 00:00:00,19300,6.10237473493316,3.77488789344,-44920.49604081799,-0.3814067379653723,180,62741.18094244,恒星科技,钢加工,0.0005792206704695784
600279,2017-05-03,2017-11-01 00:00:00,8800,11.0602726058825,5.95944986472,-44887.240122229996,-0.4611841789911746,182,67646.42021036899,重庆港,港口,0.0005787918569621737
600151,2013-11-01,2014-05-06 00:00:00,2900,22.437856440999997,6.966725830470001,-44866.27877053699,-0.6895101878921055,186,39299.547286999994,航天机电,汽车配件,0.0005785215739232123
600707,2024-05-07,2024-11-01 00:00:00,8300,12.599293060329877,7.1953376997600005,-44852.82949272998,-0.42890941060691457,178,67610.259160444,彩虹股份,元器件,0.000578348154206261
600410,2017-11-01,2018-11-01 00:00:00,7300,12.089313844827394,5.94653214537,-44842.30640603898,-0.5081166539559796,365,73190.95297514,华胜天成,软件服务,0.0005782124658264391
603969,2021-05-07,2021-11-02 00:00:00,15700,6.618226083258599,3.7629217116,-44828.27863504,-0.43143046727904166,179,64388.417607514,银龙股份,其他建材,0.0005780315868148663
002259,2016-11-01,2017-05-03 00:00:00,8100,14.11768134443333,8.58847071222,-44786.60612092797,-0.39165146863110945,183,74482.47903095998,升达林业,供气供热,0.0005774942467654112
600248,2018-05-03,2018-11-01 00:00:00,9900,8.11044519376,3.58838338464,-44768.411910288,-0.5575602449788053,182,42147.624050532,陕建股份,建筑工程,0.0005772596442161434
601991,2012-05-03,2012-11-01 00:00:00,8400,8.4626424883,3.13356741588,-44764.230608328005,-0.6297176183193012,182,67955.632256512,大唐发电,火力发电,0.0005772057290384815
000731,2015-05-05,2015-11-03 00:00:00,5500,15.88701622417,7.75660165398,-44717.28013604501,-0.5117647301083917,182,67674.507305405,四川美丰,农药化肥,0.0005766003331405843
600406,2010-11-02,2011-02-01 00:00:00,6100,14.973583183247213,7.64853784596,-44682.776557451994,-0.48919789255805124,91,63824.166566160005,国电南瑞,电气设备,0.0005761554318663844
600754,2023-05-05,2023-11-01 00:00:00,1400,62.41643989151999,30.51711113121,-44659.06026443399,-0.5110725446012484,180,67685.394128352,锦江酒店,酒店餐饮,0.0005758496256453121
600118,2010-11-02,2011-02-01 00:00:00,2300,33.70029627094565,14.301826857,-44616.47965207499,-0.5756171773086112,91,90291.40578057601,中国卫星,航空,0.0005753005762577636
600604,2014-05-06,2014-11-03 00:00:00,3600,18.537526390716668,6.15192279912,-44588.172929748,-0.6681368015637299,181,34793.995811575,市北高新,园区开发,0.0005749355794271377
000762,2010-11-02,2011-11-01 00:00:00,1300,51.9161802852,17.62215295725,-44582.235526335,-0.660565302369257,364,113590.47700000001,西藏矿业,小金属,0.000574859020459877
002069,2016-11-01,2017-05-03 00:00:00,6800,16.531322768254412,9.98001,-44548.92682413,-0.3962969485318556,183,74057.984,獐子岛,渔业,0.0005744295263419555
600798,2015-05-05,2016-05-04 00:00:00,7700,10.686465811319996,4.92014270223,-44400.687939992975,-0.539591218546905,365,67008.41391644398,宁波海运,水运,0.0005725180820475405
603613,2022-11-01,2023-05-05 00:00:00,300,186.34177663101,38.73776099247,-44281.204691561994,-0.792114459286402,185,30661.384077324,国联股份,互联网,0.0005709774230307035
600216,2016-05-04,2016-11-01 00:00:00,2800,27.53457271994,11.72891230704,-44255.849156120006,-0.5740296235450151,181,31417.488598496,浙江医药,化学制药,0.0005706504798414413
000029,2014-05-06,2015-05-05 00:00:00,4900,19.431520036499997,10.4022378495,-44243.48271629998,-0.46467194383349686,364,38162.43318887999,深深房A,区域地产,0.0005704910226182315
600016,2009-11-03,2010-05-05 00:00:00,12900,5.494487341599069,2.06814182796,-44199.857125944,-0.6235969437399587,183,30845.12428998,民生银行,银行,0.0005699284989169647
002234,2016-05-04,2016-11-01 00:00:00,1200,64.88807464139,28.10235102849,-44142.86833548001,-0.5669103886376616,181,46172.21214606,民和股份,农业综合,0.0005691936654148634
600343,2014-05-06,2014-11-03 00:00:00,2200,36.90386242634,16.84730071512,-44124.435764684,-0.5434813700395951,181,67615.364985168,航天动力,机械基件,0.0005689559893659337
002812,2019-11-01,2020-05-07 00:00:00,1500,81.01216708585,51.82316606889,-43783.50152543999,-0.360303915657853,188,113213.09999999999,恩捷股份,电气设备,0.0005645598634090541
002254,2021-08-03,2021-11-02 00:00:00,4600,25.869649126625653,16.41455593308,-43493.42869031001,-0.3654898119129977,91,88437.06697826,泰和新材,化纤,0.0005608195622802257
600320,2015-08-03,2015-11-03 00:00:00,12800,8.055681950331639,4.66511309712,-43399.28132110898,-0.4208915985160083,92,77840.05759129599,振华重工,专用机械,0.0005596055929985417
600272,2014-11-03,2015-05-05 00:00:00,4500,26.30209591364911,16.662576524219997,-43377.83725243102,-0.3664924430766302,183,61773.998991705004,开开实业,医药商业,0.0005593290856370477
600848,2019-05-07,2019-11-01 00:00:00,1700,45.90504627061294,20.430182556810003,-43307.268313465,-0.5549469128868125,178,38380.1741323,上海临港,园区开发,0.000558419144925238
600115,2025-11-03,2026-05-07 00:00:00,19600,6.721939358828569,4.52547,-43050.79943303995,-0.32676125766349473,185,94174.07999999999,中国东航,空运,0.0005551121450038793
000589,2016-11-01,2017-05-03 00:00:00,18400,6.290933573707391,3.95277822504,-43022.058415479994,-0.37167064653799275,183,74669.82768044801,贵州轮胎,汽车配件,0.0005547415482178169
600638,2017-11-01,2018-05-03 00:00:00,5700,17.75809796813684,10.23991745238,-42853.62893981399,-0.42336631598984464,183,73052.99613611998,新黄浦,区域地产,0.0005525697593370028
600038,2009-05-05,2009-11-03 00:00:00,1400,45.17028781694,14.56173464904,-42851.97443506,-0.6776258165975426,182,38429.0758852,中直股份,航空,0.0005525484255709636
600871,2019-05-07,2019-11-01 00:00:00,16300,4.846598128396564,2.2177800000000003,-42849.73549286398,-0.5424048082291227,178,39514.10349286399,石化油服,石油开采,0.0005525195558630525
600395,2017-11-01,2018-05-03 00:00:00,15000,6.9185577843382,4.067345852730001,-42768.17897412298,-0.4121107347058075,183,73398.68696159999,盘江股份,煤炭开采,0.0005514679374342755
600552,2021-05-07,2021-11-02 00:00:00,9200,12.738063936967933,8.1074380464,-42601.75819322498,-0.3635266641368554,179,64591.817754464,凯盛科技,元器件,0.0005493220493700783
000572,2013-11-01,2014-05-06 00:00:00,6400,10.415015713289687,3.7593426942,-42596.307322174,-0.6390458931902491,186,26328.431088960002,海马汽车,汽车整车,0.0005492517639221633
000993,2021-11-02,2022-05-06 00:00:00,2100,33.998412566213325,13.82225367024,-42369.93368154398,-0.5934441455664854,185,34796.49197824799,闽东电力,水力发电,0.0005463328226045248
000998,2011-11-01,2012-05-03 00:00:00,1300,40.046726954849994,7.5338803782,-42266.700549644986,-0.8118727558760559,184,39205.671720214996,隆平高科,种植业,0.0005450016983039633
000006,2009-11-03,2010-05-05 00:00:00,9400,6.979310066452128,2.48849815086,-42213.632006566004,-0.6434463969695781,183,30929.705076270002,深振业A,区域地产,0.0005443174138500445
002099,2012-08-01,2012-11-01 00:00:00,6200,9.78916291966516,2.98222335144,-42203.025322995985,-0.6953546104080973,92,218445.58896159995,海翔药业,化学制药,0.0005441806475426711
002001,2018-05-03,2018-11-01 00:00:00,3800,19.0495125821,7.965774801449999,-42118.20356647,-0.5818383926035413,182,41649.73510698,新和成,化学制药,0.0005430869259898027
600398,2023-11-01,2024-05-07 00:00:00,5300,15.490424710326606,7.55300151792,-42068.34291975501,-0.5124083645760317,188,34704.752322240005,海澜之家,服饰,0.0005424440052795313
000055,2013-08-01,2013-11-01 00:00:00,10200,7.141106110962354,3.021818157,-42016.73713041601,-0.5768417231104872,92,31636.115811300002,方大集团,其他建材,0.0005417785820866554
600135,2011-05-04,2011-11-01 00:00:00,2300,33.040101474379995,14.87161234116,-41787.52500640598,-0.5498920500382916,181,36918.133858605994,乐凯胶片,塑料,0.0005388230403662745
600071,2021-11-02,2022-05-06 00:00:00,700,88.53007315724,29.0709,-41621.421210067994,-0.6716268386182557,185,93231.138,凤凰光学,元器件,0.0005366812396124491
000620,2024-05-07,2024-08-01 00:00:00,39200,2.658260961223214,1.5984,-41546.549679949996,-0.39870463309799087,86,67883.81599999999,盈新发展,全国地产,0.0005357158197774896
603318,2022-11-01,2023-05-05 00:00:00,3100,21.031227413325162,7.63176273786,-41538.340493942,-0.6371223330016109,185,34376.200002143996,水发燃气,供气供热,0.0005356099676466662
002073,2011-11-01,2012-05-03 00:00:00,800,63.89037612082126,12.04803638352,-41473.87178984101,-0.811426428907911,184,72911.76244352,软控股份,专用机械,0.000534778685508113
002594,2015-05-05,2015-11-03 00:00:00,3500,32.54183509291,20.70855845226,-41416.468242275,-0.363632739421882,182,67645.87930100001,比亚迪,汽车整车,0.0005340385039821053
300685,2020-08-03,2020-11-03 00:00:00,2300,63.23790529578261,45.2471700375,-41378.69109405001,-0.2844929030165462,92,95245.55562522,艾德生物,医疗保健,0.0005335513921500494
600390,2016-11-01,2017-05-03 00:00:00,7300,15.909516450910273,10.25397826749,-41285.42873896799,-0.3554814629891965,183,74604.676941795,五矿资本,多元金融,0.000532348834551596
601069,2025-05-07,2025-11-03 00:00:00,3800,38.09068251857289,27.22989546738,-41270.99079453298,-0.28512975701858867,180,62791.07387553,西部黄金,黄金,0.0005321626666195177
000596,2022-11-01,2023-05-05 00:00:00,100,676.0477633909999,265.04794124550006,-41099.98221454998,-0.6079449476823333,185,39313.0432695,古井贡酒,白酒,0.0005299576218608
000593,2022-05-06,2022-11-01 00:00:00,3200,20.58529742644375,7.74225,-41097.75176461999,-0.6238941881862561,179,113975.862,德龙汇能,供气供热,0.0005299288616551531
600490,2016-05-04,2016-11-01 00:00:00,4400,17.15975828112,7.823010039120001,-41081.692264799996,-0.5441072122952189,181,73248.14210714001,鹏欣资源,铜,0.0005297217848177849
600576,2015-11-03,2017-05-03 00:00:00,1400,41.072285276879995,11.73825,-41067.649387631995,-0.714205091806577,547,30888.613387631995,祥源文旅,旅游景点,0.0005295407110219572
002141,2017-05-03,2017-11-01 00:00:00,8200,12.816923848753413,7.812180000000001,-41038.89955977799,-0.39047933090748443,182,58688.63,贤丰控股,元器件,0.0005291700006328655
600694,2012-05-03,2013-05-03 00:00:00,2000,37.620314904172005,17.1318066444,-40977.016519544006,-0.5446128856699144,365,37295.37047236,大商股份,百货,0.0005283720589533602
600031,2011-05-04,2011-11-01 00:00:00,2700,26.684471636044446,11.51398760688,-40960.306878744,-0.56851356234735,181,38312.83952496,三一重工,工程机械,0.0005281565989695993
600596,2012-11-01,2013-11-01 00:00:00,3100,18.992888801338065,5.79407148864,-40916.333669364,-0.6949346911233534,365,30109.627835287003,新安股份,化工原料,0.0005275895929464104
600580,2013-05-03,2013-11-01 00:00:00,9200,9.283663017324345,4.8428268255,-40855.69296478397,-0.4783495677877635,182,73577.630430304,卧龙电驱,电气设备,0.0005268076703796454
600703,2017-11-01,2018-05-03 00:00:00,3000,33.439662712456,19.82227572216,-40852.16097088799,-0.4072226178652105,183,73169.63409755999,三安光电,半导体,0.0005267621276084643
600592,2017-05-03,2017-11-01 00:00:00,4200,19.47391979104,9.7679571651,-40765.043028948,-0.4984082675746533,182,58379.771181731994,龙溪股份,机械基件,0.0005256387982335046
600641,2025-11-03,2026-05-07 00:00:00,5100,36.17663834255058,28.19178,-40722.777547007965,-0.22071863800453995,185,94086.99299999999,先导基电,半导体,0.0005250938122483814
000599,2011-11-01,2012-05-03 00:00:00,2700,19.216189254484444,4.152385098360001,-40672.271221536,-0.7839121459843571,184,62758.695999999996,青岛双星,汽车配件,0.0005244425659291903
300559,2022-05-06,2022-11-01 00:00:00,1800,32.16255984052222,9.5765995143,-40654.7285872,-0.7022438648607111,179,42242.049849999996,佳发教育,软件服务,0.000524216365033887
300513,2019-05-07,2019-11-01 00:00:00,3100,26.113289579796767,12.999947139900002,-40651.36156367997,-0.5021712182153507,178,68305.646514105,恒实科技,软件服务,0.0005241729494487389
600809,2017-11-01,2018-05-03 00:00:00,2000,54.00752623115849,33.75655701264,-40501.938437036966,-0.3749656877791807,183,71199.07774979998,山西汾酒,白酒,0.0005222462351150597
600233,2022-11-01,2023-05-05 00:00:00,1700,39.459261154254115,15.65308690434,-40470.496224853996,-0.6033101876097233,185,29645.316142441996,圆通速递,仓储物流,0.0005218408081757597
002183,2015-11-03,2016-05-04 00:00:00,1200,47.16582731527333,13.48944651054,-40411.65696568,-0.7139995781188848,183,114332.218,怡亚通,仓储物流,0.0005210821140794672
002236,2013-11-01,2014-05-06 00:00:00,1900,30.947173179027367,9.78351333336,-40210.953706768,-0.6838640713074821,186,33413.885505,大华股份,IT设备,0.0005184941756896773
600516,2009-11-03,2010-02-02 00:00:00,10200,6.649712207962353,2.71109287332,-40173.917213352004,-0.5922992170888626,91,125940.44174712,方大炭素,矿物制品,0.0005180166141211506
000729,2023-05-05,2023-11-01 00:00:00,5700,16.92789314567228,9.88509108393,-40143.97175193099,-0.4160471714427625,180,68432.03186819999,燕京啤酒,啤酒,0.0005176304868124486
600860,2011-11-01,2012-05-03 00:00:00,2200,23.159499999999998,4.94505,-40071.79,-0.7864785509186295,184,62162.09999999999,京城股份,专用机械,0.0005166997499231865
000560,2018-05-03,2019-05-07 00:00:00,6100,12.245907236185573,5.67884662884,-40059.069704808,-0.536265748277146,369,42229.27053545199,我爱我家,房产服务,0.0005165357299643912
600161,2009-11-03,2010-05-05 00:00:00,3300,19.865452093760002,7.72973674578,-40047.860648334005,-0.6108955029416113,183,49471.452798768005,天坛生物,生物制药,0.0005163911964489932
002241,2010-11-02,2011-05-04 00:00:00,7000,10.836236595183998,5.145876772199999,-39832.518760887986,-0.5251232540929378,183,39534.9066112,歌尔股份,元器件,0.0005136145024357898
000407,2011-05-04,2011-11-01 00:00:00,6500,11.331986674469999,5.20872981624,-39801.16957849499,-0.5403515759531534,181,157455.11572190397,胜利股份,供气供热,0.000513210275055312
300546,2024-11-01,2025-05-07 00:00:00,1900,37.77135846484,16.84480884948,-39760.444269184,-0.554032220864912,187,38692.43123746,雄帝科技,IT设备,0.0005126851485976086
600588,2018-11-01,2019-05-07 00:00:00,1000,55.97501565656,16.3475409951,-39627.47466146,-0.7079493269747009,187,26561.45307816,用友网络,软件服务,0.0005109705917221016
600425,2022-05-06,2022-11-01 00:00:00,4700,11.625858273391064,3.21431279967,-39534.26372648899,-0.7235203867032485,179,23553.180691039997,青松建化,水泥,0.0005097686971526395
000802,2006-11-01,2007-05-09 00:00:00,4800,16.552182038058334,8.347217427,-39383.83013308,-0.4957028983968824,189,64189.972526679994,北京文化,影视音像,0.000507828953505189
600733,2017-05-03,2017-11-01 00:00:00,4100,23.916326551678534,14.31873087606,-39350.14227003599,-0.40129890578638805,182,58824.327716153995,北汽蓝谷,汽车整车,0.0005073945703540922
000552,2022-05-06,2022-11-01 00:00:00,4700,11.247377660668084,2.8938200832,-39261.7206141,-0.7427115750438747,179,23196.549376,甘肃能化,煤炭开采,0.0005062544304324685
300523,2019-11-01,2020-05-07 00:00:00,1200,73.72571241035,41.05075004811,-39209.954834688004,-0.4431962919581489,188,48272.20109712001,辰安科技,软件服务,0.0005055869442713373
000506,2011-05-04,2011-11-01 00:00:00,2900,21.302408542587585,7.80393443382,-39145.574915426,-0.6336595264231064,181,38313.356681599995,招金黄金,黄金,0.0005047568069557157
600094,2011-11-01,2012-02-01 00:00:00,2300,22.214011279459996,5.200238436119999,-39131.677539681994,-0.7659027732227561,92,38112.70997934399,大名城,区域地产,0.0005045776093064088
600460,2014-05-06,2014-11-03 00:00:00,3400,17.850555095902937,6.353785854000001,-39089.01542246998,-0.6440566794778095,181,92234.54275035,士兰微,半导体,0.0005040275089666276
300348,2024-11-01,2025-05-07 00:00:00,1900,33.66677645172947,13.11481950255,-39048.71820344099,-0.6104521761578903,187,33607.17609248999,长亮科技,软件服务,0.0005035079024555414
600653,2021-11-02,2022-05-06 00:00:00,18100,3.974672683860331,1.81818,-39032.51757787199,-0.5425585590021152,185,35149.114,申华控股,汽车服务,0.0005032990058931443
000665,2012-05-03,2012-08-01 00:00:00,3300,20.768225707926664,8.99266699134,-38859.34376473599,-0.5669987837281765,90,32760.662668734003,湖北广电,影视音像,0.000501066041856833
000425,2017-05-03,2017-11-01 00:00:00,18800,5.163562522629149,3.09710354625,-38849.42875592799,-0.4002002430149645,182,59103.795851099996,徐工机械,工程机械,0.0005009381942470412
603703,2021-05-07,2021-11-02 00:00:00,6700,17.11911881022627,11.32685025156,-38808.199343064,-0.3383508592279997,179,64083.443219796,盛洋科技,元器件,0.0005004065677008773
600803,2012-05-03,2013-11-01 00:00:00,4300,15.879709929339066,6.87152312847,-38735.203243736985,-0.5672765334476106,547,33274.267401375,新奥股份,供气供热,0.0004994653303299579
600095,2019-11-01,2020-11-03 00:00:00,6400,18.377653989069373,12.3270270336,-38724.01251500398,-0.3292382672493537,368,61977.401205719994,湘财股份,证券,0.0004993210331388965
300368,2020-11-03,2021-11-02 00:00:00,4400,18.6632364919,9.86655448908,-38705.40081240801,-0.4713374342460823,364,82118.24056436,汇金股份,IT设备,0.0004990810473015535
600545,2017-05-03,2017-11-01 00:00:00,4800,18.67735288356437,10.61526735675,-38698.01052870898,-0.4316503295233457,182,58967.25586751999,卓郎智能,纺织机械,0.0004989857543850367
002006,2016-05-04,2016-11-01 00:00:00,2500,27.336900723132,11.86153684974,-38688.40968348,-0.5660979651690004,181,36413.06151483,精工科技,专用机械,0.0004988619577108959
300072,2017-05-03,2017-11-01 00:00:00,1900,47.17322123197894,26.81377182756,-38682.95386839599,-0.43158912774472946,182,56271.2908758,海新能科,化工原料,0.0004987916085128808
000791,2024-05-07,2024-11-01 00:00:00,11400,9.57440448490842,6.18763089528,-38609.218921764,-0.3537320357591739,178,67523.20857281999,甘肃能源,水力发电,0.0004978408441850243
000009,2009-11-03,2010-05-05 00:00:00,5700,11.558126676412105,4.800337517339999,-38519.398206711005,-0.5846785857489729,183,30822.351844283996,中国宝安,电气设备,0.0004966826643032222
000593,2018-11-01,2019-05-07 00:00:00,1800,27.591533202566666,6.1938,-38515.91976462,-0.7755180926508343,187,113975.862,德龙汇能,供气供热,0.0004966378120478439
000596,2011-11-01,2012-05-03 00:00:00,300,166.479708395,38.09919748518,-38514.153272945994,-0.7711481005553932,184,39313.0432695,古井贡酒,白酒,0.0004966150342830822
300489,2020-11-03,2021-02-02 00:00:00,2000,41.2412,22.00797,-38466.46,-0.4663596112625239,91,82482.4,光智科技,专用机械,0.0004960000604522598
000923,2014-05-06,2015-05-05 00:00:00,3100,30.446806952174516,18.0773532513,-38345.306472710996,-0.406264398112561,364,37642.691267181006,河钢资源,普钢,0.0004944378642725397
600808,2018-11-01,2019-05-07 00:00:00,4600,10.925065310724785,2.59272592875,-38328.761157084,-0.7626809675723581,187,94053.95999999998,马钢股份,普钢,0.0004942245231553382
002205,2019-11-01,2020-02-04 00:00:00,3600,17.567043595490272,6.93984073248,-38257.93030683698,-0.6049511293828882,95,49797.71020223999,国统股份,水泥,0.0004933112052673804
000301,2018-05-03,2018-11-01 00:00:00,7500,10.28706256004093,5.21049834594,-38074.23160575698,-0.4934901663590866,182,42152.96948362499,东方盛虹,化纤,0.0004909425296252579
002671,2021-05-07,2021-11-02 00:00:00,15800,6.105375844162531,3.6963,-38063.398337768,-0.39458272605213907,179,64370.306,龙泉股份,水泥,0.0004908028416587169
300474,2021-05-07,2022-05-06 00:00:00,1300,86.99770455375999,57.83713650846,-37908.73845888999,-0.33518778679132044,364,62856.41542179999,景嘉微,元器件,0.0004888086028004224
603727,2019-11-01,2020-05-07 00:00:00,3500,25.3420122384,14.5188832833,-37880.95134285,-0.4270824610643994,188,50279.35737825,博迈科,石油开采,0.0004884503059559603
300484,2020-11-03,2021-05-07 00:00:00,4500,18.29729163262,9.88702703604,-37846.190684609996,-0.4596453270486419,185,82337.81234679,蓝海华腾,电气设备,0.00048800208980640035
002250,2012-08-01,2012-11-01 00:00:00,1900,31.446967790132636,11.57498969373,-37756.758383165004,-0.6319203246882843,92,39335.980483800005,联化科技,化工原料,0.00048684891826623005
600807,2017-05-03,2017-11-01 00:00:00,4300,19.569959754461394,10.80918,-37671.35294418399,-0.44766467915010333,182,59098.039,济高发展,医疗保健,0.00048574767050655747
002028,2023-11-01,2024-11-01 00:00:00,600,138.69444966710668,75.9330981927,-37656.81088464401,-0.45251523492862167,366,54097.957417504,思源电气,电气设备,0.0004855601600777077
600738,2011-11-01,2012-05-03 00:00:00,2200,22.485399966120003,5.3714333098800005,-37650.726643728005,-0.7611146202436498,184,21370.24541652,丽尚国潮,百货,0.0004854817077360536
600318,2022-05-06,2022-11-01 00:00:00,2400,22.419121494769996,6.7580248104,-37586.63204248799,-0.6985597846919857,179,38008.25352324,新力金融,多元金融,0.00048465524941132836
600795,2024-05-07,2024-11-01 00:00:00,14300,7.164775821839998,4.53889272384,-37550.12830139998,-0.3664989894025241,178,67760.51229947997,国电电力,火力发电,0.0004841845573386399
600343,2010-11-02,2011-05-04 00:00:00,2600,24.13472599538,9.70842944241,-37508.37103772199,-0.5977402252559884,183,67615.364985168,航天动力,机械基件,0.00048364612449848244
600202,2015-05-05,2015-11-03 00:00:00,5300,17.143921568547356,10.07234362395,-37479.363106365985,-0.4124831017409133,182,66778.89380562399,哈空调,专用机械,0.0004832720860320841
600601,2015-05-05,2015-11-03 00:00:00,7100,11.56221959963493,6.29860796712,-37371.64259085601,-0.4552423163352758,182,66976.61560990401,方正科技,元器件,0.0004818830998294313
300052,2021-11-02,2022-05-06 00:00:00,1300,46.51205029624999,17.772209999999998,-37361.79238512499,-0.6179009549825656,185,34094.05999999999,中青宝,互联网,0.00048175608781329945
002052,2015-05-05,2015-11-03 00:00:00,4600,19.356544561484565,11.23875,-37341.854982829,-0.4193824231230434,182,366446.07999999996,同洲电子,家用电器,0.00048149900793789446
600826,2023-11-01,2024-05-07 00:00:00,5400,12.760318015259628,5.85334337742,-37297.66304433399,-0.541285462445357,188,32408.692834517995,兰生股份,文教休闲,0.00048092918154458904
002568,2020-08-03,2020-11-03 00:00:00,3700,42.89447862321243,32.825694976470004,-37254.49949294697,-0.23473379255141902,92,96910.506570878,百润股份,红黄酒,0.00048037261553624574
300094,2018-05-03,2018-11-01 00:00:00,5500,12.408112769051998,5.63739152544,-37238.96683986599,-0.54566889982652,182,41662.59905807999,国联水产,渔业,0.0004801723320459753
600011,2013-05-03,2013-08-01 00:00:00,8300,8.154708792591807,3.68285138208,-37116.416507247995,-0.5483773270449942,90,67811.15899958399,华能国际,火力发电,0.0004785921249672119
000723,2016-11-01,2017-05-03 00:00:00,8200,10.809331698042927,6.28339140891,-37112.71037089,-0.4187067633378636,183,74633.250900208,美锦能源,焦炭加工,0.00047854433674189535
002535,2023-11-01,2024-05-07 00:00:00,6800,9.383491764705882,3.92607,-37110.46799999999,-0.5815981834430629,188,32672.639999999996,林州重机,工程机械,0.0004785154228231984
000555,2023-05-05,2023-11-01 00:00:00,5500,18.702936737212,11.95783272747,-37098.072053580996,-0.36064411191220624,180,68154.83349675,神州信息,软件服务,0.0004783555851315266
600309,2008-08-01,2008-11-03 00:00:00,7500,8.433062077439999,3.48756142752,-37091.25487439999,-0.5864418647112924,94,58242.39220799999,万华化学,化工原料,0.0004782676820261747
603800,2022-11-01,2023-02-01 00:00:00,1000,69.80493716196,32.7285594792,-37076.377682759994,-0.5311426267276216,92,38685.23566908,洪田股份,专用机械,0.0004780758502861914
603999,2023-05-05,2023-11-01 00:00:00,8100,10.456617130959998,5.881143209759999,-37061.33876171999,-0.4375673187510055,180,68326.65513273599,读者传媒,出版业,0.0004778819331504587
002243,2016-11-01,2017-05-03 00:00:00,5500,16.84455324825,10.16940697344,-36713.30451145501,-0.39627921123426,183,73861.9597716,力合科创,广告包装,0.000473394257155036
300633,2022-11-01,2023-05-05 00:00:00,500,124.63086150915397,51.2095816575,-36710.63992582698,-0.5891099440587697,185,34220.832457811994,开立医疗,医疗保健,0.00047335989905105183
002164,2016-11-01,2017-11-01 00:00:00,7800,14.30055866316,9.6052966884,-36623.04340312801,-0.3283271713611843,365,74065.19649328801,宁波东力,机械基件,0.0004722303986875118
002722,2016-11-01,2017-05-03 00:00:00,1100,63.13858752200999,29.96900352747,-36486.542393993994,-0.5253456768094018,183,69452.44627421099,物产金轮,钢加工,0.0004704703066805461
600685,2017-05-03,2017-11-01 00:00:00,1800,46.12896219653944,25.88070844494,-36446.856752878986,-0.43894882493407683,182,65844.817740702,中船防务,船舶,0.00046995858607012
600326,2016-05-04,2016-11-01 00:00:00,6700,10.52104315575746,5.08247428815,-36438.41141296999,-0.5169229692429592,181,59140.820994254995,西藏天路,水泥,0.000469849688887863
000672,2012-11-01,2013-05-03 00:00:00,5300,10.924048372595848,4.04963287344,-36434.40214552599,-0.6292919314053076,183,23456.816124742,上峰材料,水泥,0.00046979799198373944
600429,2015-05-05,2015-11-03 00:00:00,6300,12.739177290839997,6.97389396516,-36321.28495178398,-0.4525632381162854,182,67031.65296827999,三元股份,乳制品,0.0004683394191144339
600519,2008-08-01,2009-05-05 00:00:00,600,123.29917202936664,62.79954271488,-36299.77758869199,-0.49067344345246056,277,85993.78237449999,贵州茅台,白酒,0.0004680620956125105
002016,2013-05-03,2013-11-01 00:00:00,5600,12.116068246425,5.63928757749,-36269.971746036,-0.5345612567712348,182,41196.259479375,世荣兆业,区域地产,0.0004676777685972561
002350,2016-11-01,2017-05-03 00:00:00,7600,12.29127758859,7.526261205,-36214.124515284006,-0.3876746212300476,183,74739.763098,北京科锐,电气设备,0.00046695765476746566
600657,2022-05-06,2022-11-01 00:00:00,2500,18.670174930607196,4.18646188746,-36209.28260786799,-0.7757673989118941,179,30838.187648267995,信达地产,全国地产,0.0004668952215107779
000966,2021-05-07,2021-11-02 00:00:00,7400,12.13206527722378,7.25080417776,-36121.332136031975,-0.40234378796392156,179,63905.546761055986,长源电力,火力发电,0.00046576115720261266
002316,2015-11-03,2016-05-04 00:00:00,1800,34.27268535357333,14.23637541396,-36065.357891304,-0.5846145329118283,183,34334.3,亚联发展,软件服务,0.0004650394056099564
603799,2017-11-01,2018-11-01 00:00:00,1900,37.49816814744,18.53175351618,-36036.18779939399,-0.5057957646540352,365,71246.51948013599,华友钴业,小金属,0.0004646632761883575
600206,2013-11-01,2014-05-06 00:00:00,3500,20.6010380004,10.31339544084,-36006.74895846,-0.49937496156068684,186,39446.84511767999,有研新材,半导体,0.00046428368142234814
000423,2010-11-02,2011-05-04 00:00:00,1100,65.78235069588,33.0540374754,-36001.144542527996,-0.497524227612161,183,36630.44961576,东阿阿胶,中成药,0.0004642114161127493
600478,2013-05-03,2013-11-01 00:00:00,5200,12.472920402442499,5.55320821302,-35982.503384997,-0.5547788301501109,182,93968.87499999999,科力远,电气设备,0.0004639710504731174
002274,2019-05-07,2019-11-01 00:00:00,6600,10.862052735473332,5.41111445901,-35976.19262465799,-0.5018331625901279,178,39321.47727908399,华昌化工,农药化肥,0.00046388967731037645
002050,2023-11-01,2024-05-07 00:00:00,1200,51.58891301564,21.65878439514,-35916.15434460001,-0.5801659091252069,188,31074.450655248,三花智控,家用电器,0.00046311552261721757
000539,2019-05-07,2019-11-01 00:00:00,10100,7.214279767843664,3.6603655704,-35894.533394181,-0.49262217599109304,178,39570.700990821,粤电力A,火力发电,0.00046283673448036113
300075,2012-05-03,2012-08-01 00:00:00,8800,8.122977387524998,4.047473075399999,-35864.43794669998,-0.5017254287059847,90,38042.41547105999,数字政通,软件服务,0.00046244867319866474
600736,2022-05-06,2022-11-01 00:00:00,3300,15.146863246059999,4.2824999232900005,-35852.398965140994,-0.7172681991168063,179,30566.176640999995,苏州高新,园区开发,0.0004622934383374105
000882,2011-05-04,2012-05-03 00:00:00,7300,8.40247162919548,3.49197850602,-35846.599799181,-0.5844105567834746,365,67584.154085448,华联股份,其他商业,0.00046221866185247454
002184,2015-05-05,2015-08-03 00:00:00,2700,34.176694133804446,20.91420717768,-35808.714781536,-0.38805646046983844,90,66038.74028551801,海得控制,机械基件,0.0004617301591141889
600683,2018-05-03,2018-11-01 00:00:00,8600,7.582454399519998,3.4224472269,-35776.06168453198,-0.5486359631629758,182,41969.34358616999,京投发展,区域地产,0.00046130911860024646
600367,2014-11-03,2015-05-05 00:00:00,5800,20.005172368733273,13.84915174524,-35704.91961626098,-0.307721448734664,183,61989.82976986799,红星发展,化工原料,0.0004603917877576601
600110,2016-11-01,2017-11-01 00:00:00,6200,16.884904628365966,11.12640030216,-35702.72682247699,-0.34104452781639694,365,114214.09999999998,诺德股份,电气设备,0.0004603635131035999
002086,2015-05-05,2015-08-03 00:00:00,5900,14.054078043768476,8.00908284006,-35665.47170188001,-0.4301239245208833,90,67240.90452079,东方海洋,渔业,0.0004598831324793299
002149,2010-11-02,2011-05-04 00:00:00,2900,21.36790168064276,9.09981355752,-35577.455557056004,-0.5741363053086516,183,73778.659779825,西部材料,小金属,0.0004587482213605661
002103,2015-05-05,2015-11-03 00:00:00,5200,16.384603793249997,9.55633657752,-35506.989521795986,-0.41674899813830435,182,66668.3096079,广博股份,文教休闲,0.00045783960752532365
601595,2023-05-05,2023-11-01 00:00:00,1700,39.085428382,18.22975735464,-35454.64074651201,-0.5335919776426106,180,66445.22824940001,上海电影,影视音像,0.0004571646040104316
600641,2007-11-01,2008-05-06 00:00:00,2300,20.955818166761734,5.5419387138,-35451.922741811984,-0.73554176364299,187,94086.99299999999,先导基电,半导体,0.00045712955710215046
600256,2017-05-03,2017-11-01 00:00:00,23000,4.073642328407826,2.5343093538,-35404.65841598,-0.37787632062667387,182,59084.929623719996,广汇能源,石油开采,0.0004565201142662383
000717,2018-05-03,2018-11-01 00:00:00,6700,10.428763558048656,5.144883426540001,-35401.99688110799,-0.5066641028054271,182,42098.92944457199,中南股份,普钢,0.00045648579549977496
300729,2020-11-03,2021-05-07 00:00:00,2600,31.146176421360003,17.53002389853,-35401.996559358005,-0.4371693121693122,185,80980.058695536,乐歌股份,家居用品,0.0004564857913510175
601865,2020-11-03,2021-05-07 00:00:00,2000,41.39771905268999,23.7037609116,-35387.916282179984,-0.42741384177639263,185,82795.43810537999,福莱特,玻璃,0.00045630423530631045
000031,2018-05-03,2018-11-01 00:00:00,6400,10.243548179865,4.72626615285,-35310.604972896,-0.5386104433871772,182,42059.905183295996,大悦城,全国地产,0.00045530735610093255
300073,2017-11-01,2018-05-03 00:00:00,2600,37.73640959549999,24.15746727108,-35305.25004349198,-0.35983662648285597,183,71517.22668089998,当升科技,电气设备,0.00045523830775834757
600645,2014-11-03,2015-11-03 00:00:00,1900,70.38136368421051,51.80814,-35289.12499999997,-0.26389405819906364,365,71071.0,中源协和,医疗保健,0.0004550303857778266
002074,2015-11-03,2016-05-04 00:00:00,1000,64.84754851574999,29.5728600375,-35274.68847824999,-0.5439633306983467,183,38043.615109499995,国轩高科,电气设备,0.0004548442361903493
000568,2009-08-03,2009-11-03 00:00:00,6700,22.899714953637904,17.64122128983,-35231.90754751296,-0.229631402594054,92,133333.87204537395,泸州老窖,白酒,0.00045429260382720045
300036,2017-05-03,2017-11-01 00:00:00,3100,27.31660367726613,15.95683197522,-35215.292276343,-0.4158559327600504,182,58235.529377025,超图软件,软件服务,0.0004540783606786308
600111,2010-11-02,2011-05-04 00:00:00,2000,34.6977216586,17.23356182736,-34928.319662480004,-0.5033229559875562,183,58267.584038664,北方稀土,小金属,0.0004503780348928894
000797,2017-11-01,2018-05-03 00:00:00,9500,9.10281228119421,5.426297470800001,-34926.89069874498,-0.40388779827852084,183,73194.17027422499,中国武夷,全国地产,0.0004503596093320513
600143,2011-05-04,2011-08-02 00:00:00,4900,15.177009778951428,8.0531615772,-34906.856188582,-0.4693841741889957,90,37927.86949151199,金发科技,塑料,0.0004501012773136652
600637,2012-11-01,2013-05-03 00:00:00,1700,32.64792887709294,12.11752957077,-34901.678820748995,-0.6288423190215864,183,39680.32480612199,东方明珠,影视音像,0.00045003451851240937
600121,2012-11-01,2013-05-03 00:00:00,2600,18.743768263219998,5.3458107381,-34834.689565311994,-0.7147953035361716,183,32984.843591699995,郑州煤电,煤炭开采,0.0004491707354986773
000595,2013-05-03,2013-11-01 00:00:00,11100,5.789387207207207,2.652345,-34821.16849999999,-0.54186083862242,182,114162.048,新能股份,新型电力,0.00044899639012839547
000818,2011-05-04,2011-11-01 00:00:00,5600,11.021767871399998,4.80693856968,-34803.04408963199,-0.5638686437814249,181,41893.541127437995,航锦科技,化工原料,0.000448762687608377
300686,2019-11-01,2020-05-07 00:00:00,2700,33.01885922149629,20.1492040266,-34748.06902621999,-0.3897668029220631,188,50225.8281525,智动力,元器件,0.00044805381981093167
300234,2020-05-07,2020-11-03 00:00:00,8400,11.2329247316,7.0983349596,-34730.55408480001,-0.3680777598703874,180,54834.80546544,开尔新材,陶瓷,0.00044782797599782464
000525,2012-05-03,2013-05-03 00:00:00,3000,24.237917168131332,12.717609260400002,-34560.92372319399,-0.4753010676543834,365,72348.79134483001,红太阳,农药化肥,0.00044564070247145586
600610,2015-05-05,2016-05-04 00:00:00,5000,22.623526889963994,15.73425,-34446.384449819976,-0.3045182532092351,365,66516.44999999998,中毅达,化工原料,0.00044416379280735706
601069,2019-11-01,2020-05-07 00:00:00,3500,23.415291341442,13.58931064644,-34390.932432507005,-0.41963948053088285,188,62791.07387553,西部黄金,黄金,0.0004434487749986106
000899,2023-05-05,2023-11-01 00:00:00,9000,11.466401458512,7.6499955468,-34347.653205407994,-0.33283379493737497,180,68660.06467319999,赣能股份,火力发电,0.0004428907174269641
300011,2017-05-03,2017-11-01 00:00:00,3100,24.87721160634387,13.8028708125,-34330.456460916,-0.4451600512583104,182,68055.98799999998,鼎汉技术,运输设备,0.00044266897655692794
002821,2020-11-03,2021-05-07 00:00:00,400,290.82029539062495,204.9999222726,-34328.14924720998,-0.2950976065915636,185,73585.41189999999,凯莱英,生物制药,0.0004426392265321619
300251,2013-11-01,2014-05-06 00:00:00,3800,16.05474842023684,7.0403610915,-34254.6718492,-0.5614779561026506,186,67881.484725054,光线传媒,影视音像,0.0004416917831267946
600844,2012-05-03,2013-05-03 00:00:00,2200,25.217402687749995,9.70029,-34137.64791304999,-0.6153335012288095,365,61918.856999999996,金煤科技,化工原料,0.0004401828353472285
600308,2017-11-01,2018-05-03 00:00:00,18000,5.180978682601944,3.2880158928,-34073.330216435,-0.36536780129179725,183,73331.386128,华泰股份,造纸,0.00043935350035229575
000736,2012-05-03,2012-11-01 00:00:00,8900,7.527106482401123,3.7155463344,-33922.88531721,-0.506377870023867,182,33169.66547895,中交发展,全国地产,0.0004374136109236783
002068,2017-11-01,2018-05-03 00:00:00,7200,12.09417097430208,7.38757689813,-33887.47734843898,-0.3891621911227102,183,83584.865949585,黑猫股份,化工原料,0.0004369570481245302
300363,2021-05-07,2022-05-06 00:00:00,1300,91.71585971317,65.6506072764,-33884.82816780101,-0.284195694379204,364,64642.447030161,博腾股份,化学制药,0.00043692288865790444
300005,2021-05-07,2021-11-02 00:00:00,8400,12.427633940745832,8.40318028812,-33805.41068205699,-0.3238310423218266,179,64457.81381239199,探路者,服饰,0.000435898851672697
688037,2022-11-01,2023-05-05 00:00:00,200,291.29611607096,122.30981744031,-33797.25972613,-0.5801186123246656,185,34769.15009568,芯源微,半导体,0.00043579375038101255
301235,2025-08-01,2025-11-03 00:00:00,10900,33.603158829239995,30.50721692532,-33745.766752727926,-0.09213246646401707,94,366274.43123871594,华康洁净,医疗保健,0.0004351297818764947
600249,2019-05-07,2020-05-07 00:00:00,9000,8.01663541434311,4.2697823436,-33721.677636687986,-0.46738474148884945,366,39305.3084424,两面针,日用化工,0.00043481916834428895
002366,2025-05-07,2025-11-03 00:00:00,12500,10.898102811435841,8.211780000000001,-33579.035142948,-0.24649453743609095,180,114113.99999999999,融发核电,专用机械,0.0004329798858754032
300155,2021-05-07,2021-11-02 00:00:00,10800,9.03679147371,5.9285875779,-33568.602074748,-0.3439499411768484,179,64188.625108608,安居宝,IT设备,0.0004328453582256558
002123,2015-05-05,2015-11-03 00:00:00,3700,28.470517294678917,19.4015088702,-33555.33117057199,-0.31854034581148605,182,68134.380560246,梦网科技,互联网,0.0004326742385210207
300047,2023-05-05,2023-11-01 00:00:00,8800,12.5063483206025,8.693484033779999,-33553.20572403801,-0.30487430775787105,180,68054.768413632,天源迪科,软件服务,0.0004326468322660822
600821,2011-05-04,2011-11-01 00:00:00,5500,10.96927570557,4.86884612016,-33552.362719755,-0.5561378662688105,181,83730.70992285998,金开新能,新型电力,0.00043263596227244793
600552,2012-11-01,2013-05-03 00:00:00,3100,16.96721627923903,6.167611674540001,-33478.77427456698,-0.6364983169285907,183,64591.817754464,凯盛科技,元器件,0.0004316870869857216
600563,2010-11-02,2011-05-04 00:00:00,1800,36.31929426125,17.7547890384,-33416.10940113,-0.5111471905074145,183,38259.367146,法拉电子,元器件,0.000430879064073996
000690,2008-02-01,2008-05-06 00:00:00,4800,12.39453379789625,5.4339548757300005,-33410.778826398,-0.5615845691063978,95,34552.98211365,宝新能源,火力发电,0.0004308103297691154
603536,2020-11-03,2021-05-07 00:00:00,5800,14.29486245187,8.543595852000001,-33357.34627924599,-0.40233102061906445,185,82910.202220846,惠发食品,食品,0.0004301213517186914
300188,2015-05-05,2015-11-03 00:00:00,4200,23.74844461275,15.81104232081,-33337.089626148,-0.33422830090011824,182,66398.68585349999,国投智能,软件服务,0.00042986015531119344
002107,2013-11-01,2014-05-06 00:00:00,9200,6.503442188939347,2.8848816306,-33290.75713672199,-0.5564069692959785,186,97467.824454,沃华医药,中成药,0.0004292627279015435
600962,2011-05-04,2012-08-01 00:00:00,2500,20.943418818321998,7.65864880488,-33211.925033604995,-0.6343171632427099,455,93669.576,国投中鲁,软饮料,0.0004282462390457556
600963,2017-05-03,2018-05-03 00:00:00,9600,7.749421155100625,4.295438261999999,-33158.235773766006,-0.44570850183142174,365,59154.69467107199,岳阳林纸,造纸,0.00042755395085168277
000839,2015-11-03,2016-05-04 00:00:00,3000,19.373199904058,8.32935341889,-33131.539455504004,-0.5700579429242717,183,34144.11,国安股份,综合类,0.000427209719137306
600368,2019-05-07,2019-08-01 00:00:00,14300,5.082199696419999,2.77189834698,-33037.30929699199,-0.45458688903299505,86,39350.453298156004,五洲交通,路桥,0.0004259946823411364
600231,2017-11-01,2018-05-03 00:00:00,15400,5.19475650512,3.04966871856,-33034.351913024,-0.4129332692390455,183,73592.144113488,凌钢股份,普钢,0.00042595654879240585
300542,2020-11-03,2021-05-07 00:00:00,4800,17.450282639789997,10.58055997887,-32974.668772415986,-0.3936740053284702,185,83761.35667099198,新晨科技,软件服务,0.00042518697339218557
002279,2017-05-03,2017-11-01 00:00:00,4300,19.71049787497488,12.042171464310002,-32973.80356585898,-0.3890478291977011,182,58009.98771567999,久其软件,软件服务,0.0004251758171146238
300713,2020-11-03,2021-05-07 00:00:00,3500,23.9407592424,14.53009536,-32937.323588399995,-0.39308126309266556,185,83792.6573484,英可瑞,电气设备,0.0004247054314585236
600779,2017-11-01,2018-05-03 00:00:00,1800,55.29450222629667,37.065943433520005,-32811.405826998,-0.3296631321170954,183,213046.04122401596,水井坊,白酒,0.00042308180356899586
300347,2019-11-01,2020-05-07 00:00:00,700,121.38124964679999,74.62788616125,-32727.354439884988,-0.3851778064700667,188,46318.64116879999,泰格医药,医疗保健,0.00042199801543020814
000301,2008-05-06,2008-11-03 00:00:00,1000,34.999999716682,2.32001059707,-32679.989119611997,-0.933713982404285,181,42152.96948362499,东方盛虹,化纤,0.000421387270336463
000801,2009-05-05,2009-08-03 00:00:00,11000,5.375663021546999,2.40991374393,-32623.24205378699,-0.5516992537905624,90,23576.155522919995,四川九洲,家用电器,0.0004206555537168497
000554,2010-05-05,2010-11-02 00:00:00,1800,27.045154581444994,8.924019117930001,-32618.043834326985,-0.6700326082050738,181,38121.175412319986,泰山石油,石油贸易,0.00042058852604738366
002715,2017-11-01,2018-05-03 00:00:00,3200,22.45737159666,12.26657028087,-32610.564210528,-0.45378424059677747,183,71863.589109312,登云股份,汽车配件,0.0004204920811482051
002146,2012-05-03,2012-11-01 00:00:00,8300,7.718198702069277,3.79898036685,-32529.512182319995,-0.5077892506406346,182,33400.75556317499,荣盛发展,全国地产,0.00041944696779774474
600667,2011-05-04,2012-05-03 00:00:00,9700,5.948356736383918,2.59892371476,-32489.500309752002,-0.5630854318364371,365,62226.256724632,太极实业,半导体,0.0004189310406442575
600208,2009-11-03,2010-05-05 00:00:00,5400,9.750956248366665,3.7551298113,-32377.46276015999,-0.6148962506185993,183,30899.416127579996,衢州发展,全国地产,0.0004174863890862362
600505,2011-05-04,2011-11-01 00:00:00,2900,21.257847700744826,10.10869430688,-32332.544842207993,-0.5244723525549666,181,62096.085038987985,西昌电力,水力发电,0.0004169072016585504
688319,2025-11-03,2026-05-07 00:00:00,3700,43.695697269548646,34.965,-32303.579897329975,-0.19980679598018525,185,92925.833,欧林生物,生物制药,0.00041653371747491375
600132,2012-02-01,2012-05-03 00:00:00,13900,20.702648558822446,18.38808953397,-32172.370445449003,-0.1118001408503887,92,228605.485250142,重庆啤酒,啤酒,0.000414841856667736
300722,2020-11-03,2021-05-07 00:00:00,2200,36.62879219999999,22.034908035,-32106.54516299998,-0.3984265734265733,185,80583.34283999998,新余国科,航空,0.00041399308233097605
601600,2015-05-05,2015-11-03 00:00:00,7600,8.90974860776,4.688820745739999,-32079.051751352,-0.4737426439107112,182,73442.720850499,中国铝业,铝,0.00041363857261421405
600789,2010-11-02,2011-05-04 00:00:00,5400,12.485648868285185,6.5452847833800005,-32077.966058487997,-0.47577535998103493,183,39470.484421368,鲁抗医药,化学制药,0.00041362457330868457
600331,2015-05-05,2015-11-03 00:00:00,7300,11.395850475872875,7.01298,-31994.95447387199,-0.38460231512796905,182,73356.28299999998,宏达股份,农药化肥,0.00041255419274889875
600367,2010-11-02,2012-05-03 00:00:00,1500,36.026779979189996,14.70750669108,-31978.909932164996,-0.5917618310719015,548,61989.82976986799,红星发展,化工原料,0.00041234730878669904
600155,2017-05-03,2017-11-01 00:00:00,3400,21.59567538805147,12.19566213,-31960.04507737499,-0.43527294651096393,182,58045.369882499996,华创云信,证券,0.00041210405871595516
000755,2011-11-01,2012-05-03 00:00:00,1600,27.824276727747495,7.85648920644,-31948.460034091993,-0.7176390501246995,184,13121.580856384,山西高速,路桥,0.00041195467709444103
300383,2018-05-03,2018-11-01 00:00:00,2800,24.215882101125,12.812687487000002,-31928.94491955,-0.4708973460683986,182,113541.316176288,光环新网,软件服务,0.0004117030423458169
600293,2016-11-01,2017-05-03 00:00:00,7600,13.51058791174197,9.31425205437,-31892.152516026974,-0.31059609580164604,183,74807.07856621998,三峡新材,玻璃,0.0004112286281581946
002036,2015-11-03,2016-05-04 00:00:00,2700,24.13561241202222,12.32506812447,-31888.46957639099,-0.48934098235971235,183,49986.915278299995,联创电子,元器件,0.0004111811390395679
000881,2007-08-01,2007-11-01 00:00:00,2200,24.039819168365,9.5607297,-31853.996830403,-0.6022961057635008,92,64175.24424511199,中广核技,化工原料,0.0004107366353318184
600036,2008-11-03,2009-05-05 00:00:00,1700,24.67666141999882,5.94007749648,-31852.192669981992,-0.7592835839751825,183,21565.50054659,招商银行,银行,0.0004107133718529881
600844,2014-11-03,2015-05-05 00:00:00,8700,13.493924472764366,9.85014,-31700.92491304999,-0.2700314856599979,183,61918.856999999996,金煤科技,化工原料,0.00040876287220777114
002120,2016-11-01,2017-05-03 00:00:00,3800,23.83429266481421,15.49362087,-31694.552820293997,-0.3499441712875865,183,74870.60963382,韵达股份,仓储物流,0.0004086807082032805
000995,2022-11-01,2023-05-05 00:00:00,2000,34.07804399999999,18.25173,-31652.627999999986,-0.46441380262317866,185,38126.08799999999,皇台酒业,白酒,0.0004081401148292014
600295,2010-11-02,2011-05-04 00:00:00,6200,11.35695134767742,6.26082123168,-31596.006719184006,-0.4487234258549163,183,39573.201267599994,鄂尔多斯,特种钢,0.00040741002012572176
300209,2020-05-07,2020-11-03 00:00:00,5600,15.371940727000002,9.7377852672,-31551.270574880014,-0.3665220650964329,180,55067.65087824,行云科技,互联网,0.00040683317655136684
300013,2016-05-04,2016-11-01 00:00:00,3100,20.955731344935483,10.80946373598,-31453.429587762,-0.4841762590837758,181,33395.18966784,新宁物流,仓储物流,0.00040557158046154615
600489,2010-11-02,2011-05-04 00:00:00,2100,29.0524211406,14.0993303562,-31401.49064724,-0.5146934471324818,183,38585.3803335,中金黄金,黄金,0.00040490186150017723
000576,2014-05-06,2014-08-01 00:00:00,1700,30.354066900804703,11.9260202418,-31327.679320307994,-0.6071030520959999,87,33243.3325224,甘化科工,电气设备,0.00040395011229787644
300058,2013-11-01,2014-05-06 00:00:00,3000,19.693327868214,9.28557017496,-31223.273079761995,-0.5284915664280709,186,33226.202521512,蓝色光标,广告包装,0.0004026038615219431
000543,2024-05-07,2024-11-01 00:00:00,9000,10.490626524822886,7.02899548848,-31154.679327085978,-0.3299737177900659,178,67304.21729030999,皖能电力,火力发电,0.00040171938955665303
000778,2018-11-01,2019-05-07 00:00:00,4000,11.3241657103575,3.54173241231,-31129.73319219,-0.6872412058514297,187,30720.28930971,新兴铸管,钢加工,0.00040139772532198065
000565,2008-05-06,2008-11-03 00:00:00,500,64.38546148434399,2.1321341316,-31126.663676371998,-0.9668848512933552,181,25556.383524671997,渝三峡A,染料涂料,0.0004013581459057493
000025,2013-11-01,2014-05-06 00:00:00,5600,12.364808816359998,6.8097945888,-31108.07967433599,-0.4492600176890811,186,38224.707480959994,特力A,综合类,0.00040111851724916625
600816,2024-05-07,2024-11-01 00:00:00,22400,4.5679231358475,3.18681,-30936.934242984,-0.3023503449541425,178,67939.872,建元信托,多元金融,0.0003989117078807784
000968,2017-05-03,2017-11-01 00:00:00,4300,21.380798350772327,14.19397709472,-30903.33140102501,-0.33613437338240093,182,59033.643917247995,蓝焰控股,石油开采,0.00039847842102144624
000928,2009-11-03,2010-05-05 00:00:00,9700,7.1148788354974215,3.93090391125,-30884.556765199988,-0.44750936704107913,183,38327.360296225,中钢国际,建筑工程,0.00039823633426575884
300624,2023-05-05,2023-11-01 00:00:00,600,107.23427714999998,55.77883590942,-30873.264744347987,-0.4798413586413586,180,64340.56628999999,万兴科技,软件服务,0.0003980907309784997
600645,2011-05-04,2012-05-03 00:00:00,1600,45.278358125,26.00397,-30839.020999999997,-0.4256865514378675,365,71071.0,中源协和,医疗保健,0.00039764918009841575
002755,2024-11-01,2025-05-07 00:00:00,2600,29.249354846249997,17.5017035772,-30543.89329952999,-0.40163796195854007,187,41851.67565579,奥赛康,化学制药,0.0003938436997585493
600280,2017-11-01,2018-05-03 00:00:00,8700,12.450325904453218,8.94085371648,-30532.408035366996,-0.28187793756611257,183,73678.747059918,中央商场,百货,0.0003936956047240919
300071,2015-05-05,2015-11-03 00:00:00,5700,16.35949418419105,11.01203278416,-30480.52998017698,-0.3268720499438518,182,66940.16146217399,福石控股,广告包装,0.00039302667083960147
300146,2018-11-01,2019-05-07 00:00:00,900,51.544257503627776,17.6986947888,-30461.006443345,-0.6566311041039958,187,33160.627099599995,汤臣倍健,食品,0.0003927749274910089
000534,2018-05-03,2018-11-01 00:00:00,3300,19.294512004039998,10.07238058695,-30433.03367639699,-0.4779665541765976,182,41413.40074872,万泽股份,生物制药,0.0003924142367984619
000403,2014-05-06,2014-11-03 00:00:00,2500,21.556811444168,9.4242220443,-30331.473499670003,-0.5628192940913979,181,50565.2888741,派林生物,生物制药,0.0003911046841701169
300080,2016-05-04,2016-11-01 00:00:00,3600,16.176140736311112,7.75224,-30326.042650720003,-0.5207608460899271,181,42017.975999999995,易成新能,电气设备,0.00039103465689421194
600449,2022-05-06,2022-11-01 00:00:00,1400,32.35269869117,10.73839777308,-30260.021285325995,-0.6680833992989021,179,29757.588530669997,宁夏建材,水泥,0.0003901833541950146
600966,2017-11-01,2018-05-03 00:00:00,13000,6.849699075449999,4.5245956752,-30226.344203249995,-0.33944606538751476,183,73671.876278,博汇纸业,造纸,0.00038974911005751003
000612,2008-05-06,2009-05-05 00:00:00,400,81.27681978916499,5.7162054726,-30224.245726626,-0.9296699171125539,364,23106.091007999996,焦作万方,铝,0.0003897220515620738
600149,2014-05-06,2014-11-03 00:00:00,1800,28.586335555555554,11.80818,-30200.679999999997,-0.5869292173859911,181,39099.06,廊坊发展,综合类,0.00038941818679700055
300191,2020-05-07,2020-11-03 00:00:00,3200,27.060515832350003,17.63104152978,-30174.317768224013,-0.348458778871368,180,61682.94898365599,潜能恒信,石油开采,0.0003890782629112428
300380,2020-11-03,2021-05-07 00:00:00,3100,26.4582373055,16.7266753812,-30167.841965329997,-0.36780839977866,185,82020.53564705,安硕信息,软件服务,0.0003889947616317669
600986,2011-05-04,2012-11-01 00:00:00,6200,8.392863010467417,3.53662751232,-30108.66008851399,-0.5786148888753235,547,67481.16945569999,浙文互联,互联网,0.00038823164970313044
000980,2008-05-06,2008-11-03 00:00:00,1000,33.142356467220004,3.0433917618,-30098.964705420007,-0.9081721372223451,181,360737.967838248,众泰汽车,汽车配件,0.0003881066340245179
002572,2017-05-03,2017-11-01 00:00:00,2200,41.602734172999995,27.95778204219,-30018.894687781987,-0.3279821002645906,182,57264.97684908,索菲亚,家居用品,0.0003870741830636322
002235,2015-11-03,2016-05-04 00:00:00,2100,27.539893002049993,13.30799469399,-29886.986446925985,-0.5167739143721659,183,30653.18780023499,安妮股份,造纸,0.0003853733118257088
000831,2011-11-01,2012-08-01 00:00:00,1400,30.398203272579995,9.0504469935,-29886.858790711995,-0.7022703311657978,274,64419.52494978,中国稀土,小金属,0.0003853716657816004
603390,2024-11-01,2025-05-07 00:00:00,3600,18.490339913045002,10.19760346872,-29853.851199570006,-0.4484902107437433,187,33790.751506512,通达电气,汽车配件,0.00038494605429559905
000428,2015-11-03,2016-05-04 00:00:00,3100,17.099242482903225,7.47252,-29842.839697,-0.5629911671542501,183,27245.217999999997,华天酒店,酒店餐饮,0.0003848040681097012
000156,2014-11-03,2015-05-05 00:00:00,2700,44.77463579477777,33.730910325,-29818.058768399977,-0.24665137468445553,183,61374.8224089,华数传媒,影视音像,0.00038448453410309713
600299,2010-11-02,2011-05-04 00:00:00,3200,20.827853376329994,11.51269635942,-29808.502454111982,-0.44724517926059004,183,67961.4570635,安迪苏,饲料,0.00038436131162656705
000100,2013-05-03,2013-11-01 00:00:00,16700,3.481077002696706,1.70286995547,-29696.05768868599,-0.5108209458880606,182,34592.526783814996,TCL科技,元器件,0.00038291140928440107
300589,2020-11-03,2021-05-07 00:00:00,3900,21.48739899306,13.87514348748,-29687.796471762,-0.35426602857044753,185,83800.85607293401,江龙船艇,船舶,0.00038280488624865236
000070,2009-11-03,2010-05-05 00:00:00,9900,7.017596817544445,4.02432439725,-29633.396960915004,-0.4265381010221434,183,30955.529855249995,特发信息,通信设备,0.0003821034398283505
600166,2012-05-03,2012-11-01 00:00:00,9100,6.00725108511,2.76123086514,-29538.784001727003,-0.5403503489334442,182,33273.302827765,福田汽车,汽车整车,0.00038088346706566803
301096,2024-05-07,2024-11-01 00:00:00,900,71.68267702596,38.89107,-29512.446323364005,-0.4574551117013176,178,64514.409323364,百诚医药,医疗保健,0.0003805438597802506
002161,2011-05-04,2011-11-01 00:00:00,3800,16.201064068136315,8.44716700737,-29464.808830911996,-0.4786041847718143,181,67151.17809399999,远望谷,通信设备,0.00037992960520273053
603416,2020-11-03,2021-05-07 00:00:00,900,89.57176823594999,56.94549375375,-29363.64703397999,-0.3642472971646138,185,80614.59141235499,信捷电气,电器仪表,0.00037862518942353654
600648,2013-11-01,2014-05-06 00:00:00,900,52.61205470187333,20.0692174932,-29288.553487806,-0.6185433622214074,186,24676.029864485998,外高桥,园区开发,0.0003776569068354878
600391,2007-08-01,2007-11-01 00:00:00,1700,30.827087854504114,13.6314741807,-29232.543245466994,-0.5578085661209053,92,61069.007999999994,航发科技,航空,0.00037693469107697786
600313,2016-05-04,2016-11-01 00:00:00,6500,10.86355233579,6.3826584525,-29125.810241385003,-0.41247040975056415,181,38385.93469711,农发种业,种植业,0.00037555843819389687
000869,2010-11-02,2011-05-04 00:00:00,600,104.84202181786668,56.397593952,-29066.656719520008,-0.46207071387868837,183,37402.88854302,张裕A,红黄酒,0.00037479569188396866
600692,2014-05-06,2014-11-03 00:00:00,2200,23.985271346399998,10.77723489708,-29057.680188503997,-0.550672796591164,181,114041.928,亚通股份,区域地产,0.0003746799453368054
600801,2017-11-01,2019-05-07 00:00:00,11200,15.398097677462498,12.80502703512,-29042.39119423598,-0.168402012810833,552,73503.04433471999,华新建材,水泥,0.0003744828036689423
002291,2017-05-03,2017-11-01 00:00:00,3300,17.54753,8.78121,-28928.855999999996,-0.49957572376283155,182,57906.848999999995,遥望科技,广告包装,0.0003730188409542941
600702,2014-11-03,2015-05-05 00:00:00,4700,27.077491762597873,20.92769920215,-28904.02503410501,-0.2271182506255096,183,62228.1400741,舍得酒业,白酒,0.00037269866174921513
600160,2011-05-04,2011-11-01 00:00:00,3300,16.14729370254,7.40480740038,-28850.204797127997,-0.541421148534927,181,66177.71688528,巨化股份,化工原料,0.00037200468468987164
603988,2020-08-03,2020-11-03 00:00:00,5500,17.49103343988,12.24941293539,-28828.912774694996,-0.29967471747775476,92,96200.68391934,中电电机,电气设备,0.0003717301378661213
000697,2011-05-04,2011-11-01 00:00:00,2300,26.404641762629563,13.87676448486,-28814.117738869994,-0.4744573848186133,181,65266.957291536,炼石航空,航空,0.0003715393654721034
000962,2010-11-02,2011-05-04 00:00:00,1500,40.65119753695,21.46147568136,-28784.582783385,-0.4720579716783856,183,38567.7485193,东方钽业,小金属,0.00037115853137127864
000886,2011-11-01,2012-05-03 00:00:00,3700,11.125099513095135,3.35137742784,-28762.771715444,-0.6987552853891186,184,73650.09240388799,海南高速,区域地产,0.00037087729179224627
600567,2017-11-01,2018-05-03 00:00:00,16600,5.570158515367229,3.8375080506,-28761.997715136004,-0.3110594536918666,183,73556.66799280801,山鹰国际,造纸,0.0003708673115601283
300252,2016-11-01,2017-05-03 00:00:00,2700,27.116866777,16.464711807,-28760.818418999996,-0.39282395925752567,183,92960.868,金信诺,通信设备,0.0003708521053010977
300401,2016-02-02,2016-08-02 00:00:00,20900,10.448493515459996,9.0748150011,-28709.880950123923,-0.13147144249335552,182,218373.5144731139,花园生物,化学制药,0.00037019529966725935
300769,2022-11-01,2023-05-05 00:00:00,100,383.80284342399995,96.71730588,-28708.553754399996,-0.7480026332865045,185,22207.7279424,德方纳米,化工原料,0.00037017818633893905
000603,2011-05-04,2012-05-03 00:00:00,1300,44.91837912562,22.83564157992,-28707.55880941,-0.4916191985454951,365,61759.78607798998,盛达资源,铅锌,0.0003701653571684049
000875,2015-11-03,2016-05-04 00:00:00,3200,14.636964747404999,5.67148795488,-28689.52573608,-0.6125229477043386,183,27699.15180032,电投绿能,火力发电,0.0003699328323802695
000680,2008-08-01,2008-11-03 00:00:00,8600,6.734913365179999,3.39942599118,-28685.191416399986,-0.49525319675895396,94,67657.4836938,山推股份,工程机械,0.00036987694413832296
000915,2010-11-02,2011-05-04 00:00:00,4000,17.219092618728002,10.06015549428,-28635.748497792007,-0.41575577081580517,183,39796.11139504,华特达因,化学制药,0.000369239409761141
000960,2009-11-03,2010-05-05 00:00:00,1400,39.41260202022,18.977651352,-28608.930935508,-0.5184877328763065,183,58948.55494528,锡业股份,小金属,0.00036889361468371383
002562,2017-11-01,2018-05-03 00:00:00,6900,10.54046935942,6.42340721295,-28407.728810642995,-0.39059571315869235,183,72729.238579998,兄弟科技,化学制药,0.00036629924374091937
002326,2017-11-01,2018-05-03 00:00:00,5800,12.625675542479998,7.732902926429999,-28378.081173089995,-0.38752560998323715,183,93309.21599999999,永太科技,化工原料,0.00036591695667788956
300320,2017-11-01,2018-02-01 00:00:00,5900,12.301801031519998,7.49797707744,-28342.561329071992,-0.390497614273838,92,72580.62608596799,海达股份,橡胶,0.0003654589513199704
600706,2015-05-05,2015-11-03 00:00:00,3900,20.406172531359996,13.14198517968,-28330.33067155198,-0.35597990463505425,182,66675.99420081599,曲江文旅,旅游景点,0.00036530124492147937
300405,2016-11-01,2017-05-03 00:00:00,5200,14.137769646,8.69564636928,-28299.041038944,-0.3849350649350649,183,73516.4021592,科隆股份,化工原料,0.0003648977853968679
603317,2020-11-03,2021-05-07 00:00:00,2400,34.08005384784,22.2901491384,-28295.771302655994,-0.3459473615293963,185,81792.12923481599,天味食品,食品,0.00036485562426749667
600127,2015-08-03,2015-11-03 00:00:00,9700,9.486074536082473,6.5734200000000005,-28252.74899999998,-0.3070452930770804,92,438878.4399999999,金健米业,农业综合,0.0003643008795699555
002583,2015-11-03,2016-05-04 00:00:00,2700,20.005482474755553,9.5445091368,-28244.628012479992,-0.5229053261352736,183,27609.01698555,海能达,通信设备,0.00036419616470144807
600976,2021-08-03,2021-11-02 00:00:00,2100,52.98270361670001,39.54990685365,-28208.873202405015,-0.2535317348134727,91,88392.79776327,健民集团,中成药,0.0003637351296085737
600150,2007-11-01,2009-05-05 00:00:00,100,310.20448643184,28.6620276816,-28154.245875023997,-0.9076027944944058,551,64719.07830788399,中国船舶,船舶,0.0003630307456417795
000926,2008-02-01,2008-05-06 00:00:00,3600,13.325714730383611,5.51461924062,-28119.943763149,-0.5861670948090865,95,29467.896045588,福星股份,区域地产,0.0003625884421502797
000156,2013-11-01,2014-05-06 00:00:00,1400,42.51192445499999,22.434977565,-28107.725645999988,-0.4722662440570522,186,61374.8224089,华数传媒,影视音像,0.00036243089745174173
600698,2012-05-03,2012-11-01 00:00:00,6800,8.98853838235294,4.8551400000000005,-28107.108999999993,-0.45985211460719555,182,83850.76699999998,湖南天雁,汽车配件,0.0003624229462013986
000155,2017-05-03,2017-11-01 00:00:00,5900,14.707795011401014,9.94949628426,-28073.962490131984,-0.32352223589277196,182,58819.54965486599,川能动力,新型电力,0.00036199554344849865
002232,2014-11-03,2015-11-03 00:00:00,5100,19.646163597059996,14.1532783542,-28013.714738585983,-0.27959073107189203,365,61824.06300470399,启明信息,软件服务,0.00036121868775632087
603801,2021-05-07,2021-11-02 00:00:00,3200,19.885543678,11.15111676096,-27950.166134528,-0.43923500702186835,179,63633.739769600004,志邦家居,家居用品,0.00036039926971123914
002712,2023-05-05,2023-11-01 00:00:00,7300,9.33933,5.51448,-27921.405000000002,-0.4095422262624835,180,68177.109,思美传媒,广告包装,0.0003600284135299174
000739,2020-05-07,2020-08-03 00:00:00,3400,30.344871776042353,22.14142627014,-27891.71472006801,-0.27034042412329706,88,53915.2657043,普洛药业,化学制药,0.00035964557662105935
000157,2008-05-06,2009-05-05 00:00:00,2000,17.267770780259998,3.37102851708,-27793.484526359996,-0.8047791715573582,364,14787.24575328,中联重科,工程机械,0.0003583789619646181
000518,2009-08-03,2009-11-03 00:00:00,33600,4.7722675,3.94605,-27760.907999999996,-0.17312891618083015,92,133861.728,四环生物,生物制药,0.0003579589087794827
002576,2015-05-05,2015-11-03 00:00:00,2200,30.035061456399998,17.45831265156,-27668.847370647996,-0.41873557752152,182,66077.13520408,通达动力,电气设备,0.0003567718466551316
000952,2013-11-01,2014-05-06 00:00:00,4800,11.672765591153333,5.9104853982,-27658.944926176,-0.4936516670325758,186,31555.409421536002,广济药业,化学制药,0.00035664416105430594
300675,2020-11-03,2021-05-07 00:00:00,3600,22.8415553366,15.16143593745,-27648.42983694,-0.33623452019678435,185,82229.59921176,建科院,建筑工程,0.0003565085757964809
002190,2013-05-03,2013-11-01 00:00:00,2600,27.443158003799997,16.81100388828,-27643.600700351995,-0.387424585539601,182,37443.2274216,成飞集成,汽车配件,0.0003564463072113399
000533,2008-05-06,2008-11-03 00:00:00,1200,24.62970968458,1.66340134359,-27559.570009188,-0.9324636236117956,181,35732.827045916,顺钠股份,电气设备,0.0003553627859333958
600408,2008-11-03,2009-05-05 00:00:00,2400,17.377603408164997,5.91006346056,-27522.095874251994,-0.6599034215625434,183,38339.30099999999,安泰集团,焦炭加工,0.0003548795812612306
000755,2008-05-06,2008-08-01 00:00:00,400,78.49315477002999,9.74314032678,-27500.005777299997,-0.8758727387716094,87,13121.580856384,山西高速,路桥,0.00035459474378402093
600362,2007-11-01,2008-05-06 00:00:00,400,93.64264550640999,25.08056730702,-27424.831279755996,-0.7321672495326588,187,19611.098587079996,江西铜业,铜,0.0003536254173805439
600655,2006-11-01,2007-05-09 00:00:00,7200,11.032084733669999,7.23585968721,-27332.820334511995,-0.3441076766636766,189,64109.15751239999,豫园股份,百货,0.00035243899590055083
002322,2016-05-04,2016-11-01 00:00:00,2600,25.134746259699998,14.6700427725,-27208.229066719996,-0.4163441070411228,181,34048.876581720004,理工能科,软件服务,0.0003508324722860395
000972,2023-05-05,2023-11-01 00:00:00,19000,5.077422892120526,3.64635,-27190.384950289998,-0.28185024618322774,180,68658.59,中基健康,食品,0.00035060238397461197
600135,2010-05-05,2010-08-03 00:00:00,1200,32.56174961038999,9.96263005734,-27118.943463659987,-0.6940388591968945,90,36918.133858605994,乐凯胶片,塑料,0.00034968119232642585
002707,2024-11-01,2025-05-07 00:00:00,4400,13.953863616875,7.7922,-27111.319914249994,-0.4415740174945839,187,34266.231999999996,众信旅游,旅游服务,0.0003495828915998132
300666,2020-11-03,2021-05-07 00:00:00,1400,58.65097668429999,39.303783173700005,-27086.07091483998,-0.3298699289312764,185,82111.36735801998,江丰电子,半导体,0.0003492573221236065
000791,2012-11-01,2013-05-03 00:00:00,4100,10.152439647594145,3.56229461952,-27019.594615103997,-0.6491193503066854,183,67523.20857281999,甘肃能源,水力发电,0.000348400153341044
000887,2008-08-01,2009-05-05 00:00:00,15800,5.07995686641481,3.37216187259,-26983.160902432002,-0.3361829713782767,277,58460.958179624,中鼎股份,汽车配件,0.0003479303642393744
000001,2009-11-03,2010-05-05 00:00:00,4800,10.755731168473956,5.1349900698,-26979.55727363499,-0.5225810324405344,183,30406.220644799992,平安银行,银行,0.00034788389778259187
002133,2010-02-02,2010-05-05 00:00:00,6900,8.62751336751652,4.727955611700001,-26906.94851513399,-0.45199092597164303,92,58770.917499293995,广宇集团,全国地产,0.00034694765492047615
600203,2013-05-03,2013-11-01 00:00:00,5400,11.329132902865554,6.35179945239,-26877.600632567995,-0.4393393115916756,182,34261.485035777994,福日电子,元器件,0.00034656923300364575
600515,2013-05-03,2013-11-01 00:00:00,6000,9.606512458209332,5.13364794327,-26837.187089635994,-0.465607527643084,182,93837.74399999999,海南机场,机场,0.00034604812657125343
000737,2008-05-06,2008-11-03 00:00:00,700,41.44682056514999,3.136177683,-26817.450017504994,-0.9243324906413446,181,83793.01575645,北方铜业,铜,0.000345793629823434
002192,2016-02-02,2016-11-01 00:00:00,8800,29.177633955469997,26.14131227025,-26719.63082993596,-0.10406332774802562,273,217057.611907136,融捷股份,小金属,0.0003445323148246628
300074,2013-05-03,2014-05-06 00:00:00,5000,14.534828458550399,9.20093207778,-26669.481903851996,-0.36697346624910665,368,50562.511999999995,华平股份,软件服务,0.00034388567693884584
300365,2018-05-03,2019-05-07 00:00:00,3300,22.31535565532,14.25730330512,-26591.572755660003,-0.3610989882780091,369,42243.248375328,恒华科技,软件服务,0.00034288108898838167
600383,2012-05-03,2012-11-01 00:00:00,7700,6.953177233599999,3.50829231588,-26525.613866443993,-0.4954404011267255,182,33278.713724256,金地集团,全国地产,0.0003420305918789907
603165,2018-02-01,2018-05-03 00:00:00,4400,18.8755329763,12.84897715101,-26516.845631276,-0.31927871032075783,91,83052.34509572,荣晟环保,造纸,0.0003419175311717308
301155,2025-11-03,2026-05-07 00:00:00,1100,84.83210764027999,60.79617952344,-26439.52092852398,-0.283335269928237,185,93315.31840430798,海力风电,电气设备,0.0003409204792662668
002918,2021-05-07,2021-11-02 00:00:00,2100,30.4300238242,17.84050307856,-26437.993565843997,-0.413720370985315,179,63903.05003082,蒙娜丽莎,陶瓷,0.0003409007849148343
002311,2015-05-05,2015-08-03 00:00:00,5400,18.446293398866665,13.55342783517,-26421.47404396199,-0.26524925403155963,90,66725.230572,海大集团,饲料,0.0003406877763912499
600128,2025-05-07,2025-11-03 00:00:00,6500,14.934979847942,10.8766528596,-26379.125424222995,-0.27173300731980743,180,62587.052307779995,苏豪弘业,商贸代理,0.0003401417183981148
600359,2020-05-07,2020-11-03 00:00:00,7000,11.645919999999998,7.88211,-26346.66999999999,-0.32318700454751526,180,55145.08999999999,新农开发,种植业,0.0003397232267465146
600770,2010-11-02,2011-05-04 00:00:00,2400,24.906138216542914,13.9390178292,-26321.08892962299,-0.4403380520894419,183,67092.02499999998,综艺股份,综合类,0.0003393933754304999
600328,2010-11-02,2011-05-04 00:00:00,3800,14.362379062610527,7.44677041536,-26279.312859552007,-0.48150857299497685,183,39459.415379383994,中盐化工,化工原料,0.00033885470009409867
600506,2020-05-07,2020-11-03 00:00:00,8300,10.610425282083133,7.4508897519,-26224.144900520005,-0.29777652131610177,180,67535.94654807,统一股份,石油加工,0.0003381433450327049
002140,2011-11-01,2012-05-03 00:00:00,700,51.62737025446,14.1838884135,-26210.437288671998,-0.7252641700789577,184,23394.74849712,东华科技,建筑工程,0.00033796659426579606
300554,2018-05-03,2018-11-01 00:00:00,800,50.86805195472,18.22611598965,-26113.548772056005,-0.6416981722462283,182,40694.441563776,三超新材,矿物制品,0.0003367172796655271
000850,2015-11-03,2016-05-04 00:00:00,3100,13.037728872555482,4.64422810302,-26019.852385559992,-0.6437854975803237,183,27045.526005498,华茂股份,纺织,0.0003355091255134117
000716,2013-05-03,2013-11-01 00:00:00,5700,9.862321830062456,5.301826026840001,-25994.826078367994,-0.46241603973225587,182,34418.673725436,黑芝麻,食品,0.00033518642750896504
600760,2018-11-01,2019-05-07 00:00:00,800,45.9183330981375,13.62626997012,-25833.650502414002,-0.703249899315864,187,23616.35919643,中航沈飞,航空,0.0003331081729615851
600309,2017-05-03,2018-05-03 00:00:00,3200,37.945108951749994,29.87399905704,-25827.551663071983,-0.21270488127924492,365,58242.39220799999,万华化学,化工原料,0.000333029532382693
000739,2012-11-01,2013-05-03 00:00:00,5800,8.492637643835174,4.0547287125,-25739.871801744008,-0.5225595530449438,183,53915.2657043,普洛药业,化学制药,0.0003318989574215679
300056,2020-05-07,2020-08-03 00:00:00,9400,8.579541172329787,5.84415,-25712.677019899995,-0.3188272096824716,88,67411.34399999998,中创环保,环境保护,0.0003315482983424996
600016,2007-11-01,2008-05-06 00:00:00,5800,6.90237283045655,2.4730559685,-25690.037799347992,-0.6417093035618561,187,30845.12428998,民生银行,银行,0.0003312563802725138
300189,2017-05-03,2017-11-01 00:00:00,14500,5.964579310344826,4.1958,-25647.299999999974,-0.2965472027972026,182,59219.15999999999,神农种业,种植业,0.0003307053040606603
600096,2012-11-01,2013-05-03 00:00:00,1500,25.735803691598,8.65459924749,-25621.806666162003,-0.663713659336177,183,23559.167023392,云天化,农药化肥,0.000330376584050429
300278,2015-05-05,2016-05-04 00:00:00,3100,21.74768548953,13.48756469424,-25606.374465399,-0.3798160866022582,365,67417.825017543,华昌达,专用机械,0.0003301775958276666
600618,2014-05-06,2014-11-03 00:00:00,2700,16.858680060444442,7.3902791232,-25564.682530559996,-0.5616335859804453,181,23277.910656,氯碱化工,化工原料,0.0003296400053605293
600872,2013-11-01,2014-05-06 00:00:00,2800,18.615229979775,9.49568087394,-25534.737496337995,-0.48989720329768527,186,49055.069359295994,中炬高新,食品,0.0003292538835602816
688062,2024-05-07,2024-11-01 00:00:00,1800,36.29626,22.12785,-25503.137999999995,-0.3903545434157679,178,65333.268,迈威生物,生物制药,0.00032884642854378384
600268,2010-05-05,2010-11-02 00:00:00,2100,19.6695160662,7.56357621264,-25422.473692475996,-0.615467091961799,181,23634.756755609997,国电南自,电气设备,0.0003278063146001498
600773,2016-05-04,2016-11-01 00:00:00,2100,27.578376638669997,15.490382201909998,-25384.788317196,-0.4383142124402779,181,32033.179219041,西藏城投,区域地产,0.0003273203861207148
600663,2008-05-06,2008-11-03 00:00:00,1100,26.574299581829994,3.5285705373600003,-25350.301948916993,-0.8672186814747646,181,22582.495135199995,陆家嘴,园区开发,0.0003268757067623552
600732,2014-05-06,2015-05-05 00:00:00,5200,10.68732319578,5.8213608719400005,-25303.004083967993,-0.4553022524631214,364,467700.57253919996,爱旭股份,电气设备,0.0003262658314612756
600132,2010-11-02,2011-05-04 00:00:00,800,73.9516621468625,42.35872379508,-25274.350681426,-0.42721065943103853,183,228605.485250142,重庆啤酒,啤酒,0.0003258963644140612
002526,2018-11-01,2019-05-07 00:00:00,7200,5.863782563249722,2.37054839868,-25151.285984902,-0.5957305078914392,187,27661.232725126,山东矿机,工程机械,0.00032430952494623796
600961,2014-08-01,2014-11-03 00:00:00,16700,10.77528470413605,9.27072,-25126.230559072024,-0.139631085901473,94,157136.98,株冶集团,铅锌,0.0003239864514758348
600638,2008-05-06,2008-11-03 00:00:00,600,46.94693713710001,5.108795800289999,-25102.884802086006,-0.8911793588286561,181,73052.99613611998,新黄浦,区域地产,0.00032368542307664315
600855,2011-11-01,2012-11-01 00:00:00,1400,25.529615377695,7.59913403922,-25102.673873865,-0.7023404416088737,366,22682.173939425,航天长峰,专用机械,0.00032368270329399693
600688,2015-05-05,2015-11-03 00:00:00,9200,8.06274710545652,5.3387807751,-25060.49023927998,-0.33784593448466926,182,67733.10331787998,上海石化,石油加工,0.00032313877267744774
600653,2011-11-01,2012-05-03 00:00:00,4100,8.973771116554145,2.86713,-25037.228577871996,-0.6804988713484199,184,35149.114,申华控股,汽车服务,0.00032283882863620814
000980,2009-11-03,2010-05-05 00:00:00,4800,13.2593901014575,8.0502620796,-25003.814504916,-0.39286332040905125,183,360737.967838248,众泰汽车,汽车配件,0.00032240797583077375
600640,2016-11-01,2017-05-03 00:00:00,3600,24.30576144997,17.36725514022,-24978.622715100002,-0.2854675556670768,183,74845.352974392,国脉文化,影视音像,0.0003220831440351878
000628,2007-05-09,2007-08-01 00:00:00,1800,21.003736046626663,7.21666654956,-24816.725094719994,-0.6564103389254388,84,74116.48223979998,高新发展,建筑工程,0.0003199955791931004
002414,2018-11-01,2019-05-07 00:00:00,6800,7.0604919797176455,3.4109926929,-24816.59515035999,-0.5168902248315552,187,50413.29541248,高德红外,电器仪表,0.0003199939036448327
300169,2024-11-01,2025-05-07 00:00:00,3700,14.225099537297297,7.53246,-24762.766287999995,-0.470481033876046,187,34259.225,天晟新材,塑料,0.0003192998153667683
300055,2015-05-05,2015-11-03 00:00:00,1900,34.91340893040001,21.88494538776,-24754.080731016023,-0.3731650372099813,182,66335.47696776001,万邦达,石油加工,0.0003191878207410837
600186,2020-05-07,2020-08-03 00:00:00,20400,3.800774177199999,2.58741,-24752.62921487998,-0.3192413231174589,88,54930.876,莲花控股,食品,0.0003191691043816572
600990,2012-05-03,2012-11-01 00:00:00,3600,15.535134740124999,8.66037383712,-24749.139250817996,-0.44252985365157405,182,65101.4105742,四创电子,通信设备,0.0003191241035579339
000572,2008-05-06,2008-11-03 00:00:00,600,43.72932867636666,2.51282380086,-24729.902925304,-0.9425368768073944,181,26328.431088960002,海马汽车,汽车整车,0.0003188760636130618
300048,2025-11-03,2026-05-07 00:00:00,15600,8.268067499999999,6.6833100000000005,-24722.216999999975,-0.1916720563783494,185,94005.91199999998,合康新能,建筑工程,0.0003187769585897395
300390,2021-05-07,2021-08-03 00:00:00,3300,48.891876103070004,41.41667601585,-24668.16028782601,-0.15289247791312766,88,97245.51770934,天华新能,电气设备,0.00031807993233605935
600288,2017-11-01,2018-05-03 00:00:00,6900,12.636541421416954,9.06294364434,-24657.82466183098,-0.28279872299712216,183,94021.92799999999,大恒科技,元器件,0.0003179466611403645
000536,2013-08-01,2013-11-01 00:00:00,2400,25.10842167208375,14.843789352,-24635.117568201,-0.40881232815586566,92,31094.128040975997,华映科技,元器件,0.0003176538678910464
002180,2014-05-06,2014-11-03 00:00:00,2400,23.091030255626666,12.832034121,-24621.590723104,-0.4442849028846092,181,71649.899779458,奔图科技,IT设备,0.00031747944799418457
300795,2023-05-05,2024-11-01 00:00:00,3100,22.130285016839995,14.202402161219998,-24576.43685242199,-0.3582368166332829,546,68603.88355220399,米奥会展,文教休闲,0.0003168972181090345
600316,2014-11-03,2015-05-05 00:00:00,2200,49.78884839565,38.61812078244,-24575.600749061996,-0.22436204035974394,183,114293.68013863801,洪都航空,航空,0.00031688643709832797
002645,2016-11-01,2017-05-03 00:00:00,7100,10.4850787041,7.03075412808,-24525.704489741995,-0.32945146846339346,183,74444.05879910999,华宏科技,专用机械,0.0003162430571866059
300085,2015-05-05,2016-05-04 00:00:00,1200,52.17798229643999,31.74201386235,-24523.162120907993,-0.39165884794062455,365,68325.257,银之杰,软件服务,0.0003162102749889366
600303,2017-11-01,2018-05-03 00:00:00,7500,10.39386621273,7.128432102330001,-24490.755827999994,-0.3141693421453341,183,73195.74790027499,曙光股份,汽车整车,0.0003157924168537871
600809,2007-11-01,2008-05-06 00:00:00,2400,15.339989463548749,5.14321771392,-24472.252199108996,-0.664718302046984,187,71199.07774979998,山西汾酒,白酒,0.00031555382455679594
603383,2023-05-05,2023-11-01 00:00:00,1700,56.166727188336466,41.77223751843,-24470.63243884099,-0.25628143903844214,180,67292.746525004,顶点软件,软件服务,0.00031553293879837545
000862,2011-11-01,2012-05-03 00:00:00,1500,24.22718142845,7.95693953556,-24405.362839334997,-0.6715697383511496,184,34804.770000000004,银星能源,新型电力,0.000314691329632867
600133,2010-02-02,2010-05-05 00:00:00,4400,13.9911460507,8.444825321400002,-24403.81120891999,-0.3964164700448186,92,39396.72737,东湖高新,环境保护,0.00031467132236472626
300215,2016-05-04,2017-05-03 00:00:00,3200,18.2632067592975,10.6738335819,-24285.994167671997,-0.41555534454724796,364,33801.768,电科院,电气设备,0.00031315214800916273
000159,2013-11-01,2014-05-06 00:00:00,3700,14.535340851382703,8.00164510524,-24174.674260728,-0.44950413017120083,186,26404.649891619996,国际实业,石油贸易,0.00031171674998777574
000636,2014-05-06,2014-08-01 00:00:00,3600,13.102360200929999,6.38772569019,-24172.684238663995,-0.5124751882690111,87,42287.314157088,风华高科,元器件,0.00031169108994356974
300480,2021-08-03,2021-11-02 00:00:00,2700,31.9098423644,22.96389597714,-24154.055245601994,-0.2803506919620663,91,86156.57438388,光力科技,专用机械,0.0003114508811568782
600389,2013-05-03,2013-11-01 00:00:00,3700,17.65492388903486,11.13241109535,-24133.29733663398,-0.36944440172499804,182,34715.845987822984,江山股份,农药化肥,0.00031118322137994533
600590,2007-08-01,2007-11-01 00:00:00,3500,11.501614753199998,4.613680581120001,-24107.769602279994,-0.598866708708325,92,67185.04569176398,泰豪科技,通信设备,0.00031085405779736493
000582,2012-05-03,2012-11-01 00:00:00,7100,8.979730210295914,5.58632246562,-24093.194987198985,-0.3778964028100894,182,34419.175959167995,北部湾港,港口,0.0003106661275859223
600497,2007-11-01,2008-05-06 00:00:00,1900,19.563732535715786,6.89503794012,-24070.519731631994,-0.6475602021479114,187,21884.61821546,驰宏锌锗,铅锌,0.000310373744867783
603118,2025-11-03,2026-05-07 00:00:00,7100,18.630912384732536,15.27520409541,-23825.528854190004,-0.18011508078758587,185,93075.747093329,共进股份,通信设备,0.00030721474635267453
002527,2025-11-03,2026-05-07 00:00:00,5200,18.08807,13.50648,-23824.267999999993,-0.2532934691208072,185,94057.96399999999,新时达,电器仪表,0.0003071984884554189
601058,2023-11-01,2024-11-01 00:00:00,3100,21.70626615738226,14.05152385056,-23729.701151149,-0.35265126905388544,366,34782.612697833,赛轮轮胎,汽车配件,0.0003059791102556347
002263,2020-05-07,2020-11-03 00:00:00,24200,3.407719930490909,2.42757,-23719.62831788,-0.28762631627115876,180,54988.933999999994,大东南,塑料,0.00030584922760174997
000792,2009-08-03,2009-11-03 00:00:00,3400,40.05504569890353,33.082106778,-23707.99233107198,-0.17408390876194657,92,131611.69735714,盐湖股份,农药化肥,0.00030569918909651193
000408,2010-11-02,2012-05-03 00:00:00,4000,11.569163105499998,5.6735569238400005,-23582.424726639987,-0.5095965998488876,548,67110.90802416,藏格矿业,农药化肥,0.00030408007625407427
600801,2007-11-01,2008-05-06 00:00:00,4700,8.61740146927234,3.60000311328,-23581.772273163995,-0.5822402929564349,187,73503.04433471999,华新建材,水泥,0.00030407166328954535
600358,2010-05-05,2010-11-02 00:00:00,2300,15.800479782043476,5.564430000000001,-23542.914498699996,-0.6478315800053287,181,22297.073498699996,国旅联合,广告包装,0.000303570617482804
600176,2011-08-02,2011-11-01 00:00:00,11000,4.699816321199999,2.56216239288,-23514.193211519992,-0.4548377600795672,91,46760.39167799999,中国巨石,玻璃,0.0003032002751071981
600159,2010-02-02,2010-05-05 00:00:00,5200,9.129353925999999,4.6127929896,-23486.11686927999,-0.49472952555131333,92,39576.511774800005,大龙地产,区域地产,0.000302838248878418
000060,2008-05-06,2008-11-03 00:00:00,1100,23.018273992349997,1.7231319931500002,-23424.656199119996,-0.9251406950094228,181,15310.0996048,中金岭南,铅锌,0.00030204575338715645
600995,2010-11-02,2011-05-04 00:00:00,3900,16.495758443779998,10.49845215888,-23389.494511109995,-0.36356656805685605,183,39683.504532672,南网储能,水力发电,0.0003015923662187359
000733,2021-11-02,2022-05-06 00:00:00,300,183.92544551380996,106.019362512,-23371.82490054299,-0.423574251970266,185,31781.273867342996,振华科技,元器件,0.00030136452804726383
603533,2023-05-05,2023-11-01 00:00:00,2400,28.485587150020002,18.77877111132,-23296.358492880005,-0.34076236475586164,180,68365.409160048,掌阅科技,互联网,0.00030039143765207393
300032,2015-05-05,2016-05-04 00:00:00,2400,27.929896444449998,18.234032715,-23270.07295067999,-0.3471500064002808,365,67031.75146668,金龙机电,元器件,0.00030005250262867363
600038,2007-05-09,2008-05-06 00:00:00,1100,37.28147102316,16.18247373759,-23208.897014127,-0.5659378964006779,363,38429.0758852,中直股份,航空,0.0002992636785926561
000902,2011-05-04,2011-11-01 00:00:00,7300,6.908260878971506,3.73645847133,-23154.15757578299,-0.459131822496217,181,38124.747793131995,新洋丰,农药化肥,0.0002985578490276857
000572,2010-05-05,2010-11-02 00:00:00,2300,17.533769337432176,7.47911336004,-23125.708748002005,-0.5734452064409719,181,26328.431088960002,海马汽车,汽车整车,0.0002981910198393704
000922,2018-11-01,2019-05-07 00:00:00,3600,13.310435303999165,6.88940387982,-23115.713127044997,-0.4824058175054534,187,33347.852222685,佳电股份,电气设备,0.00029806213278818516
002380,2020-05-07,2020-11-03 00:00:00,4100,21.089961568773656,15.47860204386,-23006.57405214599,-0.2660677928034719,180,54554.007479971995,科远智慧,软件服务,0.0002966548551819897
000923,2010-05-05,2010-11-02 00:00:00,1600,23.675507994888747,9.302858829,-22996.238665421995,-0.6070682482923546,181,37642.691267181006,河钢资源,普钢,0.00029652158707153977
000683,2009-11-03,2010-02-02 00:00:00,7100,7.569246417126761,4.33084787694,-22992.629635326004,-0.42783632104502645,91,33258.043823004,博源化工,化工原料,0.0002964750509685091
000049,2013-05-03,2013-11-01 00:00:00,1600,34.955261065725,20.59308266364,-22979.485443335994,-0.41087315511906375,182,33311.89878016,德赛电池,电气设备,0.0002963055651353536
300409,2018-05-03,2018-11-01 00:00:00,1600,26.28328750047,11.92244115447,-22977.354153599998,-0.5463869900499775,182,42053.260000752,道氏技术,电气设备,0.0002962780835361138
601857,2024-05-07,2024-11-01 00:00:00,7700,10.62226373988,7.638355498499999,-22976.093458626,-0.280910765769944,178,67215.058586676,中国石油,石油开采,0.0002962618276918455
600481,2010-05-05,2010-11-02 00:00:00,1900,18.53679308006842,6.47480715156,-22917.773264165997,-0.6507051072106966,181,89004.3950796,双良节能,电气设备,0.0002955098265984839
600161,2007-11-01,2008-05-06 00:00:00,2900,12.040318896813105,4.14151306128,-22906.536923046002,-0.6560296204134428,187,49471.452798768005,天坛生物,生物制药,0.00029536494126526685
688109,2025-11-03,2026-05-07 00:00:00,700,128.709718137,96.04069002315,-22868.319679695003,-0.25381943637757587,185,90096.80269590001,品茗科技,软件服务,0.000294872154691914
000014,2009-11-03,2010-05-05 00:00:00,2300,18.69528099569565,8.779992468749999,-22805.163611975,-0.5303631718201252,183,29713.108525099997,沙河股份,全国地产,0.0002940577981483941
300136,2016-11-01,2017-11-01 00:00:00,2900,56.15760814215275,48.29398002765,-22804.52153205798,-0.14002783192968993,365,73074.916950035,信维通信,元器件,0.00029404951894418195
688290,2023-05-05,2023-11-01 00:00:00,1000,63.62599443199999,40.89724068114,-22728.753750859993,-0.3572243381618381,180,63625.99443199999,景业智能,专用机械,0.0002930725425326656
688559,2022-11-01,2023-05-05 00:00:00,400,101.66103323876501,44.8432770348,-22727.102481586004,-0.5588941445295037,185,29703.531737880003,海目星,专用机械,0.00029305125048604316
300279,2016-08-02,2017-05-03 00:00:00,24800,14.517991648159999,13.60291662684,-22693.860528735953,-0.06303041381319252,274,360046.192874368,和晶科技,元器件,0.00029262261705777405
600645,2010-05-05,2010-11-02 00:00:00,1400,25.343174999999995,9.15084,-22669.26899999999,-0.6389229052792319,181,71071.0,中源协和,医疗保健,0.0002923055252396122
000735,2011-11-01,2012-05-03 00:00:00,2600,14.14216184612,5.4428029488,-22618.333133032,-0.6151364262392973,184,62073.147135999985,罗牛山,农业综合,0.0002916487402613399
000070,2007-11-01,2008-05-06 00:00:00,5200,7.4074381997000005,3.05978340375,-22607.804938940004,-0.5869309576050299,187,30955.529855249995,特发信息,通信设备,0.00029151298602489385
600775,2011-11-01,2012-05-03 00:00:00,2200,16.28321884462,6.01043167188,-22600.131780027998,-0.6308818465664818,184,22573.6594083,南京熊猫,通信设备,0.000291414045615919
600171,2012-05-03,2012-08-01 00:00:00,5200,9.078374670749998,4.73940053532,-22562.66550423599,-0.4779461404484575,90,72604.111608028,上海贝岭,半导体,0.0002909309422823199
002335,2017-11-01,2018-05-03 00:00:00,5900,12.448920103619999,8.62809834492,-22542.848376329996,-0.3069199357773169,183,73448.628611358,科华数据,电气设备,0.0002906754132671892
600108,2020-05-07,2020-11-03 00:00:00,15200,4.645877516082433,3.16311606765,-22537.974016172986,-0.3191563796720043,180,55122.57370619999,亚盛集团,种植业,0.00029061256155344837
600536,2013-11-01,2014-05-06 00:00:00,2100,18.7973940154,8.0731721466,-22520.865924479996,-0.5705164162656827,186,26431.973988419995,中国软件,软件服务,0.00029039196380377386
002554,2021-05-07,2021-11-02 00:00:00,24500,4.044256294486572,3.12522109056,-22516.362496201007,-0.2272445505443036,179,94117.02299999999,惠博普,石油开采,0.00029033389501609177
002077,2011-05-04,2011-11-01 00:00:00,3000,17.159641968802667,9.66052436544,-22497.352810088,-0.43702063347222186,181,66558.33939955199,大港股份,半导体,0.0002900887774393449
603180,2021-05-07,2021-11-02 00:00:00,1500,40.6284053175,25.6333011399,-22492.656266399998,-0.36907931926978954,179,60942.607976249994,金牌家居,家居用品,0.0002900282185536776
000833,2007-05-09,2007-08-01 00:00:00,2900,14.166504469013448,6.44110381863,-22403.661886112,-0.5453286424524344,84,77485.35570775998,粤桂股份,综合类,0.00028888069372288327
000552,2011-11-01,2012-11-01 00:00:00,4400,8.30714610089,3.219777,-22384.424043916,-0.6124087669945947,366,23196.549376,甘肃能化,煤炭开采,0.00028863263422138015
000503,2013-11-01,2014-05-06 00:00:00,1300,34.965640106319995,17.75223,-22377.43313821599,-0.49229500887097133,186,25349.323999999997,国新健康,软件服务,0.00028854249102520826
600868,2009-11-03,2010-05-05 00:00:00,9600,5.874761705312499,3.5460550953000003,-22355.58345611999,-0.396391671156069,183,30708.702024,梅雁吉祥,水力发电,0.0002882607535416842
002039,2024-05-07,2024-11-01 00:00:00,4100,20.3589835781039,14.91320781405,-22327.680632620984,-0.26748760531988613,178,67615.39544559798,黔源电力,水力发电,0.0002879009647245615
000593,2011-11-01,2012-05-03 00:00:00,1800,19.483433202566665,7.0884069975,-22311.047169119996,-0.6361828573125293,184,113975.862,德龙汇能,供气供热,0.00028768648699767894
600582,2017-05-03,2017-11-01 00:00:00,16300,4.945562218406626,3.57886946808,-22277.091830324,-0.2763472968229991,182,59056.20825104,天地科技,专用机械,0.0002872486549201888
600115,2010-05-05,2010-11-02 00:00:00,1800,20.875517462799998,8.5123928862,-22253.624237879994,-0.5922308081048043,181,94174.07999999999,中国东航,空运,0.00028694605553176327
600456,2019-05-07,2019-11-01 00:00:00,2100,31.101815497133334,20.53487441016,-22190.576282644,-0.33975319183368224,178,39295.187191259996,宝钛股份,小金属,0.0002861330930286256
002017,2023-05-05,2023-11-01 00:00:00,5800,14.02872174151724,10.208968812,-22154.56699119999,-0.2722808962852894,180,68204.49475839999,东信和平,通信设备,0.0002856687765635006
002132,2014-05-06,2014-11-03 00:00:00,9200,5.982027330627173,3.57622194825,-22133.40951786999,-0.40217224853851363,181,62741.18094244,恒星科技,钢加工,0.0002853959646631932
600673,2010-08-03,2011-05-04 00:00:00,15800,7.625673120635189,6.22755307314,-22090.296750423982,-0.18334382098176416,274,77273.58530892,东阳光,综合类,0.0002848400534808415
300144,2021-05-07,2021-11-02 00:00:00,3400,18.76446908336,12.2675236965,-22089.61431532401,-0.3462365685912946,179,68439.05912844,宋城演艺,旅游景点,0.00028483125392271113
300772,2021-11-02,2022-05-06 00:00:00,1000,34.20723104798999,12.206792988,-22000.438059989992,-0.643151678343247,185,34207.23104798999,运达股份,电气设备,0.0002836813839311242
000951,2017-11-01,2018-05-03 00:00:00,7900,9.881581064545063,7.10027105157,-21972.349102502998,-0.28146406883756225,183,72991.64392720199,中国重汽,汽车整车,0.0002833191950369138
000652,2010-05-05,2010-11-02 00:00:00,1700,20.82490287701353,7.922459659949999,-21934.153469008,-0.6195679899811304,181,68730.088492065,泰达股份,批发业,0.00028282668710864246
600436,2020-11-03,2021-05-07 00:00:00,300,386.44091129644,313.35983740908,-21924.322166207996,-0.18911319104953483,185,65188.833790079996,片仔癀,中成药,0.00028269991883354964
000058,2016-11-01,2017-05-03 00:00:00,6400,11.637200474899998,8.211688651440001,-21923.275670143983,-0.2943587532799149,183,74478.08303935999,深赛格,商品城,0.0002826864249453412
000936,2015-05-05,2015-08-03 00:00:00,5300,13.634441882382072,9.51597567882,-21827.87087887898,-0.3020634243110313,90,67099.20219502499,华西股份,化纤,0.0002814562420214414
600236,2018-11-01,2019-05-07 00:00:00,4600,8.167097253967826,3.42281028348,-21823.720064244,-0.5809024703584749,187,23003.70072,桂冠电力,水力发电,0.0002814027199580678
000890,2011-05-04,2011-11-01 00:00:00,5800,8.969436232998621,5.21245690542,-21790.480099956003,-0.4188646008493452,181,67593.71530912,法尔胜,环境保护,0.000280974112171017
002428,2018-05-03,2018-11-01 00:00:00,3700,11.178917259510001,5.30460131877,-21734.968980738005,-0.5254816548304506,182,41361.993860187,云南锗业,小金属,0.0002802583322815263
600503,2008-11-03,2009-11-03 00:00:00,3400,12.943207490448527,6.57242837262,-21660.64900061699,-0.492210228610633,365,83855.77199999998,华丽家族,区域地产,0.0002793000243261586
300399,2023-05-05,2023-11-01 00:00:00,5000,16.9286929523712,12.60062719956,-21640.328764056,-0.2556644960711494,180,68388.255936,天利科技,互联网,0.00027903800805113214
600516,2008-11-03,2009-05-05 00:00:00,6600,5.627087531519999,2.354706936,-21597.711930431993,-0.5815407308291964,183,125940.44174712,方大炭素,矿物制品,0.00027848849161385685
600316,2010-05-05,2010-11-02 00:00:00,600,80.84106647616998,44.85932750826,-21589.04338074599,-0.44509233408637106,181,114293.68013863801,洪都航空,航空,0.0002783767162862522
002265,2016-11-01,2017-05-03 00:00:00,3300,27.9185237149,21.3783027975,-21582.72902742,-0.23426098686978603,183,73648.7383632,建设工业,专用机械,0.00027829529679427375
600707,2010-05-05,2010-11-02 00:00:00,900,41.070970266993335,17.10383450454,-21570.422186208,-0.5835541650622875,181,67610.259160444,彩虹股份,元器件,0.00027813660805647134
600879,2008-02-01,2008-05-06 00:00:00,4000,11.224475156895,5.842411500240001,-21528.254626619997,-0.4794935693139194,95,29708.602603679996,航天电子,航空,0.0002775928847165858
002491,2016-11-01,2017-05-03 00:00:00,4000,18.53363621109,13.16123585973,-21489.601405439993,-0.28987297960155856,183,74134.54484435999,通鼎互联,通信设备,0.00027709447649181137
300410,2017-11-01,2018-05-03 00:00:00,3600,20.09632360736,14.1395494968,-21444.386798015992,-0.29641113603377744,183,94144.04999999999,正业科技,专用机械,0.0002765114634457544
000788,2010-05-05,2011-02-01 00:00:00,1600,23.018749436182496,9.62353180503,-21432.348209843993,-0.5819263843281142,272,22930.470254691998,北大医药,化学制药,0.0002763562336569703
300390,2020-08-03,2020-11-03 00:00:00,7300,13.3213037958,10.39402864692,-21369.108586823997,-0.21974389247116521,92,97245.51770934,天华新能,电气设备,0.0002755407997220333
600143,2007-11-01,2008-05-06 00:00:00,2800,13.014099437625,5.40402983073,-21308.194899306,-0.5847557599639637,187,37927.86949151199,金发科技,塑料,0.0002747553572172825
600039,2012-05-03,2012-11-01 00:00:00,26100,2.115281221616781,1.29978133758,-21284.546973359982,-0.38552787955705803,182,33386.45488378199,四川路桥,建筑工程,0.00027445043254527486
600436,2018-05-03,2018-11-01 00:00:00,400,126.85859899712999,73.747691487,-21244.363004051997,-0.41866225805734747,182,65188.833790079996,片仔癀,中成药,0.0002739322863159111
600425,2018-11-01,2019-05-07 00:00:00,5300,7.21408229542,3.2065328574,-21240.012021505998,-0.555517566047766,187,23553.180691039997,青松建化,水泥,0.0002738761832171117
002129,2011-08-02,2012-05-03 00:00:00,6000,7.681581857949999,4.154981809050001,-21159.600293399988,-0.45909815375464214,275,46089.49114769999,TCL中环,电气设备,0.00027283932612130274
000860,2010-02-02,2010-05-05 00:00:00,3000,20.140237966515333,13.09730446512,-21128.800504185998,-0.3496946517267939,92,35525.0897001,顺鑫农业,白酒,0.00027244218280964743
600587,2019-05-07,2019-11-01 00:00:00,3200,16.865074767165623,10.2778802316,-21079.022513809996,-0.39058199423996276,178,38648.25924959999,新华医疗,医疗保健,0.00027180032789927386
688159,2024-05-07,2024-11-01 00:00:00,1500,43.95336376430999,29.90515322169,-21072.315813929985,-0.3196162782432388,178,65930.04564646499,有方科技,通信设备,0.00027171384935287474
000547,2011-11-01,2012-11-01 00:00:00,3400,9.737983169620588,3.5404025634900003,-21071.774060844,-0.6364336945523863,366,82083.75060385499,航天发展,通信设备,0.0002717068637980979
600495,2024-11-01,2025-05-07 00:00:00,8400,6.632325883040001,4.12420574592,-21068.209151808005,-0.37816599807522966,187,34045.132657536,晋西车轴,运输设备,0.0002716608966075283
600191,2017-05-03,2017-11-01 00:00:00,6600,15.020894330259999,11.840937449759998,-20987.715411300003,-0.21170223360761486,182,59095.79004529199,华资实业,食品,0.0002706229820149716
600826,2018-11-01,2019-05-07 00:00:00,2300,15.868271499079999,6.75219460644,-20966.976853071996,-0.5744845551179614,187,32408.692834517995,兰生股份,文教休闲,0.0002703555717532843
600059,2007-08-01,2007-11-01 00:00:00,2500,16.149593211752,7.76593243386,-20959.151944729998,-0.5191251982614176,92,39714.87515995999,古越龙山,红黄酒,0.0002702546746338024
600416,2007-08-01,2007-11-01 00:00:00,1700,24.058919164280002,11.73069164592,-20957.986781212003,-0.5124181778150524,92,38894.79578985,湘电股份,电气设备,0.00027023965060571766
000158,2011-05-04,2011-11-01 00:00:00,7000,7.427228194671999,4.43518812225,-20944.280506953994,-0.40284746799194493,181,38143.14235731999,常山北明,软件服务,0.00027006291708616455
600330,2010-05-05,2011-11-01 00:00:00,2200,16.947596933539998,7.47931082238,-20830.229444551995,-0.558680156737848,545,23192.5975281,天通股份,专用机械,0.00026859230258599907
300672,2021-11-02,2022-05-06 00:00:00,200,163.05172795911997,59.01428360304,-20807.488871215995,-0.6380640405243914,185,32610.345591823996,国科微,半导体,0.00026829907763757974
300317,2016-11-01,2017-05-03 00:00:00,3400,21.8253891856,15.715412856,-20773.919520639996,-0.2799481043678823,183,83558.47499999999,珈伟新能,电气设备,0.0002678662226279158
600727,2011-08-02,2012-05-03 00:00:00,8800,7.8960955200399985,5.53591999854,-20769.544589199988,-0.2989041248943811,275,46304.13582995199,鲁北化工,化工原料,0.0002678098107236563
600825,2020-11-03,2021-05-07 00:00:00,15000,6.054184622552733,4.67535100896,-20682.504203891,-0.22774885464450056,185,83818.6122774,新华传媒,出版业,0.00026668748139116656
000410,2010-05-05,2010-08-03 00:00:00,1000,32.739142728291995,12.06623290878,-20672.90981951199,-0.6314432235162715,90,14724.652442499999,沈阳机床,机床制造,0.0002665637680254971
603023,2025-05-07,2025-11-03 00:00:00,17100,5.490977721703157,4.28571,-20610.078041123983,-0.21949965612486855,180,62819.757,威帝股份,汽车配件,0.0002657535929826474
600674,2013-05-03,2013-11-01 00:00:00,10700,6.120853332893365,4.195996753049999,-20595.96540432401,-0.3144752006226351,182,34741.2050986,川投能源,水力发电,0.00026557161968159687
300777,2020-11-03,2021-05-07 00:00:00,1800,45.57079463937,34.13651516415,-20581.703055396003,-0.2509124443781715,185,82027.430350866,中简科技,化纤,0.0002653877159397271
600802,2011-08-02,2011-11-01 00:00:00,4400,12.857961998699999,8.18301871008,-20569.750469927993,-0.363583535951705,91,45785.20554607999,福建水泥,水泥,0.0002652335951000477
300168,2014-05-06,2014-11-03 00:00:00,1900,27.889028387219998,17.084376022500003,-20528.839492967993,-0.3874158760464804,181,41951.729771952,万达信息,软件服务,0.00026470607457839535
600272,2012-05-03,2012-11-01 00:00:00,3900,14.509085287106666,9.24572216286,-20527.116184561997,-0.36276326316200613,182,61773.998991705004,开开实业,医药商业,0.00026468385363387505
600596,2009-11-03,2010-05-05 00:00:00,2900,14.952593044354485,7.90436716056,-20439.855063004008,-0.4713714780364212,183,30109.627835287003,新安股份,化工原料,0.00026355867805057744
000400,2010-08-03,2010-11-02 00:00:00,5900,18.924152959576265,15.460012512,-20438.42864069996,-0.18305392346891236,91,76218.30660443997,许继电气,电气设备,0.00026354028525984395
000665,2010-05-05,2011-02-01 00:00:00,1600,22.359051354640002,9.60720004314,-20402.962098400003,-0.5703216612029341,272,32760.662668734003,湖北广电,影视音像,0.0002630829671930187
600031,2008-11-03,2009-02-03 00:00:00,4000,8.43380847309,3.34294514856,-20363.45329812,-0.6036256740680758,92,38312.83952496,三一重工,工程机械,0.0002625735268304982
000035,2014-05-06,2014-11-03 00:00:00,3400,12.47744798653294,6.4933168633200005,-20346.045818923994,-0.47959575785622865,181,23641.561691747997,中国天楹,环境保护,0.00026234906867309205
002221,2016-11-01,2017-05-03 00:00:00,6100,14.416024419846227,11.08066540284,-20345.69000373799,-0.2313646897278081,183,74731.71110605198,东华能源,石油加工,0.0002623444806669753
300266,2017-11-01,2018-05-03 00:00:00,4000,18.3564179799,13.27815949905,-20313.033923400006,-0.2766475728767245,183,73425.6719196,兴源环境,环境保护,0.00026192340168487574
300940,2025-11-03,2026-05-07 00:00:00,3500,26.41639,20.62935,-20254.640000000003,-0.21907005461382123,185,92457.365,南极光,元器件,0.0002611704499046379
600633,2013-11-01,2014-05-06 00:00:00,1800,22.472111406744997,11.23315603956,-20230.119660932993,-0.5001290338838222,186,25287.003001259996,浙数文化,互联网,0.00026085427603109857
002252,2015-11-03,2016-05-04 00:00:00,1200,36.930067514339996,20.07501726762,-20226.06029606399,-0.4564045337901198,183,26086.74280212,上海莱士,生物制药,0.0002608019331531623
600619,2017-11-01,2018-05-03 00:00:00,5700,13.337777025204208,9.79954972092,-20167.895634419983,-0.26527863658224826,183,72546.97038388798,海立股份,家用电器,0.00026005193755461713
600396,2012-05-03,2012-08-01 00:00:00,9600,5.55616663476875,3.46169839644,-20106.895087955996,-0.3769628191534472,90,33253.345533408,华电辽能,火力发电,0.0002592653750600762
002035,2013-05-03,2013-11-01 00:00:00,12000,4.850439312885833,3.1757314396500003,-20096.494478829998,-0.3452693179330685,182,72529.455923925,华帝股份,家用电器,0.00025913126594904193
600702,2008-11-03,2009-05-05 00:00:00,1600,20.083497637953748,7.52647198401,-20091.24104631,-0.6252409754670177,183,62228.1400741,舍得酒业,白酒,0.00025906352634296685
000799,2011-05-04,2011-08-02 00:00:00,2200,27.775194593509998,18.65674745712,-20060.583700057992,-0.3282946265485618,90,66862.31489437498,酒鬼酒,白酒,0.00025866821974094786
600293,2011-11-01,2012-05-03 00:00:00,1300,21.44106889463,6.02982461952,-20034.617557643,-0.718772200716626,184,74807.07856621998,三峡新材,玻璃,0.0002583334031706799
688388,2021-11-02,2022-05-06 00:00:00,400,82.15882775099999,32.0891779008,-20027.859940079994,-0.609425076048393,185,32863.531100399996,嘉元科技,电气设备,0.00025824626807377304
600408,2006-08-01,2006-11-01 00:00:00,6500,5.3304102759599985,2.2505864607,-20018.85479918999,-0.5777836331191837,92,38339.30099999999,安泰集团,焦炭加工,0.000258130152620835
002725,2025-11-03,2026-05-07 00:00:00,6100,20.422164397388855,17.14061131092,-20017.47382746001,-0.16068586182218902,185,93729.31412044201,跃岭股份,汽车配件,0.00025811234588578444
603322,2025-11-03,2026-05-07 00:00:00,2000,46.04599999999999,36.0639,-19964.19999999999,-0.2167853885245189,185,92091.99999999999,超讯科技,通信设备,0.0002574254144228764
603616,2017-05-03,2017-11-01 00:00:00,2000,29.272982739,19.296585099,-19952.795279999995,-0.34080564078318465,182,58545.965478,韩建河山,水泥,0.00025727835795317686
000546,2007-08-01,2008-05-06 00:00:00,2600,14.40098490523,6.73150600575,-19940.645138648,-0.5325662758451111,279,157195.30581254498,金圆股份,环境保护,0.00025712168975846667
603737,2021-05-07,2021-11-02 00:00:00,800,72.17693002519998,47.28043589634,-19917.19530308798,-0.34493700577411057,179,57741.544020159985,三棵树,染料涂料,0.00025681931933354673
300133,2013-11-01,2014-05-06 00:00:00,2100,19.93425708226333,10.4873136885,-19838.58112690299,-0.4739049644427845,186,26337.205119224996,华策影视,影视音像,0.00025580564050424557
600880,2013-11-01,2014-05-06 00:00:00,2100,19.349127376149998,9.98337239424,-19668.085462010997,-0.48404017400052657,186,32299.8553878,博瑞传播,广告包装,0.0002536072094530577
603233,2020-11-03,2021-05-07 00:00:00,1700,47.02168318847999,35.452992798720004,-19666.773662591975,-0.24602884467977193,185,79936.86142041598,大参林,医药商业,0.00025359029465010633
600332,2013-05-03,2013-11-01 00:00:00,1200,40.47327412294833,24.089587029270003,-19660.424512413996,-0.40480261230926173,182,33651.653423388,白云山,中成药,0.0002535084264752834
600770,2008-05-06,2008-11-03 00:00:00,700,30.27771269809,2.23112121543,-19632.614037862,-0.9263114344971394,181,67092.02499999998,综艺股份,综合类,0.0002531498284379544
600569,2017-11-01,2018-05-03 00:00:00,18600,4.291857862873225,3.23768478429,-19607.619261647982,-0.2456216194162355,183,73639.901501166,安阳钢铁,普钢,0.0002528275370050244
600073,2013-11-01,2014-05-06 00:00:00,3100,12.974136196311612,6.66562134636,-19556.396034849997,-0.4862377544444959,186,25997.101840709995,光明肉业,食品,0.00025216704670806545
600838,2011-11-01,2012-05-03 00:00:00,2100,15.165070880006665,5.85556779078,-19549.956487375995,-0.613877980715549,184,13995.372190799997,上海九百,百货,0.00025208401291872297
000856,2011-02-01,2011-11-01 00:00:00,14200,10.372438948279859,8.99738166195,-19525.813465884003,-0.13256836633951896,273,125755.288737078,冀东装备,专用机械,0.00025177270431066474
600322,2009-05-05,2009-11-03 00:00:00,4600,10.545289279742606,6.30644636088,-19498.67742676799,-0.40196554180883215,182,38425.067646965996,津投城开,区域地产,0.00025142280268098587
000718,2008-02-01,2008-11-03 00:00:00,5800,5.079486411999999,1.72053358416,-19481.926401471992,-0.6612780417927023,276,29461.021189599993,苏宁环球,区域地产,0.00025120680907098243
300070,2013-05-03,2013-08-01 00:00:00,3200,20.9081458861275,14.82425194896,-19468.460598935995,-0.29098199191369456,90,33878.766009088,碧水源,环境保护,0.0002510331762783654
000021,2010-11-02,2011-05-04 00:00:00,3100,14.522846289564518,8.256412323000001,-19425.94529635,-0.43148800459778347,183,38874.117522240005,深科技,元器件,0.0002504849690179936
600166,2008-05-06,2008-11-03 00:00:00,2800,7.640243588120001,0.7081905006,-19409.748645056003,-0.9073078636260783,181,33273.302827765,福田汽车,汽车整车,0.0002502761237012957
600206,2010-11-02,2011-11-01 00:00:00,4100,11.151184825268292,6.4280165490000005,-19364.989932699995,-0.4235575277674275,364,39446.84511767999,有研新材,半导体,0.00024969898912654295
002922,2021-11-02,2022-05-06 00:00:00,1300,26.132144138099996,11.2447092348,-19353.665374289994,-0.5696981780226176,185,33971.78737953,伊戈尔,电气设备,0.0002495529662885704
000932,2008-05-06,2008-11-03 00:00:00,1400,15.56274145998,1.74922688214,-19338.920408976,-0.887601622976377,181,73274.031806976,华菱钢铁,普钢,0.00024936283952132674
600333,2015-05-05,2015-08-03 00:00:00,6000,11.22375201948,8.01348193656,-19261.620497519994,-0.28602468028055494,90,67342.51211688,长春燃气,供气供热,0.00024836610728355045
002841,2021-05-07,2021-08-03 00:00:00,500,137.08896120919997,98.61944794389,-19234.756632654986,-0.28061714762434353,88,58209.96070889999,视源股份,元器件,0.00024801971516436337
600078,2020-05-07,2020-11-03 00:00:00,11300,5.869637140535309,4.16829107646,-19225.210524050988,-0.2898554073003815,180,54895.05836314499,澄星股份,化工原料,0.00024789662428351117
000558,2015-05-05,2015-08-03 00:00:00,8100,12.813178792117407,10.44487428039,-19183.266544992,-0.18483348668984267,90,67001.355295875,天府文旅,旅游景点,0.00024735578386957997
600418,2024-11-01,2025-05-07 00:00:00,800,60.125519243789995,36.1638,-19169.375395031995,-0.3985282712758419,187,32792.759999999995,江淮汽车,汽车整车,0.0002471766664977211
600036,2007-11-01,2008-02-01 00:00:00,1300,26.7691215638,12.05240568984,-19131.730636147997,-0.5497646173739776,92,21565.50054659,招商银行,银行,0.00024669126174037736
600273,2018-11-01,2019-05-07 00:00:00,2200,16.457697919389997,7.79418549252,-19059.72733911399,-0.5264109518417451,187,21883.892710679997,嘉化能源,化工原料,0.00024576282591130366
002192,2010-11-02,2011-05-04 00:00:00,1500,26.470377933999995,13.80152773692,-19003.27529561999,-0.47860480982432185,183,217057.611907136,融捷股份,小金属,0.0002450349134133593
300502,2020-08-03,2020-11-03 00:00:00,5000,19.25230532225,15.46043803605,-18959.336430999992,-0.19695653184025275,92,96261.52661125,新易盛,通信设备,0.0002444683502435817
000762,2008-05-06,2009-11-03 00:00:00,600,47.0202068336,15.46368084,-18933.915596159997,-0.671126907316157,546,113590.47700000001,西藏矿业,小金属,0.0002441405650609217
603917,2025-11-03,2026-05-07 00:00:00,5900,15.72224946292,12.51519255972,-18921.63572888,-0.2039820644471807,185,92761.271831228,合力科技,汽车配件,0.0002439822241344828
000524,2007-11-01,2008-05-06 00:00:00,2700,12.458260605902222,5.452120921500001,-18916.577147885997,-0.5623690100914244,187,39495.064108499995,岭南控股,旅游服务,0.0002439169970124958
000993,2010-05-05,2010-11-02 00:00:00,1800,20.333430228222216,9.831722436,-18903.07402599999,-0.5164749712346197,181,34796.49197824799,闽东电力,水力发电,0.00024374288301105785
000595,2008-05-06,2008-08-01 00:00:00,2000,14.770005249999999,5.33466,-18870.690499999993,-0.6388180024512855,87,114162.048,新能股份,新型电力,0.00024332531844042525
600885,2012-05-03,2013-05-03 00:00:00,10900,5.236012680614312,3.5076356532,-18839.309598816002,-0.33009412559549633,365,33437.192372584,宏发股份,电气设备,0.00024292068206670367
000401,2010-05-05,2010-11-02 00:00:00,1200,33.406470297199995,17.71893174159,-18825.04626673199,-0.46959581230959513,181,22924.84121927999,金隅冀东,水泥,0.00024273676564767472
600533,2019-05-07,2019-11-01 00:00:00,12400,4.4108026075823386,2.89445456808,-18802.715689828998,-0.34378052576999896,178,39315.586125816,栖霞建设,区域地产,0.00024244882733742161
300067,2024-05-07,2025-05-07 00:00:00,12500,6.93769237545384,5.4345973626,-18788.687660672997,-0.21665633635932335,365,67958.53451887499,安诺其,染料涂料,0.00024226794499708143
000672,2009-05-05,2009-11-03 00:00:00,7900,5.33678544943848,2.96328472902,-18750.65569130599,-0.4447435151563405,182,23456.816124742,上峰材料,水泥,0.00024177754741162247
000801,2007-05-09,2007-11-01 00:00:00,8900,3.995071653269325,1.89400845564,-18699.462458900995,-0.5259137707605174,176,23576.155522919995,四川九洲,家用电器,0.00024111744387291304
000006,2007-11-01,2008-05-06 00:00:00,4200,8.256145130566667,3.80496940182,-18694.938060736,-0.5391348696460181,187,30929.705076270002,深振业A,区域地产,0.0002410591046921476
002127,2017-11-01,2018-11-01 00:00:00,8000,9.16777296435,6.8452220259,-18580.4075076,-0.2533386186025245,365,73342.1837148,南极电商,互联网,0.0002395823074698639
002456,2012-11-01,2013-11-01 00:00:00,3700,13.234771831362163,8.21341759077,-18579.010690191004,-0.37940618127568815,365,72267.48520992,欧菲光,元器件,0.0002395642964150566
300069,2016-11-01,2017-05-03 00:00:00,1600,45.1451,33.53643,-18573.871999999996,-0.25714130658698275,183,72232.16,金利华电,电气设备,0.00023949803633691616
002437,2015-11-03,2016-05-04 00:00:00,2800,16.20510271809,9.58213502325,-18544.309545551998,-0.40869643408348666,183,27112.6839984,誉衡药业,化学制药,0.00023911684765479352
600126,2008-05-06,2008-11-03 00:00:00,1300,16.2331518349,1.98833361606,-18518.263684491998,-0.8775140135272289,181,67929.904934892,杭钢股份,普钢,0.00023878100316428695
600738,2007-11-01,2008-05-06 00:00:00,3500,10.447369252320001,5.15822661,-18511.999248120006,-0.5062655023077187,187,21370.24541652,丽尚国潮,百货,0.0002387002273190647
600988,2012-05-03,2013-05-03 00:00:00,9900,5.762838060979998,3.89724638247,-18469.35761724898,-0.3237279373060754,365,54363.48910492499,赤峰黄金,黄金,0.0002381503911373674
000768,2007-08-01,2008-05-06 00:00:00,2000,19.101828685939996,9.87689776545,-18449.861840979993,-0.4829344390089759,279,134148.275797536,中航西飞,航空,0.00023789900574323493
000897,2007-11-01,2008-05-06 00:00:00,2200,16.68062773832,8.29640097432,-18445.298880799997,-0.5026325684817676,187,83870.93969254,津滨发展,区域地产,0.00023784016933028922
002612,2021-05-07,2021-11-02 00:00:00,1200,50.59562796288,35.2417592637,-18424.642439016006,-0.3034623606301423,179,60714.753555456,朗姿股份,服饰,0.00023757381790690408
600301,2022-05-06,2022-11-01 00:00:00,1100,27.785071182049997,11.0701849338,-18386.374873074998,-0.601577953093326,179,16061.043253254998,华锡有色,小金属,0.0002370803824563817
000735,2014-11-03,2015-05-05 00:00:00,8800,11.232132719989998,9.14601994488,-18357.792420967977,-0.18572721914132218,183,62073.147135999985,罗牛山,农业综合,0.00023671183026902274
600718,2020-11-03,2021-05-07 00:00:00,7900,11.156763271831391,8.83329714072,-18355.382435779997,-0.20825629033267035,185,83023.74836755998,东软集团,软件服务,0.00023668075507263275
600550,2009-05-05,2009-11-03 00:00:00,600,60.063891505951666,29.51420057568,-18329.814558162998,-0.5086199073072801,182,39109.57544694199,保变电气,电气设备,0.00023635107386870425
002488,2020-11-03,2021-05-07 00:00:00,9800,8.54529372697,6.67728793809,-18306.456731023998,-0.218600535986767,185,83743.878524306,金固股份,汽车配件,0.00023604988983271609
300097,2020-05-07,2020-11-03 00:00:00,5200,16.485473882955,12.96702,-18295.960191365994,-0.21342752461564796,180,54342.288,智云股份,专用机械,0.00023591454375967194
600651,2015-08-03,2015-11-03 00:00:00,5000,16.177721123563998,12.52253131362,-18275.94904971999,-0.22593972179554722,92,113963.84999999999,飞乐音响,电器仪表,0.00023565651306316034
002153,2023-05-05,2023-11-01 00:00:00,4700,14.425155945199998,10.54020270654,-18259.28022170199,-0.26931793690263184,180,67798.23294244,石基信息,软件服务,0.0002354415793337608
600875,2007-11-01,2008-05-06 00:00:00,700,43.7904399504,17.755167559500002,-18224.690673629997,-0.5945423800352154,187,21183.70001748,东方电气,电气设备,0.00023499556953887133
000937,2009-11-03,2010-02-02 00:00:00,4900,8.906508617537144,5.192412779610001,-18199.069605843,-0.41700917805367566,91,30430.84716672,冀中能源,煤炭开采,0.00023466520248218865
002121,2025-11-03,2026-05-07 00:00:00,10600,8.858849999999999,7.14285,-18189.599999999984,-0.1937046004842613,185,93903.80999999998,科陆电子,电器仪表,0.00023454309805483572
001914,2020-05-07,2020-11-03 00:00:00,2200,31.519231743999995,23.26821563286,-18152.23544450799,-0.26177719616248774,180,54719.7018368,招商积余,房产服务,0.00023406130633855091
600283,2010-11-02,2011-05-04 00:00:00,5200,11.801152501599997,8.335908547199999,-18019.26856287999,-0.2936360625735649,183,66710.24215856,钱江水利,水务,0.00023234678461428422
600010,2012-05-03,2012-11-01 00:00:00,15300,3.188675658599804,2.0125439415,-17994.815271626998,-0.3688464563423992,182,67545.99150499198,包钢股份,普钢,0.0002320314752788335
603193,2025-05-07,2025-11-03 00:00:00,1700,36.79849472298999,26.22655453266,-17972.29832356099,-0.2872927349314953,180,62557.44102908299,润本股份,日用化工,0.00023174113383327442
002181,2011-11-01,2012-11-01 00:00:00,1800,14.808574801019999,4.82898563055,-17963.260506846,-0.6739061188915098,366,13840.643456639998,粤传媒,出版业,0.00023162459704675984
600547,2009-11-03,2010-05-05 00:00:00,1800,27.627137662568888,17.736722523,-17802.747251224,-0.35799637517168814,183,39056.095178100004,山东黄金,黄金,0.00022955488269061941
002362,2016-05-04,2016-11-01 00:00:00,1300,39.357009999999995,25.69428,-17761.548999999995,-0.34714857658140186,181,32324.292,汉王科技,软件服务,0.0002290236579535983
000970,2012-05-03,2012-11-01 00:00:00,2400,19.374879113589998,11.980742265,-17745.928436615995,-0.3816352507409234,182,94144.36445413998,中科三环,矿物制品,0.00022882224091697048
600353,2012-11-01,2013-05-03 00:00:00,7400,4.541407512263244,2.15031471282,-17694.086715880003,-0.5265091919160597,183,15799.45753386,旭光电子,元器件,0.00022815377554170587
002134,2011-11-01,2012-05-03 00:00:00,1300,20.97942,7.372619999999999,-17688.840000000004,-0.6485784640376141,184,61701.63999999997,天津普林,元器件,0.00022808612254234862
300461,2023-05-05,2023-11-01 00:00:00,3000,27.319291999999997,21.42855,-17672.225999999988,-0.2156257197294863,180,68228.15999999999,田中精机,专用机械,0.00022787189578469112
002912,2020-05-07,2020-11-03 00:00:00,400,113.27685004635998,69.13551888639,-17656.53246398799,-0.3896765415166875,180,45310.74001854399,中新赛克,IT设备,0.00022766953781333998
000829,2007-11-01,2008-05-06 00:00:00,1600,19.770693902959998,8.77394902824,-17594.791799551997,-0.5562144115272354,187,21677.896240000002,天音控股,其他商业,0.00022687343197743472
600216,2009-11-03,2010-02-02 00:00:00,2100,21.752054770159997,13.387865733,-17564.796978035996,-0.38452408866835874,91,31417.488598496,浙江医药,化学制药,0.00022648666820231244
002638,2016-11-01,2017-05-03 00:00:00,7000,10.64063,8.131860000000001,-17561.38999999999,-0.23577269391004085,183,74484.41,勤上股份,家用电器,0.0002264427374295868
000547,2008-05-06,2008-11-03 00:00:00,1800,10.94190444347,1.234431333,-17473.451598846,-0.8871831371423926,181,82083.75060385499,航天发展,通信设备,0.00022530882876503974
600526,2020-05-07,2020-08-03 00:00:00,10800,7.493145644428888,5.8765242433500005,-17459.511131651987,-0.2157466940844579,88,55002.6341865,菲达环保,环境保护,0.0002251290754794251
601500,2024-05-07,2024-11-01 00:00:00,10200,6.634455427599999,4.94505,-17231.935361519987,-0.254641160233273,178,67671.44536151999,通用股份,汽车配件,0.0002221946334813067
601008,2017-05-03,2017-11-01 00:00:00,7500,7.857873303279999,5.56076694672,-17228.297674199992,-0.2923318139529115,182,64550.675473284,连云港,港口,0.00022214772786195356
600118,2007-05-09,2008-05-06 00:00:00,3200,11.9292409611375,6.56757161424,-17157.341910072,-0.4494560353307042,363,90291.40578057601,中国卫星,航空,0.0002212327992904936
600562,2011-08-02,2012-05-03 00:00:00,6000,8.2798732551535,5.42585316555,-17124.120537621,-0.3446936929653024,275,49766.03023391999,国睿科技,通信设备,0.00022080443123312615
002164,2011-05-04,2011-11-01 00:00:00,3400,11.023282670400002,5.9982653304,-17085.058956000008,-0.4558548927982502,181,74065.19649328801,宁波东力,机械基件,0.0002203007574652418
300004,2022-05-06,2022-11-01 00:00:00,3000,11.294085676206667,5.62437,-17009.147028620002,-0.5020074965564586,179,17846.23702862,南风股份,电气设备,0.00021932192238217124
002334,2017-11-01,2018-05-03 00:00:00,8400,8.739907926749998,6.732785015459999,-16859.83245483599,-0.22965034965034958,183,73415.22658469998,英威腾,电气设备,0.00021739660776722426
000717,2011-11-01,2012-05-03 00:00:00,4500,6.171952532078667,2.43385899471,-16821.420918159,-0.6056581799584426,184,42098.92944457199,中南股份,普钢,0.00021690131590741053
002353,2013-05-03,2013-08-01 00:00:00,800,64.489000881305,43.5341669553,-16763.867140804003,-0.32493655723668824,90,48407.90475521,杰瑞股份,化工机械,0.00021615919726568122
002791,2020-05-07,2020-11-03 00:00:00,700,156.63840868676,132.7257120294,-16738.88766015199,-0.152661769599433,180,58905.971796672,坚朗五金,其他建材,0.00021583710305910585
000537,2009-11-03,2010-05-05 00:00:00,4300,11.797498304219534,7.9062770088,-16732.251570303997,-0.32983444414039764,183,216067.79818624,绿发电力,新型电力,0.00021575153498328676
600061,2010-11-02,2011-11-01 00:00:00,5100,7.776804715679999,4.49633788128,-16730.38085544,-0.42182708121572743,364,39661.70404996799,国投资本,证券,0.0002157274133280673
600595,2021-05-07,2021-08-03 00:00:00,19700,4.2640808607351275,3.414849732,-16729.853236082014,-0.19915924591278034,88,64518.338644760006,中孚实业,铝,0.00021572061001854894
603055,2021-11-02,2022-05-06 00:00:00,2000,17.2952864084,8.96088982032,-16668.793176159998,-0.48188832444151586,185,34590.5728168,台华新材,纺织,0.00021493328013655463
000718,2009-05-05,2009-11-03 00:00:00,5600,9.459617487319997,6.49307134908,-16612.658374143986,-0.313601067085055,182,29461.021189599993,苏宁环球,区域地产,0.00021420945826177288
300618,2018-05-03,2018-11-01 00:00:00,300,107.22466245491,51.90084406314,-16597.145517531,-0.5159616931882133,182,32167.398736473002,寒锐钴业,小金属,0.00021400943003412135
000567,2007-11-01,2008-05-06 00:00:00,9200,3.4514154540082607,1.64781099954,-16593.160981107998,-0.5225695018470367,187,73663.32241067801,海德股份,多元金融,0.00021395805202047822
600109,2008-05-06,2009-05-05 00:00:00,600,36.328736444,8.685375470459999,-16586.016584124,-0.7609227206718756,364,15260.060115299999,国金证券,证券,0.00021386592965372137
600128,2022-05-06,2022-11-01 00:00:00,2500,13.7961266815372,7.1867836224,-16523.357647842997,-0.4790723665927348,179,62587.052307779995,苏豪弘业,商贸代理,0.00021305798329777253
000893,2009-08-03,2009-11-03 00:00:00,8300,17.590479806779395,15.60818997621,-16453.00559372599,-0.11269106086608383,92,132839.96064639298,亚钾国际,农药化肥,0.00021215083917546502
300370,2016-11-01,2017-05-03 00:00:00,11600,6.450335501609999,5.0321326302000005,-16451.15330835598,-0.21986497772961044,183,74823.89181867598,安控科技,电器仪表,0.0002121269551566211
000629,2010-11-02,2011-05-04 00:00:00,6700,10.911786234901793,8.45695912545,-16447.341633327014,-0.2249702346257415,183,39809.315382837005,钒钛股份,小金属,0.00021207780607857254
000157,2006-05-09,2006-08-01 00:00:00,22200,1.2634356978486485,0.5237427330000001,-16421.183819639995,-0.5854615047747835,84,14787.24575328,中联重科,工程机械,0.00021174051803152946
000592,2008-05-06,2009-11-03 00:00:00,2700,8.10114278454963,2.04300586908,-16356.969671768002,-0.747812632931691,546,67259.26717910399,平潭发展,林业,0.00021091251823049763
002298,2016-05-04,2016-11-01 00:00:00,1900,23.43007470224473,14.82981450084,-16340.49438266899,-0.36706072476076135,181,31586.195946304993,中电鑫龙,电气设备,0.0002107000800599699
002119,2016-05-04,2016-11-01 00:00:00,2600,17.47322442558,11.19310065504,-16328.321803403998,-0.35941413087707996,181,31599.59074272,康强电子,半导体,0.00021054312254292009
300289,2020-11-03,2021-05-07 00:00:00,10700,7.785299281759999,6.2595126216,-16325.917263711986,-0.19598304508790432,185,83302.70231483199,利德曼,医疗保健,0.00021051211756266982
000710,2017-05-03,2017-11-01 00:00:00,800,83.44336,63.06687,-16301.191999999997,-0.24419546384517588,182,53085.032,贝瑞基因,医疗保健,0.00021019330131870443
002144,2012-08-01,2012-11-01 00:00:00,1700,20.281630937214704,10.70006928993,-16288.654800383998,-0.47242559915157145,92,20260.011626855,宏达高科,纺织,0.0002100316422586444
600815,2008-11-03,2009-05-05 00:00:00,2300,14.21538540422,7.140044248560001,-16273.284658017998,-0.497724187876018,183,25427.06027862,厦工股份,工程机械,0.00020983345423867332
000601,2012-05-03,2012-08-01 00:00:00,11500,4.2449885478,2.83224484008,-16246.552638780002,-0.3328027135555327,90,33438.5476425,韶能股份,水力发电,0.00020948876218335923
000589,2007-08-01,2007-11-01 00:00:00,7400,5.5518040642929725,3.3567973425,-16243.049741267994,-0.3953681895783021,92,74669.82768044801,贵州轮胎,汽车配件,0.00020944359459118376
300271,2016-11-01,2017-05-03 00:00:00,3600,20.30516410923,15.82155494766,-16140.992981651998,-0.22081127428721015,183,73098.590793228,华宇软件,软件服务,0.00020812763884846413
600378,2018-05-03,2019-05-07 00:00:00,4000,15.961377877945498,11.93749491564,-16095.531849221992,-0.25210122791876666,369,41636.216622,昊华科技,化工原料,0.0002075414470222989
300870,2023-05-05,2023-11-01 00:00:00,1600,42.9042980366,32.911679455919995,-15988.189729088004,-0.23290483792919037,180,68646.87685855999,欧陆通,电气设备,0.00020615733998267187
000952,2008-11-03,2009-05-05 00:00:00,1600,18.443918573079998,8.452803774960001,-15985.783676991994,-0.5417023914160316,183,31555.409421536002,广济药业,化学制药,0.00020612631550095267
600518,2024-05-07,2024-11-01 00:00:00,34100,2.4464919742312903,1.97802,-15974.894321287002,-0.19148723117249888,178,67926.859,康美药业,中成药,0.00020598590431968042
600376,2009-05-05,2010-05-05 00:00:00,4400,8.3573956102,4.75130934459,-15866.779568683996,-0.43148445207127184,365,23511.05012256,首开股份,区域地产,0.00020459183468533214
000420,2016-11-01,2017-05-03 00:00:00,18500,4.433618378378378,3.57642,-15858.169999999982,-0.19334058667717424,183,74814.73999999999,吉林化纤,化纤,0.00020448081987950548
600037,2022-05-06,2022-11-01 00:00:00,2000,15.812771848874,7.88777443989,-15849.994817968,-0.5011769906455916,179,16360.018354679998,歌华有线,影视音像,0.00020437540620790506
000409,2016-05-04,2017-05-03 00:00:00,3400,15.503622358047354,10.84914,-15825.240017361002,-0.3002190230485964,364,32095.585327806002,云鼎科技,软件服务,0.00020405620910482995
600509,2008-11-03,2009-05-05 00:00:00,2300,14.147254031780435,7.26910649712,-15819.739329719,-0.48618251423275094,183,25466.6664252,天富能源,火力发电,0.0002039852813042743
000712,2007-11-01,2008-11-03 00:00:00,2200,9.5403373065,2.3540038398000003,-15809.933626739998,-0.753257797478903,368,61486.996735164,锦龙股份,证券,0.00020385884312227465
002594,2013-11-01,2014-05-06 00:00:00,2100,22.024068344849997,14.4999376479,-15800.674463594994,-0.341632189799729,186,67645.87930100001,比亚迪,汽车整车,0.00020373945221706374
600246,2020-05-07,2020-11-03 00:00:00,7000,8.789216991125999,6.53346,-15790.298937881993,-0.2566505063424326,180,54438.90295843999,万通发展,区域地产,0.00020360566654037624
600456,2011-11-01,2012-05-03 00:00:00,500,52.03725070544,20.47381905663,-15781.715824405,-0.6065545589154338,184,39295.187191259996,宝钛股份,小金属,0.00020349499285729085
300134,2014-05-06,2015-05-05 00:00:00,1100,47.291560195879995,32.94862180659,-15777.232228218998,-0.303287485756064,364,34561.7804532,大富科技,通信设备,0.00020343717979158892
002180,2011-05-04,2011-11-01 00:00:00,2600,14.3023969088,8.2382590944,-15766.75831744,-0.4239945131622552,181,71649.899779458,奔图科技,IT设备,0.00020330212550326724
002053,2024-05-07,2024-11-01 00:00:00,5400,14.802088985016667,11.8954654272,-15695.767212210003,-0.1963657670723964,178,66903.05066445,云南能投,新型电力,0.00020238674123121175
600556,2019-05-07,2020-05-07 00:00:00,4800,21.099155685107498,17.8325294202,-15679.806071555988,-0.15482260587390206,366,62007.18886362,天下秀,互联网,0.0002021809326715138
000050,2013-05-03,2013-11-01 00:00:00,3000,17.577396418581994,12.38524168068,-15576.464213705982,-0.2953881572821042,182,34428.98674214999,深天马A,元器件,0.00020084840642031076
600072,2011-05-04,2011-11-01 00:00:00,2000,28.48250659254,20.7018322452,-15561.34869468,-0.2731737925544052,181,37505.019552,中船科技,电气设备,0.00020065350160321417
603929,2020-08-03,2020-11-03 00:00:00,6900,13.976177014799998,11.731770485999998,-15486.405048719993,-0.1605880153366186,92,102607.8885832,亚翔集成,装修装饰,0.000199687151881231
002605,2019-05-07,2019-11-01 00:00:00,4300,15.115136461075814,11.51658876312,-15473.75510121,-0.23807576644926232,178,39068.16102189,姚记科技,互联网,0.00019952403901018242
600985,2017-11-01,2018-11-01 00:00:00,9200,7.929878556599998,6.24848573952,-15468.813917135974,-0.21203260618418707,365,72954.88272071998,淮北矿业,煤炭开采,0.00019946032564535963
002025,2018-11-01,2019-05-07 00:00:00,500,55.35895742176799,24.4482241032,-15455.366659283995,-0.5583691376820152,187,15373.026632963998,航天电器,元器件,0.00019928693197441877
300132,2016-11-01,2017-05-03 00:00:00,7200,10.39900566705,8.25385866921,-15445.058384447997,-0.20628385698808227,183,74872.84080276,青松股份,化工原料,0.0001991540134541855
000573,2019-05-07,2019-11-01 00:00:00,13600,3.7246839430536034,2.5920220833,-15404.201292649008,-0.3040960997149773,178,39464.187867104,粤宏远A,区域地产,0.00019862718774674574
300343,2016-11-01,2017-05-03 00:00:00,6000,12.47301221166,9.9105537258,-15374.750915160004,-0.20544022906227632,183,74838.07326996,联创股份,化工原料,0.0001982474442243398
600152,2011-05-04,2012-05-03 00:00:00,3100,12.3673227678,7.40996393868,-15367.812370271999,-0.4008433290046537,365,38338.70058018,维科技术,电气设备,0.00019815797618688842
002639,2015-05-05,2016-02-02 00:00:00,6200,10.801310520000001,8.3229938748,-15365.563200240009,-0.22944592145657539,273,66968.125224,雪人集团,专用机械,0.0001981289745976641
601999,2016-05-04,2016-11-01 00:00:00,3700,15.754269525589189,11.61850754232,-15302.319338096,-0.26251689908894826,181,114253.13899999998,出版传媒,出版业,0.00019731348600197156
000533,2010-02-02,2010-05-05 00:00:00,4300,15.183367131956278,11.63960549325,-15238.175046436992,-0.2333976125261279,92,35732.827045916,顺钠股份,电气设备,0.00019648638695151215
688200,2021-11-02,2022-05-06 00:00:00,200,172.68347457361,96.66612343368,-15203.470227986,-0.4402120777777493,185,34536.694914722,华峰测控,半导体,0.00019603889081982556
300037,2021-11-02,2022-05-06 00:00:00,400,73.52669323999999,35.568230925239995,-15183.384925903996,-0.5162541743970315,185,29410.677295999994,新宙邦,化工原料,0.00019577990387257657
000917,2008-11-03,2009-05-05 00:00:00,1900,15.209504027612633,7.2537374016,-15115.956589424004,-0.5230786363295644,183,21723.652654704,电广传媒,广告包装,0.00019491045919349065
300143,2016-11-01,2017-05-03 00:00:00,6000,12.4746349728,9.95572638792,-15113.451509280001,-0.2019224282211295,183,83045.38443801599,盈康生命,医疗保健,0.00019487815780930133
002006,2011-05-04,2012-05-03 00:00:00,1700,21.4194479499,12.5407166301,-15093.84324366,-0.41451728077060224,365,36413.06151483,精工科技,专用机械,0.00019462532193792443
600219,2007-11-01,2009-05-05 00:00:00,2700,7.969888726799999,2.39523503733,-15051.564961568996,-0.6994644317585454,551,334593.556956659,南山铝业,铝,0.00019408017090315397
603466,2023-05-05,2023-11-01 00:00:00,4700,14.620705199099998,11.41844637375,-15050.616479144994,-0.21902218680581287,180,68717.31443577,风语筑,文教休闲,0.00019406794083728248
300836,2021-08-03,2021-11-02 00:00:00,4500,19.4371611434,16.09438623327,-15042.487095585,-0.17197855620315516,91,87467.2251453,佰奥智能,专用机械,0.0001939631177072831
601949,2021-05-07,2021-11-02 00:00:00,10100,6.355255756849999,4.870674130319999,-14994.274427952998,-0.23359903728970255,179,68067.502286784,中国出版,出版业,0.0001933414466187546
000777,2014-05-06,2014-11-03 00:00:00,2000,26.23042910488,18.74236974912,-14976.118711519994,-0.28547224011546546,181,18866.50766,中核科技,机械基件,0.00019310734042732642
600822,2014-11-03,2015-05-05 00:00:00,5700,15.849943417729472,13.2288344235,-14940.32126710799,-0.16537024298128056,183,61755.77894686199,上海物贸,汽车服务,0.00019264575559231975
600549,2010-11-02,2011-05-04 00:00:00,1200,34.001205863625,21.5606532645,-14928.663118950002,-0.3658856291457031,183,37360.1356128,厦门钨业,小金属,0.00019249543133084305
600850,2012-05-03,2012-11-01 00:00:00,2600,15.212344235549997,9.47454028569,-14918.29026963599,-0.3771807856182494,182,32382.344398403995,电科数字,软件服务,0.0001923616801645852
601179,2020-05-07,2020-11-03 00:00:00,9600,5.7412910555,4.1923945089,-14869.40684736,-0.2697819238960546,180,55116.39413279999,中国西电,电气设备,0.00019173136012983272
600773,2011-11-01,2012-05-03 00:00:00,800,32.351764652707494,13.7866995999,-14852.052042245996,-0.5738501516718284,184,32033.179219041,西藏城投,区域地产,0.00019150758117056056
000686,2019-05-07,2019-11-01 00:00:00,5000,10.418701614921599,7.44945384924,-14846.238828407992,-0.2849921108623612,178,39333.093799999995,东北证券,证券,0.00019143262354734617
000554,2007-05-09,2008-05-06 00:00:00,2400,14.489003555276247,8.305774331579999,-14839.750136870995,-0.4267532408358471,363,38121.175412319986,泰山石油,石油贸易,0.00019134895607717588
600208,2007-11-01,2008-11-03 00:00:00,4000,5.438936903399999,1.73760901164,-14805.311567039997,-0.6805241460782929,368,30899.416127579996,衢州发展,全国地产,0.00019090489304881132
000960,2007-11-01,2008-05-06 00:00:00,400,63.58063789076999,26.5679480574,-14805.075933347996,-0.5821377554745032,187,58948.55494528,锡业股份,小金属,0.00019090185470513538
600267,2016-11-01,2017-05-03 00:00:00,5600,14.08777059547,11.45710821321,-14731.709340655994,-0.18673376063533453,183,74425.420421352,海正药业,化学制药,0.0001899558400624984
688037,2021-11-02,2022-05-06 00:00:00,400,86.9228752392,50.09756724504,-14730.123197664,-0.4236549687619252,185,34769.15009568,芯源微,半导体,0.00018993538777705506
000055,2007-08-01,2008-05-06 00:00:00,10400,3.9618429346650004,2.547154296,-14712.761842116004,-0.3570784258726858,279,31636.115811300002,方大集团,其他建材,0.00018971152435418384
600184,2009-08-03,2009-11-03 00:00:00,12100,12.897998564277271,11.6843817222,-14684.763789134991,-0.09409342356716843,92,133175.927859975,光电股份,专用机械,0.0001893505076146365
600460,2010-11-02,2011-05-04 00:00:00,4100,10.32053366539317,6.7414406511600005,-14674.281358355991,-0.34679340529013436,183,92234.54275035,士兰微,半导体,0.00018921534346643906
300698,2021-11-02,2022-05-06 00:00:00,1500,22.38875747108,12.62060364312,-14652.230741940002,-0.43629727288697095,185,67294.52062433101,万马科技,通信设备,0.00018893101506514245
600292,2025-05-07,2025-11-03 00:00:00,5000,16.806558937168,13.8791630439,-14636.979466339995,-0.17418175274380598,180,62556.348354500005,电投水电,水力发电,0.0001887343597550469
600693,2016-11-01,2017-11-01 00:00:00,8000,12.9492349861875,11.120684184,-14628.406417500002,-0.1412091759967251,365,74187.10499200001,东百集团,百货,0.00018862381584892982
002658,2021-05-07,2021-11-02 00:00:00,8100,7.978420279829999,6.172609212,-14627.06964942299,-0.22633691940185385,179,64625.20426662299,雪迪龙,环境保护,0.00018860657909132311
603711,2023-05-05,2023-11-01 00:00:00,3400,19.876469613,15.57473711256,-14625.890501496006,-0.21642336814312824,180,67579.9966842,香飘飘,软饮料,0.00018859137474335174
000009,2007-11-01,2008-05-06 00:00:00,3500,10.01684863179,5.83997736681,-14619.049427429996,-0.41698456455896316,187,30822.351844283996,中国宝安,电气设备,0.00018850316352895095
600859,2007-11-01,2008-05-06 00:00:00,900,41.028638767783335,24.80913366237,-14597.554594872,-0.3953215508126795,187,21671.688256218,王府井,百货,0.00018822600160013875
001309,2024-05-07,2024-11-01 00:00:00,900,72.74155596708,56.532464946,-14588.181918972006,-0.2228312386995902,178,65467.400370372,德明利,半导体,0.00018810514702155274
002655,2019-11-01,2020-05-07 00:00:00,3900,12.894854973,9.15685323075,-14578.206794774997,-0.28988319372934745,188,50289.934394699994,共达电声,元器件,0.00018797652426279782
002827,2024-11-01,2025-05-07 00:00:00,1200,41.390810155695,29.26602675792,-14549.740077330001,-0.2929341888251671,187,34042.916863956,高争民爆,化工原料,0.00018760946439886454
600839,2015-05-05,2015-11-03 00:00:00,8900,7.61686037112,5.98347057996,-14537.169141323999,-0.21444397186971442,182,67790.057302968,四川长虹,家用电器,0.0001874473703299297
600496,2019-05-07,2019-11-01 00:00:00,14500,3.404945266136207,2.40322303134,-14524.972404545,-0.29419628114401986,178,39325.040990235,精工钢构,钢加工,0.00018729010131740027
600408,2005-11-01,2006-05-09 00:00:00,2100,9.317354818199998,2.412033552,-14501.174659019996,-0.741124643306653,189,38339.30099999999,安泰集团,焦炭加工,0.00018698324481906302
600498,2023-05-05,2023-11-01 00:00:00,3600,21.458794611698888,17.44001185068,-14467.617939667993,-0.18727905428704417,180,114476.07452180899,烽火通信,通信设备,0.00018655055268084253
600803,2007-05-09,2007-08-01 00:00:00,3900,8.976534690969999,5.27205770496,-14447.460245438995,-0.4126845284446503,84,33274.267401375,新奥股份,供气供热,0.00018629063228379634
000973,2009-05-05,2009-11-03 00:00:00,5400,8.361480905555554,5.690107197,-14425.418026199995,-0.31948571535702897,182,112766.09451307199,佛塑科技,塑料,0.00018600641215865238
002626,2018-05-03,2018-11-01 00:00:00,2800,14.913980831749997,9.77787212022,-14381.104392283994,-0.34438214514771703,182,41759.146328899995,金达威,医疗保健,0.0001854350165817993
603779,2024-11-01,2025-05-07 00:00:00,2700,12.585349656879997,7.26277091904,-14370.962592167989,-0.4229186222831972,187,33980.44407357599,威龙股份,红黄酒,0.00018530424464513983
002389,2018-05-03,2018-11-01 00:00:00,2600,16.021099654559997,10.49752944252,-14361.282551303993,-0.34476848226007095,182,41654.85910185599,航天彩虹,航空,0.00018517942679463522
300398,2018-05-03,2019-05-07 00:00:00,2100,19.323632328,12.50564023161,-14317.783402418996,-0.35283180618742727,369,40579.627888799994,飞凯材料,化工原料,0.00018461853347415342
000852,2014-11-03,2015-11-03 00:00:00,4600,13.4988189336,10.38750405804,-14312.048427576006,-0.2304879331195122,365,62094.56709456001,石化机械,化工机械,0.00018454458469205036
603979,2024-05-07,2024-11-01 00:00:00,1300,51.779309662079996,40.796184978,-14278.062089303996,-0.21211415825660118,178,67313.10256070399,金诚信,铜,0.00018410635289641678
688147,2024-05-07,2024-11-01 00:00:00,2000,32.7558856625,25.62349528557,-14264.780753859995,-0.21774378047409626,178,65511.771325,微导纳米,专用机械,0.0001839350986873445
000659,2011-08-02,2011-11-01 00:00:00,7000,6.6059118125,4.57108059375,-14243.818531249999,-0.3080318473067718,91,46241.382687499994,珠海中富,广告包装,0.00018366480441847304
603588,2017-05-03,2017-11-01 00:00:00,5600,10.567127971399998,8.02401878916,-14241.411420543991,-0.2406622867748872,182,59175.91663983999,高能环境,环境保护,0.00018363376628666433
002374,2022-11-01,2023-05-05 00:00:00,7200,6.475349814266665,4.50549,-14182.990662719989,-0.30420901893618424,185,31063.031999999992,中锐股份,广告包装,0.0001828804684939282
300337,2016-11-01,2017-05-03 00:00:00,6700,11.182679207699998,9.06653860578,-14178.142032863987,-0.1892337750744829,183,74923.95069158998,银邦股份,铝,0.00018281794855573563
300513,2018-05-03,2018-11-01 00:00:00,2400,17.636745436309997,11.73614174037,-14161.448870255994,-0.3345630698843117,182,68305.646514105,恒实科技,软件服务,0.00018260270104757646
000731,2005-11-01,2006-05-09 00:00:00,1400,14.074344233949999,4.01450873274,-14083.769701693998,-0.7147640653085463,189,67674.507305405,四川美丰,农药化肥,0.0001816010785353247
000831,2008-11-03,2009-05-05 00:00:00,2400,12.442288405213333,6.5776472685,-14075.138728111999,-0.4713474680635149,183,64419.52494978,中国稀土,小金属,0.00018148978772721726
000599,2007-08-01,2007-11-01 00:00:00,4000,9.714155895443998,6.19933549896,-14059.28158593599,-0.36182458201360257,92,62758.695999999996,青岛双星,汽车配件,0.0001812853201604617
000965,2022-05-06,2022-11-01 00:00:00,2300,10.19223173620826,4.092973799129999,-14028.29325528,-0.5984222194841227,179,16218.791489901,天保基建,区域地产,0.00018088574572916008
600308,2005-11-01,2006-05-09 00:00:00,2700,7.380085244012964,2.23396616763,-13894.521506234001,-0.697298053644802,189,73331.386128,华泰股份,造纸,0.00017916084576140586
000758,2011-11-01,2012-05-03 00:00:00,1500,19.334048851450664,10.08987723279,-13866.257427990995,-0.47812911251473633,184,13252.910170499998,中色股份,铅锌,0.00017879639879859308
603399,2014-08-01,2014-11-03 00:00:00,14600,10.802910308189999,9.8533858509,-13863.057076433972,-0.08789524583668307,94,157722.490499574,永杉锂业,小金属,0.00017875513234033954
000825,2007-11-01,2009-05-05 00:00:00,1600,13.452158399679996,4.7900540511,-13859.366957727994,-0.6439192946751247,551,21523.453439487996,太钢不锈,特种钢,0.00017870755065226007
002005,2010-05-05,2010-11-02 00:00:00,1400,19.448543477219992,9.5493065346,-13858.93171966799,-0.5089963140023792,181,13992.704998271996,德豪润达,家用电器,0.0001787019385396801
688065,2021-11-02,2022-05-06 00:00:00,300,106.75255808217,60.57789305841,-13852.399507128,-0.432539190191754,185,32025.767424651,凯赛生物,化工原料,0.0001786177098943948
000011,2009-05-05,2010-05-05 00:00:00,3900,9.310447258419998,5.76369736317,-13832.324591474991,-0.3809430199008387,365,23319.745911461996,深物业A,房产服务,0.00017835885687341322
000061,2007-11-01,2009-05-05 00:00:00,2700,9.82511245271111,4.7210150592,-13781.062962479999,-0.5194950610568027,551,21678.107402952,农产品,农业综合,0.0001776978714050234
300099,2017-05-03,2017-11-01 00:00:00,6900,8.527978288829999,6.531826635,-13773.446411426994,-0.2340709117944838,182,58843.050192926996,尤洛卡,电器仪表,0.00017759966091768646
002172,2015-05-05,2016-05-04 00:00:00,6000,13.6311175,11.33865,-13754.805000000004,-0.1681789845916889,365,67747.68000000001,澳洋健康,医疗保健,0.00017735929200423035
300965,2023-11-01,2024-05-07 00:00:00,500,55.771588873,28.264542165,-13753.523353999999,-0.4932089485676575,188,27885.7944365,恒宇信通,航空,0.00017734276601006604
688080,2023-05-05,2023-11-01 00:00:00,1400,46.90477947154999,37.08875739672,-13742.430904761994,-0.20927551915650477,180,65666.69126016999,映翰通,通信设备,0.00017719973606936928
000878,2011-11-01,2012-05-03 00:00:00,800,34.83161727044999,17.680620001679998,-13720.797815015992,-0.4923973852721545,184,14496.056975399997,云南铜业,铜,0.00017692079140376227
601919,2015-11-03,2016-05-04 00:00:00,5600,4.911196239949999,2.46544233975,-13696.221841119994,-0.4979955556051857,183,27502.698943719995,中远海控,水运,0.00017660390015517615
600276,2006-05-09,2006-08-01 00:00:00,15600,1.7999259353074997,0.92244896766,-13688.640695300996,-0.4875072637350444,84,73143.262192,恒瑞医药,化学制药,0.0001765061461953753
688277,2023-05-05,2023-11-01 00:00:00,3800,17.8178,14.21577,-13687.713999999996,-0.20215907687817802,180,67707.64,天智航,医疗保健,0.0001764941970603284
300417,2019-11-01,2020-05-07 00:00:00,1900,26.06347783039,18.87388748973,-13660.221647254,-0.2758492319193466,188,49520.607877741,南华仪器,电器仪表,0.0001761397009974209
000159,2008-11-03,2009-11-03 00:00:00,1900,14.408479609734737,7.2423712791,-13615.605828206,-0.4973535393556119,365,26404.649891619996,国际实业,石油贸易,0.00017556440893922435
600604,2013-05-03,2013-11-01 00:00:00,8500,5.6741773818141175,4.0763449746,-13581.575461320002,-0.2815971901645534,182,34793.995811575,市北高新,园区开发,0.00017512560942316107
002657,2015-05-05,2015-11-03 00:00:00,600,99.8544547,77.2325826075,-13573.123255499999,-0.2265484515484515,182,59912.67282,中科金财,软件服务,0.00017501662370943342
002903,2020-11-03,2021-05-07 00:00:00,5400,15.523443936,13.0155522192,-13542.615270719998,-0.16155511155511149,185,83826.5972544,宇环数控,机床制造,0.00017462324302675147
002702,2020-08-03,2020-11-03 00:00:00,10900,8.94386150658,7.703121168,-13524.069690521992,-0.13872535231758532,92,97488.090421722,海欣食品,食品,0.00017438410979485718
000798,2012-11-01,2013-05-03 00:00:00,2100,14.18740442405,7.75444763016,-13509.209267168999,-0.45342732198322855,183,62026.71787812499,中水渔业,渔业,0.0001741924942710624
603833,2021-05-07,2021-11-02 00:00:00,400,137.25294707124,103.51889439309,-13493.621071259997,-0.24578017010185305,179,54901.17882849599,欧派家居,家居用品,0.00017399149459203795
300601,2019-11-01,2020-05-07 00:00:00,900,96.32807872688,81.3940302942,-13440.643589412,-0.1550331806681483,188,96985.79101210998,康泰生物,生物制药,0.0001733083843136496
000928,2007-08-01,2007-11-01 00:00:00,7400,5.168839148445945,3.35464574625,-13425.03117624999,-0.35098662390014534,92,38327.360296225,中钢国际,建筑工程,0.0001731070723688498
600623,2007-05-09,2007-11-01 00:00:00,1900,14.448302611901052,7.4081020824,-13376.381006051999,-0.48726834692000753,176,22808.93286672,华谊集团,化工原料,0.00017247975996840495
688522,2025-05-07,2025-11-03 00:00:00,1700,35.880653308499994,28.01694501,-13368.304107449989,-0.21916290739993605,180,60997.11062444999,纳睿雷达,通信设备,0.00017237561359790805
600195,2007-11-01,2008-05-06 00:00:00,2000,13.002923808874998,6.33227509629,-13341.297425169996,-0.5130114434748916,187,20956.432096599998,中牧股份,农业综合,0.00017202737994075605
000795,2010-11-02,2011-05-04 00:00:00,4600,11.762066577565651,8.86219996896,-13339.386399585992,-0.24654397162967123,183,46645.311300588,英洛华,矿物制品,0.0001720027385049392
002524,2019-11-01,2020-05-07 00:00:00,5000,10.09008,7.422569999999999,-13337.550000000008,-0.2643695590124163,188,50450.4,光正眼科,医疗保健,0.0001719790593229801
600222,2013-11-01,2014-05-06 00:00:00,4300,9.624770225069998,6.52524989832,-13327.93740502499,-0.3220357737659608,186,26468.388774828,太龙药业,中成药,0.00017185511114348263
002213,2016-05-04,2016-11-01 00:00:00,1200,37.066226447249996,25.96700674026,-13319.063648387993,-0.2994429368952788,181,112748.63599999998,大为股份,半导体,0.00017174068980529896
002008,2017-11-01,2018-05-03 00:00:00,1600,53.9788281032,45.682345926,-13274.371483519997,-0.1536988198657866,183,71145.56665216,大族激光,专用机械,0.00017116441331725538
688700,2022-11-01,2023-05-05 00:00:00,400,75.17628593475,42.025639293,-13260.2586567,-0.44097212611066516,185,114421.208335434,东威科技,专用机械,0.00017098243756601987
002271,2012-11-01,2013-05-03 00:00:00,7300,4.136402815065067,2.33194547025,-13172.538617149992,-0.4362383030596314,183,54883.234738332,东方雨虹,其他建材,0.00016985134453277275
300696,2020-11-03,2021-05-07 00:00:00,2300,36.33681214163,30.631724613,-13121.701315848997,-0.157005724838857,185,83574.667925749,爱乐达,航空,0.00016919583049486745
603918,2023-05-05,2023-11-01 00:00:00,4800,22.53444519993333,19.80247214556,-13113.470660991987,-0.12123542559554179,180,68663.70743231999,金桥信息,软件服务,0.00016908970153715625
600582,2007-11-01,2008-11-03 00:00:00,4300,5.01312928116,1.96938208656,-13088.112936780002,-0.60715513682019,368,59056.20825104,天地科技,专用机械,0.00016876273012512416
600478,2008-11-03,2009-05-05 00:00:00,3900,7.818324544029999,4.4706323925,-13055.999390966997,-0.42818536537809326,183,93968.87499999999,科力远,电气设备,0.00016834864677395053
000623,2007-11-01,2009-05-05 00:00:00,600,34.71143419744,12.988870128,-13033.538441663999,-0.6258042795316725,551,20826.860518464,吉林敖东,中成药,0.00016805902739613145
603027,2017-11-01,2018-02-01 00:00:00,15000,4.8924641766,4.02466308822,-13017.016325700004,-0.17737505213233373,92,82517.75320588799,千禾味业,食品,0.0001678459854235418
600191,2015-11-03,2016-05-04 00:00:00,1700,23.554183843778823,15.90283896228,-13007.286298547999,-0.3248401614017168,183,59095.79004529199,华资实业,食品,0.00016772052303226388
600822,2010-05-05,2010-11-02 00:00:00,1500,19.059265689464,10.38815475669,-13006.666399160998,-0.45495514224178146,181,61755.77894686199,上海物贸,汽车服务,0.00016771252983160473
002204,2011-05-04,2012-05-03 00:00:00,5000,7.58582083259,4.99363932204,-12960.907552749999,-0.3417140435763443,365,67449.68832602,大连重工,专用机械,0.00016712249917668923
600415,2007-11-01,2008-05-06 00:00:00,11000,3.6874204676399995,2.5114937922,-12935.193429839994,-0.3189022477256598,187,21783.20091948,小商品城,商品城,0.00016679093223453132
002453,2021-11-02,2022-05-06 00:00:00,2100,16.43642,10.27971,-12929.090999999997,-0.3745773106309037,185,34516.481999999996,华软科技,化工原料,0.00016671224535849582
002729,2022-11-01,2023-05-05 00:00:00,1000,30.871035345149995,17.9597206017,-12911.314743449995,-0.41823393997307035,185,30871.035345149994,好利科技,元器件,0.0001664830320562212
603927,2023-05-05,2023-11-01 00:00:00,2700,25.4168933018,20.63809146978,-12902.764946453994,-0.1880167562288806,180,68625.61191486,中科软,软件服务,0.0001663727879675561
000520,2017-05-03,2017-11-01 00:00:00,9200,6.396389999999999,4.995,-12892.787999999993,-0.21909076838654296,182,58846.78799999999,凤凰航运,水运,0.00016624414171197884
300803,2025-11-03,2026-02-03 00:00:00,600,142.83959529839998,121.40067538242,-12863.351949587988,-0.1500908755110435,92,85703.75717904,指南针,软件服务,0.00016586458292794127
600694,2010-11-02,2011-05-04 00:00:00,1400,30.21508846356,21.05398947546,-12825.538583340001,-0.30319616635074453,183,37295.37047236,大商股份,百货,0.0001653770040879621
300571,2018-05-03,2018-11-01 00:00:00,800,52.67959096399999,36.7257606768,-12763.064229759993,-0.3028465102947073,182,42143.67277119999,平治信息,互联网,0.0001645714378062611
601177,2016-11-01,2017-05-03 00:00:00,6800,10.90165378302,9.02961940194,-12729.833791344005,-0.1717202195501576,183,74131.245724536,杭齿前进,机械基件,0.00016414295284915338
000908,2014-05-06,2014-11-03 00:00:00,2900,14.296805783950344,9.91164747096,-12716.959107671997,-0.30672294072240536,181,114324.20999999999,石药景峰,化学制药,0.0001639769421510122
300022,2016-11-01,2017-05-03 00:00:00,8500,8.74874,7.25274,-12715.999999999996,-0.1709960520029169,183,74364.29,吉峰科技,农用机械,0.0001639645750794571
300710,2021-11-02,2022-05-06 00:00:00,800,40.71995201274,24.84617972922,-12699.017826816002,-0.3898278730425221,185,32575.961610192,万隆光电,通信设备,0.0001637456009673118
600130,2021-05-07,2021-11-02 00:00:00,19700,4.0003923350253805,3.35664,-12681.920999999995,-0.1609222998926919,179,64483.419,波导股份,元器件,0.00016352514847092192
002313,2016-11-01,2017-05-03 00:00:00,3000,24.65714843592,20.44684163106,-12630.92041458,-0.17075400327827517,183,73971.44530776,日海智能,通信设备,0.00016286752899017382
600782,2009-11-03,2010-05-05 00:00:00,12200,3.7778169859758193,2.7476362134000003,-12568.20542542499,-0.2726920802146059,183,30843.863708658,新钢股份,普钢,0.00016205885986875877
600031,2007-11-01,2008-05-06 00:00:00,3200,8.286308455425,4.36786592184,-12539.016107472002,-0.4728815677890458,187,38312.83952496,三一重工,工程机械,0.00016168248253980145
002422,2018-05-03,2018-11-01 00:00:00,1400,29.4296354352,20.47687464798,-12533.865102108,-0.30420902790089754,182,41201.489609280005,科伦药业,化学制药,0.0001616160636654903
002961,2021-11-02,2022-05-06 00:00:00,1400,23.51738424035,14.57192773575,-12523.639106440001,-0.3803763383366342,185,32924.33793649,瑞达期货,多元金融,0.00016148420608177942
600071,2010-05-05,2010-11-02 00:00:00,1400,21.737531578619997,12.79719,-12516.478210067995,-0.41128596162285935,181,93231.138,凤凰光学,元器件,0.00016139187096611223
300850,2021-11-02,2022-05-06 00:00:00,200,127.63367717099996,65.13026753700001,-12500.68192679999,-0.4897093856369872,185,25526.735434199993,新强联,机械基件,0.0001611881881355151
000036,2007-05-09,2008-05-06 00:00:00,4100,5.5942141255,2.55301977465,-12468.896838485,-0.5436320960592804,363,22936.27791455,华联控股,全国地产,0.00016077834003080997
600470,2020-11-03,2021-02-02 00:00:00,21700,4.549430046451613,3.97602,-12442.998008000006,-0.12603997436972392,91,83628.545,六国化工,农药化肥,0.00016044439140423502
002040,2017-05-03,2017-11-01 00:00:00,4100,14.194099919999998,11.16118981782,-12434.931418937987,-0.21367399970931,182,58195.80967199999,南京港,港口,0.00016034037796857172
000981,2011-05-04,2011-08-02 00:00:00,45300,1.1201321953013244,0.8458058475,-12426.983555399995,-0.24490533255990243,90,83775.29160000001,山子高科,汽车配件,0.00016023789542156036
002163,2011-05-04,2011-11-01 00:00:00,4100,9.20069698548,6.1795143,-12386.849010468002,-0.32836454566951323,181,54722.66799999999,海南发展,装修装饰,0.00015972038648747876
603356,2020-05-07,2020-11-03 00:00:00,3200,16.78795113996,12.91707,-12386.819647872,-0.23057495865271038,180,53721.443647872,华菱精工,运输设备,0.0001597200078758417
003000,2024-05-07,2024-11-01 00:00:00,4800,14.103861571799998,11.52664469712,-12370.640998463989,-0.18273129394810717,178,67698.53554463999,劲仔食品,食品,0.00015951139468179138
002812,2017-11-01,2018-05-03 00:00:00,2000,36.7175632824,30.534310125,-12366.506314799999,-0.16840042215883777,183,113213.09999999999,恩捷股份,电气设备,0.0001594580806168296
600876,2017-05-03,2017-11-01 00:00:00,2800,26.836094999999997,22.42755,-12343.92599999999,-0.1642766952494391,182,58550.492,凯盛新能,玻璃,0.0001591669220983219
600088,2013-05-03,2014-05-06 00:00:00,3800,15.04342708078737,11.79545416857,-12342.297066426003,-0.21590644836278694,368,68627.91775839998,中视传媒,影视音像,0.00015914591805606872
000722,2011-11-01,2012-02-01 00:00:00,1600,15.778660309912498,8.1058762098,-12276.454560179996,-0.4862760176979213,92,114269.15499999998,湖南发展,水力发电,0.0001582969216296144
002314,2016-11-01,2017-05-03 00:00:00,9300,8.016417969559999,6.70056480792,-12237.43440325199,-0.1641447797054203,183,74552.687116908,南山控股,区域地产,0.00015779378200628678
300382,2022-11-01,2023-05-05 00:00:00,1500,20.41328066778,12.26361155256,-12224.50367283,-0.3992336777146903,185,30619.92100167,斯莱克,专用机械,0.00015762704862164472
000403,2019-11-01,2020-11-03 00:00:00,3500,29.84494785272,26.35663865832,-12209.082180399997,-0.11688106180028335,368,50565.2888741,派林生物,生物制药,0.00015742819847589318
002372,2021-05-07,2021-11-02 00:00:00,3400,18.8593830425,15.28331503635,-12158.631220909996,-0.18961744390531,179,64121.9023445,伟星新材,其他建材,0.00015677766606514066
600483,2014-05-06,2014-08-01 00:00:00,5100,6.222641018122942,3.84149435031,-12143.848005846003,-0.38265853049823106,87,18646.926650352,福能股份,新型电力,0.0001565870460921715
002902,2019-11-01,2020-05-07 00:00:00,2000,24.34324521629,18.28316006847,-12120.17029564,-0.24894319117997943,188,48686.49043258,铭普光磁,通信设备,0.00015628173737144315
002800,2019-11-01,2020-05-07 00:00:00,3800,13.34820512025,10.1655106137,-12094.23912489,-0.2384361401310554,188,113435.32199999999,天顺股份,仓储物流,0.00015594737173812005
002862,2021-11-02,2022-05-06 00:00:00,3200,10.881699989159998,7.11883095309,-12041.180915423993,-0.34579790288451695,185,34821.43996531199,实丰文化,文教休闲,0.00015526322052944035
000795,2008-05-06,2008-11-03 00:00:00,2400,6.187774832405833,1.17405213264,-12032.934479438,-0.8102626284183124,181,46645.311300588,英洛华,矿物制品,0.00015515688808430327
603119,2025-11-03,2026-05-07 00:00:00,1200,77.79730818859998,67.76993147076,-12032.852061407983,-0.12889104972026966,185,93356.76982631999,浙江荣泰,汽车配件,0.00015515582535724517
002289,2014-11-03,2015-05-05 00:00:00,4500,21.188298784986667,18.519613848,-12009.082216440009,-0.1259508827994068,183,112980.868,宇顺电子,元器件,0.00015484932861850042
002022,2007-11-01,2008-05-06 00:00:00,1900,19.211924766244735,12.903708375,-11985.611143364995,-0.32834900552641355,187,57620.243660980006,科华生物,医疗保健,0.00015454668434959482
300272,2018-05-03,2018-11-01 00:00:00,6900,6.091595570059999,4.35865344354,-11957.300672987996,-0.2844808238809148,182,42032.009433413994,开能健康,家用电器,0.0001541816391902944
600783,2010-11-02,2011-05-04 00:00:00,2500,24.998687625911995,20.22215782977,-11941.324490354984,-0.19107122212251482,183,39606.86519789999,鲁信创投,专用机械,0.00015397563667403035
688288,2025-05-07,2025-11-03 00:00:00,1800,34.6730620236,28.0409983326,-11937.714643799993,-0.1912742429983808,180,62411.51164247999,鸿泉技术,IT设备,0.00015392909004329026
601106,2018-05-03,2018-11-01 00:00:00,11100,3.7937900000000004,2.72727,-11838.372000000007,-0.2811225713600385,182,42111.069,中国一重,工程机械,0.00015264813106421392
300121,2018-05-03,2018-11-01 00:00:00,3800,11.083995602679998,7.970397624,-11831.672318983992,-0.28090934806281964,182,42119.183290183995,阳谷华泰,化工原料,0.00015256174302151506
000563,2008-02-01,2009-11-03 00:00:00,7900,3.760721965,2.26581487704,-11809.765994884001,-0.39750534654587266,641,29709.7035235,陕国投A,多元金融,0.00015227927517607562
300565,2021-05-07,2021-11-02 00:00:00,4600,14.003989999999998,11.43855,-11801.023999999994,-0.18319350413703517,179,64418.35399999999,科信技术,通信设备,0.00015216655282026382
300194,2017-05-03,2017-11-01 00:00:00,7800,7.5428983029399985,6.035234614109999,-11759.776772873995,-0.19987856501291512,182,58834.60676293199,福安药业,化学制药,0.00015163469657074192
600279,2009-05-05,2009-11-03 00:00:00,5000,7.718211122621999,5.37117323022,-11735.189462009994,-0.30409091629054485,182,67646.42021036899,重庆港,港口,0.00015131765913930416
600276,2017-11-01,2018-05-03 00:00:00,2500,40.4888427131188,35.80314453648,-11714.245441597004,-0.1157281330523331,183,73143.262192,恒瑞医药,化学制药,0.00015104759957596103
600843,2010-05-05,2010-11-02 00:00:00,1400,26.577864793479996,18.21263059854,-11711.327872915997,-0.31474440328224307,181,37409.174644841994,上工申贝,纺织机械,0.00015100997941954028
600072,2007-11-01,2009-05-05 00:00:00,600,32.4333227218,12.92208498,-11706.742645080001,-0.6015799833140612,551,37505.019552,中船科技,电气设备,0.00015095085587960857
688213,2025-11-03,2026-05-07 00:00:00,800,105.08387970079998,90.5149666278,-11655.13045839998,-0.13864079927845552,185,84067.10376063999,思特威,半导体,0.00015028535019716825
600685,2007-05-09,2009-05-05 00:00:00,900,29.31340655687889,16.44990437925,-11577.151959866,-0.43882658785047446,727,65844.817740702,中船防务,船舶,0.00014927986801901015
002469,2021-05-07,2021-11-02 00:00:00,14100,5.499403992209787,4.68145923462,-11533.021082016,-0.1487333461495921,179,64573.939155726,三维化学,化工原料,0.00014871082896313103
000963,2012-11-01,2013-05-03 00:00:00,1900,14.966579573735263,8.908762020300001,-11509.853351526997,-0.4047563121279948,183,15220.655847396998,华东医药,化学制药,0.00014841209610018792
002324,2020-08-03,2020-11-03 00:00:00,7200,13.49770504082,11.90211541056,-11488.245337871995,-0.11821192013268833,92,97183.476293904,普利特,塑料,0.00014813347477451527
300189,2015-11-03,2016-05-04 00:00:00,2400,11.361349999999998,6.5934,-11443.079999999996,-0.4196640364041244,183,59219.15999999999,神农种业,种植业,0.00014755109702738547
300436,2021-05-07,2021-11-02 00:00:00,1800,34.6346,28.28169,-11435.237999999996,-0.1834266889180184,179,62342.28,广生堂,化学制药,0.00014744997952205571
601991,2011-05-04,2011-11-01 00:00:00,7400,5.12659054908,3.58312432896,-11421.650028888003,-0.30107070290545934,181,67955.632256512,大唐发电,火力发电,0.00014727477144486402
000002,2009-11-03,2010-05-05 00:00:00,4200,7.28226056558,4.56287949306,-11421.400504584,-0.37342540108675903,183,30585.494375436,万科A,全国地产,0.00014727155399075283
002543,2024-05-07,2024-11-01 00:00:00,6500,10.3641309772,8.620362258750001,-11334.496669924994,-0.16825035521898624,178,67366.8513518,万和电气,家用电器,0.00014615098539035653
301036,2024-11-01,2025-05-07 00:00:00,600,57.029444471999994,38.16282373524,-11319.972442055994,-0.33082245340866023,187,34217.6666832,双乐股份,染料涂料,0.00014596370488934222
601702,2024-05-07,2024-08-01 00:00:00,3400,19.53072260139,16.210301951519998,-11289.430209558006,-0.1700101280243307,86,66404.456844726,华峰铝业,铝,0.00014556988260454272
300347,2018-05-03,2018-11-01 00:00:00,1000,38.64823358395999,27.37021175064,-11278.021833319994,-0.2918120904237306,182,46318.64116879999,泰格医药,医疗保健,0.00014542277899002462
603022,2020-05-07,2020-11-03 00:00:00,3100,17.458729538249997,13.82554836225,-11262.86164559999,-0.20810112030432282,180,54122.061568574994,新通联,广告包装,0.0001452272981990813
600622,2012-11-01,2013-05-03 00:00:00,7000,4.14639970173,2.54019833892,-11243.409539670001,-0.38737253481371947,183,15798.967384200001,光大嘉宝,区域地产,0.0001449764759056548
300613,2021-11-02,2022-05-06 00:00:00,400,82.84337437375999,54.762139044,-11232.494131903994,-0.338967787611685,185,33137.34974950399,富瀚微,半导体,0.00014483572879994764
688728,2025-11-03,2026-05-07 00:00:00,5800,16.016,14.0859,-11194.579999999987,-0.12051073926073919,185,92892.79999999999,格科微,半导体,0.00014434685065216948
605319,2024-05-07,2024-11-01 00:00:00,4600,14.61190223493,12.18340870569,-11171.070234503995,-0.1661996836684716,178,67214.750280678,无锡振华,汽车配件,0.00014404370746958314
688153,2025-11-03,2026-05-07 00:00:00,2500,37.15711999999999,32.69727,-11149.624999999973,-0.12002679432636298,185,92892.79999999997,唯捷创芯,半导体,0.00014376718507551808
000561,2014-11-03,2015-05-05 00:00:00,5800,15.878096998556893,13.95870769962,-11132.457933833983,-0.12088282992044574,183,61871.19451713199,烽火电子,通信设备,0.0001435458268882526
300257,2017-05-03,2017-11-01 00:00:00,2900,20.1507944638,16.31811511044,-11114.770124743998,-0.19019991297341832,182,58437.30394502,开山股份,机械基件,0.00014331775405862648
000736,2009-11-03,2010-05-05 00:00:00,4700,7.19608132221702,4.8333590028,-11104.794901259993,-0.32833457733758564,183,33169.66547895,中交发展,全国地产,0.00014318913001963015
000025,2011-05-04,2011-11-01 00:00:00,6000,7.158181126095998,5.31298825344,-11071.157235935989,-0.25777398478073277,181,38224.707480959994,特力A,综合类,0.00014275539413558522
600390,2011-05-04,2011-11-01 00:00:00,5500,7.5517805726999985,5.539732642080001,-11066.263618409988,-0.2664335796373156,181,74604.676941795,五矿资本,多元金融,0.00014269229411055753
300420,2017-05-03,2017-11-01 00:00:00,10500,5.6236889709,4.5731097126,-11031.08221215,-0.18681318681318682,182,59048.73419445,五洋自控,机械基件,0.00014223865268808846
300736,2021-11-02,2022-05-06 00:00:00,2700,12.8128,8.73126,-11020.157999999996,-0.3185517607392606,185,34594.56,百邦科技,通信设备,0.0001420977920555583
600779,2011-11-01,2012-05-03 00:00:00,700,37.46739615762,21.80307837672,-10965.022446630002,-0.418078633353715,184,213046.04122401596,水井坊,白酒,0.00014138685484416466
000881,2006-08-01,2006-11-01 00:00:00,5800,4.724874534207414,2.83489690536,-10961.870247315002,-0.40000588696361083,92,64175.24424511199,中广核技,化工原料,0.0001413462092778506
600326,2011-05-04,2011-11-01 00:00:00,4500,8.474446580599999,6.041081871,-10950.141193199992,-0.28714142999857273,181,59140.820994254995,西藏天路,水泥,0.00014119497073003274
600113,2011-05-04,2011-11-01 00:00:00,5500,6.87280201608,4.88436722352,-10936.391359079998,-0.289319376275898,181,66956.00995683599,浙江东日,区域地产,0.00014101767553430315
300260,2022-11-01,2023-05-05 00:00:00,500,59.18969266209999,37.33116283863,-10929.264911734997,-0.36929622102035886,185,29594.846331049997,新莱应材,机械基件,0.0001409257846165028
300227,2017-11-01,2018-05-03 00:00:00,7800,9.376267640739998,7.97541952707,-10926.615286625989,-0.14940359718224083,183,73134.88759777199,光韵达,专用机械,0.00014089161941871115
600872,2007-05-09,2007-11-01 00:00:00,3000,8.75647211439,5.12327967192,-10899.577327410001,-0.4149150930886164,176,49055.069359295994,中炬高新,食品,0.00014054298246574912
600517,2019-05-07,2019-11-01 00:00:00,5400,8.486276417507778,6.4771015149,-10849.544474081998,-0.23675576940467202,178,39538.229704973994,国网英大,多元金融,0.00013989784126285996
002423,2018-05-03,2019-05-07 00:00:00,3200,13.135147175150001,9.7474123305,-10840.751502880004,-0.2579137332438237,369,42032.47096048,中粮资本,多元金融,0.0001397844616004802
600728,2011-05-04,2011-11-01 00:00:00,7600,5.0013139176,3.5817871075200003,-10788.403756607999,-0.28383077596560735,181,62132.42795759999,佳都科技,软件服务,0.00013910947135403032
300035,2021-11-02,2022-05-06 00:00:00,900,36.1942835254,24.24663658251,-10752.882248601003,-0.33009762258466924,185,32574.855172860003,中科电气,电气设备,0.00013865144454005198
300601,2018-05-03,2018-11-01 00:00:00,1300,30.648759981840005,22.39180096482,-10734.046722126006,-0.26940597341988437,182,96985.79101210998,康泰生物,生物制药,0.00013840857263891398
688608,2025-05-07,2025-11-03 00:00:00,200,222.21783584000002,168.61107398616,-10721.352370768005,-0.24123519001615001,180,44443.567168,恒玄科技,半导体,0.00013824488720903637
603861,2021-11-02,2022-05-06 00:00:00,3600,9.54440172686,6.57449756136,-10691.6549958,-0.3111671376050791,185,34359.846216696,白云电器,电气设备,0.00013786195881428925
300587,2021-11-02,2022-05-06 00:00:00,2900,11.926790475600002,8.243209539,-10682.384716140006,-0.3088493039377127,185,34587.692379240005,天铁科技,橡胶,0.00013774242456882538
600711,2008-02-01,2008-05-06 00:00:00,7700,4.3352743707,2.94981418305,-10668.043444904997,-0.31957843245485174,95,157457.544688444,盛屯矿业,小金属,0.00013755750317497923
300033,2015-05-05,2016-05-04 00:00:00,1100,60.68719451795,51.002653283010005,-10652.995358433991,-0.15958129737032922,365,81937.953332235,同花顺,软件服务,0.00013736346785695648
000656,2011-05-04,2011-11-01 00:00:00,11900,3.780579983768823,2.89062390258,-10590.477366146999,-0.23540199784416016,181,38408.875089584995,金科股份,全国地产,0.0001365573388824238
002552,2019-11-01,2020-05-07 00:00:00,2700,18.45144154854,14.53063220262,-10586.185233984,-0.21249338896397718,188,49818.892181058,宝鼎科技,元器件,0.00013650199462115524
600538,2020-05-07,2020-11-03 00:00:00,7000,7.8077999999999985,6.30369,-10528.769999999993,-0.19264197341120404,180,64134.07,国发股份,医药商业,0.0001357616624063648
600249,2013-11-01,2014-05-06 00:00:00,4600,7.140089192758261,4.8515771664,-10527.155321247998,-0.32051588776781004,186,39305.3084424,两面针,日用化工,0.0001357408421707985
600732,2009-05-05,2010-05-05 00:00:00,6800,5.392201302723529,3.8506471983,-10482.567910079997,-0.28588585957369783,365,467700.57253919996,爱旭股份,电气设备,0.0001351659164137952
600657,2009-11-03,2010-05-05 00:00:00,3600,8.566163235629999,5.66404993035,-10447.607899007995,-0.33878799941716997,183,30838.187648267995,信达地产,全国地产,0.0001347151297387249
600067,2019-05-07,2019-11-01 00:00:00,9400,4.714453034780851,3.60950373315,-10386.523435329998,-0.2343748667086285,178,39383.09168794,冠城新材,电气设备,0.00013392748518612036
603598,2023-05-05,2023-11-01 00:00:00,6000,11.39138,9.66033,-10386.3,-0.1519613953708857,180,68348.28,引力传媒,互联网,0.00013392460413241315
600860,2014-11-03,2015-05-05 00:00:00,9000,12.56811111111111,11.41857,-10345.86999999998,-0.09146490677464114,183,62162.09999999999,京城股份,专用机械,0.0001334032854967993
300316,2015-11-03,2016-05-04 00:00:00,2600,10.53003239288,6.55155133056,-10344.050762032002,-0.3778223004337665,183,309379.82886810997,晶盛机电,专用机械,0.00013337982760277698
000682,2015-08-03,2015-11-03 00:00:00,13500,6.830690504415556,6.06786598008,-10298.131078530012,-0.11167604854039936,92,78079.42327185,东方电子,电气设备,0.0001327877230578582
000034,2014-08-01,2014-11-03 00:00:00,38800,5.046371226804123,4.780982311920001,-10297.089897503933,-0.05259004995004957,94,157764.555636688,神州数码,软件服务,0.00013277429770361773
002136,2011-05-04,2012-05-03 00:00:00,3200,16.346894410409064,13.1399660808,-10262.170654749003,-0.19617966869395187,365,38305.760901408,安纳达,化工原料,0.00013232403670956233
000756,2014-05-06,2014-08-01 00:00:00,5000,6.7456752819456,4.693305996,-10261.846429727997,-0.3042496414611957,87,18612.1871936,新华制药,化学制药,0.00013231985603814057
000886,2007-05-09,2007-08-01 00:00:00,3400,8.204077163635295,5.1904030014,-10246.492151600005,-0.36733859301000416,84,73650.09240388799,海南高速,区域地产,0.0001321218725772324
600133,2007-08-01,2007-11-01 00:00:00,3500,7.28872135992,4.36733101728,-10224.866199240001,-0.4008097165991903,92,39396.72737,东湖高新,环境保护,0.00013184301994359002
600322,2007-08-01,2008-05-06 00:00:00,2100,11.928542185559998,7.07183397711,-10199.087237744996,-0.4071501892602809,279,38425.067646965996,津投城开,区域地产,0.0001315106169499192
002383,2016-11-01,2018-11-01 00:00:00,5100,14.592259571889995,12.59739,-10173.834816638971,-0.13670737983121128,730,74420.52381663898,合众思壮,通信设备,0.00013118500335316104
603101,2023-11-01,2024-05-07 00:00:00,4200,7.769133011639999,5.34795553116,-10168.945418015996,-0.3116406266764261,188,32630.358648887996,汇嘉时代,百货,0.00013112195772815237
600763,2009-05-05,2010-05-05 00:00:00,7900,5.870507246147848,4.5866367320400006,-10142.577061451993,-0.21869839526223334,365,79521.244803,通策医疗,医疗保健,0.00013078195486722436
600178,2016-05-04,2016-11-01 00:00:00,3600,15.360368336090552,12.55174462107,-10111.045374073987,-0.1828487216951329,181,32300.449969787995,东安动力,汽车配件,0.00013037537420329914
300537,2019-11-01,2020-05-07 00:00:00,2600,19.29748377557,15.4111189545,-10104.548534782005,-0.20139230929112195,188,50173.457816482005,广信材料,染料涂料,0.00013029160167311125
000536,2012-11-01,2013-05-03 00:00:00,1500,19.44405598135,12.71264530932,-10097.116008045003,-0.34619375085560933,183,31094.128040975997,华映科技,元器件,0.0001301957640600097
600305,2018-11-01,2019-05-07 00:00:00,2100,14.141252720833332,9.33390909765,-10095.421608684997,-0.33995175095774965,187,54454.96392335998,恒顺醋业,食品,0.00013017391587889315
300079,2023-05-05,2023-11-01 00:00:00,10700,6.4175416905599985,5.4748050147,-10087.28243170198,-0.14689996907176062,180,68667.69608899199,数码视讯,IT设备,0.00013006896646905382
600594,2012-11-01,2013-05-03 00:00:00,1700,18.17126237455941,12.24515875383,-10074.376155240001,-0.3261250373571307,183,15558.763801581,益佰制药,中成药,0.00012990254840237038
300299,2015-11-03,2016-11-01 00:00:00,1300,20.882194333,13.13297111277,-10073.990186299001,-0.37109238122470445,364,27146.8526329,富春股份,互联网,0.00012989757158313439
002067,2015-11-03,2016-05-04 00:00:00,2600,10.694895551339998,6.82078337901,-10072.691648057997,-0.36223936491316167,183,73247.130752796,景兴纸业,造纸,0.00012988082777447516
600810,2018-11-01,2019-05-07 00:00:00,1900,14.724139178696316,9.43796571687,-10043.72957747,-0.3590140922787961,187,14138.590268803,神马股份,化纤,0.00012950738065294464
002683,2017-05-03,2017-11-01 00:00:00,6300,9.3123828798,7.7199015708,-10032.632246699995,-0.17100685501820778,182,58668.01214273999,广东宏大,化工原料,0.0001293642877680579
600316,2007-05-09,2007-08-01 00:00:00,1700,20.79908020425529,14.90708333466,-10016.394678311994,-0.28328160725058626,84,114293.68013863801,洪都航空,航空,0.00012915491485196302
002268,2015-11-03,2016-05-04 00:00:00,700,35.3539508322,21.07231806852,-9997.142934575999,-0.403961436487388,183,24747.76558254,电科网安,IT设备,0.00012890667609911536
000880,2008-11-03,2009-05-05 00:00:00,3300,7.686096021239998,4.66497780255,-9969.690121676993,-0.39306277339514695,183,13193.19086085,潍柴重机,专用机械,0.00012855268987689756
600507,2007-11-01,2009-05-05 00:00:00,16600,1.3151263125,0.71599936392,-9945.507346428,-0.4555660873677485,551,21831.0967875,方大特钢,特种钢,0.0001282408686699187
600699,2011-05-04,2011-08-02 00:00:00,4100,9.27698772,6.855339298500001,-9928.758528149994,-0.2610382264794028,90,38035.649652,均胜电子,汽车配件,0.0001280249035179813
600787,2017-11-01,2018-05-03 00:00:00,8100,8.999477567079998,7.7758093071,-9911.71290583798,-0.13597103285819212,183,72895.76829334798,中储股份,仓储物流,0.00012780511127046993
002659,2025-11-03,2026-05-07 00:00:00,15700,5.965959999999999,5.33466,-9911.409999999978,-0.10581700179015596,185,93665.57199999999,凯文教育,文教休闲,0.00012780120549608985
300428,2018-05-03,2019-05-07 00:00:00,3100,13.308310765749995,10.11190322475,-9908.863377099986,-0.24018131205849258,369,41255.763373824986,立中集团,汽车配件,0.00012776836844499795
600512,2015-08-03,2015-11-03 00:00:00,15400,5.06697218027,4.42359511686,-9908.006776514,-0.12697465873509428,92,78031.371576158,腾达建设,建筑工程,0.00012775732313585246
300323,2017-11-01,2018-05-03 00:00:00,3500,20.94072458478,18.11039631516,-9906.148943670003,-0.13515904180684946,183,73292.53604673,华灿光电,半导体,0.00012773336758592838
002370,2023-11-01,2024-05-07 00:00:00,6700,4.884879999999999,3.40659,-9904.542999999992,-0.30262565303548894,188,32728.695999999993,亚太药业,化学制药,0.00012771265998358055
002850,2021-11-02,2022-05-06 00:00:00,200,162.71926070399996,113.386951548,-9866.461831199993,-0.3031743688028401,185,32543.852140799994,科达利,电气设备,0.00012722162800333353
300805,2023-05-05,2023-11-01 00:00:00,6800,10.01493995502,8.564263883279999,-9864.597287832,-0.1448512001325427,180,68101.59169413599,电声股份,广告包装,0.00012719758592555358
000543,2012-11-01,2013-05-03 00:00:00,5800,4.674383005706208,2.98023870807,-9826.036926290006,-0.3624316397625307,183,67304.21729030999,皖能电力,火力发电,0.00012670037506560207
300647,2022-11-01,2023-05-05 00:00:00,3100,9.83983,6.67332,-9816.180999999997,-0.3218053563933523,185,30503.472999999998,超频三,化工原料,0.00012657328928657126
002791,2017-05-03,2017-11-01 00:00:00,2400,24.54415491528,20.47526468955,-9765.336541752004,-0.16577837940539186,182,58905.971796672,坚朗五金,其他建材,0.0001259176829644749
300034,2022-11-01,2023-05-05 00:00:00,900,32.93111517696,22.1914261602,-9665.720115084,-0.3261258830455259,185,29638.003659264,钢研高纳,航空,0.0001246331937328334
002240,2021-11-02,2022-05-06 00:00:00,600,57.313193907969996,41.23244510118,-9648.449284073999,-0.28057673478486433,185,111369.258,盛新锂能,小金属,0.00012441049756518446
600151,2010-11-02,2011-05-04 00:00:00,2500,15.719818914799998,11.86220895696,-9644.024894599994,-0.24539786232576188,183,39299.547286999994,航天机电,汽车配件,0.00012435344793164472
603659,2021-11-02,2022-05-06 00:00:00,600,56.44581892949999,40.3803207585,-9639.298902599996,-0.2846180368304262,185,33867.4913577,璞泰来,化工原料,0.00012429250932908823
300106,2021-11-02,2022-05-06 00:00:00,3100,11.271259999999998,8.16183,-9639.232999999993,-0.27587244017084145,185,34940.905999999995,西部牧业,乳制品,0.00012429165955779174
000697,2007-05-09,2007-11-01 00:00:00,2500,9.2508179764,5.39808964686,-9631.820823850001,-0.41647434198454614,176,65266.957291536,炼石航空,航空,0.00012419608435231458
600259,2011-11-01,2012-05-03 00:00:00,200,108.95605050329999,60.8025150216,-9630.707096339998,-0.44195375345623,184,12352.7498094,中稀有色,小金属,0.0001241817235582023
300310,2024-11-01,2025-05-07 00:00:00,3900,8.768759999999999,6.30369,-9613.772999999996,-0.2811195653661407,187,34198.164,宜通世纪,通信设备,0.00012396336936578776
000703,2007-11-01,2008-05-06 00:00:00,8100,2.69351299217,1.50825229794,-9600.611623263001,-0.44004268688346193,187,39805.90135521999,恒逸石化,化纤,0.00012379366194646235
300985,2023-11-01,2024-05-07 00:00:00,1100,28.12318956447,19.42020186849,-9573.286465578,-0.3094594827528061,188,30935.508520917,致远新能,汽车配件,0.00012344132175545885
605055,2023-11-01,2024-05-07 00:00:00,4500,7.189298706589999,5.0623689636,-9571.183843454995,-0.2958466228479796,188,32351.844179654996,迎丰股份,纺织,0.00012341420980650075
600354,2007-05-09,2007-11-01 00:00:00,4600,4.99985094609,2.93307584814,-9507.165450569997,-0.41336734239372996,176,22999.314352013997,敦煌种业,种植业,0.00012258873413910075
301011,2023-05-05,2023-11-01 00:00:00,2900,23.58144622834,20.3226935634,-9450.382728325993,-0.13819138289422017,180,68386.194062186,华立科技,文教休闲,0.00012185655775308369
300655,2025-11-03,2026-05-07 00:00:00,5600,16.609881288,14.922827235,-9447.502696800004,-0.1015693022573757,185,93015.3352128,晶瑞电材,半导体,0.00012181942161393819
603197,2023-11-01,2024-05-07 00:00:00,500,60.75691702079999,41.888630239200005,-9434.143390799993,-0.3105537230458957,188,30378.458510399996,保隆科技,汽车配件,0.00012164716202510142
000995,2011-05-04,2012-05-03 00:00:00,2400,15.885869999999995,11.95803,-9426.815999999986,-0.24725369148809573,365,38126.08799999999,皇台酒业,白酒,0.0001215526800717384
000968,2009-11-03,2010-02-02 00:00:00,1500,21.935859327382,15.6539324979,-9422.890244223003,-0.2863770566599333,91,59033.643917247995,蓝焰控股,石油开采,0.00012150205999641292
600052,2012-05-03,2012-11-01 00:00:00,7000,4.777944391219999,3.43578490587,-9395.116397449996,-0.2809073056221344,182,33445.610738539996,东望时代,供气供热,0.00012114393425054488
000958,2014-05-06,2014-11-03 00:00:00,6600,8.1104735712,6.6885163884,-9384.917406479999,-0.1753235702350746,181,39555.640893769,电投产融,新型电力,0.00012101242487490516
300164,2016-11-01,2017-05-03 00:00:00,9300,8.006012114099999,7.0044212872800005,-9314.794689425986,-0.1251048352844758,183,74455.91266112999,通源石油,石油开采,0.00012010823790532524
000885,2008-05-06,2008-11-03 00:00:00,1100,10.429734099329998,1.96421018364,-9312.076307258998,-0.811672074768792,181,30487.815458099994,城发环境,环境保护,0.00012007318612985231
002506,2015-11-03,2016-05-04 00:00:00,2400,11.52151,7.64235,-9309.983999999997,-0.33668850697521413,183,27651.624,协鑫集成,电气设备,0.00012004620718437749
601975,2022-11-01,2023-05-05 00:00:00,6600,4.7079787755,3.297940758,-9306.250915499999,-0.2994996546793587,185,31072.6599183,招商南油,水运,0.0001199980714802427
002272,2012-05-03,2012-08-01 00:00:00,3500,9.438081312659996,6.78652164504,-9280.458836669988,-0.28094265982464717,90,62062.534093559996,川润股份,机械基件,0.00011966549934704212
600995,2007-02-01,2007-05-09 00:00:00,3000,8.21665113269,5.12348752386,-9279.49082649,-0.3764506438059453,97,39683.504532672,南网储能,水力发电,0.0001196530174834188
600654,2024-05-07,2024-11-01 00:00:00,27800,2.9511523825956827,2.6173800000000003,-9278.872236159972,-0.11309899975483928,178,67899.83199999998,中安科,仓储物流,0.00011964504116220054
000816,2011-05-04,2011-11-01 00:00:00,4600,8.281803129599998,6.2759137240800005,-9227.09126539199,-0.2422044298965218,181,58813.64699710499,智慧农业,农用机械,0.00011897735911838378
002636,2016-11-01,2017-05-03 00:00:00,3900,19.0537229883,16.69364163801,-9204.317266130996,-0.12386457763342185,183,74309.51965437,金安国纪,元器件,0.00011868370316433465
600305,2020-05-07,2020-08-03 00:00:00,3900,21.57733195823333,19.22493703878,-9174.340185867994,-0.10902158450390442,88,54454.96392335998,恒顺醋业,食品,0.00011829716815116652
688613,2025-11-03,2026-05-07 00:00:00,4000,23.51349,21.22875,-9138.959999999997,-0.09716720061547646,185,94053.96,奥精医疗,医疗保健,0.00011784096359453878
300226,2018-05-03,2018-11-01 00:00:00,1500,26.948301580200003,20.87869978062,-9104.402699370004,-0.22523132975621674,182,40422.4523703,上海钢联,互联网,0.00011739536960950499
600022,2011-11-01,2012-05-03 00:00:00,5000,3.9138411352039997,2.0955234789,-9091.588281519998,-0.46458647489513494,184,13238.9044788,山东钢铁,普钢,0.00011723013600006279
002399,2019-05-07,2019-11-01 00:00:00,1900,20.35594026466,15.5838394611,-9066.991526763999,-0.23443283589532116,178,38676.286502853996,海普瑞,化学制药,0.00011691297679576104
000063,2013-11-01,2014-05-06 00:00:00,2300,13.649484149605652,9.71260930836,-9054.812134865,-0.2884266392850746,186,26244.746458931,中兴通讯,通信设备,0.00011675593143421295
000883,2024-05-07,2024-11-01 00:00:00,12400,5.4610042086599995,4.73215311,-9037.753623383998,-0.13346466525409295,178,67716.452187384,湖北能源,水力发电,0.00011653597298922471
300442,2021-05-07,2021-11-02 00:00:00,2700,23.70917124576,20.3659384752,-9026.728480512,-0.1410101068445352,179,64014.762363552,润泽科技,软件服务,0.00011639381092047687
000538,2010-11-02,2011-05-04 00:00:00,1700,25.22467091379529,19.91634819552,-9024.14862106799,-0.21044170353763403,183,38001.58495333199,云南白药,中成药,0.00011636054530570007
000543,2008-05-06,2008-11-03 00:00:00,1600,7.096572824591251,1.47832166853,-8989.201849698004,-0.7916851267407168,181,67304.21729030999,皖能电力,火力发电,0.00011590992934800277
000901,2015-11-03,2016-11-01 00:00:00,900,29.19634742024,19.274729516460003,-8929.456113401997,-0.3398239430765905,364,93139.79354679999,航天科技,汽车配件,0.00011513954681697226
600789,2007-05-09,2007-11-01 00:00:00,4400,6.352731697129999,4.32545537484,-8920.015818075999,-0.31911883248679795,176,39470.484421368,鲁抗医药,化学制药,0.00011501782032973163
688206,2025-11-03,2026-05-07 00:00:00,2400,38.975560624,35.273493198,-8884.961822400015,-0.09498432778720267,185,93541.3454976,概伦电子,半导体,0.00011456582178413161
688356,2021-11-02,2022-05-06 00:00:00,100,258.47198269893,169.72677158175,-8874.521111717999,-0.34334557343706784,185,25847.198269893,键凯科技,化学制药,0.00011443119558953391
600764,2019-05-07,2020-05-07 00:00:00,1600,32.53840691538938,26.99333860104,-8872.109302959007,-0.17041609716076112,366,60211.84987818,中国海防,船舶,0.00011440009687937811
002774,2020-11-03,2021-05-07 00:00:00,15700,5.337308076099999,4.7729226996,-8860.850411049996,-0.10574345127785822,185,83795.73679477,快意电梯,运输设备,0.00011425492076835843
300003,2018-05-03,2018-11-01 00:00:00,1200,32.92331733691,25.540338096,-8859.575089092004,-0.22424773194507408,182,39507.980804292005,乐普医疗,医疗保健,0.00011423847631861545
002041,2020-05-07,2021-02-02 00:00:00,4200,20.398661388820003,18.290709401580003,-8853.398346408,-0.1033377606040029,271,54750.309790176005,登海种业,种植业,0.00011415883122664015
600490,2013-05-03,2013-11-01 00:00:00,5000,8.610877914038399,6.8435098398,-8836.840371191995,-0.20524830242419778,182,73248.14210714001,鹏欣资源,铜,0.00011394532687224659
603333,2017-05-03,2017-08-01 00:00:00,7200,8.18379033472,6.9599931798600005,-8811.339514991992,-0.14953916276031642,90,58923.290409983994,福华尚纬,电气设备,0.00011361650986603429
002564,2017-05-03,2017-11-01 00:00:00,5500,10.64063,9.04095,-8798.239999999996,-0.15033696313094236,182,93438.345,天沃科技,化工机械,0.00011344760011380012
000573,2008-05-06,2008-11-03 00:00:00,1700,6.583243387308824,1.40989674195,-8794.68929711,-0.7858355435152224,181,39464.187867104,粤宏远A,区域地产,0.000113401816102272
600784,2008-05-06,2008-11-03 00:00:00,2000,5.656925241968,1.26208237428,-8789.685735375999,-0.7768960485960158,181,64578.09804445999,鲁银投资,综合类,0.0001133372984179688
600121,2012-05-03,2012-08-01 00:00:00,4200,7.8535341884999985,5.76382902138,-8776.761701903992,-0.2660846845462228,90,32984.843591699995,郑州煤电,煤炭开采,0.00011317065138615453
600761,2007-11-01,2008-05-06 00:00:00,2000,10.5344867628,6.15829921632,-8752.375092960001,-0.41541535387689243,187,21068.973525600002,安徽合力,工程机械,0.0001128562018758423
600523,2008-05-06,2008-11-03 00:00:00,700,15.476633174859998,2.99098699902,-8739.952323087999,-0.806741752858851,181,6024.04003201,贵航股份,汽车配件,0.00011269601831313605
002802,2025-05-07,2025-11-03 00:00:00,4100,15.218922769049998,13.087503396,-8738.819429504989,-0.14005060708925887,180,62397.583353104994,洪汇新材,化工原料,0.00011268141038493941
300083,2013-05-03,2013-11-01 00:00:00,6200,5.526643192069999,4.12343112132,-8699.914838649991,-0.2538995230890646,182,63555.492000000006,创世纪,机床制造,0.00011217976091119138
600111,2008-11-03,2009-05-05 00:00:00,5600,5.425760625999999,3.88471761378,-8629.840868431995,-0.2840234058309522,183,58267.584038664,北方稀土,小金属,0.00011127620250045497
600756,2023-05-05,2023-11-01 00:00:00,4300,15.764542974179998,13.75856778987,-8625.693292532991,-0.1272460094526996,180,67787.534788974,浪潮软件,软件服务,0.00011122272219848187
002246,2010-11-02,2011-05-04 00:00:00,3000,12.896467584,10.02688851456,-8608.73720832,-0.22250891965177677,183,224766.63707497995,北化股份,化工原料,0.00011100408448670186
300705,2024-05-07,2024-11-01 00:00:00,2600,25.5311056,22.22949096729,-8584.198045045998,-0.1293173387959352,178,66380.87456,九典制药,化学制药,0.00011068766788721875
300322,2019-11-01,2020-05-07 00:00:00,2400,20.55663583974,16.98216225858,-8578.736594783999,-0.1738841709814133,188,49335.926015376,硕贝德,元器件,0.00011061724602723713
002549,2016-05-04,2017-05-03 00:00:00,3300,9.722179867399998,7.1381501046,-8527.298217239992,-0.2657870763597634,364,366276.16355329996,凯美特气,环境保护,0.00010995398150090969
002997,2023-11-01,2024-05-07 00:00:00,800,39.72637468799999,29.07769096224,-8518.946980607996,-0.2680507297580468,188,31781.099750399993,瑞鹄模具,汽车配件,0.00010984629771939402
002785,2020-11-03,2021-05-07 00:00:00,4100,20.3094896004,18.23203539432,-8517.562244927994,-0.10228982839820278,185,91591.5,万里石,其他建材,0.00010982844245064845
600775,2007-05-09,2007-11-01 00:00:00,2100,10.749361623,6.693387412500001,-8517.54584205,-0.37732233343248833,176,22573.6594083,南京熊猫,通信设备,0.00010982823094617216
605300,2025-05-07,2025-11-03 00:00:00,4500,13.746682749799998,11.85510814488,-8512.085722139987,-0.13760225934853398,180,61860.07237409999,佳禾食品,乳制品,0.00010975782624021682
002263,2015-11-03,2016-02-02 00:00:00,6800,4.0408659291,2.7915496560000004,-8495.350657079996,-0.30917043401592215,91,54988.933999999994,大东南,塑料,0.00010954203842710826
002146,2009-11-03,2010-05-05 00:00:00,9000,3.406699296,2.4630333811200003,-8492.99323392,-0.277002997002997,183,33400.75556317499,荣盛发展,全国地产,0.00010951164098398846
600862,2010-02-02,2010-05-05 00:00:00,5500,6.541540645639998,4.99756055688,-8491.890488179988,-0.23602698085948237,92,35978.47355101999,中航高科,航空,0.00010949742179267973
000407,2009-11-03,2010-05-05 00:00:00,4900,7.220589727371428,5.4880355109600005,-8489.515660415997,-0.23994635920716467,183,157455.11572190397,胜利股份,供气供热,0.00010946679992847639
688458,2025-11-03,2026-05-07 00:00:00,2200,41.91186999999999,38.0619,-8469.933999999983,-0.09185870255848738,185,92206.11399999999,美芯晟,半导体,0.00010921430711395439
000034,2011-05-04,2011-11-01 00:00:00,6800,5.593330582839999,4.351084719839999,-8447.2718684,-0.22209412524465033,181,157764.555636688,神州数码,软件服务,0.00010892209362086017
002114,2019-11-01,2020-05-07 00:00:00,6900,7.36736,6.1438500000000005,-8442.218999999994,-0.16607170003909122,188,50834.784,罗平锌电,铅锌,0.00010885694015906878
600763,2007-05-09,2008-05-06 00:00:00,4800,4.78745683416,3.03225718752,-8424.958303872001,-0.36662464173381204,363,79521.244803,通策医疗,医疗保健,0.00010863437467415198
002069,2010-11-02,2011-05-04 00:00:00,1300,29.503854480099996,23.04850366476,-8391.956059941997,-0.2187968632943894,183,74057.984,獐子岛,渔业,0.00010820883213698213
002011,2011-11-01,2012-05-03 00:00:00,1100,17.634936592,10.0312591995,-8364.04513175,-0.4311712351690207,184,13246.610457080002,盾安环境,家用电器,0.00010784893881509836
002318,2023-11-01,2024-05-07 00:00:00,1700,27.738189655647062,22.81896263556,-8362.685934148009,-0.17734491980753997,188,31287.031796020005,久立特材,特种钢,0.00010783141284331011
600339,2016-11-01,2017-05-03 00:00:00,13200,7.414316663389999,6.78111808401,-8358.221247815989,-0.08540214939922541,183,74642.1100425,中油工程,石油开采,0.00010777384360791433
688126,2021-11-02,2022-05-06 00:00:00,1200,28.003923947999997,21.0631062096,-8328.981286079996,-0.24785161362701458,185,68761.86317,沪硅产业,半导体,0.00010739681326021209
000001,2007-11-01,2008-05-06 00:00:00,2500,8.48851558555,5.16277560645,-8314.349947749997,-0.3917928812855579,187,30406.220644799992,平安银行,银行,0.00010720815163925251
300155,2012-05-03,2012-11-01 00:00:00,8300,4.0251473262,3.0238648083000004,-8310.644898569997,-0.24875673776772667,182,64188.625108608,安居宝,IT设备,0.0001071603774323913
002312,2020-05-07,2020-11-03 00:00:00,12100,6.737186138327272,6.05516373504,-8252.47107977599,-0.1012325308050056,180,64661.819878655995,川发龙蟒,化工原料,0.00010641026375833431
300602,2023-11-01,2024-05-07 00:00:00,1600,20.14519205699,15.01659280557,-8205.758802271997,-0.2545817998116564,188,32232.307291184,飞荣达,元器件,0.00010580793922766932
300469,2019-11-01,2020-05-07 00:00:00,3000,16.506489999999996,13.77621,-8190.839999999986,-0.16540645527910514,188,49519.46999999999,信息发展,软件服务,0.00010561557094556608
300284,2020-05-07,2020-11-03 00:00:00,6800,7.997922782849998,6.79519592208,-8178.542653235991,-0.1503799040607161,180,54385.87492337999,苏交科,建筑工程,0.00010545700463251456
600282,2008-05-06,2008-11-03 00:00:00,1400,7.087991110199999,1.2676782528,-8148.438000359999,-0.8211512637232653,181,6387.308207279999,南钢股份,普钢,0.00010506882465321867
600266,2019-05-07,2019-11-01 00:00:00,6400,6.686804264765625,5.41634582241,-8130.934031075998,-0.18999486033260682,178,39342.94011648,城建发展,区域地产,0.0001048431223186909
000595,2007-05-09,2007-11-01 00:00:00,3700,6.171164999999999,3.97602,-8122.036499999997,-0.3557099834472096,176,114162.048,新能股份,新型电力,0.00010472839442453137
002289,2013-05-03,2013-11-01 00:00:00,2600,13.0230584484,9.8993331576,-8121.685756080004,-0.23986111274681243,182,112980.868,宇顺电子,元器件,0.00010472387180910171
300001,2023-05-05,2023-11-01 00:00:00,3400,20.1008546739,17.71225613388,-8121.235036067995,-0.11883069544905867,180,68342.90589126,特锐德,电气设备,0.00010471806006678897
300492,2019-11-01,2020-05-07 00:00:00,2900,16.97821374249,14.177876341589998,-8120.978462610001,-0.16493710371261394,188,63584.906793408,华图山鼎,文教休闲,0.00010471475171840767
002416,2013-11-01,2014-05-06 00:00:00,2400,10.807244848399998,7.42582482192,-8115.408063551995,-0.3128845578973455,186,25937.387636159994,爱施德,电器连锁,0.00010464292503434279
600855,2007-05-09,2007-11-01 00:00:00,1500,15.12144929295,9.72728027271,-8091.25353036,-0.35672301746598434,176,22682.173939425,航天长峰,专用机械,0.00010433146799037707
300584,2018-05-03,2018-08-01 00:00:00,1000,41.9258103264,33.9223524912,-8003.457835199995,-0.19089572205979166,90,41925.810326399995,海辰药业,化学制药,0.00010319939942709336
300328,2023-11-01,2024-05-07 00:00:00,4700,6.91691,5.214779999999999,-8000.011000000001,-0.24608242697967742,188,32509.477,宜安科技,小金属,0.00010315495472208109
002635,2013-05-03,2013-11-01 00:00:00,2700,12.6697245675,9.71398378251,-7980.500119472997,-0.23329163702358435,182,34208.25633225,安洁科技,元器件,0.00010290337456833491
688677,2022-11-01,2023-05-05 00:00:00,300,89.00702690879999,62.5018324032,-7951.558351679996,-0.29778766268373646,185,26702.108072639996,海泰新光,医疗保健,0.00010253018923818175
600150,2014-11-03,2015-05-05 00:00:00,1500,60.99368160485601,55.69884026514,-7942.262009574012,-0.08680966946737745,183,64719.07830788399,中国船舶,船舶,0.00010241031893437545
002210,2021-05-07,2021-08-03 00:00:00,22900,2.82282,2.47752,-7907.369999999999,-0.12232448402661167,88,64642.578,飞马国际,环境保护,0.00010196040909453026
002059,2013-05-03,2013-11-01 00:00:00,9400,5.060516543635744,4.2196133628000005,-7904.48989985599,-0.16616943618004543,182,34526.16716749199,云南旅游,旅游景点,0.00010192327207059989
688776,2022-11-01,2023-05-05 00:00:00,100,171.57680628088002,92.5474251348,-7902.938114608003,-0.46060643544503843,185,17157.680628088,国光电气,元器件,0.0001019032628059883
002366,2016-11-01,2017-05-03 00:00:00,2800,26.174432193910004,23.36237537886,-7873.759082140007,-0.10743525568070522,183,114113.99999999999,融发核电,专用机械,0.000101527018101691
600751,2015-11-03,2017-05-03 00:00:00,2700,10.08465129672,7.17616868796,-7852.903043652002,-0.28840685941277666,547,27228.558501144,海航科技,水运,0.00010125809300822399
000570,2021-05-07,2021-11-02 00:00:00,12300,5.65632276249691,5.02029613854,-7823.127474669997,-0.11244524944261569,179,64521.53747239199,苏常柴A,农用机械,0.00010087415635236652
600004,2019-11-01,2020-02-04 00:00:00,3000,16.7333300134,14.1328205325,-7801.528442699999,-0.1554089639550239,95,50199.9900402,白云机场,机场,0.00010059565083969836
002653,2024-05-07,2025-05-07 00:00:00,2200,44.56253551750001,41.0171433984,-7799.862662020017,-0.07955992804107181,365,67232.75308750001,海思科,化学制药,0.00010057417167790464
600310,2019-05-07,2019-11-01 00:00:00,9700,4.0807102336,3.27923306442,-7774.328541045996,-0.19640629285087385,178,39582.88926592,广西能源,水力发电,0.00010024492574399989
000425,2009-11-03,2010-05-05 00:00:00,6600,5.753209026413334,4.57665570306,-7765.251934132002,-0.20450383741520695,183,59103.795851099996,徐工机械,工程机械,0.00010012788878302032
300709,2020-05-07,2020-11-03 00:00:00,1000,52.15941500769999,44.3944395216,-7764.975486099992,-0.14887006468446196,180,52159.415007699994,精研科技,元器件,0.00010012432416489354
603939,2018-05-03,2018-11-01 00:00:00,2300,17.73430014356,14.36477951133,-7749.897454128999,-0.19000020327577472,182,40788.890330188,益丰药房,医药商业,9.99299027190648e-05
002123,2010-11-02,2011-05-04 00:00:00,1400,27.46451311604,21.93040268496,-7747.754603511998,-0.2015004019076505,183,68134.380560246,梦网科技,互联网,9.990227204976034e-05
002413,2023-11-01,2024-05-07 00:00:00,5600,5.805799999999999,4.42557,-7729.287999999995,-0.23773295669847383,188,32512.479999999992,雷科防务,通信设备,9.96641571710244e-05
300215,2013-11-01,2014-05-06 00:00:00,2800,9.30848432514,6.5480337117,-7729.261717632002,-0.2965521041900109,186,33801.768,电科院,电气设备,9.966381827693034e-05
600378,2008-11-03,2009-05-05 00:00:00,2200,10.095134040809999,6.58458824058,-7723.200760505998,-0.3477463286805774,183,41636.216622,昊华科技,化工原料,9.958566616465132e-05
000882,2007-05-09,2007-11-01 00:00:00,2600,8.847121803519999,5.88211621578,-7709.014528123997,-0.3351378734901461,176,67584.154085448,华联股份,其他商业,9.940274389628915e-05
300877,2023-11-01,2024-05-07 00:00:00,1800,17.644680423369998,13.36595545521,-7701.704942687995,-0.24249376387077648,188,31760.424762065995,金春股份,纺织,9.930849153155017e-05
600712,2015-05-05,2015-11-03 00:00:00,7000,9.66423490032,8.56529411202,-7692.5855181000015,-0.11371213548044168,182,67649.64430224,南宁百货,百货,9.91909024644269e-05
603969,2019-05-07,2019-11-01 00:00:00,8600,4.59508510461,3.70363790475,-7666.445918796,-0.19400015006591698,178,64388.417607514,银龙股份,其他建材,9.885384928004283e-05
300376,2017-05-03,2017-11-01 00:00:00,6200,9.477288891069998,8.24404109661,-7646.136325651992,-0.13012664366726545,182,58759.19112463399,易事特,电气设备,9.859197024497723e-05
605117,2022-11-01,2023-05-05 00:00:00,500,61.03477064684999,45.8369496675,-7598.910489674996,-0.249002672055332,185,30517.385323424995,德业股份,电气设备,9.798302371078879e-05
002570,2013-11-01,2014-05-06 00:00:00,1300,19.4838781137,13.64483336814,-7590.758169228001,-0.2996859614644326,186,25329.04154781,贝因美,乳制品,9.787790482450356e-05
000948,2022-11-01,2023-05-05 00:00:00,1200,25.4225227256,19.102266612,-7584.307336319999,-0.24860853432282004,185,30507.027270720002,南天信息,软件服务,9.779472551680702e-05
600863,2007-11-01,2008-05-06 00:00:00,10200,2.1360292954,1.39258266336,-7583.155646808002,-0.34805076580224514,187,21787.49881308,华能蒙电,火力发电,9.777987522729317e-05
600217,2017-05-03,2017-11-01 00:00:00,8000,7.399207315499999,6.4526977431,-7572.076579199994,-0.12792040174590502,182,59193.65852399999,中再资环,环境保护,9.763701783403872e-05
600233,2008-05-06,2008-11-03 00:00:00,1800,5.552211464799999,1.3731638616,-7522.285685759998,-0.7526816350015473,181,29645.316142441996,圆通速递,仓储物流,9.699499654702115e-05
000525,2010-11-02,2011-05-04 00:00:00,2800,14.056589777229998,11.3766285834,-7503.891342723994,-0.1906551472513779,183,72348.79134483001,红太阳,农药化肥,9.675781342027026e-05
688005,2021-11-02,2022-05-06 00:00:00,400,74.26587314145999,55.52005422015,-7498.327568523996,-0.2524149805066369,185,29706.349256583995,容百科技,电气设备,9.668607215945391e-05
001236,2024-11-01,2025-05-07 00:00:00,2800,12.202173783800001,9.53261729055,-7474.758181100003,-0.21877712451482945,187,34166.08659464,弘业期货,多元金融,9.638216019076422e-05
600710,2007-05-09,2007-11-01 00:00:00,4600,6.01893693052826,4.39418473668,-7473.860091701997,-0.26994005961542145,176,22926.685812029995,苏美达,商贸代理,9.637057991028864e-05
002239,2015-11-03,2016-05-04 00:00:00,4300,6.442997731169999,4.706771327189999,-7465.773537114,-0.26947493642291176,183,27704.890244030998,奥特佳,汽车配件,9.62663090321133e-05
300791,2024-05-07,2024-11-01 00:00:00,3000,22.252201571600004,19.77141561318,-7442.3578752600115,-0.11148496702394506,178,66756.6047148,仙乐健康,医疗保健,9.596437925497477e-05
300113,2016-05-04,2016-11-01 00:00:00,700,41.84306776649999,31.22728423722,-7431.048470495994,-0.25370471372988335,181,29290.147436549993,顺网科技,互联网,9.581855181344177e-05
603569,2023-11-01,2024-05-07 00:00:00,2900,11.25304996816,8.692027791480001,-7426.964312371994,-0.22758471560388482,188,32633.844907664,长久物流,公路,9.576588924255793e-05
002472,2021-11-02,2022-05-06 00:00:00,1300,26.147310028840003,20.44081248624,-7418.4468053800065,-0.2182441534638111,185,33991.503037492,双环传动,汽车配件,9.565606151255812e-05
000777,2010-05-05,2010-11-02 00:00:00,1300,25.8418081152,20.14096062825,-7411.101733035,-0.22060559623135634,181,18866.50766,中核科技,机械基件,9.556135156713684e-05
603666,2025-05-07,2025-11-03 00:00:00,1600,37.29726,32.667300000000004,-7407.935999999995,-0.12413673283238491,180,59675.616,亿嘉和,专用机械,9.552053149227843e-05
600771,2016-05-04,2017-11-01 00:00:00,1700,34.19795330598706,29.85055462494,-7390.577757780009,-0.1271245282473078,546,66290.22399999999,广誉远,中成药,9.529670821375324e-05
000546,2014-08-01,2015-05-05 00:00:00,23500,9.893894644463616,9.58195061784,-7330.684625654971,-0.03152894161837194,277,157195.30581254498,金圆股份,环境保护,9.452442510907727e-05
600358,2007-05-09,2007-11-01 00:00:00,2100,10.617654046999998,7.130500362,-7323.022738499996,-0.32842977079153257,176,22297.073498699996,国旅联合,广告包装,9.442563004210085e-05
300615,2023-05-05,2023-11-01 00:00:00,3900,17.510751558299997,15.63569865,-7312.706342369989,-0.1070800931677448,180,68291.93107736998,欣天科技,通信设备,9.429260680304707e-05
002278,2023-11-01,2024-05-07 00:00:00,5700,5.730736010999999,4.452663879,-7285.011152399996,-0.2230205909933336,188,62792.521487695994,神开股份,化工机械,9.393549528565364e-05
600363,2010-11-02,2011-05-04 00:00:00,2800,14.1735963369,11.57603318919,-7273.176813587999,-0.18326775265550777,183,39686.06974332,联创光电,元器件,9.378289915993365e-05
300005,2013-11-01,2014-05-06 00:00:00,3700,10.79305710537108,8.828730132299999,-7268.009800363001,-0.18199912720683642,186,64457.81381239199,探路者,服饰,9.371627387463428e-05
688399,2024-05-07,2025-05-07 00:00:00,2100,31.962386055599996,28.50984713448,-7250.331734351989,-0.10801881045783468,365,67121.01071675999,硕世生物,医疗保健,9.34883266756942e-05
300910,2022-11-01,2023-05-05 00:00:00,500,53.93195189381999,39.439036485,-7246.457704409995,-0.268725957431567,185,26965.975946909995,瑞丰新材,化工原料,9.343837357147242e-05
002141,2016-05-04,2016-11-01 00:00:00,4300,10.793057106925115,9.11088,-7233.361559777995,-0.15585733404910695,181,58688.63,贤丰控股,元器件,9.32695072778451e-05
000592,2025-05-07,2025-11-03 00:00:00,21000,8.126554435332666,7.78221,-7231.233141985993,-0.04237274703231231,180,67259.26717910399,平潭发展,林业,9.324206271046091e-05
000966,2007-08-01,2007-11-01 00:00:00,5500,4.703952052799999,3.39199276185,-7215.776100224995,-0.2789057533375714,92,63905.546761055986,长源电力,火力发电,9.304275417913602e-05
002021,2024-11-01,2025-05-07 00:00:00,11900,2.8828800000000006,2.27772,-7201.404000000007,-0.20991508491508504,187,34306.272000000004,中捷资源,纺织机械,9.285743526545329e-05
000885,2009-11-03,2010-05-05 00:00:00,6000,6.993420494560499,5.79625575219,-7182.98845422299,-0.17118443589966548,183,30487.815458099994,城发环境,环境保护,9.261997874310469e-05
003026,2024-11-01,2025-05-07 00:00:00,1200,27.40289552,21.42043416396,-7178.953627248002,-0.21831493506493516,187,32883.474624,中晶科技,半导体,9.256795226540155e-05
600682,2012-05-03,2013-02-01 00:00:00,7300,5.198937906902465,4.21955745876,-7149.477271439997,-0.18838087041627727,274,71589.034191675,南京新百,综合类,9.218787376941615e-05
301345,2024-05-07,2024-11-01 00:00:00,1000,67.55923045872,60.41366170416,-7145.568754559996,-0.10576746813192428,178,67559.23045871999,涛涛车业,摩托车,9.213747597848974e-05
002096,2012-05-03,2012-11-01 00:00:00,2500,12.920061854699998,10.08385527078,-7090.516459799994,-0.21951958247694114,182,83773.911913692,易普力,化工原料,9.142761233288792e-05
603318,2021-11-02,2022-05-06 00:00:00,4400,7.812772727759999,6.20273050056,-7084.185799679993,-0.2060782110657421,185,34376.200002143996,水发燃气,供气供热,9.134598257537388e-05
300159,2015-05-05,2015-08-03 00:00:00,4300,15.766236996510003,14.12219902464,-7069.363279041009,-0.10427586317736592,90,67794.81908499301,新研股份,农用机械,9.115485578250054e-05
603025,2017-11-01,2018-05-03 00:00:00,6600,11.11905638844,10.0499054346,-7056.396295344009,-0.09615482793589847,183,73385.77216370401,大豪科技,纺织机械,9.098765493538345e-05
300769,2021-11-02,2022-05-06 00:00:00,100,222.077279424,151.76048871888,-7031.679070512001,-0.3166320791010232,185,22207.7279424,德方纳米,化工原料,9.06689423475631e-05
002439,2015-11-03,2016-05-04 00:00:00,800,31.58242419332,22.81968081666,-7010.194701328001,-0.2774563258039391,183,25265.939354656002,启明星辰,软件服务,9.039191533717424e-05
000019,2009-05-05,2010-05-05 00:00:00,7200,5.3633077498,4.38992421147,-7008.361475975996,-0.18148940611627162,365,23486.48498196,深粮控股,农业综合,9.036827708490415e-05
002451,2017-05-03,2018-05-03 00:00:00,3000,28.368653513199998,26.0583473682,-6930.918434999995,-0.08143869584522256,365,58508.041882289996,摩恩电气,电气设备,8.936969928477118e-05
000712,2013-05-03,2013-11-01 00:00:00,4800,11.568826802032499,10.13113360512,-6900.927345179991,-0.12427303317047789,182,61486.996735164,锦龙股份,证券,8.898298362744915e-05
600027,2011-11-01,2012-05-03 00:00:00,7400,2.7717437109524328,1.83946225644,-6898.882763392002,-0.3363519689170974,184,13380.29847154,华电国际,火力发电,8.895662007097835e-05
300508,2019-05-07,2019-11-01 00:00:00,1400,28.079122881809997,23.15403101178,-6895.1286180419975,-0.17540048849675904,178,39310.772034534,维宏股份,软件服务,8.890821280083836e-05
600495,2007-11-01,2008-05-06 00:00:00,5000,4.333280952,2.95876293534,-6872.5900833000005,-0.3172002997002997,187,34045.132657536,晋西车轴,运输设备,8.861759300908899e-05
600673,2009-11-03,2010-05-05 00:00:00,12100,3.571243801414545,3.0047337784800003,-6854.771277507989,-0.15863101329294682,183,77273.58530892,东阳光,综合类,8.83878310619271e-05
600821,2007-05-09,2007-08-01 00:00:00,2100,10.57952580685,7.33093307865,-6822.044729220001,-0.3070641149243769,84,83730.70992285998,金开新能,新型电力,8.79658434413029e-05
300048,2021-11-02,2022-05-06 00:00:00,5700,6.13613,4.94505,-6789.155999999997,-0.1941093164584191,185,94005.91199999998,合康新能,建筑工程,8.754176460271677e-05
600830,2024-11-01,2025-05-07 00:00:00,3000,11.153879797059998,8.89133607369,-6787.631170109993,-0.2028481357640569,187,33461.63939118,香溢融通,多元金融,8.752210290996882e-05
600141,2009-08-03,2010-02-02 00:00:00,14000,11.212386064879997,10.72900157868,-6767.382806799955,-0.04311165200724565,183,134132.33665831998,兴发集团,农药化肥,8.72610133939115e-05
600626,2019-05-07,2019-11-01 00:00:00,5100,7.630716843749998,6.30511005852,-6760.59460467299,-0.17371982375623685,178,38916.65590312499,申达股份,汽车配件,8.717348392888308e-05
000059,2008-05-06,2008-11-03 00:00:00,800,12.15281621554,3.70311805512,-6759.758528335999,-0.6952872495195999,181,6311.187554671999,华锦股份,石油加工,8.716270326662068e-05
600391,2007-02-01,2007-05-09 00:00:00,1700,15.660224102464113,11.687181399719998,-6754.172594664995,-0.25370279995667255,97,61069.007999999994,航发科技,航空,8.709067627379367e-05
000875,2010-05-05,2010-11-02 00:00:00,2800,6.83540549692,4.43202369984,-6729.469031823999,-0.35160778656993386,181,27699.15180032,电投绿能,火力发电,8.677213984848913e-05
300300,2018-05-03,2018-11-01 00:00:00,3300,12.644617085099998,10.60721904312,-6723.413538533992,-0.161127697918255,182,41727.23638082999,海峡创新,软件服务,8.66940581888326e-05
600292,2007-11-01,2008-05-06 00:00:00,3000,7.158815443779999,4.91974753779,-6717.203717969996,-0.3127707263267183,187,62556.348354500005,电投水电,水力发电,8.661398657904215e-05
603220,2021-11-02,2022-05-06 00:00:00,3300,10.44376965632,8.41679026452,-6689.031992940004,-0.194085034283898,185,34464.439865856,中贝通信,通信设备,8.625073045103036e-05
000789,2018-11-01,2019-05-07 00:00:00,2000,10.471353168275998,7.13279318688,-6677.119962791997,-0.3188279420763399,187,14316.187966079997,万年青,水泥,8.609713254590676e-05
000788,2007-05-09,2007-08-01 00:00:00,5300,4.326503821639999,3.06751405536,-6672.645761283996,-0.290994719566148,84,22930.470254691998,北大医药,化学制药,8.603944061848624e-05
600467,2022-05-06,2022-11-01 00:00:00,6600,3.36886482751,2.36045420298,-6655.510121897998,-0.29933246840162997,179,16197.469069781999,好当家,渔业,8.5818487659172e-05
002194,2019-11-01,2020-05-07 00:00:00,3000,22.82516360290833,20.61712882341,-6624.104338494991,-0.09673686541361692,188,49991.31397259999,武汉凡谷,通信设备,8.541353044536958e-05
300416,2022-11-01,2023-05-05 00:00:00,1100,26.43038135738,20.438350570620003,-6591.233865435997,-0.2267099632706161,185,29073.419493118,苏试试验,电器仪表,8.498968700814258e-05
300724,2020-11-03,2021-05-07 00:00:00,700,106.78369968266,97.40653401195,-6564.015969497,-0.08781457936536263,185,74748.589777862,捷佳伟创,专用机械,8.463872988780642e-05
688518,2022-11-01,2023-05-05 00:00:00,900,33.63956069474,26.3464479792,-6563.801443985998,-0.21680166342601426,185,30275.604625265998,联赢激光,专用机械,8.463596372043813e-05
600976,2007-05-09,2007-11-01 00:00:00,2700,8.470696234,6.04060418916,-6561.248521068001,-0.2868822087003906,176,88392.79776327,健民集团,中成药,8.460304543469891e-05
002216,2020-05-07,2021-05-07 00:00:00,3200,16.721814309199996,14.67471597462,-6550.714670655987,-0.122420826874852,365,53509.80578943998,三全食品,食品,8.446721826367371e-05
600868,2007-08-01,2008-05-06 00:00:00,4500,5.708668965999999,4.2533015409,-6549.153412949998,-0.2549398876985083,279,30708.702024,梅雁吉祥,水力发电,8.444708685785804e-05
000068,2006-05-09,2006-08-01 00:00:00,4000,6.255940236546,4.622557135679999,-6533.532403464004,-0.2610931433334499,84,13056.91691304,华控赛格,环境保护,8.424566406903426e-05
002395,2015-05-05,2015-11-03 00:00:00,5300,12.71506001766,11.4855694335,-6516.300096048003,-0.0966956178305376,182,67389.818093598,双象股份,塑料,8.402346463815166e-05
300097,2013-08-01,2013-11-01 00:00:00,4300,7.298180509619999,5.783872118220001,-6511.526083019993,-0.20749122187426483,92,54342.288,智云股份,专用机械,8.396190683557526e-05
002045,2017-05-03,2017-11-01 00:00:00,3100,18.60191615282,16.5040422372,-6503.409138421997,-0.1127773019932663,182,57665.940073742,国光电器,元器件,8.385724409792554e-05
301327,2024-11-01,2025-05-07 00:00:00,500,59.18588675999999,46.1922955659,-6496.795597049996,-0.2195386756101041,187,29592.943379999993,华宝新能,电气设备,8.37719667700842e-05
688690,2022-11-01,2023-05-05 00:00:00,500,56.50174071541999,43.52285678679,-6489.441964314995,-0.22970768270663033,185,28250.870357709995,纳微科技,化工原料,8.367714644398441e-05
600668,2011-05-04,2011-08-02 00:00:00,5100,10.190255629671764,8.918048974049999,-6488.253943671004,-0.12484541132779647,90,37840.48423155,尖峰集团,水泥,8.366182768808023e-05
300496,2021-08-03,2021-11-02 00:00:00,600,144.370188963,133.59415481730002,-6465.620487419988,-0.07464168484576639,91,86622.11337780001,中科创达,软件服务,8.336998394501816e-05
300569,2025-11-03,2026-05-07 00:00:00,13900,6.742372596959999,6.280971501240001,-6413.47523050798,-0.06843304624369695,185,93718.97909774398,天能重工,电气设备,8.269760466757348e-05
600366,2007-08-01,2007-11-01 00:00:00,5700,4.49509427367,3.37402382877,-6390.101535930003,-0.24939865031678354,92,25622.037359919002,宁波韵升,矿物制品,8.239621603124797e-05
600808,2009-11-03,2010-02-02 00:00:00,9700,3.6709398880793818,3.012260724,-6389.1878915700045,-0.17943065922117285,91,94053.95999999998,马钢股份,普钢,8.238443517962319e-05
002529,2017-11-01,2018-05-03 00:00:00,4100,17.627609999999997,16.07391,-6370.169999999982,-0.08814013924746444,183,72273.20099999999,海源复材,专用机械,8.213921179882844e-05
000501,2010-11-02,2011-05-04 00:00:00,2900,14.55583268449655,12.37724684352,-6317.898938831997,-0.14967098675824764,183,38788.5614116,武商集团,百货,8.14652103570731e-05
000810,2014-05-06,2014-11-03 00:00:00,3000,11.189612198765,9.08708432949,-6307.583607824997,-0.18789997650741241,181,18391.58740419,创维数字,家用电器,8.133220085208987e-05
002991,2024-05-07,2024-11-01 00:00:00,900,75.5498649906,68.54336802,-6305.847273539997,-0.09274003297652156,178,67994.87849154,甘源食品,食品,8.130981194730567e-05
603993,2024-05-07,2024-11-01 00:00:00,8100,8.344104538769999,7.56984684573,-6271.487313623993,-0.09279098667118713,178,67587.24676403699,洛阳钼业,小金属,8.086676254282512e-05
600062,2012-11-01,2013-05-03 00:00:00,1200,17.11271982086333,11.89694762352,-6258.926636811996,-0.3047892007782663,183,15674.122079615998,华润双鹤,化学制药,8.070480075954504e-05
000652,2007-11-01,2008-05-06 00:00:00,1400,15.203440972719998,10.75190276457,-6232.1534914099975,-0.29279807223493226,187,68730.088492065,泰达股份,批发业,8.035957840901191e-05
000813,2007-05-09,2007-08-01 00:00:00,3400,6.77396658939,4.95040162302,-6200.120885657998,-0.2692019428064839,84,23031.486403926,德展健康,化学制药,7.994653872744424e-05
601328,2009-11-03,2010-05-05 00:00:00,9200,3.3613411831999995,2.68751224755,-6199.226207979996,-0.20046430841885376,183,30924.338885439996,交通银行,银行,7.993500243888599e-05
600736,2009-11-03,2010-05-05 00:00:00,5700,5.967792462210525,4.88081685744,-6195.760947191992,-0.1821403159800733,183,30566.176640999995,苏州高新,园区开发,7.989032014786331e-05
300195,2023-11-01,2024-05-07 00:00:00,5300,6.121942646819999,4.95543334626,-6182.499292967993,-0.19054561074105025,188,32446.296028145996,长荣股份,轻工机械,7.971931971536184e-05
603701,2022-11-01,2023-05-05 00:00:00,2000,15.1281842712,12.03863503428,-6179.09847384,-0.2042247226457753,185,114148.49368923,德宏股份,汽车配件,7.96754683577617e-05
601166,2009-11-03,2010-02-02 00:00:00,4400,6.945822763879999,5.54176145124,-6177.8697756159945,-0.20214470774311522,91,30561.620161071995,兴业银行,银行,7.965962509083813e-05
300180,2024-11-01,2025-05-07 00:00:00,3700,9.22922,7.56243,-6167.123,-0.1805992272369713,187,34148.114,华峰超纤,化纤,7.952105238736606e-05
002104,2023-05-05,2023-11-01 00:00:00,7900,8.633933708399997,7.8544009368,-6158.308895639975,-0.09028709252673384,180,68208.07629635998,恒宝股份,通信设备,7.940740022661603e-05
002063,2012-08-01,2012-11-01 00:00:00,6400,4.322803929819375,3.36394662606,-6136.686744059997,-0.22181373925961057,92,21021.822966144002,远光软件,软件服务,7.912859660156769e-05
603688,2023-11-01,2024-05-07 00:00:00,500,56.30349522798,44.06265817506,-6120.41852646,-0.2174081201061372,188,28151.74761399,石英股份,矿物制品,7.891882848375677e-05
600498,2008-05-06,2008-11-03 00:00:00,1200,7.983594131846665,2.88465962283,-6118.721410819998,-0.6386765690751921,181,114476.07452180899,烽火通信,通信设备,7.889694527797086e-05
000766,2016-11-01,2017-05-03 00:00:00,3800,19.509490000000003,17.90208,-6108.158000000006,-0.08239118500791165,183,74136.062,通化金马,化学制药,7.876073694465143e-05
000898,2007-11-01,2008-05-06 00:00:00,1200,17.673783707579997,12.58760871108,-6103.409995799996,-0.2877807650389328,187,21208.540449095995,鞍钢股份,普钢,7.869951450904825e-05
000534,2012-11-01,2013-05-03 00:00:00,3400,6.546614371944705,4.763223298710001,-6063.5296489979955,-0.2724142544392666,183,41413.40074872,万泽股份,生物制药,7.818528329503352e-05
300013,2012-05-03,2012-08-01 00:00:00,9900,3.3732514816,2.761591644,-6055.43239224,-0.18132648601398604,90,33395.18966784,新宁物流,仓储物流,7.80808744193152e-05
000728,2008-05-06,2009-05-05 00:00:00,500,19.017341190847997,6.933091968,-6042.124611423998,-0.6354331607966041,364,5968.080518399999,国元证券,证券,7.790927921431786e-05
002010,2015-11-03,2016-05-04 00:00:00,1400,18.76542455788,14.45234112207,-6038.316810133998,-0.22984203861238217,183,64185.068427479986,传化智联,仓储物流,7.786018008562158e-05
002051,2012-11-01,2013-02-01 00:00:00,1100,19.801950433720002,14.32588963014,-6023.666883938001,-0.27654148624950714,92,15214.596489092,中工国际,建筑工程,7.767127878618212e-05
600876,2011-11-01,2012-05-03 00:00:00,1700,9.759161176470588,6.22377,-6010.165,-0.3622638372849547,184,58550.492,凯盛新能,玻璃,7.749718074728103e-05
000548,2022-05-06,2022-08-02 00:00:00,3900,5.82944722668,4.29132549888,-5998.674738420001,-0.2638537871584772,88,16032.40612974,湖南投资,路桥,7.734902127437158e-05
688568,2023-05-05,2023-11-01 00:00:00,2900,23.64723923562,21.57896799144,-5997.986608122,-0.08746353955198916,180,68576.99378329799,中科星图,软件服务,7.734014828035531e-05
688696,2025-05-07,2025-11-03 00:00:00,500,122.29829151539998,110.31191653113,-5993.187492134993,-0.0980093412242038,180,61149.14575769999,极米科技,家用电器,7.727826679139914e-05
000651,2009-11-03,2010-05-05 00:00:00,7200,4.27996241673,3.45004556094,-5975.401361688,-0.19390751015614704,183,30815.729400456,格力电器,家用电器,7.704892617162492e-05
002642,2019-11-01,2020-05-07 00:00:00,8400,6.005999999999999,5.2947,-5974.919999999996,-0.11843156843156832,188,50450.399999999994,荣联科技,软件服务,7.704271932476796e-05
002273,2013-05-03,2013-11-01 00:00:00,4500,7.66643900022,6.340078575,-5968.621913489999,-0.17300867132470998,182,34498.97550099,水晶光电,元器件,7.696150958283454e-05
301073,2022-11-01,2023-05-05 00:00:00,700,42.99887463872,34.5104246304,-5941.915005823996,-0.19741098062776374,185,30099.212247104,君亭酒店,酒店餐饮,7.661714132495922e-05
000790,2010-08-03,2010-11-02 00:00:00,12900,7.7860072578660455,7.32572412282,-5937.652442093992,-0.059116710247223425,91,77014.649183472,华神科技,中成药,7.656217832946228e-05
688185,2021-11-02,2022-11-01 00:00:00,100,270.3661695735,211.03875,-5932.741957349998,-0.21943359136643614,364,27036.616957349997,康希诺,生物制药,7.64988608125951e-05
600228,2020-05-07,2020-11-03 00:00:00,4700,11.601589999999998,10.33965,-5931.117999999988,-0.10877302162893165,180,54527.47299999999,返利科技,互联网,7.647792093552357e-05
300313,2026-05-07,2018-10-18,13100,8.72872,8.28,-5878.231999999997,-0.051407308288042186,-2758,114346.23199999999,天山生物,农业综合,7.579599025624937e-05
600050,2012-05-03,2012-11-01 00:00:00,9600,3.4537107805199994,2.84405324985,-5852.712294431994,-0.1765224621901339,182,33155.623492991996,中国联通,电信运营,7.546693019965843e-05
300063,2015-11-03,2016-11-01 00:00:00,1700,15.884416708159998,12.4445174256,-5847.828780351995,-0.2165581113716869,364,27003.508403871998,天龙集团,互联网,7.540396045201596e-05
600110,2013-11-01,2014-05-06 00:00:00,4900,6.074324825752855,4.8823889437800005,-5840.485821666988,-0.19622524579513667,186,114214.09999999998,诺德股份,电气设备,7.530927776086991e-05
600016,2006-05-09,2006-08-01 00:00:00,16200,1.120528668889259,0.7624797869700001,-5800.391887091995,-0.3195356726340437,84,30845.12428998,民生银行,银行,7.47922924710105e-05
002080,2008-02-01,2008-05-06 00:00:00,5800,5.156317165999999,4.164089742,-5754.919059199996,-0.19242947864855986,95,39538.37127240001,中材科技,玻璃,7.42059498394461e-05
000786,2017-11-01,2018-02-01 00:00:00,3900,22.65460061172,21.18171024684,-5744.272423031992,-0.065015066481376,92,72998.09619102,北新建材,其他建材,7.40686683692265e-05
300162,2019-11-01,2020-05-07 00:00:00,6300,8.05805,7.15284,-5702.822999999997,-0.11233611109387498,188,50765.715,雷曼光电,元器件,7.35342049345985e-05
603177,2022-05-06,2022-11-01 00:00:00,700,21.0897632946,12.9508548813,-5697.235889310001,-0.3859174851613415,179,14762.83430622,德创环保,环境保护,7.346216276487475e-05
600853,2021-05-07,2021-11-02 00:00:00,26600,2.4276690438,2.21379107292,-5689.154025408001,-0.08810013515895876,179,64575.99656508,龙建股份,建筑工程,7.335795237005395e-05
600038,2006-08-01,2006-11-01 00:00:00,1200,16.344896773205,11.61130509198,-5680.31001747,-0.2896067039704412,92,38429.0758852,中直股份,航空,7.324391462205507e-05
600428,2017-05-03,2017-11-01 00:00:00,10200,6.09788510939451,5.54222646576,-5667.718165072006,-0.09112317363579925,182,58916.632999224006,中远海特,水运,7.308155084980749e-05
600409,2011-08-02,2011-11-01 00:00:00,9200,5.072223075919999,4.4564108283,-5665.472678103993,-0.12140874689512804,91,83471.32265471999,三友化工,化纤,7.305259675130506e-05
688379,2023-11-01,2024-05-07 00:00:00,1600,19.43144070868,15.89144213052,-5663.9977250560005,-0.18217890434540385,188,31090.305133888,华光新材,机械基件,7.303357818809524e-05
603712,2022-11-01,2023-05-05 00:00:00,700,39.21337925504999,31.1493021174,-5644.853996354995,-0.20564606496165416,185,27449.365478534994,七一二,通信设备,7.278673221908794e-05
000635,2007-11-01,2008-02-01 00:00:00,1000,25.34014541058,19.69640569818,-5643.739712399999,-0.22271931044419457,92,20783.22888642,英力特,化工原料,7.277236424997826e-05
300448,2023-05-05,2023-11-01 00:00:00,11600,5.912498592,5.42714641101,-5630.085299484006,-0.0820891833524855,180,68584.98366720001,浩云科技,软件服务,7.259629944880413e-05
002851,2020-11-03,2021-05-07 00:00:00,2400,33.932884185199995,31.59114814908,-5620.166486687993,-0.06901081627306405,185,81438.92204447999,麦格米特,电气设备,7.246840278905334e-05
600720,2020-05-07,2020-11-03 00:00:00,4200,13.95041482835,12.6164265444,-5602.7507925900045,-0.09562355674464051,180,55150.212453336004,中交设计,建筑工程,7.22438387058125e-05
000703,2010-11-02,2011-05-04 00:00:00,4900,12.576195222815713,11.43418296141,-5595.860080887991,-0.09080745338096186,183,39805.90135521999,恒逸石化,化纤,7.215498744627996e-05
300084,2023-11-01,2024-05-07 00:00:00,4500,7.12712,5.88411,-5593.545,-0.17440565052924606,188,32072.039999999997,海默科技,专用机械,7.21251359793034e-05
600207,2010-11-02,2011-11-01 00:00:00,5200,7.547539999999998,6.473520000000001,-5584.903999999986,-0.14230067015212877,364,39247.20799999999,安彩高科,电气设备,7.201371588703667e-05
603866,2018-05-03,2018-11-01 00:00:00,3200,13.0960276447,11.35436752674,-5573.312377471995,-0.13299148147910744,182,41907.28846304,桃李面包,食品,7.186424943042425e-05
000727,2007-05-09,2007-11-01 00:00:00,4800,4.79479,3.63636,-5560.464,-0.24160182197760482,176,62222.15999999999,冠捷科技,元器件,7.169857793367557e-05
000729,2007-05-09,2007-11-01 00:00:00,3600,7.793599739481111,6.25053609711,-5555.029112536,-0.19799113297468962,176,68432.03186819999,燕京啤酒,啤酒,7.162849858375111e-05
601777,2022-11-01,2023-05-05 00:00:00,7300,4.264259999999999,3.50649,-5531.720999999996,-0.1777025791110297,185,31129.097999999994,千里科技,摩托车,7.132795558533414e-05
002606,2024-11-01,2025-05-07 00:00:00,3300,10.2942823984,8.619491520359999,-5526.8098975320045,-0.16269136722927935,187,33971.13191472,大连电瓷,电气设备,7.126463010331654e-05
000980,2007-11-01,2008-02-01 00:00:00,2600,10.352117529600001,8.22697514964,-5525.370187896004,-0.20528576630660755,92,360737.967838248,众泰汽车,汽车配件,7.124606598105289e-05
600595,2010-05-05,2010-08-03 00:00:00,1300,14.98773408594,10.75299917706,-5505.155381544,-0.28254670683359717,90,64518.338644760006,中孚实业,铝,7.098540916021145e-05
000510,2016-11-01,2017-05-03 00:00:00,9100,9.861075765419999,9.25704710658,-5496.660795443991,-0.061253830029189715,183,74637.10058804999,新金路,化工原料,7.087587698025204e-05
300047,2018-05-03,2018-11-01 00:00:00,4700,8.936403576099998,7.7708418795,-5478.139974019992,-0.1304284980724505,182,68054.768413632,天源迪科,软件服务,7.063706299669522e-05
600698,2007-05-09,2007-11-01 00:00:00,2500,11.216405199999999,9.04095,-5438.637999999995,-0.19395297880286977,176,83850.76699999998,湖南天雁,汽车配件,7.012771065437149e-05
000912,2006-08-01,2006-11-01 00:00:00,1900,10.198014582545262,7.35389040834,-5403.835930989999,-0.27888998894679107,92,14690.647992019998,泸天化,农药化肥,6.967896053978278e-05
000532,2011-05-04,2011-11-01 00:00:00,4100,11.89171090766195,10.57444479018,-5400.791081676,-0.11077179118382563,181,38283.547716414,华金资本,多元金融,6.963969918212702e-05
002307,2012-05-03,2012-08-01 00:00:00,9300,3.5681963417099998,2.9890081098900003,-5386.450555925995,-0.1623196081027405,90,67236.22681775999,北新路桥,建筑工程,6.945478740082663e-05
002624,2016-05-04,2016-11-01 00:00:00,1400,22.6837225615,18.83722563828,-5385.095692508003,-0.1695707974205467,181,31757.211586100002,完美世界,互联网,6.94373173155308e-05
600805,2007-05-09,2007-11-01 00:00:00,4900,4.66673935728,3.57296803542,-5359.479477113999,-0.23437591819944759,176,23550.126263664,悦达投资,综合类,6.910701282730953e-05
688063,2022-11-01,2023-05-05 00:00:00,100,212.80756989492,159.5847861693,-5322.278372561999,-0.2500981696840028,185,112304.76887629998,派能科技,电气设备,6.862732870491607e-05
600346,2015-05-05,2015-08-03 00:00:00,16500,4.422582884720001,4.10167034388,-5295.056923860004,-0.07256224455368632,90,67813.05293763001,恒力石化,石油加工,6.827632577400464e-05
600343,2007-05-09,2007-08-01 00:00:00,2900,7.924593236559998,6.09993325071,-5291.513958964993,-0.23025282577684303,84,67615.364985168,航天动力,机械基件,6.823064153890462e-05
300276,2017-05-03,2017-11-01 00:00:00,9900,5.957610658999999,5.4237124983600005,-5285.591790335989,-0.0896161550660336,182,58980.34552409999,三丰智能,专用机械,6.81542790143054e-05
600273,2007-11-01,2008-05-06 00:00:00,4200,5.210450645399999,3.95328353922,-5280.1018459559955,-0.24127799910932424,187,21883.892710679997,嘉化能源,化工原料,6.808348974114753e-05
300142,2021-05-07,2021-11-02 00:00:00,1100,55.85572956964,51.06049371468,-5274.759440455998,-0.08585038440830639,179,61441.302526604,沃森生物,生物制药,6.801460288618455e-05
000833,2006-08-01,2006-11-01 00:00:00,2800,6.560493170659999,4.68107774649,-5262.363187675998,-0.2864747169580433,92,77485.35570775998,粤桂股份,综合类,6.785476124418626e-05
688579,2023-05-05,2023-08-01 00:00:00,4400,15.290135020159994,14.09590710288,-5254.602836031973,-0.07810447165478973,88,67276.59408870398,地纬智能,软件服务,6.775469654146688e-05
002755,2018-05-03,2019-05-07 00:00:00,2900,14.4316122951,12.63135336264,-5220.750904134001,-0.12474413084609026,369,41851.67565579,奥赛康,化学制药,6.731819782887882e-05
002106,2010-11-02,2011-05-04 00:00:00,1200,31.377252806900003,27.033720219,-5212.239105480005,-0.13842934608172075,183,438464.2836734159,莱宝高科,元器件,6.720844370419618e-05
600089,2008-08-01,2008-11-03 00:00:00,12800,4.5448657254,4.1377731649200005,-5210.784774143996,-0.0895719664950434,94,58174.28128512,特变电工,电气设备,6.718969104459149e-05
300288,2016-05-04,2016-11-01 00:00:00,800,36.17134445925,29.67491229309,-5197.145732928001,-0.17960162286692904,181,28937.0755674,朗玛信息,软件服务,6.701382445152198e-05
000725,2024-05-07,2024-11-01 00:00:00,15500,4.695320991651612,4.36022708832,-5193.955501639984,-0.07136762405113861,178,67981.73980597999,京东方A,元器件,6.697268848757538e-05
600075,2006-08-01,2006-11-01 00:00:00,3500,5.768445745348,4.28897895777,-5178.133756522999,-0.25647580871695375,92,15131.683031465001,新疆天业,化工原料,6.676867734294484e-05
300274,2017-11-01,2018-05-03 00:00:00,5700,12.92075469685,12.01283090424,-5175.165617877005,-0.0702686347594964,183,73648.301772045,阳光电源,电气设备,6.673040511961462e-05
002250,2010-11-02,2011-05-04 00:00:00,3300,11.919994086,10.35390600972,-5168.0906517240055,-0.13138329306046947,183,39335.980483800005,联化科技,化工原料,6.663917801840526e-05
002828,2020-05-07,2020-11-03 00:00:00,6100,9.03156646392,8.18738337105,-5149.516866507004,-0.09347028516508282,180,55092.555429912005,贝肯能源,石油开采,6.639968110107884e-05
600184,2007-05-09,2007-08-01 00:00:00,2100,10.899930841799998,8.45427784941,-5135.871284018997,-0.2243732577651958,84,133175.927859975,光电股份,专用机械,6.622373016254804e-05
300483,2019-05-07,2020-05-07 00:00:00,2000,19.7120748825,17.1457192179,-5132.711329199999,-0.1301920614596671,366,39424.149765,首华燃气,石油开采,6.61829845940385e-05
600066,2024-05-07,2024-11-01 00:00:00,3000,22.30972249506,20.60138587212,-5125.009868819998,-0.0765736383909873,178,66929.16748518,宇通客车,汽车整车,6.608367925598422e-05
002517,2015-11-03,2016-05-04 00:00:00,1800,15.27699173,12.45863264625,-5073.04635075,-0.18448390452522678,183,27498.585114,恺英网络,互联网,6.541364338306971e-05
301079,2025-05-07,2025-11-03 00:00:00,2200,28.61269463052,26.30872449045,-5068.734308153999,-0.08052265505998335,180,62947.928187144,邵阳液压,机械基件,6.53580423896773e-05
600667,2010-05-05,2010-11-02 00:00:00,4500,4.322171805951999,3.1989783195,-5054.370689033996,-0.25986784812794017,181,62226.256724632,太极实业,半导体,6.51728328343443e-05
300478,2023-11-01,2024-05-07 00:00:00,2700,11.74173,9.88011,-5026.374000000001,-0.15854733501792329,188,31702.671000000002,杭州高新,塑料,6.481183368200939e-05
600588,2013-11-01,2014-05-06 00:00:00,7600,5.502318289889473,4.841503600049999,-5022.191642780001,-0.12009750345662895,186,26561.45307816,用友网络,软件服务,6.475790489745389e-05
002608,2024-05-07,2024-11-01 00:00:00,8400,8.0895810996,7.491912088499999,-5020.419693240014,-0.07388133003939523,178,67952.48123664,江苏国信,火力发电,6.473505675704918e-05
000571,2008-05-06,2009-05-05 00:00:00,900,11.07874862538889,5.5097392455000005,-5012.108441900001,-0.5026749471620405,364,6553.16326665,新大洲A,煤炭开采,6.462788855994759e-05
002426,2022-11-01,2023-05-05 00:00:00,12700,2.4424399999999995,2.04795,-5010.022999999992,-0.16151471479340307,185,31018.987999999994,胜利精密,元器件,6.460099813882555e-05
300413,2018-05-03,2018-11-01 00:00:00,2100,20.1465901637,17.76147106968,-5008.7500974420045,-0.11838822722057918,182,42307.83934377,芒果超媒,影视音像,6.458458488567692e-05
600129,2013-11-01,2014-05-06 00:00:00,3300,9.5186168623,8.0042725152,-4997.336345429999,-0.15909289858044418,186,26466.98037984,太极集团,中成药,6.443741195403877e-05
300681,2021-11-02,2022-11-01 00:00:00,1100,31.4491976799,26.91721328256,-4985.182837074,-0.14410492895456306,364,34594.11744789,英搏尔,汽车配件,6.428070034399505e-05
300214,2012-11-01,2013-05-03 00:00:00,2800,5.67753120935,3.904655436,-4964.052165379999,-0.3122617398263443,183,15897.08738618,日科化学,化工原料,6.400823403340599e-05
002819,2019-11-01,2020-05-07 00:00:00,2000,24.77953510032,22.29837095835,-4962.3282839400035,-0.10012956788434502,188,81266.36716598399,东方中科,电器仪表,6.398600569998383e-05
002385,2020-05-07,2020-11-03 00:00:00,6200,8.881310688249998,8.08264391535,-4951.733991979993,-0.08992667872284188,180,55064.126267149986,大北农,饲料,6.384939917438688e-05
000795,2005-05-10,2005-11-01 00:00:00,2400,3.4459978344458335,1.3965539481,-4918.66532723,-0.5947316234095701,175,46645.311300588,英洛华,矿物制品,6.342300018380984e-05
000519,2012-11-01,2013-11-01 00:00:00,1900,10.963590944622105,8.37697700763,-4914.566480285,-0.23592762171238235,365,15908.217136812,中兵红箭,专用机械,6.337014821010327e-05
002322,2013-05-03,2013-11-01 00:00:00,3800,8.9602306794,7.6670671581,-4914.021380940001,-0.1443225702071539,182,34048.876581720004,理工能科,软件服务,6.336311950748619e-05
300056,2013-11-01,2014-05-06 00:00:00,3100,8.319640329,6.740820272160001,-4894.342176203999,-0.18977022977022973,186,67411.34399999998,中创环保,环境保护,6.310936892220464e-05
600838,2010-05-05,2010-11-02 00:00:00,1600,11.626363877253123,8.595328867200001,-4849.656016084995,-0.26070360794257563,181,13995.372190799997,上海九百,百货,6.25331698615059e-05
600990,2007-05-09,2007-08-01 00:00:00,3500,6.6233960793,5.23984175316,-4842.4401414899985,-0.208888961127359,84,65101.4105742,四创电子,通信设备,6.244012583730056e-05
002232,2011-05-04,2011-11-01 00:00:00,3400,11.285697453029998,9.8637268995,-4834.699882001995,-0.1259975787449651,181,61824.06300470399,启明信息,软件服务,6.234032020990552e-05
600368,2012-05-03,2012-11-01 00:00:00,19100,1.7447645214999998,1.49224520106,-4823.119020403997,-0.14472974279813144,182,39350.453298156004,五洲交通,路桥,6.219099250850809e-05
000600,2008-05-06,2009-05-05 00:00:00,1000,9.799806216199999,4.9873410666,-4812.465149599999,-0.4910775829061337,364,6349.3695265,建投能源,火力发电,6.205361775234821e-05
603638,2018-05-03,2018-11-01 00:00:00,4800,8.73925804752,7.737647856750001,-4807.728915695996,-0.1146104377881636,182,97424.49029913598,艾迪精密,专用机械,6.199254708708031e-05
000403,2009-11-03,2010-05-05 00:00:00,14800,2.4079080647243245,2.0832924222,-4804.311509360003,-0.13481230752947748,183,50565.2888741,派林生物,生物制药,6.194848184818796e-05
002064,2008-05-06,2008-11-03 00:00:00,2000,3.3317699214799994,0.93647724534,-4790.585352279999,-0.7189249955999335,181,39358.45345632199,华峰化学,化纤,6.177149195253707e-05
000678,2010-05-05,2010-11-02 00:00:00,1600,11.4807844876725,8.4915,-4782.855180275999,-0.260372842194037,181,73929.85599999997,襄阳轴承,汽车配件,6.167181639670766e-05
600251,2009-05-05,2009-11-03 00:00:00,2100,12.478568768379999,10.20171924882,-4781.383991075998,-0.18246079032151585,182,22747.278952397995,冠农股份,农业综合,6.165284636587723e-05
600301,2005-02-01,2005-05-10 00:00:00,2100,6.905969069999999,4.63746151638,-4763.865862601999,-0.32848504397080935,98,16061.043253254998,华锡有色,小金属,6.142696145777511e-05
003003,2023-11-01,2024-05-07 00:00:00,3100,10.572767205,9.0401912595,-4750.985431049999,-0.14495504495504496,188,32775.5783355,天元股份,广告包装,6.12608766444483e-05
600639,2022-05-06,2022-11-01 00:00:00,1300,12.359611263999998,8.716587007680001,-4735.931533215996,-0.2947523331037992,179,16067.494643199998,浦东金桥,园区开发,6.106676639266771e-05
000681,2013-11-01,2014-05-06 00:00:00,2000,20.743501608829995,18.37991544624,-4727.172325179992,-0.11394345116659943,186,25510.703097879996,视觉中国,互联网,6.0953822084421733e-05
600895,2007-11-01,2008-02-01 00:00:00,1200,17.3708126592,13.4336057472,-4724.648294399999,-0.22665646042269416,92,20844.975191039997,张江高科,园区开发,6.092127634406871e-05
600729,2010-11-02,2011-05-04 00:00:00,1400,28.2339401344,24.85985190336,-4723.723523456002,-0.11950468885952759,183,39527.51618816,重百集团,百货,6.0909352022357616e-05
688072,2023-05-05,2023-11-01 00:00:00,300,182.7120580285,167.15188185894002,-4668.0528508679945,-0.08516228396449266,180,93469.299587664,拓荆科技,半导体,6.019151479561334e-05
600395,2009-11-03,2010-05-05 00:00:00,2900,10.47575165637,8.868152450519998,-4662.037696965007,-0.15345907946113513,183,73398.68696159999,盘江股份,煤炭开采,6.0113953286196785e-05
000656,2008-05-06,2008-11-03 00:00:00,2700,2.4370469323199995,0.71421091416,-4651.657249031998,-0.7069359212216354,181,38408.875089584995,金科股份,全国地产,5.99801041406738e-05
300009,2013-08-01,2013-11-01 00:00:00,12400,2.53968443729,2.16518750514,-4643.76195866,-0.1474580568559184,92,31492.087022396,安科生物,生物制药,5.987829949055006e-05
300746,2024-11-01,2025-05-07 00:00:00,2000,16.45644,14.13585,-4641.180000000002,-0.1410140953936575,187,32912.880000000005,汉嘉数智,建筑工程,5.9845006807744195e-05
300464,2019-11-01,2020-05-07 00:00:00,4500,11.209453014759998,10.17992520468,-4632.875145359989,-0.0918446072903264,188,50442.538566419986,星徽股份,机械基件,5.973792109194155e-05
000888,2005-08-02,2005-11-01 00:00:00,6200,2.7349616520032254,1.9891220868,-4624.205304259998,-0.27270567565615944,91,64379.18232345599,峨眉山A,旅游景点,5.962612911239088e-05
603726,2018-11-01,2019-05-07 00:00:00,900,14.91908534116,9.78470975574,-4620.9380268780005,-0.3441481476920615,187,13427.176807044001,朗迪集团,家用电器,5.958399968901828e-05
300075,2011-05-04,2011-11-01 00:00:00,8100,4.696594502599999,4.12987873725,-4590.397699334991,-0.12066525330987576,181,38042.41547105999,数字政通,软件服务,5.919020196737806e-05
688319,2023-05-05,2023-11-01 00:00:00,3300,20.8328020901,19.44820727505,-4569.162889665003,-0.06646224588808325,180,92925.833,欧林生物,生物制药,5.891639286511062e-05
002679,2018-05-03,2018-11-01 00:00:00,2800,14.68167803102,13.060663063200002,-4538.841909895998,-0.11041074217777136,182,41108.698486856,福建金森,林业,5.8525423490793404e-05
000537,2008-11-03,2009-05-05 00:00:00,3400,5.954790559364706,4.62150418968,-4533.173656927998,-0.2239014716626656,183,216067.79818624,绿发电力,新型电力,5.845233504400661e-05
600231,2008-05-06,2008-11-03 00:00:00,1400,4.576504332399999,1.33950319596,-4531.801591015998,-0.7073086577288257,181,73592.144113488,凌钢股份,普钢,5.843464314370446e-05
002388,2025-11-03,2026-05-07 00:00:00,16100,5.83583,5.55444,-4530.379000000001,-0.048217648560701765,185,93956.863,新亚制程,元器件,5.841629975494622e-05
600330,2007-05-09,2007-11-01 00:00:00,3000,7.7308658427,6.225046722,-4517.4573621,-0.19478013864668142,176,23192.5975281,天通股份,专用机械,5.82496836124797e-05
600163,2021-11-02,2022-05-06 00:00:00,4300,7.994686169469999,6.94461087756,-4515.323755212996,-0.1313466557223988,185,34377.150528720995,中闽能源,新型电力,5.822217213508003e-05
000720,2013-05-03,2013-11-01 00:00:00,12000,2.89289,2.51748,-4504.92,-0.12976988409514367,182,34714.68,新能泰山,电气设备,5.808802245729381e-05
600629,2010-02-02,2010-05-05 00:00:00,7500,5.817538961100532,5.21791787898,-4497.158115903994,-0.10307126194254135,92,67021.480009484,华建集团,建筑工程,5.7987937994599757e-05
000949,2013-11-01,2014-05-06 00:00:00,9800,3.3767375263049995,2.92017138552,-4474.348179692993,-0.13520924775121546,186,26384.638984703994,新乡化纤,化纤,5.769381865688141e-05
000811,2019-05-07,2019-11-01 00:00:00,6800,5.78364754968,5.12728371387,-4463.274083508004,-0.11348614004778279,178,39328.803337824,冰轮环境,工程机械,5.755102536690338e-05
600489,2008-11-03,2009-05-05 00:00:00,2800,8.008822879199998,6.419864908799999,-4449.082317119998,-0.19840093786151014,183,38585.3803335,中金黄金,黄金,5.7368031741121975e-05
600860,2011-05-04,2011-08-02 00:00:00,4600,8.21821,7.25274,-4441.161999999995,-0.11747935377655216,90,62162.09999999999,京城股份,专用机械,5.726590438730978e-05
600375,2007-11-01,2008-05-06 00:00:00,2900,7.35632500603,5.82496857063,-4440.933662659998,-0.20816867581907306,187,93585.49199999998,汉马科技,汽车整车,5.726296012536205e-05
000975,2011-05-04,2011-11-01 00:00:00,10300,3.6961672047299996,3.26640260772,-4426.575349202997,-0.11627303993716198,181,67812.2445,山金国际,黄金,5.7077818983113324e-05
600022,2008-05-06,2008-11-03 00:00:00,1100,5.7548192702,1.7327972282400002,-4424.224246156,-0.6988963255174858,181,13238.9044788,山东钢铁,普钢,5.704750303375276e-05
600132,2007-05-09,2007-11-01 00:00:00,1000,21.30648645125,16.8831622377,-4423.3242135499995,-0.20760458199763365,176,228605.485250142,重庆啤酒,啤酒,5.703589769687005e-05
600166,2005-02-01,2005-05-10 00:00:00,20200,0.7312644739399999,0.51236594118,-4421.750361751999,-0.2993424958559665,98,33273.302827765,福田汽车,汽车整车,5.701560389840377e-05
002546,2016-05-04,2016-11-01 00:00:00,3400,9.405454378319998,8.105925959999999,-4418.396622287998,-0.13816753194991538,181,31978.544886287993,新联电子,电气设备,5.697235960254485e-05
000923,2008-11-03,2009-11-03 00:00:00,3100,7.758426256871612,6.33440114811,-4414.4778371609955,-0.1835456137126208,365,37642.691267181006,河钢资源,普钢,5.6921829409231175e-05
000422,2018-11-01,2019-11-01 00:00:00,5700,3.4423976987400002,2.6681687604,-4413.104948538002,-0.22490978849520682,365,14546.32725546,湖北宜化,农药化肥,5.69041269006042e-05
600521,2006-08-01,2006-11-01 00:00:00,7700,2.63184171432,2.06004513276,-4402.833678012001,-0.21726100716803087,92,15207.398774567999,华海药业,化学制药,5.67716855269551e-05
000548,2008-05-06,2008-11-03 00:00:00,900,7.447153393679999,2.55762905076,-4400.571908627999,-0.6565628615988328,181,16032.40612974,湖南投资,路桥,5.674252147725586e-05
000155,2009-05-05,2009-11-03 00:00:00,2800,9.984443182999998,8.41431850875,-4396.349087899994,-0.15725710943233862,182,58819.54965486599,川能动力,新型电力,5.668807094200074e-05
000567,2005-11-01,2006-05-09 00:00:00,9400,1.070576952125532,0.60345236358,-4390.971132328001,-0.436329763701805,189,73663.32241067801,海德股份,多元金融,5.6618725691909673e-05
600595,2008-05-06,2008-11-03 00:00:00,700,8.632027404,2.37863664234,-4377.373533162,-0.7244405594405594,181,64518.338644760006,中孚实业,铝,5.6443393467204254e-05
600353,2010-05-05,2010-08-03 00:00:00,6800,2.618670302483529,1.97699089014,-4363.4200039359985,-0.24504016856759891,90,15799.45753386,旭光电子,元器件,5.626347175515643e-05
000973,2007-11-01,2008-05-06 00:00:00,5900,3.692053365,2.9537817615,-4355.802460649999,-0.19996233274921793,187,112766.09451307199,佛塑科技,塑料,5.616524847361835e-05
300292,2015-11-03,2016-05-04 00:00:00,2900,9.5978450568,8.106527118239999,-4324.822021824005,-0.1553804973652304,183,27833.750664720003,吴通控股,互联网,5.576577580234757e-05
601398,2009-11-03,2010-05-05 00:00:00,14100,2.18087097228,1.876304817,-4294.382789448001,-0.13965344999827767,183,30750.280709148003,工商银行,银行,5.5373281637336845e-05
600807,2008-05-06,2008-11-03 00:00:00,2100,3.07848877336,1.0343282364,-4292.737127616,-0.6640142899494521,181,59098.039,济高发展,医疗保健,5.5352061895043007e-05
000518,2007-11-01,2008-05-06 00:00:00,4400,6.0196499999999995,5.04495,-4288.679999999998,-0.16191971294012097,187,133861.728,四环生物,生物制药,5.5299747865033485e-05
002099,2010-11-02,2011-05-04 00:00:00,7100,5.599346152399999,4.996023065909999,-4283.593914078998,-0.10774884603828294,183,218445.58896159995,海翔药业,化学制药,5.523416608484677e-05
002312,2021-05-07,2021-11-02 00:00:00,9300,15.718470123915699,15.26014090368,-4262.461748192,-0.029158640543417103,179,64661.819878655995,川发龙蟒,化工原料,5.496168050760785e-05
600186,2007-05-09,2008-05-06 00:00:00,3200,7.064036629649999,5.73209398818,-4262.216452703996,-0.18855262384674132,363,54930.876,莲花控股,食品,5.495851758133704e-05
002373,2018-05-03,2018-11-01 00:00:00,3000,13.91464752678,12.49489563696,-4259.255669459996,-0.10203290360661721,182,41743.94258034,千方科技,软件服务,5.492034020114635e-05
300176,2018-05-03,2018-11-01 00:00:00,1100,37.0015000355,33.13392127164,-4254.336640246003,-0.10452491818302956,182,40701.65003905,鸿特科技,汽车配件,5.485691250887868e-05
002349,2016-05-04,2016-11-01 00:00:00,2700,11.931058609469998,10.35692153118,-4250.170111382997,-0.131936077913536,181,32213.858245568994,精华制药,中成药,5.480318782072366e-05
300134,2013-05-03,2013-11-01 00:00:00,6000,5.7602967422,5.05513228752,-4230.986728080002,-0.1224180777899786,182,34561.7804532,大富科技,通信设备,5.455583053133534e-05
600202,2008-11-03,2009-05-05 00:00:00,1300,18.52606962129,15.2989021836,-4195.317668997,-0.17419601154803854,183,66778.89380562399,哈空调,专用机械,5.4095901141902455e-05
603366,2022-11-01,2023-05-05 00:00:00,4900,6.321593798519999,5.46712305435,-4186.906646432993,-0.13516698025900464,185,30975.809612747995,日出东方,家用电器,5.3987446459558075e-05
300241,2024-11-01,2025-05-07 00:00:00,5600,6.02666547483,5.281375108230001,-4173.626052959995,-0.12366546139198509,187,33749.326659048,瑞丰光电,半导体,5.381620181772078e-05
002427,2017-08-01,2017-11-01 00:00:00,12900,26.60177935539155,26.27843973552,-4171.081096342999,-0.012154811734652493,92,308588.804410887,尤夫股份,化纤,5.37833862522677e-05
600569,2008-05-06,2008-11-03 00:00:00,900,6.87628305364,2.25132839802,-4162.459190058,-0.6725951534487449,181,73639.901501166,安阳钢铁,普钢,5.367221236107591e-05
600372,2010-11-02,2011-11-01 00:00:00,2600,15.331840523999997,13.73508388728,-4151.567255471991,-0.10414644179350041,364,39862.78536239999,中航机载,航空,5.353176792680506e-05
688036,2024-05-07,2024-11-01 00:00:00,700,93.4619241556,87.53944540751999,-4145.735123656007,-0.06336782386611228,178,65423.34690892,传音控股,通信设备,5.345656636853082e-05
000920,2010-05-05,2010-11-02 00:00:00,1800,10.4216775663,8.1235339344,-4136.65853742,-0.22051571038153972,181,14025.08489382,沃顿科技,塑料,5.333952967418048e-05
002271,2020-05-07,2020-11-03 00:00:00,2800,30.3853483172525,28.91174823108,-4126.080241282999,-0.04849706084612515,180,54883.234738332,东方雨虹,其他建材,5.320312940434971e-05
000617,2016-11-01,2017-05-03 00:00:00,7300,10.639849828553148,10.0751698449,-4122.163880667982,-0.053072176088216017,183,74385.53766443799,中油资本,多元金融,5.315263047354606e-05
000629,2006-05-09,2006-08-01 00:00:00,8000,2.253881952196875,1.73950800075,-4114.991611575,-0.22821689971185544,84,39809.315382837005,钒钛股份,小金属,5.3060148714015844e-05
600496,2005-11-01,2006-11-01 00:00:00,5200,1.93205103245,1.14082165638,-4114.392755564,-0.40952819712358,365,39325.040990235,精工钢构,钢加工,5.305242685404593e-05
600758,2008-05-06,2008-11-03 00:00:00,800,7.869220358999999,2.73444508773,-4107.820217015999,-0.652513849786577,181,6295.376287199999,辽宁能源,煤炭开采,5.2967678231034265e-05
601939,2009-11-03,2010-05-05 00:00:00,12500,2.4637430317499995,2.13756754275,-4077.1936124999966,-0.13239022284248403,183,30796.787896874994,建设银行,银行,5.257276802376838e-05
000955,2013-08-01,2013-11-01 00:00:00,9500,3.8439930401504214,3.41658,-4060.423881429002,-0.11118985796438796,92,31666.635000000002,欣龙控股,纺织,5.2356533214925005e-05
002566,2013-11-01,2014-05-06 00:00:00,1900,13.6667196666,11.53206270369,-4055.8482295290005,-0.15619380619380618,186,25966.76736654,益盛药业,中成药,5.229753315047901e-05
000969,2009-05-05,2010-05-05 00:00:00,2000,18.6985894970875,16.678619685,-4039.9396241749982,-0.10802792437376785,365,22725.440737999998,安泰科技,小金属,5.20924019994114e-05
000021,2008-05-06,2008-11-03 00:00:00,1000,6.146705975409999,2.10975019794,-4036.9557774699983,-0.6567673471970041,181,38874.117522240005,深科技,元器件,5.2053927230845217e-05
600203,2009-05-05,2009-11-03 00:00:00,3700,7.274549362079999,6.18386696298,-4035.524876669998,-0.14993126650365352,182,34261.485035777994,福日电子,元器件,5.203547669281023e-05
300633,2021-11-02,2022-05-06 00:00:00,1200,28.517360381509995,25.15442770269,-4035.5192145839937,-0.11792580497739347,185,34220.832457811994,开立医疗,医疗保健,5.203540368388244e-05
601555,2019-05-07,2019-11-01 00:00:00,5000,7.763656100199999,6.956890695449999,-4033.8270237499964,-0.1039156544722809,178,38818.280500999994,东吴证券,证券,5.201358398027677e-05
601001,2009-11-03,2010-05-05 00:00:00,1800,16.724798049959997,14.48635848066,-4029.1912247399946,-0.13383955744119436,183,30104.636489927994,晋控煤业,煤炭开采,5.1953808357846076e-05
300291,2015-11-03,2016-05-04 00:00:00,900,28.16414182582,23.69105968554,-4025.773926251999,-0.1588218866366884,183,114389.275,百纳千成,影视音像,5.190974450958374e-05
300348,2022-11-01,2023-05-05 00:00:00,2300,13.19986920252,11.45218558077,-4019.672330025003,-0.13240158632907884,185,33607.17609248999,长亮科技,软件服务,5.183106838244739e-05
002301,2016-11-01,2017-05-03 00:00:00,5000,14.867305402949999,14.06372975244,-4017.878252549991,-0.05404985158578579,183,74336.52701475,齐心集团,文教休闲,5.1807934916668057e-05
300623,2020-11-03,2021-05-07 00:00:00,3000,27.5396849728,26.2061639037,-4000.5632073000043,-0.04842179823106452,185,82619.0549184,捷捷微电,半导体,5.158466863506255e-05
000791,2007-08-01,2008-05-06 00:00:00,5800,4.467503160119999,3.77922922776,-3991.9888076879924,-0.15406232691764032,279,67523.20857281999,甘肃能源,水力发电,5.1474107311616104e-05
300201,2012-05-03,2012-11-01 00:00:00,22900,1.4614900299999996,1.287213498,-3990.9325827999883,-0.11924578917585882,182,62051.927242305006,海伦哲,工程机械,5.146048797653039e-05
002158,2021-05-07,2021-11-02 00:00:00,2700,23.6157583662,22.13937030816,-3986.2477567080036,-0.06251707165809584,179,63762.54758874,汉钟精机,工程机械,5.140008018166617e-05
600482,2015-11-03,2016-11-01 00:00:00,700,36.882719874,31.20272999604,-3975.992914572003,-0.1540013832321525,364,25817.903911800004,中国动力,船舶,5.1267850641454135e-05
300698,2023-05-05,2024-05-07 00:00:00,2700,37.36209512257445,35.89728300378,-3954.9927207450296,-0.039205834522631045,368,67294.52062433101,万马科技,通信设备,5.099706675835993e-05
300470,2018-05-03,2018-11-01 00:00:00,1900,22.18052529693,20.102072765040003,-3949.059810590995,-0.09370619063641727,182,42142.998064167,中密控股,机械基件,5.0920565728760144e-05
600177,2008-05-06,2008-11-03 00:00:00,2000,3.3529546049999994,1.3831946208,-3939.5199683999986,-0.5874699231724313,181,6705.909209999999,雅戈尔,服饰,5.0797555649240495e-05
000967,2008-05-06,2008-11-03 00:00:00,3400,1.95340594449,0.8028589374,-3911.8598241060004,-0.5889953444317932,181,6641.580211266,盈峰环境,环境保护,5.044089602311578e-05
002518,2022-11-01,2023-05-05 00:00:00,600,47.72866527429,41.2421922243,-3891.883829994002,-0.1359030891124473,185,28637.199164574,科士达,电气设备,5.018331853126587e-05
600284,2008-05-06,2008-11-03 00:00:00,1200,5.238633399999999,2.00116930752,-3884.956910975999,-0.6179978336487526,181,6286.3600799999995,浦东建设,建筑工程,5.009400040187009e-05
600026,2005-11-01,2006-05-09 00:00:00,1200,7.934980286566667,4.70585705238,-3874.9478810240003,-0.40694785841539305,189,61987.30537999999,中远海能,水运,4.9964940450388725e-05
000962,2007-05-09,2007-08-01 00:00:00,1500,14.93936519075,12.35659377726,-3874.1571202349983,-0.17288361188795176,84,38567.7485193,东方钽业,小金属,4.995474410273551e-05
002344,2011-02-01,2011-05-04 00:00:00,12100,10.42247438232,10.10284000704,-3867.575940888018,-0.03066780147929249,92,126111.94002607201,海宁皮城,商品城,4.9869884062223614e-05
002233,2009-11-03,2010-05-05 00:00:00,7800,3.92262662792,3.42865655136,-3852.966597168001,-0.12592839528597477,183,30596.487697776,塔牌集团,水泥,4.968150604749868e-05
300875,2023-05-05,2023-11-01 00:00:00,1900,34.59456,32.5674,-3851.604000000004,-0.05859765234765235,180,65729.664,捷强装备,专用机械,4.966393624051102e-05
600733,2013-05-03,2014-05-06 00:00:00,6400,6.130095491519999,5.53003197246,-3840.4065219839936,-0.09788811934334307,368,58824.327716153995,北汽蓝谷,汽车整车,4.9519552021821434e-05
600866,2019-05-07,2019-11-01 00:00:00,9300,4.227972869119999,3.81570360687,-3834.104138924993,-0.09750991196303682,178,39320.147682815994,星湖科技,饲料,4.943828687867446e-05
600593,2023-11-01,2024-05-07 00:00:00,1900,22.94502736842105,20.92905,-3830.3569999999977,-0.08786118822397293,188,31153.121999999996,大连圣亚,旅游景点,4.9389969951842075e-05
600126,2005-02-01,2005-05-10 00:00:00,5200,2.8193357192,2.09080063647,-3788.3824301960008,-0.258406644433507,98,67929.904934892,杭钢股份,普钢,4.8848735090088745e-05
600128,2006-08-01,2006-11-01 00:00:00,4100,4.5487658906934145,3.62520923193,-3786.5823009299997,-0.20303455507635004,92,62587.052307779995,苏豪弘业,商贸代理,4.882552359038853e-05
000998,2010-11-02,2011-05-04 00:00:00,4100,9.56235895615,8.642066932350001,-3773.197297579993,-0.09624110828930088,183,39205.671720214996,隆平高科,种植业,4.8652932650885464e-05
002459,2016-05-04,2017-05-03 00:00:00,3600,8.8964213338,7.8504386031,-3765.5378305199984,-0.11757342547682825,364,32027.116801679997,晶澳科技,电气设备,4.855416878946465e-05
002587,2017-05-03,2017-11-01 00:00:00,8000,7.402799043639999,6.935733323999999,-3736.525757119999,-0.06309312422053015,182,68273.034901071,奥拓电子,元器件,4.8180076914094644e-05
002051,2008-05-06,2008-11-03 00:00:00,2000,3.283774494,1.42544806506,-3716.6528578800003,-0.5659117068895779,181,15214.596489092,中工国际,建筑工程,4.792382876377353e-05
300461,2018-11-01,2019-02-01 00:00:00,600,22.88286,16.70328,-3707.748000000001,-0.27005278186380555,92,68228.15999999999,田中精机,专用机械,4.780900639522705e-05
600222,2006-08-01,2006-11-01 00:00:00,3700,4.03192518729,3.03760899036,-3678.9699286409996,-0.24661077543413323,92,26468.388774828,太龙药业,中成药,4.743793182445126e-05
002190,2011-05-04,2011-11-01 00:00:00,1800,20.801793012,18.7583515713,-3678.194593260001,-0.09823390894819473,181,37443.2274216,成飞集成,汽车配件,4.742793437743258e-05
600621,2007-08-01,2007-11-01 00:00:00,2900,8.951099407249998,7.688224030050001,-3662.3385938799934,-0.14108606325800876,92,25958.188281024995,华鑫股份,证券,4.722348154629047e-05
300525,2019-11-01,2020-05-07 00:00:00,4600,10.89990729828,10.10403017568,-3661.0347639600013,-0.07301687076967978,188,50139.573572088004,博思软件,软件服务,4.720666950486177e-05
600438,2017-11-01,2018-05-03 00:00:00,9000,10.680448058279998,10.273841874,-3659.4556585199775,-0.038070142943560925,183,73223.14299299999,通威股份,电气设备,4.7186307964088006e-05
000717,2005-02-01,2005-05-10 00:00:00,4200,3.46985530892,2.60099452188,-3649.215305568,-0.2504025988652636,98,42098.92944457199,中南股份,普钢,4.7054265252509316e-05
000690,2006-11-01,2007-02-01 00:00:00,10000,3.0161243142029996,2.6538060375,-3623.1827670299976,-0.12012710318233055,92,34552.98211365,宝新能源,火力发电,4.671859254728573e-05
600325,2008-02-01,2008-05-06 00:00:00,4200,7.038966975039999,6.17885400096,-3612.4744911359953,-0.12219306854683909,95,29563.661295167996,华发股份,区域地产,4.658051627276594e-05
002648,2021-08-03,2021-11-02 00:00:00,4900,18.1709142615,17.438365179,-3589.490504249984,-0.04031437669881588,91,89037.47988135,卫星化学,化工原料,4.628415266444597e-05
600742,2008-05-06,2008-11-03 00:00:00,3000,2.18705646159,0.99213032655,-3584.7784051200006,-0.54636272818091,181,6561.169384770001,富维股份,汽车配件,4.622339320144031e-05
000670,2009-05-05,2009-11-03 00:00:00,5000,5.429424,4.71528,-3570.7200000000007,-0.13153218462952976,182,469143.67500000005,盈方微,元器件,4.60421191827398e-05
000716,2007-11-01,2008-05-06 00:00:00,6800,3.2053765744,2.6814914244000003,-3562.419019999996,-0.1634395016747956,187,34418.673725436,黑芝麻,食品,4.593508342790779e-05
002061,2013-05-03,2013-11-01 00:00:00,12700,2.7200881707999995,2.44168515072,-3535.7183550159925,-0.10235073372570813,182,73691.05132388999,浙江交科,建筑工程,4.559079566536917e-05
000650,2008-05-06,2008-11-03 00:00:00,2800,2.35169363429,1.09065164661,-3530.9175655040003,-0.536227155311717,181,6584.7421760120005,仁和药业,中成药,4.5528892597393413e-05
688122,2020-11-03,2021-05-07 00:00:00,2300,36.15342138407999,34.623562739040004,-3518.6748835919693,-0.042315736283638494,185,83152.86918338398,西部超导,小金属,4.537103115216385e-05
000969,2005-02-01,2005-08-02 00:00:00,5700,2.57398916775,1.95903862038,-3505.2181200090004,-0.23890953197271858,182,22725.440737999998,安泰科技,小金属,4.519751491098532e-05
600249,2008-05-06,2009-05-05 00:00:00,400,16.547834623319996,7.80312517389,-3497.883779771999,-0.5284503772539844,364,39305.3084424,两面针,日用化工,4.510294334913819e-05
600517,2008-05-06,2008-11-03 00:00:00,800,7.859578686959999,3.48807595248,-3497.202187583999,-0.5562006449191552,181,39538.229704973994,国网英大,多元金融,4.5094154659811134e-05
601992,2019-05-07,2019-11-01 00:00:00,13500,2.93077412628,2.6724764484,-3487.0186513799986,-0.08813291872746754,178,39565.45070478,金隅集团,水泥,4.496284456335822e-05
000426,2012-11-01,2013-05-03 00:00:00,2800,5.694802263149999,4.45001897655,-3485.3932024799965,-0.21858235441373597,183,15945.446336819996,兴业银锡,铅锌,4.494188545371665e-05
603053,2023-11-01,2024-02-01 00:00:00,3500,9.173914850099996,8.18563719897,-3458.971778954987,-0.10772692653880733,92,32108.701975349984,成都燃气,供气供热,4.4601198328734534e-05
600202,2006-05-09,2006-08-01 00:00:00,2000,8.609833676944499,6.8817834279,-3456.100498088997,-0.20070657737232356,84,66778.89380562399,哈空调,专用机械,4.4564175023675886e-05
301035,2022-11-01,2023-05-05 00:00:00,400,63.69399792755999,55.0815318315,-3444.986438423996,-0.135216290016134,185,25477.599171023998,润丰股份,农药化肥,4.442086643053499e-05
600359,2013-11-01,2014-05-06 00:00:00,3100,8.5085,7.40259,-3428.320999999999,-0.12997708174178757,186,55145.08999999999,新农开发,种植业,4.420597640775239e-05
600794,2008-05-06,2008-11-03 00:00:00,6000,1.10459770421,0.53982649314,-3388.6272664199996,-0.5112913134958217,181,6627.586225259999,保税科技,仓储物流,4.369415145023731e-05
002074,2011-05-04,2011-11-01 00:00:00,5000,7.608723021899999,6.93227429649,-3382.2436270499925,-0.08890436982171557,181,38043.615109499995,国轩高科,电气设备,4.361183855964564e-05
600206,2008-05-06,2008-11-03 00:00:00,1300,5.150191146099999,2.5503451419600003,-3379.7998053819983,-0.5048057305812312,181,39446.84511767999,有研新材,半导体,4.35803270637851e-05
300052,2013-11-01,2014-08-01 00:00:00,900,29.30178376125,25.57488445506,-3354.2093755709993,-0.1271901852991837,273,34094.05999999999,中青宝,互联网,4.325035506393757e-05
002466,2016-05-04,2016-11-01 00:00:00,1000,30.38799735972,27.03913415964,-3348.8632000800003,-0.11020348463367302,181,92589.497,天齐锂业,小金属,4.318141959738505e-05
300127,2011-11-01,2012-05-03 00:00:00,1100,11.490769189899998,8.4600139176,-3333.8307995299983,-0.26375564787811867,184,12639.846108889999,银河磁体,矿物制品,4.298758653914305e-05
600490,2005-11-01,2006-02-07 00:00:00,12100,0.7198532905199999,0.4452692849999999,-3322.466466792,-0.38144439865190993,98,73248.14210714001,鹏欣资源,铜,4.2841050837000285e-05
300611,2023-11-01,2024-05-07 00:00:00,3200,10.05701368672,9.02438034624,-3304.426689536001,-0.10267792931847786,188,32182.443797504,美力科技,汽车配件,4.260843960608585e-05
600248,2011-05-04,2011-08-02 00:00:00,5400,7.064033956980001,6.455199159179999,-3287.7079081200104,-0.08618797722488436,90,42147.624050532,陕建股份,建筑工程,4.239286176000852e-05
600563,2007-05-09,2007-11-01 00:00:00,1900,14.27124343381579,12.54412629702,-3281.5225599120017,-0.12102078874944955,176,38259.367146,法拉电子,元器件,4.231310570538092e-05
603613,2021-11-02,2022-05-06 00:00:00,600,51.10230679554,45.63814221396,-3278.4987489480004,-0.10692598679433563,185,30661.384077324,国联股份,互联网,4.227411562360732e-05
002107,2012-05-03,2012-11-01 00:00:00,14100,2.3618784188999995,2.12965245576,-3274.386080273992,-0.09832257294943836,182,97467.824454,沃华医药,中成药,4.222108542766706e-05
000049,2011-11-01,2012-11-01 00:00:00,1500,15.077679283333332,12.90232390086,-3263.033073709996,-0.14427653895503267,366,33311.89878016,德赛电池,电气设备,4.207469576919428e-05
000099,2006-05-09,2006-08-01 00:00:00,2700,4.756627675799999,3.550198248,-3257.3594550599973,-0.2536312509675448,84,12842.894724659996,中信海直,空运,4.2001538135417154e-05
600706,2011-11-01,2012-05-03 00:00:00,1100,11.734616974079998,8.77510778832,-3255.460104335998,-0.2522033051694068,184,66675.99420081599,曲江文旅,旅游景点,4.1977047239350196e-05
688198,2021-05-07,2022-05-06 00:00:00,500,110.27780731967998,103.76769707136,-3255.055124159988,-0.05903372951049046,364,55138.90365983999,佰仁医疗,医疗保健,4.1971825282565426e-05
000869,2007-11-01,2008-05-06 00:00:00,500,51.0046490954,44.5570531452,-3223.7979750999984,-0.12641192645282784,187,37402.88854302,张裕A,红黄酒,4.1568784612243285e-05
000856,2007-11-01,2008-05-06 00:00:00,2800,7.690480117319999,6.54174268902,-3216.4647992399964,-0.14937135403456636,187,125755.288737078,冀东装备,专用机械,4.147422806428259e-05
300120,2015-05-05,2015-11-03 00:00:00,5500,12.15834642022,11.57397128316,-3214.063253829992,-0.048063701827754324,182,66870.90531121,经纬辉开,元器件,4.144326169335735e-05
002272,2014-11-03,2015-05-05 00:00:00,8400,11.320930796174999,10.9383722784,-3213.491549309994,-0.03379214347854276,183,62062.534093559996,川润股份,机械基件,4.1435889934259164e-05
600933,2023-11-01,2024-05-07 00:00:00,1600,19.89729709968,17.89607289312,-3201.9587304959996,-0.10057769135850037,188,31835.675359488,爱柯迪,汽车配件,4.128718171341102e-05
600030,2007-05-09,2009-05-05 00:00:00,1900,12.1784914251,10.50417216315,-3181.206597705,-0.13748166365656833,727,23139.13370769,中信证券,证券,4.101959641653554e-05
002086,2012-11-01,2013-05-03 00:00:00,2600,6.03005997594,4.80843631044,-3176.2215303000003,-0.2025889743011331,183,67240.90452079,东方海洋,渔业,4.0955317204613294e-05
300239,2013-11-01,2014-05-06 00:00:00,5000,5.251852916309999,4.6177283493,-3170.622835049994,-0.12074301720078262,186,26259.264581549996,东宝生物,生物制药,4.088312565949953e-05
002469,2011-11-01,2012-05-03 00:00:00,2100,6.17507482592,4.67065083384,-3159.290383368001,-0.24362846353944578,184,64573.939155726,三维化学,化工原料,4.073700104290261e-05
000913,2016-11-01,2017-05-03 00:00:00,4800,15.492249772999998,14.83470685359,-3156.2060131679914,-0.042443346127556514,183,74362.79891039999,钱江摩托,摩托车,4.069723008904665e-05
000958,2013-05-03,2013-11-01 00:00:00,14300,2.422375956,2.2026439512,-3142.167668640006,-0.0907092907092909,182,39555.640893769,电投产融,新型电力,4.0516214738673095e-05
600864,2013-05-03,2013-11-01 00:00:00,4300,9.52249972674,8.7938031942,-3133.395089921996,-0.07652366011560563,182,34688.21742586199,哈投股份,证券,4.040309802415205e-05
600782,2006-08-01,2006-11-01 00:00:00,9300,1.6393014537899997,1.30294296279,-3128.133966299997,-0.20518403751936676,92,30843.863708658,新钢股份,普钢,4.033525924630355e-05
002685,2013-08-01,2013-11-01 00:00:00,10500,3.008188183,2.7106368498,-3124.288998599999,-0.0989138029600457,92,74029.25984454,华东重机,机床制造,4.0285680880848655e-05
600192,2007-08-01,2007-11-01 00:00:00,2100,12.36774731192,10.88027986896,-3123.6816302159996,-0.12026987659477673,92,25972.269355032,长城电工,电气设备,4.027784925934825e-05
600467,2008-05-06,2009-05-05 00:00:00,900,6.707820879759999,3.24354488832,-3117.848392295999,-0.5164532645606286,364,16197.469069781999,好当家,渔业,4.02026334385799e-05
002120,2012-11-01,2013-05-03 00:00:00,5100,3.07837303774,2.47027735989,-3101.287957035001,-0.19753800803051347,183,74870.60963382,韵达股份,仓储物流,3.998909736350123e-05
601279,2023-11-01,2024-05-07 00:00:00,5600,5.846627066279999,5.29908315246,-3066.2459173919965,-0.09365124671247116,188,32741.111571167996,英利汽车,汽车配件,3.9537252983194314e-05
600771,2013-11-01,2014-05-06 00:00:00,1500,17.334956719079997,15.29314129026,-3062.723143229997,-0.11778601250112386,186,66290.22399999999,广誉远,中成药,3.949182909450502e-05
002124,2012-11-01,2013-05-03 00:00:00,9700,1.6404643254999998,1.32586458822,-3051.617451615998,-0.19177481179550337,183,15912.503957349998,天邦食品,农业综合,3.934862840195604e-05
002259,2010-11-02,2011-05-04 00:00:00,9000,4.43008220655,4.09169815605,-3045.4564545000017,-0.07638324408510744,183,74482.47903095998,升达林业,供气供热,3.926918633887094e-05
001209,2023-11-01,2024-05-07 00:00:00,1900,16.691092177759998,15.09121490877,-3039.7668110809955,-0.09585216185683465,188,31713.075137743996,洪兴股份,服饰,3.919582207608775e-05
600033,2006-05-09,2006-08-01 00:00:00,8200,1.6203362174999998,1.25070580224,-3030.969405131999,-0.22811957868244093,84,13286.756983499998,福建高速,路桥,3.908238523052085e-05
002767,2021-08-03,2021-11-02 00:00:00,6700,13.201734546,12.7493872506,-3030.7268791800066,-0.034264232008592965,91,88451.62145820001,先锋电子,电器仪表,3.907925801562119e-05
300475,2021-11-02,2022-05-06 00:00:00,1700,19.9587629241,18.1765714338,-3029.7255335100012,-0.08929368503836588,185,33929.89697097,香农芯创,元器件,3.906634631246846e-05
300250,2019-05-07,2019-11-01 00:00:00,2600,14.714699999999995,13.55643,-3011.501999999986,-0.07871516238863141,178,38258.21999999999,初灵信息,软件服务,3.883136566380411e-05
600256,2013-05-03,2013-11-01 00:00:00,4900,7.063029373399999,6.4491990453,-3007.768607689994,-0.08690751455908408,182,59084.929623719996,广汇能源,石油开采,3.878322599065903e-05
603390,2023-11-01,2024-05-07 00:00:00,3900,8.4037108155,7.634247860249999,-3000.9055254750065,-0.09156228386997634,188,33790.751506512,通达电气,汽车配件,3.8694730995447034e-05
000807,2005-02-01,2005-05-10 00:00:00,11900,1.2373459097999997,0.9860558571,-2990.3516271299964,-0.20308795681929992,98,64155.892762962,云铝股份,铝,3.8558645319324716e-05
002019,2008-05-06,2009-05-05 00:00:00,800,7.912758213359999,4.22001128448,-2954.1975431039996,-0.4666826445733069,364,18189.62145,亿帆医药,化学制药,3.809246184773699e-05
002135,2012-11-01,2013-02-01 00:00:00,3000,5.288601127809999,4.30841290437,-2940.564670319997,-0.18533979019247637,92,15865.803383429997,东南网架,钢加工,3.7916674792598474e-05
000949,2008-05-06,2009-05-05 00:00:00,1300,5.159529825449999,2.9200285485,-2911.351660034999,-0.4340514257526705,364,26384.638984703994,新乡化纤,化纤,3.7539991966381785e-05
300238,2012-08-01,2012-11-01 00:00:00,1800,11.34677474931,9.72957555513,-2910.958549524002,-0.14252501084313351,92,71900.82824925,冠昊生物,医疗保健,3.7534923061231193e-05
002380,2016-05-04,2016-11-01 00:00:00,1000,31.914834952,29.01814779501,-2896.6871569899977,-0.0907630310902946,181,54554.007479971995,科远智慧,软件服务,3.73509027079259e-05
600039,2007-11-01,2008-05-06 00:00:00,20800,1.04915312502,0.91059517332,-2882.005395359999,-0.1320664718959481,187,33386.45488378199,四川路桥,建筑工程,3.716159091120676e-05
600499,2005-02-01,2005-05-10 00:00:00,23900,0.6185549369999999,0.49863087,-2866.1852012999966,-0.19387779456038823,98,14783.462994299996,科达制造,专用机械,3.6957599766450316e-05
000607,2012-11-01,2013-05-03 00:00:00,3100,5.000601565959999,4.07697499395,-2863.2423732309967,-0.18470309218340697,183,68572.085878296,华媒控股,广告包装,3.691965390659931e-05
300234,2019-05-07,2019-11-01 00:00:00,6400,6.175275356249999,5.7301620021,-2848.725466559995,-0.07207992007991992,178,54834.80546544,开尔新材,陶瓷,3.673246780768621e-05
600874,2009-05-05,2009-11-03 00:00:00,4800,5.5845881372531245,4.9958428563,-2825.977348574996,-0.10542322307096919,182,23528.464255295996,创业环保,环境保护,3.643914557590989e-05
300355,2017-05-03,2018-05-03 00:00:00,6300,9.37389015563,8.927504289269999,-2812.230958068011,-0.04762012984458752,365,59055.507980469,蒙草生态,环境保护,3.626189478333722e-05
603507,2020-05-07,2020-11-03 00:00:00,3900,13.80761790408,13.09065877746,-2796.1405938180033,-0.05192489621313656,180,53849.709825912,振江股份,电气设备,3.605441996915617e-05
300761,2024-05-07,2024-11-01 00:00:00,3100,21.31752174552,20.4175753866,-2789.8337126520037,-0.0422162749339815,178,66084.317411112,立华股份,农业综合,3.597309682583596e-05
601007,2011-05-04,2011-08-02 00:00:00,6000,6.39279979338,5.928662682720001,-2784.8226639599966,-0.07260310437699491,90,77871.39708348,金陵饭店,酒店餐饮,3.5908482602063756e-05
600198,2007-11-01,2008-02-01 00:00:00,1200,17.017,14.71527,-2762.075999999999,-0.1352606217312099,92,20420.399999999998,大唐电信,通信设备,3.561517911899705e-05
600468,2010-11-02,2011-05-04 00:00:00,2600,14.884377007499998,13.8259447155,-2751.923959199993,-0.07111028506377326,183,38699.380219499995,百利电气,电气设备,3.548427513535736e-05
688606,2022-05-06,2022-11-01 00:00:00,200,74.04942745199999,60.39283136535,-2731.319217329998,-0.18442541092572817,179,14809.885490399998,奥泰生物,医疗保健,3.52185903488415e-05
688536,2025-05-07,2025-08-01 00:00:00,400,156.07323731999998,149.25137482440002,-2728.7449982399835,-0.04370936755552113,86,62429.29492799999,思瑞浦,半导体,3.5185397462772326e-05
601998,2009-11-03,2010-05-05 00:00:00,9800,3.1391582722499995,2.86088370255,-2727.0907830599976,-0.08864623748344669,183,30763.751068049995,中信银行,银行,3.5164067430602115e-05
002299,2011-02-01,2011-05-04 00:00:00,10000,12.5046760839,12.23282568924,-2718.503946599995,-0.02173989896547679,92,157705.59141336996,圣农发展,农业综合,3.505334574206475e-05
000428,2007-08-01,2007-11-01 00:00:00,2700,9.541642109999998,8.535236919299999,-2717.294014889997,-0.10547505126452483,92,27245.217999999997,华天酒店,酒店餐饮,3.5037744457171314e-05
002967,2021-02-02,2021-05-07 00:00:00,2900,34.39242290484,33.46468038144,-2690.4533178599977,-0.02697520107748619,94,99738.02642403598,广电计量,电器仪表,3.4691651072194886e-05
601519,2014-05-06,2014-11-03 00:00:00,2600,7.007000000000001,5.97402,-2685.7480000000005,-0.14742115027829317,181,65153.088,大智慧,软件服务,3.4630979049268786e-05
600597,2013-11-01,2014-05-06 00:00:00,1400,17.97859023961,16.07239553598,-2668.672585082,-0.10602581616384565,186,25170.026335454,光明乳业,乳制品,3.4410802645420456e-05
000923,2005-08-02,2005-11-01 00:00:00,6900,2.4501131655,2.06354323116,-2667.3325469459983,-0.15777635897936637,91,37642.691267181006,河钢资源,普钢,3.439352372252334e-05
600230,2012-11-01,2013-05-03 00:00:00,1400,11.022598767179998,9.12068880138,-2662.6739521199975,-0.17254642085521354,183,15431.638274051997,沧州大化,化工原料,3.43334541628259e-05
600236,2007-05-09,2007-11-01 00:00:00,5000,4.600740144,4.06977390225,-2654.8312087500035,-0.11540887447043802,176,23003.70072,桂冠电力,水力发电,3.4232327072222076e-05
002888,2024-11-01,2025-05-07 00:00:00,1800,18.966143196,17.4963709152,-2645.5901054400015,-0.0774945261991895,187,34139.0577528,惠威科技,元器件,3.411316903687371e-05
300359,2016-05-04,2016-11-01 00:00:00,1100,27.85307502978,25.4546771427,-2638.2376757880015,-0.08610890842449814,181,30638.382532758,全通教育,文教休闲,3.4018364223749155e-05
002374,2012-11-01,2013-05-03 00:00:00,3700,4.205266665599999,3.5014538412,-2604.1074502799966,-0.16736461213205378,183,31063.031999999992,中锐股份,广告包装,3.3578277095502376e-05
002673,2019-05-07,2019-11-01 00:00:00,4500,8.76291639223,8.18570052558,-2597.471399925002,-0.06587029258453414,178,39433.123765035,西部证券,证券,3.3492709528919915e-05
600826,2007-11-01,2008-05-06 00:00:00,3600,6.078904281449999,5.35804247412,-2595.102506387995,-0.11858416812545236,187,32408.692834517995,兰生股份,文教休闲,3.3462164182725845e-05
600590,2005-02-01,2005-08-02 00:00:00,6500,2.2790643876,1.88098720992,-2587.5016549200004,-0.17466692904591463,182,67185.04569176398,泰豪科技,通信设备,3.336415613135813e-05
002311,2012-05-03,2012-11-01 00:00:00,4200,7.8297032814,7.215826670279999,-2578.2817667040013,-0.07840356001463122,182,66725.230572,海大集团,饲料,3.3245271650891286e-05
600408,2005-02-01,2005-08-02 00:00:00,3900,3.7156497377999993,3.0552424992,-2575.588230539998,-0.1777366773518917,182,38339.30099999999,安泰集团,焦炭加工,3.3210540248516966e-05
300225,2020-11-03,2021-05-07 00:00:00,4300,19.32260852522,18.72792358974,-2557.1452225640005,-0.03077663839764766,185,83087.216658446,金力泰,染料涂料,3.29727296189187e-05
300277,2019-11-01,2020-05-07 00:00:00,6400,7.86152893526,7.462162827539999,-2555.9430894080037,-0.05080005569003132,188,83752.40095622398,汽轮科技,机械基件,3.2957228891322606e-05
301270,2025-05-07,2025-11-03 00:00:00,1600,39.33565087452,37.7384015223,-2555.598963551995,-0.04060564187218341,180,62937.041399231995,汉仪股份,软件服务,3.2952791611536954e-05
600894,2023-05-05,2023-11-01 00:00:00,12000,5.986610932802499,5.77528737156,-2535.882734909986,-0.03529936446756399,180,68397.21496607999,广日股份,运输设备,3.2698563626993355e-05
300265,2020-05-07,2020-11-03 00:00:00,4500,12.2091344375,11.65036283514,-2514.472210620001,-0.045766684380487255,180,114078.03961554,通光线缆,电气设备,3.242248879863257e-05
600199,2007-05-09,2007-08-01 00:00:00,5200,5.3931862359375,4.91076976455,-2508.565651214997,-0.08944925138555704,84,76189.76867502,金种子酒,白酒,3.234632754485598e-05
002671,2016-05-04,2016-11-01 00:00:00,2400,13.372763474069998,12.33229807728,-2497.116952295994,-0.07780481564692865,181,64370.306,龙泉股份,水泥,3.21987039955113e-05
002064,2019-05-07,2019-11-01 00:00:00,9400,4.89595673396617,4.6303581069,-2496.6270944219928,-0.054248564989055836,178,39358.45345632199,华峰化学,化纤,3.219238759584474e-05
000889,2010-11-02,2011-05-04 00:00:00,5100,7.794407420799999,7.306547818319999,-2488.0839726479976,-0.06259098044812328,183,39751.47784607999,中嘉博创,通信设备,3.2082229579839306e-05
002847,2020-11-03,2021-05-07 00:00:00,1500,54.90677912719999,53.25697113858,-2474.7119829299854,-0.030047437035014557,185,82360.16869079998,盐津铺子,食品,3.1909806442682905e-05
600547,2008-11-03,2009-05-05 00:00:00,1900,10.71918143296,9.418549023,-2471.201578923997,-0.1213369153320546,183,39056.095178100004,山东黄金,黄金,3.186454205913469e-05
688162,2025-11-03,2026-05-07 00:00:00,2700,33.69629423159999,32.7865102704,-2456.4166952399773,-0.026999525673265468,185,90979.99442531998,巨一科技,专用机械,3.1673900570392205e-05
000899,2013-05-03,2013-11-01 00:00:00,7800,4.42789082736,4.11375588624,-2450.252540735999,-0.0709445994420087,182,68660.06467319999,赣能股份,火力发电,3.1594417794836294e-05
600269,2006-05-09,2006-08-01 00:00:00,7000,1.8820416615,1.53448839558,-2432.87286144,-0.18466821060857797,84,13174.2916305,赣粤高速,路桥,3.1370318099115495e-05
002725,2022-11-01,2023-05-05 00:00:00,3300,9.347239001099998,8.61021394722,-2432.1826778039945,-0.07884949275323594,185,93729.31412044201,跃岭股份,汽车配件,3.1361418628637005e-05
000868,2010-05-05,2010-11-02 00:00:00,2500,7.6962935129079995,6.72405763158,-2430.5897033199985,-0.12632520832234295,181,61981.14612690001,安凯客车,汽车整车,3.134087825553376e-05
600481,2007-11-01,2008-02-01 00:00:00,6000,3.5910300426,3.18691821168,-2424.670985519999,-0.11253368145798415,92,89004.3950796,双良节能,电气设备,3.1264560227137085e-05
605188,2022-11-01,2023-05-05 00:00:00,3700,8.276229962,7.6228019676,-2417.683579280001,-0.07895237292827662,185,30622.050859400002,国光连锁,超市连锁,3.1174462154232964e-05
603313,2019-05-07,2019-11-01 00:00:00,2900,13.579089524,12.74943544236,-2405.996836756003,-0.061097916776647776,178,39379.3596196,梦百合,家居用品,3.102376918694684e-05
002132,2010-02-02,2010-05-05 00:00:00,11300,3.2142569458999994,3.00412972314,-2374.437617187992,-0.06537349885112043,92,62741.18094244,恒星科技,钢加工,3.061683351328309e-05
002430,2011-11-01,2012-05-03 00:00:00,800,15.302044607849998,12.33817532415,-2371.095426959998,-0.19369106283872173,184,12241.635686279998,杭氧股份,化工机械,3.057373813733407e-05
000888,2006-02-07,2006-05-09 00:00:00,25200,3.2132785438722222,3.11945214528,-2364.425244524002,-0.02919958457107641,91,64379.18232345599,峨眉山A,旅游景点,3.0487730459697982e-05
002652,2024-11-01,2025-05-07 00:00:00,10800,3.1531500000000006,2.93706,-2333.7720000000086,-0.06853146853146874,187,34054.020000000004,扬子新材,其他建材,3.0092476746802158e-05
600864,2008-05-06,2009-05-05 00:00:00,600,10.4308856652,6.56015431896,-2322.4388077440003,-0.37108367117412777,364,34688.21742586199,哈投股份,证券,2.994634258098349e-05
600795,2013-05-03,2013-11-01 00:00:00,18600,1.8653646211199997,1.74094604127,-2314.1855852099948,-0.06669933504758785,182,67760.51229947997,国电电力,火力发电,2.9839922627710102e-05
000089,2006-08-01,2006-11-01 00:00:00,3900,5.116404176216667,4.52602837107,-2302.4656400720028,-0.11538881308302384,92,15247.283626575,深圳机场,机场,2.968880153424475e-05
002148,2023-05-05,2023-11-01 00:00:00,10900,6.265668509099999,6.05465247681,-2300.074751960989,-0.033678135379094476,180,68295.78674919,北纬科技,互联网,2.965797258227991e-05
600258,2007-11-01,2008-05-06 00:00:00,1000,20.9350907766,18.63657413064,-2298.5166459599996,-0.10979253304834702,187,57681.09138792,首旅酒店,酒店餐饮,2.963788181565668e-05
002545,2016-11-01,2017-05-03 00:00:00,8900,8.3466961578,8.0892674352,-2291.1156311400023,-0.0308419903795627,183,74285.59580442001,东方铁塔,农药化肥,2.9542450528292918e-05
300182,2015-11-03,2016-05-04 00:00:00,2200,12.431832513099998,11.3921736228,-2287.249558659996,-0.08362877228312571,183,41995.038501416006,捷成股份,影视音像,2.949260003038394e-05
300815,2023-11-01,2024-05-07 00:00:00,2200,14.29095805137,13.25653982037,-2275.7201082,-0.07238270711324601,188,31440.107713014,玉禾田,环境保护,2.93439352422766e-05
002173,2016-05-04,2017-05-03 00:00:00,1700,18.15572701943,16.82166715434,-2267.901770653002,-0.0734787355891785,364,30864.735933031,创新医疗,医疗保健,2.9243122848935825e-05
300002,2013-11-01,2014-05-06 00:00:00,3000,8.6564714236,7.90152960096,-2264.825467919998,-0.08721126492508413,186,25969.414270799996,神州泰岳,互联网,2.9203455919836045e-05
000628,2006-08-01,2006-11-01 00:00:00,3100,4.80122570928,4.07094010488,-2263.885373639999,-0.1521039935674081,92,74116.48223979998,高新发展,建筑工程,2.9191334013642695e-05
600638,2007-05-09,2007-08-01 00:00:00,1500,14.543759330100002,13.03529423742,-2262.6976390200025,-0.10371906316945567,84,73052.99613611998,新黄浦,区域地产,2.9176018945832462e-05
688099,2021-11-02,2022-05-06 00:00:00,300,108.64826932959998,101.1101058828,-2261.4490340399952,-0.0693813485784287,185,32594.480798879995,晶晨股份,半导体,2.9159918994197594e-05
603777,2021-11-02,2022-05-06 00:00:00,2800,12.28178915964,11.4757143984,-2257.009331472004,-0.06563170485688652,185,34389.009646992,来伊份,食品,2.9102671908239757e-05
002053,2011-11-01,2012-05-03 00:00:00,2400,5.428429106099999,4.49142366042,-2248.813069631999,-0.1726107916979286,184,66903.05066445,云南能投,新型电力,2.899698642618279e-05
603386,2020-11-03,2021-05-07 00:00:00,7400,11.24366711468,10.94000266638,-2247.1169174199945,-0.027007598606643923,185,83203.13664863199,骏亚科技,元器件,2.897511564317623e-05
001896,2005-01-04,2005-11-01 00:00:00,1300,3.76376,2.03796,-2243.54,-0.45853083087125646,301,4892.888,豫能控股,火力发电,2.8928993612281006e-05
300315,2013-11-01,2014-05-06 00:00:00,2600,10.0415607292,9.17878082121,-2243.227760774003,-0.08592089728453378,186,26108.05789592,掌趣科技,互联网,2.8924967489914402e-05
002144,2010-05-05,2011-05-04 00:00:00,1000,14.21876096641,11.97764798238,-2241.11298403,-0.15761661577435204,364,20260.011626855,宏达高科,纺织,2.8897698814999463e-05
002221,2011-11-01,2012-05-03 00:00:00,4700,2.8097952883,2.333005659,-2240.9112577100013,-0.169688386654129,184,74731.71110605198,东华能源,石油加工,2.8895097684900303e-05
688253,2024-05-07,2024-11-01 00:00:00,1500,42.99675066686999,41.51561624658,-2221.7016304349854,-0.034447589581024785,178,64495.12600030499,英诺特,医疗保健,2.8647401996509084e-05
600648,2009-05-05,2010-05-05 00:00:00,2000,11.3374096836,10.2268000629,-2221.2192414,-0.09795973257511714,365,24676.029864485998,外高桥,园区开发,2.864118190267892e-05
688139,2021-05-07,2021-11-02 00:00:00,700,91.45527310919998,88.2915879321,-2214.579623969985,-0.03459270383810953,179,64018.691176439985,海尔生物,医疗保健,2.8555568340976922e-05
600663,2007-05-09,2007-11-01 00:00:00,2400,9.409372972999998,8.48923818408,-2208.323493407997,-0.09778917166534973,176,22582.495135199995,陆家嘴,园区开发,2.8474899593789288e-05
000655,2008-05-06,2009-05-05 00:00:00,300,18.577561002,11.22242108526,-2206.541975022,-0.3959152612093788,364,5573.2683006,金岭矿业,普钢,2.8451928069319622e-05
600640,2011-11-01,2012-11-01 00:00:00,1400,9.039563032499998,7.4694156075,-2198.2063949999974,-0.17369727047146388,366,74845.352974392,国脉文化,影视音像,2.834444616963824e-05
300427,2018-05-03,2019-05-07 00:00:00,2800,14.625171080519998,13.84028458128,-2197.682197871992,-0.05366682515498411,369,40950.47902545599,红相股份,电气设备,2.833768698755651e-05
600710,2005-01-04,2005-05-10 00:00:00,2400,1.9835100284999998,1.0712842434,-2189.341884239999,-0.45990480108127163,126,22926.685812029995,苏美达,商贸代理,2.823014405104353e-05
000338,2017-11-01,2018-05-03 00:00:00,11600,6.349871928400001,6.16262768352,-2172.0332406080056,-0.02948787739206904,183,73658.51436944,潍柴动力,汽车配件,2.8006960314151298e-05
300043,2014-05-06,2014-08-01 00:00:00,2500,7.301790355859998,6.4400534001,-2154.3423893999948,-0.11801721410262311,87,18254.475889649995,星辉娱乐,互联网,2.7778848258385697e-05
600547,2006-05-09,2006-08-01 00:00:00,7600,1.7373077521799998,1.45840061952,-2119.6942082159976,-0.16053985386873615,84,39056.095178100004,山东黄金,黄金,2.7332082427534005e-05
600446,2014-05-06,2014-11-03 00:00:00,2300,14.795017170846954,13.8773981106,-2110.523838567995,-0.062022169332462074,181,62686.35545171999,金证股份,软件服务,2.7213836456894155e-05
000920,2005-01-04,2005-05-10 00:00:00,800,5.9174184069,3.2868245853,-2104.4750572800003,-0.44455092418893327,126,14025.08489382,沃顿科技,塑料,2.7135841344151578e-05
600258,2017-05-03,2017-11-01 00:00:00,3400,23.12240651897647,22.5042963768,-2101.574483399996,-0.02673208524680115,182,57681.09138792,首旅酒店,酒店餐饮,2.7098440324670494e-05
688322,2025-11-03,2026-05-07 00:00:00,1000,88.50841999999999,86.4135,-2094.919999999988,-0.023669160516027632,185,88508.41999999998,奥比中光,元器件,2.7012635075924373e-05
000534,2008-05-06,2009-05-05 00:00:00,900,7.263582746419999,4.95125664714,-2081.093489351999,-0.3183451170043702,364,41413.40074872,万泽股份,生物制药,2.6834351186082514e-05
000301,2007-05-09,2007-11-01 00:00:00,3400,8.33541180000941,7.73612074539,-2037.5895857059952,-0.07189699429351937,176,42152.96948362499,东方盛虹,化纤,2.627339655604047e-05
000923,2005-01-04,2005-05-10 00:00:00,1300,3.5591117562,1.99588607604,-2032.1933842080002,-0.4392179249322107,126,37642.691267181006,河钢资源,普钢,2.6203816036564073e-05
000068,2005-08-02,2005-11-01 00:00:00,2700,4.43216445672,3.6860908194,-2014.3988207639998,-0.16833166833166835,91,13056.91691304,华控赛格,环境保护,2.5974366678761304e-05
688981,2025-05-07,2025-08-01 00:00:00,600,91.55145999999998,88.20171,-2009.849999999983,-0.036588711965925724,86,54930.87599999999,中芯国际,半导体,2.591571258441681e-05
600199,2005-01-04,2005-05-10 00:00:00,3500,1.39567873445,0.82242320355,-2006.3943581499998,-0.4107360216575233,126,76189.76867502,金种子酒,白酒,2.5871154323363076e-05
000738,2005-01-04,2005-05-10 00:00:00,1900,2.5356256926000005,1.4801385798,-2005.425514320001,-0.41626298230071823,126,30575.81849322,航发控制,航空,2.585866171036338e-05
600702,2007-08-01,2007-11-01 00:00:00,1800,14.033900230349998,12.92297924484,-1999.6577739179952,-0.07915981781796455,92,62228.1400741,舍得酒业,白酒,2.578429043762168e-05
002019,2014-05-06,2014-08-01 00:00:00,2200,11.14537637304,10.239182568,-1993.626371087998,-0.08130670286128949,87,18189.62145,亿帆医药,化学制药,2.5706519408826968e-05
002356,2015-05-05,2015-11-03 00:00:00,4000,16.831546782049998,16.333732917000003,-1991.25546019998,-0.029576239872433407,182,67326.18712819999,鹏飞绿能,其他商业,2.567594805019964e-05
600028,2018-11-01,2019-05-07 00:00:00,3700,3.9168807678,3.3816426723000004,-1980.3809533499984,-0.1366490652204937,187,14492.45884086,中国石化,石油加工,2.5535728335284894e-05
600685,2005-01-04,2005-05-10 00:00:00,1400,3.499040545,2.10221377191,-1955.5574823260006,-0.3992027972027973,126,65844.817740702,中船防务,船舶,2.5215645771707747e-05
600739,2008-05-06,2009-05-05 00:00:00,300,21.97919357634,15.4742975127,-1951.4688190919996,-0.29595699410201937,364,6593.758072901999,辽宁成大,生物制药,2.5162925110351504e-05
600807,2014-05-06,2014-11-03 00:00:00,2800,8.947424265779999,8.25398753022,-1941.6228595679968,-0.0775012690760728,181,59098.039,济高发展,医疗保健,2.5035967846306e-05
300270,2013-05-03,2013-08-01 00:00:00,3700,9.33658207482,8.8130374407,-1937.1151462440012,-0.0560745495433449,90,34545.353676834005,中威电子,IT设备,2.4977843805746943e-05
600580,2005-02-01,2005-05-10 00:00:00,11200,1.3217499495199998,1.14879611394,-1937.0829584959974,-0.1308521597771264,98,73577.630430304,卧龙电驱,电气设备,2.4977428765606632e-05
600211,2012-05-03,2012-08-01 00:00:00,6400,5.21771658408,4.915822456800001,-1932.1224145919928,-0.057859433799283155,90,33393.386138112,西藏药业,生物制药,2.4913465768328942e-05
000690,2005-02-01,2005-05-10 00:00:00,29500,0.50224928754,0.43703796456,-1923.7340279099997,-0.12983855746098283,98,34552.98211365,宝新能源,火力发电,2.480530296100626e-05
300662,2020-11-03,2021-05-07 00:00:00,1400,56.70289825199999,55.3320589536,-1919.17501775999,-0.02417582417582409,185,79384.05755279999,科锐国际,文教休闲,2.4746517481136077e-05
603023,2022-11-01,2023-05-05 00:00:00,7800,3.9840976975799993,3.73875612138,-1913.6642943599963,-0.06158021083394205,185,62819.757,威帝股份,汽车配件,2.46754602759882e-05
000790,2009-05-05,2009-11-03 00:00:00,7500,3.1233125924,2.86835245632,-1912.2010206000018,-0.0816313220458299,182,77014.649183472,华神科技,中成药,2.4656592309624375e-05
300523,2018-05-03,2018-11-01 00:00:00,1000,40.1986537953,38.32298379486,-1875.6700004399959,-0.046660020258173396,182,48272.20109712001,辰安科技,软件服务,2.418554849099002e-05
600592,2009-05-05,2009-11-03 00:00:00,2700,8.67062664468,7.97726080395,-1872.0877699710009,-0.07996721219168468,182,58379.771181731994,龙溪股份,机械基件,2.4139357951772858e-05
000686,2008-05-06,2008-08-01 00:00:00,500,11.778413526879998,8.03436291468,-1872.0253060999985,-0.3178739312943587,87,39333.093799999995,东北证券,证券,2.41385525206572e-05
600784,2005-01-04,2005-11-01 00:00:00,2800,1.7046744915199996,1.04480079336,-1847.6463548479987,-0.38709659905312055,301,64578.09804445999,鲁银投资,综合类,2.3824201751318025e-05
002613,2022-05-06,2022-11-01 00:00:00,3200,5.066567485979999,4.49136975438,-1840.6327411199982,-0.11352809040670298,179,16213.015955135998,北玻股份,专用机械,2.373376574984877e-05
000568,2007-11-01,2008-05-06 00:00:00,800,25.11777268,22.818877281,-1839.1163192000022,-0.09152465181876956,187,133333.87204537395,泸州老窖,白酒,2.3714212472422428e-05
600552,2012-05-03,2012-08-01 00:00:00,7400,4.949887003412702,4.70171072286,-1836.5044760899941,-0.05013776685843463,90,64591.817754464,凯盛科技,元器件,2.3680534449010455e-05
601678,2017-11-01,2018-05-03 00:00:00,13000,5.6650180586999985,5.523978212279999,-1833.5180034599884,-0.02489662785865232,183,73645.23476309999,滨化股份,化工原料,2.3642025820843946e-05
002495,2021-11-02,2022-05-06 00:00:00,14800,2.3735905993799995,2.24991017766,-1830.470241455994,-0.05210688892697246,185,35129.14087082399,佳隆股份,食品,2.3602726905939238e-05
600633,2006-08-01,2006-11-01 00:00:00,4700,3.22612713423,2.83835154726,-1822.5452587590007,-0.12019848283584555,92,25287.003001259996,浙数文化,互联网,2.3500539392536867e-05
002575,2021-11-02,2022-05-06 00:00:00,7900,4.414409999999999,4.18581,-1805.9399999999941,-0.05178494974413328,185,34873.83899999999,群兴玩具,文教休闲,2.328642534751446e-05
600178,2007-05-09,2007-08-01 00:00:00,2200,10.453125472789996,9.63499529007,-1799.8864019839903,-0.07826656102518137,84,32300.449969787995,东安动力,汽车配件,2.3208368126187318e-05
600733,2005-01-04,2005-05-10 00:00:00,2900,1.6468913260799998,1.0272505212,-1796.9583341519992,-0.3762487512487511,126,58824.327716153995,北汽蓝谷,汽车整车,2.3170612590022152e-05
000049,2005-11-01,2007-05-09 00:00:00,2000,4.867046984799999,3.9744946269,-1785.1047157999983,-0.18338683819726398,554,33311.89878016,德赛电池,电气设备,2.301776786713446e-05
000401,2007-05-09,2007-08-01 00:00:00,2200,11.954703196799995,11.14693833357,-1777.0826991059885,-0.06756879279497419,84,22924.84121927999,金隅冀东,水泥,2.2914329163256383e-05
688161,2022-11-01,2023-05-05 00:00:00,500,54.66544010927999,51.11288469126,-1776.277709009996,-0.06498722796191136,185,27332.720054639994,威高骨科,医疗保健,2.2903949337915666e-05
600268,2009-05-05,2009-11-03 00:00:00,7800,3.4804846892199994,3.25316286072,-1773.110262299997,-0.06531326777677737,182,23634.756755609997,国电南自,电气设备,2.2863107166329333e-05
600630,2005-01-04,2005-05-10 00:00:00,1300,3.75911080545,2.39712629418,-1770.5798646510002,-0.36231560647145067,126,4886.844047085,龙头股份,服饰,2.2830479329328717e-05
002182,2016-08-02,2016-11-01 00:00:00,52400,7.248173662691794,7.21455666156,-1761.5308593060404,-0.004637996093392438,91,360967.63705002,宝武镁业,小金属,2.271379827268527e-05
600391,2006-08-01,2006-11-01 00:00:00,2300,6.585398940119999,5.82781267368,-1742.4484128119973,-0.11504029950631878,92,61069.007999999994,航发科技,航空,2.2467742498002017e-05
000576,2012-05-03,2012-11-01 00:00:00,5000,6.64866650448,6.30165020184,-1735.0815132000007,-0.052193368761416115,182,33243.3325224,甘化科工,电气设备,2.2372751104125482e-05
600674,2009-11-03,2010-02-02 00:00:00,9700,3.17030160447,2.99283695721,-1721.407078421999,-0.055977212707390867,91,34741.2050986,川投能源,水力发电,2.2196428134022713e-05
601857,2018-11-01,2019-05-07 00:00:00,2500,5.830548884159999,5.14803117564,-1706.2942712999973,-0.11705891196182439,187,67215.058586676,中国石油,石油开采,2.200155828516955e-05
600780,2005-01-04,2005-05-10 00:00:00,1400,3.5132394297,2.32007321439,-1670.4327014340004,-0.33961995451357163,126,4918.53520158,通宝能源,火力发电,2.1539146594011918e-05
000560,2016-05-04,2016-11-01 00:00:00,4000,8.11769090132,7.7015819088,-1664.4359700799996,-0.05125952657945343,181,42229.27053545199,我爱我家,房产服务,2.1461822631419564e-05
600015,2006-05-09,2006-11-01 00:00:00,8800,1.5046867836,1.3166141679,-1655.039018159999,-0.12499120597712143,176,13241.24369568,华夏银行,银行,2.1340655029295862e-05
000514,2005-01-04,2005-05-10 00:00:00,2400,2.01833961329,1.33081681104,-1650.0547253999994,-0.34063781819616634,126,64121.910732879995,渝开发,区域地产,2.1276385805918623e-05
603225,2018-11-01,2019-05-07 00:00:00,1000,13.576738375199998,11.93193612,-1644.8022551999984,-0.12114855643123257,187,13576.738375199999,新凤鸣,化纤,2.1208658608335997e-05
600403,2009-05-05,2010-02-02 00:00:00,7100,5.172314421640563,4.94292554658,-1628.6610129300025,-0.044349367876944656,273,23587.95461022,大有能源,煤炭开采,2.1000527755075975e-05
000917,2007-11-01,2008-05-06 00:00:00,2400,9.05152193946,8.37342673146,-1627.4284992000005,-0.07491504882111066,187,21723.652654704,电广传媒,广告包装,2.0984635289676528e-05
600776,2007-11-01,2008-05-06 00:00:00,3800,5.620738273149999,5.1956196795,-1615.4506558699954,-0.07563394219595143,187,26563.130689094996,东方通信,通信设备,2.0830188766243642e-05
301269,2023-08-01,2023-11-01 00:00:00,4700,102.2538923406,101.91033990774,-1614.6964344420383,-0.003359798096640332,92,480593.29400082,华大九天,半导体,2.0820463569959367e-05
002020,2010-05-05,2010-11-02 00:00:00,5400,2.66434391223,2.3703086586600004,-1587.7903692779985,-0.11035934671207603,181,14387.457126042,京新药业,化学制药,2.0473527305278494e-05
002234,2011-08-02,2011-11-01 00:00:00,3400,13.5800623959,13.115738133,-1578.7024938599998,-0.03419161483677613,91,46172.21214606,民和股份,农业综合,2.035634504424616e-05
600875,2005-11-01,2006-08-01 00:00:00,1100,8.608734497999999,7.17388217676,-1578.3375533639983,-0.16667401248968083,273,21183.70001748,东方电气,电气设备,2.0351639373173796e-05
600784,2021-05-07,2021-11-02 00:00:00,12700,5.975743978613858,5.85152466795,-1577.585245431,-0.020787254458761506,179,64578.09804445999,鲁银投资,综合类,2.0341938850166325e-05
301326,2024-11-01,2025-05-07 00:00:00,500,63.32325999999999,60.18975,-1566.754999999997,-0.04948434429939319,187,31661.629999999994,捷邦科技,元器件,2.0202289857550672e-05
000070,2005-08-02,2006-05-09 00:00:00,9000,1.8913768918488887,1.718341938,-1557.314584639998,-0.0914862366113296,280,30955.529855249995,特发信息,通信设备,2.008056182254943e-05
002197,2022-11-01,2023-05-05 00:00:00,2800,11.011,10.45953,-1544.1159999999954,-0.05008355281082544,185,30830.8,证通电子,IT设备,1.9910374631439942e-05
300560,2020-05-07,2020-11-03 00:00:00,2600,20.968765818,20.3792511492,-1532.7381388799993,-0.02811394213263374,180,54518.7911268,中富通,通信设备,1.976366448958297e-05
000536,2010-05-05,2010-08-03 00:00:00,1200,11.401131742,10.127983877999998,-1527.7774368000023,-0.111668551228991,90,31094.128040975997,华映科技,元器件,1.969969945272842e-05
600396,2006-11-01,2007-02-01 00:00:00,5600,3.5867596714950003,3.3210128628,-1488.182128692002,-0.07409105516797398,92,33253.345533408,华电辽能,火力发电,1.9189143627856724e-05
000860,2007-08-01,2007-11-01 00:00:00,2200,11.316192817929998,10.6424341128,-1482.269151285996,-0.059539344722233656,92,35525.0897001,顺鑫农业,白酒,1.9112899618118582e-05
000518,2005-01-04,2005-05-10 00:00:00,2000,2.45245,1.71828,-1468.3399999999995,-0.2993618626271687,126,133861.728,四环生物,生物制药,1.8933292243800723e-05
300163,2021-05-07,2021-11-02 00:00:00,19000,3.39339,3.31668,-1457.4900000000052,-0.022605712871199724,179,64474.41,先锋新材,家居用品,1.8793388528826585e-05
000533,2007-05-09,2007-08-01 00:00:00,2400,9.5580335851,8.95556363184,-1445.927887824,-0.06303283493366141,84,35732.827045916,顺钠股份,电气设备,1.8644302589068822e-05
000850,2011-11-01,2012-05-03 00:00:00,2300,5.813666738879999,5.18563125792,-1444.4816062079988,-0.10802743073659404,184,27045.526005498,华茂股份,纺织,1.862565372538426e-05
002414,2012-05-03,2012-11-01 00:00:00,24400,1.3688303628999996,1.30965494409,-1443.880218963989,-0.04323064450779035,182,50413.29541248,高德红外,电器仪表,1.861789922680591e-05
300673,2018-11-01,2019-05-07 00:00:00,600,21.50644032537,19.10138636313,-1443.0323773440002,-0.11182947646630703,187,12903.864195222,佩蒂股份,饲料,1.860696685884774e-05
688380,2024-11-01,2025-05-07 00:00:00,1100,28.9657395027,27.65827468935,-1438.2112946849982,-0.04513831981497052,187,31862.31345297,中微半导,半导体,1.8544802123899153e-05
002778,2023-05-05,2023-11-01 00:00:00,4800,14.06405,13.76622,-1429.583999999997,-0.02117668808060258,180,67507.44,中晟高科,环境保护,1.843355875278312e-05
300866,2023-11-01,2024-05-07 00:00:00,400,66.99856243079999,63.437217282,-1424.5380595199977,-0.05315554572500503,188,26799.424972319997,安克创新,元器件,1.836849462202822e-05
000635,2005-01-04,2005-11-01 00:00:00,800,5.696145655199998,3.93480128997,-1409.0754921839984,-0.30921687608568627,301,20783.22888642,英力特,化工原料,1.81691148419964e-05
301116,2024-11-01,2025-05-07 00:00:00,2900,11.545066332799996,11.05923785184,-1408.9025947839857,-0.0420810471724824,187,33480.69236511999,益客食品,食品,1.816688544212809e-05
000032,2013-11-01,2014-05-06 00:00:00,3700,7.075302764529999,6.69579661089,-1404.1727684679981,-0.053638150376058125,186,26178.620228760996,深桑达A,建筑工程,1.8105897398553024e-05
600586,2017-05-03,2017-08-01 00:00:00,13000,5.105691408509999,4.9984987977,-1393.5039405299924,-0.020994729652351163,90,59159.60885835,金晶科技,玻璃,1.796832977984817e-05
600095,2005-01-04,2005-05-10 00:00:00,2100,2.3448351726799994,1.6813395774,-1393.340750087999,-0.2829604413182124,126,61977.401205719994,湘财股份,证券,1.7966225544909627e-05
601186,2018-11-01,2019-05-07 00:00:00,1600,8.654743697599999,7.7891303727,-1384.9813198399986,-0.10001605537319813,187,13847.58991616,中国铁建,建筑工程,1.785843611202824e-05
000800,2005-01-04,2005-08-02 00:00:00,1800,2.66737929458,1.90461578769,-1372.9743124019997,-0.28595989645713393,210,4801.282730244,一汽解放,汽车整车,1.7703613536332473e-05
000157,2005-02-01,2005-08-02 00:00:00,43100,0.3430915488,0.31132280556,-1369.232833643998,-0.0925955283687826,182,14787.24575328,中联重科,工程机械,1.765536959368348e-05
600843,2007-05-09,2007-08-01 00:00:00,2100,11.013898415519998,10.368239142239998,-1355.8844738879993,-0.058622228834994794,84,37409.174644841994,上工申贝,纺织机械,1.748325114956583e-05
600684,2024-11-01,2025-05-07 00:00:00,9200,3.6936900000000006,3.54645,-1354.6080000000045,-0.039862576447942444,187,33981.948000000004,珠江股份,区域地产,1.746679184643237e-05
002244,2009-08-03,2009-11-03 00:00:00,21200,6.305092493699998,6.24206183985,-1336.2498616199684,-0.009996784965958572,92,133667.96086643997,滨江集团,区域地产,1.723007555524548e-05
000937,2006-05-09,2006-11-01 00:00:00,14200,0.93035528586,0.83627204085,-1335.9820791420013,-0.10112614658069208,176,30430.84716672,冀中能源,煤炭开采,1.7226622673819435e-05
600135,2007-08-01,2007-11-01 00:00:00,1900,13.393852191719995,12.69198562968,-1333.546467875992,-0.05240214331123394,92,36918.133858605994,乐凯胶片,塑料,1.719521704576895e-05
300674,2020-05-07,2020-11-03 00:00:00,2400,22.70338326256,22.1564877336,-1312.549269504001,-0.024088723809806867,180,68031.114563412,宇信科技,软件服务,1.6924471787124517e-05
600295,2009-11-03,2010-02-02 00:00:00,8000,3.854987136,3.6909889164,-1311.9857568000023,-0.04254183316683324,91,39573.201267599994,鄂尔多斯,特种钢,1.6917205656182162e-05
600808,2005-01-04,2005-11-01 00:00:00,2000,2.37126465576,1.72098265464,-1300.5640022400003,-0.2742342570410311,301,94053.95999999998,马钢股份,普钢,1.676992953687636e-05
000936,2005-11-01,2006-02-07 00:00:00,2600,1.985899916,1.486449063,-1298.5722177999999,-0.2514985014985015,98,67099.20219502499,华西股份,化纤,1.674424676797462e-05
600563,2005-01-04,2005-05-10 00:00:00,800,5.8412896542,4.22013704859,-1296.9220844879999,-0.27753333622898835,126,38259.367146,法拉电子,元器件,1.6722969368845448e-05
000403,2005-01-04,2005-02-01 00:00:00,2400,1.9760768026999997,1.4368953663,-1294.0354473599996,-0.2728544941488573,28,50565.2888741,派林生物,生物制药,1.668574805474501e-05
300979,2024-05-07,2024-11-01 00:00:00,1000,62.65359422321999,61.36161424272,-1291.9799804999884,-0.020621003415972727,178,62653.59422321999,华利集团,服饰,1.6659244142328242e-05
600645,2007-11-01,2008-05-06 00:00:00,3100,6.856849999999999,6.44355,-1281.229999999996,-0.06027549093242501,187,71071.0,中源协和,医疗保健,1.6520630113955033e-05
601599,2022-05-06,2022-11-01 00:00:00,5000,3.22322,2.9670300000000003,-1280.9499999999985,-0.07948262917207005,179,16116.1,浙文影业,纺织,1.651701969550412e-05
000876,2011-11-01,2012-05-03 00:00:00,1700,7.910096954759999,7.17511793976,-1249.4643254999992,-0.09291656211087485,184,13447.164823091998,新希望,饲料,1.6111032337806534e-05
002489,2019-05-07,2019-11-01 00:00:00,12200,3.2438782376,3.14221172292,-1240.3314790960026,-0.0313410390999197,178,39575.31449872,浙江永强,家居用品,1.5993270205068468e-05
300150,2015-11-03,2016-05-04 00:00:00,2500,10.98585488,10.49354517078,-1230.7742730500015,-0.04481305411345471,183,83496.57089773999,世纪瑞尔,软件服务,1.587003622989708e-05
600698,2005-01-04,2005-05-10 00:00:00,2600,1.88188,1.40859,-1230.5539999999999,-0.2514985014985015,126,83850.76699999998,湖南天雁,汽车配件,1.5867195951740035e-05
600267,2005-01-04,2005-11-01 00:00:00,800,5.5826186416,4.04774532288,-1227.898654976,-0.2749378772324844,301,74425.420421352,海正药业,化学制药,1.583295699935332e-05
000407,2005-01-04,2005-05-10 00:00:00,3100,1.5562791244,1.16237214432,-1221.1116382480004,-0.2531081821404403,126,157455.11572190397,胜利股份,供气供热,1.5745442819275964e-05
000933,2008-05-06,2008-08-01 00:00:00,600,9.881791919999998,7.89631625952,-1191.2853962879988,-0.20092263392649923,87,7251.898910256,神火股份,铝,1.536085276822306e-05
002011,2008-05-06,2009-05-05 00:00:00,900,6.835355326799999,5.513203427850001,-1189.9367090549988,-0.19342840799601413,364,13246.610457080002,盾安环境,家用电器,1.534346232082813e-05
000993,2007-05-09,2007-11-01 00:00:00,2900,7.826758939999999,7.418226348,-1184.7445167999956,-0.052196904891515516,176,34796.49197824799,闽东电力,水力发电,1.5276512368262666e-05
000153,2005-01-04,2005-05-10 00:00:00,1800,2.73884008398,2.0842327809,-1178.2931455440003,-0.2390089537935871,126,4929.912151164,丰原药业,化学制药,1.5193326118917815e-05
000988,2005-01-04,2005-05-10 00:00:00,1600,2.9832798996,2.26427977368,-1150.4002014719995,-0.24100994546854404,126,4773.2478393599995,华工科技,专用机械,1.4833664690600681e-05
000593,2007-11-01,2008-05-06 00:00:00,3400,6.367846484999999,6.032478782699999,-1140.2501878200005,-0.05266579574271879,187,113975.862,德龙汇能,供气供热,1.4702786845720162e-05
600308,2005-02-01,2005-05-10 00:00:00,7300,2.0189200031,1.86332396085,-1135.8511084249985,-0.07706894875036463,98,73331.386128,华泰股份,造纸,1.4646063569238383e-05
600810,2010-05-05,2010-11-02 00:00:00,1700,8.1395730416,7.48045117089,-1120.507180207,-0.08097745021039038,181,14138.590268803,神马股份,化纤,1.4448213563708828e-05
000829,2005-01-04,2005-05-10 00:00:00,3400,1.4140171645599997,1.0865641482,-1113.3402556239994,-0.23157640838249194,126,21677.896240000002,天音控股,其他商业,1.435580071816949e-05
600580,2010-02-02,2010-05-05 00:00:00,5500,9.265274197087999,9.06494256342,-1101.8239851739909,-0.021621770646675587,92,73577.630430304,卧龙电驱,电气设备,1.4207305877745163e-05
000708,2005-01-04,2005-02-01 00:00:00,2700,1.8001890906999998,1.39998608253,-1080.5481220589998,-0.22231165061353741,28,14536.3262044,中信特钢,特种钢,1.3932967417923032e-05
600179,2005-05-10,2005-08-02 00:00:00,1600,2.21318113016,1.53824300721,-1079.9009967200004,-0.30496289424860856,84,3541.089808256,安通控股,水运,1.3924623156265893e-05
000503,2005-01-04,2006-02-07 00:00:00,400,10.325120345539998,7.640971320059999,-1073.6596101919997,-0.25996297724892226,399,25349.323999999997,国新健康,软件服务,1.3844144523836649e-05
688505,2023-05-05,2023-11-01 00:00:00,6900,9.94725588857,9.79238277504,-1068.6244833569992,-0.015569430933003225,180,68636.065631133,复旦张江,化学制药,1.3779219828022554e-05
600199,2009-11-03,2010-05-05 00:00:00,5900,9.978775971571185,9.79777007235,-1067.9348054049938,-0.018139088374852563,183,76189.76867502,金种子酒,白酒,1.3770326878011367e-05
300175,2012-08-01,2012-11-01 00:00:00,4300,4.807525973249999,4.56663615264,-1035.8262286229947,-0.05010681626066216,92,61712.97356223999,朗源股份,食品,1.3356307599270677e-05
002390,2012-08-01,2012-11-01 00:00:00,6300,3.33778450005,3.17584408689,-1020.2246029079997,-0.04851733632221433,92,61601.27765791999,信邦制药,医药商业,1.3155134751605699e-05
600483,2011-11-01,2012-05-03 00:00:00,3300,3.96622501275,3.66347534751,-999.0738952919997,-0.07633194391815079,184,18646.926650352,福能股份,新型电力,1.2882410090793551e-05
600120,2005-01-04,2005-05-10 00:00:00,8200,0.6020786772,0.48070057824,-995.3004114719996,-0.2015984015984016,126,34623.25654788,浙江东方,多元金融,1.2833753463621836e-05
000972,2005-01-04,2005-05-10 00:00:00,1500,3.21431796686,2.5512599862,-994.5869709900002,-0.20628263522657264,126,68658.59,中基健康,食品,1.282455411119375e-05
000498,2005-05-10,2006-05-09 00:00:00,1800,1.9391428056,1.38694234932,-993.9608213040001,-0.28476523476523474,364,3490.45705008,山东路桥,建筑工程,1.2816480316981645e-05
600303,2005-01-04,2005-05-10 00:00:00,2000,2.3791243475999995,1.88613928269,-985.9701298199988,-0.20721281987942763,126,73195.74790027499,曙光股份,汽车整车,1.2713445531375692e-05
001696,2005-01-04,2005-11-01 00:00:00,6300,0.7749421679999999,0.6187423682700001,-984.0587382989992,-0.20156316971771737,301,4882.1356584,宗申动力,摩托车,1.2688799377038543e-05
002229,2010-02-02,2010-05-05 00:00:00,6800,5.30364820986,5.15901188394,-983.5270162560037,-0.027271100984998853,92,36064.807827048004,鸿博股份,广告包装,1.2681943166057091e-05
000725,2005-01-04,2005-11-01 00:00:00,1800,2.664297535899999,2.12346242199,-973.5032050379984,-0.2029935120317954,301,67981.73980597999,京东方A,元器件,1.255269261973459e-05
001979,2022-05-06,2022-11-01 00:00:00,1200,12.658321035359998,11.85293837682,-966.4591902479991,-0.06362476163230713,179,15189.985242431998,招商蛇口,全国地产,1.2461864616282588e-05
600323,2005-02-01,2005-05-10 00:00:00,5900,2.48205382425,2.3198659119,-956.9086828649992,-0.06534423660172162,98,14644.117563074999,瀚蓝环境,环境保护,1.2338717016027257e-05
002063,2008-05-06,2008-08-01 00:00:00,7000,0.9491603120999998,0.8132883974999999,-951.1034021999994,-0.14314959535063765,87,21021.822966144002,远光软件,软件服务,1.2263861685934958e-05
600085,2005-11-01,2006-05-09 00:00:00,900,5.24378914059,4.19351126103,-945.2500916039994,-0.20028987653798536,189,4719.410226530999,同仁堂,中成药,1.2188387041024512e-05
300377,2016-05-04,2016-08-02 00:00:00,2100,14.956458046529995,14.50795600152,-941.85429452099,-0.029987183035896092,90,31408.56189771299,赢时胜,软件服务,1.2144600439438188e-05
600846,2010-05-05,2010-08-03 00:00:00,3100,4.49950685184,4.19902493184,-931.4939519999978,-0.06678107843687853,90,13948.471240703999,同济科技,建筑工程,1.2011010540167023e-05
000823,2006-02-07,2006-05-09 00:00:00,16900,3.78881824321,3.73510413702,-907.7683946110028,-0.014177007906426287,91,64031.028310249,超声电子,元器件,1.1705084861037594e-05
600750,2007-11-01,2008-02-01 00:00:00,4800,4.48822678304,4.299289057349999,-906.9010833120033,-0.04209629656058245,92,21543.488558592,华润江中,中成药,1.1693901444192512e-05
600058,2005-05-10,2005-11-01 00:00:00,600,5.764535777,4.253545716480001,-906.5940363119996,-0.26211825530664923,175,3458.7214662,五矿发展,商贸代理,1.1689942272213507e-05
000776,2005-01-04,2005-05-10 00:00:00,4500,1.0750203664199998,0.8738175177899999,-905.4128188349991,-0.1871618947090644,126,23538.88934397,广发证券,证券,1.1674711238736563e-05
000061,2005-01-04,2005-02-01 00:00:00,4700,1.03185025944,0.8415476899200001,-894.4220767440002,-0.1844284747510554,28,21678.107402952,农产品,农业综合,1.1532992745754608e-05
600318,2011-05-04,2011-08-02 00:00:00,3800,10.0021719798,9.77482816722,-863.9064878039967,-0.022729444468574833,90,38008.25352324,新力金融,多元金融,1.1139514012359904e-05
002768,2017-11-01,2018-05-03 00:00:00,4500,16.045722572879995,15.8552053236,-857.3276217599802,-0.011873397936095542,183,72205.75157795998,国恩股份,塑料,1.10546838003898e-05
000573,2005-01-04,2005-05-10 00:00:00,2000,2.3681422764999995,1.9396267317,-857.0310895999991,-0.18095008439836013,126,39464.187867104,粤宏远A,区域地产,1.1050860210455175e-05
600789,2005-01-04,2005-05-10 00:00:00,3100,1.5860781336399996,1.30981938948,-856.4021068959985,-0.17417726043924098,126,39470.484421368,鲁抗医药,化学制药,1.1042749886312851e-05
600602,2014-05-06,2014-11-03 00:00:00,2800,6.576679109,6.27286788297,-850.671432883999,-0.04619523333809039,181,18414.7015052,云赛智联,软件服务,1.0968856560636822e-05
002427,2013-05-03,2013-11-01 00:00:00,9400,3.67810098656,3.5881754328,-845.300205344001,-0.02444890830583324,182,308588.804410887,尤夫股份,化纤,1.0899598064155945e-05
600131,2010-11-02,2011-05-04 00:00:00,6200,8.48731829267903,8.35103009052,-844.9868533859828,-0.01605786391640207,183,48886.87339536,国网信通,通信设备,1.0895557593831411e-05
000682,2010-05-05,2010-11-02 00:00:00,2400,5.889541057399999,5.5459639345500005,-824.5850948399961,-0.05833682446585642,181,78079.42327185,东方电子,电气设备,1.0632490145666392e-05
000567,2005-01-04,2005-05-10 00:00:00,6500,0.7532807281999998,0.6278342772600001,-815.4019311099983,-0.16653346653346623,126,73663.32241067801,海德股份,多元金融,1.0514079203634763e-05
000519,2005-01-04,2005-05-10 00:00:00,1300,3.7866197368999996,3.1608446913,-813.5075592799997,-0.1652595425682496,126,15908.217136812,中兵红箭,专用机械,1.0489652507177685e-05
000968,2005-05-10,2006-05-09 00:00:00,900,3.9203356392199993,3.01814607276,-811.9706098139993,-0.23013069529921715,364,59033.643917247995,蓝焰控股,石油开采,1.0469834540355464e-05
600604,2011-11-01,2012-05-03 00:00:00,3700,3.63148971185,3.4133516316,-807.1108969250006,-0.06006848361381523,184,34793.995811575,市北高新,园区开发,1.0407171693638506e-05
601999,2013-11-01,2014-05-06 00:00:00,4400,5.9790834103,5.79791986641,-797.1195931160015,-0.03029955119507366,186,114253.13899999998,出版传媒,出版业,1.0278340309277678e-05
600578,2012-05-03,2013-05-03 00:00:00,12600,2.64787687164,2.5850900822400003,-791.1135464399949,-0.023712125768564074,365,33363.248582664,京能电力,火力发电,1.0200896231648014e-05
000088,2005-11-01,2006-05-09 00:00:00,1300,3.73114266525,3.12407861418,-789.1832663910001,-0.16270191347114427,189,4850.485464825,盐田港,港口,1.017600652198949e-05
600801,2006-08-01,2006-11-01 00:00:00,18000,1.0424159556922221,0.99875458566,-785.9046605799987,-0.04188478677230967,92,73503.04433471999,华新建材,水泥,1.0133731025870122e-05
600130,2010-05-05,2010-11-02 00:00:00,2700,5.305299999999999,5.01498,-783.8639999999962,-0.054722635854711044,181,64483.419,波导股份,元器件,1.0107418030833829e-05
300434,2018-05-03,2018-11-01 00:00:00,3800,10.8722938324,10.6660145088,-783.8614296800017,-0.018972934946375086,182,41314.716563120004,金石亚药,化学制药,1.0107384888224068e-05
600797,2005-01-04,2005-05-10 00:00:00,1200,3.8530599307199993,3.2044679244,-778.3104075839993,-0.16833166833166824,126,77329.298862816,浙大网新,软件服务,1.0035808057520412e-05
000565,2007-08-01,2007-11-01 00:00:00,3600,7.098995423519999,6.8880112938,-759.5428669919964,-0.029720279720279574,92,25556.383524671997,渝三峡A,染料涂料,9.793812790262294e-06
000839,2009-11-03,2010-05-05 00:00:00,5800,5.27749790568,5.14974725784,-740.9537574720007,-0.024206669547420567,183,34144.11,国安股份,综合类,9.554118275984879e-06
600398,2005-02-01,2005-05-10 00:00:00,10900,1.3501199711999998,1.28245741884,-737.5218207239984,-0.05011595547309822,98,34704.752322240005,海澜之家,服饰,9.509865676851051e-06
000543,2005-01-04,2005-02-01 00:00:00,2200,2.16902560875,1.83483407925,-735.2213649000005,-0.15407449693163988,28,67304.21729030999,皖能电力,火力发电,9.480202790591938e-06
002037,2012-11-01,2013-05-03 00:00:00,1200,12.4463260922,11.83521191103,-733.3370174040006,-0.04909996545510564,183,14935.59131064,保利联合,化工原料,9.455905351422099e-06
600894,2005-05-10,2005-11-01 00:00:00,2500,1.3768464910199998,1.083579336,-733.1678875499997,-0.21299916652490491,175,68397.21496607999,广日股份,运输设备,9.453724531616775e-06
600088,2007-05-09,2007-11-01 00:00:00,1600,14.116461439079998,13.66333633665,-725.0001638879979,-0.0320990571458345,176,68627.91775839998,中视传媒,影视音像,9.348407030861306e-06
300458,2018-11-01,2019-05-07 00:00:00,2200,6.510508764759999,6.18330826224,-719.8411055439985,-0.05025728623407533,187,14323.119282471998,全志科技,半导体,9.281884318594556e-06
600727,2009-05-05,2009-11-03 00:00:00,4500,5.151445499199999,4.99426281792,-707.3220657599966,-0.030512344798058977,182,46304.13582995199,鲁北化工,化工原料,9.120459417793463e-06
601918,2018-11-01,2019-05-07 00:00:00,4700,3.11665919565,2.96618018067,-707.2513704060008,-0.048282152629978814,187,14648.298219555,新集能源,煤炭开采,9.11954784704181e-06
600071,2005-05-10,2005-08-02 00:00:00,1000,3.53512181022,2.82989399328,-705.2278169400004,-0.1994918010749146,84,93231.138,凤凰光学,元器件,9.093455437148502e-06
002141,2010-05-05,2010-11-02 00:00:00,5400,2.64169561656,2.5114604655600004,-703.2698153999972,-0.049299832343890904,181,58688.63,贤丰控股,元器件,9.068208276837748e-06
000532,2005-05-10,2005-11-01 00:00:00,900,3.64907294752,2.8799807364,-692.1829900080003,-0.2107637260698486,175,38283.547716414,华金资本,多元金融,8.925250851988824e-06
002520,2014-05-06,2014-11-03 00:00:00,1600,11.27912333548,10.84787642484,-689.995057023998,-0.03823408059414102,181,18046.597336767998,日发精机,机床制造,8.89703887479283e-06
600874,2005-05-10,2006-05-09 00:00:00,1100,2.97959891229,2.3531558886000004,-689.0873260589998,-0.2102440771830396,364,23528.464255295996,创业环保,环境保护,8.885334272562381e-06
600403,2006-05-09,2006-08-01 00:00:00,6300,2.08499647356,1.97793242766,-674.503489169999,-0.0513497491519469,84,23587.95461022,大有能源,煤炭开采,8.697285151885035e-06
002602,2018-11-01,2019-05-07 00:00:00,1300,10.57391510175,10.0577193129,-671.0545255050002,-0.048817848817848786,187,13746.089632275,世纪华通,互联网,8.65281300169661e-06
601126,2015-05-05,2015-11-03 00:00:00,7100,9.466876819399998,9.3724446735,-670.4682358899806,-0.009975005242117696,182,67214.82541773998,四方股份,电气设备,8.645253177254948e-06
002714,2020-05-07,2020-11-03 00:00:00,1100,46.7943612136,46.19937172266,-654.4884400340017,-0.012714982649812856,180,51473.79733496,牧原股份,农业综合,8.439204070823518e-06
600623,2005-01-04,2005-02-01 00:00:00,900,5.15871343988,4.44705156693,-640.4956856549998,-0.13795336400126812,28,22808.93286672,华谊集团,化工原料,8.25877657586093e-06
600995,2006-05-09,2006-11-01 00:00:00,5400,2.44854635025,2.3310258408,-634.6107510299989,-0.04799603219191695,176,39683.504532672,南网储能,水力发电,8.182894159601207e-06
000545,2005-05-10,2005-11-01 00:00:00,3500,1.0005833037199998,0.8197332462,-632.9752013199994,-0.1807446285058224,175,15971.997661619998,金浦钛业,化工原料,8.161804806563978e-06
000878,2006-08-01,2006-11-01 00:00:00,1500,9.664037983599998,9.24683007384,-625.8118646399975,-0.04317117859718744,92,14496.056975399997,云南铜业,铜,8.06943822470745e-06
002052,2008-05-06,2008-08-01 00:00:00,1100,5.73926816463,5.17638225618,-619.1744992950003,-0.09807625158882749,87,366446.07999999996,同洲电子,家用电器,7.983853702181531e-06
600425,2009-05-05,2009-08-03 00:00:00,5300,4.4439963568,4.32722640204,-618.880760227998,-0.026275888948766535,90,23553.180691039997,青松建化,水泥,7.980066127369856e-06
002919,2023-05-05,2023-11-01 00:00:00,2800,23.784855614519998,23.5651134978,-615.2779268159975,-0.009238740830776915,180,66597.595720656,名臣健康,互联网,7.933609926561368e-06
000887,2007-11-01,2008-05-06 00:00:00,4700,4.6388000659,4.50899954694,-610.062439111999,-0.027981485969651554,187,58460.958179624,中鼎股份,汽车配件,7.866359594285632e-06
688716,2025-05-07,2025-11-03 00:00:00,1500,41.12359111861,40.71977563383,-605.7232271700066,-0.009819557917870259,180,61685.386677915005,中研股份,化工原料,7.810408269792986e-06
600720,2005-05-10,2005-11-01 00:00:00,3300,1.0428878259799998,0.8593795602,-605.5772770739997,-0.1759616530258732,175,55150.212453336004,中交设计,建筑工程,7.808526337937483e-06
600816,2005-05-10,2005-11-01 00:00:00,8500,0.4138541607199999,0.34329540096,-599.7494579599993,-0.170491845816521,175,67939.872,建元信托,多元金融,7.733380389159015e-06
600618,2005-05-10,2005-08-02 00:00:00,900,3.710971264,3.0470171328,-597.5587180799997,-0.178916538007447,84,23277.910656,氯碱化工,化工原料,7.705132218859096e-06
300467,2018-11-01,2019-05-07 00:00:00,600,22.31229,21.32865,-590.1840000000007,-0.04408512080113702,187,13387.374,迅游科技,互联网,7.610040010907081e-06
600601,2006-08-01,2006-11-01 00:00:00,8200,1.84331018872,1.77392627802,-568.9480677400004,-0.03764093049807338,92,66976.61560990401,方正科技,元器件,7.336216433569311e-06
600764,2011-11-01,2012-05-03 00:00:00,1900,6.80121166725,6.50675568105,-559.46637378,-0.04329463639808473,184,60211.84987818,中国海防,船舶,7.213956137785659e-06
600396,2005-01-04,2005-05-10 00:00:00,2800,1.7624523216299994,1.56906670266,-541.4797331159983,-0.10972530524465318,126,33253.345533408,华电辽能,火力发电,6.9820300687718245e-06
002526,2015-11-03,2016-05-04 00:00:00,7900,3.50142186394,3.4335357273,-536.3004794560024,-0.019388162660185948,183,27661.232725126,山东矿机,工程机械,6.915246950999731e-06
601005,2011-11-01,2012-05-03 00:00:00,3900,3.4033999999999995,3.26673,-533.0129999999986,-0.0401569019216077,184,13273.259999999998,重庆钢铁,普钢,6.872857034981634e-06
000815,2005-01-04,2005-05-10 00:00:00,1800,2.6583528971999995,2.365114518,-527.8290825599992,-0.11030829635480777,126,113533.41999999997,美利云,通信设备,6.8060137807903395e-06
600572,2012-08-01,2012-11-01 00:00:00,7000,3.01042698957,2.93524150032,-526.2984247499993,-0.024975024975024906,92,21072.98892699,康恩贝,中成药,6.786276940792803e-06
600438,2007-05-09,2007-08-01 00:00:00,4200,5.4525927456,5.32961810694,-516.4934823719987,-0.022553424471181138,84,73223.14299299999,通威股份,电气设备,6.659848566249909e-06
600575,2011-11-01,2012-05-03 00:00:00,3200,4.143802662999999,3.9831619509,-514.0502787199964,-0.03876649666123322,184,13260.168521599997,淮河能源,火力发电,6.628345039304869e-06
600802,2005-05-10,2005-11-01 00:00:00,2500,1.4054564524,1.20072691116,-511.82385309999967,-0.1456676518794997,175,45785.20554607999,福建水泥,水泥,6.599636724525947e-06
600552,2005-05-10,2005-11-01 00:00:00,4800,0.7379975202599999,0.63508492935,-493.9804363679992,-0.13944842372064237,175,64591.817754464,凯盛科技,元器件,6.369557435250378e-06
600415,2005-05-10,2005-08-02 00:00:00,4600,0.7611123519999999,0.65407229298,-492.3842714919996,-0.14063634460632157,84,21783.20091948,小商品城,商品城,6.348975924110866e-06
600191,2011-11-01,2012-05-03 00:00:00,2200,6.001952806849999,5.7840866235,-479.305603369998,-0.036299216331949435,184,59095.79004529199,华资实业,食品,6.1803349787483904e-06
002145,2012-05-03,2012-11-01 00:00:00,18800,1.77745155588,1.75210781832,-476.46226612799734,-0.01425846880392323,182,33416.089250544,钛能化学,化工原料,6.14367198860273e-06
000059,2005-05-10,2006-05-09 00:00:00,900,3.7900726864,3.26077596,-476.36705375999975,-0.13965344999827756,364,6311.187554671999,华锦股份,石油加工,6.142444286852098e-06
600380,2005-01-04,2005-05-10 00:00:00,2400,2.0487604137,1.8504505971,-475.9435598400003,-0.09679502555492003,126,7216.99971993,健康元,化学制药,6.136983607342705e-06
600009,2005-11-01,2006-08-01 00:00:00,400,11.696537612759998,10.52472955518,-468.7232230319992,-0.10018418239442484,273,4678.615045103999,上海机场,机场,6.043882045793911e-06
002988,2023-11-01,2024-05-07 00:00:00,1600,19.385845479,19.0930595283,-468.4575211200013,-0.015103078739442388,188,31017.3527664,豪美新材,铝,6.04045599191702e-06
601212,2022-05-06,2022-11-01 00:00:00,6200,2.62262,2.54745,-466.05399999999975,-0.028662177517139287,179,16260.244,白银有色,铜,6.0094641454923935e-06
000868,2005-01-04,2005-02-01 00:00:00,4100,1.1879890022,1.0755732501000002,-460.90458360999907,-0.09462692995627109,28,61981.14612690001,安凯客车,汽车整车,5.943065759970716e-06
600470,2006-08-01,2006-11-01 00:00:00,3800,3.97212816,3.850929216,-460.55598720000035,-0.030512344798059088,92,83628.545,六国化工,农药化肥,5.9385708352900245e-06
600282,2005-05-10,2005-08-02 00:00:00,3500,1.0102512419999998,0.87932611368,-458.2379491199993,-0.12959660218858693,84,6387.308207279999,南钢股份,普钢,5.908681237239901e-06
600362,2005-01-04,2005-02-01 00:00:00,1200,3.81225202358,3.43906521228,-447.8241735600001,-0.0978914324110054,28,19611.098587079996,江西铜业,铜,5.774402353576162e-06
300479,2023-05-05,2023-11-01 00:00:00,3400,19.7197,19.59039,-439.6540000000009,-0.006557401988874112,180,67046.98,神思电子,软件服务,5.669053262974504e-06
600131,2006-05-09,2006-08-01 00:00:00,3300,3.9377843505,3.8049891021,-438.22431971999964,-0.03372334200656224,84,48886.87339536,国网信通,通信设备,5.6506184627535315e-06
601139,2018-11-01,2019-05-07 00:00:00,3100,4.680255059479999,4.54024924596,-434.01802191199783,-0.02991414180225349,187,14508.790684387997,深圳燃气,供气供热,5.596380979838569e-06
600688,2008-05-06,2009-05-05 00:00:00,1600,4.0276062827,3.75939195489,-429.142924496,-0.06659397890058816,364,67733.10331787998,上海石化,石油加工,5.533519759621122e-06
600838,2005-01-04,2005-02-01 00:00:00,1300,3.54370000985,3.21429485763,-428.2266978860001,-0.09295514611970312,28,13995.372190799997,上海九百,百货,5.521705611556863e-06
002106,2019-08-01,2019-11-01 00:00:00,63800,7.462648699713102,7.45594954704,-427.40594054390436,-0.0008976910132939553,92,438464.2836734159,莱宝高科,元器件,5.511122477800959e-06
000050,2005-01-04,2005-02-01 00:00:00,1100,4.15341011085,3.77046650925,-421.2379617600006,-0.09219980483016421,28,34428.98674214999,深天马A,元器件,5.431590390635036e-06
002247,2016-05-04,2016-11-01 00:00:00,2000,16.091526250799998,15.88257488664,-417.9027283199943,-0.0129851799576568,181,32183.052501599996,聚力文化,其他建材,5.388584717956408e-06
002343,2016-05-04,2016-11-01 00:00:00,1000,31.141882772,30.7264832595,-415.39951249999876,-0.013338933793479169,181,62542.47999999999,慈文传媒,影视音像,5.356307373016353e-06
600754,2005-11-01,2006-02-07 00:00:00,900,5.38343077272,4.92267907332,-414.6765294599994,-0.0855870018306566,98,67685.394128352,锦江酒店,酒店餐饮,5.3469849754901534e-06
000789,2008-05-06,2009-05-05 00:00:00,2200,3.01205380476,2.82461004252,-412.3762769280001,-0.06223121311570845,364,14316.187966079997,万年青,水泥,5.31732471054955e-06
000888,2005-01-04,2005-05-10 00:00:00,2000,2.40104665801,2.19700164915,-408.0900177199993,-0.08498169253783394,126,64379.18232345599,峨眉山A,旅游景点,5.2620561772277305e-06
000025,2005-01-04,2005-05-10 00:00:00,2100,2.24970441696,2.0564231184,-405.89072697599926,-0.08591408591408578,126,38224.707480959994,特力A,综合类,5.233697749080817e-06
600619,2005-05-10,2006-05-09 00:00:00,700,4.969083799679999,4.38984811764,-405.46497742799954,-0.11656790374058512,364,72546.97038388798,海立股份,家用电器,5.2282079847108855e-06
002039,2012-11-01,2013-05-03 00:00:00,3100,5.114979749879999,4.9848243858,-403.48162864799775,-0.025445919719047305,183,67615.39544559798,黔源电力,水力发电,5.202633988175233e-06
000828,2005-01-04,2005-05-10 00:00:00,1800,2.6913122236,2.47160956635,-395.46478305000005,-0.08163402793753805,126,4844.36200248,东莞控股,路桥,5.099261962227348e-06
300651,2022-05-06,2022-11-01 00:00:00,600,23.489067602,22.85975691045,-377.5864149299998,-0.02679164206145057,179,114586.66703484,金陵体育,文教休闲,4.868731997465635e-06
000612,2005-05-10,2005-08-02 00:00:00,3100,1.1217915308599995,1.00054288557,-375.8708003989983,-0.10808482855726909,84,23106.091007999996,焦作万方,铝,4.846610260474773e-06
000629,2005-01-04,2005-05-10 00:00:00,3500,1.40066139213,1.29746387736,-361.1913016949998,-0.07367770351195757,126,39809.315382837005,钒钛股份,小金属,4.657327642719145e-06
300827,2023-11-01,2024-05-07 00:00:00,1600,20.0956744989,19.87159257594,-358.53107673599993,-0.01115075400789689,188,32153.07919824,上能电气,电气设备,4.623025766734702e-06
000090,2005-05-10,2005-08-02 00:00:00,5500,0.6434303175299999,0.57990894057,-349.36757327999965,-0.09872300889371477,84,13200.67910161,天健集团,建筑工程,4.504868331188758e-06
600452,2012-11-01,2013-05-03 00:00:00,16700,0.95329108875,0.93293528085,-339.94199193000037,-0.02135319226228316,183,15919.961182125,涪陵电力,水力发电,4.3833315711282445e-06
600320,2005-11-01,2006-05-09 00:00:00,2100,4.717794185389999,4.55845403295,-334.6143201239972,-0.03377429073388605,189,77840.05759129599,振华重工,专用机械,4.3146346975961495e-06
688138,2022-11-01,2023-05-05 00:00:00,1400,21.40811019347,21.17030856993,-332.92227295600156,-0.011108015672141702,185,29971.354270858003,清溢光电,半导体,4.2928168464704185e-06
603515,2023-11-01,2024-05-07 00:00:00,1900,16.66316640989,16.49250735363,-324.25220689399976,-0.010241694289190417,188,31660.016178791,欧普照明,家用电器,4.181021966180473e-06
000011,2006-05-09,2006-08-01 00:00:00,3800,3.41868378852,3.3334198434,-324.0029914559996,-0.02494057666471461,84,23319.745911461996,深物业A,房产服务,4.177808494696128e-06
600562,2005-05-10,2005-11-01 00:00:00,3700,0.94590148653,0.85866855192,-322.7618580569997,-0.09222200816071269,175,49766.03023391999,国睿科技,通信设备,4.161804884253854e-06
000880,2005-01-04,2005-05-10 00:00:00,3100,1.5765448198499996,1.47402257193,-317.81896855199886,-0.06502970713497003,126,13193.19086085,潍柴重机,专用机械,4.0980695290043915e-06
600110,2005-05-10,2005-11-01 00:00:00,1900,1.8172279125,1.65436398,-309.4414717499997,-0.08962218298526159,175,114214.09999999998,诺德股份,电气设备,3.990047139623352e-06
600428,2005-05-10,2006-11-01 00:00:00,1000,3.2817951166,2.9895859015200004,-292.20921507999975,-0.08903944478494252,540,58916.632999224006,中远海特,水运,3.767848363077529e-06
600036,2006-05-09,2006-08-01 00:00:00,5000,2.64687149727,2.5904180889,-282.2670418499995,-0.021328352520409988,84,21565.50054659,招商银行,银行,3.6396504856771397e-06
600519,2005-11-01,2006-08-01 00:00:00,400,24.02479507428,23.32632210822,-279.38918642399955,-0.029073004115142576,273,85993.78237449999,贵州茅台,白酒,3.6025424059300348e-06
000089,2005-01-04,2005-05-10 00:00:00,1300,3.6205328159,3.41304385968,-269.73564308599964,-0.05730895610413678,126,15247.283626575,深圳机场,机场,3.4780662238424066e-06
002228,2018-11-01,2019-05-07 00:00:00,3900,3.7385883535,3.6702024237,-266.7051262199992,-0.01829191216946313,187,14580.49457865,合兴包装,广告包装,3.4389896738105658e-06
002095,2013-11-01,2014-05-06 00:00:00,1500,16.816919939819996,16.64066768499,-264.37838224499546,-0.0104806501702287,186,25225.379909729996,生意宝,互联网,3.4089878188891927e-06
000589,2006-08-01,2006-11-01 00:00:00,8600,1.7605612424399997,1.73018925882,-261.19905913199653,-0.01725130764432048,92,74669.82768044801,贵州轮胎,汽车配件,3.3679925087867103e-06
002060,2022-05-06,2022-11-01 00:00:00,2700,5.95153762203,5.8564885491,-256.63249691100054,-0.015970506945662266,179,16069.151579481,广东建工,建筑工程,3.3091096498578406e-06
600523,2005-01-04,2005-02-01 00:00:00,2400,2.0040013293299994,1.89789536484,-254.65431477599836,-0.0529470529470526,28,6024.04003201,贵航股份,汽车配件,3.28360227385946e-06
000541,2005-11-01,2006-05-09 00:00:00,3200,1.5830125310999998,1.50622560666,-245.7181582079997,-0.0485068329728523,189,5065.640099519999,佛山照明,家用电器,3.168376329024968e-06
600458,2005-05-10,2005-08-02 00:00:00,3600,0.9711853351199998,0.90383573952,-242.45854415999952,-0.06934783008402623,84,38702.26949589,时代新材,塑料,3.1263457193754414e-06
000795,2005-01-04,2005-02-01 00:00:00,2300,2.1108836749,2.00725042032,-238.35648553400011,-0.04909472549921989,28,46645.311300588,英洛华,矿物制品,3.0734523331248112e-06
000915,2007-08-01,2007-11-01 00:00:00,5700,5.101799838574035,5.060099914919999,-237.68956482800183,-0.008173571087353837,92,39796.11139504,华特达因,化学制药,3.0648528230453287e-06
000922,2012-05-03,2012-11-01 00:00:00,6500,5.13043880349,5.09480930079,-231.59176754999987,-0.0069447281343192335,182,33347.852222685,佳电股份,电气设备,2.986225680893059e-06
002195,2015-08-03,2015-11-03 00:00:00,14300,5.4775616896,5.46161755536,-228.0011196319963,-0.0029108087034915853,92,78329.13216128,岩山科技,软件服务,2.9399266041287155e-06
600490,2005-05-10,2005-08-02 00:00:00,8600,0.4101885988199999,0.3838221236699999,-226.75168629000012,-0.06427890786299062,84,73248.14210714001,鹏欣资源,铜,2.9238159713031013e-06
002154,2023-11-01,2024-05-07 00:00:00,6000,5.387019177539999,5.34964077423,-224.27041985999452,-0.006938605948506815,188,32322.115065239996,报喜鸟,服饰,2.891821649515213e-06
600157,2005-05-10,2005-08-02 00:00:00,11600,0.3045042,0.28519452,-223.99228799999995,-0.0634135095673557,84,77240.832140472,永泰能源,火力发电,2.888235319518353e-06
002047,2010-05-05,2010-11-02 00:00:00,2500,5.63037654179,5.54121886437,-222.8941935499984,-0.015835118088150857,181,34722.932211968,宝鹰股份,装修装饰,2.874076103578465e-06
000507,2005-01-04,2005-05-10 00:00:00,2300,2.1013264272,2.0097476406,-210.6312091799999,-0.04358141858141851,126,7202.800945340001,珠海港,新型电力,2.715952871317312e-06
601988,2009-11-03,2010-05-05 00:00:00,18500,1.6700970786499998,1.65872764197,-210.33457857999406,-0.006807650181143932,183,30896.795955024994,中国银行,银行,2.712128012062395e-06
000090,2006-05-09,2006-08-01 00:00:00,14500,1.1544514377948274,1.14047733105,-202.6245477999966,-0.012104542718158862,84,13200.67910161,天健集团,建筑工程,2.6127121642571245e-06
600526,2013-11-01,2014-05-06 00:00:00,2800,9.25833527619,9.1877416614,-197.6621214119973,-0.00762487128453293,186,55002.6341865,菲达环保,环境保护,2.5487248935689057e-06
600203,2005-05-10,2005-11-01 00:00:00,1100,3.16090350576,2.98679077944,-191.52399895199972,-0.05508321465768262,175,34261.485035777994,福日电子,元器件,2.469577784341226e-06
600429,2011-11-01,2012-05-03 00:00:00,2100,6.297697125719999,6.20858324196,-187.13915589599733,-0.014150233328315331,184,67031.65296827999,三元股份,乳制品,2.413038076220155e-06
002226,2012-05-03,2012-11-01 00:00:00,8700,3.8460948325800004,3.8246578137,-186.5020642560033,-0.005573710429188861,182,33461.025043446,江南化工,化工原料,2.4048231926059446e-06
600510,2012-08-01,2012-11-01 00:00:00,4600,4.5319046773,4.49319189042,-178.07881964799856,-0.008542277394736342,92,20846.76151558,黑牡丹,全国地产,2.2962109149288586e-06
002391,2012-08-01,2012-11-01 00:00:00,3800,5.52856188885,5.48170892388,-178.04126688599754,-0.008474711129578316,92,21008.535177629998,长青股份,农药化肥,2.2957266964116713e-06
300040,2016-05-04,2016-11-01 00:00:00,4000,7.99346675127,7.95110208885,-169.45864967999924,-0.005299911007107028,181,31973.86700508,九洲集团,新型电力,2.185059412418973e-06
600331,2005-05-10,2005-08-02 00:00:00,1200,2.8358181851999995,2.70098894736,-161.79508540799947,-0.04754509246878624,84,73356.28299999998,宏达股份,农药化肥,2.086242720105938e-06
300446,2022-05-06,2023-05-05 00:00:00,1400,11.12486752377,11.01657303936,-151.61227817399876,-0.009734451594916593,364,15574.814533278,航天智造,汽车配件,1.9549420232485184e-06
002310,2012-08-01,2012-11-01 00:00:00,2900,7.165283645519999,7.113608710559999,-149.8573113839983,-0.0072118477811145,92,20779.322572007997,东方新能,新型电力,1.9323128643934555e-06
300619,2021-11-02,2022-05-06 00:00:00,1200,27.970226284,27.8468070183,-148.10311883999674,-0.0044125229609099925,185,33564.2715408,金银河,专用机械,1.9096936889385346e-06
000955,2005-01-04,2006-11-01 00:00:00,2100,2.31014232449,2.2403028546,-146.66288676900047,-0.030231674104935657,666,31666.635000000002,欣龙控股,纺织,1.8911228302143519e-06
600816,2009-11-03,2010-05-05 00:00:00,14800,2.323081502904324,2.3132209635,-145.9359831839963,-0.00424459468684002,183,67939.872,建元信托,多元金融,1.8817498798023559e-06
600383,2005-01-04,2005-05-10 00:00:00,7300,0.6696877186999999,0.65112417405,-135.51387594499909,-0.027719702977434757,126,33278.713724256,金地集团,全国地产,1.7473635645401103e-06
002465,2015-05-05,2015-11-03 00:00:00,4900,13.664244073479997,13.6383863616,-126.70278821198515,-0.001892363144345599,182,66954.79596005198,海格通信,通信设备,1.6337503012394303e-06
600279,2006-08-01,2006-11-01 00:00:00,5500,2.7515823535199995,2.72934026766,-122.33147222999685,-0.008083380034599297,92,67646.42021036899,重庆港,港口,1.5773850159669585e-06
000062,2005-05-10,2005-08-02 00:00:00,1500,2.266107844,2.18965969845,-114.67221832500019,-0.03373544015233554,84,3399.161766,深圳华强,元器件,1.478623903041632e-06
000767,2007-08-01,2007-11-01 00:00:00,2200,11.70356051865,11.6514785583,-114.58031277000345,-0.00445009535918639,92,25747.83314103,晋控电力,火力发电,1.4774388405005434e-06
000070,2005-01-04,2005-02-01 00:00:00,2000,2.37125620732,2.31428627712,-113.93986040000037,-0.024025210782426476,28,30955.529855249995,特发信息,通信设备,1.4691806224519288e-06
600872,2005-05-10,2005-11-01 00:00:00,2700,1.2703452761999998,1.228495275,-112.99500323999952,-0.03294380038566069,175,49055.069359295994,中炬高新,食品,1.456997302009154e-06
601229,2018-11-01,2019-05-07 00:00:00,2400,6.073407940599999,6.02649546201,-112.58994861599874,-0.0077242429701445126,187,14576.179057439998,上海银行,银行,1.4517743852658184e-06
002170,2020-05-07,2020-11-03 00:00:00,15200,3.6082675428799993,3.60110184345,-108.91863133598996,-0.0019859113396785144,180,54845.66665177599,芭田股份,农药化肥,1.4044351293835828e-06
000402,2005-05-10,2005-11-01 00:00:00,2100,1.6816361561999995,1.63269343224,-102.77972031599904,-0.02910422910422883,175,23193.648590111996,金融街,全国地产,1.325277852186083e-06
000410,2005-01-04,2005-05-10 00:00:00,1200,3.8191098545599993,3.73722966936,-98.25622223999915,-0.021439599361677053,126,14724.652442499999,沈阳机床,机床制造,1.2669502774845995e-06
600875,2005-01-04,2005-08-02 00:00:00,1000,4.64775715404,4.55051338155,-97.24377248999971,-0.020922730957548374,210,21183.70001748,东方电气,电气设备,1.253895394420117e-06
300039,2012-08-01,2012-11-01 00:00:00,4200,4.993558169599999,4.971523979520001,-92.54359833599378,-0.0044125229609097705,92,20972.944312319996,上海凯宝,中成药,1.1932896962476546e-06
600031,2005-01-04,2005-05-10 00:00:00,10800,0.4533994665199999,0.44488202265,-91.98839379599913,-0.018785738623325443,126,38312.83952496,三一重工,工程机械,1.1861306936932029e-06
300161,2013-11-01,2014-05-06 00:00:00,2300,11.45897753,11.422899666,-82.97908720000234,-0.0031484365778314816,186,61576.26549074,华中数控,机床制造,1.0699615266773832e-06
600676,2005-11-01,2006-05-09 00:00:00,3400,1.5218830626999993,1.49789278782,-81.5669345919979,-0.01576354679802916,189,5174.402413179998,久事动娱,汽车配件,1.0517527344220518e-06
600673,2005-08-02,2005-11-01 00:00:00,18800,0.65542766289,0.65113808013,-80.6441558880004,-0.00654470813924124,91,77273.58530892,东阳光,综合类,1.0398541013540018e-06
600757,2011-05-04,2011-11-01 00:00:00,6100,6.273351083999999,6.260816916,-76.45842479999567,-0.0019980019980019303,181,38267.44161239999,长江传媒,出版业,9.858818129581565e-07
600094,2011-05-04,2011-08-02 00:00:00,6800,5.604810291079999,5.59361186892,-76.14927068799169,-0.0019980019980018193,90,38112.70997934399,大名城,区域地产,9.818954711361369e-07
000620,2010-02-02,2010-05-05 00:00:00,18500,1.9632439827,1.9593214173,-72.56745989999835,-0.0019980019980019303,92,67883.81599999999,盈新发展,全国地产,9.357103434333733e-07
000156,2012-05-03,2012-08-01 00:00:00,21200,1.5720204499999997,1.56887955,-66.58707999999534,-0.0019980019980018193,90,61374.8224089,华数传媒,影视音像,8.585972222382081e-07
600475,2005-01-04,2005-08-02 00:00:00,2100,2.29832662059,2.26798598376,-63.715337343000215,-0.013201185835898022,210,15354.1128741,华光环能,电气设备,8.215679626839648e-07
002044,2015-11-03,2016-05-04 00:00:00,2600,10.57090951917,10.54978882083,-54.91381568399731,-0.0019980019980019303,183,27484.364749842,美年健康,医疗保健,7.080780477051155e-07
600202,2005-01-04,2005-05-10 00:00:00,1100,4.11801549159,4.06863101628,-54.322922840999155,-0.011992299545947382,126,66778.89380562399,哈空调,专用机械,7.004588676233534e-07
002174,2015-11-03,2016-02-02 00:00:00,900,29.299312942899995,29.2407728571,-52.68607721999423,-0.0019980019980018193,91,26369.381648609997,游族网络,互联网,6.793528046539651e-07
000758,2005-11-01,2006-05-09 00:00:00,3300,2.59375505116,2.57930410401,-47.68812559499946,-0.00557143865359877,189,13252.910170499998,中色股份,铅锌,6.149074590688794e-07
600129,2005-11-01,2006-08-01 00:00:00,1700,2.9085030975,2.88561724425,-38.90595052500005,-0.007868601986249057,273,26466.98037984,太极集团,中成药,5.016670058111054e-07
688016,2023-11-01,2024-05-07 00:00:00,200,123.24972888227998,123.07938812928,-34.068150599995306,-0.0013820781152603656,188,24649.945776455996,心脉医疗,医疗保健,4.392867125567146e-07
000592,2006-11-01,2007-05-09 00:00:00,58700,0.26215164976,0.26162787024,-30.745857823999383,-0.0019980019980019303,189,67259.26717910399,平潭发展,林业,3.9644790134991046e-07
600536,2006-05-09,2006-08-01 00:00:00,4500,2.8983452097599995,2.8918815436800003,-29.086497359996688,-0.002230122919186228,84,26431.973988419995,中国软件,软件服务,3.75051524078453e-07
600299,2006-05-09,2006-08-01 00:00:00,1800,7.3676553350399985,7.35293474496,-26.497062143997674,-0.0019980019980018193,84,67961.4570635,安迪苏,饲料,3.416624359306817e-07
000885,2005-01-04,2005-05-10 00:00:00,4700,1.03005590688,1.02799785312,-9.672852671999532,-0.0019980019980019303,126,30487.815458099994,城发环境,环境保护,1.2472516342958436e-07
002405,2022-05-06,2022-11-01 00:00:00,1300,12.133399808529996,12.12786,-7.201751088994257,-0.00045657512464902794,179,15773.419751088994,四维图新,软件服务,9.28619107529853e-08
600827,2007-05-09,2007-11-01 00:00:00,2000,11.42759193576,11.42432909514,-6.525681240002967,-0.0002855230251782581,176,22855.183871520003,百联股份,超市连锁,8.414442840681594e-08
002112,2023-05-05,2023-11-01 00:00:00,6900,9.886816960019996,9.88685658666,0.27342381603379096,4.008028080759729e-06,180,68219.03702413797,三变科技,电气设备,-3.5256228226316605e-09
600650,2005-11-01,2006-11-01 00:00:00,1000,5.179850856179999,5.1863092992,6.458443020001425,0.0012468395711231484,365,5179.850856179999,锦江在线,公共交通,-8.327743515645011e-08
000063,2005-11-01,2006-05-09 00:00:00,900,5.721185650179999,5.72880133413,6.854115555000906,0.001331137357823975,189,26244.746458931,中兴通讯,通信设备,-8.837937594536184e-08
000636,2006-05-09,2006-08-01 00:00:00,4200,3.10653959616,3.1091404872600004,10.92374262000071,0.0008372309508672959,84,42287.314157088,风华高科,元器件,-1.4085457824518497e-07
000665,2007-11-01,2008-05-06 00:00:00,4400,4.89873952568,4.90260812436,17.02183419200196,0.0007897130802159147,187,32760.662668734003,湖北广电,影视音像,-2.1948551512775843e-07
600081,2010-05-05,2011-05-04 00:00:00,1400,9.91438135688,9.92774783448,18.713068639999975,0.001348190786581327,364,13880.133899632,东风科技,汽车配件,-2.412928867560798e-07
688187,2024-05-07,2024-11-01 00:00:00,1400,47.01731380345999,47.04396894,37.317191156010665,0.0005669217227388668,178,65824.23932484399,时代电气,运输设备,-4.811809838828378e-07
600498,2005-05-10,2005-11-01 00:00:00,1300,2.5751677952,2.60390973375,37.36452011500009,0.011161190584774161,175,114476.07452180899,烽火通信,通信设备,-4.817912601214076e-07
000572,2005-11-01,2006-08-01 00:00:00,1600,3.10220742832,3.12660218808,39.03161561600044,0.007863677824152315,273,26328.431088960002,海马汽车,汽车整车,-5.032873756796331e-07
600373,2005-05-10,2005-11-01 00:00:00,4700,0.7469199938199999,0.75707480736,47.72762363800066,0.01359558403044625,175,23549.814360072003,中文传媒,出版业,-6.154167607232646e-07
600067,2005-01-04,2006-02-07 00:00:00,3500,1.4093619539999998,1.42376450031,50.40891208500054,0.010219196189540591,399,39383.09168794,冠城新材,电气设备,-6.49990236728124e-07
600703,2005-05-10,2005-11-01 00:00:00,18600,0.1898409312799999,0.19263253464,51.923822496001655,0.014704960311655357,175,73169.63409755999,三安光电,半导体,-6.695240242260199e-07
600521,2005-11-01,2006-05-09 00:00:00,2800,1.80635086632,1.82539741536,53.330337312000076,0.01054421341674483,189,15207.398774567999,华海药业,化学制药,-6.876601208089188e-07
600682,2005-01-04,2005-02-01 00:00:00,2400,1.9959153213999998,2.0199827952,57.76193711999991,0.012058364171040115,28,71589.034191675,南京新百,综合类,-7.44802726930411e-07
000829,2005-11-01,2006-05-09 00:00:00,4600,2.164176957551304,2.17694683404,58.74143184800103,0.005900569472444994,189,21677.896240000002,天音控股,其他商业,-7.574326763539147e-07
600992,2006-08-01,2006-11-01 00:00:00,3500,4.3304175915,4.34935114515,66.26743777500054,0.004372223521159624,92,15156.46157025,贵绳股份,钢加工,-8.544756429995541e-07
600353,2005-05-10,2005-11-01 00:00:00,5800,0.6065696837199999,0.61847335755,69.04130821400074,0.019624577603345905,175,15799.45753386,旭光电子,元器件,-8.902429037620686e-07
002098,2011-05-04,2011-08-02 00:00:00,6700,5.678703029999999,5.69040748641,78.41985794700265,0.0020611143685744793,90,38047.310301,浔兴股份,服饰,-1.0111732216162064e-06
000685,2005-05-10,2005-11-01 00:00:00,4500,0.7839258226799999,0.8020398573,81.51315579000074,0.023106822222125345,175,3527.6662020599997,中山公用,水务,-1.0510592916399074e-06
000758,2005-05-10,2005-08-02 00:00:00,2600,1.3231329111,1.35466382016,81.980363556,0.023830492609987708,84,13252.910170499998,中色股份,铅锌,-1.0570836328498704e-06
000158,2010-05-05,2010-11-02 00:00:00,2200,6.294297729719999,6.33444599322,88.32617970000172,0.006378513572758315,181,38143.14235731999,常山北明,软件服务,-1.1389088174663852e-06
600369,2009-11-03,2010-05-05 00:00:00,4900,6.22000704325,6.23832907635,89.77796219000228,0.0029456611499956153,183,30478.034511924998,西南证券,证券,-1.1576286113544584e-06
600738,2006-08-01,2006-11-01 00:00:00,6300,2.411991582,2.42780532444,99.62657737199861,0.006556300842015084,92,21370.24541652,丽尚国潮,百货,-1.2846201183878901e-06
000049,2005-01-04,2005-05-10 00:00:00,2400,1.9894498624,2.03156632008,101.07949843199987,0.021169901527044344,126,33311.89878016,德赛电池,电气设备,-1.3033545933978855e-06
000890,2010-05-05,2010-11-02 00:00:00,2300,6.18577183224,6.23165238972,105.52528220399866,0.007417111190695991,181,67593.71530912,法尔胜,环境保护,-1.3606800925384114e-06
300383,2015-11-03,2016-05-04 00:00:00,1500,17.472429874899998,17.5436808579,106.87647450000348,0.0040779092267160255,183,113541.316176288,光环新网,软件服务,-1.3781028410965326e-06
300440,2020-05-07,2020-11-03 00:00:00,6000,9.1597500995,9.17782410888,108.4440562799962,0.0019731989610705103,180,54958.500597,运达科技,软件服务,-1.398315791746014e-06
601916,2024-05-07,2024-11-01 00:00:00,26200,2.5916580690000006,2.59581414744,108.88925512798515,0.0016036368723606476,178,67901.44140780001,浙商银行,银行,-1.4040563422285848e-06
002224,2013-11-01,2014-05-06 00:00:00,5200,5.045339729429999,5.06768490234,116.19489913200312,0.004428873794099397,186,26235.766593035998,三力士,橡胶,-1.4982578847577284e-06
600885,2009-05-05,2009-11-03 00:00:00,7400,3.19396565488,3.21021401256,120.23784683199912,0.005087204884365093,182,33437.192372584,宏发股份,电气设备,-1.550389073944447e-06
600266,2005-05-10,2005-11-01 00:00:00,2100,1.6440986562,1.701822474,121.22001738000027,0.0351097043856341,175,39342.94011648,城建发展,区域地产,-1.5630535263318773e-06
000778,2009-11-03,2010-02-02 00:00:00,7700,3.9896479623,4.00574549475,123.95099986500261,0.004034825278348642,91,30720.28930971,新兴铸管,钢加工,-1.5982677747356875e-06
600736,2005-05-10,2005-11-01 00:00:00,2000,1.7251201967999998,1.78738518564,124.5299776800004,0.0360931307601049,175,30566.176640999995,苏州高新,园区开发,-1.6057333182569634e-06
600019,2006-05-09,2006-08-01 00:00:00,7400,1.7937624704999997,1.81119809889,129.02365008600256,0.009720143372795809,84,23630.57237541,宝钢股份,普钢,-1.6636763102824767e-06
002271,2010-05-05,2010-08-03 00:00:00,7100,2.01627426,2.037708252,152.1813431999997,0.010630494286030245,90,54883.234738332,东方雨虹,其他建材,-1.962279747783028e-06
600195,2005-11-01,2006-02-07 00:00:00,3100,1.6288437164999998,1.68198727905,164.74504390500024,0.032626557116353094,98,20956.432096599998,中牧股份,农业综合,-2.1242805222027267e-06
000055,2006-08-01,2006-11-01 00:00:00,10000,1.52237760675,1.53959370516,172.16098410000046,0.011308691308691277,92,31636.115811300002,方大集团,其他建材,-2.2199042625996973e-06
600233,2005-05-10,2005-11-01 00:00:00,2600,1.3438869444,1.4146699939199998,184.0359287519998,0.05267039003165719,175,29645.316142441996,圆通速递,仓储物流,-2.37302397429812e-06
000657,2013-05-03,2014-05-06 00:00:00,6200,5.5724710041000005,5.60311249878,189.97726701599584,0.005498726625487116,368,34549.32022542,中钨高新,小金属,-2.449633678911161e-06
600345,2005-05-10,2005-11-01 00:00:00,700,4.955937686699999,5.25641769063,210.33600275100105,0.06063030306785033,175,112072.975014,长江通信,通信设备,-2.7121463758241123e-06
600570,2008-05-06,2009-05-05 00:00:00,2700,2.4474291842,2.53135724886,226.60577458199947,0.03429233630203421,364,68219.39604479999,恒生电子,软件服务,-2.9219345344360484e-06
000524,2005-08-02,2005-11-01 00:00:00,5700,2.12994815033,2.16979401402,227.121423032998,0.018707433645192895,91,39495.064108499995,岭南控股,旅游服务,-2.9285834868706468e-06
000938,2005-01-04,2007-05-09 00:00:00,900,5.121107351359999,5.37876301284,231.89009533200107,0.050312489819526185,855,4608.996616223999,紫光股份,IT设备,-2.990072424209371e-06
600500,2005-11-01,2006-05-09 00:00:00,2400,2.1391502132,2.23756643376,236.1989293439997,0.046007157399562404,189,5133.96051168,中化国际,塑料,-3.0456320449914778e-06
002376,2012-11-01,2013-05-03 00:00:00,2200,7.078273732529999,7.18785995499,241.08968941200376,0.015482054890922026,183,15572.202211565997,新北洋,IT设备,-3.1086952249510452e-06
002274,2016-05-04,2016-11-01 00:00:00,6400,5.057511058599999,5.0954858136,243.038432000003,0.007508585658043465,181,39321.47727908399,华昌化工,农药化肥,-3.1338229970791153e-06
000670,2005-05-10,2005-11-01 00:00:00,1600,2.2022,2.35764,248.70400000000004,0.07058396149305235,175,469143.67500000005,盈方微,元器件,-3.2068768229444254e-06
000926,2005-05-10,2006-05-09 00:00:00,1500,2.25585418058,2.42479479798,253.41092610000015,0.07488986604469439,364,29467.896045588,福星股份,区域地产,-3.267569583082592e-06
000999,2019-05-07,2019-11-01 00:00:00,2600,14.700189954449998,14.7980702169,254.48868237000326,0.00665843521432663,178,38220.49388156999,华润三九,中成药,-3.2814665513784617e-06
300820,2022-11-01,2023-05-05 00:00:00,400,72.96319222192,73.70432354834999,296.4525305719974,0.010157605552342241,185,29185.276888768,英杰电气,电气设备,-3.822563165025741e-06
000600,2005-05-10,2006-05-09 00:00:00,1400,2.4645976355,2.67975190566,301.2159782239997,0.0872979293094025,364,6349.3695265,建投能源,火力发电,-3.883984733928997e-06
000915,2005-05-10,2005-11-01 00:00:00,2300,1.5150526190799998,1.64848993992,306.90583793200034,0.08807438049315319,175,39796.11139504,华特达因,化学制药,-3.957351785618526e-06
601225,2017-11-01,2018-05-03 00:00:00,16200,4.531879492139999,4.55159593791,319.40642147401945,0.004350611220840461,183,73416.44777266798,陕西煤业,煤炭开采,-4.118538705146083e-06
600170,2012-05-03,2012-11-01 00:00:00,20300,1.6464131683999998,1.66271776785,330.98336883500366,0.00990310315960663,182,33422.187318519995,上海建工,建筑工程,-4.267815934995173e-06
000755,2005-08-02,2005-11-01 00:00:00,3000,4.06521837722,4.17686273622,334.9330770000014,0.027463311596153117,91,13121.580856384,山西高速,路桥,-4.318744860833621e-06
600329,2009-11-03,2010-02-02 00:00:00,3600,8.448529809719998,8.54250122772,338.2971048000087,0.011122813094875728,91,30414.707314991992,达仁堂,中成药,-4.362121818114502e-06
000672,2005-05-10,2005-11-01 00:00:00,3200,1.0999211623399998,1.2057895634400002,338.7788835200013,0.09625089935970799,175,23456.816124742,上峰材料,水泥,-4.368334042328555e-06
000822,2006-08-01,2006-11-01 00:00:00,4100,3.6459980657099993,3.73333710582,358.0900644510029,0.02395476863561985,92,14948.592069410997,山东海化,化工原料,-4.617339199267388e-06
002721,2015-11-03,2016-05-04 00:00:00,1300,20.7391182999,21.01458380058,358.1051508839991,0.013282411368535696,183,26960.853789869998,金一文化,服饰,-4.61753372903899e-06
000558,2009-05-05,2009-08-03 00:00:00,10600,3.4703200868184902,3.50447265936,362.01726894000535,0.009841332121274249,90,67001.355295875,天府文旅,旅游景点,-4.667977954795025e-06
600815,2007-08-01,2007-11-01 00:00:00,2600,9.7796385687,9.92148629229,368.8040813340017,0.014504393244550773,92,25427.06027862,厦工股份,工程机械,-4.7554895001178935e-06
600519,2006-11-01,2007-05-09 00:00:00,500,47.221488938624,47.966509476,372.510268688,0.015777150490623892,189,85993.78237449999,贵州茅台,白酒,-4.803278382994835e-06
000409,2005-11-01,2006-05-09 00:00:00,3500,1.4544267437699998,1.56246506091,378.1341099900004,0.07428240549259657,189,32095.585327806002,云鼎科技,软件服务,-4.875794170144631e-06
002110,2018-05-03,2018-11-01 00:00:00,5400,7.7864193006599995,7.85739291183,383.2575003180018,0.009115051274465102,182,42046.664223563996,三钢闽光,普钢,-4.9418569664718524e-06
000951,2005-11-01,2006-05-09 00:00:00,2400,2.11368603446,2.27593684494,389.4019451519995,0.07676202039223456,189,72991.64392720199,中国重汽,汽车整车,-5.021085598612903e-06
000912,2005-11-01,2006-05-09 00:00:00,800,5.856974643519999,6.349819404420001,394.27580872000124,0.08414664411178086,189,14690.647992019998,泸天化,农药化肥,-5.083930909160453e-06
000701,2005-05-10,2006-02-07 00:00:00,700,4.919648734,5.49656369424,403.8404721679999,0.117267510636055,273,3443.7541138,厦门信达,商贸代理,-5.2072610426953006e-06
600283,2007-11-01,2008-02-01 00:00:00,2900,7.431705881599998,7.57330665246,410.64223549400583,0.019053602647352896,92,66710.24215856,钱江水利,水务,-5.294965370592406e-06
600641,2005-05-10,2005-11-01 00:00:00,2800,1.26460017684,1.41148606104,411.2804757600001,0.11615203515710437,175,94086.99299999999,先导基电,半导体,-5.303195064994132e-06
000159,2005-11-01,2006-05-09 00:00:00,2900,1.7763681935999995,1.92282676848,424.72986715200136,0.08244832090985965,189,26404.649891619996,国际实业,石油贸易,-5.476616246550188e-06
002036,2011-05-04,2011-11-01 00:00:00,5200,7.251537192899998,7.33537855872,435.9751022640122,0.011561874894896906,181,49986.915278299995,联创电子,元器件,-5.621616262027495e-06
600016,2005-01-04,2005-05-10 00:00:00,9600,0.51293548306,0.5590764139500001,442.9529365440004,0.08995464812599585,126,30845.12428998,民生银行,银行,-5.71159091071365e-06
600128,2005-05-10,2005-11-01 00:00:00,1300,2.59611623271,2.94988391325,459.8979847019998,0.13626804381201119,175,62587.052307779995,苏豪弘业,商贸代理,-5.930086319720201e-06
002647,2015-11-03,2016-05-04 00:00:00,3400,8.0792459748,8.21471753952,460.6033200480045,0.016767847537078495,183,27469.43631432,仁东控股,多元金融,-5.939181161674918e-06
000599,2006-05-09,2006-08-01 00:00:00,5600,2.33428841646,2.41735094928,465.150183791998,0.03558366319872586,84,62758.695999999996,青岛双星,汽车配件,-5.997810021515126e-06
600513,2005-05-10,2005-11-01 00:00:00,2500,1.3749793657599998,1.56255819768,468.9470798000006,0.13642301593109285,175,3437.4484143999994,联环药业,化学制药,-6.0467685336709165e-06
688169,2023-11-01,2024-11-01 00:00:00,200,156.17362760999998,158.52892111128,471.05870025600325,0.015081249871212066,366,31234.725521999997,石头科技,家用电器,-6.073996510298595e-06
000571,2005-05-10,2006-05-09 00:00:00,1900,1.798794998,2.0530224225,483.03210655000044,0.14133207218313615,364,6553.16326665,新大洲A,煤炭开采,-6.2283858210290885e-06
600667,2005-11-01,2006-02-07 00:00:00,6900,0.7467473613599999,0.81737684496,487.34343684000066,0.09458283651832056,98,62226.256724632,太极实业,半导体,-6.283977629697465e-06
002251,2009-11-03,2010-05-05 00:00:00,3100,9.93404996584,10.09167318504,488.6319795199986,0.015866964605776523,183,30795.554894104,步步高,超市连锁,-6.300592552078529e-06
002017,2006-05-09,2006-08-01 00:00:00,9600,1.3710511815,1.4223194568000002,492.17544288000215,0.037393407329922024,84,68204.49475839999,东信和平,通信设备,-6.346283214561433e-06
600367,2006-08-01,2006-11-01 00:00:00,3300,4.57452996,4.727080937249999,503.41822492499927,0.03334790209790195,92,61989.82976986799,红星发展,化工原料,-6.4912515993301416e-06
600984,2015-11-03,2016-05-04 00:00:00,4900,5.646928487199999,5.7518447976,514.0899209600008,0.018579358785544287,183,39393.216579716995,建设机械,工程机械,-6.628856200286115e-06
600382,2007-11-01,2008-05-06 00:00:00,5300,4.107225522399999,4.20543612423,520.5161896990045,0.023911665257819292,187,21768.295268719998,广东明珠,普钢,-6.711718768950564e-06
600346,2005-11-01,2006-08-01 00:00:00,11400,0.4525933912499999,0.4983440570999999,521.5575906899998,0.10108558086463226,273,67813.05293763001,恒力石化,石油加工,-6.725146959496008e-06
000060,2005-05-10,2005-11-01 00:00:00,4300,0.8175566899499999,0.9397265328,525.3303242550004,0.14943287034624086,175,15310.0996048,中金岭南,铅锌,-6.773793912615962e-06
300332,2022-11-01,2023-05-05 00:00:00,2600,11.68409731489,11.88631790388,525.773531374001,0.017307335221548925,185,30378.653018713998,天壕能源,供气供热,-6.779508781044644e-06
603286,2023-11-01,2024-05-07 00:00:00,1700,18.8658703233,19.17684620775,528.6590035649975,0.016483516483516425,188,32071.97954961,日盈电子,汽车配件,-6.81671507403775e-06
000960,2005-01-04,2006-05-09 00:00:00,1300,3.5943951643599994,4.006993495500001,536.3778304820016,0.1147893629590575,490,58948.55494528,锡业股份,小金属,-6.916244342326399e-06
000900,2005-11-01,2006-05-09 00:00:00,3500,1.4498483999999998,1.6090101792,557.0662272000006,0.10977822177822194,189,5074.469399999999,现代投资,路桥,-7.183007803866344e-06
000404,2012-11-01,2013-05-03 00:00:00,3800,4.201056339479999,4.3479464212800005,558.1823108400054,0.034965034965035224,183,15964.014090023997,长虹华意,家用电器,-7.197398978747321e-06
002266,2009-11-03,2010-05-05 00:00:00,13700,2.25223380382,2.29312561896,560.2178674180025,0.018156114640781817,183,30855.603112333996,浙富控股,环境保护,-7.223646160987137e-06
000510,2006-08-01,2006-11-01 00:00:00,6200,2.43527239956,2.5280134160400003,574.9943021760014,0.03808239952818271,92,74637.10058804999,新金路,化工原料,-7.414178706306782e-06
002134,2010-05-05,2010-11-02 00:00:00,1800,7.9079,8.24175,600.93,0.04221727639449169,181,61701.63999999997,天津普林,元器件,-7.748602713313792e-06
600549,2005-05-10,2005-11-01 00:00:00,1800,1.91183967975,2.24943327504,607.668471522,0.17658049409987409,175,37360.1356128,厦门钨业,小金属,-7.83549093443598e-06
002627,2022-05-06,2022-11-01 00:00:00,3700,4.38802858494,4.55377768398,613.2716664480005,0.037773021718423117,179,16235.705764278,三峡旅游,旅游景点,-7.90774049995415e-06
002035,2009-05-05,2009-11-03 00:00:00,21100,1.1162564412999998,1.14561794529,619.5277341890031,0.0263035471990698,182,72529.455923925,华帝股份,家用电器,-7.988408437105911e-06
000756,2006-08-01,2006-11-01 00:00:00,7600,1.98897226528,2.07072911808,621.3520812800009,0.04110507432766575,92,18612.1871936,新华制药,化学制药,-8.011932209956878e-06
600073,2010-05-05,2012-05-03 00:00:00,2800,5.079542988519999,5.30222634612,623.5134012800031,0.04383925051983528,729,25997.101840709995,光明肉业,食品,-8.03980102997977e-06
600062,2005-01-04,2005-05-10 00:00:00,2800,1.7361220376499993,1.9600898481,627.1098692600019,0.1290046469044086,126,15674.122079615998,华润双鹤,化学制药,-8.086175152669875e-06
000777,2008-11-03,2009-05-05 00:00:00,2200,8.7951502093,9.08688563838,641.8179439760021,0.033170033727396575,183,18866.50766,中核科技,机械基件,-8.275826239571879e-06
600979,2011-05-04,2011-11-01 00:00:00,7700,4.92885040648,5.012443578959999,643.6674280959973,0.01695997354070622,181,37952.148129896,广安爱众,水力发电,-8.299674138113183e-06
000731,2005-02-01,2005-05-10 00:00:00,3500,4.175912941199999,4.36121410032,648.5540569200024,0.04437380801017188,98,67674.507305405,四川美丰,农药化肥,-8.362684048360038e-06
600026,2005-01-04,2005-05-10 00:00:00,700,6.206151071119999,7.1413538976,654.6419785360008,0.15068966510208215,126,61987.30537999999,中远海能,水运,-8.441183850254047e-06
000722,2005-08-02,2005-11-01 00:00:00,4100,2.9879243394,3.149951895,664.3129779599997,0.054227462678166916,91,114269.15499999998,湖南发展,水力发电,-8.56588511725229e-06
600426,2005-01-04,2005-05-10 00:00:00,4800,1.02402447147,1.16288652942,666.5378781599998,0.13560423780758057,126,4915.317463056,华鲁恒升,农药化肥,-8.594573762729422e-06
002537,2022-05-06,2022-11-01 00:00:00,2200,7.36736,7.67232,670.9120000000007,0.04139338921947622,179,16208.192,海联金汇,汽车配件,-8.650975227721678e-06
000401,2005-05-10,2005-11-01 00:00:00,1900,1.7765820071999998,2.13304893588,677.2871644920008,0.20064760716664787,175,22924.84121927999,金隅冀东,水泥,-8.733178840256471e-06
300711,2022-11-01,2023-05-05 00:00:00,2900,10.50805958202,10.7456053383,688.8826932120035,0.022606053422694616,185,30473.372787858,广哈通信,通信设备,-8.882695664682146e-06
000862,2009-05-05,2009-11-03 00:00:00,2300,10.007785788,10.31239339389,700.5974935470006,0.030437062937062942,182,34804.770000000004,银星能源,新型电力,-9.033750419248715e-06
002119,2010-05-05,2010-11-02 00:00:00,2200,6.28672398354,6.607725110550001,706.2024794220014,0.05106015913064588,181,31599.59074272,康强电子,半导体,-9.106023077893011e-06
002476,2022-05-06,2022-11-01 00:00:00,3400,4.73173701,4.9409992548,711.4916323200018,0.0442252484357748,179,16087.905834,新叶股份,化工原料,-9.174223275081665e-06
002379,2022-11-01,2023-05-05 00:00:00,7900,3.9268176948,4.0179358422,719.8333644600001,0.02320406865861413,185,31021.85978892,宏桥控股,铝,-9.281784502335633e-06
600251,2005-05-10,2005-11-01 00:00:00,3900,0.8865937079999998,1.076600322,741.0257946000007,0.2143108080798608,175,22747.278952397995,冠农股份,农业综合,-9.555047148042324e-06
300783,2024-05-07,2024-11-01 00:00:00,2600,25.995456547059995,26.28426808134,750.9099891280108,0.011110077399762774,178,67588.18702235598,三只松鼠,食品,-9.682497427673331e-06
300437,2018-11-01,2019-05-07 00:00:00,1200,12.013588486899998,12.6948550374,817.5198606000024,0.056707997884468675,187,14416.306184279998,清水源,化工原料,-1.054138853116518e-05
000728,2005-05-10,2006-05-09 00:00:00,3200,1.10643439907,1.36283376204,820.4779615039996,0.23173480794298618,364,5968.080518399999,国元证券,证券,-1.0579531324320737e-05
000798,2014-11-03,2015-05-05 00:00:00,6100,15.052502814529506,15.18714140625,821.2954094950119,0.008944598342179644,183,62026.71787812499,中水渔业,渔业,-1.0590071786140167e-05
600255,2005-05-10,2005-11-01 00:00:00,6400,0.5525004484999999,0.68130477324,824.3476783360009,0.23312981028286028,175,18732.770144087997,鑫科材料,小金属,-1.0629428813785734e-05
600268,2005-05-10,2005-11-01 00:00:00,3700,0.94946589738,1.1741630616,831.3795076140003,0.23665638211971562,175,23634.756755609997,国电南自,电气设备,-1.0720099692961455e-05
000881,2005-08-02,2005-11-01 00:00:00,5300,2.32743061551,2.48443911396,832.145041785001,0.06746001251495759,91,64175.24424511199,中广核技,化工原料,-1.0729970759732211e-05
600293,2006-08-01,2006-11-01 00:00:00,9700,1.5638278956299998,1.65136663035,849.1257267840028,0.05597721780294407,92,74807.07856621998,三峡新材,玻璃,-1.0948925682696935e-05
600560,2007-11-01,2008-02-01 00:00:00,4200,5.1307058803,5.33414298753,854.4358503660003,0.03965090028082163,92,21548.96469726,金自天正,电气设备,-1.1017396283258561e-05
603999,2022-05-06,2022-11-01 00:00:00,3600,4.5477621189,4.78701043776,861.2939478960019,0.052607922887107694,179,68326.65513273599,读者传媒,出版业,-1.1105827004189686e-05
000581,2006-05-09,2006-08-01 00:00:00,6700,1.9836132315999997,2.1140913924,874.2036773600034,0.0657780250309965,84,13290.208651719999,威孚高科,汽车配件,-1.1272289595095298e-05
002478,2018-11-01,2019-05-07 00:00:00,3300,4.36395424465,4.6318833801,884.1661469849977,0.061395954317914114,187,14401.049007345002,常宝股份,钢加工,-1.1400749181349166e-05
600711,2005-05-10,2005-11-01 00:00:00,4000,0.8738387658,1.096029873,888.7644288,0.2542701421544098,175,157457.544688444,盛屯矿业,小金属,-1.1460041043876096e-05
600415,2006-11-01,2007-02-01 00:00:00,10100,1.859249923223762,1.94742686376,890.5870994160042,0.04742608265560544,92,21783.20091948,小商品城,商品城,-1.1483543199669029e-05
000783,2005-05-10,2005-11-01 00:00:00,6600,0.5346641299999999,0.6696628168500001,890.991333210001,0.25249250749250773,175,3528.7832579999995,长江证券,证券,-1.1488755532341682e-05
000672,2006-08-01,2006-11-01 00:00:00,10700,1.748017656618878,1.83143509164,892.5665547260039,0.047721162715526066,92,23456.816124742,上峰材料,水泥,-1.150906699243349e-05
002984,2024-05-07,2024-11-01 00:00:00,2600,25.43598785728,25.7804112825,895.5009055720012,0.013540792170233074,178,66133.568428928,森麒麟,汽车配件,-1.1546903543990425e-05
600171,2010-05-05,2010-11-02 00:00:00,1800,7.954094648499999,8.45185073895,895.960962810002,0.06257859787271558,181,72604.111608028,上海贝岭,半导体,-1.1552835683778175e-05
000875,2005-11-01,2006-05-09 00:00:00,2100,2.4274392542399994,2.85452373888,896.8774177440017,0.17594033873103676,189,27699.15180032,电投绿能,火力发电,-1.156465277593237e-05
600096,2009-05-05,2009-11-03 00:00:00,1300,18.12243617184,18.81271013832,897.3561564239993,0.03808946876317876,182,23559.167023392,云天化,农药化肥,-1.1570825800801817e-05
300572,2018-05-03,2018-08-01 00:00:00,1400,28.46340558061,29.10663423,900.5201091460002,0.02259844302777969,90,39848.767812854,安车检测,电器仪表,-1.161162291967838e-05
300538,2023-05-05,2023-08-01 00:00:00,4600,14.928858944999998,15.1254729864,904.424590440009,0.01317006491416084,88,68672.75114699999,同益股份,塑料,-1.1661968674340053e-05
600120,2013-05-03,2013-11-01 00:00:00,15600,2.5359167757000005,2.59403334003,906.618403547995,0.022917378396204446,182,34623.25654788,浙江东方,多元金融,-1.1690256471922208e-05
600797,2010-08-03,2010-11-02 00:00:00,11900,6.8868042672,6.96354212736,913.1805359040073,0.01114273866116422,91,77329.298862816,浙大网新,软件服务,-1.1774870913835445e-05
600460,2005-05-10,2005-11-01 00:00:00,1300,2.5781019264,3.2876536454100003,922.4172347130003,0.2752225238824446,175,92234.54275035,士兰微,半导体,-1.1893972155999134e-05
600518,2012-11-01,2013-05-03 00:00:00,2100,7.38024634347,7.82775226215,939.7624292280002,0.06063563434789021,183,67926.859,康美药业,中成药,-1.211762719282852e-05
600478,2007-05-09,2007-08-01 00:00:00,11900,1.95362360193,2.03349202245,950.4342041879999,0.04088219472834864,84,93968.87499999999,科力远,电气设备,-1.225523281147117e-05
600528,2008-05-06,2009-05-05 00:00:00,900,7.358806755299999,8.424210297059998,958.8631875839994,0.14477938845080685,364,6622.926079769999,中铁工业,运输设备,-1.236391908709848e-05
688626,2023-05-05,2023-08-01 00:00:00,1400,46.53536715828,47.22896892483,971.0424731699945,0.014904830646137679,88,65149.514021592004,翔宇医疗,医疗保健,-1.252096307780932e-05
600798,2006-08-01,2006-11-01 00:00:00,8000,1.90967160384,2.0318178283200004,977.1697958400036,0.06396190016879699,92,67008.41391644398,宁波海运,水运,-1.2599970930747569e-05
600644,2006-08-01,2006-11-01 00:00:00,4200,3.58481739616,3.81810830976,979.8218371199995,0.06507748870274321,92,15056.233063872,乐山电力,水力发电,-1.2634167283497465e-05
002365,2020-05-07,2020-11-03 00:00:00,5600,9.6829491759,9.8580911409,980.7950039999994,0.018087667488321912,180,54224.515385039995,永安药业,化学制药,-1.2646715639423904e-05
002377,2018-11-01,2019-05-07 00:00:00,3100,4.636040919509999,4.95382686435,985.136429004002,0.06854683777760706,187,14371.726850480998,国创高新,其他建材,-1.2702695499916246e-05
002166,2015-05-05,2015-11-03 00:00:00,7400,9.1626016482,9.297959733,1001.64982752,0.014772887657578337,182,67803.25219668001,莱茵生物,中成药,-1.2915625066666274e-05
688234,2024-11-01,2025-05-07 00:00:00,500,58.87881999999999,60.89904,1010.1100000000044,0.034311489258786354,187,29439.409999999996,天岳先进,半导体,-1.3024713505309153e-05
300996,2024-11-01,2025-05-07 00:00:00,3300,10.112462359999999,10.4202560133,1015.7190558900032,0.030437062937062942,187,33371.125788,普联软件,软件服务,-1.3097038644157891e-05
300552,2019-11-01,2020-05-07 00:00:00,1300,38.99562797129999,39.78018655344,1019.9261567820101,0.02011914214376609,188,50694.316362689984,万集科技,IT设备,-1.315128648232039e-05
600389,2009-11-03,2010-02-02 00:00:00,6300,4.858313079619999,5.02051766679,1021.888899171004,0.033387018191649354,91,34715.845987822984,江山股份,农药化肥,-1.3176594772804962e-05
300229,2014-05-06,2014-08-01 00:00:00,2700,6.7772503799,7.159718424689999,1032.6637209329988,0.056434102822041865,87,18298.57602573,拓尔思,软件服务,-1.3315529113144876e-05
000981,2005-08-02,2005-11-01 00:00:00,21800,0.5665264604999999,0.6141617235,1038.448733400002,0.084083032870095,91,83775.29160000001,山子高科,汽车配件,-1.3390123097965698e-05
002179,2018-11-01,2019-05-07 00:00:00,900,14.992524466920003,16.1483412942,1040.235144551999,0.07709287584157232,187,13493.272020228002,中航光电,元器件,-1.3413157711480511e-05
600616,2005-01-04,2005-05-10 00:00:00,1200,3.89702130818,4.7653761537,1042.0258146240003,0.22282527521655826,126,14740.454109380998,金枫酒业,红黄酒,-1.3436247241007344e-05
002353,2012-08-01,2012-11-01 00:00:00,1000,20.39548492982,21.44334705813,1047.862128310001,0.05137716175494966,92,48407.90475521,杰瑞股份,化工机械,-1.3511502721783966e-05
300956,2025-05-07,2025-11-03 00:00:00,3500,17.902462938359996,18.2039883894,1055.3390786400118,0.01684267980769949,180,62658.62028425999,英力股份,元器件,-1.360791314831357e-05
300149,2022-05-06,2022-11-01 00:00:00,1700,9.63963,10.26972,1071.1529999999987,0.06536454200005593,179,16387.371,睿智医药,生物制药,-1.3811823410670457e-05
601336,2018-11-01,2019-05-07 00:00:00,300,37.7420168125,41.330181447,1076.449390350001,0.0950708239129292,187,11322.60504375,新华保险,保险,-1.3880116930109988e-05
600749,2005-11-01,2006-08-01 00:00:00,1100,4.665743272189999,5.6461596885,1078.4580579410008,0.21013081070142436,273,5132.317599409,西藏旅游,旅游景点,-1.3906017396297009e-05
601100,2020-11-03,2021-05-07 00:00:00,1100,75.07467967999999,76.05791610984001,1081.5600728240213,0.013096778221778571,185,82582.14764799998,恒立液压,工程机械,-1.3946015866899762e-05
000957,2010-05-05,2010-11-02 00:00:00,3300,4.23557426292,4.56398837307,1083.7665634949992,0.07753709172923151,181,13977.395067636,中通客车,汽车整车,-1.3974467133436698e-05
000997,2005-05-10,2006-02-07 00:00:00,1400,2.39028472683,3.1648346373600003,1084.3698747420003,0.32404085665443283,273,15387.024208555998,新大陆,IT设备,-1.3982246440786116e-05
600986,2010-05-05,2010-11-02 00:00:00,3000,4.671880463249999,5.03554971969,1091.0077693200017,0.07784215784215798,181,67481.16945569999,浙文互联,互联网,-1.4067837787428473e-05
000501,2005-05-10,2005-11-01 00:00:00,2200,1.5560697151999998,2.05371127296,1094.811427072,0.3198067238883566,175,38788.5614116,武商集团,百货,-1.4116883487888845e-05
600059,2006-08-01,2006-11-01 00:00:00,5600,2.7104090013,2.90701210797,1100.9773973520003,0.07253632443505853,92,39714.87515995999,古越龙山,红黄酒,-1.4196389676699226e-05
002443,2019-05-07,2019-11-01 00:00:00,7200,5.460152237539999,5.6142609192,1109.5825079520089,0.028224246313218737,178,39313.096110287996,金洲管道,钢加工,-1.4307346998423207e-05
002278,2025-05-07,2025-11-03 00:00:00,7600,12.560225888209999,12.70643232852,1111.168946356009,0.011640430802063895,180,62792.521487695994,神开股份,化工机械,-1.4327803093012827e-05
600651,2005-05-10,2006-05-09 00:00:00,800,4.0065959934,5.3965776204,1111.9853016,0.3469233307500168,364,113963.84999999999,飞乐音响,电器仪表,-1.4338329464567945e-05
600313,2011-05-04,2011-11-01 00:00:00,14500,2.64730584118,2.72445685596,1118.6897143100011,0.029143219336384307,181,38385.93469711,农发种业,种植业,-1.4424778519392783e-05
002068,2010-05-05,2010-11-02 00:00:00,2500,5.679441918149999,6.12728177481,1119.599641650002,0.07885279277684365,181,83584.865949585,黑猫股份,化工原料,-1.4436511442454787e-05
000592,2014-05-06,2014-11-03 00:00:00,4300,9.429206037879535,9.69223967838,1131.0446541520002,0.027895629753320828,181,67259.26717910399,平潭发展,林业,-1.4584087457842425e-05
002594,2012-08-01,2012-11-01 00:00:00,4700,4.42516236162,4.66588407537,1131.3920546250008,0.05439839130826263,92,67645.87930100001,比亚迪,汽车整车,-1.4588566961690957e-05
600176,2005-01-04,2005-05-10 00:00:00,10000,0.49375878551999997,0.60721389828,1134.5511276000009,0.2297784183030087,126,46760.39167799999,中国巨石,玻璃,-1.4629301159393921e-05
002073,2010-11-02,2011-05-04 00:00:00,1900,19.99342388043,20.60382648906,1159.7649563970006,0.030530168933569968,183,72911.76244352,软控股份,专用机械,-1.4954417133350057e-05
301001,2023-05-05,2023-11-01 00:00:00,2600,25.728508705899998,26.175576222,1162.3755418600063,0.017376347817527504,180,66894.12263534,凯淳股份,互联网,-1.4988078940219383e-05
000931,2009-05-05,2009-11-03 00:00:00,4100,5.68720003852,5.97404209788,1176.0524433759986,0.050436428720141535,182,23317.520157932002,中关村,化学制药,-1.5164433717309132e-05
600693,2008-02-01,2008-05-06 00:00:00,5500,5.346686344999999,5.56105269069,1179.0149012950062,0.04009330861356175,95,74187.10499200001,东百集团,百货,-1.5202632691348207e-05
002508,2012-08-01,2012-11-01 00:00:00,6200,3.35839387884,3.55047880716,1190.9265555840022,0.05719547356558041,92,20822.042048807998,老板电器,家用电器,-1.535622575001356e-05
000019,2006-08-01,2006-11-01 00:00:00,7500,2.01724410888,2.17698698385,1198.0715622750004,0.07918866847438277,92,23486.48498196,深粮控股,农业综合,-1.5448355978546853e-05
605198,2022-11-01,2023-05-05 00:00:00,1800,17.1665966472,17.834760986400003,1202.6958105600074,0.038922353273150856,185,30899.87396496,安德利,软饮料,-1.550798266186811e-05
600594,2006-11-01,2007-02-01 00:00:00,13500,1.13573201742,1.22532701643,1209.5324866350002,0.07888744671787062,92,15558.763801581,益佰制药,中成药,-1.559613716702634e-05
601607,2012-11-01,2013-02-01 00:00:00,1900,8.353949844239999,8.99467687944,1217.3813668800021,0.076697496052335,92,15872.504704055998,上海医药,医药商业,-1.5697343388654316e-05
000980,2005-11-01,2006-11-01 00:00:00,2800,1.80276771675,2.24405041329,1235.5915503120002,0.24478067387158298,365,360737.967838248,众泰汽车,汽车配件,-1.5932151896718686e-05
300004,2014-05-06,2014-11-03 00:00:00,1000,17.84623702862,19.08336366387,1237.1266352500002,0.06932142799997676,181,17846.23702862,南风股份,电气设备,-1.595194582166128e-05
600481,2021-08-03,2021-11-02 00:00:00,10000,12.422430193173001,12.54628368747,1238.5349429699843,0.009970150153475243,91,89004.3950796,双良节能,电气设备,-1.5970105036578574e-05
300400,2018-11-01,2019-05-07 00:00:00,1000,14.119583658179998,15.3611057178,1241.522059620001,0.08792908414836598,187,14119.583658179998,劲拓股份,专用机械,-1.6008621968965548e-05
600654,2010-05-05,2010-11-02 00:00:00,2400,5.8925850984,6.4154309472,1254.8300371200007,0.08872945236581598,181,67899.83199999998,中安科,仓储物流,-1.6180219710075523e-05
600566,2010-05-05,2011-11-01 00:00:00,2500,5.647249577969999,6.14921121342,1254.9040886250018,0.08888603709107534,545,39219.08374383999,济川药业,中成药,-1.6181174556218295e-05
300578,2019-05-07,2019-11-01 00:00:00,1600,24.0702326865,24.86873303334,1277.6005549440015,0.03317376932911187,178,38512.3722984,会畅科技,通信设备,-1.6473830773251953e-05
000683,2007-05-09,2007-08-01 00:00:00,7400,3.1189350191999994,3.292282422,1282.7707807200045,0.05557903634826733,84,33258.043823004,博源化工,化工原料,-1.6540497482313544e-05
600812,2010-05-05,2010-11-02 00:00:00,1200,11.983811439599998,13.06093495104,1292.548213728002,0.08988154702440432,181,61985.169229984,华北制药,化学制药,-1.6666571141367036e-05
600506,2012-05-03,2013-05-03 00:00:00,5100,6.481642467300001,6.7372617942,1303.6585671899943,0.03943743089650553,365,67535.94654807,统一股份,石油加工,-1.6809831945423194e-05
002136,2010-05-05,2010-08-03 00:00:00,2300,6.088826613869999,6.6599838495000006,1313.6616419490028,0.09380415502864503,90,38305.760901408,安纳达,化工原料,-1.6938815108552235e-05
000707,2014-11-03,2015-05-05 00:00:00,12200,7.00423111683377,7.11202848237,1315.12785954201,0.015390321041399257,183,61984.24940307599,双环科技,化工原料,-1.6957721033734008e-05
600390,2005-05-10,2006-05-09 00:00:00,3400,1.0196701515,1.40885614359,1323.232373106,0.3816783216783217,364,74604.676941795,五矿资本,多元金融,-1.706222348126038e-05
002414,2019-11-01,2020-05-07 00:00:00,10500,9.373775321386665,9.5018705181,1344.9995654900224,0.013665272776602677,188,50413.29541248,高德红外,电器仪表,-1.7342897313433942e-05
600320,2005-01-04,2005-05-10 00:00:00,2900,1.6676248188599998,2.13203535048,1346.790541698,0.27848621966269027,126,77840.05759129599,振华重工,专用机械,-1.7365990790385693e-05
002103,2014-05-06,2014-11-03 00:00:00,3600,5.1476750325,5.5310091543,1380.002838480003,0.07446742837879428,181,66668.3096079,广博股份,文教休闲,-1.7794241822886e-05
601798,2014-05-06,2014-08-01 00:00:00,1700,11.0958591744,11.91450259098,1391.6938081860008,0.07377918227988589,87,18862.96059648,蓝科高新,化工机械,-1.7944989296943153e-05
600876,2005-05-10,2006-05-09 00:00:00,1400,2.4424399999999995,3.43656,1391.7680000000007,0.4070192102978991,364,58550.492,凯盛新能,玻璃,-1.794594595227949e-05
002798,2018-05-03,2019-05-07 00:00:00,2300,17.6662321836,18.27803941425,1407.1566304950024,0.03463144966576159,369,40632.334022279996,帝欧水华,家居用品,-1.8144372364686517e-05
002059,2011-11-01,2012-05-03 00:00:00,2800,4.658102979529999,5.16586093803,1421.7222838000025,0.10900530982920298,184,34526.16716749199,云南旅游,旅游景点,-1.8332187019838218e-05
000551,2009-05-05,2009-08-03 00:00:00,6700,3.49333981997,3.7090336536,1445.1486853210004,0.06174430337322656,90,23405.376793799,创元科技,专用机械,-1.863425527801934e-05
688218,2023-11-01,2024-05-07 00:00:00,1800,17.8614599163,18.68296831002,1478.7151086960037,0.0459933509113839,188,32150.62784934,江苏北人,专用机械,-1.9067072543324435e-05
000919,2006-05-09,2006-08-01 00:00:00,4400,2.9686242986399995,3.30639054975,1486.1715048840026,0.1137787126733214,84,13061.946914015998,金陵药业,化学制药,-1.9163217937519884e-05
600288,2010-05-05,2010-11-02 00:00:00,1700,8.368172412599998,9.25379366328,1505.5561261560028,0.10583209893554746,181,94021.92799999999,大恒科技,元器件,-1.941317006003795e-05
600598,2006-08-01,2006-11-01 00:00:00,5600,2.68503539304,2.95515085104,1512.646564799999,0.10060033424519399,92,15036.198201024,北大荒,种植业,-1.9504596668986502e-05
000554,2005-08-02,2005-11-01 00:00:00,5100,2.4024637937299995,2.70071409249,1521.0765236760033,0.12414351447808736,91,38121.175412319986,泰山石油,石油贸易,-1.9613295522795983e-05
002707,2015-11-03,2016-05-04 00:00:00,1300,20.8698214725,22.05154340298,1536.238509623998,0.05662348056197519,183,34266.231999999996,众信旅游,旅游服务,-1.980879950072329e-05
002827,2022-05-06,2022-11-01 00:00:00,1900,8.224239643619999,9.0427953528,1555.2558474420034,0.09952965193748953,179,34042.916863956,高争民爆,化工原料,-2.0054015741244816e-05
603392,2021-05-07,2021-11-02 00:00:00,600,102.60826450874998,105.20431869168,1557.632509758011,0.025300634362728447,179,61564.95870524999,万泰生物,生物制药,-2.008466126080691e-05
002507,2012-08-01,2012-11-01 00:00:00,8300,2.51633284903,2.70477626625,1564.080362926002,0.07488811239444804,92,73402.5657365,涪陵榨菜,食品,-2.0167802146688033e-05
600873,2005-05-10,2006-05-09 00:00:00,6500,0.53803293544,0.77939044938,1568.8238406100004,0.44859245232379563,364,39527.800111799996,梅花生物,食品,-2.0228966215802195e-05
600622,2006-05-09,2006-08-01 00:00:00,14100,0.9380021651,1.04997640257,1578.8367483270001,0.11937524414782397,84,15798.967384200001,光大嘉宝,区域地产,-2.0358076168548943e-05
002094,2010-11-02,2011-11-01 00:00:00,4600,8.6309887664,8.978929682399999,1600.5282135999948,0.04031298445834097,364,39702.54832544,青岛金王,日用化工,-2.0637773548726466e-05
688639,2022-11-01,2023-05-05 00:00:00,400,66.47790214065,70.51034427479999,1612.9768536599954,0.06065838427961201,185,26591.16085626,华恒生物,化学制药,-2.0798290690733003e-05
300243,2018-11-01,2019-05-07 00:00:00,2200,6.615794495309999,7.350358234050001,1616.0402252280028,0.11103182531753975,187,14554.747889682,瑞丰高材,化工原料,-2.083779088084458e-05
300057,2013-05-03,2013-11-01 00:00:00,3600,9.58972620606,10.04316002676,1632.361754520003,0.04728329161404665,182,114444.41798789999,万顺新材,铝,-2.104824641835714e-05
688506,2024-05-07,2024-11-01 00:00:00,300,180.6805,186.12369,1632.9570000000047,0.030126051234084628,178,54204.15,百利天恒,化学制药,-2.105592172287086e-05
600350,2006-05-09,2006-11-01 00:00:00,8800,1.4968970216199995,1.683881433,1645.4628201440048,0.12491467928611333,176,13172.693790255995,山东高速,路桥,-2.1217176164985604e-05
002218,2014-05-06,2014-11-03 00:00:00,4100,4.528634300189999,4.9321820808,1654.5459005010011,0.08911026014908496,181,18567.400630778997,拓日新能,新型电力,-2.1334296596815385e-05
002029,2007-11-01,2008-02-01 00:00:00,3500,6.1726731066,6.64615553166,1657.188487710001,0.07670622060865973,92,21604.355873099998,七匹狼,服饰,-2.136837104544971e-05
603800,2019-05-07,2019-11-01 00:00:00,3300,11.722798687600001,12.22785385605,1666.6820558849977,0.043083156327185845,178,38685.23566908,洪田股份,专用机械,-2.1490784451536622e-05
000686,2008-11-03,2009-05-05 00:00:00,1600,7.97525892163,9.0220799889,1674.9137076319996,0.13125856822414583,183,39333.093799999995,东北证券,证券,-2.159692626349787e-05
300077,2013-11-01,2014-05-06 00:00:00,2400,10.803096304,11.502599886,1678.8085968000005,0.06475028661375526,186,65525.464339335,国民技术,半导体,-2.1647148333914106e-05
300926,2023-11-01,2024-05-07 00:00:00,1500,21.2775198636,22.40459664633,1690.6151740950008,0.05297030809770842,188,31916.279795399998,博俊科技,汽车配件,-2.1799386492872702e-05
000006,2006-05-09,2006-08-01 00:00:00,12800,1.0311017716999995,1.16336459088,1692.9640855040077,0.128273292520811,84,30929.705076270002,深振业A,区域地产,-2.1829674182482414e-05
000928,2005-08-02,2005-11-01 00:00:00,12100,1.0145950814999998,1.15663245975,1718.6522768250022,0.13999415218927425,91,38327.360296225,中钢国际,建筑工程,-2.2160906753613795e-05
600127,2010-05-05,2010-11-02 00:00:00,1800,7.587579999999999,8.551440000000001,1734.948000000004,0.12703128006558106,181,438878.4399999999,金健米业,农业综合,-2.2371029537980077e-05
300005,2011-11-01,2012-05-03 00:00:00,2200,6.099862688919999,6.89363973972,1746.3095117600024,0.13013031461213798,184,64457.81381239199,探路者,服饰,-2.251752886544063e-05
300242,2015-11-03,2016-11-01 00:00:00,1500,17.621450346499998,18.78590563965,1746.6829397250035,0.0660816941995519,364,26432.175519749995,佳云科技,互联网,-2.2522343976922557e-05
603683,2022-11-01,2023-05-05 00:00:00,3500,8.720654943,9.2215133559,1753.0044451500046,0.05743357765829682,185,30522.292300499998,晶华新材,化工原料,-2.2603855690580374e-05
600737,2024-05-07,2024-11-01 00:00:00,7500,8.995544978419998,9.22932108036,1753.320764550015,0.02598798655343537,178,67466.58733814998,中粮糖业,食品,-2.260793442414534e-05
600316,2006-05-09,2006-11-01 00:00:00,1500,8.3199611495,9.50358931758,1775.4422521200004,0.1422636652757847,176,114293.68013863801,洪都航空,航空,-2.2893176663020624e-05
002279,2015-11-03,2016-05-04 00:00:00,1800,14.858418414839997,15.84845460108,1782.065135232005,0.06663133037438174,183,58009.98771567999,久其软件,软件服务,-2.2978574446542234e-05
300653,2019-11-01,2020-05-07 00:00:00,1600,30.7852070526,31.9068957654,1794.7019404800017,0.03643596454892983,188,49256.33128416,正海生物,医疗保健,-2.314151785664365e-05
688369,2021-05-07,2021-11-02 00:00:00,1700,37.900436574,38.9575136898,1797.0310968600095,0.027890895497630463,179,64430.7421758,致远互联,软件服务,-2.3171550817963373e-05
600519,2005-01-04,2005-05-10 00:00:00,600,7.725427709999999,10.7304453135,1803.010562100001,0.3889775060104732,126,85993.78237449999,贵州茅台,白酒,-2.3248652145210743e-05
600125,2005-11-01,2006-05-09 00:00:00,2600,1.9270872320699999,2.62730620386,1820.5693266540002,0.36335613673173106,189,5010.426803382,铁龙物流,铁路,-2.3475061029216462e-05
300961,2025-05-07,2025-11-03 00:00:00,3900,15.895879999999998,16.363619999999997,1824.1859999999967,0.0294252347149071,180,61993.93199999999,深水海纳,环境保护,-2.352169568700016e-05
002286,2012-11-01,2013-05-03 00:00:00,2700,5.912533506879999,6.594922635840001,1842.4506481920039,0.11541399776693928,183,15963.840468575998,保龄宝,食品,-2.3757206482830474e-05
000963,2006-05-09,2006-08-01 00:00:00,9300,1.421058639,1.6194534255,1845.0715144499998,0.13961055585968674,84,15220.655847396998,华东医药,化学制药,-2.3791000853885237e-05
002189,2014-11-03,2015-05-05 00:00:00,1900,31.820557608839994,32.79347262108,1848.5385232560095,0.03057504598755756,183,60459.05945679599,中光学,元器件,-2.3835705684466718e-05
300609,2019-05-07,2019-11-01 00:00:00,1100,35.14780196928,36.83181525606,1852.414615457993,0.04791233569176989,178,38662.582166208005,汇纳科技,软件服务,-2.3885685380193916e-05
600765,2008-05-06,2009-05-05 00:00:00,1000,6.420960696149999,8.2971686259,1876.2079297500004,0.29220050060031877,364,6420.960696149999,中航重机,航空,-2.4192484740654827e-05
600801,2005-05-10,2006-05-09 00:00:00,6800,0.51897150305,0.797968233,1897.1777636600002,0.5375954716402227,364,73503.04433471999,华新建材,水泥,-2.446287715230471e-05
600496,2005-01-04,2005-08-02 00:00:00,7400,0.6588369787999999,0.91572131205,1900.9440660500004,0.38990576047793635,210,39325.040990235,精工钢构,钢加工,-2.451144117959294e-05
600744,2005-11-01,2006-05-09 00:00:00,2100,2.38826145558,3.29945888835,1913.5146088169997,0.38153169144904675,189,5015.349056718,华银电力,火力发电,-2.4673530177965792e-05
300036,2015-11-03,2016-11-01 00:00:00,1400,18.8899585875,20.25959727285,1917.4941594900013,0.07250617723727193,364,58235.529377025,超图软件,软件服务,-2.472484390359538e-05
600161,2006-05-09,2006-08-01 00:00:00,6900,1.91255301237,2.1913141723200003,1923.4520036550011,0.14575342913217582,84,49471.452798768005,天坛生物,生物制药,-2.4801666441099614e-05
002840,2022-11-01,2023-05-05 00:00:00,2000,15.135259489349998,16.10205018165,1933.5813846000037,0.06387671734206402,185,30270.518978699998,华统股份,食品,-2.4932278240601445e-05
002005,2006-05-09,2006-08-01 00:00:00,13100,1.0103248755599998,1.16119317447,1976.3747157210012,0.14932652116120293,84,13992.704998271996,德豪润达,家用电器,-2.548407049866128e-05
000570,2005-11-01,2006-11-01 00:00:00,2800,1.8040116094000003,2.51032112604,1977.6666465919993,0.3915216027212334,365,64521.53747239199,苏常柴A,农用机械,-2.5500729109568425e-05
002001,2009-11-03,2010-05-05 00:00:00,7000,4.391201815,4.67397498636,1979.412199520004,0.0643953940796047,183,41649.73510698,新和成,化学制药,-2.5523236882776902e-05
603986,2017-11-01,2018-05-03 00:00:00,1200,57.88974423232,59.54144591304,1982.0420168640026,0.028531853139504015,183,69467.693078784,兆易创新,半导体,-2.555714667228188e-05
002172,2010-05-05,2010-11-02 00:00:00,1500,9.35935,10.6893,1994.9250000000002,0.14209854316806192,181,67747.68000000001,澳洋健康,医疗保健,-2.572326438662992e-05
300209,2016-05-04,2016-11-01 00:00:00,1600,19.3845107456,20.6489248056,2023.062496,0.06522806154841976,181,55067.65087824,行云科技,互联网,-2.6086079153493703e-05
000709,2006-05-09,2006-08-01 00:00:00,10700,1.2325355242199998,1.42291522044,2037.0627495540018,0.1544618329280858,84,13188.130109153997,河钢股份,普钢,-2.626660334545553e-05
300893,2023-11-01,2024-05-07 00:00:00,2200,14.665809558399998,15.59389521528,2041.7884451360048,0.06328226567952622,188,32264.781028479996,松原安全,汽车配件,-2.632753812589419e-05
600893,2009-05-05,2009-11-03 00:00:00,2500,9.33967378344,10.16147433402,2054.5013764499977,0.08799028420426391,182,76380.20069179498,航发动力,航空,-2.6491463132257287e-05
600038,2005-11-01,2006-05-09 00:00:00,900,5.6829007235,7.966341154529999,2055.096387926999,0.4018089602704986,189,38429.0758852,中直股份,航空,-2.649913541945404e-05
300810,2022-05-06,2022-11-01 00:00:00,1000,16.29275052405,18.35817141204,2065.420887990001,0.12676931896435772,179,16292.75052405,中科海讯,船舶,-2.6632263153469297e-05
603955,2020-05-07,2020-11-03 00:00:00,3400,15.951325369979998,16.5597023214,2068.4816348280074,0.038139586354683175,180,54234.50625793199,大千生态,建筑工程,-2.6671729499389355e-05
600399,2006-05-09,2006-08-01 00:00:00,12100,1.09127745727,1.26350764758,2083.985302751001,0.15782438202367044,84,13204.457232966999,抚顺特钢,特种钢,-2.6871639244841282e-05
002151,2010-02-02,2010-05-05 00:00:00,3100,11.4219861756,12.0968419491,2092.0528978499974,0.059083924908055474,92,110584.474,北斗星通,通信设备,-2.69756656526991e-05
002692,2022-05-06,2022-11-01 00:00:00,4800,3.4133090992,3.8495298168,2093.8594444799996,0.12779994571902087,179,16383.883676160001,远程股份,电气设备,-2.6998959900147163e-05
600901,2023-11-01,2024-05-07 00:00:00,7900,4.10759590241,4.37325206031,2098.6836474099973,0.06467436530067006,188,32450.007629039,江苏金租,多元金融,-2.7061164868967085e-05
000886,2005-11-01,2006-05-09 00:00:00,2700,1.9042631608,2.68932798,2119.6750118399996,0.41226697830471415,189,73650.09240388799,海南高速,区域地产,-2.7331834902712236e-05
300107,2018-05-03,2019-05-07 00:00:00,4600,9.19135702485,9.6554420928,2134.7913125700006,0.05049146352331735,369,42280.242314309995,建新股份,化工原料,-2.7526749799375332e-05
300597,2022-05-06,2022-11-01 00:00:00,2200,7.173398231999999,8.14414331439,2135.6391812580014,0.13532569236984204,179,15781.476110399999,吉大通信,通信设备,-2.753768251635797e-05
300582,2024-11-01,2025-05-07 00:00:00,2900,11.6412514218,12.3845606424,2155.5967397400013,0.06385131577933634,187,33759.62912322,英飞特,元器件,-2.7795022292712524e-05
000617,2005-05-10,2006-05-09 00:00:00,600,5.475610139999999,9.0706930272,2157.049732320001,0.6565629756832911,364,74385.53766443799,中油资本,多元金融,-2.781375768992653e-05
000582,2009-11-03,2010-02-02 00:00:00,3700,8.280406914779999,8.86630918563,2167.838402145004,0.0707576664866798,91,34419.175959167995,北部湾港,港口,-2.7952870592059993e-05
300374,2017-05-03,2017-11-01 00:00:00,3000,19.696390714,20.4311412072,2204.2514796,0.03730381387477988,182,59089.172141999996,中铁装配,其他建材,-2.8422393615986058e-05
000723,2010-05-05,2010-11-02 00:00:00,3300,4.243414855679999,4.9144518687600005,2214.422143164004,0.15813608518191158,181,74633.250900208,美锦能源,焦炭加工,-2.8553537728092694e-05
002352,2016-11-01,2017-05-03 00:00:00,1700,43.9984217673,45.30282590592,2217.4870356540014,0.029646611997102168,183,78455.68130399998,顺丰控股,仓储物流,-2.8593057529507185e-05
000422,2005-11-01,2006-05-09 00:00:00,3300,1.5379817052599998,2.21110646022,2221.3116913680005,0.4376675955623326,189,14546.32725546,湖北宜化,农药化肥,-2.86423739850727e-05
600312,2007-05-09,2008-02-01 00:00:00,2900,7.985157179999999,8.75416929777,2230.1351415330028,0.09630519480519495,268,23156.955821999996,平高电气,电气设备,-2.8756146653918197e-05
002554,2013-05-03,2013-11-01 00:00:00,6100,5.656148307809999,6.021968343659999,2231.5022186850033,0.0646765282559647,182,94117.02299999999,惠博普,石油开采,-2.877377422739481e-05
000514,2006-02-07,2006-05-09 00:00:00,33200,2.077286921830602,2.1447097434,2238.4376761040116,0.032457154021834356,91,64121.910732879995,渝开发,区域地产,-2.8863202453935338e-05
601128,2023-11-01,2024-05-07 00:00:00,6400,5.0468912494,5.39755187517,2244.228004927999,0.06948051948051948,188,32300.10399616,常熟银行,银行,-2.89378649897324e-05
600675,2005-11-01,2006-08-01 00:00:00,5100,1.0082460388,1.45095854904,2257.833802224,0.4390917426929939,273,15382.48447736,中华企业,区域地产,-2.911330292400859e-05
000933,2008-11-03,2009-05-05 00:00:00,2700,4.88184224528,5.721968304,2268.3403585440005,0.17209201291423826,183,7251.898910256,神火股份,铝,-2.9248778155414476e-05
600508,2005-11-01,2006-05-09 00:00:00,2100,2.42687108664,3.50757988902,2269.4884849980003,0.44530952151901904,189,5096.429281944,上海能源,煤炭开采,-2.9263582501605698e-05
002696,2022-05-06,2022-11-01 00:00:00,3000,5.366882510989999,6.12839687859,2284.5431028000035,0.1418913803387003,179,16100.647532969997,百洋股份,饲料,-2.945770203690682e-05
601069,2016-05-04,2016-11-01 00:00:00,1400,22.90278448458,24.54753932856,2302.656781571999,0.07181462346150003,181,62791.07387553,西部黄金,黄金,-2.9691266179953066e-05
300141,2017-05-03,2017-11-01 00:00:00,4500,13.085488416,13.59797437404,2306.1868111799963,0.03916445009521907,182,58884.697872000004,和顺电气,电气设备,-2.973678362291415e-05
601058,2013-05-03,2013-11-01 00:00:00,18700,1.8600327645899999,1.98427262112,2323.2853171110005,0.06679444518139221,182,34782.612697833,赛轮轮胎,汽车配件,-2.9957257770403196e-05
000902,2005-08-02,2005-11-01 00:00:00,16000,0.7690972889599998,0.91490485932,2332.9211257600023,0.18958273868988185,91,38124.747793131995,新洋丰,农药化肥,-3.0081505275175177e-05
600048,2012-05-03,2012-11-01 00:00:00,7400,4.484782602299999,4.8008655288,2339.0136561000068,0.07047898516594753,182,33187.39125702,保利发展,全国地产,-3.0160064503576995e-05
600000,2008-11-03,2009-05-05 00:00:00,3900,3.14516268528,3.7486122354,2353.4532454680007,0.19186592571006478,183,7133.7838572,浦发银行,银行,-3.0346253645999533e-05
600871,2010-11-02,2011-05-04 00:00:00,6400,6.174078670759999,6.5451989493000005,2375.1697826560076,0.06010941847851736,183,39514.10349286399,石化油服,石油开采,-3.062627431226477e-05
600993,2006-08-01,2006-11-01 00:00:00,5900,2.5599303529799995,2.96283526893,2377.139004105004,0.15738901469759958,92,15103.589082581997,马应龙,中成药,-3.065166614602712e-05
002015,2018-11-01,2019-11-01 00:00:00,3100,4.617001469079999,5.391285278040001,2400.2798077760053,0.1677027426015285,365,14312.704554147997,协鑫能科,新型电力,-3.095005180511118e-05
300585,2025-11-03,2026-05-07 00:00:00,4400,21.20118,21.74823,2407.019999999994,0.025802809088927958,185,93285.19200000001,奥联电子,汽车配件,-3.103696221356983e-05
002137,2010-05-05,2010-11-02 00:00:00,2300,6.210700816319999,7.257667068,2408.0223788640014,0.16857457517980312,181,14284.611877536,实益达,元器件,-3.10498872390893e-05
002004,2012-05-03,2013-05-03 00:00:00,10400,3.2146121907899996,3.4475012478,2422.0461929040043,0.0724470148148002,365,33431.966784216,华邦健康,农药化肥,-3.1230715228241735e-05
300546,2019-05-07,2019-11-01 00:00:00,1900,20.3644374934,21.64429467936,2431.7286533240017,0.06284765716582141,178,38692.43123746,雄帝科技,IT设备,-3.1355564277352194e-05
002891,2022-11-01,2023-05-05 00:00:00,1600,19.06659039285,20.59566167205,2446.51404672,0.08019636692742949,185,30506.544628559997,中宠股份,饲料,-3.154621233850015e-05
002223,2013-11-01,2014-05-06 00:00:00,2300,11.3023357447,12.37200129432,2460.2307641259995,0.09464110550083404,186,25995.37221281,鱼跃医疗,医疗保健,-3.172308051567534e-05
600531,2016-05-04,2016-11-01 00:00:00,4400,7.292353668599999,7.85323618272,2467.883062128005,0.07691378389052828,181,32086.356141839995,豫光金铅,铅锌,-3.182175193674173e-05
003001,2024-11-01,2025-05-07 00:00:00,1200,27.3993438719,29.4573017115,2469.5494075200004,0.07510974894952072,187,32879.21264628,中岩大地,建筑工程,-3.18432383801307e-05
601858,2019-05-07,2019-11-01 00:00:00,4200,9.292785401899998,9.8808749343,2469.9760360800065,0.06328452740119883,178,39029.698687979995,中国科传,出版业,-3.184873947879051e-05
000801,2005-08-02,2005-11-01 00:00:00,19300,0.6373209843,0.76561287075,2476.033408485,0.2012987012987013,91,23576.155522919995,四川九洲,家用电器,-3.19268453684164e-05
600718,2005-11-01,2006-02-07 00:00:00,2100,2.43556260948,3.61508024106,2476.987026318,0.4842895957545639,98,83023.74836755998,东软集团,软件服务,-3.193914165205717e-05
600610,2010-11-02,2011-05-04 00:00:00,7000,6.65731206426,7.01568701028,2508.6246221399974,0.053831778135194686,183,66516.44999999998,中毅达,化工原料,-3.234708793669773e-05
000797,2006-05-09,2006-08-01 00:00:00,11600,1.1450471031999998,1.36333841688,2532.1792386880024,0.19063959296517452,84,73194.17027422499,中国武夷,全国地产,-3.265080944451884e-05
002287,2013-08-01,2013-11-01 00:00:00,2700,11.724395632949998,12.67758668304,2573.6158352430048,0.0812998025596452,92,31655.868208964992,奇正藏药,中成药,-3.318510749004258e-05
002262,2012-11-01,2013-05-03 00:00:00,2600,5.972318952599999,6.968077447500001,2588.9720867400033,0.16672895449873892,183,15528.029276759999,恩华药业,化学制药,-3.338311639626456e-05
000727,2014-11-03,2015-05-05 00:00:00,16000,5.327321999999999,5.489505,2594.9280000000244,0.030443626272262492,183,62222.15999999999,冠捷科技,元器件,-3.345991403600107e-05
600668,2010-05-05,2010-11-02 00:00:00,3200,4.41556858743,5.22848791836,2601.3418589759995,0.18410297900120365,181,37840.48423155,尖峰集团,水泥,-3.354261658881762e-05
002139,2009-11-03,2010-02-02 00:00:00,15400,2.00044502658,2.16962612208,2605.388870699999,0.08457172941624647,91,30806.853409332,拓邦股份,元器件,-3.3594800180958796e-05
002007,2018-11-01,2019-05-07 00:00:00,900,15.262362215099998,18.161583237,2609.2989197100005,0.1899588661990752,187,48549.6955944,华兰生物,生物制药,-3.3645217727708144e-05
000014,2006-05-09,2006-08-01 00:00:00,5000,2.657207553,3.18214842624,2624.704366199999,0.19755358313931448,84,29713.108525099997,沙河股份,全国地产,-3.384386097146734e-05
000027,2008-11-03,2009-05-05 00:00:00,2800,2.589194608,3.5304192268200003,2635.4289326960006,0.3635202297702298,183,7249.744902400001,深圳能源,火力发电,-3.3982147302737256e-05
600138,2005-08-02,2006-02-07 00:00:00,5100,2.38407002834,2.90116201392,2637.169126458,0.21689462953403482,189,12158.757144534,中青旅,旅游景点,-3.4004585972974924e-05
002437,2014-05-06,2014-11-03 00:00:00,2600,7.02369369702,8.0383737798,2638.1682152280023,0.14446530935859392,181,27112.6839984,誉衡药业,化学制药,-3.401746857486546e-05
600643,2005-11-01,2006-05-09 00:00:00,3900,1.317169854,1.9937161881,2638.53070299,0.5136363636363637,189,7195.584424027999,爱建集团,多元金融,-3.402214261952317e-05
000423,2005-11-01,2006-05-09 00:00:00,1200,4.199085340449999,6.3981121833,2638.8322114200014,0.5236918672899229,189,36630.44961576,东阿阿胶,中成药,-3.402603037523315e-05
300130,2019-05-07,2019-11-01 00:00:00,2700,14.642273646000001,15.6315014514,2670.9150745799966,0.06755971301425845,178,39534.1388442,新国都,IT设备,-3.443971809349054e-05
300131,2015-05-05,2016-05-04 00:00:00,7100,9.529301101319998,9.90804288915,2689.0666935930135,0.03974497015080547,365,360764.444244204,英唐智控,元器件,-3.46737714513447e-05
002205,2010-05-05,2010-11-02 00:00:00,1100,12.221497037749998,14.67940142448,2703.694825403002,0.2011132007100258,181,49797.71020223999,国统股份,水泥,-3.4862391726307824e-05
600583,2005-11-01,2006-05-09 00:00:00,2200,2.2647310686,3.50462850336,2727.774356472,0.5474810903382332,189,15894.071337143998,海油工程,石油开采,-3.517288166652808e-05
688617,2024-11-01,2025-05-07 00:00:00,100,253.94502551418,281.38560222051,2744.0576706330007,0.10805715390868231,187,25394.502551418,惠泰医疗,医疗保健,-3.5382844444704694e-05
688123,2022-05-06,2022-11-01 00:00:00,200,60.18486554079999,74.00432174984999,2763.891241810001,0.22961679958696002,179,12036.973108159998,聚辰股份,半导体,-3.563858548515334e-05
000333,2017-11-01,2018-05-03 00:00:00,1900,37.0948740162,38.572353036,2807.2101376200008,0.03982973548190949,183,70480.26063078,美的集团,家用电器,-3.619715455910725e-05
600692,2013-05-03,2013-11-01 00:00:00,4600,7.508314533719999,8.12024346816,2814.8730984240033,0.08150017313363933,182,114041.928,亚通股份,区域地产,-3.6295963470091744e-05
002298,2011-11-01,2012-05-03 00:00:00,1800,7.183858882199999,8.747992660589999,2815.440801101999,0.21772891200098243,184,31586.195946304993,中电鑫龙,电气设备,-3.630328362803206e-05
603826,2018-11-01,2019-05-07 00:00:00,2000,7.05296215624,8.47337919894,2840.8340854000007,0.20139297662944466,187,114582.18541769999,坤彩科技,染料涂料,-3.663071356431656e-05
002208,2010-05-05,2010-11-02 00:00:00,2500,5.605545145199999,6.7479016437,2855.891246250002,0.2037904376665658,181,62761.69899999999,合肥城建,区域地产,-3.6824865890572736e-05
300008,2022-11-01,2023-05-05 00:00:00,7400,4.1843057256,4.5736545672,2881.181427840003,0.0930498073355217,185,30963.862369439998,天海防务,船舶,-3.7150966384288275e-05
000739,2012-05-03,2012-08-01 00:00:00,13200,2.5319658063700006,2.75072795856,2887.660408907995,0.08640012105994122,90,53915.2657043,普洛药业,化学制药,-3.723450864425691e-05
000713,2022-11-01,2023-05-05 00:00:00,3800,8.170652730239999,8.93233728144,2894.401294560007,0.09322199539590859,185,31048.480374911996,国投丰乐,种植业,-3.732142799402031e-05
600501,2010-05-05,2011-05-04 00:00:00,1500,9.42091021872,11.35237601025,2897.198687295,0.20501902116549675,364,14131.365328079999,航天晨光,专用机械,-3.7357498559538036e-05
000812,2022-05-06,2022-11-01 00:00:00,3300,4.847571528799999,5.7264773904,2900.3893432800055,0.18130848743093675,179,15996.986045039996,陕西金叶,广告包装,-3.739863999967693e-05
300444,2018-11-01,2019-05-07 00:00:00,2000,7.179585392979999,8.634015641700001,2908.8604974400046,0.20257858485005342,187,14359.170785959997,双杰电气,电气设备,-3.750787003996293e-05
600690,2017-11-01,2018-05-03 00:00:00,5100,14.20540396275,14.77697665158,2915.020713033004,0.04023628545367686,183,72447.560210025,海尔智家,家用电器,-3.758730202581572e-05
000892,2012-08-01,2012-11-01 00:00:00,6400,3.2932900000000003,3.75624,2962.8799999999983,0.1405737120022834,92,468996.52799999993,欢瑞世纪,影视音像,-3.820441649979724e-05
002481,2012-11-01,2013-05-03 00:00:00,5100,3.105210108,3.692309994,2994.209418599999,0.18906929501725034,183,15836.571550800001,双塔食品,食品,-3.8608389038979024e-05
600660,2006-05-09,2006-11-01 00:00:00,7700,1.7049428195799998,2.0945964069,3000.3326223640015,0.22854349298118315,176,13128.059710765998,福耀玻璃,汽车配件,-3.868734378129497e-05
300399,2022-05-06,2022-08-02 00:00:00,1800,9.03067156992,10.70264472192,3009.5516735999995,0.18514383333008433,88,68388.255936,天利科技,互联网,-3.880621746944739e-05
002461,2014-05-06,2014-11-03 00:00:00,2900,6.369353790800001,7.40731010517,3010.0733116729966,0.1629610080490802,181,18471.12599332,珠江啤酒,啤酒,-3.881294365417405e-05
000818,2009-05-05,2009-11-03 00:00:00,5400,4.355456064959999,4.91401890216,3016.2393208800013,0.12824439711232172,182,41893.541127437995,航锦科技,化工原料,-3.889245034492291e-05
600522,2007-11-01,2008-02-01 00:00:00,10400,2.09988204426,2.39012176572,3018.4931031839988,0.1382171547460802,92,21838.773260304002,中天科技,通信设备,-3.892151140640424e-05
600583,2012-11-01,2013-11-01 00:00:00,3800,5.4938104442273685,6.290377026300001,3026.953011876002,0.1449934594866895,365,15894.071337143998,海油工程,石油开采,-3.903059644367188e-05
002421,2012-11-01,2013-05-03 00:00:00,7300,2.16194210232,2.5766883324000003,3027.647479584003,0.19183965640658585,183,15782.177346936,达实智能,软件服务,-3.9039551154481006e-05
300603,2018-02-01,2018-05-03 00:00:00,6200,13.3692591032,13.85840741031,3032.7195040820097,0.03658754036661027,91,82889.40643984,立昂技术,通信设备,-3.9104951621735504e-05
000729,2005-11-01,2006-05-09 00:00:00,2200,2.31669403966,3.69685349595,3036.350803838,0.5957452441551381,189,68432.03186819999,燕京啤酒,啤酒,-3.915177487759246e-05
300024,2012-08-01,2012-11-01 00:00:00,4600,4.58427507538,5.249429296020001,3059.7094149440036,0.14509474446946546,92,21087.665346748,机器人,专用机械,-3.9452969022326825e-05
600469,2005-02-01,2005-05-10 00:00:00,5200,2.8347182864,3.42517671468,3070.3838270560013,0.20829527615241905,98,14740.53508928,风神股份,汽车配件,-3.959060864533459e-05
000100,2009-05-05,2009-08-03 00:00:00,18300,1.2864185334,1.45615421817,3106.163031291,0.1319443714180557,90,34592.526783814996,TCL科技,元器件,-4.0051958285085514e-05
000815,2010-08-03,2010-11-02 00:00:00,12400,6.582079936690321,6.83316,3113.3927850400228,0.03814600638775145,91,113533.41999999997,美利云,通信设备,-4.0145181271982934e-05
300122,2012-11-01,2013-05-03 00:00:00,3200,4.853109110849999,5.8267305369,3115.5885633600037,0.200618078805048,183,72967.27022184599,智飞生物,生物制药,-4.017349440969954e-05
600805,2009-05-05,2009-11-03 00:00:00,8300,5.5924276041368675,5.96843147412,3120.83212086,0.06723446356372897,182,23550.126263664,悦达投资,综合类,-4.0241106683794506e-05
002316,2013-05-03,2013-11-01 00:00:00,4300,7.957200451199999,8.68545976608,3131.515053983999,0.0915220521773048,182,34334.3,亚联发展,软件服务,-4.037885617972709e-05
000707,2009-05-05,2010-05-05 00:00:00,3400,6.90216771244,7.82601341274,3141.075381020001,0.13384863115321344,365,61984.24940307599,双环科技,化工原料,-4.050213039804092e-05
002213,2010-05-05,2010-11-02 00:00:00,1500,9.32501906336,11.42114154588,3144.1837237800005,0.2247847932832776,181,112748.63599999998,大为股份,半导体,-4.054221046251439e-05
300228,2013-05-03,2013-11-01 00:00:00,1700,19.83575389796,21.7098409275,3185.947950218,0.0944802521336352,182,33720.781626532,富瑞特装,化工机械,-4.108073308294762e-05
002009,2010-05-05,2011-05-04 00:00:00,1100,12.4088357393,15.32943683838,3212.6612089879986,0.23536463536463526,364,13649.71931323,天奇股份,工程机械,-4.142518323419096e-05
002486,2022-05-06,2023-05-05 00:00:00,6200,2.6328718416,3.15313363008,3225.623088576,0.1976023976023975,364,16323.80541792,嘉麟杰,服饰,-4.159231826713196e-05
002836,2022-05-06,2022-08-02 00:00:00,3100,5.2592612072,6.30110696562,3229.721851102,0.19809735956710028,88,16303.70974232,新宏泽,广告包装,-4.1645169152310253e-05
600649,2025-05-07,2025-11-03 00:00:00,14200,4.4144505405,4.6422478053,3234.7211601600056,0.05160263156424416,180,62685.1976751,城投控股,区域地产,-4.170963200111387e-05
600770,2006-08-01,2006-11-01 00:00:00,6000,2.5419040647,3.08501287902,3258.6528859200002,0.2136621998690964,92,67092.02499999998,综艺股份,综合类,-4.201821608770994e-05
000758,2008-11-03,2009-05-05 00:00:00,4700,3.3506730014204256,4.04419499676,3259.5533780959995,0.2069799097212932,183,13252.910170499998,中色股份,铅锌,-4.20298273504498e-05
000009,2006-05-09,2006-11-01 00:00:00,10500,1.26180441387,1.57308532002,3268.4495145749993,0.2466950525202951,176,30822.351844283996,中国宝安,电气设备,-4.2144537262185256e-05
002318,2012-11-01,2013-05-03 00:00:00,4300,3.6902071206,4.45128729696,3272.6447583480026,0.20624321385956645,183,31287.031796020005,久立特材,特种钢,-4.219863221048623e-05
300146,2012-05-03,2012-11-01 00:00:00,5200,6.377043672999999,7.0066805058,3274.1115305600056,0.09873490994986334,182,33160.627099599995,汤臣倍健,食品,-4.221754528712035e-05
002867,2023-11-01,2024-05-07 00:00:00,2700,12.0825913208,13.2973321572,3279.8002582799973,0.10053644985151822,188,32622.99656616,周大生,服饰,-4.229089774255847e-05
002653,2022-11-01,2023-05-05 00:00:00,1400,22.003446465,24.3506272977,3286.0531657800016,0.10667332667332663,185,67232.75308750001,海思科,化学制药,-4.237152493045162e-05
600666,2015-11-03,2016-05-04 00:00:00,2700,10.264147673779998,11.48326591932,3291.619262958007,0.11877442572794106,183,27713.198719205997,奥瑞德,元器件,-4.2443296144563184e-05
600019,2009-05-05,2009-08-03 00:00:00,8300,4.446315018928916,4.8444031476000005,3304.1314679700045,0.08953214672742216,90,23630.57237541,宝钢股份,普钢,-4.260463291541088e-05
600075,2005-11-01,2006-05-09 00:00:00,2300,2.19907699011,3.64205171259,3318.8418617039997,0.6561728984340021,189,15131.683031465001,新疆天业,化工原料,-4.27943139045463e-05
600000,2005-11-01,2006-11-01 00:00:00,5100,1.00634325792,1.65954307572,3331.31907078,0.6490825199645016,365,7133.7838572,浦发银行,银行,-4.29551994254903e-05
600339,2009-05-05,2009-11-03 00:00:00,3800,6.112334187959999,6.99608167524,3358.240451664003,0.14458428811382662,182,74642.1100425,中油工程,石油开采,-4.330233317644955e-05
002760,2019-05-07,2019-11-01 00:00:00,2400,16.239318655559998,17.64292445496,3368.6539185600027,0.0864325547869853,178,38974.364773343994,凤形股份,机械基件,-4.343660808009115e-05
000736,2005-05-10,2005-11-01 00:00:00,6200,0.5639691056999999,1.1099407482,3385.024183500001,0.9680878561997448,175,33169.66547895,中交发展,全国地产,-4.3647692032184965e-05
000408,2008-05-06,2009-05-05 00:00:00,1700,3.9264433208,5.929988875199999,3406.0274424799995,0.5102698270942527,364,67110.90802416,藏格矿业,农药化肥,-4.391851543844002e-05
002708,2024-05-07,2024-11-01 00:00:00,7100,9.529519999999998,10.00998,3411.2660000000183,0.05041806932563264,178,67659.59199999999,光洋股份,汽车配件,-4.3986063241035105e-05
601012,2017-11-01,2018-05-03 00:00:00,7900,9.25185285024,9.68439074517,3417.049369947002,0.046751488802459606,183,73089.63751689601,隆基绿能,电气设备,-4.406063604662527e-05
300474,2019-11-01,2020-05-07 00:00:00,1400,35.88614321292,38.3278525812,3418.3931155920022,0.06804045098390277,188,62856.41542179999,景嘉微,元器件,-4.407796277544702e-05
600117,2017-05-03,2017-11-01 00:00:00,11200,5.285279999999999,5.594399999999999,3462.1440000000007,0.05848696757787675,182,59195.13599999999,西宁特钢,特种钢,-4.4642102062275254e-05
601766,2010-11-02,2011-05-04 00:00:00,9200,4.31379985036,4.69216341972,3480.9448381120023,0.08771004276622252,183,68215.121156182,中国中车,运输设备,-4.4884526679464e-05
000798,2010-05-05,2010-11-02 00:00:00,1700,8.424293017139998,10.47363816771,3483.8867559690025,0.24326612884908205,181,62026.71787812499,中水渔业,渔业,-4.492246080272144e-05
000983,2005-11-01,2006-05-09 00:00:00,6300,0.8234658431999999,1.3765494326399998,3484.4266134719996,0.6716533466533465,189,5187.834812159999,山西焦煤,煤炭开采,-4.492942191518467e-05
300752,2024-11-01,2025-05-07 00:00:00,2800,12.00474323048,13.25122907643,3490.160368659999,0.10383277859581175,187,33613.281045344,隆利科技,元器件,-4.500335497062742e-05
601577,2023-11-01,2024-05-07 00:00:00,5100,6.426201862079999,7.11918070299,3534.192088641002,0.10783645702123978,188,32773.629496607995,长沙银行,银行,-4.557111545007872e-05
600803,2005-08-02,2006-02-07 00:00:00,9600,1.2743135405,1.64642327865,3572.2534862400003,0.2920079920079921,189,33274.267401375,新奥股份,供气供热,-4.606189249350826e-05
000710,2010-05-05,2010-11-02 00:00:00,1200,11.39138,14.3856,3593.0640000000003,0.26284962840323134,181,53085.032,贝瑞基因,医疗保健,-4.6330230575125404e-05
002841,2018-11-01,2019-05-07 00:00:00,200,51.6725994785,69.64082256690001,3593.644617680003,0.3477321301761924,187,58209.96070889999,视源股份,元器件,-4.6337717263642645e-05
300402,2019-05-07,2019-11-01 00:00:00,4600,8.513580335259999,9.29670803595,3602.387423174003,0.09198570634807823,178,82716.93407577601,宝色股份,专用机械,-4.645045007174472e-05
600777,2013-05-03,2013-11-01 00:00:00,26400,1.31430174876,1.45099203552,3608.6235704639985,0.10400221021463496,182,42292.24999999999,新潮能源,石油开采,-4.653086114759696e-05
002793,2019-05-07,2020-05-07 00:00:00,3100,12.6798187516,13.8589809462,3655.4028032600054,0.09299519320425698,366,39307.43812996,罗欣药业,化学制药,-4.7134049023339356e-05
600276,2005-02-01,2005-05-10 00:00:00,32300,0.4587117635099999,0.57215033694,3664.0659217890006,0.2472981563890655,98,73143.262192,恒瑞医药,化学制药,-4.724575431969589e-05
603383,2022-11-01,2023-02-01 00:00:00,800,35.23836211896,39.84024815172,3681.508826208,0.13059307402610387,92,67292.746525004,顶点软件,软件服务,-4.7470669262383276e-05
002797,2019-05-07,2019-11-01 00:00:00,6500,6.079013740799999,6.64593741,3685.003849800008,0.09325915245017913,178,39513.58931519999,第一创业,证券,-4.7515735325465714e-05
600867,2007-11-01,2008-05-06 00:00:00,13400,1.63167916912,1.90865214729,3711.4379074779986,0.16974720484994443,187,21864.500866208,通化东宝,生物制药,-4.7856585359658664e-05
002077,2010-05-05,2010-11-02 00:00:00,1700,8.274723096639999,10.45907577468,3713.399552668003,0.2639789455827193,181,66558.33939955199,大港股份,半导体,-4.7881879502473675e-05
600315,2012-11-01,2013-11-01 00:00:00,500,29.1515528304,36.64613883834,3747.2930039700004,0.2570904559198799,365,14575.7764152,上海家化,日用化工,-4.83189135808559e-05
000507,2008-11-03,2009-05-05 00:00:00,5500,2.1883366778,2.87268747696,3763.929395379999,0.3127264675963837,183,7202.800945340001,珠海港,新型电力,-4.8533429061226765e-05
000567,2014-05-06,2015-05-05 00:00:00,11000,4.594753328255999,4.9373375202,3768.4261113840075,0.07455986588817232,364,73663.32241067801,海德股份,多元金融,-4.859141129847513e-05
000833,2005-05-10,2006-02-07 00:00:00,1600,2.1703582901,4.53962149434,3790.821126784001,1.091646119005925,273,77485.35570775998,粤桂股份,综合类,-4.8880180501365814e-05
300174,2014-05-06,2014-08-01 00:00:00,3800,4.97338456615,5.971729263029999,3793.7098481439975,0.20073748241287492,87,18898.86135137,元力股份,化工原料,-4.891742869028644e-05
600643,2008-11-03,2009-05-05 00:00:00,2200,5.60570311574,7.33466335464,3803.71252558,0.30842879175055327,183,7195.584424027999,爱建集团,多元金融,-4.904640673019294e-05
300779,2023-11-01,2024-05-07 00:00:00,1300,23.556177604959995,26.488495049940003,3812.01267847401,0.12448188726351672,188,366645.96194226,惠城环保,环境保护,-4.9153431820029436e-05
300188,2012-05-03,2012-11-01 00:00:00,10700,3.1163347215,3.47266108278,3812.692065696003,0.11434149188842202,182,66398.68585349999,国投智能,软件服务,-4.916219207774951e-05
300989,2025-05-07,2025-11-03 00:00:00,3700,16.67535643774,17.71024430772,3829.0851189260015,0.06206091449042872,180,61698.818819638,蕾奥规划,建筑工程,-4.9373569870067195e-05
002075,2013-11-01,2014-05-06 00:00:00,11800,2.243334093,2.5680948345,3832.1767497,0.14476699770817425,186,62117.921035169995,沙钢股份,特种钢,-4.941343444431706e-05
000603,2007-11-01,2008-05-06 00:00:00,3800,5.7378598277,6.74927844552,3843.3907477159983,0.17627105718708758,187,61759.78607798998,盛达资源,铅锌,-4.955803167769508e-05
002155,2024-05-07,2024-11-01 00:00:00,5500,12.36774133595,13.06781622288,3850.4118781149923,0.05660491013788049,178,68022.577347725,湖南黄金,黄金,-4.964856460176307e-05
000848,2013-05-03,2013-11-01 00:00:00,6200,5.528270748,6.151770072,3865.6958087999997,0.11278378943823753,182,34275.2786376,承德露露,软饮料,-4.984564097800647e-05
600587,2012-11-01,2013-05-03 00:00:00,1400,10.94284286095,13.70931411285,3873.059752660001,0.25281101876846557,183,38648.25924959999,新华医疗,医疗保健,-4.9940594259377505e-05
603586,2019-05-07,2019-11-01 00:00:00,3200,12.337284339379998,13.55284910448,3889.8072483200053,0.0985277417348629,178,39479.309886015995,金麒麟,汽车配件,-5.015654235701338e-05
600503,2006-11-01,2007-02-01 00:00:00,8300,1.84847587925,2.31791510466,3896.3455709029995,0.2539601574895691,92,83855.77199999998,华丽家族,区域地产,-5.024084978734155e-05
002614,2015-05-05,2015-11-03 00:00:00,5400,12.339411083999996,13.0671156042,3929.6044090800174,0.05897400736924863,182,66632.81985359998,奥佳华,家用电器,-5.066970094095363e-05
000625,2013-05-03,2013-11-01 00:00:00,7600,4.5266853632,5.04395611488,3931.2577127679992,0.11427141720190859,182,34402.808760320004,长安汽车,汽车整车,-5.0691019220025446e-05
600584,2014-11-03,2015-11-03 00:00:00,5700,13.224133755288596,13.9154717988,3940.6268480150043,0.05227851262733374,365,61835.607794961,长电科技,半导体,-5.0811828144186905e-05
603338,2018-11-01,2019-05-07 00:00:00,500,24.83560594515,32.76201673845,3963.2053966500002,0.3191551199034828,187,12417.802972575,浙江鼎力,工程机械,-5.1102963889141924e-05
000688,2018-08-01,2018-11-01 00:00:00,19300,11.185920705959996,11.391399198,3965.7348963720883,0.01836938571632496,92,215888.26962502793,国城矿业,铅锌,-5.113558014795725e-05
600593,2018-11-01,2019-05-07 00:00:00,500,24.88486,32.81715,3966.144999999999,0.31875967958027496,187,31153.121999999996,大连圣亚,旅游景点,-5.114086816833229e-05
600783,2009-05-05,2009-11-03 00:00:00,2700,8.4777236544,9.95023586394,3975.782965757999,0.1736919330669331,182,39606.86519789999,鲁信创投,专用机械,-5.126514348762616e-05
300859,2023-11-01,2024-05-07 00:00:00,1200,25.8363600495,29.16108023949,3989.6642279879998,0.12868376906112755,188,31003.632059400003,西域旅游,旅游服务,-5.1444133363617707e-05
600516,2008-02-01,2008-05-06 00:00:00,11400,2.6193713145599995,2.97271423008,4028.1092369280036,0.1348960773739536,95,125940.44174712,方大炭素,矿物制品,-5.193985682655996e-05
000735,2009-05-05,2009-11-03 00:00:00,5600,4.1876620786,4.9082419449,4035.2472512800027,0.17207211393257915,182,62073.147135999985,罗牛山,农业综合,-5.203189689341562e-05
603012,2018-11-01,2019-05-07 00:00:00,2100,6.799707914999999,8.7224762925,4037.813592750001,0.2827722016203693,187,14279.386621499998,创力集团,专用机械,-5.206498820268246e-05
600118,2006-08-01,2006-11-01 00:00:00,4500,3.3366929596,4.23678338559,4050.406916954999,0.2697552447552447,92,90291.40578057601,中国卫星,航空,-5.2227370952927053e-05
300678,2020-05-07,2020-08-03 00:00:00,3700,14.828168975619995,15.925566492000002,4060.370810606023,0.0740076214524068,88,54864.225209793985,中科信息,软件服务,-5.235584890107325e-05
000678,2005-01-04,2006-11-01 00:00:00,2600,1.85373814626,3.41658,4063.3888197240003,0.8430758448236628,666,73929.85599999997,襄阳轴承,汽车配件,-5.239476417180423e-05
000539,2012-05-03,2012-11-01 00:00:00,10000,3.32935246644,3.73632009984,4069.6763339999984,0.12223627191841335,182,39570.700990821,粤电力A,火力发电,-5.247583759163515e-05
300204,2012-05-03,2013-02-01 00:00:00,2800,11.732679158199998,13.1975476416,4101.631753520005,0.12485370678326291,274,32851.50164295999,舒泰神,生物制药,-5.288788200678801e-05
600027,2008-11-03,2009-05-05 00:00:00,3900,1.82836025372,2.887194915,4129.455178991999,0.5791170854461991,183,13380.29847154,华电国际,火力发电,-5.3246647037833175e-05
601003,2017-11-01,2018-11-01 00:00:00,13200,5.561854738439999,5.876155962,4148.776150992015,0.05651014604674076,365,73416.48254740798,柳钢股份,普钢,-5.3495778444258525e-05
300635,2025-11-03,2026-05-07 00:00:00,6400,14.50449,15.15483,4162.1759999999995,0.04483715042721248,185,92828.736,中达安,建筑工程,-5.3668560808895445e-05
688082,2023-05-05,2023-11-01 00:00:00,600,109.25443176647997,116.19693086589,4165.499459646017,0.0635443248128269,180,65552.65905988798,盛美上海,半导体,-5.37114146661346e-05
688058,2021-05-07,2021-11-02 00:00:00,1700,36.87688040036,39.33042066954,4171.018457605993,0.06653329247329842,179,62690.696680612,宝兰德,软件服务,-5.37825785663683e-05
300832,2023-11-01,2024-05-07 00:00:00,500,63.84690432119999,72.26224048494001,4207.668081870008,0.13180492074297412,188,31923.452160599998,新产业,医疗保健,-5.42551517080222e-05
600458,2010-11-02,2011-05-04 00:00:00,2600,16.23020642397,17.849099034,4209.120786078006,0.09974565743286545,183,38702.26949589,时代新材,塑料,-5.427388338686622e-05
000039,2005-11-01,2006-11-01 00:00:00,2200,2.28592489125,4.218936330509999,4252.625166371998,0.8456145898140077,365,5029.03476075,中集集团,运输设备,-5.483484416297501e-05
600309,2005-11-01,2006-11-01 00:00:00,2000,2.5027866863999995,4.63425582528,4262.938277760002,0.8516383559423115,365,58242.39220799999,万华化学,化工原料,-5.4967825047410475e-05
002183,2009-11-03,2010-05-05 00:00:00,9100,3.37310181208,3.8455455051,4299.237606482002,0.1400620910190289,183,114332.218,怡亚通,仓储物流,-5.543588135517803e-05
300562,2024-11-01,2025-05-07 00:00:00,2600,12.741104035659998,14.39632528398,4303.575245632005,0.12991191687057446,187,33126.87049271599,乐心医疗,医疗保健,-5.549181239953775e-05
002156,2010-05-05,2010-11-02 00:00:00,2100,6.60963478175,8.66125765242,4308.4080284070005,0.31039882511130257,181,13880.233041675,通富微电,半导体,-5.555412799989584e-05
600589,2024-05-07,2024-11-01 00:00:00,17200,3.9539500000000003,4.20579,4331.648000000001,0.0636932687565599,178,68007.94,大位科技,软件服务,-5.5853792365034644e-05
600486,2009-11-03,2010-02-02 00:00:00,3300,9.291573491199998,10.61183386368,4356.859229184006,0.14209222729932813,91,30662.192520959994,扬农化工,农药化肥,-5.617887481866677e-05
600812,2014-11-03,2015-05-05 00:00:00,9400,8.124015208245106,8.589724736940001,4377.669569732008,0.05732504392929294,183,61985.169229984,华北制药,化学制药,-5.644721066682752e-05
000738,2009-11-03,2010-05-05 00:00:00,3500,10.11243065976,11.37319386156,4412.671206300005,0.12467459547751525,183,30575.81849322,航发控制,航空,-5.689853407567913e-05
002600,2015-11-03,2016-11-01 00:00:00,6600,4.19049328698,4.860187667280001,4419.982909980007,0.1598127796507307,364,27657.255694067997,领益智造,元器件,-5.6992813753801064e-05
002138,2012-08-01,2012-11-01 00:00:00,4300,4.85944835376,5.8914084942,4437.428603891999,0.21236158207989186,92,20895.627921168,顺络电子,元器件,-5.721776466519191e-05
003031,2022-11-01,2023-05-05 00:00:00,400,73.46034580885,84.6017458677,4456.560023540004,0.1516654997492235,185,29384.13832354,中瓷电子,元器件,-5.746445191694183e-05
002243,2014-05-06,2014-11-03 00:00:00,2900,6.47692520475,8.0139348432,4457.327951505,0.23730544816586718,181,73861.9597716,力合科创,广告包装,-5.747435385013404e-05
600150,2005-11-01,2006-08-01 00:00:00,1100,4.503585526439999,8.56013647482,4462.206043218001,0.900738072934218,273,64719.07830788399,中国船舶,船舶,-5.7537253679869864e-05
300468,2022-05-06,2022-11-01 00:00:00,1900,8.565821494229999,10.9405239246,4511.934617703004,0.2772299693578275,179,16275.060839036998,四方精创,软件服务,-5.817847140436976e-05
301160,2023-11-01,2024-05-07 00:00:00,1800,17.7744943376,20.29082390496,4529.3932212479995,0.14156968516606283,188,31994.08980768,翔楼新材,机械基件,-5.8403588777107726e-05
002494,2024-11-01,2025-05-07 00:00:00,8400,4.054049999999999,4.5954,4547.340000000004,0.13353313353313356,187,34054.02,华斯股份,服饰,-5.86350008526124e-05
600683,2009-05-05,2009-11-03 00:00:00,4300,5.404596337139999,6.464080049400001,4555.779962718006,0.19603382864679553,182,41969.34358616999,京投发展,区域地产,-5.874382869947805e-05
002446,2014-05-06,2014-11-03 00:00:00,3300,5.709452668919999,7.0979420728800005,4582.015033068004,0.2431913327731725,181,18841.193807435997,盛路通信,通信设备,-5.9082112921097834e-05
600879,2006-11-01,2007-02-01 00:00:00,3800,3.9971836905,5.20859024595,4603.34491071,0.30306502008629677,92,29708.602603679996,航天电子,航空,-5.935714786322323e-05
000777,2005-08-02,2005-11-01 00:00:00,7300,1.6888421549999997,2.32110657,4615.530229500002,0.37437744737014844,91,18866.50766,中核科技,机械基件,-5.951426964818788e-05
002551,2014-05-06,2014-11-03 00:00:00,1500,12.516890035649999,15.59600132706,4618.666937115002,0.24599651212403617,181,18775.335053475,尚荣医疗,医疗保健,-5.955471545907511e-05
000537,2006-05-09,2006-11-01 00:00:00,5200,2.5318068776,3.4233364368,4635.953707840002,0.3521317392285135,176,216067.79818624,绿发电力,新型电力,-5.9777617159013815e-05
002758,2020-05-07,2020-11-03 00:00:00,6100,8.93333374934,9.69368477184,4638.141237250001,0.08511391646552724,180,54493.33587097399,浙农股份,批发业,-5.980582393238471e-05
000796,2009-05-05,2009-11-03 00:00:00,4400,5.361582266039999,6.41913615828,4653.237125856002,0.19724660366371616,182,23590.961970575998,凯撒旅业,旅游服务,-6.000047562794384e-05
300686,2019-05-07,2019-08-01 00:00:00,2600,14.971189132899996,16.76294959068,4658.577190228016,0.11968057058624115,86,50225.8281525,智动力,元器件,-6.006933229557942e-05
600779,2006-05-09,2006-08-01 00:00:00,3300,3.98420790768,5.3965582398,4660.756095996,0.35448710630726343,84,213046.04122401596,水井坊,白酒,-6.009742787267802e-05
300654,2022-05-06,2022-11-01 00:00:00,3700,4.39427252264,5.6585841516,4677.9530271520025,0.2877180744812853,179,16258.808333767998,世纪天鸿,出版业,-6.0319171149625535e-05
300067,2014-05-06,2014-11-03 00:00:00,5800,3.23493451281,4.0419877662,4680.908869661999,0.24948055368482858,181,67958.53451887499,安诺其,染料涂料,-6.0357284822254776e-05
600360,2025-05-07,2025-11-03 00:00:00,9900,7.865431957413333,8.33879517768,4686.295880640005,0.06018273666718499,180,62728.126406945994,华微电子,半导体,-6.0426746835934947e-05
688041,2024-11-01,2025-05-07 00:00:00,200,126.874144397,150.3495587412,4695.082868840003,0.1850291440842624,187,25374.8288794,海光信息,半导体,-6.054004935138328e-05
002390,2014-11-03,2015-11-03 00:00:00,7400,11.166124325437162,11.800962225,4697.800456764999,0.05685391645842919,365,61601.27765791999,信邦制药,医药商业,-6.0575090885620687e-05
300071,2013-11-01,2014-05-06 00:00:00,3900,6.74588599685,7.95275232696,4706.778687428999,0.1789040506574744,186,66940.16146217399,福石控股,广告包装,-6.069085934864271e-05
600380,2008-11-03,2009-05-05 00:00:00,4900,2.4763315740428573,3.4382770812,4713.532985069998,0.38845585835125895,183,7216.99971993,健康元,化学制药,-6.0777951637307914e-05
002202,2013-11-01,2014-05-06 00:00:00,6000,4.408871286819999,5.19746609124,4731.568826520004,0.17886546308971352,186,26453.227720919997,金风科技,电气设备,-6.1010512118556004e-05
603505,2023-11-01,2024-05-07 00:00:00,1500,21.628824216999995,24.7886357508,4739.717300700009,0.14609261706035936,188,32443.23632549999,金石资源,化工原料,-6.111558140972229e-05
000990,2006-02-07,2006-05-09 00:00:00,26600,2.41141497597,2.58988234518,4747.232020985995,0.07400939738221979,91,64143.638360802004,诚志股份,化工原料,-6.121247885534455e-05
002400,2012-08-01,2012-11-01 00:00:00,8800,2.38876871233,2.92826435445,4747.561650655999,0.22584674662528426,92,21021.164668504,省广集团,广告包装,-6.121672921621084e-05
000301,2005-11-01,2006-08-01 00:00:00,4600,1.11119760752,2.151033813,4783.2465452080005,0.9357797375038754,273,42152.96948362499,东方盛虹,化纤,-6.16768627937489e-05
002741,2020-11-03,2021-05-07 00:00:00,6400,12.95285389398,13.7014010838,4790.7020148480005,0.057790136131149916,185,82898.264921472,光华科技,化工原料,-6.177299624070868e-05
600776,2013-11-01,2014-11-03 00:00:00,5500,8.71307929583,9.59143320576,4830.946504615003,0.10080866707483915,367,26563.130689094996,东方通信,通信设备,-6.229192284215064e-05
002182,2014-05-06,2014-08-01 00:00:00,7900,2.3843877057,2.9995542432,4859.815646249999,0.2579976972827922,87,360967.63705002,宝武镁业,小金属,-6.266417170508638e-05
600919,2023-11-01,2024-05-07 00:00:00,5500,5.863561443739999,6.74952429942,4872.795706240005,0.15109637106742757,188,32249.587940569996,江苏银行,银行,-6.283154116252325e-05
600352,2013-05-03,2013-11-01 00:00:00,9300,3.7392761406,4.26454780338,4885.026463854002,0.14047415676974206,182,34775.26810758,浙江龙盛,染料涂料,-6.298924885166126e-05
300534,2022-05-06,2023-05-05 00:00:00,1900,8.63701992153,11.22642690543,4919.87326941,0.29980328949401125,364,16410.337850907,陇神戎发,中成药,-6.343857581500395e-05
600108,2012-11-01,2013-02-01 00:00:00,2900,5.34302225457,7.041054727170001,4924.294170540002,0.317803743218108,92,55122.57370619999,亚盛集团,种植业,-6.349558046860957e-05
688351,2025-05-07,2025-11-03 00:00:00,2800,22.39407907737,24.1560483714,4933.514023283998,0.07868014076142704,180,62703.421416636,微电生理,医疗保健,-6.361446449168793e-05
600584,2010-05-05,2010-11-02 00:00:00,1400,9.67282472156,13.21250529897,4955.552808373999,0.36594073389134385,181,61835.607794961,长电科技,半导体,-6.389864033570723e-05
603606,2018-11-01,2019-05-07 00:00:00,2900,5.010784718939999,6.73341858126,4995.638200728001,0.3437852470110536,187,14531.275684925999,东方电缆,电气设备,-6.441551547916566e-05
000930,2006-11-01,2007-02-01 00:00:00,3700,4.121336469249999,5.472590491439999,4999.639882103,0.32786792155213207,92,15248.944936224996,中粮科技,农业综合,-6.446711456584819e-05
605377,2023-11-01,2024-05-07 00:00:00,3200,10.153621878399996,11.7204234444,5013.765011200013,0.15430962318314134,188,32491.590010879987,华旺科技,造纸,-6.464924894696916e-05
002387,2014-05-06,2014-11-03 00:00:00,2300,7.958509999439999,10.15245263475,5046.0680612130045,0.27567253612351794,181,18304.572998711996,维信诺,元器件,-6.50657758319291e-05
300221,2014-05-06,2014-08-01 00:00:00,5600,3.33537068865,4.23741921912,5051.471770632003,0.2704492587704268,87,73783.09955016,银禧科技,塑料,-6.513545316117878e-05
002115,2018-11-01,2019-05-07 00:00:00,2300,6.280036352589999,8.48043530577,5060.917592314001,0.3503799706943602,187,14444.083610956997,三维通信,互联网,-6.52572509071968e-05
000598,2007-05-09,2007-11-01 00:00:00,11600,1.9913723829999999,2.42766262728,5060.966833648004,0.2190902354599944,176,23099.9196428,兴蓉环境,水务,-6.52578858422712e-05
000561,2009-11-03,2010-11-02 00:00:00,3700,8.168045425539999,9.53861655528,5071.113180038007,0.16779670757638954,364,61871.19451713199,烽火电子,通信设备,-6.53887164001861e-05
000545,2012-11-01,2013-11-01 00:00:00,6900,2.8223245253101443,3.5583875005500003,5078.834529155006,0.26080026185471006,365,15971.997661619998,金浦钛业,化工原料,-6.54882781906083e-05
000505,2007-11-01,2008-05-06 00:00:00,1400,15.122629822299997,18.78189035895,5122.964751310006,0.24197249946924027,187,21171.681751219996,京粮控股,食品,-6.605730879172554e-05
300617,2021-02-02,2021-05-07 00:00:00,2600,38.9834388944,40.9632122835,5147.410811659991,0.05078498575928325,94,101356.94112544,安靠智电,电气设备,-6.637252488937039e-05
002826,2022-05-06,2022-11-01 00:00:00,1900,8.379649718439998,11.088852048,5147.484426164004,0.32330734822939133,179,15921.334465035996,易明医药,化学制药,-6.637347410066877e-05
601633,2013-08-01,2013-11-01 00:00:00,3300,9.55652754056,11.11767537582,5151.787856358,0.16335931944256377,92,31536.540883848,长城汽车,汽车整车,-6.642896404272151e-05
300017,2012-05-03,2012-08-01 00:00:00,32600,1.0240438208,1.1825221941,5166.394969579997,0.1547574137757055,90,33383.82855808,网宿科技,软件服务,-6.661731329662073e-05
600377,2023-11-01,2024-05-07 00:00:00,3700,8.85798516603,10.25544933495,5170.617425004003,0.15776320943494215,188,32774.545114311,宁沪高速,路桥,-6.667175912151763e-05
601118,2017-05-03,2017-11-01 00:00:00,10400,5.68485642725,6.18657963759,5217.921387536007,0.08825609173435267,182,59122.5068434,海南橡胶,橡胶,-6.728171304697648e-05
002167,2010-02-02,2010-05-05 00:00:00,5800,6.206766065499999,7.1110645173,5244.931020440004,0.14569559127199883,92,35999.2431799,东方锆业,小金属,-6.762998475051186e-05
002134,2014-11-03,2015-05-05 00:00:00,6700,13.27983373134328,14.06592,5266.77800000003,0.05919398424404876,183,61701.63999999997,天津普林,元器件,-6.791168738658683e-05
002181,2010-05-05,2010-11-02 00:00:00,2100,6.5907825984,9.10796550741,5286.084108921002,0.3819247367711811,181,13840.643456639998,粤传媒,出版业,-6.816062714324495e-05
600406,2006-11-01,2007-05-09 00:00:00,13300,1.1553410468599998,1.55473299072,5311.912853338003,0.3456918153695592,189,63824.166566160005,国电南瑞,电气设备,-6.84936720554162e-05
600825,2008-11-03,2009-05-05 00:00:00,1300,5.380120816069999,9.484659846,5335.900738909001,0.7629083379819399,183,83818.6122774,新华传媒,出版业,-6.880298028636172e-05
000935,2014-11-03,2015-05-05 00:00:00,10000,7.540202812642501,8.0750781387,5348.753260574997,0.07093646409095067,183,73793.395230555,四川双马,水泥,-6.896870521980499e-05
002230,2012-11-01,2013-05-03 00:00:00,2200,7.054002955999999,9.51141996909,5406.317428798001,0.3483719851576996,183,15518.806503199998,科大讯飞,软件服务,-6.97109578450399e-05
600115,2009-05-05,2009-08-03 00:00:00,4800,4.854621571799999,5.983768242,5419.904016960004,0.23259210908613315,90,94174.07999999999,中国东航,空运,-6.988614808998819e-05
300706,2022-05-06,2022-11-01 00:00:00,900,17.584298962229997,23.65949752929,5467.678710354003,0.3454899498756907,179,15825.869066006997,阿石创,元器件,-7.050217178469553e-05
600886,2013-05-03,2013-11-01 00:00:00,12800,2.70132261399,3.13086184416,5498.102146176001,0.15901071125138477,182,34576.929459072,国投电力,水力发电,-7.089446226338466e-05
000893,2006-05-09,2006-08-01 00:00:00,5300,2.48321165092,3.52274830542,5509.54426885,0.41862587674106,84,132839.96064639298,亚钾国际,农药化肥,-7.104200101631397e-05
600824,2006-11-01,2007-02-01 00:00:00,8200,1.86093965057,2.53360234152,5515.83406579,0.3614640005891463,92,15259.705134673999,益民集团,百货,-7.112310386961716e-05
600143,2006-08-01,2006-11-01 00:00:00,7500,2.0311170679799995,2.76741483498,5522.233252500003,0.3625087783503629,92,37927.86949151199,金发科技,塑料,-7.120561723307735e-05
300080,2013-11-01,2014-11-03 00:00:00,3200,8.288258328349999,10.01399809788,5522.3672624960045,0.20821500744337396,367,42017.975999999995,易成新能,电气设备,-7.120734520508511e-05
603660,2018-02-01,2018-05-03 00:00:00,4800,17.123400694399997,18.28642483044,5582.51585299202,0.06792016123411493,91,82192.32333311999,苏州科达,IT设备,-7.198292227981832e-05
300579,2019-11-01,2020-05-07 00:00:00,1900,25.9751497005,28.9179475056,5591.315829689999,0.11329281405617286,188,66719.771118,数字认证,软件服务,-7.209639227352651e-05
002025,2006-11-01,2007-05-09 00:00:00,2200,6.987739378619999,9.56394134514,5667.644326344002,0.36867459230123334,189,15373.026632963998,航天电器,元器件,-7.308059874728612e-05
600596,2006-05-09,2006-11-01 00:00:00,6100,2.17260524481,3.103948944,5681.196565058998,0.42867598769487825,176,30109.627835287003,新安股份,化工原料,-7.325534607838707e-05
688209,2025-05-07,2025-11-03 00:00:00,3200,19.2750361804,21.05187169536,5685.873647871995,0.09218325186682597,180,61680.11577728,英集芯,半导体,-7.331565402868941e-05
300747,2021-05-07,2021-08-03 00:00:00,1300,48.57408438883,52.950051945000006,5688.757823021005,0.09008852377207743,88,63146.309705479005,锐科激光,专用机械,-7.335284359716708e-05
605333,2024-05-07,2024-11-01 00:00:00,2300,29.25507886301,31.73028986808,5692.985311661003,0.08460790745635793,178,67286.681384923,沪光股份,汽车配件,-7.340735432212073e-05
601318,2008-11-03,2009-05-05 00:00:00,1000,7.152524739359999,12.87588854268,5723.363803320001,0.800187907330765,183,7152.524739359998,中国平安,保险,-7.379906527496931e-05
603029,2022-05-06,2022-11-01 00:00:00,1600,9.950128107919998,13.53649310685,5738.183998288003,0.3604340527108756,179,15920.204972671996,天鹅股份,农用机械,-7.399016207982328e-05
002923,2025-05-07,2025-11-03 00:00:00,5000,12.394503060939998,13.54644,5759.684695300011,0.09293934039923002,180,113633.51999999996,润都股份,化学制药,-7.426739962696752e-05
600422,2012-11-01,2013-05-03 00:00:00,2000,7.810874891819999,10.6946044902,5767.459196760001,0.36919418609559473,183,15621.749783639998,昆药集团,中成药,-7.436764678238918e-05
300169,2014-05-06,2015-05-05 00:00:00,2000,9.186821644,12.0884235759,5803.2038638,0.3158439386700256,364,34259.225,天晟新材,塑料,-7.482855108740413e-05
600748,2006-05-09,2006-08-01 00:00:00,6300,2.0772837085,3.00276990432,5830.563033666001,0.44552710447447286,84,13086.88736355,上实发展,全国地产,-7.518132984342846e-05
601137,2023-11-01,2024-05-07 00:00:00,2200,14.80299029209,17.48862971415,5908.4067285320025,0.18142546668392234,188,32566.578642598,博威合金,小金属,-7.618507381569324e-05
002693,2022-05-06,2022-11-01 00:00:00,2700,6.056049999999999,8.25174,5928.363000000002,0.3625614055366124,179,114083.96999999999,双成药业,生物制药,-7.644239699683674e-05
002116,2012-05-03,2012-11-01 00:00:00,8400,3.9552987473999996,4.6638601812900005,5951.916044676007,0.1791423301098991,182,33224.50947816,中国海诚,建筑工程,-7.67460982363876e-05
002054,2017-05-03,2017-11-01 00:00:00,4700,12.48597956606,13.75301946375,5955.087519143005,0.10147701195460312,182,58684.103960481996,德美化工,染料涂料,-7.678699234328887e-05
600570,2019-05-07,2019-11-01 00:00:00,1600,27.837187155277498,31.56232773834,5960.2249329000015,0.1338188575693171,178,68219.39604479999,恒生电子,软件服务,-7.685323596264034e-05
600361,2006-11-01,2007-05-09 00:00:00,1500,9.6379771488,13.64369692572,6008.579665380002,0.41561831026116747,189,14456.965723199999,创新新材,铝,-7.747673888527042e-05
002178,2014-05-06,2014-11-03 00:00:00,3900,4.744826966879999,6.28727371272,6015.5423087760055,0.3250796618310088,181,18504.825170831995,延华智能,软件服务,-7.756651765735722e-05
603227,2021-05-07,2021-11-02 00:00:00,15000,4.295837145599999,4.697359408530001,6022.833943950019,0.09346775711487565,179,64437.55718399999,雪峰科技,化工原料,-7.766053856510661e-05
603883,2019-11-01,2020-05-07 00:00:00,1900,25.993724997239998,29.190126654,6073.163147844005,0.1229682031759356,188,49388.077494756,老百姓,医药商业,-7.830950101639356e-05
002130,2024-05-07,2024-11-01 00:00:00,4800,17.8577604205,19.12321180584,6074.166649632002,0.07086282689106471,178,67050.7173336,沃尔核材,电气设备,-7.832244052128979e-05
600406,2010-02-02,2010-05-05 00:00:00,13100,3.9397775151085495,4.40518427613,6096.828569381002,0.11813021401251067,92,63824.166566160005,国电南瑞,电气设备,-7.861465128270294e-05
002601,2017-05-03,2018-05-03 00:00:00,5400,10.8982407534,12.0334372173,6130.060905059999,0.10416327640273915,365,58850.50006836,龙佰集团,化工原料,-7.904316070378697e-05
301396,2025-05-07,2025-11-03 00:00:00,1400,44.0338586688,48.42073136943,6141.621780882001,0.09962498934344577,180,61647.40213632,宏景科技,软件服务,-7.91922307015615e-05
002521,2023-11-01,2024-11-01 00:00:00,4400,7.443236901099999,8.84708870535,6176.947938700006,0.18860770158243012,366,32750.242364839996,齐峰新材,造纸,-7.964773860151581e-05
300124,2020-11-03,2021-05-07 00:00:00,1600,50.71461979584,54.5867439147,6195.398590176001,0.0763512402231914,185,81143.391673344,汇川技术,电器仪表,-7.988564778909057e-05
000596,2010-11-02,2011-05-04 00:00:00,1500,26.208695513,30.3649430616,6234.3713228999995,0.15858277061284576,183,39313.0432695,古井贡酒,白酒,-8.03881759080569e-05
000050,2010-05-05,2010-11-02 00:00:00,1900,9.63326448084,12.9266580024,6257.447690964001,0.3418772035284994,181,34428.98674214999,深天马A,元器件,-8.068573071176806e-05
000155,2005-11-01,2007-05-09 00:00:00,1000,5.0236748562,11.44388481984,6420.209963639999,1.2779907433134245,554,58819.54965486599,川能动力,新型电力,-8.27844446845808e-05
600029,2008-11-03,2009-11-03 00:00:00,2900,2.50073450627,4.735729060470001,6481.484207180001,0.8937352400249927,365,7252.130068183001,南方航空,空运,-8.357453632545462e-05
688559,2022-05-06,2022-08-02 00:00:00,200,54.80440778812999,87.22612648008,6484.343738390001,0.5915896184352563,88,29703.531737880003,海目星,专用机械,-8.361140812631764e-05
000409,2012-11-01,2013-05-03 00:00:00,2000,10.3083653447775,13.59991777869,6583.104867825,0.3193088645795903,183,32095.585327806002,云鼎科技,软件服务,-8.488486885470525e-05
600149,2012-05-03,2013-05-03 00:00:00,5600,5.925919999999999,7.10289,6591.032000000009,0.19861388611388642,365,39099.06,廊坊发展,综合类,-8.498708408423294e-05
603105,2020-05-07,2020-08-03 00:00:00,6200,8.827714896,9.8929824147,6604.658615940004,0.12067307692307705,88,54731.8323552,芯能科技,电气设备,-8.516279046142484e-05
002347,2023-05-05,2023-11-01 00:00:00,14100,4.861439733149999,5.32992548925,6605.649161010009,0.09636769801040868,180,68546.300237415,泰尔股份,机械基件,-8.517556289784355e-05
002698,2019-05-07,2019-11-01 00:00:00,5200,7.483269163369999,8.7585835491,6631.634805796008,0.1704220919878925,178,38912.999649524,博实股份,化工机械,-8.551063093854047e-05
603619,2023-11-01,2024-05-07 00:00:00,1700,19.1058445578,23.03894267532,6686.266799784,0.2058583752014409,188,32479.935748260003,中曼石油,石油开采,-8.621507507820582e-05
002332,2020-05-07,2020-08-03 00:00:00,4500,12.053091260209998,13.54305321018,6704.82877486501,0.12361658248525065,88,54238.91067094499,仙琚制药,化学制药,-8.64544197114862e-05
600653,2009-05-05,2009-11-03 00:00:00,6800,3.44913773204,4.435560000000001,6707.6714221280035,0.2859909764683648,182,35149.114,申华控股,汽车服务,-8.649107380479994e-05
000028,2007-05-09,2008-05-06 00:00:00,2800,8.06145285946,10.4599374921,6715.756971392002,0.2975251079990393,363,22572.068006487996,国药一致,医药商业,-8.659533171997417e-05
600873,2010-11-02,2011-02-01 00:00:00,7000,6.146430598879999,7.1096125707,6742.273802740006,0.15670590537465956,91,39527.800111799996,梅花生物,食品,-8.693724906697238e-05
603068,2025-05-07,2025-11-03 00:00:00,1800,34.1756039625,37.9225469925,6744.497454000008,0.1096379462411674,180,61516.0871325,博通集成,半导体,-8.696592160817803e-05
600221,2024-05-07,2024-11-01 00:00:00,49200,1.3813799999999998,1.51848,6745.320000000011,0.09924857750944716,178,67963.896,海航控股,空运,-8.69765278055179e-05
002458,2016-05-04,2016-08-02 00:00:00,3000,10.515917211799998,12.7743430698,6775.277574000008,0.21476261295265853,90,31547.751635399993,益生股份,农业综合,-8.736281129807223e-05
600609,2008-11-03,2009-05-05 00:00:00,3700,1.95105935024,3.79497730392,6822.496428616,0.9450855267181799,183,7218.919595888,金杯汽车,汽车配件,-8.797166781213718e-05
002876,2019-11-01,2020-05-07 00:00:00,1700,29.764947712499996,33.78357083178,6831.659302776002,0.1350119327638648,188,60827.883916800005,三利谱,元器件,-8.808981713331925e-05
600111,2007-05-09,2007-08-01 00:00:00,8800,2.6332444137999995,3.41493219945,6878.852513720004,0.2968534867304464,84,58267.584038664,北方稀土,小金属,-8.869834298886097e-05
600704,2009-11-03,2010-05-05 00:00:00,9600,3.1963889958,3.9133273554,6882.608252159998,0.22429634207289673,183,30685.33435968,物产中大,仓储物流,-8.874677080086342e-05
600557,2012-11-01,2013-05-03 00:00:00,1100,14.011831453619996,20.31356646963,6931.908517611006,0.44974384946529833,183,15413.014598981996,康缘药业,中成药,-8.938246575808101e-05
601099,2014-11-03,2015-11-03 00:00:00,14800,4.186718015479999,4.6554073326,6936.601893376012,0.11194671229040631,365,61963.42662910399,太平洋,证券,-8.944298379543534e-05
002049,2012-11-01,2013-05-03 00:00:00,2200,7.00310939328,10.15972258752,6944.549027327998,0.4507445217504389,183,15406.840665216,紫光国微,半导体,-8.95454569349082e-05
002583,2013-11-01,2014-05-06 00:00:00,7300,3.6172309173,4.570528896,6959.075244509998,0.26354357808363726,186,27609.01698555,海能达,通信设备,-8.973276308682377e-05
000538,2005-11-01,2007-05-09 00:00:00,1400,3.4859682858,8.480835675,6992.814344879999,1.4328493490736736,554,38001.58495333199,云南白药,中成药,-9.016780691001742e-05
300025,2014-05-06,2015-05-05 00:00:00,2600,7.2326778524,9.92579392035,7002.101776669998,0.3723539362473265,364,18804.96241624,华星创业,通信设备,-9.028756232107645e-05
600475,2006-11-01,2007-05-09 00:00:00,3900,5.17451250701,6.97722952626,7030.596375075001,0.34838393313531046,189,15354.1128741,华光环能,电气设备,-9.06549816919113e-05
002908,2022-11-01,2023-05-05 00:00:00,2600,11.890641142379998,14.60485794258,7056.963680520007,0.22826496634619087,185,30915.666970187995,德生科技,软件服务,-9.099497099934137e-05
301021,2024-11-01,2025-05-07 00:00:00,1400,24.352808760279995,29.41558143354,7087.881742564009,0.2078927619025821,187,92589.10179519,英诺激光,专用机械,-9.139363936245282e-05
002072,2022-05-06,2022-11-01 00:00:00,3200,5.004999999999999,7.23276,7128.832000000003,0.44510689310689333,179,16015.999999999996,凯瑞德,商贸代理,-9.19216663803741e-05
002149,2009-05-05,2009-08-03 00:00:00,2600,8.981283901589999,11.72651838336,7137.609652602005,0.30566169735309234,90,73778.659779825,西部材料,小金属,-9.203484851933937e-05
300521,2022-11-01,2023-05-05 00:00:00,2900,10.700340650999998,13.16174508,7138.072844100005,0.23003047372795282,185,31030.98788789999,爱司凯,专用机械,-9.204082107337759e-05
600503,2007-11-01,2008-05-06 00:00:00,4900,7.523940355564284,9.00253918926,7245.134285109008,0.1965192125163815,187,83855.77199999998,华丽家族,区域地产,-9.342130893767733e-05
300137,2014-05-06,2014-11-03 00:00:00,2500,7.32506622848,10.22379928668,7246.832645500001,0.39572789757581583,181,18312.6655712,先河环保,环境保护,-9.344320819372018e-05
002350,2014-05-06,2014-11-03 00:00:00,4200,4.446177756019999,6.18710486184,7311.893844444004,0.3915558939277304,181,74739.763098,北京科锐,电气设备,-9.428213016910659e-05
000959,2014-05-06,2014-11-03 00:00:00,7800,2.40720777297,3.34653129882,7326.723501629999,0.3902128999405263,181,18776.220629166,首钢股份,普钢,-9.447334898312639e-05
603090,2020-05-07,2020-11-03 00:00:00,3900,14.0937067271,15.97618270512,7341.656314277995,0.13356855045098182,180,54965.456235690006,宏盛股份,专用机械,-9.466589791994376e-05
600567,2014-05-06,2014-11-03 00:00:00,10800,1.7507373483599995,2.4311007657,7347.924907272007,0.38861535568275274,181,73556.66799280801,山鹰国际,造纸,-9.474672736211183e-05
300331,2016-05-04,2016-11-01 00:00:00,1200,25.29204241564,31.4166812706,7349.566625952,0.24215675248008717,181,30350.450898768002,苏大维格,元器件,-9.476789626001723e-05
300094,2013-11-01,2014-05-06 00:00:00,8700,3.0554047323799995,3.90328287993,7376.539883685003,0.27750109128408273,186,41662.59905807999,国联水产,渔业,-9.511569892930793e-05
000558,2006-05-09,2006-11-01 00:00:00,19300,0.6879223150799999,1.07080969842,7389.7264984620015,0.5565852058389373,176,67001.355295875,天府文旅,旅游景点,-9.528573177679512e-05
300070,2012-05-03,2012-08-01 00:00:00,6800,4.8569560039,5.94447229728,7395.110794984002,0.22390902707513827,90,33878.766009088,碧水源,环境保护,-9.535515878932512e-05
300900,2022-05-06,2022-11-01 00:00:00,1100,14.773724325359998,21.56552027262,7470.975541986001,0.4597213131695892,179,16251.096757895997,广联航空,航空,-9.633338551201256e-05
600551,2009-11-03,2010-05-05 00:00:00,4600,6.6944095218,8.3280063573,7514.545443299999,0.2440240367997022,183,30794.283800279998,时代出版,出版业,-9.689519113919119e-05
688591,2025-05-07,2025-11-03 00:00:00,1500,41.1508953856,46.18698056622,7554.127770929998,0.1223809380921097,180,61726.3430784,泰凌微,半导体,-9.740557958921547e-05
000762,2007-05-09,2007-11-01 00:00:00,2000,11.193069888,14.9990001858,7611.860595599999,0.3400255994005994,176,113590.47700000001,西藏矿业,小金属,-9.815000692997935e-05
600511,2009-11-03,2010-05-05 00:00:00,1800,17.0764585992,21.3223794768,7642.65757968,0.24864176918971448,183,30737.625478559996,国药股份,医药商业,-9.854711407125067e-05
300153,2016-08-02,2016-11-01 00:00:00,17400,20.71011446504,21.15142444296,7678.793615807993,0.02130891061297402,91,360355.991691696,科泰电源,电气设备,-9.90130648268957e-05
300685,2019-11-01,2020-05-07 00:00:00,2000,25.100813277539995,28.9851015843,7768.576613520011,0.15474750813096705,188,95245.55562522,艾德生物,医疗保健,-0.00010017075836804158
600629,2008-11-03,2009-11-03 00:00:00,3400,2.13871313656,4.42645607304,7778.325984032,1.0696819958564925,365,67021.480009484,华建集团,建筑工程,-0.00010029647017940446
603375,2025-05-07,2025-08-01 00:00:00,1800,34.5771434008,38.90360912832,7787.638309536004,0.12512501907314588,86,62238.85812144,盛景微,半导体,-0.00010041654657876477
600055,2017-05-03,2017-11-01 00:00:00,4900,12.06799070477,13.6594171098,7797.989384646996,0.13187169628834483,182,59133.154453373005,万东医疗,医疗保健,-0.00010055001698079286
000819,2022-05-06,2022-11-01 00:00:00,1800,16.36050388750556,20.70905886135,7827.398952919998,0.2657959072498626,179,16333.240693770002,岳阳兴长,石油加工,-0.00010092923429481874
600212,2009-05-05,2009-08-03 00:00:00,5800,4.024019999999999,5.37462,7833.480000000005,0.33563451473899253,90,23339.315999999995,绿能慧充,电气设备,-0.00010100764545402853
600535,2012-11-01,2013-11-01 00:00:00,1000,14.666074302879998,22.5007821945,7834.707891620003,0.5342062047293386,365,14666.074302879999,天士力,中成药,-0.00010102347832031639
301213,2023-05-05,2023-11-01 00:00:00,2500,26.6673415008,29.81562315138,7870.7041264499985,0.11805757429871866,180,66668.353752,观想科技,软件服务,-0.00010148762642886944
600405,2013-11-01,2014-05-06 00:00:00,5300,4.999973378399999,6.48989656704,7896.592899792004,0.29798622430201394,186,26499.858905519995,动力源,电气设备,-0.00010182144537510649
002361,2025-05-07,2025-11-03 00:00:00,10500,5.978866393499999,6.7332600000000005,7921.132868250017,0.12617669585661773,180,62778.097131749986,神剑股份,化工原料,-0.00010213787235691534
000420,2008-11-03,2009-05-05 00:00:00,7200,1.001,2.102895,7933.644000000002,1.1007942057942062,183,74814.73999999999,吉林化纤,化纤,-0.00010229919528874528
600559,2008-11-03,2009-05-05 00:00:00,6900,1.04228539415,2.19455197128,7950.6393821970005,1.1055192595015604,183,7191.769219635001,老白干酒,白酒,-0.00010251833972254866
600392,2012-11-01,2013-05-03 00:00:00,4300,3.63876705192,5.49365408676,7976.014249812001,0.5097570161467926,183,58676.86672847999,盛和资源,小金属,-0.00010284553218764704
002235,2009-11-03,2010-05-05 00:00:00,7300,4.199066821949999,5.29192502775,7977.864902340005,0.2602621611276217,183,30653.18780023499,安妮股份,造纸,-0.00010286939515205204
300682,2019-11-01,2020-11-03 00:00:00,3600,13.85779226832,16.07631511248,7986.682238975996,0.1600920840206066,368,49888.052165952,朗新科技,软件服务,-0.0001029830889909049
603393,2023-11-01,2024-05-07 00:00:00,1200,26.91331762119,33.571991832570006,7990.409053656008,0.24741186891568323,188,32295.981145428,新天然气,石油开采,-0.00010303114384977623
300074,2011-05-04,2011-08-02 00:00:00,7600,4.993895426519999,6.04895343156,8018.440838304009,0.21126954309798585,90,50562.511999999995,华平股份,软件服务,-0.00010339259553729812
002130,2014-05-06,2014-11-03 00:00:00,4600,4.057941887999999,5.802887304,8026.748913600005,0.4300074925074928,181,67050.7173336,沃尔核材,电气设备,-0.00010349972278137142
600272,2009-05-05,2010-11-02 00:00:00,3100,7.476397848919999,10.0662919317,8028.671656618005,0.346409345130573,546,61773.998991705004,开开实业,医药商业,-0.0001035245153059022
000972,2009-05-05,2009-08-03 00:00:00,3300,8.428013621299998,10.86912,8055.651049710008,0.2896419593497843,90,68658.59,中基健康,食品,-0.0001038723970866691
603863,2022-05-06,2022-11-01 00:00:00,2200,7.147139999999999,10.81917,8078.466,0.5137761398265601,179,15723.707999999999,松炀资源,造纸,-0.00010416658107768496
002261,2013-11-01,2014-02-10 00:00:00,3200,8.06750202258,10.59355248336,8083.361474496001,0.3131143263069385,101,25816.006472256,拓维信息,软件服务,-0.00010422970504713676
300857,2024-05-07,2024-11-01 00:00:00,2100,31.867850174160004,35.7243580818,8098.6666060439875,0.12101562818213063,178,66922.485365736,协创数据,IT设备,-0.00010442705479476185
000921,2013-05-03,2013-11-01 00:00:00,5600,6.16834175958,7.62209201826,8141.001448608003,0.2356792660559368,182,64516.761068759995,海信家电,家用电器,-0.00010497293514015856
300244,2013-11-01,2014-11-03 00:00:00,2100,12.55455825624,16.444198201139997,8168.243884289994,0.30981894109788577,367,26364.572338104,迪安诊断,医疗保健,-0.00010532420868456931
002442,2014-11-03,2015-05-05 00:00:00,9400,6.5853109322,7.46078266908,8229.434326672006,0.13294311322480357,183,61901.92276268,龙星科技,化工原料,-0.00010611321976384664
000513,2008-11-03,2009-05-05 00:00:00,2700,2.6667317777099995,5.71691344392,8235.490498767002,1.1437901973138374,183,7200.175799816999,丽珠集团,化学制药,-0.00010619131017625338
002690,2019-11-01,2020-05-07 00:00:00,2200,22.4786751189,26.23053146175,8254.083954270001,0.16690736099902304,188,49453.08526158,美亚光电,专用机械,-0.00010643106072916373
002194,2014-05-06,2014-11-03 00:00:00,2500,7.393670734449999,10.6958443491,8255.434036625002,0.44662167592396074,181,49991.31397259999,武汉凡谷,通信设备,-0.00010644846916575228
600515,2009-05-05,2009-11-03 00:00:00,6800,3.4292836778199995,4.64666157711,8278.169715172002,0.3549948075639777,182,93837.74399999999,海南机场,机场,-0.00010674163099904121
603153,2025-05-07,2025-11-03 00:00:00,3700,16.704516128299996,18.94382808912,8285.454255034014,0.1340542846988706,180,61806.709674709986,上海建科,建筑工程,-0.00010683556041734289
002599,2016-05-04,2016-11-01 00:00:00,3700,8.58145954666,10.82283706926,8293.096833620002,0.26118838064934646,181,31751.400322642,盛通股份,广告包装,-0.00010693410651284171
688408,2024-05-07,2024-11-01 00:00:00,900,69.220159008,78.442892586,8300.460220200002,0.1332376826371362,178,62298.1431072,中信博,电气设备,-0.00010702905260844846
002378,2017-05-03,2017-11-01 00:00:00,8700,6.791000416199999,7.75159068996,8357.135381712002,0.141450480766943,182,63821.04438709999,章源钨业,小金属,-0.00010775984206856757
000908,2007-05-09,2007-11-01 00:00:00,1600,14.135883281519998,19.36185883992,8361.560893440002,0.3696957207641902,176,114324.20999999999,石药景峰,化学制药,-0.00010781690617284492
300246,2013-11-01,2014-05-06 00:00:00,2400,10.79191209096,14.2802748306,8372.070575135998,0.3232386170530499,186,25900.589018304,宝莱特,医疗保健,-0.0001079524217039478
300072,2012-05-03,2012-11-01 00:00:00,18400,1.8129255144,2.26805559408,8374.393466111995,0.25104731334239516,182,56271.2908758,海新能科,化工原料,-0.00010798237387694522
002911,2024-05-07,2024-11-01 00:00:00,7400,9.08463901345,10.2170574153,8379.896173689998,0.12465199774844438,178,67226.32869953,佛燃能源,供气供热,-0.00010805332772326591
003006,2024-11-01,2025-05-07 00:00:00,1300,24.65943083604,31.13970476436,8424.356106816003,0.2627908961649277,187,32057.260086852,百亚股份,造纸,-0.00010862660973357312
002595,2023-11-01,2024-05-07 00:00:00,1500,21.2368439283,26.85946129236,8433.926046089997,0.2647576722343077,188,31855.265892450003,豪迈科技,专用机械,-0.00010875000789546338
002027,2010-08-03,2010-11-02 00:00:00,63700,1.2141402273,1.34842060962,8553.660353784004,0.11059709521247996,91,77340.73247901,分众传媒,广告包装,-0.00011029390415871289
600618,2009-05-05,2009-11-03 00:00:00,4600,5.786474955130434,7.651211529599999,8577.788242559998,0.322257780242571,182,23277.910656,氯碱化工,化工原料,-0.00011060501764021024
002596,2015-11-03,2016-05-04 00:00:00,3600,7.643609073099999,10.0365892641,8614.728687600005,0.31306941107461506,183,27516.992663159996,海南瑞泽,水泥,-0.00011108134072720543
000552,2007-05-09,2007-11-01 00:00:00,12800,1.81223042,2.4868381725,8634.979232000003,0.3722527472527475,176,23196.549376,甘肃能化,煤炭开采,-0.00011134245836700359
002669,2014-05-06,2014-11-03 00:00:00,1700,10.6203272175,15.7127051664,8657.04251313,0.4794935075549145,181,18054.55626975,康达新材,化工原料,-0.00011162695007157567
600802,2008-11-03,2009-05-05 00:00:00,3100,3.480589434903226,6.27781206384,8671.390149703999,0.8036634832268137,183,45785.20554607999,福建水泥,水泥,-0.00011181195354234086
002048,2007-05-09,2008-05-06 00:00:00,3800,5.96666403333,8.24869908396,8671.733192394,0.38246414376315974,363,22673.323326654,宁波华翔,汽车配件,-0.00011181637685540315
000423,2009-11-03,2010-05-05 00:00:00,1800,19.850075638726665,24.66982072476,8675.541154860006,0.24280739145548713,183,36630.44961576,东阿阿胶,中成药,-0.00011186547806235953
000997,2006-11-01,2007-05-09 00:00:00,5200,3.602581312715,5.278673432610001,8715.679023454004,0.4652475473570514,189,15387.024208555998,新大陆,IT设备,-0.00011238302985290765
600237,2016-05-04,2016-11-01 00:00:00,4300,7.488918256819999,9.54564858621,8843.940416377003,0.27463650407947493,181,32202.348504325997,铜峰电子,元器件,-0.00011403687735131273
300394,2024-05-07,2024-11-01 00:00:00,1200,55.54780194963999,62.9251018101,8852.759832552016,0.1328099330941721,178,66657.36233956799,天孚通信,通信设备,-0.0001141505980044729
300054,2012-08-01,2012-11-01 00:00:00,6000,3.48117705936,4.9593441915,8869.002792839996,0.4246170496170494,92,20887.06235616,鼎龙股份,化工原料,-0.00011436004044562193
300423,2018-05-03,2019-05-07 00:00:00,3600,11.6085394425,14.07524493573,8880.139775628,0.21249059844679086,369,41790.741992999996,昇辉科技,电气设备,-0.00011450364461757085
300643,2020-05-07,2020-11-03 00:00:00,4200,12.867939584499998,14.9884114851,8905.981982520008,0.16478721295476118,180,54045.346254899996,万通智控,汽车配件,-0.00011483686311962838
002907,2020-05-07,2020-08-03 00:00:00,3100,17.57280732207,20.45363515074,8930.566268877,0.16393668785362014,88,54475.70269841699,华森制药,中成药,-0.00011515386155200931
600158,2011-05-04,2011-11-01 00:00:00,5700,6.674405177439999,8.24196023955,8935.063854027007,0.23486063857921868,181,83298.74559005999,中体产业,文教休闲,-0.00011521185499633177
000035,2009-05-05,2009-11-03 00:00:00,11100,2.12987042268,2.9360662947,8948.774179422,0.37851874153244025,182,23641.561691747997,中国天楹,环境保护,-0.00011538864075266955
600850,2008-11-03,2009-05-05 00:00:00,5400,1.32773159519,2.99908113678,9025.287524586001,1.2588007603681586,183,32382.344398403995,电科数字,软件服务,-0.00011637523072811177
000629,2006-11-01,2007-05-09 00:00:00,7800,4.269186203975,5.43796962696,9116.510699283002,0.2737719478941343,189,39809.315382837005,钒钛股份,小金属,-0.0001175514944176834
688100,2021-02-02,2021-05-07 00:00:00,5300,19.117791452759995,20.84107262544,9133.39021520402,0.09014018051918948,94,101324.29469962798,威胜信息,通信设备,-0.00011776914483098448
600012,2023-11-01,2024-05-07 00:00:00,3600,9.03533997366,11.57841037962,9155.053461456,0.28145818678363055,188,32527.223905175997,皖通高速,路桥,-0.00011804847834518294
600880,2006-11-01,2007-05-09 00:00:00,5400,2.8157016888,4.52158492896,9211.769496864003,0.6058465806038622,189,32299.8553878,博瑞传播,广告包装,-0.0001187797948476888
600299,2006-11-01,2007-05-09 00:00:00,1500,18.496792362047998,24.6689639424,9258.257370528005,0.3336887531384176,189,67961.4570635,安迪苏,饲料,-0.00011937922583633819
300065,2016-05-04,2016-11-01 00:00:00,2300,13.562191442799998,17.59330908,9271.570565560007,0.29723202582721786,181,68029.962,海兰信,船舶,-0.00011955089085414034
600480,2020-11-03,2021-05-07 00:00:00,13900,6.021819503699999,6.69179753397,9312.694620753016,0.11125840451683167,185,83703.29110142999,凌云股份,汽车配件,-0.00012008115888144971
300473,2024-11-01,2025-05-07 00:00:00,1500,21.47145,27.68229,9316.259999999997,0.2892603899596906,187,32207.175000000003,德尔股份,汽车配件,-0.00012012713213508515
300026,2012-11-01,2013-11-01 00:00:00,5100,3.0781129879499995,4.912391691000001,9354.821385555006,0.5959101274809335,365,15698.376238544997,红日药业,中成药,-0.00012062435619902052
000532,2008-11-03,2009-05-05 00:00:00,2200,4.760212275,9.02084288724,9373.387346928002,0.8950505494505496,183,38283.547716414,华金资本,多元金融,-0.0001208637522329514
002253,2013-05-03,2013-11-01 00:00:00,3200,10.585297723000002,13.51648310688,9379.793228415998,0.27691100057687046,182,33872.9527136,川大智胜,软件服务,-0.00012094635192123298
000678,2014-11-03,2015-05-05 00:00:00,9100,8.865439470359998,9.90009,9415.31981972402,0.11670606213027224,183,73929.85599999997,襄阳轴承,汽车配件,-0.00012140444428108209
688611,2024-11-01,2025-05-07 00:00:00,1200,28.38557575854,36.237068658,9421.791479351998,0.2766015023351367,187,34062.690910248,杭州柯林,电气设备,-0.00012148789213582889
002609,2015-05-05,2015-11-03 00:00:00,4700,14.150870443709998,16.1621960256,9453.23023488301,0.14213440720065584,182,66509.09108543699,捷顺科技,软件服务,-0.00012189327450384317
300612,2022-11-01,2023-05-05 00:00:00,1800,17.167149999999996,22.42755,9468.720000000008,0.3064224405332281,185,30900.86999999999,宣亚国际,广告包装,-0.0001220930049816262
300201,2014-11-03,2015-05-05 00:00:00,19300,4.949225333124611,5.44048697709,9481.349728532012,0.09926031063435925,183,62051.927242305006,海伦哲,工程机械,-0.00012225585714206334
000970,2010-05-05,2011-05-04 00:00:00,2400,5.967964352349999,9.91999739268,9484.879296792,0.6622078831241363,364,94144.36445413998,中科三环,矿物制品,-0.000122301368636241
600025,2021-05-07,2021-11-02 00:00:00,12800,5.02757551296,5.76959087376,9497.79661824,0.14758910311486018,179,64352.966565888004,华能水电,水力发电,-0.0001224679291208577
600376,2006-05-09,2006-08-01 00:00:00,13400,0.9896634747999998,1.6990379812799998,9505.618386832,0.7167835577880217,84,23511.05012256,首开股份,区域地产,-0.00012256878575529913
688002,2020-08-03,2021-05-07 00:00:00,1200,79.766433747,87.71518676024999,9538.503615899997,0.09965034965034958,277,95719.7204964,睿创微纳,通信设备,-0.0001229928194616946
001255,2025-05-07,2025-11-03 00:00:00,2200,28.451644221,32.802053751360006,9570.900966792016,0.15290538207802395,180,62593.617286199995,博菲电气,电气设备,-0.0001234105622953459
600011,2012-05-03,2012-08-01 00:00:00,9800,3.3833745545600005,4.36105242216,9581.243102479997,0.2889653072203662,90,67811.15899958399,华能国际,火力发电,-0.0001235439174293105
600694,2005-11-01,2007-05-09 00:00:00,700,7.151076252319999,20.90470437,9627.539682376002,1.923294848550658,554,37295.37047236,大商股份,百货,-0.00012414088180885444
600540,2006-02-07,2006-05-09 00:00:00,25700,2.49921503832,2.87708745258,9711.321046482002,0.15119643906832847,91,64229.826484824,新赛股份,种植业,-0.00012522118817604675
000597,2016-11-01,2017-11-01 00:00:00,17400,4.2833702912,4.842560592,9729.911233920002,0.1305491383616384,365,74530.64306688,东北制药,化学制药,-0.00012546089658937792
603727,2019-05-07,2019-08-01 00:00:00,2900,13.247477743499998,16.603412607360003,9732.211105194016,0.2533263258741181,86,50279.35737825,博迈科,石油开采,-0.000125490551938244
301180,2025-05-07,2025-11-03 00:00:00,4500,13.713699999999998,15.8841,9766.800000000012,0.1582650925716622,180,61711.64999999999,万祥科技,元器件,-0.00012593655330969203
002738,2017-05-03,2017-11-01 00:00:00,5100,11.60082749826,13.51883117646,9781.818758820009,0.1653333504431198,182,59164.22024112599,中矿资源,小金属,-0.00012613021046667077
601666,2008-11-03,2009-05-05 00:00:00,2400,3.0127844947199995,7.12773888624,9875.890539648004,1.365830977533106,183,7230.682787327999,平煤股份,煤炭开采,-0.00012734320508529535
300365,2016-05-04,2016-11-01 00:00:00,2800,11.21336617401,14.7908488455,10016.951480171998,0.31903735381278997,181,42243.248375328,恒华科技,软件服务,-0.00012916209445092331
601888,2020-11-03,2021-11-02 00:00:00,400,183.09109244426,208.1632547736,10028.864931735996,0.13693818740511876,364,73236.436977704,中国中免,旅游服务,-0.00012931571068428447
000935,2006-05-09,2006-11-01 00:00:00,4500,2.92958851185,5.16062464956,10039.662619695,0.7615527329813043,176,73793.395230555,四川双马,水泥,-0.00012945493986940863
600397,2008-11-03,2009-05-05 00:00:00,5900,1.2177203638599998,2.92348846512,10064.031797434001,1.4007880231656462,183,7184.550146773999,江钨装备,专用机械,-0.00012976916461563475
600159,2007-02-01,2007-05-09 00:00:00,4400,2.59031773,4.878051065999999,10066.026678399996,0.8831863788385523,97,39576.511774800005,大龙地产,区域地产,-0.00012979488731223142
600109,2006-08-01,2006-11-01 00:00:00,20900,0.7301464169999999,1.21186350342,10067.887106178003,0.6597540920617846,92,15260.060115299999,国金证券,证券,-0.00012981887632214703
000029,2009-05-05,2009-11-03 00:00:00,6200,6.2098116435193536,7.836663492,10086.481460580006,0.2619808686433269,182,38162.43318887999,深深房A,区域地产,-0.0001300586384657772
002161,2009-05-05,2009-11-03 00:00:00,3900,5.945475536,8.5404433077,10120.374309630002,0.4364609283121943,182,67151.17809399999,远望谷,通信设备,-0.00013049566477851035
688049,2025-05-07,2025-11-03 00:00:00,1300,46.56856964759999,54.36351161046,10133.424551718012,0.16738632991837532,180,60539.14054187999,炬芯科技,半导体,-0.00013066393918859565
300581,2019-08-01,2019-11-01 00:00:00,83500,5.253335937849999,5.375939718960001,10237.415722685113,0.02333827163548552,92,438653.55081047496,晨曦航空,航空,-0.00013200483791143584
002371,2024-05-07,2024-11-01 00:00:00,200,234.361118992,285.7985778375,10287.491769099996,0.219479489886101,178,46872.2237984,北方华创,半导体,-0.0001326505360611744
300433,2023-05-05,2023-11-01 00:00:00,6200,10.959557118509997,12.62370607758,10317.723546234018,0.15184454454453822,180,67949.25413476198,蓝思科技,元器件,-0.00013304035522535156
001914,2018-11-01,2019-05-07 00:00:00,2200,6.646639999999999,11.33865,10322.422000000002,0.7059220899582348,187,54719.7018368,招商积余,房产服务,-0.00013310093874023597
600844,2009-05-05,2009-11-03 00:00:00,2500,9.10143756522,13.23516879279,10334.328068925002,0.45418442943195436,182,61918.856999999996,金煤科技,化工原料,-0.00013325445977925408
601169,2023-11-01,2024-11-01 00:00:00,8400,3.89306428511,5.1289585074,10381.511467236001,0.3174605225546847,366,32701.739994924,北京银行,银行,-0.00013386285910725563
000869,2005-11-01,2007-05-09 00:00:00,500,9.0701564954,29.9093055552,10419.574529900001,2.2975512131867557,554,37402.88854302,张裕A,红黄酒,-0.00013435365762061875
600848,2016-05-04,2016-11-01 00:00:00,2900,13.675311906117932,17.269015857840003,10421.741459994008,0.2627877138300849,181,38380.1741323,上海临港,园区开发,-0.0001343815987791663
002038,2012-11-01,2013-05-03 00:00:00,1200,12.60988657929,21.296667015,10424.136522852,0.6888864845126235,183,15131.863895148,双鹭药业,生物制药,-0.00013441248156178658
600509,2007-08-01,2007-11-01 00:00:00,2700,9.432098676,13.29360552756,10426.068499211999,0.40940059940059936,92,25466.6664252,天富能源,火力发电,-0.00013443739314427563
002304,2011-02-01,2011-05-04 00:00:00,3100,40.15926362448,43.534973448,10464.700452912015,0.08405806080224698,92,124493.71723588799,洋河股份,白酒,-0.00013493552713868522
002660,2019-11-01,2020-11-03 00:00:00,6600,7.696085236839999,9.29211335523,10533.78558137401,0.20738181416573398,368,50794.162563144,茂硕电源,电气设备,-0.00013582633507613258
002050,2009-11-03,2010-05-05 00:00:00,17200,1.7925723816,2.4089561325,10601.800515480001,0.34385431641529207,183,31074.450655248,三花智控,家用电器,-0.00013670334355126205
600157,2010-08-03,2010-11-02 00:00:00,27400,2.947922659141314,3.33528798339,10613.809884413999,0.13140281107697716,91,77240.832140472,永泰能源,火力发电,-0.00013685819657691754
002133,2009-05-05,2009-11-03 00:00:00,5100,4.57869884472,6.6643917372,10637.033751648,0.4555208724603388,182,58770.917499293995,广宇集团,全国地产,-0.00013715765328678892
300133,2012-11-01,2013-05-03 00:00:00,3400,4.56609845692,7.69557214458,10640.210538044,0.685371486661053,183,26337.205119224996,华策影视,影视音像,-0.0001371986158875705
002444,2024-05-07,2024-11-01 00:00:00,2700,24.58641649464,28.533026252160003,10655.846345304002,0.16051992604861254,178,66383.32453552801,巨星科技,轻工机械,-0.0001374002294840954
688578,2023-11-01,2024-11-01 00:00:00,800,37.46090334987,50.817856075200005,10685.562180264003,0.3565571444068327,366,29968.722679896,艾力斯,化学制药,-0.00013778339590847004
000819,2006-05-09,2006-08-01 00:00:00,3500,3.74733322964,6.80346076896,10696.446387619999,0.8155473111243956,84,16333.240693770002,岳阳兴长,石油加工,-0.00013792374070512012
600520,2013-11-01,2014-05-06 00:00:00,3000,8.84884,12.41757,10706.19,0.4032991894982847,186,26546.519999999997,三佳科技,半导体,-0.00013804937826910455
000029,2006-11-01,2007-11-01 00:00:00,3600,4.206617415,7.1929375623,10750.752530279999,0.7099100899100899,365,38162.43318887999,深深房A,区域地产,-0.00013862398320318956
300702,2019-05-07,2019-11-01 00:00:00,2200,17.591970215819998,22.49865116766,10794.698094048004,0.2789159424239789,178,38702.334474803996,天宇股份,化学制药,-0.00013919063275413706
600360,2006-11-01,2007-05-09 00:00:00,3700,4.09179728958,7.0178271080400005,10826.310328302003,0.7150964750652009,189,62728.126406945994,华微电子,半导体,-0.00013959825201780246
600410,2006-11-01,2007-05-09 00:00:00,3000,5.020346030699999,8.63938554642,10857.118547160002,0.7208745161367671,189,73190.95297514,华胜天成,软件服务,-0.00013999550402425155
300191,2016-05-04,2016-11-01 00:00:00,1100,29.5018515792,39.38608377072,10872.655410672,0.33503768958314417,181,61682.94898365599,潜能恒信,石油开采,-0.00014019584180530002
688297,2025-05-07,2025-11-03 00:00:00,1500,40.5603001804,47.85901771536,10948.076302439997,0.17994732540187086,180,60840.4502706,中无人机,航空,-0.00014116834530253605
301021,2025-11-03,2026-05-07 00:00:00,2200,57.583197299809996,62.5687121565,10968.132684718006,0.08657933373745563,185,92589.10179519,英诺激光,专用机械,-0.00014142695934766383
000012,2009-11-03,2010-05-05 00:00:00,6600,4.678347734059999,6.34118051196,10974.696334140008,0.3554316336500598,183,30877.095044795995,南玻A,玻璃,-0.00014151159335115936
600760,2009-05-05,2009-11-03 00:00:00,8500,2.77839519958,4.0791399768,11056.330606369998,0.46816406010801814,182,23616.35919643,中航沈飞,航空,-0.0001425642143607623
001266,2025-05-07,2025-08-01 00:00:00,2500,24.376960608,28.80353939823,11066.446975575,0.18158862630221795,86,60942.40152,宏英智能,电器仪表,-0.0001426946583823135
600456,2006-08-01,2007-05-09 00:00:00,800,18.243627402,32.1393316968,11116.563435839998,0.7616744186124218,281,39295.187191259996,宝钛股份,小金属,-0.00014334087764244536
600141,2007-05-09,2007-08-01 00:00:00,5200,4.392513124999999,6.53615094636,11146.916671072007,0.4880208118581324,84,134132.33665831998,兴发集团,农药化肥,-0.00014373226293004393
000425,2008-11-03,2009-05-05 00:00:00,4600,1.5793061283999998,4.004973017999999,11158.067692159997,1.5359067162345847,183,59103.795851099996,徐工机械,工程机械,-0.00014387604811676887
600655,2006-02-07,2006-05-09 00:00:00,36200,1.7709712019999997,2.07967561263,11175.099664806012,0.17431362536069095,91,64109.15751239999,豫园股份,百货,-0.00014409566436068746
002363,2014-05-06,2014-11-03 00:00:00,2900,6.432402456479999,10.28855388726,11182.839149262005,0.599488520326541,181,18653.967123791997,隆基机械,汽车配件,-0.00014419545999454724
600505,2009-05-05,2009-11-03 00:00:00,3900,5.986141761599999,8.8664438808,11233.178264880005,0.48116169544741005,182,62096.085038987985,西昌电力,水力发电,-0.00014484455025108868
600754,2006-11-01,2007-05-09 00:00:00,2100,9.379819866559998,14.74974265284,11276.837851188004,0.5724974320055247,189,67685.394128352,锦江酒店,酒店餐饮,-0.00014540751230811416
002466,2025-11-03,2026-05-07 00:00:00,1700,72.33970256454118,78.98094,11290.103640279993,0.09180625852772262,185,92589.497,天齐锂业,小金属,-0.00014557856605705734
300465,2019-05-07,2019-11-01 00:00:00,5000,7.876625366609999,10.13563944477,11295.070390800003,0.28679973631045663,178,67843.77599999998,高伟达,软件服务,-0.00014564260908462413
300638,2019-05-07,2019-11-01 00:00:00,5100,7.64894399269,9.86728325958,11313.530261139005,0.2900190234116029,178,39009.614362718996,广和通,通信设备,-0.00014588063714345996
000503,2012-11-01,2013-05-03 00:00:00,2100,9.574289589626666,14.985,11362.491861784,0.5651291784860579,183,25349.323999999997,国新健康,软件服务,-0.0001465119652375907
605368,2023-11-01,2024-05-07 00:00:00,3900,8.269091230399999,11.198317473,11423.982346140001,0.3542379883089408,188,32249.455798559997,蓝天燃气,供气供热,-0.00014730484516357856
002572,2013-05-03,2013-11-01 00:00:00,6400,5.353287239299999,7.139207685960001,11429.890858624009,0.33361192232485726,182,57264.97684908,索菲亚,家居用品,-0.00014738103160104256
002456,2012-05-03,2012-08-01 00:00:00,15000,2.21790076508,2.9800473696000003,11432.199067800004,0.3436342222878983,90,72267.48520992,欧菲光,元器件,-0.00014741079446174848
600104,2008-11-03,2009-05-05 00:00:00,3500,2.0628806198,5.3677764504,11567.1354071,1.6020780838594604,183,7220.0821693,上汽集团,汽车整车,-0.00014915071106571997
600809,2006-11-01,2007-05-09 00:00:00,3100,4.871270594189999,8.62378559199,11632.796493180002,0.7703359781071601,189,71199.07774979998,山西汾酒,白酒,-0.00014999736819676455
002649,2013-05-03,2013-08-01 00:00:00,5000,6.891663378599999,9.22017603456,11642.563279800004,0.3378738234938319,90,34458.316892999996,博彦科技,软件服务,-0.00015012330457754786
300213,2014-05-06,2014-11-03 00:00:00,3000,6.292935729079999,10.19454793731,11704.836624690004,0.6199987376639553,181,18878.807187239996,佳讯飞鸿,通信设备,-0.0001509262789825231
000737,2007-05-09,2007-11-01 00:00:00,3100,7.355033485799999,11.1314948625,11707.030267770004,0.5134526421927281,176,83793.01575645,北方铜业,铜,-0.00015095456458770462
689009,2024-11-01,2025-11-03 00:00:00,700,43.3171122384,60.07986,11733.923433119997,0.38697749908499346,367,30321.97856688,九号公司,摩托车,-0.00015130133451764748
000612,2007-05-09,2007-08-01 00:00:00,2400,11.076518647360832,16.00755174468,11834.479433566006,0.44517896410476143,84,23106.091007999996,焦作万方,铝,-0.00015259793894394658
000792,2005-11-01,2007-08-01 00:00:00,700,6.536368598759998,23.57693178768,11928.394232244,2.6070382860833052,638,131611.69735714,盐湖股份,农药化肥,-0.00015380890937953247
002169,2013-11-01,2014-08-01 00:00:00,11000,2.40643657254,3.49436741472,11967.23926398,0.4520920495451439,273,26470.80229794,智光电气,电气设备,-0.00015430979087705852
002407,2020-11-03,2021-05-07 00:00:00,7900,13.895632061703797,15.419756808,12040.585495740012,0.10968372935670012,185,91493.93661408,多氟多,化工原料,-0.00015525554297867927
600162,2008-11-03,2009-05-05 00:00:00,6600,1.1009076078,2.92847937921,12061.973691306,1.6600591715976334,183,7265.99021148,香江控股,全国地产,-0.00015553132989262186
300223,2017-05-03,2017-11-01 00:00:00,2700,21.43690504956,25.909778286,12076.757738388005,0.20865293875674507,182,57879.643633812,北京君正,半导体,-0.0001557219605939238
000768,2006-05-09,2006-11-01 00:00:00,5300,2.4698237563999994,4.7543114095200005,12107.784561536006,0.9249597859767358,176,134148.275797536,中航西飞,航空,-0.00015612203136095175
002670,2017-05-03,2017-11-01 00:00:00,4900,12.07753398852,14.554618452360002,12137.713872816003,0.20509852973252096,182,93693.59999999999,国盛证券,证券,-0.00015650795042405693
002571,2013-02-01,2013-05-03 00:00:00,29500,11.786215641199998,12.19779,12141.443584600034,0.03491997527699198,91,347693.36141539994,德力股份,家居用品,-0.00015655604263920615
600988,2020-05-07,2020-08-03 00:00:00,6700,16.62919192666074,18.44322064767,12153.99243076203,0.1090870036866265,88,54363.48910492499,赤峰黄金,黄金,-0.00015671785187392533
002535,2022-11-01,2023-05-05 00:00:00,14400,2.16216,3.00699,12165.552,0.3907342657342656,185,32672.639999999996,林州重机,工程机械,-0.00015686690502414596
600362,2006-05-09,2007-08-01 00:00:00,1400,12.74711401106,21.4585387812,12195.994678196,0.6834036914223529,449,19611.098587079996,江西铜业,铜,-0.0001572594436207713
002254,2009-11-03,2010-05-05 00:00:00,5300,5.76666396306,8.07829905456,12251.665984950001,0.40086176449812827,183,88437.06697826,泰和新材,化纤,-0.00015797728902467486
600335,2009-11-03,2010-05-05 00:00:00,8600,3.5828869075999994,5.0105032812,12277.500812960006,0.39845421036643636,183,30812.827405359996,国机汽车,汽车服务,-0.00015831041238083336
600078,2007-02-01,2007-05-09 00:00:00,2400,4.763267218709999,9.94682368953,12440.535529968,1.0882354973617927,97,54895.05836314499,澄星股份,化工原料,-0.00016041263934665713
002558,2016-05-04,2016-11-01 00:00:00,1100,29.230425224,40.56152732055,12464.212306204998,0.38764752855002804,181,57344.969506824986,巨人网络,互联网,-0.00016071793602446074
300715,2025-05-07,2025-11-03 00:00:00,5800,10.75074,12.90708,12506.772,0.20057596035249659,180,62354.292,凯伦股份,其他建材,-0.00016126671568068987
300559,2018-05-03,2018-11-01 00:00:00,4400,9.600465875,12.443372172,12508.787706800003,0.2961217022189562,182,42242.049849999996,佳发教育,软件服务,-0.00016129270691291284
000547,2006-05-09,2006-08-01 00:00:00,17100,0.7728102982599999,1.508354136,12577.799625354,0.9517779970014553,84,82083.75060385499,航天发展,通信设备,-0.0001621825708560651
300493,2024-11-01,2025-05-07 00:00:00,2200,14.971846889999998,20.68959671298,12579.049610556,0.3819000999000999,187,32938.063158,润欣科技,元器件,-0.00016219868860476764
688015,2020-08-03,2020-11-03 00:00:00,2500,38.09975976807,43.14063253365,12602.181913949995,0.13230720603662616,92,95249.399420175,交控科技,运输设备,-0.0001624969646582912
603628,2020-05-07,2020-08-03 00:00:00,7400,7.363913356799999,9.07046030016,12628.447380864014,0.23174457121825576,88,54492.95884031999,清源股份,电气设备,-0.0001628356408238952
002057,2010-05-05,2011-05-04 00:00:00,6600,2.15440601376,4.071331593,12651.708822984,0.8897698794919651,364,14219.079690816001,中钢天源,矿物制品,-0.00016313558203755822
600459,2008-11-03,2009-05-05 00:00:00,3700,1.9435287872,5.36465141856,12658.153736032002,1.7602634207897365,183,7191.05651264,贵研铂业,小金属,-0.00016321868501249843
002865,2022-05-06,2023-05-05 00:00:00,300,50.6591126041,92.89620418662,12671.127474755998,0.8337511142882044,364,15197.733781230001,钧达股份,电气设备,-0.00016338597296130874
600893,2010-08-03,2010-11-02 00:00:00,6300,15.83006113498333,17.84705363145,12707.052727740014,0.1274153320867002,91,76380.20069179498,航发动力,航空,-0.00016384920580498176
002312,2013-11-01,2014-05-06 00:00:00,5600,4.745237016519999,7.03164132,12803.864099488006,0.48183142286046965,186,64661.819878655995,川发龙蟒,化工原料,-0.00016509752567219778
600822,2006-11-01,2007-05-09 00:00:00,2600,5.80126002456,10.72941987996,12813.21562404,0.84949818393527,189,61755.77894686199,上海物贸,汽车服务,-0.00016521810751786567
002706,2020-11-03,2021-05-07 00:00:00,4400,18.69556496808,21.61373227236,12839.936138832003,0.15608874667667716,185,82260.48585955199,良信股份,电气设备,-0.00016556265123080803
002532,2020-05-07,2020-11-03 00:00:00,11200,4.88873190806,6.0375142422,12866.362142368009,0.23498575003591737,180,54753.797370272,天山铝业,铝,-0.0001659033974120623
300995,2025-05-07,2025-11-03 00:00:00,1700,35.57568478464,43.14568059054,12868.992870029999,0.21278566671943278,180,60478.66413388801,奇德新材,塑料,-0.00016593731893952755
688582,2024-11-01,2025-11-03 00:00:00,700,45.3675202981,63.778613673870005,12887.765363039005,0.40582102029810674,367,31757.264208669996,芯动联科,元器件,-0.00016617937806499182
300249,2016-05-04,2016-11-01 00:00:00,2900,10.842074042799998,15.2875539432,12891.891711160006,0.4100211714890616,181,31442.014724119996,依米康,IT设备,-0.00016623258464853145
600285,2023-11-01,2024-11-01 00:00:00,2300,13.992127549399996,19.69657947423,13120.239427109007,0.4076901032162632,366,32181.89336361999,羚锐制药,中成药,-0.00016917698038743854
600345,2014-11-03,2015-05-05 00:00:00,3900,16.674719499899997,20.0620246932,13210.490253870019,0.20314016036793414,183,112072.975014,长江通信,通信设备,-0.00017034070628083576
003010,2025-05-07,2026-05-07 00:00:00,2500,24.6425828649,29.93360804838,13227.562958700006,0.21471065807052003,365,61606.45716225,若羽臣,互联网,-0.00017056084773985633
600961,2007-05-09,2007-11-01 00:00:00,1200,19.00856213256,30.04179617196,13239.88084728,0.5804349620164608,176,157136.98,株冶集团,铅锌,-0.00017071967892630607
002420,2014-11-03,2015-11-03 00:00:00,8700,7.098777585899999,8.621252677440001,13245.53329639802,0.21447003700524858,365,61759.36499732999,毅昌科技,家用电器,-0.00017079256359269445
600373,2009-05-05,2009-11-03 00:00:00,11400,2.3737138886864915,3.5412622929,13310.051808033997,0.4918656834668387,182,23549.814360072003,中文传媒,出版业,-0.00017162448796711658
002078,2017-11-01,2018-05-03 00:00:00,9100,8.013587782199998,9.47764761525,13322.944480755012,0.18269717295691335,183,72923.64881801998,太阳纸业,造纸,-0.0001717907306223808
002184,2013-11-01,2014-05-06 00:00:00,6100,4.301366209139999,6.48643533174,13328.921647860005,0.5079942084347373,186,66038.74028551801,海得控制,机械基件,-0.00017186780231666745
603038,2021-05-07,2021-11-02 00:00:00,7200,8.978025056,10.83377656881,13361.410892232003,0.2066993020441399,179,64641.7804032,华立股份,家居用品,-0.00017228673005716032
603501,2020-11-03,2021-05-07 00:00:00,500,165.63458763851995,192.57248453022,13468.948445850032,0.16263449123614926,185,82817.29381925997,豪威集团,半导体,-0.00017367335708484705
603236,2025-05-07,2025-11-03 00:00:00,1100,55.15318126318,67.44442805999999,13520.37147650199,0.222856533663373,180,60668.499389498,移远通信,通信设备,-0.0001743364237229523
600155,2006-11-01,2007-05-09 00:00:00,6500,2.36614252875,4.45380798375,13569.8254575,0.8823075658518695,189,58045.369882499996,华创云信,证券,-0.00017497410074248092
002008,2006-11-01,2007-05-09 00:00:00,4000,3.80513957824,7.20286160832,13590.88812032,0.892929670572441,189,71145.56665216,大族激光,专用机械,-0.00017524569012273598
600707,2009-05-05,2009-11-03 00:00:00,4400,5.34755783562,8.447564979,13640.031430871997,0.5797052109901271,182,67610.259160444,彩虹股份,元器件,-0.00017587936124829873
600246,2008-11-03,2009-05-05 00:00:00,2900,2.44331585498,7.156784651400001,13669.059509618002,1.9291279049382601,183,54438.90295843999,万通发展,区域地产,-0.00017625365950222778
600637,2010-11-02,2011-05-04 00:00:00,8100,4.898805531619999,6.58675536129,13672.393620327008,0.3445635510074654,183,39680.32480612199,东方明珠,影视音像,-0.0001762966506980181
603918,2019-05-07,2019-11-01 00:00:00,5600,7.053862415599999,9.50040454554,13700.635927664005,0.346837234098774,178,68663.70743231999,金桥信息,软件服务,-0.0001766608169391139
300254,2014-05-06,2014-11-03 00:00:00,1500,12.564640588499998,21.70837803186,13715.606165040004,0.7277356943842042,181,18846.960882749998,仟源医药,化学制药,-0.0001768538484435331
600216,2006-11-01,2007-05-09 00:00:00,8800,1.74514621281,3.30798397473,13752.972304896,0.8955339962051372,189,31417.488598496,浙江医药,化学制药,-0.00017733566058916443
002845,2020-05-07,2021-05-07 00:00:00,3700,14.70927862404,18.43860937356,13798.523773223997,0.2535359377464641,365,54424.330908947995,同兴达,元器件,-0.0001779230172381614
600446,2006-08-01,2007-05-09 00:00:00,10400,1.4560905058699998,2.7843659668800003,13814.064794504005,0.9122203981519466,281,62686.35545171999,金证股份,软件服务,-0.0001781234086309325
600449,2008-02-01,2009-05-05 00:00:00,4500,6.61279745126,9.69078319632,13850.935852770002,0.46545894800898857,459,29757.588530669997,宁夏建材,水泥,-0.00017859883702046647
002297,2021-05-07,2021-08-03 00:00:00,9100,7.03703,8.57142,13962.949,0.21804511278195493,88,64036.973,博云新材,航空,-0.00018004317392585176
002605,2013-11-01,2014-05-06 00:00:00,3200,8.10216430023,12.46988873889,13976.718203712006,0.53908119816035,186,39068.16102189,姚记科技,互联网,-0.00018022071887991133
600332,2006-11-01,2007-05-09 00:00:00,2500,5.966510209659999,11.58813490536,14054.061739250003,0.9421964428382916,189,33651.653423388,白云山,中成药,-0.0001812180136219395
600280,2013-05-03,2013-11-01 00:00:00,7300,4.74508059025,6.68387551392,14153.202942791004,0.4085905153336611,182,73678.747059918,中央商场,百货,-0.00018249637515948798
300251,2013-05-03,2013-08-01 00:00:00,7000,4.96585164075,7.0057647225,14279.39157225,0.41078816471486634,90,67881.484725054,光线传媒,影视音像,-0.00018412349571698275
002022,2006-11-01,2007-05-09 00:00:00,4500,3.40259564645,6.578888875650001,14293.319531400002,0.9334912399931783,189,57620.243660980006,科华生物,医疗保健,-0.00018430308771947993
002677,2017-11-01,2018-05-03 00:00:00,5900,12.35548225912,14.77906637976,14299.146311775996,0.19615455469988397,183,72897.345328808,浙江美大,家用电器,-0.0001843782202744053
000708,2018-11-01,2019-11-01 00:00:00,3700,5.242388310618919,9.1326586995,14394.000438860001,0.7420797847044249,365,14536.3262044,中信特钢,特种钢,-0.00018560130274073605
600588,2006-11-01,2007-05-09 00:00:00,10000,1.5256165924999998,2.97062814825,14450.115557500001,0.9471656003570899,189,26561.45307816,用友网络,软件服务,-0.00018632487081114663
002033,2006-02-07,2006-05-09 00:00:00,35800,1.7900517134499998,2.19458298024,14482.219351082002,0.22598859225711387,91,64083.851341509995,丽江股份,旅游景点,-0.0001867388284136247
600037,2006-11-01,2007-05-09 00:00:00,1700,8.97972079004,17.56651558032,14597.551143476001,0.9562429602270242,189,16360.018354679998,歌华有线,影视音像,-0.00018822595709662521
002777,2019-11-01,2020-05-07 00:00:00,2800,18.09737353424,23.35161114387,14711.865306963999,0.290331500296938,188,50672.645895871996,久远银海,软件服务,-0.00018969996411470267
600227,2006-11-01,2007-05-09 00:00:00,6300,2.41836472878,4.75496028,14720.551972685998,0.9661882359650316,189,15235.697791314,赤天化,农药化肥,-0.00018981197303684526
603099,2023-11-01,2024-05-07 00:00:00,2300,14.1731037448,20.63358272304,14859.101649952,0.45582669079172566,188,32598.138613040002,长白山,旅游景点,-0.00019159848129103805
300126,2014-05-06,2014-11-03 00:00:00,2500,7.37107371,13.3845876144,15033.784761000003,0.815826043937363,181,18427.684275,锐奇股份,轻工机械,-0.0001938509067453117
002591,2014-05-06,2014-11-03 00:00:00,3000,6.212124478559999,11.23471558845,15067.77332967,0.8085142413395847,181,18636.373435679998,恒大高新,环境保护,-0.0001942891673004812
600616,2006-11-01,2007-05-09 00:00:00,2100,9.246133180569998,16.425692924939998,15077.075463177,0.7764932219943861,189,14740.454109380998,金枫酒业,红黄酒,-0.00019440911228064847
300595,2019-11-01,2020-05-07 00:00:00,2100,23.2292227167,30.42235507212,15105.577946381994,0.30965876229034106,188,48781.36770507,欧普康视,医疗保健,-0.00019477663332086683
600848,2008-11-03,2009-05-05 00:00:00,3100,2.34047699886,7.21711801764,15117.587158218,2.083609888563449,183,38380.1741323,上海临港,园区开发,-0.00019493148432084558
603678,2020-11-03,2021-05-07 00:00:00,1800,46.07015212799999,54.52236817488,15213.98888438402,0.18346403596403627,185,82926.27383039998,火炬电子,元器件,-0.00019617452207389195
000807,2006-02-07,2006-05-09 00:00:00,29400,2.6830037105299995,3.20055889734,15216.122492214017,0.1929014055324445,91,64155.892762962,云铝股份,铝,-0.0001962020335634509
600628,2006-11-01,2007-05-09 00:00:00,2200,6.699399006299999,13.65533284815,15303.05445207,1.0382922162583181,189,14738.677813859998,新世界,百货,-0.00019732296482002614
300011,2014-05-06,2014-11-03 00:00:00,1800,10.26535595085,18.806963211,15374.893068270001,0.8320809625157453,181,68055.98799999998,鼎汉技术,运输设备,-0.00019824927719652263
000060,2006-11-01,2007-05-09 00:00:00,6200,3.036386027675,5.517269208,15381.475718015,0.817051309587485,189,15310.0996048,中金岭南,铅锌,-0.0001983341561968636
000799,2009-05-05,2009-11-03 00:00:00,3100,7.408804463059999,12.37455778527,15393.835298851001,0.670250287609701,182,66862.31489437498,酒鬼酒,白酒,-0.0001984935249779217
000402,2007-05-09,2007-11-01 00:00:00,3800,7.032916978455789,11.0847863178,15397.103489508007,0.5761292720725217,176,23193.648590111996,金融街,全国地产,-0.00019853566617738337
603658,2019-11-01,2020-05-07 00:00:00,700,68.6263595017,90.71973893052,15465.365600174,0.3219372204680726,188,48038.45165118999,安图生物,医疗保健,-0.00019941586183398738
002079,2010-11-02,2011-05-04 00:00:00,5700,6.90788219121,9.64521995517,15602.825254572006,0.39626294835241294,183,67082.68769202,苏州固锝,电气设备,-0.00020118831495005674
600331,2006-05-09,2007-05-09 00:00:00,1700,9.432718514042351,18.64894135104,15667.578822896005,0.9770484323556983,365,73356.28299999998,宏达股份,农药化肥,-0.00020202327022806265
601020,2020-05-07,2020-11-03 00:00:00,9700,5.63002662222,7.25346002925,15747.304048191003,0.2883527052292796,180,54611.258235534,华钰矿业,铅锌,-0.00020305127531524482
600610,2008-11-03,2009-05-05 00:00:00,5300,1.3685613941999997,4.3473274209,15787.459941510004,2.1765673351039214,183,66516.44999999998,中毅达,化工原料,-0.0002035690595229348
002362,2014-05-06,2015-05-05 00:00:00,1100,17.12711,31.53843,15852.452000000003,0.841433259901992,364,32324.292,汉王科技,软件服务,-0.00020440708997699676
002047,2013-05-03,2014-05-06 00:00:00,12800,3.8124119973783595,5.05429277787,15896.073990292996,0.32574674021213634,368,34722.932211968,宝鹰股份,装修装饰,-0.0002049695672577856
600383,2006-11-01,2007-05-09 00:00:00,11100,1.825292880582342,3.25901772,15914.345717536004,0.7854765964792685,189,33278.713724256,金地集团,全国地产,-0.0002052051693333886
002016,2012-05-03,2012-11-01 00:00:00,8100,4.085884802999999,6.06698788905,16046.934997005008,0.48486513486513516,182,41196.259479375,世荣兆业,区域地产,-0.0002069148221226483
600056,2006-05-09,2007-05-09 00:00:00,9600,1.3752391653,3.05553765375,16130.86548912,1.22182274243437,365,13202.29598688,中国医药,医药商业,-0.00020799705139882356
600233,2015-11-03,2016-05-04 00:00:00,3500,10.695836519939997,15.32415327723,16199.10865051501,0.4327213442970581,183,29645.316142441996,圆通速递,仓储物流,-0.00020887700271686474
603161,2020-08-03,2020-11-03 00:00:00,11200,8.713439734999998,10.16097690195,16212.41626984003,0.16612694997310418,92,97590.52503199998,科华控股,汽车配件,-0.00020904859583954058
600641,2007-05-09,2007-08-01 00:00:00,4600,5.82610472618087,9.35134165764,16216.089884712,0.6050761352808698,84,94086.99299999999,先导基电,半导体,-0.00020909596472138144
600966,2006-11-01,2007-05-09 00:00:00,10100,1.5221991785,3.13560544581,16295.403299831,1.0599179726925598,189,73671.876278,博汇纸业,造纸,-0.00021011865978335745
600967,2016-11-01,2017-05-03 00:00:00,6700,11.05460804448,13.49892583173,16376.929174575002,0.22111302159379087,183,74065.873898016,内蒙一机,运输设备,-0.00021116988307766238
001339,2024-11-01,2025-05-07 00:00:00,1200,28.41974937802,42.06892161735,16379.006687195999,0.48027067578176275,187,34103.699253624,智微智能,IT设备,-0.00021119667125587283
300353,2015-05-05,2016-11-01 00:00:00,3800,17.5084893984,21.83246746821,16431.116665278012,0.24696465648288002,546,66532.25971392,东土科技,通信设备,-0.00021186859563567914
000987,2006-11-01,2007-05-09 00:00:00,7300,2.08700246755,4.362581801249999,16611.729136009995,1.0903577590741307,189,15235.118013115001,越秀资本,多元金融,-0.0002141974763385433
002296,2013-11-01,2014-11-03 00:00:00,2300,11.097643557,18.32845245075,16630.860455625,0.6515625462838968,367,25524.5801811,辉煌科技,通信设备,-0.00021444416230043253
600409,2020-11-03,2021-05-07 00:00:00,13100,9.934028622380456,11.20795906176,16688.48875587203,0.12823905464792973,185,83471.32265471999,三友化工,化纤,-0.00021518724186653473
600576,2009-11-03,2010-05-05 00:00:00,5100,6.056590860319999,9.33200297568,16704.601788336004,0.5408012842371435,183,30888.613387631995,祥源文旅,旅游景点,-0.00021539500897263704
301221,2023-05-05,2023-11-01 00:00:00,1900,34.46581876737999,43.2756704106,16738.718122118014,0.25561126815759994,180,65485.055658021985,光庭信息,软件服务,-0.00021583491697608437
002252,2014-05-06,2015-05-05 00:00:00,2100,8.68063724528,16.7114437281,16864.693613922,0.9251402006444474,364,26086.74280212,上海莱士,生物制药,-0.000217459289261714
000069,2007-05-09,2007-11-01 00:00:00,4300,5.320246131199999,9.24705096273,16885.260775579005,0.7380870611420935,176,22877.05836416,华侨城A,全国地产,-0.00021772448947574995
000546,2007-02-01,2007-05-09 00:00:00,3400,3.4143566557100002,8.39349162648,16929.058900617998,1.458293749846883,97,157195.30581254498,金圆股份,环境保护,-0.00021828923789988454
002346,2014-05-06,2015-11-03 00:00:00,2900,6.428859116679998,12.27533625612,16954.783704376005,0.9094113019635197,546,18643.691438371996,柘中股份,电气设备,-0.00021862094256465208
002723,2021-05-07,2021-11-02 00:00:00,5700,11.185791877259998,14.186494305,17104.003838118013,0.268260169746251,179,63759.01370038199,小崧股份,家用电器,-0.00022054503943649134
002265,2014-05-06,2015-05-05 00:00:00,2300,8.0358216939,15.502893588,17174.26535643,0.9292231931637138,364,73648.7383632,建设工业,专用机械,-0.0002214510161582956
300626,2020-05-07,2020-11-03 00:00:00,5600,9.71719736988,12.8046741084,17289.869735712007,0.31773325383820317,180,54416.305271328,华瑞股份,电气设备,-0.00022294165967247446
300168,2013-05-03,2013-11-01 00:00:00,6400,5.3997147204,8.11248891048,17361.754816512002,0.5023921319085989,182,41951.729771952,万达信息,软件服务,-0.0002238685711798607
002339,2012-05-03,2013-11-01 00:00:00,7500,4.44568305181,6.77621426274,17478.984081975002,0.5242234283843414,547,33342.622888574995,积成电子,电气设备,-0.0002253801665477844
300073,2015-11-03,2016-05-04 00:00:00,2100,12.665446794,21.06222047622,17633.224732661998,0.662967032967033,183,71517.22668089998,当升科技,电气设备,-0.00022736899973037895
002779,2021-11-02,2022-05-06 00:00:00,3600,9.71028883825,14.6104424325,17640.5529393,0.5046352045623714,185,34957.039817699995,中坚科技,农用机械,-0.00022746349220344392
603703,2019-11-01,2020-05-07 00:00:00,5100,9.9244417272,13.39275887496,17688.417453576003,0.34947226686357125,188,64083.443219796,盛洋科技,元器件,-0.0002280806740801858
002241,2010-02-02,2010-05-05 00:00:00,14700,2.4706632350399995,3.6864104994,17871.484786092005,0.4920732405443826,92,39534.9066112,歌尔股份,元器件,-0.00023044120863404834
000759,2006-11-01,2007-05-09 00:00:00,4900,3.1316443158,6.781500711,17884.296336479998,1.1654760334005614,189,15345.05714742,中百集团,超市连锁,-0.00023060640526942707
000681,2012-11-01,2013-05-03 00:00:00,4900,3.2604694122,6.92204970132,17941.743416687998,1.1230224321133413,183,25510.703097879996,视觉中国,互联网,-0.00023134714812062717
603337,2018-02-01,2018-05-03 00:00:00,4000,20.50492949505,25.00331362803,17993.53653192,0.21938061938061937,91,82019.7179802,杰克科技,纺织机械,-0.00023201498675943312
000550,2023-11-01,2024-11-01 00:00:00,2200,14.721082576199995,22.93100343261,18061.825884102014,0.5576981729375818,366,32386.38166763999,江铃汽车,汽车整车,-0.0002328955336777231
603288,2017-11-01,2018-05-03 00:00:00,3300,22.090764696,27.611682678,18219.029340600002,0.24991973152471636,183,76766.3989092,海天味业,食品,-0.00023492257032019828
600586,2008-11-03,2009-05-05 00:00:00,3700,1.9498322844,6.899229464399999,18312.769565999995,2.538370720188902,183,59159.60885835,金晶科技,玻璃,-0.00023613128974655582
600773,2010-05-05,2011-05-04 00:00:00,1700,8.052606541979998,18.87943774392,18405.613043298006,1.3445126302269168,364,32033.179219041,西藏城投,区域地产,-0.00023732844618758032
688521,2022-11-01,2023-05-05 00:00:00,600,51.34129,82.14777000000001,18483.888000000006,0.6000332286157986,185,30804.774,芯原股份,半导体,-0.00023833775100159466
002364,2014-08-01,2014-11-03 00:00:00,18300,8.61424628064,9.62554294188,18506.72890069199,0.1173981597801339,94,157640.706935712,中恒电气,电气设备,-0.00023863226960621823
600305,2006-11-01,2007-05-09 00:00:00,12400,1.2365277924999998,2.731724541,18540.439681400007,1.2091897631164654,189,54454.96392335998,恒顺醋业,食品,-0.00023906694826573275
600980,2013-11-01,2014-11-03 00:00:00,2500,10.591433852999998,18.0231772815,18579.358571250006,0.7016749131086704,367,26478.584632499995,北矿科技,专用机械,-0.00023956878211575002
300676,2020-05-07,2020-11-03 00:00:00,500,100.86590562048,138.16865196108,18651.373170299998,0.3698251268466872,180,50432.95281024,华大基因,医疗保健,-0.0002404973636769917
300735,2019-05-07,2019-11-01 00:00:00,3500,11.2013887986,16.532001999450003,18657.14620297501,0.4758885970921969,178,39204.8607951,光弘科技,元器件,-0.00024057180319016238
603118,2019-05-07,2019-11-01 00:00:00,4800,8.167443924639999,12.06071489232,18687.700644864006,0.4766816893513728,178,93075.747093329,共进股份,通信设备,-0.00024096578290714248
000400,2010-02-02,2010-05-05 00:00:00,3300,10.7376351082,16.4078585172,18711.737249700007,0.5280700407364214,92,76218.30660443997,许继电气,电气设备,-0.00024127571934142117
600859,2006-11-01,2007-05-09 00:00:00,1700,8.972992138109998,20.02647266082,18790.916888607007,1.231861162093721,189,21671.688256218,王府井,百货,-0.00024229668944588257
000802,2006-02-07,2006-05-09 00:00:00,30100,2.1325572268,2.7579987405,18825.789562370006,0.2932824056677268,91,64189.972526679994,北京文化,影视音像,-0.00024274634996298186
301095,2025-11-03,2026-05-07 00:00:00,1200,76.54107925463998,92.27991603168,18886.604132448025,0.2056260106377572,185,91849.29510556797,广立微,半导体,-0.00024353051441261084
600831,2009-05-05,2010-05-05 00:00:00,4200,5.52610842784,10.03395486114,18932.95501986,0.8157361535995034,365,23209.655396928,广电网络,影视音像,-0.0002441281790523608
603699,2023-11-01,2024-11-01 00:00:00,2400,13.13467138984,21.03765894234,18967.170125999997,0.6016890196897624,366,31523.211335615997,纽威股份,机械基件,-0.00024456936066132143
688636,2025-08-01,2025-11-03 00:00:00,10200,35.89143251693999,37.75322886012,18990.322700436038,0.05187300178952947,94,366092.6116727879,智明达,元器件,-0.0002448678980967886
603129,2019-11-01,2020-05-07 00:00:00,1800,27.07066357996,37.65222752256,19046.81509667999,0.3908867586989395,188,48727.194443928005,春风动力,摩托车,-0.00024559633091727936
300345,2015-05-05,2016-05-04 00:00:00,8200,8.22294625152,10.56511614816,19205.793152447997,0.2848334191904822,365,67428.159262464,华民股份,电气设备,-0.0002476462498667099
603707,2019-11-01,2020-05-07 00:00:00,2800,18.14409068472,25.02127004364,19256.102204976007,0.3790313594889383,188,97504.80195456,健友股份,生物制药,-0.0002482949524791985
601002,2010-11-02,2011-11-01 00:00:00,4800,8.28665335498,12.3015007854,19271.267666016,0.4844956411754826,364,39775.936103904,晋亿实业,机械基件,-0.00024849050126618397
600336,2013-05-03,2013-11-01 00:00:00,9500,3.6423866478999996,5.6726343873000005,19287.353524300008,0.5573948994598172,182,34602.67315505,澳柯玛,家用电器,-0.0002486979179788551
600600,2007-05-09,2007-11-01 00:00:00,1500,15.078234771599998,27.9370105245,19288.16362935,0.852803789547012,176,22617.352157399997,青岛啤酒,啤酒,-0.00024870836375821115
000159,2006-11-01,2007-05-09 00:00:00,8500,2.405197175557647,4.6820604528,19353.337856560003,0.9466430862220103,189,26404.649891619996,国际实业,石油贸易,-0.00024954874315980127
300103,2020-05-07,2020-11-03 00:00:00,6000,9.05301453056,12.27874384512,19354.375887359995,0.3563154906767241,180,54318.08718336,达刚控股,专用机械,-0.0002495621278939189
002821,2019-11-01,2020-05-07 00:00:00,500,85.48541251249999,124.25447739375,19384.532440625,0.4535167315895101,188,73585.41189999999,凯莱英,生物制药,-0.00024995097709507947
000965,2008-11-03,2009-11-03 00:00:00,3300,2.18889136466,8.08647542001,19462.027382655,2.6943246935720224,365,16218.791489901,天保基建,区域地产,-0.00025095022412565163
603679,2023-05-05,2023-11-01 00:00:00,5300,12.96444914765,16.6535742555,19552.363071605,0.2845570271312845,180,68711.580482545,华体科技,电气设备,-0.0002521150442619521
600533,2006-11-01,2007-05-09 00:00:00,5300,2.90157852985,6.597982413,19590.940580695,1.2739286030425272,189,39315.586125816,栖霞建设,区域地产,-0.0002526124762284169
603032,2021-11-02,2022-11-01 00:00:00,1000,32.71291925902,52.4008229238,19687.903664780002,0.601838787571715,364,32712.919259019996,德新科技,专用机械,-0.00025386275232784996
300308,2016-11-01,2017-05-03 00:00:00,5600,13.235392019849998,16.77461446413,19819.645687968008,0.26740593999573226,183,74118.19531115999,中际旭创,通信设备,-0.00025556148029671827
603708,2019-11-01,2020-05-07 00:00:00,2200,22.77277888886,31.78801748268,19833.524906404004,0.395877843359296,188,50100.113555492,家家悦,超市连锁,-0.0002557404438193113
000680,2014-11-03,2015-05-05 00:00:00,16100,7.466070136866955,8.698563329399999,19843.140399782,0.16507924114549555,183,67657.4836938,山推股份,工程机械,-0.0002558644293718359
000733,2009-05-05,2009-11-03 00:00:00,3800,6.156936785999999,11.398344246,19917.348348000007,0.8513011652025109,182,31781.273867342996,振华科技,元器件,-0.0002568212927484546
000810,2006-11-01,2007-05-09 00:00:00,6100,2.48807363805,5.7809052081,20086.272577305,1.323446187320533,189,18391.58740419,创维数字,家用电器,-0.0002589994611566504
300184,2014-08-01,2014-11-03 00:00:00,43200,3.6488160709000006,4.1151978728100005,20147.693842511995,0.12781729548646847,94,157628.85426288002,力源信息,元器件,-0.0002597914485465928
600351,2006-05-09,2007-05-09 00:00:00,16600,0.7980767694899998,2.0146653379800004,20195.37023693401,1.5244004273767358,365,13248.074373533997,亚宝药业,中成药,-0.0002604062047397924
688333,2025-11-03,2026-05-07 00:00:00,1200,75.19414804901999,92.08301006475,20266.634418876016,0.2246034093599938,185,90232.97765882398,铂力特,机械基件,-0.0002613251101589892
300991,2025-11-03,2026-05-07 00:00:00,2300,40.5405,49.43052,20447.046,0.2192873792873793,185,93243.15000000001,创益通,元器件,-0.0002636514005206129
603050,2023-11-01,2024-11-01 00:00:00,3500,9.12355362919,14.96726030745,20452.973373909994,0.6405077358852342,366,31932.437702165003,科林电气,电气设备,-0.00026372783016393543
603110,2023-05-05,2023-11-01 00:00:00,2700,25.301003227499997,32.903021082959995,20525.448209741993,0.3004630997081279,180,68312.70871425,东方材料,染料涂料,-0.0002646623461800684
600160,2006-11-01,2007-05-09 00:00:00,13200,1.1612346345599998,2.71971060696,20571.882835680004,1.3420853340208185,189,66177.71688528,巨化股份,化工原料,-0.00026526109057381644
601038,2023-11-01,2024-05-07 00:00:00,3000,10.871339519039998,17.73009279936,20576.25984096001,0.6309023159756555,188,32614.01855711999,一拖股份,农用机械,-0.000265317529218898
688336,2023-05-05,2024-05-07 00:00:00,5300,12.865797945,16.7600566665,20639.57122394999,0.3026830312544597,368,68188.7291085,三生国健,生物制药,-0.0002661338884521195
300463,2019-11-01,2020-05-07 00:00:00,2000,24.25198693918,34.602837525000005,20701.701171640012,0.4268042289391891,188,48503.97387836,迈克生物,医疗保健,-0.0002669350138431782
000601,2006-11-01,2007-05-09 00:00:00,6500,2.3659724088,5.557481435520001,20744.808673680007,1.3489206445728188,189,33438.5476425,韶能股份,水力发电,-0.00026749085713153345
300267,2014-08-01,2014-11-03 00:00:00,18100,8.671919255999999,9.82777087152,20920.914240912025,0.1332867132867135,94,156961.73853359997,尔康制药,化学制药,-0.0002697616242359943
000952,2007-05-09,2007-11-01 00:00:00,1800,12.464410518559998,24.15391242948,21041.103439656003,0.9378303044106155,176,31555.409421536002,广济药业,化学制药,-0.00027131138602438666
600436,2006-08-01,2007-05-09 00:00:00,4700,3.247375131,7.734116441699999,21087.68416028999,1.381651681651681,281,65188.833790079996,片仔癀,中成药,-0.000271912014214513
600071,2006-05-09,2007-05-09 00:00:00,3300,4.988798269,11.38067835957,21093.204298881,1.2812464537378951,365,93231.138,凤凰光学,元器件,-0.00027198319282244426
000859,2009-05-05,2009-11-03 00:00:00,7100,3.30749227809,6.27991291089,21104.186492880002,0.898693143591103,182,61944.57321052001,国风新材,塑料,-0.00027212480109332243
002747,2020-11-03,2021-05-07 00:00:00,3500,23.905117296059995,29.96776907316,21219.281219850018,0.2536131365521157,185,93296.203,埃斯顿,机械基件,-0.0002736088729713914
000926,2006-11-01,2007-05-09 00:00:00,4900,3.7764646905699992,8.13579198408,21360.70373819901,1.1543408056734745,189,29467.896045588,福星股份,区域地产,-0.00027543242464862945
002695,2019-11-01,2020-05-07 00:00:00,3400,14.896909657629998,21.19439186253,21411.439496660012,0.42273749050189857,188,50649.492835941994,煌上煌,食品,-0.00027608662935745237
000897,2006-11-01,2007-05-09 00:00:00,4000,3.8070320287999992,9.20158664256,21578.218455040005,1.4169974334207005,189,83870.93969254,津滨发展,区域地产,-0.0002782371358880414
600392,2017-05-03,2017-11-01 00:00:00,6600,11.261146219959999,14.5359197298,21613.505164944007,0.2908028584191169,182,58676.86672847999,盛和资源,小金属,-0.00027869213513272227
603899,2017-11-01,2018-05-03 00:00:00,3700,19.816727931,25.6674666402,21647.733224040006,0.2952424199177446,183,73321.8933447,晨光股份,文教休闲,-0.000279133483761652
002410,2020-05-07,2020-11-03 00:00:00,1500,35.10411669765,49.547361221820005,21664.866786255006,0.41144019228767226,180,52656.175046475,广联达,软件服务,-0.000279354409937193
300411,2020-05-07,2020-11-03 00:00:00,5600,9.709699999999998,13.59639,21765.464000000007,0.4002894013203293,180,54374.31999999999,金盾股份,专用机械,-0.00028065154578226035
603871,2023-11-01,2024-11-01 00:00:00,4000,8.125068541589998,13.58763828048,21850.278955560007,0.6723106040187359,366,32500.27416635999,嘉友国际,仓储物流,-0.0002817451796410822
002052,2012-11-01,2013-11-01 00:00:00,3300,6.65184332813,13.27671,21862.060017171,0.9959444841182716,365,366446.07999999996,同洲电子,家用电器,-0.0002818970887918396
000636,2006-11-01,2007-05-09 00:00:00,5100,5.576612356609411,9.8744160996,21918.799089252,0.7706836100767922,189,42287.314157088,风华高科,元器件,-0.000282628702337307
002256,2013-05-03,2013-11-01 00:00:00,30700,1.13126589576,1.84686213915,21968.804672073,0.6325623764245565,182,34729.862999831996,兆新股份,新型电力,-0.00028327349190469033
000410,2006-08-01,2007-05-09 00:00:00,1900,10.161886456827366,21.73309986528,21985.305476060003,1.138687531848813,281,14724.652442499999,沈阳机床,机床制造,-0.00028348625907315513
600851,2012-02-01,2012-05-03 00:00:00,40000,5.736376245599999,6.2861811264,21992.195232000035,0.09584533113944893,92,229455.04982399996,海欣股份,化学制药,-0.0002835750980087566
300138,2014-11-03,2015-05-05 00:00:00,13400,4.637029717319999,6.28108357905,22030.32174718201,0.3545489164301048,183,62136.198212087984,晨光生物,食品,-0.00028406671470119707
002909,2020-05-07,2020-11-03 00:00:00,10800,5.093424976639999,7.1452152324,22159.33476220801,0.4028311529413189,180,64350.89591931,集泰股份,化工原料,-0.0002857302538792765
002270,2023-11-01,2024-05-07 00:00:00,2800,11.382729358,19.30281601185,22176.242630779994,0.6957985562824269,188,31871.642202400002,华明装备,电气设备,-0.00028594826988162823
002028,2020-05-07,2020-08-03 00:00:00,2800,19.32069907768,27.50198324724,22907.595674767996,0.4234465914854668,88,54097.957417504,思源电气,电气设备,-0.00029537859318223847
300161,2014-11-03,2015-05-05 00:00:00,3800,23.13997731835263,29.1846917943,22969.915008600005,0.2612238721233846,183,61576.26549074,华中数控,机床制造,-0.0002961821605848022
600255,2014-05-06,2015-05-05 00:00:00,5600,3.9765666097299994,8.084866760279999,23006.480843079993,1.0331274573642673,364,18732.770144087997,鑫科材料,小金属,-0.0002966536533115195
600988,2009-05-05,2009-11-03 00:00:00,15300,1.5428264151299995,3.06229756707,23247.908624682004,0.9848620279242295,182,54363.48910492499,赤峰黄金,黄金,-0.0002997667080160453
300726,2020-11-03,2021-05-07 00:00:00,1900,43.78763011623,56.03424642324,23268.570983319,0.27968209913399167,185,83196.497220837,宏达电子,元器件,-0.0003000331357334135
300363,2020-05-07,2020-11-03 00:00:00,2200,24.8128048168,35.426171367,23349.406410440006,0.427737477828948,180,64642.447030161,博腾股份,化学制药,-0.0003010754561532988
600320,2006-11-01,2007-11-01 00:00:00,3300,7.658385264529999,14.74723074726,23393.190093009,0.9256318711938096,365,77840.05759129599,振华重工,专用机械,-0.00030164001835114715
002475,2019-11-01,2020-05-07 00:00:00,2100,23.74580691483,34.918021435590006,23461.65049359602,0.4704920982821017,188,49866.194521143,立讯精密,元器件,-0.00030252277082771367
000506,2009-05-05,2009-08-03 00:00:00,6400,3.66619188936,7.334215043399999,23475.348185855994,1.0004995004995,90,38313.356681599995,招金黄金,黄金,-0.0003026993936879666
600984,2019-05-07,2020-05-07 00:00:00,8100,8.279403230493456,11.20187607084,23672.030006807003,0.35298109766932595,366,39393.216579716995,建设机械,工程机械,-0.00030523547824270753
600884,2025-11-03,2026-05-07 00:00:00,6900,13.533519999999998,16.97301,23732.481000000007,0.25414600192706716,185,93381.28799999999,杉杉股份,电气设备,-0.0003060149546041437
603520,2019-11-01,2020-05-07 00:00:00,2300,21.21718599,31.53632654556,23734.023277788,0.48635764235764234,188,48799.527777,司太立,化学制药,-0.00030603484127622317
600189,2010-08-03,2010-11-02 00:00:00,13500,5.69881180869,7.46342463447,23822.273148029995,0.3096457445899825,91,76933.95941731501,泉阳泉,软饮料,-0.00030717276613270684
002321,2014-11-03,2015-05-05 00:00:00,8400,7.419069908249999,10.26085269618,23870.97541861201,0.3830376075537367,183,62320.18722929999,华英农业,农业综合,-0.00030780075033382236
000031,2009-05-05,2009-11-03 00:00:00,3700,6.351027883199999,12.82973073669,23971.200557913002,1.0201030404271618,182,42059.905183295996,大悦城,全国地产,-0.00030909308852018335
002162,2009-05-05,2009-11-03 00:00:00,7000,3.3730438341600006,6.833675084399999,24224.41875167999,1.0259668775107427,182,23611.306839120003,悦心健康,陶瓷,-0.00031235817294479737
600328,2006-11-01,2007-05-09 00:00:00,5800,2.639024388,6.858728156250001,24474.281855850004,1.5989635364635366,189,39459.415379383994,中盐化工,化工原料,-0.00031557999566446317
002590,2014-08-01,2014-11-03 00:00:00,27400,5.758220307839999,6.6526015392,24506.045739264016,0.155322510002313,94,157775.23643481598,万安科技,汽车配件,-0.0003159895703457192
002105,2014-05-06,2015-05-05 00:00:00,5100,3.6378048006299992,8.504156420909998,24818.393263428,1.3377165315294648,364,18552.804483212996,信隆健康,摩托车,-0.00032001708914696707
600215,2016-11-01,2017-05-03 00:00:00,9300,8.03203416015,10.7196027669,24994.388042775,0.33460622218018665,183,74697.91768939499,派斯林,专用机械,-0.0003222864277134844
000755,2006-05-09,2007-05-09 00:00:00,2800,8.94583769937,17.87272590348,24995.286971508,0.9978817528445285,365,13121.580856384,山西高速,路桥,-0.0003222980188166405
301528,2025-05-07,2025-11-03 00:00:00,1900,32.27643595175999,45.44185332933,25014.293017383017,0.40789563622349445,180,61325.22830834398,多浦乐,电器仪表,-0.00032254308945487873
002107,2014-11-03,2015-08-03 00:00:00,11500,10.593289802051476,12.77844412464,25129.274709768022,0.2062772154279544,273,97467.824454,沃华医药,中成药,-0.00032402570382526443
301061,2023-11-01,2024-11-01 00:00:00,1600,19.5335971831,35.34864651945,25304.07893816,0.8096332277207396,366,31253.75549296,匠心家居,家居用品,-0.0003262796910091574
601155,2017-05-03,2017-11-01 00:00:00,4600,12.82595291978,18.33278062824,25331.40745891599,0.429350375983951,182,63406.0221795,新城控股,区域地产,-0.0003266320745647807
300482,2019-11-01,2020-11-03 00:00:00,1400,35.56609098041999,53.69830119675,25385.094302862013,0.5098173489549986,368,49792.52737258799,万孚生物,医疗保健,-0.0003273243316074802
600416,2006-11-01,2007-05-09 00:00:00,3700,4.16229966152,11.02793754348,25402.860163252,1.649481882679439,189,38894.79578985,湘电股份,电气设备,-0.00032755341085801223
600418,2006-11-01,2007-05-09 00:00:00,5400,2.83475099908,7.53965461818,25406.479543139998,1.6597237713742565,189,32792.759999999995,江淮汽车,汽车整车,-0.0003276000804149001
600126,2014-11-03,2015-05-05 00:00:00,16000,5.197274242785625,6.7966358607,25589.785886630012,0.3077308495187572,183,67929.904934892,杭钢股份,普钢,-0.0003299636968603003
300760,2020-05-07,2020-11-03 00:00:00,200,235.9874626109,364.58306625573,25719.120728965998,0.5449255745287644,180,47197.49252218,迈瑞医疗,医疗保健,-0.00033163138579287257
600219,2024-08-01,2024-11-01 00:00:00,104300,3.4143073491756377,3.663684648,26010.05226738097,0.07303891340789015,92,334593.556956659,南山铝业,铝,-0.00033538275934378664
600259,2010-05-05,2011-05-04 00:00:00,600,20.587916349,64.22365390815,26181.44253549,2.1194829442402257,364,12352.7498094,中稀有色,小金属,-0.00033759272572340694
300283,2014-11-03,2015-05-05 00:00:00,11200,5.540634098999999,7.8949943028,26368.83428256001,0.4249261297050688,183,74516.58434219999,温州宏丰,电气设备,-0.0003400090207990385
600732,2006-05-09,2007-05-09 00:00:00,9000,1.4746944212,4.406808879900001,26389.030128300008,1.9882861266363627,365,467700.57253919996,爱旭股份,电气设备,-0.00034026943313508203
000989,2006-05-09,2007-05-09 00:00:00,6000,2.20050483653,6.61413906018,26481.8053419,2.005737115583853,365,13203.02901918,九芝堂,中成药,-0.00034146570935998205
002451,2013-11-01,2014-05-06 00:00:00,6900,3.8547708199,7.7077461384,26585.52969765,0.9995342131909033,186,58508.041882289996,摩恩电气,电气设备,-0.0003428031676735979
000786,2006-11-01,2007-05-09 00:00:00,9600,1.5994631452799997,4.36929321312,26590.368651264,1.731724845310592,189,72998.09619102,北新建材,其他建材,-0.00034286556284292383
300030,2020-05-07,2020-11-03 00:00:00,5700,9.60971107096,14.27678319573,26602.311111189,0.48566206520751964,180,54775.353104472,阳普医疗,医疗保健,-0.0003430195531202914
600378,2006-11-01,2007-05-09 00:00:00,4200,3.62766609205,9.96167829006,26602.851231642,1.7460295510358392,189,41636.216622,昊华科技,化工原料,-0.00034302651762332443
300865,2025-05-07,2025-11-03 00:00:00,2700,23.06551996749,32.94762653286,26681.687726498996,0.42843632310472346,180,62276.903912223,大宏立,专用机械,-0.00034404306310775203
688392,2025-11-03,2026-05-07 00:00:00,800,108.1268892704,141.685075098,26846.54866208,0.31035930150250457,185,86501.51141632,骄成超声,专用机械,-0.00034616883797797385
300253,2019-11-01,2020-05-07 00:00:00,3900,12.71450512332,19.61181277578,26899.499844593993,0.5424755101014092,188,49586.569980948,卫宁健康,软件服务,-0.0003468516091435025
000868,2014-11-03,2015-05-05 00:00:00,10000,8.122187990917,10.81755815346,26953.70162543,0.3318527182031761,183,61981.14612690001,安凯客车,汽车整车,-0.00034755050596351866
603267,2020-11-03,2021-05-07 00:00:00,1000,82.69310902852999,110.03856552576,27345.456497230018,0.33068603682315967,185,82693.10902852999,鸿远电子,元器件,-0.0003526019310256449
300687,2020-05-07,2020-11-03 00:00:00,4800,11.40292637484,17.10983967336,27393.183832896,0.500477957229648,180,54734.046599232,赛意信息,软件服务,-0.00035321734407315567
688596,2022-05-06,2022-11-01 00:00:00,1000,15.217167965999998,42.6606811155,27443.5131495,1.803457332587611,179,15217.167965999997,正帆科技,专用机械,-0.00035386630797776513
000932,2006-11-01,2007-05-09 00:00:00,8000,1.91060995125,5.40003649806,27915.41237448,1.8263416583416583,189,73274.031806976,华菱钢铁,普钢,-0.0003599511425093923
688202,2021-02-02,2022-05-06 00:00:00,700,135.7676053734,175.71590376444,27963.808873727998,0.2942402812598093,458,95037.32376137999,美迪西,医疗保健,-0.0003605751839874146
000661,2010-08-03,2010-11-02 00:00:00,4600,16.617267466799998,22.6980975816,27971.818528080006,0.36593441893795253,91,76439.43034728,长春高新,生物制药,-0.00036067846328690815
600489,2006-11-01,2007-05-09 00:00:00,9500,1.6192816639999998,4.5653308992,27987.4677344,1.8193556443556447,189,38585.3803335,中金黄金,黄金,-0.00036088024965562387
301004,2024-05-07,2024-11-01 00:00:00,1200,55.5771521305,78.945627348,28042.170261000007,0.4204691014506967,178,66692.5825566,嘉益股份,家居用品,-0.00036158560326758854
603893,2024-11-01,2026-05-07 00:00:00,300,86.94127942499999,180.87894,28181.298172500003,1.080472488974992,552,26082.383827499998,瑞芯微,半导体,-0.0003633795674773077
002041,2009-11-03,2010-05-05 00:00:00,5700,5.42527509524,10.37703499758,28225.031443337994,0.9127205193123846,183,54750.309790176005,登海种业,种植业,-0.00036394347964857117
600703,2009-05-05,2010-05-05 00:00:00,8400,3.23206595712,6.60205508625,28307.908684692,1.0426733779074544,365,73169.63409755999,三安光电,半导体,-0.0003650121279391002
300199,2025-05-07,2026-05-07 00:00:00,4300,14.364349999999998,20.95902,28357.081000000002,0.4590997852321894,365,61766.704999999994,翰宇药业,化学制药,-0.00036564617306218526
003015,2024-05-07,2025-05-07 00:00:00,6600,10.229923503799998,14.55249425868,28528.966982208007,0.42254184532996186,365,67517.49512508,日久光电,元器件,-0.000367862531353696
600675,2006-11-01,2007-05-09 00:00:00,8500,2.41465167944,5.795282476440001,28735.361774500005,1.4000490529483027,189,15382.48447736,中华企业,区域地产,-0.00037052385837609063
002901,2019-11-01,2020-05-07 00:00:00,900,51.6670519365,83.680181055,28811.816206650004,0.6196043303930885,188,46500.34674285,大博医疗,医疗保健,-0.0003715096887064159
002407,2015-11-03,2016-05-04 00:00:00,2200,12.112934133299998,25.262674737300003,28929.42932880001,1.0855949895615873,183,91493.93661408,多氟多,化工原料,-0.00037302623365742993
601208,2021-05-07,2021-11-02 00:00:00,5900,10.796729944,15.7082324436,28977.864747639996,0.45490648789723953,179,63700.706669600004,东材科技,化工原料,-0.0003736507769783558
002480,2014-11-03,2015-05-05 00:00:00,5500,11.21466700354,16.5001347486,29070.07259783,0.47129957076671114,183,74717.96790457999,新筑股份,运输设备,-0.0003748397374199565
600728,2014-11-03,2015-05-05 00:00:00,10700,9.35910408704299,12.0763803312,29074.85581248,0.29033508110235506,183,62132.42795759999,佳都科技,软件服务,-0.0003749014138714822
000607,2014-05-06,2015-05-05 00:00:00,4500,7.6284330013002215,14.12696395494,29243.389291379008,0.8518828116511141,364,68572.085878296,华媒控股,广告包装,-0.0003770745438065513
000712,2014-11-03,2015-05-05 00:00:00,3400,34.4168721720353,43.0553969046,29370.984090719994,0.2509967985871695,183,61486.996735164,锦龙股份,证券,-0.00037871979601292855
000927,2006-11-01,2007-05-09 00:00:00,4200,3.65243763885,10.74991687245,29809.412781119998,1.9432170882552562,189,15340.23808317,中国铁物,仓储物流,-0.00038437304970308895
300012,2019-05-07,2020-05-07 00:00:00,4300,9.173743859279998,16.1422160256,29964.430315176007,0.7596105007085867,366,64032.13456639999,华测检测,电器仪表,-0.00038637190029300393
603486,2020-11-03,2022-05-06 00:00:00,1200,67.108933892,92.2120181775,30123.701142600003,0.37406471582306744,549,80530.7206704,科沃斯,家用电器,-0.00038842559434310844
601882,2020-11-03,2021-05-07 00:00:00,7300,11.335736912499998,15.47893991565,30245.38192299502,0.3654992203092913,185,82750.87946124999,海天精工,机床制造,-0.0003899945891097651
002196,2025-11-03,2026-05-07 00:00:00,8500,11.00099,14.5854,30467.485,0.3258261301937371,185,93508.415,方正电机,纺织机械,-0.0003928584642784472
002916,2019-11-01,2020-05-07 00:00:00,600,76.464963575,127.364526981,30539.7380436,0.6656586366653481,188,45878.978145,深南电路,元器件,-0.00039379012042755626
600006,2014-11-03,2015-05-05 00:00:00,11800,5.255063813999999,7.8944492484,31144.748125920014,0.5022556390977446,183,62009.753005199986,东风股份,汽车整车,-0.0004015913331569042
603103,2025-11-03,2026-05-07 00:00:00,5900,15.914136718479998,21.25872,31533.04136096801,0.33583871849697644,185,93893.406639032,横店影视,影视音像,-0.00040659812265760194
000837,2014-11-03,2015-05-05 00:00:00,5600,11.06102264267,16.75213651458,31870.237682695988,0.5145196837366053,183,61941.726798952004,秦川机床,机床制造,-0.0004109460505917388
002289,2025-05-07,2025-11-03 00:00:00,6300,29.36130639346667,34.4655,32156.41972115997,0.17384082091350983,180,112980.868,宇顺电子,元器件,-0.00041463618242031065
603009,2024-05-07,2024-11-01 00:00:00,3700,18.11462068416,26.854076043,32335.984827708002,0.48245312508707716,178,67024.09653139199,北特科技,汽车配件,-0.00041695155804112263
300148,2014-11-03,2015-05-05 00:00:00,5000,12.4076900948,18.90966444696,32509.871760800008,0.5240277845821557,183,62038.450474,天舟文化,出版业,-0.0004191937172968871
688018,2024-08-01,2024-11-01 00:00:00,5900,55.92386269469999,61.45428073347,32629.46642874305,0.09889191790920648,92,329950.78989872994,乐鑫科技,半导体,-0.00042073581299608884
603456,2020-05-07,2020-11-03 00:00:00,2900,18.74326767313,29.99616981399,32633.416208494004,0.6003703482820102,180,54355.476252076995,九洲药业,医疗保健,-0.0004207867428449818
300175,2014-11-03,2015-05-05 00:00:00,8600,9.579690145024998,13.3834679352,32712.488995505024,0.39706689178776955,183,61712.97356223999,朗源股份,食品,-0.00042180633516352616
601567,2023-11-01,2024-05-07 00:00:00,2100,14.9920042272,30.575022871500003,32724.339153030007,1.03942197508374,188,31483.20887712,三星电气,电气设备,-0.00042195913526129345
600379,2009-08-03,2009-11-03 00:00:00,23000,5.809143890549998,7.2423874629,32964.60216405005,0.24672199541855488,92,157746.50555663998,宝光股份,电气设备,-0.0004250571710043897
300061,2013-11-01,2014-11-03 00:00:00,8900,2.9617305717999995,6.68639954736,33149.553882484004,1.2575988548804165,367,26359.402089019997,旗天科技,互联网,-0.00042744200349284825
601218,2014-05-06,2015-05-05 00:00:00,5000,3.74284901991,10.45725524703,33572.031135599995,1.7939292211368585,364,18714.24509955,吉鑫科技,电气设备,-0.0004328895737419753
603160,2019-05-07,2020-05-07 00:00:00,300,116.8075705797,229.4755865082,33800.40477855,0.9645609044802836,366,35042.27117391,汇顶科技,半导体,-0.00043583430379274954
600962,2006-11-01,2007-05-09 00:00:00,3400,4.527527204199999,14.4890140824,33869.055385880005,2.200204753923763,189,93669.576,国投中鲁,软饮料,-0.0004367195088619388
603000,2023-05-05,2023-11-01 00:00:00,3200,21.456857822400003,32.0593363722,33927.931359359995,0.49413006496838885,180,68661.94503168,人民网,互联网,-0.0004374786763654019
600963,2006-08-01,2007-05-09 00:00:00,6200,2.45802393837,7.95220980003,34063.952342292,2.235204375309454,281,59154.69467107199,岳阳林纸,造纸,-0.0004392325787457366
300045,2014-11-03,2015-05-05 00:00:00,5500,11.166448042749998,17.45832135285,34605.30320555001,0.5634623728164934,183,68148.07999999999,华力创通,IT设备,-0.0004462129471212475
300972,2024-11-01,2025-05-07 00:00:00,400,71.81795052432,159.19197212654998,34949.608640891995,1.2166042189221504,187,28727.180209727998,万辰集团,食品,-0.0004506525424659625
600095,2014-11-03,2015-05-05 00:00:00,9400,7.117186709398723,10.84297091526,35022.371535096005,0.5234911430581313,183,61977.401205719994,湘财股份,证券,-0.0004515907728080286
300015,2017-11-01,2018-11-01 00:00:00,15800,4.663906407159999,6.885399688020001,35099.59383758803,0.4763160078533264,365,83331.76051200001,爱尔眼科,医疗保健,-0.0004525865043285352
300122,2017-11-01,2019-11-01 00:00:00,4100,21.584687652820975,30.31191673101,35781.63922057501,0.4043250112562289,730,72967.27022184599,智飞生物,生物制药,-0.0004613810373111056
000737,2020-11-03,2021-05-07 00:00:00,23800,4.739739082019117,6.24331668375,35785.14692119501,0.3172279266246787,185,83793.01575645,北方铜业,铜,-0.00046142626683624437
000932,2014-11-03,2015-05-05 00:00:00,46400,1.8115807096456034,2.5844958570600003,35863.262840028015,0.4266523391969663,183,73274.031806976,华菱钢铁,普钢,-0.0004624335209600565
002507,2017-11-01,2018-08-01 00:00:00,6500,14.505865905145997,20.02516614864,35875.45158271102,0.3804874717293516,273,73402.5657365,涪陵榨菜,食品,-0.00046259068689390143
688345,2025-11-03,2026-05-07 00:00:00,2400,39.06107696491,54.18014573988,36285.76505992799,0.38706226120063225,185,93746.584715784,博力威,电气设备,-0.00046788141313967483
300170,2024-11-01,2025-05-07 00:00:00,3600,9.50846929032,19.64609336088,36495.44665401599,1.0661678300712927,187,34230.489445152,汉得信息,软件服务,-0.00047058512134010125
600606,2014-11-03,2015-11-03 00:00:00,9900,6.287009728999999,9.997747245,36736.3014084,0.5902229638493375,365,62241.39631709999,绿地控股,全国地产,-0.00047369078723019577
600010,2006-11-01,2007-05-09 00:00:00,19900,0.7741798864799999,2.6389934848800003,37109.79060816001,2.4087600710977344,189,67545.99150499198,包钢股份,普钢,-0.0004785066882946355
600545,2009-11-03,2010-05-05 00:00:00,5700,5.38316455677,11.94474687642,37401.019222005,1.2189079955577418,183,58967.25586751999,卓郎智能,纺织机械,-0.0004822618924405991
002208,2025-05-07,2025-11-03 00:00:00,9100,8.43687493,12.56742,37587.960137,0.4895823517914826,180,62761.69899999999,合肥城建,区域地产,-0.00048467237432893825
000151,2006-11-01,2007-05-09 00:00:00,5000,3.06054500752,10.60750429758,37734.796450300004,2.465887373496069,189,15302.7250376,中成股份,商贸代理,-0.0004865657333818219
000977,2013-05-03,2013-11-01 00:00:00,8200,4.241175038099999,8.95058412633,38617.15452348601,1.1104019631172228,182,34777.63531241999,浪潮信息,IT设备,-0.0004979431686238691
002292,2014-11-03,2015-05-05 00:00:00,3500,17.34023809518,28.4284858572,38808.86716707,0.6394518749487159,183,60690.833333129995,奥飞娱乐,影视音像,-0.0005004151788584246
600556,2014-11-03,2016-05-04 00:00:00,6500,9.53956751748,15.5236344264,38896.434907979994,0.6272891195491814,548,62007.18886362,天下秀,互联网,-0.0005015443080994577
301291,2024-08-01,2024-11-01 00:00:00,10300,32.17861086439999,36.03187780425,39688.64948045509,0.11974621763778415,92,331439.6919033199,明阳电气,电气设备,-0.0005117594013479346
300763,2020-11-03,2021-05-07 00:00:00,1700,49.2498462456,72.6296408568,39745.65083904,0.4747181238822398,185,83724.73861752,锦浪科技,电气设备,-0.000512494396907806
300092,2014-11-03,2015-05-05 00:00:00,8700,7.11776959894,11.69233676919,39798.734381174996,0.6426967193390551,183,61924.595510777996,科新机电,专用机械,-0.000513178874764827
300661,2019-11-01,2020-05-07 00:00:00,1400,34.834675235359995,63.3914778672,39979.52368457601,0.8197809349131682,188,48768.54532950399,圣邦股份,半导体,-0.0005155100356103018
000830,2017-11-01,2018-05-03 00:00:00,9400,7.782648873999998,12.08290464036,40422.404203784026,0.5525439777613697,183,73156.89941559998,鲁西化工,化工原料,-0.0005212206927464226
002342,2025-05-07,2025-11-03 00:00:00,13000,4.83050766198,7.97487408306,40876.76347404,0.6509391229888124,180,62796.59960574,巨力索具,机械基件,-0.0005270793609346055
000831,2007-05-09,2007-11-01 00:00:00,2900,7.795392885279999,21.96137664,41081.35288868801,1.817225117860263,176,64419.52494978,中国稀土,小金属,-0.0005297174087828687
600150,2006-11-01,2007-05-09 00:00:00,1500,13.132123960956,40.51972717254,41081.404817376,2.085542543842255,189,64719.07830788399,中国船舶,船舶,-0.0005297180783696303
302132,2024-05-07,2025-05-07 00:00:00,1600,42.46242,68.30937469755,41355.12751607999,0.6087018756243756,365,67939.872,中航成飞,航空,-0.0005332475550905018
603882,2019-05-07,2020-05-07 00:00:00,1300,30.3730691264,62.5037770566,41769.92030926001,1.057868330542608,366,39484.98986432,金域医学,医疗保健,-0.0005385960392112775
603185,2020-11-03,2021-05-07 00:00:00,2000,41.55767417802,62.451796689,41788.24502195999,0.5027741066902867,185,83115.34835604,弘元绿能,电气设备,-0.0005388323244999929
300256,2014-11-03,2015-05-05 00:00:00,11100,5.602954717359999,9.39468682908,42088.226440092,0.6767379539891389,183,62192.797362695994,星星科技,摩托车,-0.0005427003903820115
300659,2019-11-01,2020-05-07 00:00:00,1500,33.68684725405999,61.8092273016,42183.57007131001,0.8348178099139465,188,50530.270881089986,中孚信息,IT设备,-0.0005439297846867608
300045,2023-05-05,2024-05-07 00:00:00,8000,16.195443029390624,21.4785,42264.45576487501,0.32620638787231493,368,68148.07999999999,华力创通,IT设备,-0.0005449727532598494
600497,2006-11-01,2007-05-09 00:00:00,7400,2.065739676,7.77801278142,42270.820980107994,2.7652434485263764,189,21884.61821546,驰宏锌锗,铅锌,-0.00054505482858314
000880,2006-05-09,2007-05-09 00:00:00,9000,2.008942200265,6.75731695896,42735.372828255,2.3636194003334894,365,13193.19086085,潍柴重机,专用机械,-0.0005510449234544675
600398,2013-05-03,2014-05-06 00:00:00,19200,2.5740135421000003,4.81493716308,43025.733522815986,0.8705951170527835,368,34704.752322240005,海澜之家,服饰,-0.0005547889363440137
603345,2020-05-07,2020-11-03 00:00:00,600,86.03529156222,158.12212401558,43252.099472016,0.8378751457037537,180,51621.174937332,安井食品,食品,-0.0005577077784856493
000572,2006-11-01,2007-05-09 00:00:00,5100,3.9896171483796077,12.49213907628,43362.861832292,2.1311623676356293,189,26328.431088960002,海马汽车,汽车整车,-0.0005591359873042598
688519,2025-05-07,2025-11-03 00:00:00,1600,37.70077125815,64.81502703305999,43382.80923985599,0.719196315355181,180,112721.5257168,南亚新材,元器件,-0.0005593931961911083
000670,2011-08-02,2013-05-03 00:00:00,9900,7.466853333333333,11.85813,43473.638999999996,0.5881027081465819,640,469143.67500000005,盈方微,元器件,-0.000560564387055105
000555,2013-05-03,2014-05-06 00:00:00,7300,4.75497514492,10.8760622508,44683.935872924,1.287301598709615,368,68154.83349675,神州信息,软件服务,-0.0005761703804877079
300222,2014-11-03,2015-05-05 00:00:00,7100,8.777045277,15.0888473487,44813.79470907,0.719126069480341,183,62317.0214667,科大智能,电气设备,-0.0005778448259807084
002163,2020-05-07,2021-05-07 00:00:00,7900,11.701965270945315,17.49249,45745.145359532005,0.49483352539354364,365,54722.66799999999,海南发展,装修装饰,-0.0005898539887404581
300098,2014-08-01,2014-11-03 00:00:00,44200,3.56480680556,4.60143220176,45818.84251203999,0.29079427097793453,94,157564.460805752,高新兴,软件服务,-0.0005908042657375907
002640,2015-05-05,2016-05-04 00:00:00,6500,10.427498040959998,17.504213075190002,45998.64772249502,0.6786589655957866,365,73787.88287870999,跨境通,互联网,-0.0005931227373426026
002530,2015-05-05,2015-11-03 00:00:00,7700,8.710161510049998,14.70224600703,46139.050626746015,0.6879418355292479,182,67068.24362738499,金财互联,专用机械,-0.000594933141757154
600566,2013-05-03,2014-05-06 00:00:00,6800,7.155650238943086,13.95345990267,46225.10571334301,0.9499918856753642,368,39219.08374383999,济川药业,中成药,-0.00059604276630161
300471,2021-05-07,2021-08-03 00:00:00,6100,10.50049,18.0819,46246.60100000001,0.7220053540358595,88,64052.988999999994,厚普股份,专用机械,-0.0005963199340857344
002432,2013-11-01,2014-11-03 00:00:00,2900,8.8712763139,24.9168063519,46532.037110200006,1.8087059257594071,367,25726.701310309996,九安医疗,医疗保健,-0.0006000004476529943
002716,2025-05-07,2025-11-03 00:00:00,17300,3.63363,6.343649999999999,46883.34599999998,0.7458161673037704,180,62861.799,湖南白银,小金属,-0.000604530348001979
000859,2014-11-03,2015-05-05 00:00:00,14000,6.101983456068501,9.50105625318,47587.01915956099,0.557043922125203,183,61944.57321052001,国风新材,塑料,-0.0006136037571402487
002140,2009-05-05,2010-11-02 00:00:00,4200,5.5701782136,17.01318779199,48060.64022923799,2.0543345544045697,546,23394.74849712,东华科技,建筑工程,-0.0006197107937428178
300785,2025-11-03,2026-05-07 00:00:00,2600,35.6676817497,54.2601626229,48340.45027031999,0.5212696749868353,185,92735.97254922001,值得买,互联网,-0.000623318762796685
600026,2014-11-03,2015-05-05 00:00:00,12500,5.720742537910399,9.63638341056,48945.51090812001,0.684463746917696,183,61987.30537999999,中远海能,水运,-0.000631120627406168
300357,2018-08-01,2019-05-07 00:00:00,10200,21.11861888136,25.96577441382,49440.986431092,0.2295204795204795,279,215409.912589872,我武生物,生物制药,-0.0006375094630137784
002523,2016-08-02,2016-11-01 00:00:00,103600,3.486107625,3.9634389936,49451.529786960025,0.13692387612387624,91,361160.74994999997,天桥起重,专用机械,-0.0006376454127514956
002436,2025-11-03,2026-05-07 00:00:00,4400,21.0639843414,32.3613460602,49708.39156271999,0.5363354594123824,185,92681.53110216,兴森科技,元器件,-0.0006409574788034489
300340,2016-05-04,2016-08-02 00:00:00,2400,13.333500680499998,34.133326306200004,49919.58150168001,1.5599673427188834,90,32000.401633199996,科恒股份,电气设备,-0.000643680636133005
300316,2017-08-01,2017-11-01 00:00:00,29800,11.300601110389193,12.99264247188,50422.83257242604,0.14973020859352615,92,309379.82886810997,晶盛机电,专用机械,-0.0006501697323875783
002043,2015-05-05,2015-11-03 00:00:00,16100,4.20414966972,7.37284329648,51015.967390836006,0.7537061892877468,182,67686.80968249199,兔宝宝,其他建材,-0.0006578178212886023
300766,2024-11-01,2025-05-07 00:00:00,2100,15.625609999999998,39.95001,51081.24,1.5567008263997377,187,32813.780999999995,每日互动,互联网,-0.0006586594692616993
002709,2020-11-03,2021-05-07 00:00:00,4500,18.3267306222,29.720991258,51274.17286110001,0.6217290399847759,185,82470.2877999,天赐材料,化工原料,-0.0006611472134099478
688008,2025-11-03,2026-05-07 00:00:00,700,133.880084338,209.30312772963,52796.13037414101,0.5633626820940256,185,93716.0590366,澜起科技,半导体,-0.0006807718687193812
002031,2024-11-01,2025-05-07 00:00:00,9400,3.63363,9.3906,54115.51799999999,1.584357790969361,187,34156.122,巨轮智能,汽车配件,-0.0006977845166777849
300058,2012-05-03,2013-05-03 00:00:00,13100,2.53635133752,6.7477830624,55169.755595928,1.6604291615994589,365,33226.202521512,蓝色光标,广告包装,-0.000711378226920717
300397,2019-05-07,2020-05-07 00:00:00,3600,10.908001104,26.2432376928,55206.85171968,1.40587046541245,366,39268.8039744,天和防务,通信设备,-0.0007118565573837629
300136,2014-11-03,2015-05-05 00:00:00,11600,5.362702625279999,10.2407058432,56584.83732787202,0.9096165793204523,183,73074.916950035,信维通信,元器件,-0.0007296247883300361
300499,2025-11-03,2026-05-07 00:00:00,3400,27.65525706944,44.371390194,56834.852623504,0.6044468537243104,185,94027.87403609601,高澜股份,专用机械,-0.0007328485734599248
000892,2022-08-02,2022-11-01 00:00:00,136200,3.5981907782672535,4.01598,56902.89200000005,0.11611091447850841,91,468996.52799999993,欢瑞世纪,影视音像,-0.0007337258971038259
600118,2025-11-03,2026-05-07 00:00:00,2100,79.90575581131,107.1751203972,57265.665630369,0.34126909018023777,185,90291.40578057601,中国卫星,航空,-0.0007384036278488303
002654,2016-02-02,2016-11-01 00:00:00,21100,10.3566788325,13.07189627874,57291.08811566401,0.2621706717137402,273,218525.92336575,万润科技,互联网,-0.0007387314343130376
300049,2014-11-03,2015-05-05 00:00:00,2700,22.544517996,44.0070357132,57948.79783643999,0.9520060584576713,183,60870.1985892,福瑞医科,医疗保健,-0.0007472121747103844
300302,2015-05-05,2016-11-01 00:00:00,4200,15.930444129599996,29.96292126582,58936.40397212402,0.8808591287261462,546,66907.86534431999,同有科技,IT设备,-0.0007599467154766078
300529,2019-11-01,2020-11-03 00:00:00,1500,32.3278122167,71.7450865965,59125.911569699994,1.2192991630728942,368,48491.71832505,健帆生物,医疗保健,-0.0007623902930726186
300740,2020-05-07,2020-11-03 00:00:00,6100,8.93351130672,18.68557823748,59487.60827763601,1.0916275354601348,180,54494.418970991996,水羊股份,日用化工,-0.0007670541376011156
000751,2025-11-03,2026-05-07 00:00:00,24300,3.8663934308999997,6.3214360362,59657.53530879,0.6349696814813095,185,93953.36037087,锌业股份,铅锌,-0.000769245236488948
300879,2024-11-01,2025-05-07 00:00:00,2300,14.818361207649998,40.8413262915,59852.81969285501,1.7561297581554172,187,34082.230777594996,大叶股份,农用机械,-0.0007717633020011274
688368,2025-11-03,2026-05-07 00:00:00,1300,71.88837267612,118.05943312926,60022.378589082,0.6422604759903987,185,93454.884478956,晶丰明源,半导体,-0.000773949654027771
600711,2014-08-01,2014-11-03 00:00:00,36200,5.271799926597624,6.96364722216,61244.87209935799,0.32092403336980957,94,157457.544688444,盛屯矿业,小金属,-0.0007897129151908566
603127,2019-11-01,2020-11-03 00:00:00,3200,15.618161278719995,35.130820513500005,62440.50955129603,1.24935700730446,368,49978.11609190398,昭衍新药,医疗保健,-0.0008051298848948599
002007,2019-11-01,2020-08-03 00:00:00,2000,31.142910793994997,62.6483341548,63010.84672161,1.0116402917250724,276,48549.6955944,华兰生物,生物制药,-0.0008124840129054411
300324,2015-08-03,2016-05-04 00:00:00,9400,8.311944641,15.1439872536,64221.20055844,0.8219547780551684,275,78132.2796254,旋极信息,软件服务,-0.0008280907408506771
600103,2014-11-03,2015-05-05 00:00:00,22800,2.72525379126,5.54365385694,64259.52149750399,1.03417893581828,183,74573.66603887198,青山纸业,造纸,-0.0008285848645130137
603011,2025-05-07,2025-11-03 00:00:00,5400,11.611599999999996,23.54643,64448.08200000003,1.0278368183540607,180,62702.63999999998,合锻智能,专用机械,-0.0008310162299320553
300269,2014-11-03,2015-11-03 00:00:00,4500,13.8460043722,28.2513282921,64823.95763955,1.0403957367529797,365,62307.019674899995,联建光电,元器件,-0.0008358629025902441
002468,2014-11-03,2015-05-05 00:00:00,6300,9.840672211369998,20.56835313792,67584.389837265,1.0901370044777168,183,61996.23493163099,申通快递,仓储物流,-0.0008714568859446003
300604,2020-05-07,2022-05-06 00:00:00,3900,14.082764375679998,31.46359089402,67785.22342152601,1.2341913884716798,729,54922.78106515199,长川科技,半导体,-0.000874046504795264
300101,2014-11-03,2015-11-03 00:00:00,4900,12.626775661499998,26.67679905744,68845.11464010601,1.112716640621057,365,359242.963171092,振芯科技,通信设备,-0.0008877131148365442
002030,2020-05-07,2020-08-03 00:00:00,5200,10.4337231999,23.74616051955,69224.67406218,1.2759047815048028,88,54255.36063947999,达安基因,医疗保健,-0.0008926072874818544
002568,2014-11-03,2015-08-03 00:00:00,6100,10.130994153279998,21.483063432,69247.62260019203,1.1205286575991824,273,96910.506570878,百润股份,红黄酒,-0.0008929031939999291
688108,2025-05-07,2025-11-03 00:00:00,6200,10.009999999999998,21.398580000000003,70609.19600000003,1.1377202797202806,180,62061.999999999985,赛诺医疗,医疗保健,-0.0009104598001605937
002219,2013-02-01,2013-05-03 00:00:00,123900,2.8079347295999995,3.3903121941,72156.56785155005,0.20740420293991746,91,347903.1129974399,新里程,医疗保健,-0.0009304121568867113
002236,2012-05-03,2013-08-01 00:00:00,8100,4.12517105,13.1120959788,72794.09192328001,2.1785581300440864,455,33413.885505,大华股份,IT设备,-0.000938632616427772
000776,2009-05-05,2010-05-05 00:00:00,6600,4.2994668171,15.35422209831,72961.38485598599,2.5711921388118673,365,23538.88934397,广发证券,证券,-0.0009407897503240392
603083,2025-11-03,2026-05-07 00:00:00,900,102.39667282845,183.60660727233,73088.940999492,0.7930915351120329,185,92157.00554560499,剑桥科技,通信设备,-0.0009424345040884884
688390,2025-11-03,2026-05-07 00:00:00,1500,61.5615,110.32956,73152.09,0.7921844009648886,185,92342.25,固德威,电气设备,-0.0009432487695048918
600550,2006-11-01,2007-11-01 00:00:00,3100,4.831724948049999,28.7050993668,74007.460698125,4.940963046413659,365,39109.57544694199,保变电气,电气设备,-0.0009542782200438573
688256,2025-05-07,2026-05-07 00:00:00,100,486.09389228399993,1251.4281192,76533.42269160002,1.5744576080146557,365,48609.389228399996,寒武纪,半导体,-0.0009868488621425512
688001,2025-11-03,2026-05-07 00:00:00,3000,30.777145809409998,56.75957199162,77947.27854663001,0.8442116869156195,185,92331.43742823,华兴源创,专用机械,-0.0010050796166639097
688410,2024-02-01,2024-05-07 00:00:00,150200,11.154126984,11.67451826553,78162.77048580618,0.0466545954045956,96,1675349.8729967999,山外山,医疗保健,-0.0010078582454968814
688629,2025-11-03,2026-05-07 00:00:00,1200,76.44637,141.89795999999998,78541.90799999998,0.856176558808482,185,91735.644,华丰科技,元器件,-0.0010127469779136374
603186,2025-11-03,2026-05-07 00:00:00,2000,46.989461519,86.50737193410001,79035.82083020001,0.8409951750377282,185,93978.92303800001,华正新材,元器件,-0.001019115663611187
688577,2025-05-07,2025-11-03 00:00:00,1800,33.19089773999999,77.36977860417,79521.985555506,1.3310541103842413,180,59743.61593199998,浙海德曼,机床制造,-0.0010253844425199175
300456,2017-08-01,2017-11-01 00:00:00,27700,11.1600861372,14.09067718803,81177.37210799099,0.2625957375957375,92,309134.38600044,赛微电子,半导体,-0.0010467295787789964
300755,2020-02-04,2020-05-07 00:00:00,9500,16.007684893199997,24.571129275,81352.72162710004,0.534958330260344,93,152073.00648539996,华致酒行,其他商业,-0.0010489905971331251
002805,2021-05-07,2021-11-02 00:00:00,5400,11.962647496799995,27.1464345918,81992.45031300002,1.269266447837877,179,465491.1128867999,丰元股份,电气设备,-0.0010572394837444598
002176,2021-05-07,2022-05-06 00:00:00,7500,8.528519999999999,19.77021,84312.675,1.3181290540445474,364,63963.89999999999,江特电机,小金属,-0.0010871572766740618
002415,2017-08-01,2017-11-01 00:00:00,12600,24.448752648319996,31.35160536165,86975.94418795807,0.28233966831041335,92,308054.28336883197,海康威视,IT设备,-0.0011214984060170748
688313,2025-08-01,2025-11-03 00:00:00,6900,52.76823756204,66.4017969348,94071.55967204402,0.25836677521645335,94,364100.839178076,仕佳光子,通信设备,-0.0012129917669619766
002625,2020-05-07,2020-08-03 00:00:00,7000,7.852719534659999,21.3112213461,94209.51268008,1.7138650822861354,88,83782.02270438001,光启技术,航空,-0.0012147705815533224
600877,2020-05-07,2021-11-02 00:00:00,9100,6.056049999999999,16.70328,96889.793,1.7581146126600675,544,55110.05499999999,电科芯片,半导体,-0.0012493310584131456
000877,2016-11-01,2017-05-03 00:00:00,13200,5.64898158825,13.2177197493,99907.34372586,1.3398411807170931,183,74566.5569649,天山股份,水泥,-0.0012882404184749844
300354,2021-05-07,2021-11-02 00:00:00,4900,13.0486356,34.1451827379,103373.08097571,1.6167626857401092,179,63938.31444,东华测试,电器仪表,-0.0013329288531642501
688228,2025-05-07,2025-11-03 00:00:00,900,63.90423177137999,179.82998999999998,104333.182405758,1.8140544845816962,180,57513.80859424199,开普云,软件服务,-0.0013453087385850585
000980,2016-08-02,2017-05-03 00:00:00,38300,11.080497136429347,13.86040224348,106470.36560003998,0.2508827061478278,274,360737.967838248,众泰汽车,汽车配件,-0.001372866330148239
603026,2021-05-07,2021-08-03 00:00:00,800,78.88466679092998,217.81425198573,111143.66815584003,1.7611735061644946,88,63107.73343274399,石大胜华,化工原料,-0.0014331255364850976
002607,2019-05-07,2020-11-03 00:00:00,3600,10.976280865550002,42.4575,113332.38888402001,2.8681134821591985,546,39514.611115980006,中公教育,文教休闲,-0.0014613476711314982
002075,2014-11-03,2015-05-05 00:00:00,21300,4.159120344252113,10.04190928875,125303.404517805,1.4144310473314095,183,62117.921035169995,沙钢股份,特种钢,-0.0016157061558486337
600435,2009-02-03,2009-05-05 00:00:00,69900,4.55968335823,6.47534128689,133904.489213334,0.4201295963243441,91,318721.866740277,北方导航,专用机械,-0.0017266115661447043
688702,2025-11-03,2026-05-07 00:00:00,700,120.12,311.49819,133964.733,1.593225024975025,185,84084.0,盛科通信,半导体,-0.0017273883707123255
600882,2019-11-01,2021-11-02 00:00:00,3700,13.703689999999998,50.92902,137733.721,2.716445716445717,732,50703.65299999999,妙可蓝多,乳制品,-0.0017759870272001808
300759,2020-02-04,2020-11-03 00:00:00,6000,25.240340124999996,48.4223027265,139091.77560900003,0.9184488991310693,273,151442.04075,康龙化成,化学制药,-0.0017934982608349237
600869,2025-11-03,2026-05-07 00:00:00,12100,7.76439655992,19.54196466381,142508.574057069,1.5168684408375128,185,93949.19837503199,远东股份,电气设备,-0.0018375556614066268
688661,2025-11-03,2026-05-07 00:00:00,1900,47.65502165424,125.44847451144,147807.56042867998,1.6324292835627845,185,90544.541143056,和林微纳,元器件,-0.0019058826548615678
688167,2025-11-03,2026-05-07 00:00:00,900,97.33540776960001,291.3882982218,174647.60140698001,1.9936515898873854,185,87601.86699264,炬光科技,元器件,-0.002251967580476713
600105,2025-11-03,2026-05-07 00:00:00,6200,15.0825055381,47.4644096784,200767.80566986,2.1469844024588554,185,93511.53433622,永鼎股份,通信设备,-0.002588770678381065
001270,2025-11-03,2026-05-07 00:00:00,2000,45.87190130523,152.51437112184,213284.93963321997,2.3247885259216705,185,91743.80261046,铖昌科技,半导体,-0.0027501710048606935
002549,2025-08-01,2026-05-07 00:00:00,31100,12.808982543913825,19.81218862935,217799.7092570651,0.5467417932241418,279,366276.16355329996,凯美特气,环境保护,-0.0028083860318310777
601360,2017-11-01,2018-05-03 00:00:00,8800,8.295059272499998,34.62083451,231666.82209000003,3.173669334078892,183,72996.52159799998,三六零,互联网,-0.0029871934605217873
300059,2014-11-03,2015-05-05 00:00:00,34600,1.7971957003,11.29562545761,328645.66960292606,5.285139373371781,183,87634.10110454998,东方财富,证券,-0.004237672819137106
000670,2022-08-02,2022-11-01 00:00:00,208300,3.221624551128181,9.71028,1351586.9299999997,2.014094239069402,91,469143.67500000005,盈方微,元器件,-0.017427837107612292
