date,cash,stock_value,total_value
2005-01-04,612323.5806641986,384507.93208700005,996831.5127511986
2005-01-05,612323.5806641986,391742.53816900006,1004066.1188331987
2005-01-06,612323.5806641986,387941.285535,1000264.8661991986
2005-01-07,612323.5806641986,390025.54951599997,1002349.1301801986
2005-01-10,612323.5806641986,393323.33511700016,1005646.9157811988
2005-01-11,612323.5806641986,394506.0775099999,1006829.6581741986
2005-01-12,612323.5806641986,396264.13942899986,1008587.7200931985
2005-01-13,612323.5806641986,396848.27720899996,1009171.8578731986
2005-01-14,612323.5806641986,391667.74886399996,1003991.3295281986
2005-01-17,612323.5806641986,384105.30143500003,996428.8820991986
2005-01-18,612323.5806641986,389768.9459290001,1002092.5265931988
2005-01-19,612323.5806641986,386088.104436,998411.6851001986
2005-01-20,612323.5806641986,381036.7619909999,993360.3426551985
2005-01-21,612323.5806641986,386415.3339779998,998738.9146421985
2005-01-24,612323.5806641986,394743.25270599994,1007066.8333701985
2005-01-25,612323.5806641986,392124.219891,1004447.8005551987
2005-01-26,612323.5806641986,388664.01386499987,1000987.5945291985
2005-01-27,612323.5806641986,381724.13593199995,994047.7165961985
2005-01-28,612323.5806641986,374951.94996100006,987275.5306251987
2005-01-31,612323.5806641986,362627.60251899983,974951.1831831984
2005-02-01,402176.1012494244,569184.6622450001,971360.7634944245
2005-02-02,402176.1012494244,599807.7756650001,1001983.8769144245
2005-02-03,402176.1012494244,590195.0461520002,992371.1474014246
2005-02-04,402176.1012494244,599854.6685029999,1002030.7697524243
2005-02-16,402176.1012494244,606128.7341370002,1008304.8353864246
2005-02-17,402176.1012494244,607687.0361630002,1009863.1374124245
2005-02-18,402176.1012494244,599183.6091099998,1001359.7103594242
2005-02-21,402176.1012494244,608295.9271730002,1010472.0284224246
2005-02-22,402176.1012494244,624403.430355,1026579.5316044244
2005-02-23,402176.1012494244,627372.6295620002,1029548.7308114246
2005-02-24,402176.1012494244,631235.24931,1033411.3505594244
2005-02-25,402176.1012494244,630319.789018,1032495.8902674244
2005-02-28,402176.1012494244,626849.4445960001,1029025.5458454245
2005-03-01,402176.1012494244,621748.5933069999,1023924.6945564243
2005-03-02,402176.1012494244,614849.7119520003,1017025.8132014247
2005-03-03,402176.1012494244,618437.483667,1020613.5849164244
2005-03-04,402176.1012494244,613525.2314629998,1015701.3327124242
2005-03-07,402176.1012494244,616593.1921740001,1018769.2934234245
2005-03-08,402176.1012494244,629420.321097,1031596.4223464244
2005-03-09,402176.1012494244,631786.954172,1033963.0554214244
2005-03-10,402176.1012494244,616915.0723619999,1019091.1736114243
2005-03-11,402176.1012494244,619062.8961480003,1021238.9973974247
2005-03-14,402176.1012494244,618483.183531,1020659.2847804244
2005-03-15,402176.1012494244,609510.986527,1011687.0877764244
2005-03-16,402176.1012494244,602229.8491929999,1004405.9504424243
2005-03-17,402176.1012494244,594919.194308,997095.2955574244
2005-03-18,402176.1012494244,581994.7161310001,984170.8173804245
2005-03-21,402176.1012494244,582968.8427760002,985144.9440254245
2005-03-22,402176.1012494244,569333.7671879998,971509.8684374242
2005-03-23,402176.1012494244,569130.3608840001,971306.4621334245
2005-03-24,402176.1012494244,574878.7450339999,977054.8462834243
2005-03-25,402176.1012494244,574538.3075369999,976714.4087864243
2005-03-28,402176.1012494244,573746.711882,975922.8131314244
2005-03-29,402176.1012494244,567840.017123,970016.1183724244
2005-03-30,402176.1012494244,551090.092816,953266.1940654244
2005-03-31,402176.1012494244,555561.9658979998,957738.0671474242
2005-04-01,402176.1012494244,576585.7267199999,978761.8279694243
2005-04-04,402176.1012494244,566592.8429080002,968768.9441574246
2005-04-05,402176.1012494244,559411.8075800001,961587.9088294245
2005-04-06,402176.1012494244,568229.4615130001,970405.5627624245
2005-04-07,402176.1012494244,575229.3784530001,977405.4797024245
2005-04-08,402176.1012494244,586744.176363,988920.2776124243
2005-04-11,402176.1012494244,585626.013421,987802.1146704244
2005-04-12,402176.1012494244,573151.79453,975327.8957794243
2005-04-13,402176.1012494244,586301.5824839999,988477.6837334243
2005-04-14,402176.1012494244,578271.2354450001,980447.3366944245
2005-04-15,402176.1012494244,565320.247929,967496.3491784243
2005-04-18,402176.1012494244,557494.4662520003,959670.5675014247
2005-04-19,402176.1012494244,558237.706658,960413.8079074244
2005-04-20,402176.1012494244,550266.6825059999,952442.7837554243
2005-04-21,402176.1012494244,545833.6404979998,948009.7417474242
2005-04-22,402176.1012494244,539269.8462890002,941445.9475384246
2005-04-25,402176.1012494244,526449.166106,928625.2673554244
2005-04-26,402176.1012494244,534194.6199590001,936370.7212084245
2005-04-27,402176.1012494244,528416.391751,930592.4930004244
2005-04-28,402176.1012494244,538763.0272199999,940939.1284694243
2005-04-29,402176.1012494244,530103.012725,932279.1139744244
2005-05-09,402176.1012494244,514994.97333999997,917171.0745894243
2005-05-10,547779.1157370226,368939.65080700006,916718.7665440226
2005-05-11,547779.1157370226,367954.82187800005,915733.9376150226
2005-05-12,547779.1157370226,365106.19655100006,912885.3122880226
2005-05-13,547779.1157370226,369161.00824399997,916940.1239810225
2005-05-16,547779.1157370226,362761.04074900004,910540.1564860226
2005-05-17,547779.1157370226,369130.15045200003,916909.2661890227
2005-05-18,547779.1157370226,373844.32164200005,921623.4373790226
2005-05-19,547779.1157370226,373128.6838950001,920907.7996320226
2005-05-20,547779.1157370226,370313.774446,918092.8901830226
2005-05-23,547779.1157370226,358224.20827,906003.3240070227
2005-05-24,547779.1157370226,366534.19692599995,914313.3126630225
2005-05-25,547779.1157370226,368006.8133009999,915785.9290380224
2005-05-26,547779.1157370226,365124.75165000005,912903.8673870226
2005-05-27,547779.1157370226,362010.75577299995,909789.8715100226
2005-05-30,547779.1157370226,366359.8905110001,914139.0062480227
2005-05-31,547779.1157370226,365025.4615409999,912804.5772780224
2005-06-01,547779.1157370226,356166.93434099987,903946.0500780225
2005-06-02,547779.1157370226,354853.4798570001,902632.5955940227
2005-06-03,547779.1157370226,354093.1981740001,901872.3139110226
2005-06-06,547779.1157370226,358477.14302899997,906256.2587660225
2005-06-07,547779.1157370226,359236.67621800007,907015.7919550226
2005-06-08,547779.1157370226,387869.82475699997,935648.9404940226
2005-06-09,547779.1157370226,393954.7188790001,941733.8346160227
2005-06-10,547779.1157370226,387146.9374810001,934926.0532180227
2005-06-13,547779.1157370226,388659.904755,936439.0204920226
2005-06-14,547779.1157370226,381960.29968500003,929739.4154220226
2005-06-15,547779.1157370226,371373.477539,919152.5932760226
2005-06-16,547779.1157370226,374516.187263,922295.3030000227
2005-06-17,547779.1157370226,374360.6831280001,922139.7988650227
2005-06-20,547779.1157370226,385414.97404000006,933194.0897770226
2005-06-21,547779.1157370226,381115.60691800003,928894.7226550226
2005-06-22,547779.1157370226,382247.765748,930026.8814850226
2005-06-23,547779.1157370226,376370.83653299994,924149.9522700226
2005-06-24,547779.1157370226,377936.03667799995,925715.1524150225
2005-06-27,547779.1157370226,387468.4297430002,935247.5454800228
2005-06-28,547779.1157370226,381041.53329700005,928820.6490340226
2005-06-29,547779.1157370226,379654.1182610002,927433.2339980227
2005-06-30,547779.1157370226,369334.76035600004,917113.8760930226
2005-07-01,547779.1157370226,351729.9093310001,899509.0250680228
2005-07-04,547779.1157370226,345232.8278160001,893011.9435530227
2005-07-05,547779.1157370226,342168.104828,889947.2205650227
2005-07-06,547779.1157370226,340468.71970799984,888247.8354450224
2005-07-07,547779.1157370226,341951.880962,889730.9966990226
2005-07-08,547779.1157370226,330185.79353699984,877964.9092740224
2005-07-11,547779.1157370226,325604.555778,873383.6715150226
2005-07-12,547779.1157370226,337265.47905400005,885044.5947910226
2005-07-13,547779.1157370226,334653.1951519999,882432.3108890224
2005-07-14,547779.1157370226,334031.36357800016,881810.4793150227
2005-07-15,547779.1157370226,324897.8211300001,872676.9368670227
2005-07-18,547779.1157370226,315538.88698899996,863318.0027260226
2005-07-19,547779.1157370226,317482.6673119999,865261.7830490225
2005-07-20,547779.1157370226,318903.333659,866682.4493960226
2005-07-21,547779.1157370226,318838.7826839999,866617.8984210226
2005-07-22,547779.1157370226,327041.676375,874820.7921120226
2005-07-25,547779.1157370226,325959.4506619999,873738.5663990225
2005-07-26,547779.1157370226,335944.2343259999,883723.3500630225
2005-07-27,547779.1157370226,343853.163082,891632.2788190226
2005-07-28,547779.1157370226,342566.72587699996,890345.8416140226
2005-07-29,547779.1157370226,341037.804968,888816.9207050225
2005-08-01,547779.1157370226,344754.788748,892533.9044850226
2005-08-02,447914.8726706378,455718.37023300014,903633.2429036379
2005-08-03,447914.8726706378,462554.5193900001,910469.3920606379
2005-08-04,447914.8726706378,457459.33951199986,905374.2121826377
2005-08-05,447914.8726706378,470913.0213229999,918827.8939936378
2005-08-08,447914.8726706378,476169.61865500006,924084.4913256378
2005-08-09,447914.8726706378,487514.67851999984,935429.5511906376
2005-08-10,447914.8726706378,496212.8966149999,944127.7692856377
2005-08-11,447914.8726706378,500400.671001,948315.5436716378
2005-08-12,447914.8726706378,490675.7646390001,938590.6373096379
2005-08-15,447914.8726706378,505369.9325049999,953284.8051756377
2005-08-16,447914.8726706378,507094.3722380001,955009.2449086378
2005-08-17,447914.8726706378,521283.98949700006,969198.8621676378
2005-08-18,447914.8726706378,504588.3241130001,952503.1967836379
2005-08-19,447914.8726706378,509570.9096230001,957485.7822936379
2005-08-22,447914.8726706378,512472.6878399999,960387.5605106377
2005-08-23,447914.8726706378,499486.83055499993,947401.7032256378
2005-08-24,447914.8726706378,504267.5368420001,952182.4095126379
2005-08-25,447914.8726706378,513528.117941,961442.9906116377
2005-08-26,447914.8726706378,521028.8850479999,968943.7577186377
2005-08-29,447914.8726706378,516953.9202910001,964868.792961638
2005-08-30,447914.8726706378,512537.28253700014,960452.1552076379
2005-08-31,447914.8726706378,520546.579663,968461.4523336377
2005-09-01,447914.8726706378,536228.3312139998,984143.2038846376
2005-09-02,447914.8726706378,538960.546543,986875.4192136378
2005-09-05,447914.8726706378,548168.3705819999,996083.2432526377
2005-09-06,447914.8726706378,532094.048798,980008.9214686378
2005-09-07,447914.8726706378,547043.613206,994958.4858766377
2005-09-08,447914.8726706378,548542.269756,996457.1424266378
2005-09-09,447914.8726706378,540089.321596,988004.1942666378
2005-09-12,447914.8726706378,543435.6146589998,991350.4873296376
2005-09-13,447914.8726706378,557353.938155,1005268.8108256378
2005-09-14,447914.8726706378,563881.4959219999,1011796.3685926377
2005-09-15,447914.8726706378,565867.027687,1013781.9003576378
2005-09-16,447914.8726706378,565675.759335,1013590.6320056377
2005-09-19,447914.8726706378,575897.1001389999,1023811.9728096377
2005-09-20,447914.8726706378,575721.8936849999,1023636.7663556377
2005-09-21,447914.8726706378,566394.0936459999,1014308.9663166377
2005-09-22,447914.8726706378,540915.0781540001,988829.9508246379
2005-09-23,447914.8726706378,532029.8162130001,979944.6888836379
2005-09-26,447914.8726706378,537608.7213600001,985523.5940306379
2005-09-27,447914.8726706378,519723.59305600007,967638.4657266379
2005-09-28,447914.8726706378,517501.656291,965416.5289616378
2005-09-29,447914.8726706378,532053.9300320002,979968.802702638
2005-09-30,447914.8726706378,528352.9870520001,976267.8597226379
2005-10-10,447914.8726706378,513982.9111700001,961897.7838406379
2005-10-11,447914.8726706378,528907.9478389999,976822.8205096377
2005-10-12,447914.8726706378,534700.08157,982614.9542406378
2005-10-13,447914.8726706378,532266.1468000001,980181.0194706379
2005-10-14,447914.8726706378,524791.257836,972706.1305066377
2005-10-17,447914.8726706378,526721.242039,974636.1147096378
2005-10-18,447914.8726706378,535563.5196820002,983478.392352638
2005-10-19,447914.8726706378,533181.230996,981096.1036666378
2005-10-20,447914.8726706378,533665.6679730002,981580.540643638
2005-10-21,447914.8726706378,537567.3513620001,985482.2240326379
2005-10-24,447914.8726706378,540074.0777449999,987988.9504156377
2005-10-25,447914.8726706378,523762.494661,971677.3673316378
2005-10-26,447914.8726706378,506683.34111599985,954598.2137866376
2005-10-27,447914.8726706378,501009.868124,948924.7407946377
2005-10-28,447914.8726706378,485190.091424,933104.9640946378
2005-10-31,447914.8726706378,488158.699793,936073.5724636378
2005-11-01,492122.34159537783,436632.29095,928754.6325453778
2005-11-02,492122.34159537783,443421.129611,935543.4712063778
2005-11-03,492122.34159537783,439236.38514100004,931358.7267363779
2005-11-04,492122.34159537783,441731.80946899997,933854.1510643777
2005-11-07,492122.34159537783,443174.15190299996,935296.4934983777
2005-11-08,492122.34159537783,444996.2051149999,937118.5467103778
2005-11-09,492122.34159537783,443389.07987400005,935511.4214693778
2005-11-10,492122.34159537783,429778.08376999985,921900.4253653777
2005-11-11,492122.34159537783,430618.6130110001,922740.954606378
2005-11-14,492122.34159537783,429547.2335329997,921669.5751283775
2005-11-15,492122.34159537783,426402.54055799986,918524.8821533776
2005-11-16,492122.34159537783,427213.134045,919335.4756403778
2005-11-17,492122.34159537783,427187.316038,919309.6576333778
2005-11-18,492122.34159537783,438216.9663599999,930339.3079553777
2005-11-21,492122.34159537783,440691.9684160002,932814.310011378
2005-11-22,492122.34159537783,432834.03659200005,924956.3781873779
2005-11-23,492122.34159537783,437559.879118,929682.2207133778
2005-11-24,492122.34159537783,437498.08192899986,929620.4235243776
2005-11-25,492122.34159537783,436764.78181500005,928887.1234103779
2005-11-28,492122.34159537783,434682.5898300001,926804.931425378
2005-11-29,492122.34159537783,428689.73937699985,920812.0809723777
2005-11-30,492122.34159537783,426357.567997,918479.9095923778
2005-12-01,492122.34159537783,425597.742544,917720.0841393778
2005-12-02,492122.34159537783,421468.11335999996,913590.4549553778
2005-12-05,492122.34159537783,410125.86521399993,902248.2068093778
2005-12-06,492122.34159537783,411223.1634980001,903345.505093378
2005-12-07,492122.34159537783,414870.956856,906993.2984513778
2005-12-08,492122.34159537783,414158.421346,906280.7629413778
2005-12-09,492122.34159537783,419543.79750499997,911666.1391003778
2005-12-12,492122.34159537783,422254.5039710001,914376.845566378
2005-12-13,492122.34159537783,422196.88743600005,914319.2290313779
2005-12-14,492122.34159537783,426117.8136410002,918240.1552363781
2005-12-15,492122.34159537783,424688.8547860002,916811.196381378
2005-12-16,492122.34159537783,427244.17958700005,919366.5211823778
2005-12-19,492122.34159537783,427430.57977800025,919552.921373378
2005-12-20,492122.34159537783,428612.4961359999,920734.8377313777
2005-12-21,492122.34159537783,425648.3307830001,917770.672378378
2005-12-22,492122.34159537783,428371.7282040001,920494.0697993779
2005-12-23,492122.34159537783,433097.8529980002,925220.1945933781
2005-12-26,492122.34159537783,435196.00080000004,927318.3423953778
2005-12-27,492122.34159537783,433793.6586619999,925916.0002573777
2005-12-28,492122.34159537783,434730.287422,926852.6290173779
2005-12-29,492122.34159537783,439785.73231700016,931908.0739123779
2005-12-30,492122.34159537783,436267.528512,928389.8701073779
2006-01-04,492122.34159537783,441553.81490899995,933676.1565043777
2006-01-05,492122.34159537783,448639.336711,940761.6783063778
2006-01-06,492122.34159537783,453980.8896290001,946103.2312243779
2006-01-09,492122.34159537783,459767.197015,951889.5386103778
2006-01-10,492122.34159537783,458845.78847599996,950968.1300713778
2006-01-11,492122.34159537783,455222.04193099984,947344.3835263776
2006-01-12,492122.34159537783,464088.312899,956210.6544943778
2006-01-13,492122.34159537783,464578.81036999996,956701.1519653779
2006-01-16,492122.34159537783,455749.75303099974,947872.0946263776
2006-01-17,492122.34159537783,455975.682639,948098.0242343778
2006-01-18,492122.34159537783,464525.82710999984,956648.1687053777
2006-01-19,492122.34159537783,469088.9977459997,961211.3393413776
2006-01-20,492122.34159537783,470613.4890699998,962735.8306653777
2006-01-23,492122.34159537783,472109.07875599986,964231.4203513777
2006-01-24,492122.34159537783,470979.976458,963102.3180533778
2006-01-25,492122.34159537783,469555.4299619998,961677.7715573777
2006-02-06,492122.34159537783,479651.198621,971773.5402163778
2006-02-07,1025.4847398791462,968769.0721899999,969794.556929879
2006-02-08,1025.4847398791462,968480.5224109999,969506.007150879
2006-02-09,1025.4847398791462,955777.7954289998,956803.280168879
2006-02-10,1025.4847398791462,964726.871833,965752.3565728791
2006-02-13,1025.4847398791462,955269.3683639999,956294.853103879
2006-02-14,1025.4847398791462,962201.8954629999,963227.3802028791
2006-02-15,1025.4847398791462,956948.4360750001,957973.9208148792
2006-02-16,1025.4847398791462,929850.6801809998,930876.164920879
2006-02-17,1025.4847398791462,920806.389036,921831.8737758792
2006-02-20,1025.4847398791462,918148.5405989999,919174.0253388791
2006-02-21,1025.4847398791462,929753.6005269999,930779.0852668791
2006-02-22,1025.4847398791462,933369.2880940001,934394.7728338792
2006-02-23,1025.4847398791462,927283.2449399999,928308.729679879
2006-02-24,1025.4847398791462,933754.385945,934779.8706848791
2006-02-27,1025.4847398791462,925486.9409020002,926512.4256418793
2006-02-28,1025.4847398791462,927999.7244499999,929025.209189879
2006-03-01,1025.4847398791462,936216.2756180001,937241.7603578792
2006-03-02,1025.4847398791462,916510.6684130002,917536.1531528793
2006-03-03,1025.4847398791462,918326.8989720001,919352.3837118793
2006-03-06,1025.4847398791462,917111.3253949999,918136.8101348791
2006-03-07,1025.4847398791462,889761.201449,890786.6861888792
2006-03-08,1025.4847398791462,885433.164741,886458.6494808792
2006-03-09,1025.4847398791462,877304.3604489998,878329.845188879
2006-03-10,1025.4847398791462,879134.1959289999,880159.6806688791
2006-03-13,1025.4847398791462,892539.41089,893564.8956298792
2006-03-14,1025.4847398791462,892625.701047,893651.1857868792
2006-03-15,1025.4847398791462,904867.3230479998,905892.8077878789
2006-03-16,1025.4847398791462,907006.136939,908031.6216788791
2006-03-17,1025.4847398791462,905547.305278,906572.7900178791
2006-03-20,1025.4847398791462,905634.208101,906659.6928408792
2006-03-21,1025.4847398791462,911016.0978619999,912041.582601879
2006-03-22,1025.4847398791462,918789.479174,919814.9639138791
2006-03-23,1025.4847398791462,923083.718039,924109.2027788792
2006-03-24,1025.4847398791462,919493.5705619999,920519.0553018791
2006-03-27,1025.4847398791462,930727.770191,931753.2549308791
2006-03-28,1025.4847398791462,932475.8484059998,933501.333145879
2006-03-29,1025.4847398791462,934505.2754049998,935530.760144879
2006-03-30,1025.4847398791462,925256.9438600001,926282.4285998793
2006-03-31,1025.4847398791462,931505.4162310001,932530.9009708792
2006-04-03,1025.4847398791462,949470.2199510001,950495.7046908792
2006-04-04,1025.4847398791462,956837.9459780002,957863.4307178793
2006-04-05,1025.4847398791462,961756.818441,962782.3031808791
2006-04-06,1025.4847398791462,962354.9525830003,963380.4373228794
2006-04-07,1025.4847398791462,971356.266793,972381.7515328792
2006-04-10,1025.4847398791462,990674.443479,991699.9282188792
2006-04-11,1025.4847398791462,992942.3517790001,993967.8365188793
2006-04-12,1025.4847398791462,992430.2465740001,993455.7313138793
2006-04-13,1025.4847398791462,974464.9722920001,975490.4570318792
2006-04-14,1025.4847398791462,999946.2344009998,1000971.719140879
2006-04-17,1025.4847398791462,1012826.721055,1013852.2057948791
2006-04-18,1025.4847398791462,1016195.4569600002,1017220.9416998794
2006-04-19,1025.4847398791462,1026572.4765470002,1027597.9612868794
2006-04-20,1025.4847398791462,1013267.140198,1014292.6249378792
2006-04-21,1025.4847398791462,1016360.137842,1017385.6225818791
2006-04-24,1025.4847398791462,1013786.029398,1014811.5141378791
2006-04-25,1025.4847398791462,1020359.6151409999,1021385.099880879
2006-04-26,1025.4847398791462,1037980.1134629999,1039005.5982028791
2006-04-27,1025.4847398791462,1057223.632074,1058249.1168138792
2006-04-28,1025.4847398791462,1069511.714003,1070537.198742879
2006-05-08,1025.4847398791462,1106658.472146,1107683.9568858792
2006-05-09,204536.01348981267,952958.1562349999,1157494.1697248125
2006-05-10,204536.01348981267,969411.7359509998,1173947.7494408125
2006-05-11,204536.01348981267,960312.7442450001,1164848.7577348128
2006-05-12,204536.01348981267,988761.0894070001,1193297.1028968128
2006-05-15,204536.01348981267,1035337.3404840002,1239873.353973813
2006-05-16,204536.01348981267,1001607.4790690006,1206143.4925588132
2006-05-17,204536.01348981267,1017035.9619250004,1221571.975414813
2006-05-18,204536.01348981267,1022557.6607579999,1227093.6742478125
2006-05-19,204536.01348981267,1052430.2727500002,1256966.2862398128
2006-05-22,204536.01348981267,1069844.8409320002,1274380.8544218128
2006-05-23,204536.01348981267,1023754.28479,1228290.2982798126
2006-05-24,204536.01348981267,1012094.6726730003,1216630.6861628129
2006-05-25,204536.01348981267,1024641.4083959997,1229177.4218858124
2006-05-26,204536.01348981267,1042721.6457209998,1247257.6592108125
2006-05-29,204536.01348981267,1069376.0923660004,1273912.105855813
2006-05-30,204536.01348981267,1085154.948638,1289690.9621278127
2006-05-31,204536.01348981267,1081537.9006930003,1286073.914182813
2006-06-01,204536.01348981267,1114586.9486449999,1319122.9621348125
2006-06-02,204536.01348981267,1113462.025455,1317998.0389448127
2006-06-05,204536.01348981267,1126948.946771,1331484.9602608127
2006-06-06,204536.01348981267,1119863.0486859998,1324399.0621758124
2006-06-07,204536.01348981267,1052288.479036,1256824.4925258127
2006-06-08,204536.01348981267,1055430.7917520003,1259966.805241813
2006-06-09,204536.01348981267,1035542.6226979999,1240078.6361878125
2006-06-12,204536.01348981267,1035753.3814630003,1240289.394952813
2006-06-13,204536.01348981267,1032043.408589,1236579.4220788127
2006-06-14,204536.01348981267,1022992.7413259994,1227528.754815812
2006-06-15,204536.01348981267,1023954.4326729999,1228490.4461628126
2006-06-16,204536.01348981267,1045227.0776629999,1249763.0911528126
2006-06-19,204536.01348981267,1051152.9463149996,1255688.9598048122
2006-06-20,204536.01348981267,1057644.728851,1262180.7423408127
2006-06-21,204536.01348981267,1058063.0926939999,1262599.1061838125
2006-06-22,204536.01348981267,1058413.6834780003,1262949.696967813
2006-06-23,204536.01348981267,1069022.0691029995,1273558.0825928121
2006-06-26,204536.01348981267,1085932.7177660004,1290468.731255813
2006-06-27,204536.01348981267,1088477.3378240003,1293013.351313813
2006-06-28,204536.01348981267,1087401.339992,1291937.3534818126
2006-06-29,204536.01348981267,1105765.4365559998,1310301.4500458124
2006-06-30,204536.01348981267,1102864.4426390005,1307400.456128813
2006-07-03,204536.01348981267,1121461.2531550005,1325997.2666448131
2006-07-04,204536.01348981267,1118815.289064,1323351.3025538125
2006-07-05,204536.01348981267,1109756.831518,1314292.8450078126
2006-07-06,204536.01348981267,1140472.0123750002,1345008.0258648128
2006-07-07,204536.01348981267,1140106.8576210004,1344642.871110813
2006-07-10,204536.01348981267,1150324.3355340003,1354860.349023813
2006-07-11,204536.01348981267,1156054.865071,1360590.8785608127
2006-07-12,204536.01348981267,1149657.3786759998,1354193.3921658124
2006-07-13,204536.01348981267,1080889.057502,1285425.0709918125
2006-07-14,204536.01348981267,1087900.4015730002,1292436.4150628129
2006-07-17,204536.01348981267,1109990.671684,1314526.6851738126
2006-07-18,204536.01348981267,1114652.532162,1319188.5456518126
2006-07-19,204536.01348981267,1084234.188201,1288770.2016908126
2006-07-20,204536.01348981267,1087486.6363269999,1292022.6498168125
2006-07-21,204536.01348981267,1097717.212486,1302253.2259758126
2006-07-24,204536.01348981267,1100756.9696240004,1305292.983113813
2006-07-25,204536.01348981267,1114152.785025,1318688.7985148127
2006-07-26,204536.01348981267,1115770.3147940007,1320306.3282838133
2006-07-27,204536.01348981267,1099966.448938,1304502.4624278126
2006-07-28,204536.01348981267,1092709.096505,1297245.1099948126
2006-07-31,204536.01348981267,1053647.2199630002,1258183.2334528128
2006-08-01,177091.93782185658,1061551.7730710001,1238643.7108928566
2006-08-02,177091.93782185658,1052388.0849649997,1229480.0227868562
2006-08-03,177091.93782185658,1048864.5803439994,1225956.5181658561
2006-08-04,177091.93782185658,1013172.0489669996,1190263.9867888563
2006-08-07,177091.93782185658,988323.352794,1165415.2906158566
2006-08-08,177091.93782185658,1020221.059969,1197312.9977908568
2006-08-09,177091.93782185658,1022146.228088,1199238.1659098566
2006-08-10,177091.93782185658,1039559.9539790001,1216651.8918008567
2006-08-11,177091.93782185658,1044204.0976900001,1221296.0355118567
2006-08-14,177091.93782185658,1020712.4484420002,1197804.3862638567
2006-08-15,177091.93782185658,1038622.1876579998,1215714.1254798565
2006-08-16,177091.93782185658,1052918.564911,1230010.5027328567
2006-08-17,177091.93782185658,1042773.4260420001,1219865.3638638565
2006-08-18,177091.93782185658,1038383.9161329996,1215475.8539548563
2006-08-21,177091.93782185658,1046489.6782160002,1223581.6160378568
2006-08-22,177091.93782185658,1058068.4240839998,1235160.3619058565
2006-08-23,177091.93782185658,1055573.861469,1232665.7992908568
2006-08-24,177091.93782185658,1063333.125008,1240425.0628298568
2006-08-25,177091.93782185658,1066225.49742,1243317.4352418566
2006-08-28,177091.93782185658,1086343.6431150006,1263435.580936857
2006-08-29,177091.93782185658,1089643.735458,1266735.6732798568
2006-08-30,177091.93782185658,1097823.1946989999,1274915.1325208563
2006-08-31,177091.93782185658,1105745.8960070005,1282837.8338288572
2006-09-01,177091.93782185658,1083617.9791880003,1260709.917009857
2006-09-04,177091.93782185658,1104745.997467,1281837.9352888567
2006-09-05,177091.93782185658,1106122.911333,1283214.8491548565
2006-09-06,177091.93782185658,1111677.0485710003,1288768.986392857
2006-09-07,177091.93782185658,1097062.377913,1274154.3157348568
2006-09-08,177091.93782185658,1100336.3220050004,1277428.2598268571
2006-09-11,177091.93782185658,1104413.170254,1281505.1080758567
2006-09-12,177091.93782185658,1107224.440186,1284316.3780078567
2006-09-13,177091.93782185658,1093011.9358660004,1270103.8736878568
2006-09-14,177091.93782185658,1093165.6723059996,1270257.610127856
2006-09-15,177091.93782185658,1108797.9159989997,1285889.8538208562
2006-09-18,177091.93782185658,1126744.4439900003,1303836.3818118568
2006-09-19,177091.93782185658,1130414.411,1307506.3488218565
2006-09-20,177091.93782185658,1137686.524695,1314778.4625168564
2006-09-21,177091.93782185658,1138704.2953080002,1315796.2331298566
2006-09-22,177091.93782185658,1125452.0027180004,1302543.940539857
2006-09-25,177091.93782185658,1128619.1712490001,1305711.1090708566
2006-09-26,177091.93782185658,1127782.9638530002,1304874.901674857
2006-09-27,177091.93782185658,1135882.9975209998,1312974.9353428562
2006-09-28,177091.93782185658,1145475.0302539999,1322566.9680758566
2006-09-29,177091.93782185658,1152576.188051,1329668.1258728565
2006-10-09,177091.93782185658,1174055.6895390002,1351147.6273608566
2006-10-10,177091.93782185658,1177330.427743,1354422.3655648567
2006-10-11,177091.93782185658,1180446.479244,1357538.4170658565
2006-10-12,177091.93782185658,1161046.429308,1338138.3671298567
2006-10-13,177091.93782185658,1165330.6556189999,1342422.5934408563
2006-10-16,177091.93782185658,1156552.7546849998,1333644.6925068563
2006-10-17,177091.93782185658,1152891.160039,1329983.0978608564
2006-10-18,177091.93782185658,1166435.8339540001,1343527.7717758566
2006-10-19,177091.93782185658,1168625.0857309997,1345717.0235528564
2006-10-20,177091.93782185658,1165602.6149870001,1342694.5528088566
2006-10-23,177091.93782185658,1122081.6998959999,1299173.6377178566
2006-10-24,177091.93782185658,1143500.0437530002,1320591.9815748567
2006-10-25,177091.93782185658,1141324.9321690002,1318416.8699908569
2006-10-26,177091.93782185658,1138115.656084,1315207.5939058564
2006-10-27,177091.93782185658,1120750.4313889996,1297842.369210856
2006-10-30,177091.93782185658,1126232.6767890002,1303324.6146108569
2006-10-31,177091.93782185658,1142870.850075,1319962.7878968567
2006-11-01,13249.028497063686,1316563.917871,1329812.9463680638
2006-11-02,13249.028497063686,1315274.1605699996,1328523.1890670634
2006-11-03,13249.028497063686,1317699.3439439998,1330948.3724410636
2006-11-06,13249.028497063686,1317967.7079069992,1331216.736404063
2006-11-07,13249.028497063686,1310316.477486,1323565.5059830637
2006-11-08,13249.028497063686,1305578.1858909999,1318827.2143880636
2006-11-09,13249.028497063686,1315007.6564169999,1328256.6849140637
2006-11-10,13249.028497063686,1284872.8751039994,1298121.9036010632
2006-11-13,13249.028497063686,1248272.9245009993,1261521.952998063
2006-11-14,13249.028497063686,1263738.8058079998,1276987.8343050636
2006-11-15,13249.028497063686,1289534.394245,1302783.4227420639
2006-11-16,13249.028497063686,1280554.1088139997,1293803.1373110635
2006-11-17,13249.028497063686,1295403.5701010004,1308652.5985980642
2006-11-20,13249.028497063686,1293420.7301220004,1306669.7586190642
2006-11-21,13249.028497063686,1303276.677363,1316525.705860064
2006-11-22,13249.028497063686,1318266.5396010003,1331515.568098064
2006-11-23,13249.028497063686,1320180.9787570003,1333430.007254064
2006-11-24,13249.028497063686,1344196.0953699993,1357445.123867063
2006-11-27,13249.028497063686,1372909.3201219998,1386158.3486190636
2006-11-28,13249.028497063686,1377215.1158259998,1390464.1443230635
2006-11-29,13249.028497063686,1398133.8279070004,1411382.8564040642
2006-11-30,13249.028497063686,1425154.125275,1438403.1537720638
2006-12-01,13249.028497063686,1434603.447037,1447852.4755340638
2006-12-04,13249.028497063686,1454406.0785580005,1467655.1070550643
2006-12-05,13249.028497063686,1463923.283774,1477172.3122710637
2006-12-06,13249.028497063686,1435737.6247149997,1448986.6532120635
2006-12-07,13249.028497063686,1415066.683142,1428315.711639064
2006-12-08,13249.028497063686,1366466.609581,1379715.6380780637
2006-12-11,13249.028497063686,1408540.0889349992,1421789.117432063
2006-12-12,13249.028497063686,1405667.938999,1418916.9674960638
2006-12-13,13249.028497063686,1412513.5446800003,1425762.573177064
2006-12-14,13249.028497063686,1443414.4221769995,1456663.4506740633
2006-12-15,13249.028497063686,1473277.2391930001,1486526.267690064
2006-12-18,13249.028497063686,1510669.3064519987,1523918.3349490624
2006-12-19,13249.028497063686,1515166.1245679997,1528415.1530650635
2006-12-20,13249.028497063686,1531071.0259569997,1544320.0544540635
2006-12-21,13249.028497063686,1513171.425705,1526420.4542020638
2006-12-22,13249.028497063686,1497060.0165610001,1510309.045058064
2006-12-25,13249.028497063686,1515512.7808950003,1528761.809392064
2006-12-26,13249.028497063686,1498123.649891,1511372.6783880638
2006-12-27,13249.028497063686,1516878.8332620005,1530127.8617590643
2006-12-28,13249.028497063686,1497252.8878630004,1510501.9163600642
2006-12-29,13249.028497063686,1518423.341977,1531672.3704740638
2007-01-04,13249.028497063686,1510779.5374549995,1524028.5659520633
2007-01-05,13249.028497063686,1540149.1991840007,1553398.2276810645
2007-01-08,13249.028497063686,1603464.1110740004,1616713.1395710642
2007-01-09,13249.028497063686,1646519.4068250002,1659768.435322064
2007-01-10,13249.028497063686,1691348.6179730005,1704597.6464700643
2007-01-11,13249.028497063686,1688293.2049510009,1701542.2334480647
2007-01-12,13249.028497063686,1644878.6406849998,1658127.6691820635
2007-01-15,13249.028497063686,1735688.7825650002,1748937.811062064
2007-01-16,13249.028497063686,1813973.820664,1827222.8491610638
2007-01-17,13249.028497063686,1802715.1618670006,1815964.1903640644
2007-01-18,13249.028497063686,1852354.5909170008,1865603.6194140646
2007-01-19,13249.028497063686,1924229.9895849999,1937479.0180820636
2007-01-22,13249.028497063686,2001230.874782,2014479.9032790638
2007-01-23,13249.028497063686,1989151.525817,2002400.5543140639
2007-01-24,13249.028497063686,1998473.5339030004,2011722.5624000642
2007-01-25,13249.028497063686,1901778.5680719996,1915027.5965690634
2007-01-26,13249.028497063686,1930999.4303689997,1944248.4588660635
2007-01-29,13249.028497063686,1985993.1161900002,1999242.144687064
2007-01-30,13249.028497063686,1971254.3982340004,1984503.4267310642
2007-01-31,13249.028497063686,1868584.7397000005,1881833.7681970643
2007-02-01,105644.91437617956,1798065.8359909998,1903710.7503671793
2007-02-02,105644.91437617956,1759126.8804450005,1864771.79482118
2007-02-05,105644.91437617956,1774546.5274429996,1880191.441819179
2007-02-06,105644.91437617956,1796649.4050770001,1902294.3194531796
2007-02-07,105644.91437617956,1833353.1999999995,1938998.114376179
2007-02-08,105644.91437617956,1870752.3327760003,1976397.2471521797
2007-02-09,105644.91437617956,1864477.0853370002,1970121.9997131797
2007-02-12,105644.91437617956,1915577.3551619994,2021222.2695381788
2007-02-13,105644.91437617956,1937783.8546220001,2043428.7689981796
2007-02-14,105644.91437617956,1984002.0919810003,2089647.0063571797
2007-02-15,105644.91437617956,2045821.8750809997,2151466.789457179
2007-02-16,105644.91437617956,2064454.4677549999,2170099.3821311793
2007-02-26,105644.91437617956,2105209.6673879996,2210854.5817641793
2007-02-27,105644.91437617956,1916267.3773539998,2021912.2917301792
2007-02-28,105644.91437617956,1980556.4993030007,2086201.4136791802
2007-03-01,105644.91437617956,1912372.7879930004,2018017.7023691798
2007-03-02,105644.91437617956,1942458.585493,2048103.4998691794
2007-03-05,105644.91437617956,1955064.4435390008,2060709.3579151803
2007-03-06,105644.91437617956,1964551.495577,2070196.4099531795
2007-03-07,105644.91437617956,2018446.89954,2124091.8139161794
2007-03-08,105644.91437617956,2054907.5109709988,2160552.4253471782
2007-03-09,105644.91437617956,2049147.8103660007,2154792.72474218
2007-03-12,105644.91437617956,2072175.4667990007,2177820.3811751804
2007-03-13,105644.91437617956,2095173.965977,2200818.8803531798
2007-03-14,105644.91437617956,2072050.9584910006,2177695.87286718
2007-03-15,105644.91437617956,2114083.8460119995,2219728.760388179
2007-03-16,105644.91437617956,2072781.1678510003,2178426.08222718
2007-03-19,105644.91437617956,2095289.0357789996,2200933.950155179
2007-03-20,105644.91437617956,2121705.3914880008,2227350.3058641804
2007-03-21,105644.91437617956,2154248.3051259997,2259893.2195021794
2007-03-22,105644.91437617956,2159134.1681050006,2264779.0824811803
2007-03-23,105644.91437617956,2173938.6087310007,2279583.5231071804
2007-03-26,105644.91437617956,2225751.2649250003,2331396.17930118
2007-03-27,105644.91437617956,2258022.4101000004,2363667.32447618
2007-03-28,105644.91437617956,2235972.8381230007,2341617.7524991804
2007-03-29,105644.91437617956,2178718.2415899998,2284363.1559661794
2007-03-30,105644.91437617956,2191012.955041,2296657.86941718
2007-04-02,105644.91437617956,2228004.9857230005,2333649.90009918
2007-04-03,105644.91437617956,2267893.1835689996,2373538.0979451793
2007-04-04,105644.91437617956,2296104.7908449997,2401749.7052211794
2007-04-05,105644.91437617956,2336064.4559670007,2441709.3703431804
2007-04-06,105644.91437617956,2382215.4559669998,2487860.3703431794
2007-04-09,105644.91437617956,2440732.070713999,2546376.985090179
2007-04-10,105644.91437617956,2458913.926226999,2564558.840603179
2007-04-11,105644.91437617956,2489631.379736,2595276.29411218
2007-04-12,105644.91437617956,2559150.0522749987,2664794.9666511784
2007-04-13,105644.91437617956,2543801.012656,2649445.9270321797
2007-04-16,105644.91437617956,2609284.1940739993,2714929.108450179
2007-04-17,105644.91437617956,2652050.9956279993,2757695.910004179
2007-04-18,105644.91437617956,2692044.3797059995,2797689.294082179
2007-04-19,105644.91437617956,2546798.048734001,2652442.9631101806
2007-04-20,105644.91437617956,2660037.715623,2765682.62999918
2007-04-23,105644.91437617956,2764963.7171999994,2870608.631576179
2007-04-24,105644.91437617956,2778549.0699789994,2884193.984355179
2007-04-25,105644.91437617956,2763374.783957999,2869019.698334179
2007-04-26,105644.91437617956,2789844.1087760003,2895489.02315218
2007-04-27,105644.91437617956,2750529.241116,2856174.1554921796
2007-04-30,105644.91437617956,2849574.168631,2955219.0830071797
2007-05-08,105644.91437617956,2966347.9836049993,3071992.897981179
2007-05-09,1181567.8272663853,1859213.8033069996,3040781.630573385
2007-05-10,1181567.8272663853,1883170.2932450003,3064738.1205113856
2007-05-11,1181567.8272663853,1878180.6207599996,3059748.448026385
2007-05-14,1181567.8272663853,1881529.7079440006,3063097.535210386
2007-05-15,1181567.8272663853,1838025.020109,3019592.8473753855
2007-05-16,1181567.8272663853,1878668.7018240006,3060236.529090386
2007-05-17,1181567.8272663853,1920049.0217930006,3101616.849059386
2007-05-18,1181567.8272663853,1927515.2009860002,3109083.0282523856
2007-05-21,1181567.8272663853,1983089.071913,3164656.899179385
2007-05-22,1181567.8272663853,2029347.8698720003,3210915.697138386
2007-05-23,1181567.8272663853,2080835.6970580008,3262403.5243243864
2007-05-24,1181567.8272663853,2067635.360511,3249203.187777385
2007-05-25,1181567.8272663853,2095171.0324170003,3276738.8596833856
2007-05-28,1181567.8272663853,2154731.111233001,3336298.9384993864
2007-05-29,1181567.8272663853,2190153.590771,3371721.418037385
2007-05-30,1181567.8272663853,2010932.7223559998,3192500.549622385
2007-05-31,1181567.8272663853,1952571.0031519996,3134138.8304183846
2007-06-01,1181567.8272663853,1842913.1637190005,3024480.990985386
2007-06-04,1181567.8272663853,1682765.2278349998,2864333.0551013853
2007-06-05,1181567.8272663853,1693976.273583,2875544.1008493854
2007-06-06,1181567.8272663853,1739692.7387869998,2921260.566053385
2007-06-07,1181567.8272663853,1809581.1249560001,2991148.9522223854
2007-06-08,1181567.8272663853,1843663.8568520006,3025231.684118386
2007-06-11,1181567.8272663853,1885799.8439319998,3067367.671198385
2007-06-12,1181567.8272663853,1935043.26182,3116611.0890863854
2007-06-13,1181567.8272663853,1988855.5990880004,3170423.426354386
2007-06-14,1181567.8272663853,1973056.1333920013,3154623.9606583863
2007-06-15,1181567.8272663853,1982395.7189710005,3163963.546237386
2007-06-18,1181567.8272663853,2037613.6310060006,3219181.458272386
2007-06-19,1181567.8272663853,2053071.5021140003,3234639.3293803856
2007-06-20,1181567.8272663853,2001258.772638,3182826.5999043854
2007-06-21,1181567.8272663853,2006638.5630179998,3188206.390284385
2007-06-22,1181567.8272663853,1888662.7813869996,3070230.608653385
2007-06-25,1181567.8272663853,1780163.0217449998,2961730.849011385
2007-06-26,1181567.8272663853,1799997.601316,2981565.428582385
2007-06-27,1181567.8272663853,1845304.140485,3026871.9677513856
2007-06-28,1181567.8272663853,1732109.8659939999,2913677.693260385
2007-06-29,1181567.8272663853,1648760.2505829993,2830328.0778493844
2007-07-02,1181567.8272663853,1664353.51962,2845921.346886385
2007-07-03,1181567.8272663853,1703014.6939829993,2884582.5212493846
2007-07-04,1181567.8272663853,1664088.9269859996,2845656.754252385
2007-07-05,1181567.8272663853,1557750.6365959996,2739318.4638623847
2007-07-06,1181567.8272663853,1644304.0421199994,2825871.8693863847
2007-07-09,1181567.8272663853,1694977.1951639997,2876545.022430385
2007-07-10,1181567.8272663853,1646472.017814,2828039.845080385
2007-07-11,1181567.8272663853,1661814.0278219995,2843381.855088385
2007-07-12,1181567.8272663853,1673496.1411440007,2855063.968410386
2007-07-13,1181567.8272663853,1671945.608916,2853513.4361823853
2007-07-16,1181567.8272663853,1620159.2124949996,2801727.039761385
2007-07-17,1181567.8272663853,1649277.4232219995,2830845.2504883846
2007-07-18,1181567.8272663853,1647066.6682310004,2828634.495497386
2007-07-19,1181567.8272663853,1657008.5701539998,2838576.397420385
2007-07-20,1181567.8272663853,1718290.5292699996,2899858.3565363847
2007-07-23,1181567.8272663853,1804934.0528079998,2986501.880074385
2007-07-24,1181567.8272663853,1809726.9253550011,2991294.752621386
2007-07-25,1181567.8272663853,1850644.8011079996,3032212.6283743847
2007-07-26,1181567.8272663853,1887652.8695719999,3069220.6968383854
2007-07-27,1181567.8272663853,1930342.541363,3111910.3686293853
2007-07-30,1181567.8272663853,1974722.0794620002,3156289.9067283855
2007-07-31,1181567.8272663853,2011225.3028530001,3192793.130119385
2007-08-01,1103131.365666614,1933485.3531840004,3036616.7188506145
2007-08-02,1103131.365666614,2006006.6463120007,3109138.0119786146
2007-08-03,1103131.365666614,2054424.191267,3157555.556933614
2007-08-06,1103131.365666614,2097876.955115001,3201008.320781615
2007-08-07,1103131.365666614,2098142.365586,3201273.731252614
2007-08-08,1103131.365666614,2050193.661161,3153325.026827614
2007-08-09,1103131.365666614,2069148.2573789996,3172279.6230456135
2007-08-10,1103131.365666614,2033845.6999350002,3136977.0656016143
2007-08-13,1103131.365666614,2027391.4522630002,3130522.8179296143
2007-08-14,1103131.365666614,2072351.4495140004,3175482.8151806146
2007-08-15,1103131.365666614,2064053.6577150004,3167185.023381614
2007-08-16,1103131.365666614,2063405.9898599999,3166537.355526614
2007-08-17,1103131.365666614,2038340.3511490002,3141471.716815614
2007-08-20,1103131.365666614,2118280.681341,3221412.047007614
2007-08-21,1103131.365666614,2136844.6601730003,3239976.025839614
2007-08-22,1103131.365666614,2171993.400844999,3275124.766511613
2007-08-23,1103131.365666614,2202809.549252999,3305940.914919613
2007-08-24,1103131.365666614,2224084.143183,3327215.508849614
2007-08-27,1103131.365666614,2228452.277799,3331583.643465614
2007-08-28,1103131.365666614,2223596.0091870003,3326727.3748536143
2007-08-29,1103131.365666614,2191510.970579,3294642.336245614
2007-08-30,1103131.365666614,2248804.513464001,3351935.879130615
2007-08-31,1103131.365666614,2274655.3495379994,3377786.7152046133
2007-09-03,1103131.365666614,2334854.2211440005,3437985.5868106144
2007-09-04,1103131.365666614,2315732.08855,3418863.454216614
2007-09-05,1103131.365666614,2334041.0895199995,3437172.4551866134
2007-09-06,1103131.365666614,2364780.4037639997,3467911.7694306136
2007-09-07,1103131.365666614,2305036.4637429984,3408167.8294096123
2007-09-10,1103131.365666614,2345918.95494,3449050.320606614
2007-09-11,1103131.365666614,2189975.327091001,3293106.692757615
2007-09-12,1103131.365666614,2198685.8211399997,3301817.1868066136
2007-09-13,1103131.365666614,2239852.2528999997,3342983.6185666136
2007-09-14,1103131.365666614,2278190.3545179996,3381321.7201846135
2007-09-17,1103131.365666614,2319180.2562739993,3422311.6219406133
2007-09-18,1103131.365666614,2333965.4181240005,3437096.7837906145
2007-09-19,1103131.365666614,2297004.2137709996,3400135.5794376135
2007-09-20,1103131.365666614,2322669.243917001,3425800.609583615
2007-09-21,1103131.365666614,2315550.5963419997,3418681.9620086136
2007-09-24,1103131.365666614,2322686.2528170003,3425817.618483614
2007-09-25,1103131.365666614,2294976.8343720003,3398108.200038614
2007-09-26,1103131.365666614,2263545.4906139993,3366676.856280613
2007-09-27,1103131.365666614,2298153.136787001,3401284.502453615
2007-09-28,1103131.365666614,2350120.426285,3453251.791951614
2007-10-08,1103131.365666614,2348551.3747719997,3451682.7404386136
2007-10-09,1103131.365666614,2383917.472601,3487048.838267614
2007-10-10,1103131.365666614,2374918.285025,3478049.650691614
2007-10-11,1103131.365666614,2347797.4720390006,3450928.8377056145
2007-10-12,1103131.365666614,2299873.9326920006,3403005.2983586146
2007-10-15,1103131.365666614,2311890.182000001,3415021.547666615
2007-10-16,1103131.365666614,2323996.4519490004,3427127.8176156143
2007-10-17,1103131.365666614,2333396.401973,3436527.7676396137
2007-10-18,1103131.365666614,2272700.5601310004,3375831.9257976143
2007-10-19,1103131.365666614,2263084.2199270003,3366215.5855936143
2007-10-22,1103131.365666614,2215294.7081900015,3318426.0738566155
2007-10-23,1103131.365666614,2199231.565528,3302362.9311946137
2007-10-24,1103131.365666614,2169089.944317,3272221.309983614
2007-10-25,1103131.365666614,2010322.473900001,3113453.839566615
2007-10-26,1103131.365666614,1972669.8590489996,3075801.2247156138
2007-10-29,1103131.365666614,1990491.7015240001,3093623.067190614
2007-10-30,1103131.365666614,2037764.7641000003,3140896.129766614
2007-10-31,1103131.365666614,2108535.9465350006,3211667.3122016145
2007-11-01,1124320.132584998,1977991.366198,3102311.498782998
2007-11-02,1124320.132584998,1934631.3490220003,3058951.4816069985
2007-11-05,1124320.132584998,1935597.3940310003,3059917.5266159982
2007-11-06,1124320.132584998,1946184.5140099996,3070504.6465949975
2007-11-07,1124320.132584998,1944570.3134950004,3068890.4460799983
2007-11-08,1124320.132584998,1863647.0842229999,2987967.216807998
2007-11-09,1124320.132584998,1838247.521533,2962567.6541179977
2007-11-12,1124320.132584998,1808523.2750489996,2932843.4076339975
2007-11-13,1124320.132584998,1814100.0594839999,2938420.192068998
2007-11-14,1124320.132584998,1877100.1417140004,3001420.2742989985
2007-11-15,1124320.132584998,1845756.2229619997,2970076.355546998
2007-11-16,1124320.132584998,1844434.1625720002,2968754.295156998
2007-11-19,1124320.132584998,1877403.5757339995,3001723.708318997
2007-11-20,1124320.132584998,1916392.3047459999,3040712.4373309975
2007-11-21,1124320.132584998,1887315.5762319996,3011635.7088169977
2007-11-22,1124320.132584998,1814894.2891650004,2939214.4217499983
2007-11-23,1124320.132584998,1850644.5957179996,2974964.7283029975
2007-11-26,1124320.132584998,1837704.662591,2962024.795175998
2007-11-27,1124320.132584998,1817480.344348,2941800.476932998
2007-11-28,1124320.132584998,1802623.9452840001,2926944.077868998
2007-11-29,1124320.132584998,1848046.287277,2972366.419861998
2007-11-30,1124320.132584998,1821556.9553610005,2945877.0879459986
2007-12-03,1124320.132584998,1842142.0231969997,2966462.1557819974
2007-12-04,1124320.132584998,1858082.6381809998,2982402.7707659975
2007-12-05,1124320.132584998,1891413.0687659995,3015733.201350997
2007-12-06,1124320.132584998,1905698.5287120002,3030018.661296998
2007-12-07,1124320.132584998,1942612.57371,3066932.7062949976
2007-12-10,1124320.132584998,1997709.911204,3122030.043788998
2007-12-11,1124320.132584998,2022047.3369359998,3146367.4695209977
2007-12-12,1124320.132584998,2031954.7655479992,3156274.898132997
2007-12-13,1124320.132584998,1964544.8724580007,3088865.0050429986
2007-12-14,1124320.132584998,2011552.4033179998,3135872.5359029975
2007-12-17,1124320.132584998,1998232.1894079999,3122552.321992998
2007-12-18,1124320.132584998,1973548.4864000008,3097868.6189849987
2007-12-19,1124320.132584998,2010053.3281249998,3134373.4607099975
2007-12-20,1124320.132584998,2034767.6992019997,3159087.8317869976
2007-12-21,1124320.132584998,2061077.3141160002,3185397.446700998
2007-12-24,1124320.132584998,2100472.8998060008,3224793.0323909987
2007-12-25,1124320.132584998,2121726.3652129993,3246046.497797997
2007-12-26,1124320.132584998,2157673.3271859996,3281993.4597709975
2007-12-27,1124320.132584998,2179099.2426239997,3303419.3752089976
2007-12-28,1124320.132584998,2170656.876504,3294977.0090889977
2008-01-02,1124320.132584998,2222645.3393750004,3346965.4719599984
2008-01-03,1124320.132584998,2261079.805297,3385399.937881998
2008-01-04,1124320.132584998,2277671.015483,3401991.148067998
2008-01-07,1124320.132584998,2299295.1635849993,3423615.296169997
2008-01-08,1124320.132584998,2257653.540954999,3381973.673539997
2008-01-09,1124320.132584998,2301351.627271999,3425671.759856997
2008-01-10,1124320.132584998,2312609.8190429998,3436929.9516279977
2008-01-11,1124320.132584998,2295378.6138150007,3419698.7463999987
2008-01-14,1124320.132584998,2319141.590511,3443461.7230959977
2008-01-15,1124320.132584998,2331390.605073,3455710.7376579978
2008-01-16,1124320.132584998,2287624.198031,3411944.330615998
2008-01-17,1124320.132584998,2238521.6107499995,3362841.7433349974
2008-01-18,1124320.132584998,2258645.0459450004,3382965.1785299983
2008-01-21,1124320.132584998,2165740.464794,3290060.597378998
2008-01-22,1124320.132584998,1993088.2120599998,3117408.3446449977
2008-01-23,1124320.132584998,2077916.0129039995,3202236.1454889975
2008-01-24,1124320.132584998,2128487.932667999,3252808.065252997
2008-01-25,1124320.132584998,2136695.5757819996,3261015.7083669975
2008-01-28,1124320.132584998,2004086.8167249998,3128406.9493099977
2008-01-29,1124320.132584998,2028034.3936810005,3152354.5262659984
2008-01-30,1124320.132584998,2036057.5855040003,3160377.7180889985
2008-01-31,1124320.132584998,1967637.8221580004,3091957.9547429984
2008-02-01,1045998.5670791407,1957078.4873139993,3003077.05439314
2008-02-04,1045998.5670791407,2112854.4546209997,3158853.0217001406
2008-02-05,1045998.5670791407,2106606.0987900007,3152604.6658691415
2008-02-13,1045998.5670791407,2085394.8184679993,3131393.38554714
2008-02-14,1045998.5670791407,2120751.835602,3166750.4026811407
2008-02-15,1045998.5670791407,2100483.821379999,3146482.38845914
2008-02-18,1045998.5670791407,2149068.052299,3195066.6193781407
2008-02-19,1045998.5670791407,2200521.9776149993,3246520.54469414
2008-02-20,1045998.5670791407,2170148.394785,3216146.961864141
2008-02-21,1045998.5670791407,2187740.3990870006,3233738.9661661414
2008-02-22,1045998.5670791407,2133309.420229,3179307.987308141
2008-02-25,1045998.5670791407,2057702.655937,3103701.2230161405
2008-02-26,1045998.5670791407,2054014.4689469999,3100013.0360261407
2008-02-27,1045998.5670791407,2099684.1497029993,3145682.71678214
2008-02-28,1045998.5670791407,2100180.46185,3146179.028929141
2008-02-29,1045998.5670791407,2123500.458511001,3169499.025590142
2008-03-03,1045998.5670791407,2189803.188543,3235801.7556221406
2008-03-04,1045998.5670791407,2175367.7761880006,3221366.3432671414
2008-03-05,1045998.5670791407,2193009.3931990005,3239007.9602781413
2008-03-06,1045998.5670791407,2210848.983501,3256847.5505801407
2008-03-07,1045998.5670791407,2176414.1366680004,3222412.703747141
2008-03-10,1045998.5670791407,2098529.813326,3144528.3804051406
2008-03-11,1045998.5670791407,2122339.1140219993,3168337.68110114
2008-03-12,1045998.5670791407,2075657.198030001,3121655.765109142
2008-03-13,1045998.5670791407,2000418.8307649998,3046417.3978441404
2008-03-14,1045998.5670791407,1986485.7639060002,3032484.330985141
2008-03-17,1045998.5670791407,1848516.7556440001,2894515.322723141
2008-03-18,1045998.5670791407,1720304.1607020001,2766302.7277811407
2008-03-19,1045998.5670791407,1780921.2019350003,2826919.769014141
2008-03-20,1045998.5670791407,1838242.9202140009,2884241.4872931414
2008-03-21,1045998.5670791407,1861592.2702910004,2907590.837370141
2008-03-24,1045998.5670791407,1799407.342551,2845405.9096301408
2008-03-25,1045998.5670791407,1820550.7753050001,2866549.342384141
2008-03-26,1045998.5670791407,1820203.896675,2866202.463754141
2008-03-27,1045998.5670791407,1733621.4514219998,2779620.0185011406
2008-03-28,1045998.5670791407,1786127.5931969997,2832126.1602761406
2008-03-31,1045998.5670791407,1722075.2865709995,2768073.85365014
2008-04-01,1045998.5670791407,1586298.2518420003,2632296.818921141
2008-04-02,1045998.5670791407,1513608.263347,2559606.8304261407
2008-04-03,1045998.5670791407,1542158.7084020001,2588157.2754811407
2008-04-07,1045998.5670791407,1636334.404472,2682332.971551141
2008-04-08,1045998.5670791407,1671381.5182940008,2717380.0853731413
2008-04-09,1045998.5670791407,1587989.8262780008,2633988.3933571414
2008-04-10,1045998.5670791407,1629729.79625,2675728.3633291405
2008-04-11,1045998.5670791407,1653793.0662029998,2699791.6332821404
2008-04-14,1045998.5670791407,1552410.6125750002,2598409.179654141
2008-04-15,1045998.5670791407,1582975.1879590005,2628973.7550381413
2008-04-16,1045998.5670791407,1546231.9127030002,2592230.479782141
2008-04-17,1045998.5670791407,1494125.256598001,2540123.8236771417
2008-04-18,1045998.5670791407,1436162.0252919998,2482160.5923711406
2008-04-21,1045998.5670791407,1434512.2133609997,2480510.7804401405
2008-04-22,1045998.5670791407,1413042.404522,2459040.9716011407
2008-04-23,1045998.5670791407,1478223.8930279992,2524222.46010714
2008-04-24,1045998.5670791407,1603698.2091800002,2649696.776259141
2008-04-25,1045998.5670791407,1618336.8122919996,2664335.37937114
2008-04-28,1045998.5670791407,1595745.6681440002,2641744.235223141
2008-04-29,1045998.5670791407,1614989.6108640002,2660988.1779431407
2008-04-30,1045998.5670791407,1676231.0712850003,2722229.638364141
2008-05-05,1045998.5670791407,1724091.4059019992,2770089.97298114
2008-05-06,2014356.6752974326,740703.4653689996,2755060.140666432
2008-05-07,2014356.6752974326,699635.5357289995,2713992.211026432
2008-05-08,2014356.6752974326,719645.876803,2734002.5521004326
2008-05-09,2014356.6752974326,717226.0476510001,2731582.722948433
2008-05-12,2014356.6752974326,727058.2366699998,2741414.911967432
2008-05-13,2014356.6752974326,719653.8122069995,2734010.487504432
2008-05-14,2014356.6752974326,744281.3612539996,2758638.036551432
2008-05-15,2014356.6752974326,741226.7739579998,2755583.4492554325
2008-05-16,2014356.6752974326,737184.330423,2751541.005720433
2008-05-19,2014356.6752974326,736225.6272849998,2750582.3025824325
2008-05-20,2014356.6752974326,691644.0612920001,2706000.7365894327
2008-05-21,2014356.6752974326,708463.7267280002,2722820.402025433
2008-05-22,2014356.6752974326,700817.4997289996,2715174.175026432
2008-05-23,2014356.6752974326,688148.9740239999,2702505.649321432
2008-05-26,2014356.6752974326,662513.1372360002,2676869.8125334326
2008-05-27,2014356.6752974326,672006.2852430003,2686362.960540433
2008-05-28,2014356.6752974326,690383.5692670001,2704740.2445644327
2008-05-29,2014356.6752974326,674032.0921130003,2688388.767410433
2008-05-30,2014356.6752974326,681517.2530870001,2695873.9283844326
2008-06-02,2014356.6752974326,686018.2577379999,2700374.9330354324
2008-06-03,2014356.6752974326,680489.4454780001,2694846.120775433
2008-06-04,2014356.6752974326,670685.423247,2685042.098544433
2008-06-05,2014356.6752974326,666688.693373,2681045.368670433
2008-06-06,2014356.6752974326,661621.7120399998,2675978.3873374322
2008-06-10,2014356.6752974326,603284.9816679996,2617641.656965432
2008-06-11,2014356.6752974326,585016.160625,2599372.8359224326
2008-06-12,2014356.6752974326,578763.5909800001,2593120.2662774324
2008-06-13,2014356.6752974326,553887.4256450001,2568244.100942433
2008-06-16,2014356.6752974326,544236.807681,2558593.4829784324
2008-06-17,2014356.6752974326,512890.3245279999,2527246.9998254324
2008-06-18,2014356.6752974326,542686.9445389998,2557043.6198364324
2008-06-19,2014356.6752974326,494668.75180100015,2509025.4270984326
2008-06-20,2014356.6752974326,505138.2595599999,2519494.9348574327
2008-06-23,2014356.6752974326,493842.40334799985,2508199.0786454324
2008-06-24,2014356.6752974326,508479.7485040001,2522836.423801433
2008-06-25,2014356.6752974326,534900.4982900003,2549257.173587433
2008-06-26,2014356.6752974326,541288.5043869999,2555645.179684432
2008-06-27,2014356.6752974326,503790.46483400016,2518147.1401314326
2008-06-30,2014356.6752974326,503403.6839370001,2517760.3592344327
2008-07-01,2014356.6752974326,488246.48559399997,2502603.1608914323
2008-07-02,2014356.6752974326,494114.53281699994,2508471.2081144326
2008-07-03,2014356.6752974326,513625.7506259998,2527982.425923432
2008-07-04,2014356.6752974326,512564.77976600005,2526921.4550634325
2008-07-07,2014356.6752974326,543461.30118,2557817.9764774325
2008-07-08,2014356.6752974326,552901.4803859999,2567258.1556834327
2008-07-09,2014356.6752974326,572081.3176869999,2586437.9929844327
2008-07-10,2014356.6752974326,562971.341683,2577328.0169804324
2008-07-11,2014356.6752974326,557751.0876590001,2572107.7629564325
2008-07-14,2014356.6752974326,563874.2473510001,2578230.9226484327
2008-07-15,2014356.6752974326,547338.6284160002,2561695.3037134325
2008-07-16,2014356.6752974326,518308.439633,2532665.1149304328
2008-07-17,2014356.6752974326,510132.961164,2524489.6364614326
2008-07-18,2014356.6752974326,532442.1007589999,2546798.7760564326
2008-07-21,2014356.6752974326,555321.6802450002,2569678.3555424325
2008-07-22,2014356.6752974326,558289.9838329998,2572646.6591304326
2008-07-23,2014356.6752974326,555318.491526,2569675.166823433
2008-07-24,2014356.6752974326,571844.0877249996,2586200.763022432
2008-07-25,2014356.6752974326,564109.5392460001,2578466.214543433
2008-07-28,2014356.6752974326,571557.99517,2585914.6704674326
2008-07-29,2014356.6752974326,562522.8193739994,2576879.494671432
2008-07-30,2014356.6752974326,560870.951507,2575227.626804433
2008-07-31,2014356.6752974326,542584.7882990001,2556941.4635964325
2008-08-01,1649639.6822376293,918156.0559549999,2567795.738192629
2008-08-04,1649639.6822376293,892560.5185640003,2542200.2008016296
2008-08-05,1649639.6822376293,871639.6393939999,2521279.321631629
2008-08-06,1649639.6822376293,872137.0088029997,2521776.691040629
2008-08-07,1649639.6822376293,871952.3529659997,2521592.035203629
2008-08-08,1649639.6822376293,824659.7390570001,2474299.4212946296
2008-08-11,1649639.6822376293,773207.9353479998,2422847.617585629
2008-08-12,1649639.6822376293,765272.6987059998,2414912.380943629
2008-08-13,1649639.6822376293,768931.1102189999,2418570.792456629
2008-08-14,1649639.6822376293,772998.8941909999,2422638.5764286295
2008-08-15,1649639.6822376293,773741.6673479999,2423381.349585629
2008-08-18,1649639.6822376293,734691.131895,2384330.8141326294
2008-08-19,1649639.6822376293,738285.6924630002,2387925.3747006296
2008-08-20,1649639.6822376293,794777.5458589998,2444417.228096629
2008-08-21,1649639.6822376293,769723.7509310001,2419363.433168629
2008-08-22,1649639.6822376293,753586.980866,2403226.6631036294
2008-08-25,1649639.6822376293,749900.4887650001,2399540.171002629
2008-08-26,1649639.6822376293,720843.4894400004,2370483.1716776295
2008-08-27,1649639.6822376293,718192.111296,2367831.7935336293
2008-08-28,1649639.6822376293,712544.2322549999,2362183.9144926295
2008-08-29,1649639.6822376293,734064.6374469998,2383704.3196846293
2008-09-01,1649639.6822376293,715480.910934,2365120.593171629
2008-09-02,1649639.6822376293,710671.804753,2360311.486990629
2008-09-03,1649639.6822376293,703356.838479,2352996.5207166295
2008-09-04,1649639.6822376293,704977.7233569998,2354617.4055946292
2008-09-05,1649639.6822376293,680342.916359,2329982.598596629
2008-09-08,1649639.6822376293,655167.0238320001,2304806.7060696296
2008-09-09,1649639.6822376293,661761.4271189999,2311401.109356629
2008-09-10,1649639.6822376293,665041.400956,2314681.083193629
2008-09-11,1649639.6822376293,653172.0077569999,2302811.6899946295
2008-09-12,1649639.6822376293,655673.9637799999,2305313.646017629
2008-09-16,1649639.6822376293,643205.510692,2292845.1929296292
2008-09-17,1649639.6822376293,625365.1556590002,2275004.8378966292
2008-09-18,1649639.6822376293,606198.6780140002,2255838.3602516297
2008-09-19,1649639.6822376293,665367.484076,2315007.1663136296
2008-09-22,1649639.6822376293,693166.6941180001,2342806.3763556294
2008-09-23,1649639.6822376293,658156.7917620002,2307796.4739996297
2008-09-24,1649639.6822376293,663137.5112909998,2312777.193528629
2008-09-25,1649639.6822376293,684012.062683,2333651.744920629
2008-09-26,1649639.6822376293,700450.5500360001,2350090.2322736294
2008-10-06,1649639.6822376293,676094.2295070001,2325733.9117446295
2008-10-07,1649639.6822376293,666280.5976160001,2315920.2798536294
2008-10-08,1649639.6822376293,647671.8264289999,2297311.508666629
2008-10-09,1649639.6822376293,638383.524609,2288023.2068466293
2008-10-10,1649639.6822376293,605628.3944300001,2255268.076667629
2008-10-13,1649639.6822376293,616015.8348000001,2265655.517037629
2008-10-14,1649639.6822376293,596516.61174,2246156.2939776294
2008-10-15,1649639.6822376293,586325.7679800001,2235965.4502176293
2008-10-16,1649639.6822376293,549401.77847,2199041.460707629
2008-10-17,1649639.6822376293,555499.0363039998,2205138.718541629
2008-10-20,1649639.6822376293,572429.0103060001,2222068.6925436296
2008-10-21,1649639.6822376293,570638.3306049999,2220278.012842629
2008-10-22,1649639.6822376293,562892.373292,2212532.0555296293
2008-10-23,1649639.6822376293,569398.354236,2219038.036473629
2008-10-24,1649639.6822376293,562279.952038,2211919.634275629
2008-10-27,1649639.6822376293,525930.5839669999,2175570.266204629
2008-10-28,1649639.6822376293,537685.7149669998,2187325.397204629
2008-10-29,1649639.6822376293,522304.56939799996,2171944.251635629
2008-10-30,1649639.6822376293,526064.398797,2175704.081034629
2008-10-31,1649639.6822376293,515972.78656200005,2165612.4687996292
2008-11-03,1580767.9843623643,568038.2857329999,2148806.270095364
2008-11-04,1580767.9843623643,555053.5667479999,2135821.551110364
2008-11-05,1580767.9843623643,576425.873631,2157193.8579933643
2008-11-06,1580767.9843623643,567205.8483639999,2147973.832726364
2008-11-07,1580767.9843623643,575394.9526970001,2156162.9370593643
2008-11-10,1580767.9843623643,621877.9041759997,2202645.888538364
2008-11-11,1580767.9843623643,621488.6211109996,2202256.605473364
2008-11-12,1580767.9843623643,638262.6002929999,2219030.584655364
2008-11-13,1580767.9843623643,667421.2916950001,2248189.2760573644
2008-11-14,1580767.9843623643,706853.683799,2287621.6681613643
2008-11-17,1580767.9843623643,740760.4897520001,2321528.4741143645
2008-11-18,1580767.9843623643,688123.5537449999,2268891.5381073644
2008-11-19,1580767.9843623643,736265.1938999997,2317033.178262364
2008-11-20,1580767.9843623643,730644.5536400003,2311412.5380023643
2008-11-21,1580767.9843623643,723830.6744390002,2304598.6588013647
2008-11-24,1580767.9843623643,691776.7257660002,2272544.7101283646
2008-11-25,1580767.9843623643,690500.6198499997,2271268.604212364
2008-11-26,1580767.9843623643,693618.0540100003,2274386.038372365
2008-11-27,1580767.9843623643,709213.4998489999,2289981.4842113643
2008-11-28,1580767.9843623643,694785.6734079997,2275553.657770364
2008-12-01,1580767.9843623643,722587.014434,2303354.9987963643
2008-12-02,1580767.9843623643,730070.597567,2310838.5819293642
2008-12-03,1580767.9843623643,761683.0711089999,2342451.0554713644
2008-12-04,1580767.9843623643,771350.9956820002,2352118.9800443645
2008-12-05,1580767.9843623643,788202.8028179999,2368970.787180364
2008-12-08,1580767.9843623643,824157.0532689998,2404925.037631364
2008-12-09,1580767.9843623643,811682.1313960002,2392450.1157583646
2008-12-10,1580767.9843623643,832311.8641310005,2413079.8484933646
2008-12-11,1580767.9843623643,808285.372829,2389053.3571913643
2008-12-12,1580767.9843623643,767882.8702230002,2348650.8545853645
2008-12-15,1580767.9843623643,777078.2590279998,2357846.243390364
2008-12-16,1580767.9843623643,795336.3127759998,2376104.297138364
2008-12-17,1580767.9843623643,805699.0799989997,2386467.064361364
2008-12-18,1580767.9843623643,823754.4841249998,2404522.4684873642
2008-12-19,1580767.9843623643,830374.6474390001,2411142.6318013645
2008-12-22,1580767.9843623643,822329.0519800001,2403097.0363423643
2008-12-23,1580767.9843623643,769341.1671909996,2350109.151553364
2008-12-24,1580767.9843623643,753350.1619190001,2334118.1462813644
2008-12-25,1580767.9843623643,750377.2545030001,2331145.2388653643
2008-12-26,1580767.9843623643,741601.8639160004,2322369.8482783646
2008-12-29,1580767.9843623643,742450.3488229997,2323218.333185364
2008-12-30,1580767.9843623643,737875.2497489997,2318643.234111364
2008-12-31,1580767.9843623643,727304.421263,2308072.4056253643
2009-01-05,1580767.9843623643,762468.7717899999,2343236.7561523644
2009-01-06,1580767.9843623643,792857.9052289999,2373625.889591364
2009-01-07,1580767.9843623643,793930.0969019998,2374698.081264364
2009-01-08,1580767.9843623643,776705.3588910002,2357473.3432533643
2009-01-09,1580767.9843623643,795980.3380609998,2376748.322423364
2009-01-12,1580767.9843623643,803299.7678549996,2384067.752217364
2009-01-13,1580767.9843623643,784566.1848219997,2365334.169184364
2009-01-14,1580767.9843623643,820599.9854380003,2401367.9698003647
2009-01-15,1580767.9843623643,830130.894189,2410898.8785513644
2009-01-16,1580767.9843623643,838532.1420589997,2419300.126421364
2009-01-19,1580767.9843623643,841264.3240999995,2422032.3084623637
2009-01-20,1580767.9843623643,848810.5173609996,2429578.501723364
2009-01-21,1580767.9843623643,853429.0955859999,2434197.0799483643
2009-01-22,1580767.9843623643,872913.7679130001,2453681.7522753645
2009-01-23,1580767.9843623643,866418.4243039996,2447186.408666364
2009-02-02,1580767.9843623643,885240.6060389999,2466008.590401364
2009-02-03,1275303.7761579049,1226724.558168,2502028.334325905
2009-02-04,1275303.7761579049,1246868.311856,2522172.088013905
2009-02-05,1275303.7761579049,1226715.969892,2502019.746049905
2009-02-06,1275303.7761579049,1301831.0961039998,2577134.8722619046
2009-02-09,1275303.7761579049,1370546.336075,2645850.112232905
2009-02-10,1275303.7761579049,1407588.8678329997,2682892.6439909046
2009-02-11,1275303.7761579049,1416431.7321239999,2691735.5082819047
2009-02-12,1275303.7761579049,1474377.795107,2749681.571264905
2009-02-13,1275303.7761579049,1512448.5235310001,2787752.299688905
2009-02-16,1275303.7761579049,1521166.063927,2796469.840084905
2009-02-17,1275303.7761579049,1446048.9075269997,2721352.6836849046
2009-02-18,1275303.7761579049,1407841.374399,2683145.150556905
2009-02-19,1275303.7761579049,1430804.164973,2706107.941130905
2009-02-20,1275303.7761579049,1503151.8805459999,2778455.6567039047
2009-02-23,1275303.7761579049,1527446.6406019998,2802750.4167599045
2009-02-24,1275303.7761579049,1530034.442113,2805338.218270905
2009-02-25,1275303.7761579049,1483227.9262240003,2758531.702381905
2009-02-26,1275303.7761579049,1368868.9212540002,2644172.697411905
2009-02-27,1275303.7761579049,1320069.7426110003,2595373.518768905
2009-03-02,1275303.7761579049,1335868.776116,2611172.552273905
2009-03-03,1275303.7761579049,1329448.40047,2604752.176627905
2009-03-04,1275303.7761579049,1407691.9824529998,2682995.7586109047
2009-03-05,1275303.7761579049,1446795.2172349999,2722098.9933929048
2009-03-06,1275303.7761579049,1423633.8326020003,2698937.608759905
2009-03-09,1275303.7761579049,1333003.3376449998,2608307.1138029047
2009-03-10,1275303.7761579049,1367394.5443689998,2642698.3205269044
2009-03-11,1275303.7761579049,1359227.760561,2634531.536718905
2009-03-12,1275303.7761579049,1374138.7957990002,2649442.571956905
2009-03-13,1275303.7761579049,1359406.9391009999,2634710.7152589047
2009-03-16,1275303.7761579049,1372433.323797,2647737.099954905
2009-03-17,1275303.7761579049,1431695.9738419994,2706999.749999904
2009-03-18,1275303.7761579049,1458226.650823,2733530.426980905
2009-03-19,1275303.7761579049,1492380.815246,2767684.591403905
2009-03-20,1275303.7761579049,1493911.568061,2769215.344218905
2009-03-23,1275303.7761579049,1543105.5562229997,2818409.332380905
2009-03-24,1275303.7761579049,1555240.649478,2830544.425635905
2009-03-25,1275303.7761579049,1500773.1051859998,2776076.881343905
2009-03-26,1275303.7761579049,1541232.7529530006,2816536.5291109057
2009-03-27,1275303.7761579049,1546242.7964219998,2821546.5725799045
2009-03-30,1275303.7761579049,1553191.898609,2828495.6747669047
2009-03-31,1275303.7761579049,1564647.5819980006,2839951.3581559053
2009-04-01,1275303.7761579049,1586985.4917440005,2862289.2679019053
2009-04-02,1275303.7761579049,1625078.4558329992,2900382.231990904
2009-04-03,1275303.7761579049,1652951.6489189996,2928255.4250769047
2009-04-07,1275303.7761579049,1652765.3206079998,2928069.0967659047
2009-04-08,1275303.7761579049,1586047.6247100001,2861351.400867905
2009-04-09,1275303.7761579049,1624981.039818,2900284.815975905
2009-04-10,1275303.7761579049,1670348.5000629998,2945652.2762209047
2009-04-13,1275303.7761579049,1704399.6654410001,2979703.4415989053
2009-04-14,1275303.7761579049,1719375.2391999997,2994679.0153579046
2009-04-15,1275303.7761579049,1726494.7817739998,3001798.5579319047
2009-04-16,1275303.7761579049,1739382.0878240005,3014685.8639819054
2009-04-17,1275303.7761579049,1685653.4703689998,2960957.2465269044
2009-04-20,1275303.7761579049,1715626.7160490002,2990930.492206905
2009-04-21,1275303.7761579049,1718400.3443400003,2993704.120497905
2009-04-22,1275303.7761579049,1622153.9067879997,2897457.6829459043
2009-04-23,1275303.7761579049,1620891.8257779996,2896195.6019359045
2009-04-24,1275303.7761579049,1596299.8636909996,2871603.6398489047
2009-04-27,1275303.7761579049,1534250.345897,2809554.1220549047
2009-04-28,1275303.7761579049,1556243.6522219996,2831547.4283799045
2009-04-29,1275303.7761579049,1590996.2096400005,2866299.9857979054
2009-04-30,1275303.7761579049,1606541.014373,2881844.790530905
2009-05-04,1275303.7761579049,1662934.5661419998,2938238.3422999047
2009-05-05,1158216.7525434364,1818558.811665,2976775.5642084363
2009-05-06,1158216.7525434364,1847317.307056,3005534.0595994364
2009-05-07,1158216.7525434364,1827029.1931969991,2985245.9457404353
2009-05-08,1158216.7525434364,1847327.6799900003,3005544.4325334365
2009-05-11,1158216.7525434364,1788945.1919189997,2947161.9444624363
2009-05-12,1158216.7525434364,1834029.2256540004,2992245.978197437
2009-05-13,1158216.7525434364,1845291.452824,3003508.2053674366
2009-05-14,1158216.7525434364,1849309.2505119997,3007526.003055436
2009-05-15,1158216.7525434364,1855601.4263520006,3013818.178895437
2009-05-18,1158216.7525434364,1864558.6735610003,3022775.4261044366
2009-05-19,1158216.7525434364,1890672.0343529996,3048888.786896436
2009-05-20,1158216.7525434364,1889689.792613,3047906.545156436
2009-05-21,1158216.7525434364,1857342.1434599997,3015558.8960034363
2009-05-22,1158216.7525434364,1860324.766507999,3018541.5190514354
2009-05-25,1158216.7525434364,1870899.9292189998,3029116.6817624364
2009-05-26,1158216.7525434364,1867106.5000870004,3025323.252630437
2009-05-27,1158216.7525434364,1870076.1241590006,3028292.876702437
2009-06-01,1158216.7525434364,1896114.8260089997,3054331.578552436
2009-06-02,1158216.7525434364,1908796.5166639998,3067013.269207436
2009-06-03,1158216.7525434364,1927643.7541630003,3085860.5067064366
2009-06-04,1158216.7525434364,1915072.5256190002,3073289.2781624366
2009-06-05,1158216.7525434364,1925650.3503250005,3083867.102868437
2009-06-08,1158216.7525434364,1921655.6979390008,3079872.4504824374
2009-06-09,1158216.7525434364,1940735.3324630002,3098952.0850064363
2009-06-10,1158216.7525434364,1955519.2478470004,3113736.0003904365
2009-06-11,1158216.7525434364,1945736.1863720003,3103952.9389154366
2009-06-12,1158216.7525434364,1907450.9480549998,3065667.7005984364
2009-06-15,1158216.7525434364,1933218.6778890004,3091435.430432437
2009-06-16,1158216.7525434364,1924353.9223789999,3082570.6749224365
2009-06-17,1158216.7525434364,1956504.877413001,3114721.6299564373
2009-06-18,1158216.7525434364,1959871.2394210002,3118087.9919644366
2009-06-19,1158216.7525434364,1956066.639418,3114283.3919614363
2009-06-22,1158216.7525434364,1943158.8902040003,3101375.6427474367
2009-06-23,1158216.7525434364,1939201.5942420005,3097418.346785437
2009-06-24,1158216.7525434364,1956047.9842060008,3114264.736749437
2009-06-25,1158216.7525434364,1957251.0028440002,3115467.7553874366
2009-06-26,1158216.7525434364,1970319.0016010003,3128535.7541444367
2009-06-29,1158216.7525434364,1986635.511153,3144852.2636964363
2009-06-30,1158216.7525434364,1969751.7750379995,3127968.5275814356
2009-07-01,1158216.7525434364,1997530.908841,3155747.6613844363
2009-07-02,1158216.7525434364,2018460.2406089997,3176676.993152436
2009-07-03,1158216.7525434364,2042551.517180001,3200768.2697234373
2009-07-06,1158216.7525434364,2043449.7075210002,3201666.4600644363
2009-07-07,1158216.7525434364,2040119.3940550003,3198336.146598437
2009-07-08,1158216.7525434364,2076722.5091260003,3234939.2616694365
2009-07-09,1158216.7525434364,2104876.589846,3263093.3423894364
2009-07-10,1158216.7525434364,2118624.1182119986,3276840.870755435
2009-07-13,1158216.7525434364,2144656.0698399995,3302872.822383436
2009-07-14,1158216.7525434364,2176983.292331,3335200.044874436
2009-07-15,1158216.7525434364,2192522.4803139996,3350739.232857436
2009-07-16,1158216.7525434364,2190619.882276,3348836.6348194364
2009-07-17,1158216.7525434364,2207825.2328119995,3366041.985355436
2009-07-20,1158216.7525434364,2238718.4962960007,3396935.248839437
2009-07-21,1158216.7525434364,2195027.363920999,3353244.1164644356
2009-07-22,1158216.7525434364,2237898.1526610004,3396114.9052044367
2009-07-23,1158216.7525434364,2266801.2776999995,3425018.030243436
2009-07-24,1158216.7525434364,2251289.088918001,3409505.8414614373
2009-07-27,1158216.7525434364,2292505.3435430005,3450722.096086437
2009-07-28,1158216.7525434364,2315254.9546359987,3473471.707179435
2009-07-29,1158216.7525434364,2171523.2264989996,3329739.979042436
2009-07-30,1158216.7525434364,2188140.3624070003,3346357.1149504366
2009-07-31,1158216.7525434364,2250991.061140999,3409207.8136844356
2009-08-03,308502.478195115,3152299.1839809995,3460801.6621761145
2009-08-04,308502.478195115,3180070.9720329987,3488573.4502281137
2009-08-05,308502.478195115,3168640.19531,3477142.673505115
2009-08-06,308502.478195115,3148168.399534,3456670.877729115
2009-08-07,308502.478195115,3048985.4020070005,3357487.8802021155
2009-08-10,308502.478195115,3047841.718451,3356344.196646115
2009-08-11,308502.478195115,3078330.126745,3386832.604940115
2009-08-12,308502.478195115,2949039.3849570006,3257541.8631521156
2009-08-13,308502.478195115,2960905.645562999,3269408.123758114
2009-08-14,308502.478195115,2843455.0742179984,3151957.5524131134
2009-08-17,308502.478195115,2642587.4797590002,2951089.9579541152
2009-08-18,308502.478195115,2677541.100524,2986043.578719115
2009-08-19,308502.478195115,2543490.6050890004,2851993.0832841154
2009-08-20,308502.478195115,2632666.962659,2941169.440854115
2009-08-21,308502.478195115,2705490.19408,3013992.672275115
2009-08-24,308502.478195115,2768961.400634,3077463.878829115
2009-08-25,308502.478195115,2729362.2258769996,3037864.7040721145
2009-08-26,308502.478195115,2833956.3162139994,3142458.7944091144
2009-08-27,308502.478195115,2853473.3159539993,3161975.7941491143
2009-08-28,308502.478195115,2794276.9209760004,3102779.3991711154
2009-08-31,308502.478195115,2604312.120884,2912814.599079115
2009-09-01,308502.478195115,2564503.426594,2873005.904789115
2009-09-02,308502.478195115,2581539.091078,2890041.569273115
2009-09-03,308502.478195115,2705503.258895,3014005.737090115
2009-09-04,308502.478195115,2750885.560326999,3059388.038522114
2009-09-07,308502.478195115,2782964.842684,3091467.320879115
2009-09-08,308502.478195115,2834939.63874,3143442.116935115
2009-09-09,308502.478195115,2859584.8592649996,3168087.3374601146
2009-09-10,308502.478195115,2828954.449346,3137456.927541115
2009-09-11,308502.478195115,2874847.0051889997,3183349.4833841147
2009-09-14,308502.478195115,2945956.5415609996,3254459.0197561146
2009-09-15,308502.478195115,2979878.641871999,3288381.120067114
2009-09-16,308502.478195115,2985155.4640969997,3293657.9422921147
2009-09-17,308502.478195115,3044622.202769999,3353124.680965114
2009-09-18,308502.478195115,2971489.1257080003,3279991.6039031153
2009-09-21,308502.478195115,3003951.4452169994,3312453.9234121144
2009-09-22,308502.478195115,2940998.5637429995,3249501.0419381144
2009-09-23,308502.478195115,2845075.218662,3153577.696857115
2009-09-24,308502.478195115,2832463.392862,3140965.871057115
2009-09-25,308502.478195115,2797532.6128900005,3106035.0910851154
2009-09-28,308502.478195115,2707300.1666669995,3015802.6448621145
2009-09-29,308502.478195115,2664489.9913580003,2972992.4695531153
2009-09-30,308502.478195115,2684191.4868719997,2992693.9650671147
2009-10-09,308502.478195115,2802900.8260770002,3111403.304272115
2009-10-12,308502.478195115,2819489.363073,3127991.841268115
2009-10-13,308502.478195115,2865709.309944,3174211.788139115
2009-10-14,308502.478195115,2903731.683095,3212234.161290115
2009-10-15,308502.478195115,2910938.7952380003,3219441.2734331153
2009-10-16,308502.478195115,2934006.085315999,3242508.563511114
2009-10-19,308502.478195115,2992935.9857999994,3301438.4639951144
2009-10-20,308502.478195115,3053340.5007129996,3361842.9789081146
2009-10-21,308502.478195115,3038849.9009269997,3347352.3791221147
2009-10-22,308502.478195115,3043201.4514760002,3351703.9296711152
2009-10-23,308502.478195115,3080719.7272140007,3389222.2054091156
2009-10-26,308502.478195115,3078890.011807,3387392.490002115
2009-10-27,308502.478195115,3003426.263994,3311928.742189115
2009-10-28,308502.478195115,3022479.8984819995,3330982.3766771145
2009-10-29,308502.478195115,2970570.8574630003,3279073.3356581153
2009-10-30,308502.478195115,3019797.444832001,3328299.923027116
2009-11-02,308502.478195115,3097795.3585530003,3406297.8367481153
2009-11-03,589700.7397173942,2908950.1930290004,3498650.9327463945
2009-11-04,589700.7397173942,2919105.643826002,3508806.383543396
2009-11-05,589700.7397173942,2941224.5021380004,3530925.2418553946
2009-11-06,589700.7397173942,2970662.1021249997,3560362.841842394
2009-11-09,589700.7397173942,2980595.745117999,3570296.4848353933
2009-11-10,589700.7397173942,2990254.3176710005,3579955.0573883946
2009-11-11,589700.7397173942,2991417.922253001,3581118.661970395
2009-11-12,589700.7397173942,3007029.142686,3596729.882403394
2009-11-13,589700.7397173942,3021787.8502669996,3611488.5899843937
2009-11-16,589700.7397173942,3102149.1060249996,3691849.8457423938
2009-11-17,589700.7397173942,3105995.92985,3695696.669567394
2009-11-18,589700.7397173942,3113876.5957469996,3703577.3354643937
2009-11-19,589700.7397173942,3152241.382183999,3741942.121901393
2009-11-20,589700.7397173942,3171163.870946001,3760864.610663395
2009-11-23,589700.7397173942,3210778.770017,3800479.509734394
2009-11-24,589700.7397173942,3081082.853832999,3670783.593550393
2009-11-25,589700.7397173942,3171414.0380349983,3761114.7777523925
2009-11-26,589700.7397173942,3061515.650526,3651216.3902433943
2009-11-27,589700.7397173942,2995173.1531300005,3584873.8928473946
2009-11-30,589700.7397173942,3113711.6825119993,3703412.4222293934
2009-12-01,589700.7397173942,3177728.955768001,3767429.695485395
2009-12-02,589700.7397173942,3226488.8107270026,3816189.5504443967
2009-12-03,589700.7397173942,3246042.555568002,3835743.2952853963
2009-12-04,589700.7397173942,3201287.811270999,3790988.550988393
2009-12-07,589700.7397173942,3249945.2871290003,3839646.0268463944
2009-12-08,589700.7397173942,3230481.4682780006,3820182.2079953947
2009-12-09,589700.7397173942,3177814.6759629985,3767515.4156803926
2009-12-10,589700.7397173942,3215921.4757929994,3805622.2155103935
2009-12-11,589700.7397173942,3224208.0163129997,3813908.7560303938
2009-12-14,589700.7397173942,3237188.174004,3826888.9137213943
2009-12-15,589700.7397173942,3234509.030487003,3824209.770204397
2009-12-16,589700.7397173942,3216473.4892439996,3806174.2289613937
2009-12-17,589700.7397173942,3130692.787130001,3720393.526847395
2009-12-18,589700.7397173942,3021595.7944630017,3611296.534180396
2009-12-21,589700.7397173942,3045335.0093739997,3635035.749091394
2009-12-22,589700.7397173942,2950373.223174,3540073.9628913943
2009-12-23,589700.7397173942,2979231.5428840006,3568932.2826013947
2009-12-24,589700.7397173942,3086069.890698999,3675770.6304163933
2009-12-25,589700.7397173942,3105673.3144569993,3695374.0541743934
2009-12-28,589700.7397173942,3156723.5616589994,3746424.3013763935
2009-12-29,589700.7397173942,3178370.8421130003,3768071.5818303945
2009-12-30,589700.7397173942,3177977.6702790014,3767678.4099963955
2009-12-31,589700.7397173942,3201495.329693001,3791196.0694103953
2010-01-04,589700.7397173942,3195896.5067100013,3785597.2464273954
2010-01-05,589700.7397173942,3224148.1668690005,3813848.9065863946
2010-01-06,589700.7397173942,3232165.533535002,3821866.273252396
2010-01-07,589700.7397173942,3172970.3480390008,3762671.087756395
2010-01-08,589700.7397173942,3206543.1430980004,3796243.8828153946
2010-01-11,589700.7397173942,3219110.598250001,3808811.3379673953
2010-01-12,589700.7397173942,3280420.779908001,3870121.519625395
2010-01-13,589700.7397173942,3224311.3385670003,3814012.0782843945
2010-01-14,589700.7397173942,3287765.74308,3877466.482797394
2010-01-15,589700.7397173942,3304610.655075999,3894311.394793393
2010-01-18,589700.7397173942,3351954.7644690005,3941655.5041863946
2010-01-19,589700.7397173942,3349349.4055959997,3939050.145313394
2010-01-20,589700.7397173942,3236824.298292,3826525.038009394
2010-01-21,589700.7397173942,3248932.9986630003,3838633.7383803944
2010-01-22,589700.7397173942,3159201.294635999,3748902.034353393
2010-01-25,589700.7397173942,3110859.5882349997,3700560.327952394
2010-01-26,589700.7397173942,3000595.740506999,3590296.4802243933
2010-01-27,589700.7397173942,2965854.531736001,3555555.271453395
2010-01-28,589700.7397173942,2997953.419177,3587654.158894394
2010-01-29,589700.7397173942,3017219.742321,3606920.482038394
2010-02-01,589700.7397173942,2977474.7502869996,3567175.4900043937
2010-02-02,639904.2190436068,2893752.946672999,3533657.1657166057
2010-02-03,639904.2190436068,2945607.777243999,3585511.9962876057
2010-02-04,639904.2190436068,2959294.950038998,3599199.169082605
2010-02-05,639904.2190436068,2888863.4962459994,3528767.7152896062
2010-02-08,639904.2190436068,2886418.521162999,3526322.7402066058
2010-02-09,639904.2190436068,2882455.483008001,3522359.702051608
2010-02-10,639904.2190436068,2931663.9484889996,3571568.1675326065
2010-02-11,639904.2190436068,2932258.162702,3572162.3817456067
2010-02-12,639904.2190436068,3066765.984981001,3706670.204024608
2010-02-22,639904.2190436068,3074439.8094500015,3714344.0284936083
2010-02-23,639904.2190436068,3086537.512759001,3726441.731802608
2010-02-24,639904.2190436068,3143833.4550799998,3783737.6741236066
2010-02-25,639904.2190436068,3200950.199132,3840854.418175607
2010-02-26,639904.2190436068,3208726.589106,3848630.808149607
2010-03-01,639904.2190436068,3245983.226924999,3885887.445968606
2010-03-02,639904.2190436068,3257370.7848059996,3897275.0038496065
2010-03-03,639904.2190436068,3282666.9807279995,3922571.1997716064
2010-03-04,639904.2190436068,3176900.415569,3816804.634612607
2010-03-05,639904.2190436068,3184099.779586,3824003.998629607
2010-03-08,639904.2190436068,3217836.671215001,3857740.890258608
2010-03-09,639904.2190436068,3225461.022602001,3865365.241645608
2010-03-10,639904.2190436068,3190512.8870970006,3830417.1061406075
2010-03-11,639904.2190436068,3191462.3095830004,3831366.5286266073
2010-03-12,639904.2190436068,3149312.308625001,3789216.527668608
2010-03-15,639904.2190436068,3126223.9119679993,3766128.131011606
2010-03-16,639904.2190436068,3146747.0937799998,3786651.3128236067
2010-03-17,639904.2190436068,3224538.323875,3864442.5429186067
2010-03-18,639904.2190436068,3240245.822561001,3880150.041604608
2010-03-19,639904.2190436068,3260373.024497001,3900277.243540608
2010-03-22,639904.2190436068,3272231.993293001,3912136.2123366077
2010-03-23,639904.2190436068,3262037.6088059996,3901941.8278496065
2010-03-24,639904.2190436068,3278774.0880019995,3918678.3070456064
2010-03-25,639904.2190436068,3241241.900684,3881146.119727607
2010-03-26,639904.2190436068,3285070.980722999,3924975.199766606
2010-03-29,639904.2190436068,3329810.268559002,3969714.4876026087
2010-03-30,639904.2190436068,3345159.1180679994,3985063.3371116063
2010-03-31,639904.2190436068,3357656.0704060006,3997560.2894496075
2010-04-01,639904.2190436068,3417540.250024,4057444.469067607
2010-04-02,639904.2190436068,3418419.068796001,4058323.287839608
2010-04-06,639904.2190436068,3423949.25471,4063853.473753607
2010-04-07,639904.2190436068,3430381.746099,4070285.9651426068
2010-04-08,639904.2190436068,3428979.532907999,4068883.751951606
2010-04-09,639904.2190436068,3459287.979276999,4099192.198320606
2010-04-12,639904.2190436068,3469235.988284,4109140.207327607
2010-04-13,639904.2190436068,3432409.7342360006,4072313.9532796075
2010-04-14,639904.2190436068,3466133.1499139993,4106037.368957606
2010-04-15,639904.2190436068,3448659.5968669998,4088563.8159106066
2010-04-16,639904.2190436068,3430927.3645449993,4070831.583588606
2010-04-19,639904.2190436068,3267114.219455001,3907018.438498608
2010-04-20,639904.2190436068,3285830.8826189996,3925735.1016626065
2010-04-21,639904.2190436068,3379898.202919,4019802.4219626067
2010-04-22,639904.2190436068,3377893.642236,4017797.861279607
2010-04-23,639904.2190436068,3366850.899206999,4006755.118250606
2010-04-26,639904.2190436068,3353348.683326,3993252.902369607
2010-04-27,639904.2190436068,3273462.085134999,3913366.304178606
2010-04-28,639904.2190436068,3266162.809947,3906067.028990607
2010-04-29,639904.2190436068,3166206.2180810007,3806110.4371246076
2010-04-30,639904.2190436068,3106709.252105999,3746613.4711496057
2010-05-04,639904.2190436068,3089668.338223,3729572.557266607
2010-05-05,2541677.7440266334,1310429.0724149996,3852106.816441633
2010-05-06,2541677.7440266334,1279533.8107610003,3821211.554787634
2010-05-07,2541677.7440266334,1260668.426335,3802346.1703616334
2010-05-10,2541677.7440266334,1229426.0777500002,3771103.8217766336
2010-05-11,2541677.7440266334,1185363.2549460002,3727040.998972634
2010-05-12,2541677.7440266334,1149690.6798009996,3691368.4238276333
2010-05-13,2541677.7440266334,1181113.5091989997,3722791.253225633
2010-05-14,2541677.7440266334,1192164.0835669998,3733841.827593633
2010-05-17,2541677.7440266334,1121814.3151500002,3663492.0591766336
2010-05-18,2541677.7440266334,1131081.5977909998,3672759.3418176332
2010-05-19,2541677.7440266334,1134818.421561,3676496.1655876334
2010-05-20,2541677.7440266334,1111483.84051,3653161.5845366335
2010-05-21,2541677.7440266334,1136004.7538660003,3677682.497892634
2010-05-24,2541677.7440266334,1186608.1310269998,3728285.875053633
2010-05-25,2541677.7440266334,1183848.354321,3725526.098347633
2010-05-26,2541677.7440266334,1186531.1642620002,3728208.9082886335
2010-05-27,2541677.7440266334,1211992.8287270002,3753670.5727536334
2010-05-28,2541677.7440266334,1217208.3378189998,3758886.081845633
2010-05-31,2541677.7440266334,1179877.1379309997,3721554.8819576334
2010-06-01,2541677.7440266334,1158408.3472240006,3700086.091250634
2010-06-02,2541677.7440266334,1181607.4737759999,3723285.2178026335
2010-06-03,2541677.7440266334,1165763.641302,3707441.3853286337
2010-06-04,2541677.7440266334,1172709.4238840002,3714387.1679106336
2010-06-07,2541677.7440266334,1165535.634596,3707213.3786226334
2010-06-08,2541677.7440266334,1183701.841214,3725379.585240633
2010-06-09,2541677.7440266334,1213031.437193,3754709.1812196337
2010-06-10,2541677.7440266334,1215315.9573449995,3756993.701371633
2010-06-11,2541677.7440266334,1203402.7089719998,3745080.4529986335
2010-06-17,2541677.7440266334,1190152.7124690004,3731830.456495634
2010-06-18,2541677.7440266334,1138043.5504380001,3679721.294464634
2010-06-21,2541677.7440266334,1169810.3470480002,3711488.0910746334
2010-06-22,2541677.7440266334,1180315.960776,3721993.7048026333
2010-06-23,2541677.7440266334,1176912.2098689997,3718589.953895633
2010-06-24,2541677.7440266334,1175693.4128090006,3717371.1568356343
2010-06-25,2541677.7440266334,1156544.2807590002,3698222.0247856337
2010-06-28,2541677.7440266334,1133971.632765,3675649.3767916337
2010-06-29,2541677.7440266334,1062495.986291,3604173.7303176336
2010-06-30,2541677.7440266334,1037089.4010799996,3578767.145106633
2010-07-01,2541677.7440266334,1023973.6183389999,3565651.3623656332
2010-07-02,2541677.7440266334,1020999.7752369996,3562677.519263633
2010-07-05,2541677.7440266334,1013870.5034800001,3555548.2475066334
2010-07-06,2541677.7440266334,1042613.9747770003,3584291.718803634
2010-07-07,2541677.7440266334,1054192.6197939997,3595870.363820633
2010-07-08,2541677.7440266334,1047293.2093699999,3588970.9533966333
2010-07-09,2541677.7440266334,1078146.2363320002,3619823.9803586337
2010-07-12,2541677.7440266334,1089309.5483539994,3630987.292380633
2010-07-13,2541677.7440266334,1075918.826585,3617596.5706116334
2010-07-14,2541677.7440266334,1090684.725795,3632362.469821634
2010-07-15,2541677.7440266334,1065809.009535,3607486.7535616336
2010-07-16,2541677.7440266334,1071879.8246189996,3613557.568645633
2010-07-19,2541677.7440266334,1097550.6499490002,3639228.3939756337
2010-07-20,2541677.7440266334,1130257.9469109995,3671935.6909376327
2010-07-21,2541677.7440266334,1131915.8777340003,3673593.621760634
2010-07-22,2541677.7440266334,1150883.5315650005,3692561.275591634
2010-07-23,2541677.7440266334,1148845.315539,3690523.0595656335
2010-07-26,2541677.7440266334,1166098.9712480002,3707776.715274634
2010-07-27,2541677.7440266334,1159819.4998569998,3701497.243883633
2010-07-28,2541677.7440266334,1183972.6611380002,3725650.405164634
2010-07-29,2541677.7440266334,1197177.4281290001,3738855.1721556336
2010-07-30,2541677.7440266334,1194363.6772270005,3736041.4212536337
2010-08-02,2541677.7440266334,1212806.8135750003,3754484.5576016335
2010-08-03,1813948.7061504473,1905889.049383,3719837.7555334475
2010-08-04,1813948.7061504473,1923616.9924430002,3737565.6985934475
2010-08-05,1813948.7061504473,1943875.427057,3757824.1332074474
2010-08-06,1813948.7061504473,1982349.9959879997,3796298.702138447
2010-08-09,1813948.7061504473,2014311.063108,3828259.769258447
2010-08-10,1813948.7061504473,1956624.8872460003,3770573.5933964476
2010-08-11,1813948.7061504473,1984495.254484,3798443.960634447
2010-08-12,1813948.7061504473,1963790.2437610002,3777738.9499114472
2010-08-13,1813948.7061504473,1987074.4052009995,3801023.1113514467
2010-08-16,1813948.7061504473,2031287.3334759993,3845236.0396264466
2010-08-17,1813948.7061504473,2045958.4860879998,3859907.1922384473
2010-08-18,1813948.7061504473,2058668.967083,3872617.6732334476
2010-08-19,1813948.7061504473,2055477.628291,3869426.334441447
2010-08-20,1813948.7061504473,2016738.108439,3830686.8145894473
2010-08-23,1813948.7061504473,2034562.9314509998,3848511.6376014473
2010-08-24,1813948.7061504473,2067464.8970339997,3881413.6031844467
2010-08-25,1813948.7061504473,2021238.5088119996,3835187.214962447
2010-08-26,1813948.7061504473,2041013.2889810002,3854961.9951314474
2010-08-27,1813948.7061504473,2046432.3948620004,3860381.101012448
2010-08-30,1813948.7061504473,2102148.8465070003,3916097.5526574478
2010-08-31,1813948.7061504473,2132852.061461,3946800.767611447
2010-09-01,1813948.7061504473,2099297.488058999,3913246.194209446
2010-09-02,1813948.7061504473,2150490.7006840003,3964439.4068344478
2010-09-03,1813948.7061504473,2173365.603574,3987314.3097244473
2010-09-06,1813948.7061504473,2157978.981252,3971927.6874024477
2010-09-07,1813948.7061504473,2181325.766069,3995274.4722194476
2010-09-08,1813948.7061504473,2208969.533987,4022918.2401374476
2010-09-09,1813948.7061504473,2187232.458293,4001181.1644434473
2010-09-10,1813948.7061504473,2216237.808908,4030186.5150584476
2010-09-13,1813948.7061504473,2250164.6740490007,4064113.380199448
2010-09-14,1813948.7061504473,2259489.9740420002,4073438.6801924473
2010-09-15,1813948.7061504473,2227317.0619189995,4041265.768069447
2010-09-16,1813948.7061504473,2173382.731332,3987331.4374824474
2010-09-17,1813948.7061504473,2161252.0295449994,3975200.735695447
2010-09-20,1813948.7061504473,2132028.0247919993,3945976.7309424467
2010-09-21,1813948.7061504473,2124561.7981430003,3938510.5042934474
2010-09-27,1813948.7061504473,2185817.853898,3999766.560048447
2010-09-28,1813948.7061504473,2193218.4852340003,4007167.1913844477
2010-09-29,1813948.7061504473,2165145.164558,3979093.870708447
2010-09-30,1813948.7061504473,2193209.375213,4007158.081363447
2010-10-08,1813948.7061504473,2251258.4379259995,4065207.144076447
2010-10-11,1813948.7061504473,2268993.8497509994,4082942.5559014464
2010-10-12,1813948.7061504473,2280878.339505,4094827.045655447
2010-10-13,1813948.7061504473,2274437.7963359994,4088386.502486447
2010-10-14,1813948.7061504473,2207702.097798,4021650.803948447
2010-10-15,1813948.7061504473,2223625.1617,4037573.867850447
2010-10-18,1813948.7061504473,2181690.5711709997,3995639.2773214467
2010-10-19,1813948.7061504473,2251047.7673619995,4064996.4735124465
2010-10-20,1813948.7061504473,2259899.566015,4073848.2721654475
2010-10-21,1813948.7061504473,2290224.0933120004,4104172.799462448
2010-10-22,1813948.7061504473,2314948.2813540003,4128896.987504448
2010-10-25,1813948.7061504473,2370907.544309,4184856.2504594475
2010-10-26,1813948.7061504473,2391069.945346,4205018.651496448
2010-10-27,1813948.7061504473,2373702.0463829995,4187650.752533447
2010-10-28,1813948.7061504473,2378899.606788,4192848.312938447
2010-10-29,1813948.7061504473,2420256.652371001,4234205.358521448
2010-11-01,1813948.7061504473,2489042.548316999,4302991.254467446
2010-11-02,826347.7038537161,3448720.1568019995,4275067.860655716
2010-11-03,826347.7038537161,3376515.1964499997,4202862.900303716
2010-11-04,826347.7038537161,3484555.079152999,4310902.783006715
2010-11-05,826347.7038537161,3514254.4383740015,4340602.142227718
2010-11-08,826347.7038537161,3555956.1312429993,4382303.835096715
2010-11-09,826347.7038537161,3569660.1918659997,4396007.895719716
2010-11-10,826347.7038537161,3614102.433865,4440450.137718717
2010-11-11,826347.7038537161,3567940.9821379995,4394288.685991716
2010-11-12,826347.7038537161,3336287.288567,4162634.992420716
2010-11-15,826347.7038537161,3406159.2532340004,4232506.957087716
2010-11-16,826347.7038537161,3282417.381774,4108765.085627716
2010-11-17,826347.7038537161,3162657.143788999,3989004.847642715
2010-11-18,826347.7038537161,3215138.4385980004,4041486.1424517166
2010-11-19,826347.7038537161,3295055.089819,4121402.7936727162
2010-11-22,826347.7038537161,3348405.4324600017,4174753.136313718
2010-11-23,826347.7038537161,3287928.115780998,4114275.819634714
2010-11-24,826347.7038537161,3375741.8484100006,4202089.552263716
2010-11-25,826347.7038537161,3394318.100587,4220665.804440716
2010-11-26,826347.7038537161,3378293.129900001,4204640.833753717
2010-11-29,826347.7038537161,3387046.2947359993,4213393.998589715
2010-11-30,826347.7038537161,3312195.5901059993,4138543.2939597154
2010-12-01,826347.7038537161,3311369.6411099997,4137717.344963716
2010-12-02,826347.7038537161,3318594.0709409993,4144941.7747947155
2010-12-03,826347.7038537161,3311659.449223002,4138007.153076718
2010-12-06,826347.7038537161,3258116.5525009995,4084464.2563547157
2010-12-07,826347.7038537161,3291629.7674159985,4117977.4712697146
2010-12-08,826347.7038537161,3299639.375028,4125987.0788817164
2010-12-09,826347.7038537161,3243934.239771998,4070281.943625714
2010-12-10,826347.7038537161,3294058.7167220004,4120406.4205757165
2010-12-13,826347.7038537161,3376980.5808559996,4203328.284709716
2010-12-14,826347.7038537161,3427787.4985389994,4254135.202392716
2010-12-15,826347.7038537161,3423868.099932001,4250215.803785717
2010-12-16,826347.7038537161,3420296.6986479997,4246644.402501715
2010-12-17,826347.7038537161,3439269.1253619995,4265616.829215716
2010-12-20,826347.7038537161,3412637.689563999,4238985.393417715
2010-12-21,826347.7038537161,3431352.997500999,4257700.701354715
2010-12-22,826347.7038537161,3407164.1399999997,4233511.843853716
2010-12-23,826347.7038537161,3344598.828026,4170946.531879716
2010-12-24,826347.7038537161,3294247.183104,4120594.886957716
2010-12-27,826347.7038537161,3188086.0999540007,4014433.803807717
2010-12-28,826347.7038537161,3117578.530533999,3943926.2343877153
2010-12-29,826347.7038537161,3182945.978977001,4009293.682830717
2010-12-30,826347.7038537161,3195712.3068329995,4022060.0106867156
2010-12-31,826347.7038537161,3287123.3982370007,4113471.102090717
2011-01-04,826347.7038537161,3336689.115841,4163036.819694716
2011-01-05,826347.7038537161,3338723.595115,4165071.298968716
2011-01-06,826347.7038537161,3337633.003224,4163980.707077716
2011-01-07,826347.7038537161,3310336.604093001,4136684.3079467174
2011-01-10,826347.7038537161,3233116.92173,4059464.625583716
2011-01-11,826347.7038537161,3204450.8453370007,4030798.549190717
2011-01-12,826347.7038537161,3217705.575756001,4044053.279609717
2011-01-13,826347.7038537161,3217450.563868,4043798.2677217163
2011-01-14,826347.7038537161,3156021.294962,3982368.9988157162
2011-01-17,826347.7038537161,3032093.321877999,3858441.0257317154
2011-01-18,826347.7038537161,3036016.5339679997,3862364.237821716
2011-01-19,826347.7038537161,3131160.3467119997,3957508.050565716
2011-01-20,826347.7038537161,3019154.7958439994,3845502.4996977155
2011-01-21,826347.7038537161,3042521.919996001,3868869.623849717
2011-01-24,826347.7038537161,2968064.774866999,3794412.4787207153
2011-01-25,826347.7038537161,2902430.0708149998,3728777.774668716
2011-01-26,826347.7038537161,2965023.7383780004,3791371.4422317166
2011-01-27,826347.7038537161,3020530.9348830017,3846878.638736718
2011-01-28,826347.7038537161,3059123.8961950005,3885471.6000487166
2011-01-31,826347.7038537161,3120237.9194159987,3946585.623269715
2011-02-01,358687.6095272234,3627137.4868079987,3985825.096335222
2011-02-09,358687.6095272234,3607913.4458570005,3966601.055384224
2011-02-10,358687.6095272234,3697587.9250729987,4056275.534600222
2011-02-11,358687.6095272234,3721437.6892380007,4080125.298765224
2011-02-14,358687.6095272234,3777374.811786,4136062.4213132234
2011-02-15,358687.6095272234,3825918.5875110016,4184606.197038225
2011-02-16,358687.6095272234,3883654.477216001,4242342.086743224
2011-02-17,358687.6095272234,3931310.5171990017,4289998.126726225
2011-02-18,358687.6095272234,3899977.0073209996,4258664.616848223
2011-02-21,358687.6095272234,3985633.6391669996,4344321.248694223
2011-02-22,358687.6095272234,3887926.23083,4246613.8403572235
2011-02-23,358687.6095272234,3926944.150392,4285631.759919223
2011-02-24,358687.6095272234,3937574.6245079995,4296262.234035223
2011-02-25,358687.6095272234,3936754.2345850016,4295441.844112225
2011-02-28,358687.6095272234,3977498.905016,4336186.514543223
2011-03-01,358687.6095272234,4002880.5398869994,4361568.149414223
2011-03-02,358687.6095272234,3987408.1071610004,4346095.716688224
2011-03-03,358687.6095272234,3921023.476335,4279711.085862223
2011-03-04,358687.6095272234,3947229.1382319997,4305916.747759223
2011-03-07,358687.6095272234,3989754.3693,4348441.978827223
2011-03-08,358687.6095272234,4021044.3998780013,4379732.009405225
2011-03-09,358687.6095272234,4045967.083377001,4404654.692904225
2011-03-10,358687.6095272234,4014520.8944690004,4373208.503996224
2011-03-11,358687.6095272234,4002029.000125,4360716.609652223
2011-03-14,358687.6095272234,4019099.579097001,4377787.188624225
2011-03-15,358687.6095272234,3996661.766997999,4355349.376525222
2011-03-16,358687.6095272234,4062290.941564,4420978.551091224
2011-03-17,358687.6095272234,3982795.5780329998,4341483.187560223
2011-03-18,358687.6095272234,3994102.157543,4352789.767070224
2011-03-21,358687.6095272234,3952608.8799259993,4311296.489453223
2011-03-22,358687.6095272234,3952198.506923,4310886.116450223
2011-03-23,358687.6095272234,4000235.531836999,4358923.141364222
2011-03-24,358687.6095272234,3992523.9528230014,4351211.562350225
2011-03-25,358687.6095272234,4026504.2598059997,4385191.869333223
2011-03-28,358687.6095272234,4027242.669821,4385930.2793482235
2011-03-29,358687.6095272234,3963625.649254999,4322313.258782223
2011-03-30,358687.6095272234,3931160.408821998,4289848.018349222
2011-03-31,358687.6095272234,3884356.395410002,4243044.004937226
2011-04-01,358687.6095272234,3907055.899024001,4265743.508551224
2011-04-06,358687.6095272234,3898655.6546710003,4257343.264198224
2011-04-07,358687.6095272234,3919440.3692269986,4278127.978754222
2011-04-08,358687.6095272234,3965353.5244839983,4324041.134011222
2011-04-11,358687.6095272234,3959923.7905990006,4318611.400126224
2011-04-12,358687.6095272234,3928189.2854599995,4286876.894987223
2011-04-13,358687.6095272234,3958426.038600999,4317113.648128223
2011-04-14,358687.6095272234,3964850.160360999,4323537.769888222
2011-04-15,358687.6095272234,3958367.209663,4317054.819190224
2011-04-18,358687.6095272234,3964183.3880949994,4322870.997622223
2011-04-19,358687.6095272234,3918117.650490999,4276805.260018223
2011-04-20,358687.6095272234,3952598.5136770005,4311286.123204224
2011-04-21,358687.6095272234,3977736.3939000005,4336424.003427224
2011-04-22,358687.6095272234,3950214.274647998,4308901.884175221
2011-04-25,358687.6095272234,3890678.8639710015,4249366.473498225
2011-04-26,358687.6095272234,3838387.7852500007,4197075.394777224
2011-04-27,358687.6095272234,3786175.7392960005,4144863.3488232237
2011-04-28,358687.6095272234,3669797.467444,4028485.076971223
2011-04-29,358687.6095272234,3726751.1780359996,4085438.787563223
2011-05-03,358687.6095272234,3765375.705313999,4124063.3148412225
2011-05-04,714802.7399927364,3294002.8775950004,4008805.617587737
2011-05-05,714802.7399927364,3295782.248496,4010584.9884887366
2011-05-06,714802.7399927364,3314769.8655130006,4029572.605505737
2011-05-09,714802.7399927364,3349340.4185980004,4064143.158590737
2011-05-10,714802.7399927364,3380238.5830380004,4095041.3230307368
2011-05-11,714802.7399927364,3395039.1499900008,4109841.889982737
2011-05-12,714802.7399927364,3337261.427841,4052064.167833736
2011-05-13,714802.7399927364,3388391.5485159997,4103194.288508736
2011-05-16,714802.7399927364,3394068.9228840005,4108871.662876737
2011-05-17,714802.7399927364,3367177.269417,4081980.0094097364
2011-05-18,714802.7399927364,3372431.258497999,4087233.9984907354
2011-05-19,714802.7399927364,3374844.0999330007,4089646.839925737
2011-05-20,714802.7399927364,3358512.228523001,4073314.9685157374
2011-05-23,714802.7399927364,3222542.8250459996,3937345.565038736
2011-05-24,714802.7399927364,3217273.8351660017,3932076.575158738
2011-05-25,714802.7399927364,3192017.001929001,3906819.7419217373
2011-05-26,714802.7399927364,3155459.7765699998,3870262.516562736
2011-05-27,714802.7399927364,3041376.9346500007,3756179.674642737
2011-05-30,714802.7399927364,2964996.163768001,3679798.9037607373
2011-05-31,714802.7399927364,3030101.941402001,3744904.681394737
2011-06-01,714802.7399927364,3063151.792298,3777954.532290736
2011-06-02,714802.7399927364,3026828.2035110015,3741630.943503738
2011-06-03,714802.7399927364,3090490.810167001,3805293.5501597375
2011-06-07,714802.7399927364,3127105.92393,3841908.6639227364
2011-06-08,714802.7399927364,3171488.1902899994,3886290.9302827357
2011-06-09,714802.7399927364,3095505.055575002,3810307.7955677384
2011-06-10,714802.7399927364,3114999.9419679996,3829802.681960736
2011-06-13,714802.7399927364,3111468.481447001,3826271.2214397374
2011-06-14,714802.7399927364,3158959.639752,3873762.3797447365
2011-06-15,714802.7399927364,3129755.557379,3844558.2973717363
2011-06-16,714802.7399927364,3048881.228350001,3763683.9683427373
2011-06-17,714802.7399927364,3014938.485500001,3729741.2254927373
2011-06-20,714802.7399927364,2987391.0141520007,3702193.754144737
2011-06-21,714802.7399927364,3031879.4420839995,3746682.182076736
2011-06-22,714802.7399927364,3036346.0999860005,3751148.839978737
2011-06-23,714802.7399927364,3088252.5541860024,3803055.2941787387
2011-06-24,714802.7399927364,3149774.108981001,3864576.8489737376
2011-06-27,714802.7399927364,3192011.034001003,3906813.7739937394
2011-06-28,714802.7399927364,3202671.430534,3917474.1705267364
2011-06-29,714802.7399927364,3150070.916699,3864873.6566917365
2011-06-30,714802.7399927364,3190115.8244220004,3904918.564414737
2011-07-01,714802.7399927364,3218640.5930239996,3933443.333016736
2011-07-04,714802.7399927364,3291417.337134001,4006220.077126737
2011-07-05,714802.7399927364,3332692.3597059995,4047495.099698736
2011-07-06,714802.7399927364,3339830.9562200005,4054633.696212737
2011-07-07,714802.7399927364,3333883.654294001,4048686.3942867373
2011-07-08,714802.7399927364,3339410.136020001,4054212.8760127374
2011-07-11,714802.7399927364,3357561.895853,4072364.6358457366
2011-07-12,714802.7399927364,3305174.5521610007,4019977.292153737
2011-07-13,714802.7399927364,3364658.4878809988,4079461.227873735
2011-07-14,714802.7399927364,3390994.712389001,4105797.4523817375
2011-07-15,714802.7399927364,3404426.7919240003,4119229.5319167366
2011-07-18,714802.7399927364,3410173.7371789995,4124976.477171736
2011-07-19,714802.7399927364,3389752.2667530007,4104555.006745737
2011-07-20,714802.7399927364,3387696.746342002,4102499.4863347383
2011-07-21,714802.7399927364,3344132.8578180014,4058935.597810738
2011-07-22,714802.7399927364,3365425.449042,4080228.1890347362
2011-07-25,714802.7399927364,3215443.493954,3930246.2339467364
2011-07-26,714802.7399927364,3237676.126965,3952478.866957736
2011-07-27,714802.7399927364,3279485.9930529995,3994288.733045736
2011-07-28,714802.7399927364,3259382.403146,3974185.1431387365
2011-07-29,714802.7399927364,3224377.723443,3939180.4634357365
2011-08-01,714802.7399927364,3242380.8248000005,3957183.564792737
2011-08-02,705930.8821551115,3230209.5026090015,3936140.384764113
2011-08-03,705930.8821551115,3236549.320438,3942480.2025931114
2011-08-04,705930.8821551115,3266436.0294220005,3972366.911577112
2011-08-05,705930.8821551115,3184148.3758600005,3890079.258015112
2011-08-08,705930.8821551115,3014681.028484,3720611.9106391114
2011-08-09,705930.8821551115,2999620.379939,3705551.2620941116
2011-08-10,705930.8821551115,3041163.7332830005,3747094.615438112
2011-08-11,705930.8821551115,3084990.822913,3790921.7050681114
2011-08-12,705930.8821551115,3124764.1001240006,3830694.982279112
2011-08-15,705930.8821551115,3172008.6773269996,3877939.559482111
2011-08-16,705930.8821551115,3151736.5059240013,3857667.388079113
2011-08-17,705930.8821551115,3141106.765039001,3847037.6471941127
2011-08-18,705930.8821551115,3107200.2822950003,3813131.164450112
2011-08-19,705930.8821551115,3071095.292911,3777026.1750661116
2011-08-22,705930.8821551115,3050269.7299779993,3756200.612133111
2011-08-23,705930.8821551115,3102026.4002850004,3807957.282440112
2011-08-24,705930.8821551115,3099989.8216950013,3805920.703850113
2011-08-25,705930.8821551115,3151373.2402629987,3857304.1224181103
2011-08-26,705930.8821551115,3156416.8880880005,3862347.770243112
2011-08-29,705930.8821551115,3139737.868417001,3845668.7505721124
2011-08-30,705930.8821551115,3110203.521323999,3816134.4034791104
2011-08-31,705930.8821551115,3095805.834547,3801736.7167021115
2011-09-01,705930.8821551115,3071985.746707,3777916.6288621114
2011-09-02,705930.8821551115,3040588.413283001,3746519.2954381127
2011-09-05,705930.8821551115,2955174.2387819993,3661105.120937111
2011-09-06,705930.8821551115,2935268.8684910014,3641199.750646113
2011-09-07,705930.8821551115,3000066.0064680004,3705996.888623112
2011-09-08,705930.8821551115,2970222.3167100013,3676153.198865113
2011-09-09,705930.8821551115,2960475.605248001,3666406.4874031125
2011-09-13,705930.8821551115,2915546.198185,3621477.0803401116
2011-09-14,705930.8821551115,2956738.516479001,3662669.3986341124
2011-09-15,705930.8821551115,2964032.3395910016,3669963.221746113
2011-09-16,705930.8821551115,2980207.575616999,3686138.4577721106
2011-09-19,705930.8821551115,2920618.2632040004,3626549.145359112
2011-09-20,705930.8821551115,2937969.674725999,3643900.5568811106
2011-09-21,705930.8821551115,3024175.2626130013,3730106.144768113
2011-09-22,705930.8821551115,2949538.8444069996,3655469.726562111
2011-09-23,705930.8821551115,2917360.7033009985,3623291.58545611
2011-09-26,705930.8821551115,2870667.525736,3576598.4078911114
2011-09-27,705930.8821551115,2870262.698056,3576193.5802111113
2011-09-28,705930.8821551115,2818850.7721130005,3524781.654268112
2011-09-29,705930.8821551115,2708021.6118600015,3413952.494015113
2011-09-30,705930.8821551115,2703546.7254500007,3409477.6076051123
2011-10-10,705930.8821551115,2688632.09309,3394562.9752451116
2011-10-11,705930.8821551115,2680933.610424,3386864.4925791114
2011-10-12,705930.8821551115,2772913.0461109993,3478843.928266111
2011-10-13,705930.8821551115,2801350.7414430003,3507281.623598112
2011-10-14,705930.8821551115,2792741.839866,3498672.7220211118
2011-10-17,705930.8821551115,2812317.764324,3518248.6464791116
2011-10-18,705930.8821551115,2726933.743663,3432864.6258181115
2011-10-19,705930.8821551115,2723440.031782001,3429370.9139371123
2011-10-20,705930.8821551115,2643127.5569830006,3349058.439138112
2011-10-21,705930.8821551115,2585915.91109,3291846.7932451116
2011-10-24,705930.8821551115,2625486.581121002,3331417.4632761134
2011-10-25,705930.8821551115,2695039.717506,3400970.5996611114
2011-10-26,705930.8821551115,2712616.3002830003,3418547.182438112
2011-10-27,705930.8821551115,2713881.795356999,3419812.6775121107
2011-10-28,705930.8821551115,2764667.8390960004,3470598.721251112
2011-10-31,705930.8821551115,2785543.2718119994,3491474.153967111
2011-11-01,1891164.4793603218,1599306.8438909992,3490471.323251321
2011-11-02,1891164.4793603218,1614811.056582,3505975.5359423216
2011-11-03,1891164.4793603218,1623164.469249,3514328.948609322
2011-11-04,1891164.4793603218,1637711.0400869995,3528875.519447321
2011-11-07,1891164.4793603218,1632827.4872789993,3523991.9666393213
2011-11-08,1891164.4793603218,1615114.0289460004,3506278.508306322
2011-11-09,1891164.4793603218,1637130.3190310004,3528294.798391322
2011-11-10,1891164.4793603218,1613584.6176690005,3504749.0970293223
2011-11-11,1891164.4793603218,1615545.4962859992,3506709.9756463207
2011-11-14,1891164.4793603218,1655525.6770310001,3546690.1563913217
2011-11-15,1891164.4793603218,1667363.136765001,3558527.616125323
2011-11-16,1891164.4793603218,1636412.6278219996,3527577.107182321
2011-11-17,1891164.4793603218,1646180.792298,3537345.271658322
2011-11-18,1891164.4793603218,1599496.4614350002,3490660.940795322
2011-11-21,1891164.4793603218,1597341.7853329997,3488506.2646933217
2011-11-22,1891164.4793603218,1599755.516900999,3490919.996261321
2011-11-23,1891164.4793603218,1597631.284487,3488795.7638473217
2011-11-24,1891164.4793603218,1601071.5968709996,3492236.0762313213
2011-11-25,1891164.4793603218,1594647.7717830008,3485812.2511433223
2011-11-28,1891164.4793603218,1589647.0087239996,3480811.4880843214
2011-11-29,1891164.4793603218,1606076.05944,3497240.5388003215
2011-11-30,1891164.4793603218,1543984.9051479998,3435149.3845083215
2011-12-01,1891164.4793603218,1569816.9023619993,3460981.381722321
2011-12-02,1891164.4793603218,1536547.1440130002,3427711.623373322
2011-12-05,1891164.4793603218,1485644.1418169995,3376808.6211773213
2011-12-06,1891164.4793603218,1475439.0441379996,3366603.5234983214
2011-12-07,1891164.4793603218,1477569.9255889999,3368734.4049493214
2011-12-08,1891164.4793603218,1479056.0053589991,3370220.484719321
2011-12-09,1891164.4793603218,1463164.2569419995,3354328.7363023213
2011-12-12,1891164.4793603218,1443959.081861,3335123.561221322
2011-12-13,1891164.4793603218,1382339.271568001,3273503.750928323
2011-12-14,1891164.4793603218,1351477.991703999,3242642.4710643208
2011-12-15,1891164.4793603218,1303008.8214609998,3194173.3008213216
2011-12-16,1891164.4793603218,1328693.1264570002,3219857.6058173217
2011-12-19,1891164.4793603218,1320486.4976620001,3211650.977022322
2011-12-20,1891164.4793603218,1328745.1715179994,3219909.6508783214
2011-12-21,1891164.4793603218,1290282.909274001,3181447.3886343227
2011-12-22,1891164.4793603218,1268488.865671,3159653.345031322
2011-12-23,1891164.4793603218,1279679.217877,3170843.697237322
2011-12-26,1891164.4793603218,1270765.0286440002,3161929.5080043217
2011-12-27,1891164.4793603218,1239700.9054199997,3130865.3847803213
2011-12-28,1891164.4793603218,1237058.4371289993,3128222.916489321
2011-12-29,1891164.4793603218,1240026.1134919997,3131190.5928523215
2011-12-30,1891164.4793603218,1258055.6485350006,3149220.1278953226
2012-01-04,1891164.4793603218,1225017.9582890004,3116182.437649322
2012-01-05,1891164.4793603218,1179325.266499,3070489.7458593217
2012-01-06,1891164.4793603218,1180944.62672,3072109.1060803216
2012-01-09,1891164.4793603218,1230467.9673879996,3121632.4467483214
2012-01-10,1891164.4793603218,1279377.8169959998,3170542.2963563213
2012-01-11,1891164.4793603218,1287563.4406609999,3178727.9200213216
2012-01-12,1891164.4793603218,1292568.671931999,3183733.151292321
2012-01-13,1891164.4793603218,1264550.6021340005,3155715.081494322
2012-01-16,1891164.4793603218,1218535.0396810004,3109699.519041322
2012-01-17,1891164.4793603218,1284870.4180589993,3176034.8974193214
2012-01-18,1891164.4793603218,1267065.1054499994,3158229.584810321
2012-01-19,1891164.4793603218,1275500.0349619999,3166664.514322322
2012-01-20,1891164.4793603218,1282527.7381309995,3173692.2174913213
2012-01-30,1891164.4793603218,1278904.0574140004,3170068.5367743224
2012-01-31,1891164.4793603218,1292969.1130309997,3184133.5923913214
2012-02-01,1457861.2972145716,1732571.2064260002,3190432.5036405716
2012-02-02,1457861.2972145716,1752719.4742130004,3210580.771427572
2012-02-03,1457861.2972145716,1775317.1908060003,3233178.488020572
2012-02-06,1457861.2972145716,1795375.7022080005,3253236.999422572
2012-02-07,1457861.2972145716,1769008.9909579996,3226870.288172571
2012-02-08,1457861.2972145716,1823481.8514699999,3281343.1486845715
2012-02-09,1457861.2972145716,1845166.7801659997,3303028.0773805715
2012-02-10,1457861.2972145716,1882815.1231619995,3340676.420376571
2012-02-13,1457861.2972145716,1907958.572590001,3365819.8698045723
2012-02-14,1457861.2972145716,1916311.9867520002,3374173.283966572
2012-02-15,1457861.2972145716,1944728.3719900006,3402589.669204572
2012-02-16,1457861.2972145716,1937806.7683520003,3395668.065566572
2012-02-17,1457861.2972145716,1962720.8703519995,3420582.1675665714
2012-02-20,1457861.2972145716,1958750.684203999,3416611.9814185705
2012-02-21,1457861.2972145716,1996509.4127919995,3454370.7100065714
2012-02-22,1457861.2972145716,2045143.7510229999,3503005.0482375715
2012-02-23,1457861.2972145716,2085348.5094190002,3543209.806633572
2012-02-24,1457861.2972145716,2079443.7452619998,3537305.042476571
2012-02-27,1457861.2972145716,2082907.9886820007,3540769.2858965723
2012-02-28,1457861.2972145716,2072719.046445,3530580.3436595714
2012-02-29,1457861.2972145716,2075205.4997999996,3533066.7970145713
2012-03-01,1457861.2972145716,2068850.0830389997,3526711.380253571
2012-03-02,1457861.2972145716,2100538.666586,3558399.963800572
2012-03-05,1457861.2972145716,2108202.911438,3566064.208652572
2012-03-06,1457861.2972145716,2083067.1613369996,3540928.4585515712
2012-03-07,1457861.2972145716,2087816.1222100002,3545677.419424572
2012-03-08,1457861.2972145716,2107613.6945739994,3565474.991788571
2012-03-09,1457861.2972145716,2125010.7194020003,3582872.0166165717
2012-03-12,1457861.2972145716,2132196.4642,3590057.7614145717
2012-03-13,1457861.2972145716,2149752.493434,3607613.790648571
2012-03-14,1457861.2972145716,2085921.8660320002,3543783.163246572
2012-03-15,1457861.2972145716,2051477.6238769996,3509338.9210915715
2012-03-16,1457861.2972145716,2092804.6553520006,3550665.9525665725
2012-03-19,1457861.2972145716,2103133.3548789998,3560994.6520935716
2012-03-20,1457861.2972145716,2065360.7577570006,3523222.054971572
2012-03-21,1457861.2972145716,2058971.3070540002,3516832.604268572
2012-03-22,1457861.2972145716,2043820.684896,3501681.9821105716
2012-03-23,1457861.2972145716,1998343.158593,3456204.4558075713
2012-03-26,1457861.2972145716,1994277.013222,3452138.310436572
2012-03-27,1457861.2972145716,2012892.7168220005,3470754.014036572
2012-03-28,1457861.2972145716,1931588.0249609996,3389449.322175571
2012-03-29,1457861.2972145716,1872868.0989570003,3330729.3961715717
2012-03-30,1457861.2972145716,1844165.6942349996,3302026.991449571
2012-04-05,1457861.2972145716,1897329.3151310007,3355190.6123455726
2012-04-06,1457861.2972145716,1917644.7442000005,3375506.041414572
2012-04-09,1457861.2972145716,1904098.1426820003,3361959.439896572
2012-04-10,1457861.2972145716,1914348.4815229997,3372209.778737571
2012-04-11,1457861.2972145716,1914914.0607619998,3372775.3579765717
2012-04-12,1457861.2972145716,1966028.7558990004,3423890.0531135723
2012-04-13,1457861.2972145716,1984855.2670420008,3442716.564256572
2012-04-16,1457861.2972145716,1983630.5250470003,3441491.822261572
2012-04-17,1457861.2972145716,1975412.0954200004,3433273.392634572
2012-04-18,1457861.2972145716,1977127.002327999,3434988.2995425705
2012-04-19,1457861.2972145716,1970362.9613309996,3428224.258545571
2012-04-20,1457861.2972145716,1982112.5274459994,3439973.8246605713
2012-04-23,1457861.2972145716,1929153.2815980003,3387014.578812572
2012-04-24,1457861.2972145716,1890101.581423999,3347962.8786385707
2012-04-25,1457861.2972145716,1916703.5955960006,3374564.892810572
2012-04-26,1457861.2972145716,1910522.6596149998,3368383.956829571
2012-04-27,1457861.2972145716,1893129.4722379998,3350990.7694525714
2012-05-02,1457861.2972145716,1909814.707097,3367676.004311572
2012-05-03,653969.6206158209,2744786.5518560004,3398756.1724718213
2012-05-04,653969.6206158209,2782944.655285001,3436914.2759008217
2012-05-07,653969.6206158209,2812187.3585570008,3466156.9791728216
2012-05-08,653969.6206158209,2813047.69503,3467017.315645821
2012-05-09,653969.6206158209,2779632.265548,3433601.886163821
2012-05-10,653969.6206158209,2790515.2129979995,3444484.8336138204
2012-05-11,653969.6206158209,2765462.6315789986,3419432.2521948195
2012-05-14,653969.6206158209,2763331.4369090004,3417301.0575248213
2012-05-15,653969.6206158209,2771351.838455,3425321.459070821
2012-05-16,653969.6206158209,2740707.5018379996,3394677.1224538204
2012-05-17,653969.6206158209,2771808.9938389994,3425778.6144548203
2012-05-18,653969.6206158209,2731232.281297999,3385201.90191382
2012-05-21,653969.6206158209,2742842.309429,3396811.930044821
2012-05-22,653969.6206158209,2783211.6598610007,3437181.2804768216
2012-05-23,653969.6206158209,2788825.423068,3442795.043683821
2012-05-24,653969.6206158209,2771767.0426699994,3425736.6632858203
2012-05-25,653969.6206158209,2741443.791741001,3395413.412356822
2012-05-28,653969.6206158209,2781127.650445,3435097.2710608207
2012-05-29,653969.6206158209,2816389.092388,3470358.7130038207
2012-05-30,653969.6206158209,2827942.6452330006,3481912.2658488215
2012-05-31,653969.6206158209,2832241.8872450003,3486211.507860821
2012-06-01,653969.6206158209,2830775.8827090003,3484745.503324821
2012-06-04,653969.6206158209,2750074.0302689993,3404043.65088482
2012-06-05,653969.6206158209,2750577.11866,3404546.739275821
2012-06-06,653969.6206158209,2751771.800565,3405741.421180821
2012-06-07,653969.6206158209,2748712.0864079986,3402681.7070238194
2012-06-08,653969.6206158209,2747406.2356139994,3401375.8562298203
2012-06-11,653969.6206158209,2794196.938448,3448166.5590638206
2012-06-12,653969.6206158209,2801499.048671001,3455468.669286822
2012-06-13,653969.6206158209,2845263.8484179997,3499233.4690338206
2012-06-14,653969.6206158209,2833411.674208,3487381.2948238207
2012-06-15,653969.6206158209,2827544.9122980004,3481514.5329138213
2012-06-18,653969.6206158209,2853250.4205469997,3507220.0411628205
2012-06-19,653969.6206158209,2831397.0359230004,3485366.6565388213
2012-06-20,653969.6206158209,2819179.718697,3473149.3393128207
2012-06-21,653969.6206158209,2789323.396529999,3443293.01714582
2012-06-25,653969.6206158209,2725715.7916319994,3379685.4122478203
2012-06-26,653969.6206158209,2731916.9346030005,3385886.5552188214
2012-06-27,653969.6206158209,2744579.575507,3398549.196122821
2012-06-28,653969.6206158209,2721878.472404,3375848.0930198207
2012-06-29,653969.6206158209,2755968.4890169986,3409938.1096328194
2012-07-02,653969.6206158209,2797927.697735,3451897.318350821
2012-07-03,653969.6206158209,2813222.506075,3467192.126690821
2012-07-04,653969.6206158209,2803874.8877110006,3457844.5083268215
2012-07-05,653969.6206158209,2762286.3704599994,3416255.9910758203
2012-07-06,653969.6206158209,2827074.1737629995,3481043.7943788203
2012-07-09,653969.6206158209,2791670.757131001,3445640.377746822
2012-07-10,653969.6206158209,2782111.9573550015,3436081.5779708223
2012-07-11,653969.6206158209,2801858.4611970005,3455828.0818128213
2012-07-12,653969.6206158209,2837738.2747319997,3491707.8953478206
2012-07-13,653969.6206158209,2830329.177032001,3484298.7976478217
2012-07-16,653969.6206158209,2752902.9397319998,3406872.5603478206
2012-07-17,653969.6206158209,2768518.634415,3422488.255030821
2012-07-18,653969.6206158209,2780825.1209860006,3434794.7416018215
2012-07-19,653969.6206158209,2796551.9587580008,3450521.5793738216
2012-07-20,653969.6206158209,2785578.922804001,3439548.5434198217
2012-07-23,653969.6206158209,2762453.2150209993,3416422.83563682
2012-07-24,653969.6206158209,2780993.8185979994,3434963.4392138203
2012-07-25,653969.6206158209,2766513.1006890005,3420482.7213048213
2012-07-26,653969.6206158209,2751879.321021999,3405848.94163782
2012-07-27,653969.6206158209,2735438.8891230007,3389408.5097388215
2012-07-30,653969.6206158209,2677992.275150001,3331961.895765822
2012-07-31,653969.6206158209,2645707.86433,3299677.4849458206
2012-08-01,800446.6879838094,2545138.864876,3345585.5528598097
2012-08-02,800446.6879838094,2530241.976002,3330688.6639858093
2012-08-03,800446.6879838094,2592529.3303679996,3392976.018351809
2012-08-06,800446.6879838094,2668364.6462450013,3468811.334228811
2012-08-07,800446.6879838094,2701198.223147001,3501644.9111308106
2012-08-08,800446.6879838094,2682688.7266059993,3483135.414589809
2012-08-09,800446.6879838094,2729850.101477,3530296.7894608094
2012-08-10,800446.6879838094,2715301.35729,3515748.0452738097
2012-08-13,800446.6879838094,2669348.3770439997,3469795.0650278092
2012-08-14,800446.6879838094,2688538.4202720015,3488985.108255811
2012-08-15,800446.6879838094,2665601.8280959995,3466048.516079809
2012-08-16,800446.6879838094,2637843.8195349993,3438290.507518809
2012-08-17,800446.6879838094,2640539.6473400006,3440986.33532381
2012-08-20,800446.6879838094,2648685.277608001,3449131.9655918106
2012-08-21,800446.6879838094,2691958.9475000007,3492405.63548381
2012-08-22,800446.6879838094,2675407.074038999,3475853.7620228087
2012-08-23,800446.6879838094,2674446.6262430004,3474893.31422681
2012-08-24,800446.6879838094,2615715.674673999,3416162.3626578087
2012-08-27,800446.6879838094,2560175.315341999,3360622.0033258083
2012-08-28,800446.6879838094,2576506.758503999,3376953.4464878086
2012-08-29,800446.6879838094,2565456.9694609996,3365903.657444809
2012-08-30,800446.6879838094,2509767.2819469986,3310213.969930808
2012-08-31,800446.6879838094,2523102.9482629998,3323549.6362468093
2012-09-03,800446.6879838094,2575088.1732450007,3375534.86122881
2012-09-04,800446.6879838094,2552821.1454519997,3353267.8334358092
2012-09-05,800446.6879838094,2567953.601146,3368400.2891298095
2012-09-06,800446.6879838094,2581152.6648449996,3381599.352828809
2012-09-07,800446.6879838094,2662748.212280999,3463194.9002648084
2012-09-10,800446.6879838094,2679312.5223769993,3479759.2103608088
2012-09-11,800446.6879838094,2666594.650498001,3467041.3384818104
2012-09-12,800446.6879838094,2679420.9431690006,3479867.63115281
2012-09-13,800446.6879838094,2650937.4771340005,3451384.16511781
2012-09-14,800446.6879838094,2644979.5782929994,3445426.266276809
2012-09-17,800446.6879838094,2570767.410222,3371214.0982058095
2012-09-18,800446.6879838094,2561132.66286,3361579.3508438095
2012-09-19,800446.6879838094,2578953.16911,3379399.8570938096
2012-09-20,800446.6879838094,2510713.2032440007,3311159.89122781
2012-09-21,800446.6879838094,2490654.040987999,3291100.7289718087
2012-09-24,800446.6879838094,2502582.2175450004,3303028.90552881
2012-09-25,800446.6879838094,2490749.742701999,3291196.4306858084
2012-09-26,800446.6879838094,2427840.461266,3228287.1492498093
2012-09-27,800446.6879838094,2475973.5693470016,3276420.257330811
2012-09-28,800446.6879838094,2526402.5860249996,3326849.274008809
2012-10-08,800446.6879838094,2525278.9064390007,3325725.5944228102
2012-10-09,800446.6879838094,2593078.0876040016,3393524.775587811
2012-10-10,800446.6879838094,2620050.759049,3420497.4470328097
2012-10-11,800446.6879838094,2584244.4815299995,3384691.169513809
2012-10-12,800446.6879838094,2572353.6436370006,3372800.33162081
2012-10-15,800446.6879838094,2566248.161511999,3366694.8494958086
2012-10-16,800446.6879838094,2593083.931226999,3393530.6192108085
2012-10-17,800446.6879838094,2593352.507492999,3393799.1954768086
2012-10-18,800446.6879838094,2635141.183783,3435587.8717668094
2012-10-19,800446.6879838094,2627157.3286140007,3427604.01659781
2012-10-22,800446.6879838094,2645610.4329,3446057.1208838094
2012-10-23,800446.6879838094,2614131.804118001,3414578.4921018104
2012-10-24,800446.6879838094,2611142.2068140004,3411588.89479781
2012-10-25,800446.6879838094,2582149.8487859988,3382596.5367698083
2012-10-26,800446.6879838094,2529920.370782,3330367.0587658095
2012-10-29,800446.6879838094,2522119.0142380013,3322565.702221811
2012-10-30,800446.6879838094,2526782.779753,3327229.4677368095
2012-10-31,800446.6879838094,2537348.092049,3337794.7800328094
2012-11-01,1606699.8710470863,1788351.747064,3395051.618111086
2012-11-02,1606699.8710470863,1792339.3457639997,3399039.216811086
2012-11-05,1606699.8710470863,1779589.803907001,3386289.6749540875
2012-11-06,1606699.8710470863,1771533.586465,3378233.4575120863
2012-11-07,1606699.8710470863,1766338.7138549997,3373038.5849020863
2012-11-08,1606699.8710470863,1732409.7391889999,3339109.610236086
2012-11-09,1606699.8710470863,1728105.655854,3334805.5269010863
2012-11-12,1606699.8710470863,1726218.4086129996,3332918.279660086
2012-11-13,1606699.8710470863,1685932.7941149997,3292632.665162086
2012-11-14,1606699.8710470863,1689883.8936189993,3296583.7646660856
2012-11-15,1606699.8710470863,1665994.0302570001,3272693.9013040867
2012-11-16,1606699.8710470863,1653914.365876,3260614.2369230865
2012-11-19,1606699.8710470863,1658067.8367659992,3264767.7078130855
2012-11-20,1606699.8710470863,1661710.760154999,3268410.6312020854
2012-11-21,1606699.8710470863,1673073.2028819995,3279773.073929086
2012-11-22,1606699.8710470863,1657236.003374999,3263935.8744220855
2012-11-23,1606699.8710470863,1661609.577912,3268309.448959086
2012-11-26,1606699.8710470863,1639086.3739769997,3245786.245024086
2012-11-27,1606699.8710470863,1582949.9188189998,3189649.789866086
2012-11-28,1606699.8710470863,1546130.4040870008,3152830.275134087
2012-11-29,1606699.8710470863,1526390.3322639999,3133090.203311086
2012-11-30,1606699.8710470863,1547705.4847350006,3154405.355782087
2012-12-03,1606699.8710470863,1521035.762107,3127735.6331540863
2012-12-04,1606699.8710470863,1533720.4472190004,3140420.3182660867
2012-12-05,1606699.8710470863,1587807.0985960003,3194506.9696430867
2012-12-06,1606699.8710470863,1587213.5400450006,3193913.4110920867
2012-12-07,1606699.8710470863,1615986.6718159998,3222686.542863086
2012-12-10,1606699.8710470863,1637162.5019890005,3243862.3730360866
2012-12-11,1606699.8710470863,1627789.5569100007,3234489.427957087
2012-12-12,1606699.8710470863,1628472.7303579997,3235172.601405086
2012-12-13,1606699.8710470863,1610673.1248630001,3217372.9959100867
2012-12-14,1606699.8710470863,1664179.7336010006,3270879.604648087
2012-12-17,1606699.8710470863,1664075.2914699998,3270775.162517086
2012-12-18,1606699.8710470863,1651688.2545220002,3258388.1255690865
2012-12-19,1606699.8710470863,1659703.7003240006,3266403.571371087
2012-12-20,1606699.8710470863,1664498.2325039997,3271198.103551086
2012-12-21,1606699.8710470863,1676425.4440809994,3283125.3151280857
2012-12-24,1606699.8710470863,1700633.0250529998,3307332.896100086
2012-12-25,1606699.8710470863,1737890.8084629988,3344590.679510085
2012-12-26,1606699.8710470863,1759939.1635269998,3366639.034574086
2012-12-27,1606699.8710470863,1754044.0517750008,3360743.922822087
2012-12-28,1606699.8710470863,1779792.2018200003,3386492.0728670866
2012-12-31,1606699.8710470863,1800374.8586819996,3407074.729729086
2013-01-04,1606699.8710470863,1780115.7807180006,3386815.6517650867
2013-01-07,1606699.8710470863,1795614.4557010005,3402314.326748087
2013-01-08,1606699.8710470863,1835820.6114170004,3442520.4824640867
2013-01-09,1606699.8710470863,1844372.9722430005,3451072.843290087
2013-01-10,1606699.8710470863,1851678.4496890006,3458378.320736087
2013-01-11,1606699.8710470863,1821175.4044580003,3427875.2755050864
2013-01-14,1606699.8710470863,1880372.8394519999,3487072.7104990864
2013-01-15,1606699.8710470863,1910664.1113700005,3517363.982417087
2013-01-16,1606699.8710470863,1918623.1799860003,3525323.0510330866
2013-01-17,1606699.8710470863,1904824.3521769997,3511524.2232240858
2013-01-18,1606699.8710470863,1930366.0080320002,3537065.8790790867
2013-01-21,1606699.8710470863,1947319.3396469997,3554019.210694086
2013-01-22,1606699.8710470863,1929301.4843940004,3536001.355441087
2013-01-23,1606699.8710470863,1936082.5811189997,3542782.452166086
2013-01-24,1606699.8710470863,1896268.1488359997,3502968.019883086
2013-01-25,1606699.8710470863,1900744.5881120006,3507444.459159087
2013-01-28,1606699.8710470863,1938831.5838890004,3545531.4549360867
2013-01-29,1606699.8710470863,1954193.9266469993,3560893.7976940856
2013-01-30,1606699.8710470863,1942484.7975159998,3549184.668563086
2013-01-31,1606699.8710470863,1937229.5542349997,3543929.4252820862
2013-02-01,349162.54700776894,3165474.1029299996,3514636.6499377685
2013-02-04,349162.54700776894,3115825.147688,3464987.694695769
2013-02-05,349162.54700776894,3153029.7716140007,3502192.3186217695
2013-02-06,349162.54700776894,3216006.4889230006,3565169.0359307695
2013-02-07,349162.54700776894,3266158.0823430005,3615320.6293507693
2013-02-08,349162.54700776894,3399329.6310230005,3748492.1780307693
2013-02-18,349162.54700776894,3407813.667002999,3756976.214010768
2013-02-19,349162.54700776894,3324608.836904,3673771.383911769
2013-02-20,349162.54700776894,3372035.616510001,3721198.16351777
2013-02-21,349162.54700776894,3314422.9403089997,3663585.4873167686
2013-02-22,349162.54700776894,3349894.8209590004,3699057.3679667693
2013-02-25,349162.54700776894,3351550.7369070007,3700713.2839147695
2013-02-26,349162.54700776894,3300664.4115689993,3649826.958576768
2013-02-27,349162.54700776894,3311909.191224,3661071.738231769
2013-02-28,349162.54700776894,3362342.284759,3711504.831766769
2013-03-01,349162.54700776894,3447536.463450999,3796699.010458768
2013-03-04,349162.54700776894,3337269.7429549997,3686432.2899627686
2013-03-05,349162.54700776894,3425186.998496001,3774349.54550377
2013-03-06,349162.54700776894,3540612.913245,3889775.460252769
2013-03-07,349162.54700776894,3473229.346437999,3822391.893445768
2013-03-08,349162.54700776894,3415384.3846260007,3764546.9316337695
2013-03-11,349162.54700776894,3402376.3600280005,3751538.9070357694
2013-03-12,349162.54700776894,3305914.303098,3655076.850105769
2013-03-13,349162.54700776894,3307340.0858749994,3656502.6328827683
2013-03-14,349162.54700776894,3345647.8780650003,3694810.425072769
2013-03-15,349162.54700776894,3373172.7592419996,3722335.3062497685
2013-03-18,349162.54700776894,3319105.470766,3668268.017773769
2013-03-19,349162.54700776894,3327278.635615,3676441.182622769
2013-03-20,349162.54700776894,3372530.8571849996,3721693.4041927685
2013-03-21,349162.54700776894,3407023.669615,3756186.216622769
2013-03-22,349162.54700776894,3410744.817474,3759907.364481769
2013-03-25,349162.54700776894,3423556.3151950003,3772718.862202769
2013-03-26,349162.54700776894,3417654.458111,3766817.0051187687
2013-03-27,349162.54700776894,3403259.3239440005,3752421.8709517694
2013-03-28,349162.54700776894,3323145.937772,3672308.484779769
2013-03-29,349162.54700776894,3319190.353596,3668352.900603769
2013-04-01,349162.54700776894,3342610.161754,3691772.708761769
2013-04-02,349162.54700776894,3277487.426208,3626649.973215769
2013-04-03,349162.54700776894,3259702.8801670005,3608865.4271747693
2013-04-08,349162.54700776894,3290947.124848,3640109.6718557687
2013-04-09,349162.54700776894,3306064.7921990007,3655227.3392067696
2013-04-10,349162.54700776894,3289802.233391,3638964.780398769
2013-04-11,349162.54700776894,3275377.185394,3624539.7324017687
2013-04-12,349162.54700776894,3258115.624651,3607278.171658769
2013-04-15,349162.54700776894,3201920.5181400003,3551083.065147769
2013-04-16,349162.54700776894,3228097.3084770003,3577259.855484769
2013-04-17,349162.54700776894,3285093.012531001,3634255.55953877
2013-04-18,349162.54700776894,3297369.5035260003,3646532.050533769
2013-04-19,349162.54700776894,3355202.9234830006,3704365.4704907695
2013-04-22,349162.54700776894,3361780.098676001,3710942.64568377
2013-04-23,349162.54700776894,3296512.1198859997,3645674.6668937686
2013-04-24,349162.54700776894,3339627.1242079996,3688789.6712157684
2013-04-25,349162.54700776894,3266861.870470001,3616024.41747777
2013-04-26,349162.54700776894,3195640.6200160002,3544803.167023769
2013-05-02,349162.54700776894,3238126.579736,3587289.126743769
2013-05-03,680012.7770347302,3000234.9599229996,3680247.73695773
2013-05-06,680012.7770347302,3039943.299413001,3719956.0764477313
2013-05-07,680012.7770347302,3031436.584810001,3711449.361844731
2013-05-08,680012.7770347302,3070769.5798410005,3750782.3568757307
2013-05-09,680012.7770347302,3073181.285669001,3753194.062703731
2013-05-10,680012.7770347302,3078985.200511999,3758997.977546729
2013-05-13,680012.7770347302,3107887.767922,3787900.54495673
2013-05-14,680012.7770347302,3079525.1335410005,3759537.9105757307
2013-05-15,680012.7770347302,3128058.8374270005,3808071.6144617307
2013-05-16,680012.7770347302,3149816.3341960018,3829829.111230732
2013-05-17,680012.7770347302,3195592.263194001,3875605.040228731
2013-05-20,680012.7770347302,3239550.4504779987,3919563.227512729
2013-05-21,680012.7770347302,3305238.40366,3985251.18069473
2013-05-22,680012.7770347302,3262681.801670002,3942694.578704732
2013-05-23,680012.7770347302,3247618.4026770014,3927631.1797117316
2013-05-24,680012.7770347302,3287548.698385,3967561.4754197304
2013-05-27,680012.7770347302,3333212.822488001,4013225.5995227313
2013-05-28,680012.7770347302,3323171.8418249995,4003184.6188597297
2013-05-29,680012.7770347302,3348548.3511420013,4028561.1281767315
2013-05-30,680012.7770347302,3350806.4897860014,4030819.2668207316
2013-05-31,680012.7770347302,3316683.027989999,3996695.805024729
2013-06-03,680012.7770347302,3276247.7748539993,3956260.5518887294
2013-06-04,680012.7770347302,3207222.090276,3887234.8673107303
2013-06-05,680012.7770347302,3232635.710613001,3912648.4876477313
2013-06-06,680012.7770347302,3192021.4736240003,3872034.2506587305
2013-06-07,680012.7770347302,3158240.3196389996,3838253.09667373
2013-06-13,680012.7770347302,3080884.8198240004,3760897.5968587305
2013-06-14,680012.7770347302,3150786.4019010006,3830799.178935731
2013-06-17,680012.7770347302,3161743.0033859997,3841755.78042073
2013-06-18,680012.7770347302,3162425.688550999,3842438.465585729
2013-06-19,680012.7770347302,3155610.580949001,3835623.357983731
2013-06-20,680012.7770347302,3051528.445585,3731541.22261973
2013-06-21,680012.7770347302,3034745.8640739988,3714758.641108729
2013-06-24,680012.7770347302,2853159.889009,3533172.66604373
2013-06-25,680012.7770347302,2870970.8929759995,3550983.6700107297
2013-06-26,680012.7770347302,2953186.4472660013,3633199.2243007314
2013-06-27,680012.7770347302,2899480.9669890013,3579493.7440237314
2013-06-28,680012.7770347302,2878694.177529,3558706.9545637304
2013-07-01,680012.7770347302,2968474.8048510007,3648487.581885731
2013-07-02,680012.7770347302,3041242.874947,3721255.65198173
2013-07-03,680012.7770347302,3063107.170755001,3743119.947789731
2013-07-04,680012.7770347302,3063905.0103140003,3743917.7873487305
2013-07-05,680012.7770347302,3033916.1980330003,3713928.9750677305
2013-07-08,680012.7770347302,2938026.2849180005,3618039.0619527306
2013-07-09,680012.7770347302,2942971.178713,3622983.95574773
2013-07-10,680012.7770347302,3008186.5863929996,3688199.36342773
2013-07-11,680012.7770347302,3079247.754383001,3759260.531417731
2013-07-12,680012.7770347302,3071145.0192659986,3751157.796300729
2013-07-15,680012.7770347302,3137661.918297,3817674.6953317304
2013-07-16,680012.7770347302,3176287.063221001,3856299.8402557313
2013-07-17,680012.7770347302,3119028.421517,3799041.1985517303
2013-07-18,680012.7770347302,3107425.1377389985,3787437.9147737287
2013-07-19,680012.7770347302,3035988.9097399996,3716001.6867747298
2013-07-22,680012.7770347302,3097177.0192319993,3777189.7962667295
2013-07-23,680012.7770347302,3183145.832180001,3863158.609214731
2013-07-24,680012.7770347302,3210638.4072130006,3890651.1842477308
2013-07-25,680012.7770347302,3145735.190157001,3825747.967191731
2013-07-26,680012.7770347302,3153936.931244999,3833949.7082797294
2013-07-29,680012.7770347302,3116293.1226330004,3796305.8996677306
2013-07-30,680012.7770347302,3083915.790523999,3763928.567558729
2013-07-31,680012.7770347302,3089546.8879790013,3769559.6650137315
2013-08-01,805165.5099552822,3065615.7000969998,3870781.210052282
2013-08-02,805165.5099552822,3065508.3903790014,3870673.9003342837
2013-08-05,805165.5099552822,3122969.5058300016,3928135.015785284
2013-08-06,805165.5099552822,3173154.4973290004,3978320.0072842827
2013-08-07,805165.5099552822,3142909.5272010006,3948075.037156283
2013-08-08,805165.5099552822,3166616.1246840004,3971781.6346392827
2013-08-09,805165.5099552822,3189534.7185550006,3994700.228510283
2013-08-12,805165.5099552822,3223253.9004279994,4028419.4103832818
2013-08-13,805165.5099552822,3242698.0459789997,4047863.555934282
2013-08-14,805165.5099552822,3255764.774484,4060930.2844392825
2013-08-15,805165.5099552822,3227781.1947260005,4032946.704681283
2013-08-16,805165.5099552822,3151592.2948700013,3956757.8048252836
2013-08-19,805165.5099552822,3222716.7276320006,4027882.237587283
2013-08-20,805165.5099552822,3235649.7462579994,4040815.256213282
2013-08-21,805165.5099552822,3243641.4077130016,4048806.917668284
2013-08-22,805165.5099552822,3259248.043081002,4064413.553036284
2013-08-23,805165.5099552822,3257305.4949420006,4062471.004897283
2013-08-26,805165.5099552822,3317660.3567480007,4122825.866703283
2013-08-27,805165.5099552822,3337964.6606539995,4143130.170609282
2013-08-28,805165.5099552822,3306071.923716999,4111237.4336722814
2013-08-29,805165.5099552822,3303835.4308689996,4109000.940824282
2013-08-30,805165.5099552822,3242730.649000001,4047896.1589552835
2013-09-02,805165.5099552822,3273618.989196,4078784.4991512825
2013-09-03,805165.5099552822,3331764.487117,4136929.9970722822
2013-09-04,805165.5099552822,3355644.838713,4160810.3486682824
2013-09-05,805165.5099552822,3355044.3046390004,4160209.814594283
2013-09-06,805165.5099552822,3375182.978031001,4180348.4879862834
2013-09-09,805165.5099552822,3378398.6753370003,4183564.1852922826
2013-09-10,805165.5099552822,3384965.956391,4190131.4663462825
2013-09-11,805165.5099552822,3332519.902016999,4137685.4119722815
2013-09-12,805165.5099552822,3328306.7810690007,4133472.291024283
2013-09-13,805165.5099552822,3358083.4282470006,4163248.938202283
2013-09-16,805165.5099552822,3389172.6041430007,4194338.1140982825
2013-09-17,805165.5099552822,3358473.7805399997,4163639.290495282
2013-09-18,805165.5099552822,3364826.8960130014,4169992.405968284
2013-09-23,805165.5099552822,3432152.8455940005,4237318.355549282
2013-09-24,805165.5099552822,3451141.5610510013,4256307.071006283
2013-09-25,805165.5099552822,3434557.0438370006,4239722.553792283
2013-09-26,805165.5099552822,3356807.498320999,4161973.0082762814
2013-09-27,805165.5099552822,3359366.975415999,4164532.4853712814
2013-09-30,805165.5099552822,3411706.0603849995,4216871.570340281
2013-10-08,805165.5099552822,3469449.0416310006,4274614.551586282
2013-10-09,805165.5099552822,3513697.789077999,4318863.299033281
2013-10-10,805165.5099552822,3483731.4489290016,4288896.958884284
2013-10-11,805165.5099552822,3529960.5250719986,4335126.03502728
2013-10-14,805165.5099552822,3569446.5665490017,4374612.076504284
2013-10-15,805165.5099552822,3546681.240266,4351846.750221282
2013-10-16,805165.5099552822,3456944.5132009997,4262110.023156282
2013-10-17,805165.5099552822,3449472.9295599996,4254638.4395152815
2013-10-18,805165.5099552822,3484733.792554,4289899.302509282
2013-10-21,805165.5099552822,3561525.085291999,4366690.595247281
2013-10-22,805165.5099552822,3547444.4038429987,4352609.913798281
2013-10-23,805165.5099552822,3442847.932946999,4248013.442902281
2013-10-24,805165.5099552822,3422321.8812380005,4227487.391193283
2013-10-25,805165.5099552822,3354652.223321001,4159817.7332762834
2013-10-28,805165.5099552822,3345221.667635,4150387.177590282
2013-10-29,805165.5099552822,3279920.3621900002,4085085.8721452826
2013-10-30,805165.5099552822,3344070.747545002,4149236.2575002844
2013-10-31,805165.5099552822,3284988.490365001,4090154.000320283
2013-11-01,1441253.410980305,2624878.5693550003,4066131.9803353054
2013-11-04,1441253.410980305,2636685.195421,4077938.6064013047
2013-11-05,1441253.410980305,2679842.1357919998,4121095.546772305
2013-11-06,1441253.410980305,2654796.883659001,4096050.294639306
2013-11-07,1441253.410980305,2616282.096153001,4057535.507133306
2013-11-08,1441253.410980305,2579535.8086250005,4020789.219605305
2013-11-11,1441253.410980305,2585752.2554349997,4027005.666415305
2013-11-12,1441253.410980305,2618692.6238280004,4059946.034808305
2013-11-13,1441253.410980305,2577921.212531,4019174.623511305
2013-11-14,1441253.410980305,2621182.4347600006,4062435.8457403053
2013-11-15,1441253.410980305,2672355.289565999,4113608.7005463038
2013-11-18,1441253.410980305,2724563.176884,4165816.587864305
2013-11-19,1441253.410980305,2737043.0803670003,4178296.4913473055
2013-11-20,1441253.410980305,2756082.1352360016,4197335.546216306
2013-11-21,1441253.410980305,2764282.5763229984,4205535.987303304
2013-11-22,1441253.410980305,2747038.8959229994,4188292.3069033045
2013-11-25,1441253.410980305,2734266.5990730003,4175520.010053305
2013-11-26,1441253.410980305,2727634.0123609994,4168887.423341304
2013-11-27,1441253.410980305,2774778.0774090006,4216031.488389306
2013-11-28,1441253.410980305,2799797.769154999,4241051.180135304
2013-11-29,1441253.410980305,2832152.2786499984,4273405.6896303035
2013-12-02,1441253.410980305,2662181.7156580007,4103435.1266383054
2013-12-03,1441253.410980305,2696939.3783049993,4138192.789285304
2013-12-04,1441253.410980305,2711831.6104919994,4153085.021472304
2013-12-05,1441253.410980305,2682901.3416600004,4124154.752640305
2013-12-06,1441253.410980305,2681666.281413001,4122919.6923933057
2013-12-09,1441253.410980305,2708279.8098090007,4149533.220789306
2013-12-10,1441253.410980305,2706610.254653,4147863.665633305
2013-12-11,1441253.410980305,2694222.178529,4135475.5895093046
2013-12-12,1441253.410980305,2735643.889023001,4176897.300003306
2013-12-13,1441253.410980305,2735911.21288,4177164.623860305
2013-12-16,1441253.410980305,2711714.7297940007,4152968.140774306
2013-12-17,1441253.410980305,2674199.586649999,4115452.9976303037
2013-12-18,1441253.410980305,2660969.523223999,4102222.9342043037
2013-12-19,1441253.410980305,2639790.44501,4081043.8559903046
2013-12-20,1441253.410980305,2612364.3044360015,4053617.7154163066
2013-12-23,1441253.410980305,2610522.57862,4051775.9896003045
2013-12-24,1441253.410980305,2638393.788733,4079647.1997133046
2013-12-25,1441253.410980305,2685451.441504,4126704.8524843054
2013-12-26,1441253.410980305,2641909.266319,4083162.677299305
2013-12-27,1441253.410980305,2687480.4269919996,4128733.837972305
2013-12-30,1441253.410980305,2712854.246882,4154107.6578623047
2013-12-31,1441253.410980305,2711597.272175001,4152850.6831553057
2014-01-02,1441253.410980305,2742987.2104499997,4184240.621430305
2014-01-03,1441253.410980305,2758048.369836999,4199301.780817304
2014-01-06,1441253.410980305,2685308.237525001,4126561.648505306
2014-01-07,1441253.410980305,2703522.9423100003,4144776.3532903055
2014-01-08,1441253.410980305,2753105.1695429995,4194358.580523305
2014-01-09,1441253.410980305,2730663.685876,4171917.0968563054
2014-01-10,1441253.410980305,2689030.5584080005,4130283.969388305
2014-01-13,1441253.410980305,2681648.823710001,4122902.234690306
2014-01-14,1441253.410980305,2724519.545610999,4165772.9565913044
2014-01-15,1441253.410980305,2754238.1099920003,4195491.520972305
2014-01-16,1441253.410980305,2748694.5434250007,4189947.954405306
2014-01-17,1441253.410980305,2725813.7180750007,4167067.1290553054
2014-01-20,1441253.410980305,2697673.505927,4138926.916907305
2014-01-21,1441253.410980305,2754475.634063001,4195729.0450433055
2014-01-22,1441253.410980305,2816537.718829,4257791.129809305
2014-01-23,1441253.410980305,2876060.9949959996,4317314.405976305
2014-01-24,1441253.410980305,2909574.4169930005,4350827.827973305
2014-01-27,1441253.410980305,2902496.0055969995,4343749.416577305
2014-01-28,1441253.410980305,2898955.8220419995,4340209.233022304
2014-01-29,1441253.410980305,2937248.030612,4378501.441592305
2014-01-30,1441253.410980305,2921763.558381999,4363016.969362304
2014-02-07,1441253.410980305,2992376.690496999,4433630.101477304
2014-02-10,590785.2300094161,3974207.7415319993,4564992.971541416
2014-02-11,590785.2300094161,3982893.581717001,4573678.811726417
2014-02-12,590785.2300094161,3996809.0023989994,4587594.2324084155
2014-02-13,590785.2300094161,3871192.965159,4461978.195168416
2014-02-14,590785.2300094161,3991936.5343720005,4582721.764381416
2014-02-17,590785.2300094161,4072437.5879420014,4663222.8179514175
2014-02-18,590785.2300094161,4069903.419248,4660688.649257416
2014-02-19,590785.2300094161,4022625.724254002,4613410.954263418
2014-02-20,590785.2300094161,3980588.17554,4571373.405549416
2014-02-21,590785.2300094161,3998443.204603001,4589228.434612418
2014-02-24,590785.2300094161,4061634.7008150006,4652419.930824417
2014-02-25,590785.2300094161,3882726.913636,4473512.143645416
2014-02-26,590785.2300094161,3926463.1626499994,4517248.3926594155
2014-02-27,590785.2300094161,3800829.371641002,4391614.601650419
2014-02-28,590785.2300094161,3846027.3987120017,4436812.628721418
2014-03-03,590785.2300094161,3883200.0711689997,4473985.301178416
2014-03-04,590785.2300094161,3866121.7459630007,4456906.975972417
2014-03-05,590785.2300094161,3889298.039644,4480083.269653416
2014-03-06,590785.2300094161,3894453.329123999,4485238.559133415
2014-03-07,590785.2300094161,3912828.668649001,4503613.898658417
2014-03-10,590785.2300094161,3720588.305535,4311373.535544416
2014-03-11,590785.2300094161,3698175.4227679987,4288960.652777415
2014-03-12,590785.2300094161,3663002.7993109985,4253788.029320415
2014-03-13,590785.2300094161,3752858.179425,4343643.409434416
2014-03-14,590785.2300094161,3765346.644447002,4356131.874456419
2014-03-17,590785.2300094161,3874328.682182999,4465113.912192415
2014-03-18,590785.2300094161,3901001.487656001,4491786.717665417
2014-03-19,590785.2300094161,3905234.1711139996,4496019.401123416
2014-03-20,590785.2300094161,3799678.959711001,4390464.189720416
2014-03-21,590785.2300094161,3829075.6139549995,4419860.843964416
2014-03-24,590785.2300094161,3793685.698812,4384470.928821417
2014-03-25,590785.2300094161,3782928.6922199996,4373713.922229416
2014-03-26,590785.2300094161,3801829.992057999,4392615.222067416
2014-03-27,590785.2300094161,3699647.303838002,4290432.533847418
2014-03-28,590785.2300094161,3547109.36077,4137894.5907794163
2014-03-31,590785.2300094161,3524093.8145389985,4114879.0445484146
2014-04-01,590785.2300094161,3540823.1278220005,4131608.3578314167
2014-04-02,590785.2300094161,3471936.409589,4062721.639598416
2014-04-03,590785.2300094161,3464244.825798001,4055030.0558074173
2014-04-04,590785.2300094161,3505816.2879230008,4096601.517932417
2014-04-08,590785.2300094161,3527157.3668840006,4117942.5968934167
2014-04-09,590785.2300094161,3628144.188278999,4218929.418288415
2014-04-10,590785.2300094161,3683193.4991119998,4273978.729121416
2014-04-11,590785.2300094161,3652189.642326,4242974.872335416
2014-04-14,590785.2300094161,3689472.0044769994,4280257.234486416
2014-04-15,590785.2300094161,3672578.4843760002,4263363.714385416
2014-04-16,590785.2300094161,3651772.0024869987,4242557.232496414
2014-04-17,590785.2300094161,3652571.1309020016,4243356.360911418
2014-04-18,590785.2300094161,3686473.688823,4277258.918832416
2014-04-21,590785.2300094161,3611992.4061429994,4202777.636152416
2014-04-22,590785.2300094161,3572245.6957379985,4163030.9257474146
2014-04-23,590785.2300094161,3544332.5408040006,4135117.7708134167
2014-04-24,590785.2300094161,3508147.2806579997,4098932.510667416
2014-04-25,590785.2300094161,3444605.122717,4035390.352726416
2014-04-28,590785.2300094161,3302550.745189,3893335.975198416
2014-04-29,590785.2300094161,3339183.8984600008,3929969.128469417
2014-04-30,590785.2300094161,3375403.732334,3966188.962343416
2014-05-05,590785.2300094161,3445874.692016,4036659.922025416
2014-05-06,2268468.8172713458,1798933.2418790003,4067402.059150346
2014-05-07,2268468.8172713458,1771382.0009919996,4039850.8182633454
2014-05-08,2268468.8172713458,1769752.5859479995,4038221.403219345
2014-05-09,2268468.8172713458,1749467.853659,4017936.6709303455
2014-05-12,2268468.8172713458,1788409.6706799997,4056878.4879513457
2014-05-13,2268468.8172713458,1789231.9177869998,4057700.735058346
2014-05-14,2268468.8172713458,1790367.4907559997,4058836.3080273457
2014-05-15,2268468.8172713458,1751521.0010850003,4019989.8183563463
2014-05-16,2268468.8172713458,1753732.876396001,4022201.6936673466
2014-05-19,2268468.8172713458,1749744.6716310002,4018213.488902346
2014-05-20,2268468.8172713458,1766156.4590389992,4034625.276310345
2014-05-21,2268468.8172713458,1781956.075017,4050424.892288346
2014-05-22,2268468.8172713458,1788486.7907470006,4056955.608018346
2014-05-23,2268468.8172713458,1811850.0449599999,4080318.862231346
2014-05-26,2268468.8172713458,1840947.1331840002,4109415.950455346
2014-05-27,2268468.8172713458,1834914.8181490006,4103383.6354203466
2014-05-28,2268468.8172713458,1859922.9357650008,4128391.7530363463
2014-05-29,2268468.8172713458,1832246.5802080005,4100715.397479346
2014-05-30,2268468.8172713458,1831900.4141509992,4100369.231422345
2014-06-03,2268468.8172713458,1830718.926477,4099187.7437483454
2014-06-04,2268468.8172713458,1815417.5866170006,4083886.4038883466
2014-06-05,2268468.8172713458,1839900.6334920006,4108369.4507633466
2014-06-06,2268468.8172713458,1848253.0809169998,4116721.8981883456
2014-06-09,2268468.8172713458,1837412.4531520004,4105881.270423346
2014-06-10,2268468.8172713458,1859788.9613650003,4128257.778636346
2014-06-11,2268468.8172713458,1875118.9998550003,4143587.817126346
2014-06-12,2268468.8172713458,1875315.6330370007,4143784.450308346
2014-06-13,2268468.8172713458,1902891.6512370007,4171360.4685083465
2014-06-16,2268468.8172713458,1923925.9360739996,4192394.753345345
2014-06-17,2268468.8172713458,1911505.1820359998,4179973.9993073456
2014-06-18,2268468.8172713458,1891144.4692490003,4159613.286520346
2014-06-19,2268468.8172713458,1840564.2456419999,4109033.0629133456
2014-06-20,2268468.8172713458,1857352.280282,4125821.097553346
2014-06-23,2268468.8172713458,1877687.6007000003,4146156.417971346
2014-06-24,2268468.8172713458,1888753.1419699995,4157221.9592413455
2014-06-25,2268468.8172713458,1884019.918792,4152488.736063346
2014-06-26,2268468.8172713458,1911161.309323001,4179630.126594347
2014-06-27,2268468.8172713458,1923748.7902229999,4192217.607494346
2014-06-30,2268468.8172713458,1935026.2094820007,4203495.026753346
2014-07-01,2268468.8172713458,1951758.401857001,4220227.219128347
2014-07-02,2268468.8172713458,1961678.6173930005,4230147.434664346
2014-07-03,2268468.8172713458,1980420.8664370007,4248889.683708346
2014-07-04,2268468.8172713458,1984035.1561359998,4252503.973407346
2014-07-07,2268468.8172713458,1994733.5799150001,4263202.397186346
2014-07-08,2268468.8172713458,2008322.108523,4276790.925794346
2014-07-09,2268468.8172713458,1972857.5102239999,4241326.327495346
2014-07-10,2268468.8172713458,1985657.7752120004,4254126.592483346
2014-07-11,2268468.8172713458,1997323.1447660006,4265791.962037346
2014-07-14,2268468.8172713458,2019821.5240390005,4288290.3413103465
2014-07-15,2268468.8172713458,2013043.8269109998,4281512.644182346
2014-07-16,2268468.8172713458,1986275.3546860004,4254744.171957346
2014-07-17,2268468.8172713458,1981346.5468610006,4249815.364132347
2014-07-18,2268468.8172713458,1977097.309312,4245566.126583345
2014-07-21,2268468.8172713458,1966847.628185999,4235316.445457345
2014-07-22,2268468.8172713458,1994715.6530019992,4263184.470273345
2014-07-23,2268468.8172713458,1961137.3022850002,4229606.119556346
2014-07-24,2268468.8172713458,1935311.2922280007,4203780.109499346
2014-07-25,2268468.8172713458,1948624.2827019994,4217093.099973345
2014-07-28,2268468.8172713458,1984048.3723169998,4252517.189588346
2014-07-29,2268468.8172713458,2006437.9492080004,4274906.766479346
2014-07-30,2268468.8172713458,2015368.6626260008,4283837.479897346
2014-07-31,2268468.8172713458,2030178.8465039995,4298647.663775345
2014-08-01,515825.78682083334,3750947.3694989993,4266773.156319832
2014-08-04,515825.78682083334,3788693.635362,4304519.422182834
2014-08-05,515825.78682083334,3809272.052547,4325097.839367833
2014-08-06,515825.78682083334,3830233.8842909997,4346059.671111833
2014-08-07,515825.78682083334,3775571.634301999,4291397.421122832
2014-08-08,515825.78682083334,3823288.716532,4339114.503352833
2014-08-11,515825.78682083334,3888427.121085998,4404252.907906831
2014-08-12,515825.78682083334,3922049.793351999,4437875.580172832
2014-08-13,515825.78682083334,3958027.3302989993,4473853.117119833
2014-08-14,515825.78682083334,3937506.8607469997,4453332.647567833
2014-08-15,515825.78682083334,3976477.032279,4492302.819099833
2014-08-18,515825.78682083334,4051349.7759590005,4567175.562779834
2014-08-19,515825.78682083334,4032592.250647,4548418.037467834
2014-08-20,515825.78682083334,4036036.369261,4551862.156081833
2014-08-21,515825.78682083334,4048494.0943930005,4564319.881213834
2014-08-22,515825.78682083334,4083777.304101,4599603.090921833
2014-08-25,515825.78682083334,4050983.412723999,4566809.199544832
2014-08-26,515825.78682083334,3991872.5292980005,4507698.316118834
2014-08-27,515825.78682083334,4017763.265787001,4533589.052607834
2014-08-28,515825.78682083334,3971988.7811269998,4487814.567947833
2014-08-29,515825.78682083334,4017459.33986,4533285.126680833
2014-09-01,515825.78682083334,4098462.432382,4614288.219202833
2014-09-02,515825.78682083334,4163027.2797689997,4678853.066589833
2014-09-03,515825.78682083334,4199569.752301999,4715395.539122833
2014-09-04,515825.78682083334,4235358.494022999,4751184.2808438325
2014-09-05,515825.78682083334,4264130.776908,4779956.563728834
2014-09-09,515825.78682083334,4288810.181709001,4804635.968529834
2014-09-10,515825.78682083334,4304486.372343,4820312.159163834
2014-09-11,515825.78682083334,4291232.659366,4807058.446186834
2014-09-12,515825.78682083334,4340461.353219,4856287.140039833
2014-09-15,515825.78682083334,4369155.9174,4884981.704220833
2014-09-16,515825.78682083334,4199066.448302002,4714892.235122835
2014-09-17,515825.78682083334,4213955.784047001,4729781.570867835
2014-09-18,515825.78682083334,4245054.142569,4760879.9293898335
2014-09-19,515825.78682083334,4317888.995389999,4833714.782210832
2014-09-22,515825.78682083334,4276522.241375,4792348.028195834
2014-09-23,515825.78682083334,4314033.515125,4829859.3019458335
2014-09-24,515825.78682083334,4377071.655091002,4892897.441911835
2014-09-25,515825.78682083334,4387225.208587,4903050.995407834
2014-09-26,515825.78682083334,4430716.367571001,4946542.1543918345
2014-09-29,515825.78682083334,4451797.054682001,4967622.841502834
2014-09-30,515825.78682083334,4473957.5011020005,4989783.287922834
2014-10-08,515825.78682083334,4528660.094602999,5044485.881423833
2014-10-09,515825.78682083334,4540632.064399,5056457.851219834
2014-10-10,515825.78682083334,4517294.599075,5033120.385895833
2014-10-13,515825.78682083334,4526430.928340001,5042256.715160835
2014-10-14,515825.78682083334,4527397.8365360005,5043223.623356834
2014-10-15,515825.78682083334,4541547.622171,5057373.408991833
2014-10-16,515825.78682083334,4471686.062218,4987511.849038834
2014-10-17,515825.78682083334,4384669.808606,4900495.595426833
2014-10-20,515825.78682083334,4475931.289583,4991757.076403834
2014-10-21,515825.78682083334,4450838.828802,4966664.615622833
2014-10-22,515825.78682083334,4389493.3167,4905319.103520834
2014-10-23,515825.78682083334,4319387.966738,4835213.753558833
2014-10-24,515825.78682083334,4312753.786506001,4828579.5733268345
2014-10-27,515825.78682083334,4354812.151949001,4870637.938769834
2014-10-28,515825.78682083334,4473074.905574,4988900.692394834
2014-10-29,515825.78682083334,4530809.009059,5046634.795879833
2014-10-30,515825.78682083334,4539166.78655,5054992.573370834
2014-10-31,515825.78682083334,4506757.167694999,5022582.9545158325
2014-11-03,33260.24052043523,5059451.319511002,5092711.560031437
2014-11-04,33260.24052043523,5030117.173101001,5063377.413621437
2014-11-05,33260.24052043523,5019095.2738930015,5052355.514413437
2014-11-06,33260.24052043523,5062942.453958999,5096202.694479435
2014-11-07,33260.24052043523,5005522.838854001,5038783.079374436
2014-11-10,33260.24052043523,5033475.117934002,5066735.358454437
2014-11-11,33260.24052043523,4839140.763359998,4872401.003880434
2014-11-12,33260.24052043523,4924591.222643,4957851.463163435
2014-11-13,33260.24052043523,4840602.586104003,4873862.826624438
2014-11-14,33260.24052043523,4832072.204964,4865332.445484435
2014-11-17,33260.24052043523,4889005.285502002,4922265.526022437
2014-11-18,33260.24052043523,4921045.953958999,4954306.194479435
2014-11-19,33260.24052043523,4972567.069778,5005827.310298435
2014-11-20,33260.24052043523,4958833.692078,4992093.932598435
2014-11-21,33260.24052043523,5009143.497292002,5042403.737812437
2014-11-24,33260.24052043523,5063763.701805,5097023.942325436
2014-11-25,33260.24052043523,5153872.904636002,5187133.1451564375
2014-11-26,33260.24052043523,5187577.589571999,5220837.830092435
2014-11-27,33260.24052043523,5257520.086924001,5290780.327444436
2014-11-28,33260.24052043523,5239360.749930001,5272620.990450436
2014-12-01,33260.24052043523,5188324.900507,5221585.141027436
2014-12-02,33260.24052043523,5234712.615751998,5267972.856272433
2014-12-03,33260.24052043523,5287237.195243,5320497.435763435
2014-12-04,33260.24052043523,5369924.667971003,5403184.908491438
2014-12-05,33260.24052043523,5262833.755040002,5296093.995560437
2014-12-08,33260.24052043523,5302849.949125,5336110.189645436
2014-12-09,33260.24052043523,5059325.78823,5092586.028750435
2014-12-10,33260.24052043523,5196835.110822,5230095.351342435
2014-12-11,33260.24052043523,5266264.760254003,5299525.0007744385
2014-12-12,33260.24052043523,5320632.291173999,5353892.531694435
2014-12-15,33260.24052043523,5414314.803859002,5447575.044379437
2014-12-16,33260.24052043523,5464882.991358999,5498143.231879435
2014-12-17,33260.24052043523,5421998.796813001,5455259.037333436
2014-12-18,33260.24052043523,5398945.7325989995,5432205.973119435
2014-12-19,33260.24052043523,5336588.107039001,5369848.347559436
2014-12-22,33260.24052043523,5071196.833555,5104457.074075435
2014-12-23,33260.24052043523,4975380.061238,5008640.301758436
2014-12-24,33260.24052043523,5067286.988506001,5100547.229026437
2014-12-25,33260.24052043523,5161633.272248,5194893.512768435
2014-12-26,33260.24052043523,5201854.301404,5235114.541924436
2014-12-29,33260.24052043523,5107023.310146,5140283.550666436
2014-12-30,33260.24052043523,5026537.623262999,5059797.863783434
2014-12-31,33260.24052043523,5037156.175692,5070416.416212436
2015-01-05,33260.24052043523,5079992.106853999,5113252.347374435
2015-01-06,33260.24052043523,5167050.945412999,5200311.185933434
2015-01-07,33260.24052043523,5179758.931987,5213019.172507435
2015-01-08,33260.24052043523,5156374.2311660005,5189634.471686436
2015-01-09,33260.24052043523,5134109.050871999,5167369.291392434
2015-01-12,33260.24052043523,5047024.163072001,5080284.403592437
2015-01-13,33260.24052043523,5108863.847968,5142124.088488435
2015-01-14,33260.24052043523,5097141.842195999,5130402.082716434
2015-01-15,33260.24052043523,5157525.495829001,5190785.736349436
2015-01-16,33260.24052043523,5229486.526954002,5262746.767474437
2015-01-19,33260.24052043523,5058675.749288001,5091935.9898084365
2015-01-20,33260.24052043523,5234766.462993998,5268026.7035144335
2015-01-21,33260.24052043523,5364859.651949,5398119.892469435
2015-01-22,33260.24052043523,5481295.515458998,5514555.755979434
2015-01-23,33260.24052043523,5422062.256684999,5455322.497205434
2015-01-26,33260.24052043523,5541841.551243001,5575101.791763436
2015-01-27,33260.24052043523,5580128.0929539995,5613388.333474435
2015-01-28,33260.24052043523,5538847.651987999,5572107.892508434
2015-01-29,33260.24052043523,5500121.672539001,5533381.913059437
2015-01-30,33260.24052043523,5433347.743098998,5466607.983619434
2015-02-02,33260.24052043523,5405578.215925999,5438838.456446434
2015-02-03,33260.24052043523,5491664.519506998,5524924.760027434
2015-02-04,33260.24052043523,5488036.176966,5521296.417486436
2015-02-05,33260.24052043523,5459226.869396002,5492487.109916437
2015-02-06,33260.24052043523,5318930.138185999,5352190.378706435
2015-02-09,33260.24052043523,5287688.724909996,5320948.965430431
2015-02-10,33260.24052043523,5341643.43219,5374903.672710435
2015-02-11,33260.24052043523,5406476.752096999,5439736.992617435
2015-02-12,33260.24052043523,5440262.572379997,5473522.812900432
2015-02-13,33260.24052043523,5564260.509178002,5597520.749698438
2015-02-16,33260.24052043523,5678549.486292999,5711809.726813435
2015-02-17,33260.24052043523,5707757.440377002,5741017.680897437
2015-02-25,33260.24052043523,5715560.617058,5748820.857578435
2015-02-26,33260.24052043523,5767715.141714001,5800975.382234436
2015-02-27,33260.24052043523,5841972.527042002,5875232.767562438
2015-03-02,33260.24052043523,5953224.975292999,5986485.215813435
2015-03-03,33260.24052043523,5955484.90379,5988745.144310435
2015-03-04,33260.24052043523,6024043.968036,6057304.208556435
2015-03-05,33260.24052043523,6073654.622125999,6106914.862646434
2015-03-06,33260.24052043523,6023205.203467997,6056465.443988432
2015-03-09,33260.24052043523,6104944.842162998,6138205.082683434
2015-03-10,33260.24052043523,6150982.2709989995,6184242.511519435
2015-03-11,33260.24052043523,6183531.1508059995,6216791.391326435
2015-03-12,33260.24052043523,6164558.296123,6197818.536643435
2015-03-13,33260.24052043523,6228610.040890999,6261870.2814114345
2015-03-16,33260.24052043523,6396844.186900999,6430104.427421435
2015-03-17,33260.24052043523,6537332.3634009985,6570592.603921434
2015-03-18,33260.24052043523,6667461.914241999,6700722.154762435
2015-03-19,33260.24052043523,6698891.963385,6732152.203905435
2015-03-20,33260.24052043523,6761813.980699,6795074.221219435
2015-03-23,33260.24052043523,6941226.573791,6974486.814311435
2015-03-24,33260.24052043523,7019279.103728001,7052539.344248436
2015-03-25,33260.24052043523,7104011.618449,7137271.858969435
2015-03-26,33260.24052043523,7024943.258640001,7058203.499160436
2015-03-27,33260.24052043523,7109920.810167999,7143181.050688434
2015-03-30,33260.24052043523,7161134.049296001,7194394.289816436
2015-03-31,33260.24052043523,7190244.419525999,7223504.660046434
2015-04-01,33260.24052043523,7355346.454193,7388606.694713435
2015-04-02,33260.24052043523,7517662.704162,7550922.944682435
2015-04-03,33260.24052043523,7616569.0247909995,7649829.265311435
2015-04-07,33260.24052043523,7760944.117785001,7794204.358305437
2015-04-08,33260.24052043523,7737217.912177999,7770478.152698434
2015-04-09,33260.24052043523,7652796.799767,7686057.040287435
2015-04-10,33260.24052043523,7803468.452372999,7836728.692893434
2015-04-13,33260.24052043523,7947579.277952001,7980839.518472437
2015-04-14,33260.24052043523,7980352.984524002,8013613.225044438
2015-04-15,33260.24052043523,7672797.213772,7706057.454292435
2015-04-16,33260.24052043523,7763036.290771999,7796296.531292435
2015-04-17,33260.24052043523,7827410.211067001,7860670.451587437
2015-04-20,33260.24052043523,7657206.242289999,7690466.482810434
2015-04-21,33260.24052043523,7933490.293452002,7966750.5339724375
2015-04-22,33260.24052043523,8179703.507205999,8212963.747726435
2015-04-23,33260.24052043523,8319314.83954,8352575.080060435
2015-04-24,33260.24052043523,8373003.562953,8406263.803473435
2015-04-27,33260.24052043523,8482382.969864,8515643.210384434
2015-04-28,33260.24052043523,8337639.434164998,8370899.6746854335
2015-04-29,33260.24052043523,8547272.010184001,8580532.250704436
2015-04-30,33260.24052043523,8582630.867811996,8615891.108332431
2015-05-04,33260.24052043523,8681277.610488,8714537.851008434
2015-05-05,1439072.4134651725,6947685.320605998,8386757.734071171
2015-05-06,1439072.4134651725,6924616.378571997,8363688.79203717
2015-05-07,1439072.4134651725,6787465.910521999,8226538.323987171
2015-05-08,1439072.4134651725,7074106.725257999,8513179.138723172
2015-05-11,1439072.4134651725,7401305.916560001,8840378.330025174
2015-05-12,1439072.4134651725,7557735.457928998,8996807.87139417
2015-05-13,1439072.4134651725,7614526.249240996,9053598.662706168
2015-05-14,1439072.4134651725,7676394.618345001,9115467.031810174
2015-05-15,1439072.4134651725,7671669.647650998,9110742.06111617
2015-05-18,1439072.4134651725,7819781.188317996,9258853.60178317
2015-05-19,1439072.4134651725,8006907.949163998,9445980.36262917
2015-05-20,1439072.4134651725,8147366.036440998,9586438.44990617
2015-05-21,1439072.4134651725,8476614.624495998,9915687.03796117
2015-05-22,1439072.4134651725,8643064.159706002,10082136.573171174
2015-05-25,1439072.4134651725,8826262.739331996,10265335.152797168
2015-05-26,1439072.4134651725,9174608.863740994,10613681.277206166
2015-05-27,1439072.4134651725,9293200.967904994,10732273.381370166
2015-05-28,1439072.4134651725,8712390.328094997,10151462.741560169
2015-05-29,1439072.4134651725,8832436.930512,10271509.343977172
2015-06-01,1439072.4134651725,9266390.148692995,10705462.562158167
2015-06-02,1439072.4134651725,9657818.931035997,11096891.34450117
2015-06-03,1439072.4134651725,9750331.164218996,11189403.577684168
2015-06-04,1439072.4134651725,9734534.263386996,11173606.676852169
2015-06-05,1439072.4134651725,9779640.471555999,11218712.88502117
2015-06-08,1439072.4134651725,9519584.948198996,10958657.361664169
2015-06-09,1439072.4134651725,9578701.444494998,11017773.85796017
2015-06-10,1439072.4134651725,9827127.802997,11266200.216462173
2015-06-11,1439072.4134651725,10001187.272915002,11440259.686380174
2015-06-12,1439072.4134651725,10114615.488131998,11553687.90159717
2015-06-15,1439072.4134651725,9888824.255362997,11327896.668828169
2015-06-16,1439072.4134651725,9516618.956147995,10955691.369613167
2015-06-17,1439072.4134651725,9699789.714390997,11138862.127856169
2015-06-18,1439072.4134651725,9368455.506480996,10807527.919946168
2015-06-19,1439072.4134651725,8825471.311342997,10264543.72480817
2015-06-23,1439072.4134651725,8799753.906281995,10238826.319747167
2015-06-24,1439072.4134651725,8925289.799283994,10364362.212749166
2015-06-25,1439072.4134651725,8514806.151208995,9953878.564674167
2015-06-26,1439072.4134651725,7868296.112678996,9307368.52614417
2015-06-29,1439072.4134651725,7349892.4321449995,8788964.845610172
2015-06-30,1439072.4134651725,7632308.737097995,9071381.150563167
2015-07-01,1439072.4134651725,7320008.203235997,8759080.616701169
2015-07-02,1439072.4134651725,6877433.745449995,8316506.158915168
2015-07-03,1439072.4134651725,6503499.966724999,7942572.380190171
2015-07-06,1439072.4134651725,6257841.642967998,7696914.056433171
2015-07-07,1439072.4134651725,5923896.269616002,7362968.683081174
2015-07-08,1439072.4134651725,5760689.819182002,7199762.232647175
2015-07-09,1439072.4134651725,5946146.3681350015,7385218.781600174
2015-07-10,1439072.4134651725,6147552.613153,7586625.026618173
2015-07-13,1439072.4134651725,6355626.625122998,7794699.03858817
2015-07-14,1439072.4134651725,6451470.485637002,7890542.899102174
2015-07-15,1439072.4134651725,6207364.941737,7646437.355202172
2015-07-16,1439072.4134651725,6249373.212191998,7688445.625657171
2015-07-17,1439072.4134651725,6557172.315056998,7996244.72852217
2015-07-20,1439072.4134651725,6732427.7402759995,8171500.153741172
2015-07-21,1439072.4134651725,6862709.940881999,8301782.354347171
2015-07-22,1439072.4134651725,6955423.413498,8394495.826963173
2015-07-23,1439072.4134651725,7147187.918768998,8586260.33223417
2015-07-24,1439072.4134651725,7078803.669644,8517876.083109172
2015-07-27,1439072.4134651725,6615100.145369998,8054172.558835171
2015-07-28,1439072.4134651725,6404454.275157999,7843526.688623171
2015-07-29,1439072.4134651725,6684511.927182998,8123584.340648171
2015-07-30,1439072.4134651725,6527365.850397001,7966438.263862174
2015-07-31,1439072.4134651725,6401471.4042879995,7840543.817753172
2015-08-03,1502479.5343992775,5998828.897999001,7501308.432398278
2015-08-04,1502479.5343992775,6322104.898021001,7824584.432420279
2015-08-05,1502479.5343992775,6274115.9506939985,7776595.485093276
2015-08-06,1502479.5343992775,6271751.037313999,7774230.571713276
2015-08-07,1502479.5343992775,6500350.509955001,8002830.044354279
2015-08-10,1502479.5343992775,6794603.282408002,8297082.816807279
2015-08-11,1502479.5343992775,6884459.661921998,8386939.196321275
2015-08-12,1502479.5343992775,6781532.112325001,8284011.646724278
2015-08-13,1502479.5343992775,6977375.287177999,8479854.821577277
2015-08-14,1502479.5343992775,7025470.217498998,8527949.751898276
2015-08-17,1502479.5343992775,7134311.847253999,8636791.381653275
2015-08-18,1502479.5343992775,6666082.143098,8168561.677497278
2015-08-19,1502479.5343992775,6807856.262883001,8310335.797282279
2015-08-20,1502479.5343992775,6587203.080077003,8089682.61447628
2015-08-21,1502479.5343992775,6243469.043042999,7745948.577442276
2015-08-24,1502479.5343992775,5793761.000036,7296240.534435278
2015-08-25,1502479.5343992775,5407236.018839998,6909715.553239276
2015-08-26,1502479.5343992775,5129257.606411999,6631737.140811277
2015-08-27,1502479.5343992775,5232007.795825997,6734487.330225275
2015-08-28,1502479.5343992775,5544329.234383,7046808.768782278
2015-08-31,1502479.5343992775,5355782.825710001,6858262.360109279
2015-09-01,1502479.5343992775,5069979.0042469995,6572458.538646277
2015-09-02,1502479.5343992775,4871659.8477030005,6374139.382102278
2015-09-07,1502479.5343992775,4938467.620836,6440947.1552352775
2015-09-08,1502479.5343992775,5147577.385672,6650056.920071278
2015-09-09,1502479.5343992775,5342226.199591,6844705.733990277
2015-09-10,1502479.5343992775,5254007.902579001,6756487.436978279
2015-09-11,1502479.5343992775,5356842.058902001,6859321.593301279
2015-09-14,1502479.5343992775,5037556.054258001,6540035.588657279
2015-09-15,1502479.5343992775,4778128.239415999,6280607.773815276
2015-09-16,1502479.5343992775,5062947.811389997,6565427.345789274
2015-09-17,1502479.5343992775,5006861.421914998,6509340.956314276
2015-09-18,1502479.5343992775,5092008.010686997,6594487.545086275
2015-09-21,1502479.5343992775,5268075.449759,6770554.9841582775
2015-09-22,1502479.5343992775,5321531.5219020005,6824011.056301278
2015-09-23,1502479.5343992775,5287388.305278,6789867.839677278
2015-09-24,1502479.5343992775,5337124.674883997,6839604.209283275
2015-09-25,1502479.5343992775,5128029.149066,6630508.683465278
2015-09-28,1502479.5343992775,5241058.7674980005,6743538.301897278
2015-09-29,1502479.5343992775,5146253.800185,6648733.334584277
2015-09-30,1502479.5343992775,5130389.258272999,6632868.7926722765
2015-10-08,1502479.5343992775,5340030.558480001,6842510.092879279
2015-10-09,1502479.5343992775,5431781.341793002,6934260.876192279
2015-10-12,1502479.5343992775,5641128.765626001,7143608.300025279
2015-10-13,1502479.5343992775,5718338.169617,7220817.704016278
2015-10-14,1502479.5343992775,5691522.704215,7194002.238614278
2015-10-15,1502479.5343992775,5838055.892454,7340535.426853278
2015-10-16,1502479.5343992775,5936273.166666,7438752.701065278
2015-10-19,1502479.5343992775,5922980.248894999,7425459.783294276
2015-10-20,1502479.5343992775,6044522.204941999,7547001.739341277
2015-10-21,1502479.5343992775,5694211.289880001,7196690.8242792785
2015-10-22,1502479.5343992775,5925705.773116999,7428185.307516277
2015-10-23,1502479.5343992775,6070249.9215020025,7572729.45590128
2015-10-26,1502479.5343992775,6091821.239006002,7594300.77340528
2015-10-27,1502479.5343992775,6148738.582681,7651218.117080278
2015-10-28,1502479.5343992775,5975639.414174,7478118.948573277
2015-10-29,1502479.5343992775,6039434.341036004,7541913.875435282
2015-10-30,1502479.5343992775,6012755.835310999,7515235.369710277
2015-11-02,1502479.5343992775,5823675.534878001,7326155.069277278
2015-11-03,4078337.385364224,3222140.7416910008,7300478.127055225
2015-11-04,4078337.385364224,3379127.582700001,7457464.968064225
2015-11-05,4078337.385364224,3373594.5457169986,7451931.931081222
2015-11-06,4078337.385364224,3462799.109106999,7541136.494471223
2015-11-09,4078337.385364224,3544932.714086001,7623270.099450225
2015-11-10,4078337.385364224,3586331.394151,7664668.779515224
2015-11-11,4078337.385364224,3669696.660141998,7748034.045506222
2015-11-12,4078337.385364224,3680312.779795001,7758650.165159225
2015-11-13,4078337.385364224,3638997.0280020004,7717334.413366225
2015-11-16,4078337.385364224,3720555.434542999,7798892.819907224
2015-11-17,4078337.385364224,3684006.0088309986,7762343.394195223
2015-11-18,4078337.385364224,3648674.290554,7727011.675918224
2015-11-19,4078337.385364224,3769885.0626700013,7848222.448034225
2015-11-20,4078337.385364224,3859760.046248999,7938097.431613224
2015-11-23,4078337.385364224,3814487.330056,7892824.715420224
2015-11-24,4078337.385364224,3895882.4392600004,7974219.824624225
2015-11-25,4078337.385364224,4003299.62619,8081637.011554224
2015-11-26,4078337.385364224,3969757.705410999,8048095.090775223
2015-11-27,4078337.385364224,3743286.3137860005,7821623.699150225
2015-11-30,4078337.385364224,3784018.838971,7862356.224335224
2015-12-01,4078337.385364224,3728152.639408999,7806490.024773223
2015-12-02,4078337.385364224,3673166.9974999996,7751504.382864224
2015-12-03,4078337.385364224,3782426.131713001,7860763.517077225
2015-12-04,4078337.385364224,3805751.3719629985,7884088.757327223
2015-12-07,4078337.385364224,3886856.055337002,7965193.440701226
2015-12-08,4078337.385364224,3838276.935645002,7916614.321009226
2015-12-09,4078337.385364224,3821726.247654999,7900063.633019224
2015-12-10,4078337.385364224,3805753.7175669987,7884091.102931223
2015-12-11,4078337.385364224,3753996.960867,7832334.346231224
2015-12-14,4078337.385364224,3791269.083484,7869606.468848225
2015-12-15,4078337.385364224,3883262.0936060008,7961599.478970225
2015-12-16,4078337.385364224,3912718.8310559997,7991056.216420224
2015-12-17,4078337.385364224,4012622.5168239987,8090959.902188223
2015-12-18,4078337.385364224,4010891.0900060004,8089228.475370225
2015-12-21,4078337.385364224,4033453.3445230005,8111790.729887225
2015-12-22,4078337.385364224,4081778.5647479994,8160115.950112224
2015-12-23,4078337.385364224,4009261.9293319993,8087599.3146962235
2015-12-24,4078337.385364224,4027834.9382050005,8106172.323569225
2015-12-25,4078337.385364224,4049167.2358619994,8127504.621226223
2015-12-28,4078337.385364224,3957461.805468,8035799.190832224
2015-12-29,4078337.385364224,3980408.784624001,8058746.169988225
2015-12-30,4078337.385364224,4018114.5386649994,8096451.924029224
2015-12-31,4078337.385364224,3938254.530183002,8016591.915547226
2016-01-04,4078337.385364224,3629669.905198,7708007.290562224
2016-01-05,4078337.385364224,3499065.338373999,7577402.723738223
2016-01-06,4078337.385364224,3593727.884308,7672065.269672224
2016-01-07,4078337.385364224,3329525.454773,7407862.840137225
2016-01-08,4078337.385364224,3336211.5521930004,7414548.937557224
2016-01-11,4078337.385364224,3109742.0963339997,7188079.481698224
2016-01-12,4078337.385364224,3109215.705553001,7187553.090917225
2016-01-13,4078337.385364224,3008244.055921,7086581.441285225
2016-01-14,4078337.385364224,3123547.6204509996,7201885.005815224
2016-01-15,4078337.385364224,3060851.1670970023,7139188.5524612265
2016-01-18,4078337.385364224,3121097.6783319996,7199435.063696224
2016-01-19,4078337.385364224,3210312.4646980013,7288649.850062225
2016-01-20,4078337.385364224,3196851.6240119995,7275189.009376224
2016-01-21,4078337.385364224,3082678.186225999,7161015.571590223
2016-01-22,4078337.385364224,3122743.190972001,7201080.5763362255
2016-01-25,4078337.385364224,3155559.1140810014,7233896.499445226
2016-01-26,4078337.385364224,2942956.2654850013,7021293.650849225
2016-01-27,4078337.385364224,2910504.907828999,6988842.293193223
2016-01-28,4078337.385364224,2806287.0309829987,6884624.416347222
2016-01-29,4078337.385364224,2895417.5070270007,6973754.892391225
2016-02-01,4078337.385364224,2866108.585779001,6944445.971143225
2016-02-02,3506082.4991455534,3567832.061915,7073914.561060553
2016-02-03,3506082.4991455534,3623092.8738169996,7129175.372962553
2016-02-04,3506082.4991455534,3713719.3341320013,7219801.833277555
2016-02-05,3506082.4991455534,3724078.3359829998,7230160.835128553
2016-02-15,3506082.4991455534,3759664.2382050003,7265746.737350553
2016-02-16,3506082.4991455534,3947714.161035,7453796.660180554
2016-02-17,3506082.4991455534,4000946.1275239997,7507028.626669553
2016-02-18,3506082.4991455534,3988848.074011999,7494930.573157553
2016-02-19,3506082.4991455534,4031103.1449150005,7537185.644060554
2016-02-22,3506082.4991455534,4106381.2318820013,7612463.731027555
2016-02-23,3506082.4991455534,4068994.196601001,7575076.695746554
2016-02-24,3506082.4991455534,4064256.001270001,7570338.500415554
2016-02-25,3506082.4991455534,3750618.5697000003,7256701.068845553
2016-02-26,3506082.4991455534,3721590.363693,7227672.862838553
2016-02-29,3506082.4991455534,3505931.1499460004,7012013.649091554
2016-03-01,3506082.4991455534,3615605.16156,7121687.660705553
2016-03-02,3506082.4991455534,3795293.042859,7301375.542004554
2016-03-03,3506082.4991455534,3723966.3281699996,7230048.827315553
2016-03-04,3506082.4991455534,3534820.2381829997,7040902.737328554
2016-03-07,3506082.4991455534,3598581.4939410007,7104663.993086554
2016-03-08,3506082.4991455534,3625448.843658001,7131531.342803555
2016-03-09,3506082.4991455534,3585655.1910500005,7091737.690195554
2016-03-10,3506082.4991455534,3493625.319103999,6999707.8182495525
2016-03-11,3506082.4991455534,3422259.537534001,6928342.036679555
2016-03-14,3506082.4991455534,3562192.188278,7068274.687423553
2016-03-15,3506082.4991455534,3514108.530561,7020191.029706554
2016-03-16,3506082.4991455534,3480978.3925459995,6987060.8916915525
2016-03-17,3506082.4991455534,3646777.0117059993,7152859.510851553
2016-03-18,3506082.4991455534,3833036.268899001,7339118.768044555
2016-03-21,3506082.4991455534,4000545.742389,7506628.2415345535
2016-03-22,3506082.4991455534,4027106.811698,7533189.310843553
2016-03-23,3506082.4991455534,4112814.2572560003,7618896.756401554
2016-03-24,3506082.4991455534,4056271.2189169982,7562353.718062552
2016-03-25,3506082.4991455534,3990458.245045999,7496540.7441915525
2016-03-28,3506082.4991455534,3966449.455194999,7472531.954340553
2016-03-29,3506082.4991455534,3897985.5636710012,7404068.062816555
2016-03-30,3506082.4991455534,4055148.705558001,7561231.2047035545
2016-03-31,3506082.4991455534,4095655.766485999,7601738.265631553
2016-04-01,3506082.4991455534,4018669.4216830004,7524751.920828554
2016-04-05,3506082.4991455534,4139616.0881330003,7645698.587278554
2016-04-06,3506082.4991455534,4180334.8680609995,7686417.367206553
2016-04-07,3506082.4991455534,4117994.848829999,7624077.347975552
2016-04-08,3506082.4991455534,4049032.1666200003,7555114.665765554
2016-04-11,3506082.4991455534,4116175.008839,7622257.507984553
2016-04-12,3506082.4991455534,4047897.8949759984,7553980.394121552
2016-04-13,3506082.4991455534,4088379.394688001,7594461.893833554
2016-04-14,3506082.4991455534,4140371.0114249997,7646453.510570553
2016-04-15,3506082.4991455534,4168187.7832419984,7674270.282387552
2016-04-18,3506082.4991455534,4130839.1643990004,7636921.663544554
2016-04-19,3506082.4991455534,4153616.8126740013,7659699.311819555
2016-04-20,3506082.4991455534,3941674.6746599996,7447757.1738055535
2016-04-21,3506082.4991455534,3858176.246107,7364258.745252553
2016-04-22,3506082.4991455534,3915372.588734,7421455.087879553
2016-04-25,3506082.4991455534,3861494.327311,7367576.826456553
2016-04-26,3506082.4991455534,3924122.7612600024,7430205.260405555
2016-04-27,3506082.4991455534,3949433.4382950016,7455515.937440556
2016-04-28,3506082.4991455534,3952688.107941001,7458770.607086554
2016-04-29,3506082.4991455534,3911170.680494999,7417253.179640552
2016-05-03,3506082.4991455534,4034110.4157760004,7540192.914921554
2016-05-04,3762130.429878995,3757903.4044970013,7520033.834375996
2016-05-05,3762130.429878995,3827276.0225969995,7589406.452475995
2016-05-06,3762130.429878995,3700151.6418270003,7462282.071705995
2016-05-09,3762130.429878995,3545636.918694,7307767.3485729955
2016-05-10,3762130.429878995,3524949.9926849995,7287080.422563994
2016-05-11,3762130.429878995,3477965.2527559996,7240095.682634994
2016-05-12,3762130.429878995,3480407.572236001,7242538.002114996
2016-05-13,3762130.429878995,3461603.4247579994,7223733.854636994
2016-05-16,3762130.429878995,3541950.851168999,7304081.281047994
2016-05-17,3762130.429878995,3545266.328328,7307396.758206995
2016-05-18,3762130.429878995,3419814.6565809995,7181945.086459994
2016-05-19,3762130.429878995,3455069.7243999983,7217200.154278994
2016-05-20,3762130.429878995,3490509.493212,7252639.923090994
2016-05-23,3762130.429878995,3560303.8693660013,7322434.299244996
2016-05-24,3762130.429878995,3527089.930095,7289220.359973995
2016-05-25,3762130.429878995,3503072.1259339983,7265202.555812993
2016-05-26,3762130.429878995,3514828.2190819993,7276958.648960995
2016-05-27,3762130.429878995,3490296.2014120016,7252426.631290996
2016-05-30,3762130.429878995,3477872.6528910003,7240003.082769996
2016-05-31,3762130.429878995,3606025.20654,7368155.6364189945
2016-06-01,3762130.429878995,3657870.426892,7420000.856770994
2016-06-02,3762130.429878995,3693066.165680999,7455196.595559994
2016-06-03,3762130.429878995,3700530.700360998,7462661.130239993
2016-06-06,3762130.429878995,3731557.7105799997,7493688.140458995
2016-06-07,3762130.429878995,3727673.8637720007,7489804.293650996
2016-06-08,3762130.429878995,3724643.143154,7486773.573032995
2016-06-13,3762130.429878995,3555662.9674169994,7317793.397295995
2016-06-14,3762130.429878995,3565866.1279939995,7327996.557872994
2016-06-15,3762130.429878995,3684309.414291,7446439.844169995
2016-06-16,3762130.429878995,3699387.441543,7461517.871421995
2016-06-17,3762130.429878995,3744018.3842419987,7506148.814120993
2016-06-20,3762130.429878995,3772041.1390650007,7534171.568943996
2016-06-21,3762130.429878995,3721623.300774,7483753.730652995
2016-06-22,3762130.429878995,3779274.0823640004,7541404.512242995
2016-06-23,3762130.429878995,3763410.9446839984,7525541.374562994
2016-06-24,3762130.429878995,3760130.644877,7522261.074755995
2016-06-27,3762130.429878995,3851494.298304,7613624.728182995
2016-06-28,3762130.429878995,3898786.6523069986,7660917.082185993
2016-06-29,3762130.429878995,3904895.8568860004,7667026.286764995
2016-06-30,3762130.429878995,3892515.743312999,7654646.173191994
2016-07-01,3762130.429878995,3877569.8150569997,7639700.244935995
2016-07-04,3762130.429878995,3949803.2661160002,7711933.695994996
2016-07-05,3762130.429878995,3981650.5705479993,7743781.000426995
2016-07-06,3762130.429878995,4019434.6595989997,7781565.0894779945
2016-07-07,3762130.429878995,4024547.355716,7786677.785594994
2016-07-08,3762130.429878995,3981286.504099,7743416.933977995
2016-07-11,3762130.429878995,3963800.180147999,7725930.610026994
2016-07-12,3762130.429878995,3975821.796729,7737952.226607995
2016-07-13,3762130.429878995,3994288.8601760003,7756419.290054996
2016-07-14,3762130.429878995,3994864.7034720005,7756995.133350995
2016-07-15,3762130.429878995,3974842.1275400016,7736972.5574189965
2016-07-18,3762130.429878995,3938341.901105999,7700472.330984994
2016-07-19,3762130.429878995,3953580.8796240008,7715711.309502996
2016-07-20,3762130.429878995,3963840.4687329996,7725970.898611994
2016-07-21,3762130.429878995,3941772.903130999,7703903.333009994
2016-07-22,3762130.429878995,3903967.895834001,7666098.325712996
2016-07-25,3762130.429878995,3898689.1033149986,7660819.533193993
2016-07-26,3762130.429878995,3941307.679432999,7703438.109311994
2016-07-27,3762130.429878995,3779209.703365,7541340.133243995
2016-07-28,3762130.429878995,3758583.749251,7520714.179129995
2016-07-29,3762130.429878995,3726970.33322,7489100.763098994
2016-08-01,3762130.429878995,3669466.704702,7431597.134580995
2016-08-02,1692901.2244335175,5800185.286841,7493086.511274518
2016-08-03,1692901.2244335175,5786567.017942999,7479468.242376516
2016-08-04,1692901.2244335175,5832719.740686001,7525620.965119518
2016-08-05,1692901.2244335175,5791381.386843999,7484282.611277517
2016-08-08,1692901.2244335175,5861064.588196999,7553965.812630517
2016-08-09,1692901.2244335175,5913166.996064001,7606068.220497519
2016-08-10,1692901.2244335175,5918386.219812998,7611287.444246516
2016-08-11,1692901.2244335175,5792791.484125999,7485692.708559517
2016-08-12,1692901.2244335175,5843765.528953,7536666.753386518
2016-08-15,1692901.2244335175,5948234.908163999,7641136.132597517
2016-08-16,1692901.2244335175,6014060.387274,7706961.611707518
2016-08-17,1692901.2244335175,6022090.365697,7714991.590130517
2016-08-18,1692901.2244335175,6005839.160938999,7698740.385372516
2016-08-19,1692901.2244335175,6023816.582289001,7716717.806722518
2016-08-22,1692901.2244335175,5960414.944372,7653316.168805517
2016-08-23,1692901.2244335175,5953067.0808999995,7645968.3053335175
2016-08-24,1692901.2244335175,5957955.159185999,7650856.383619517
2016-08-25,1692901.2244335175,5893143.992799999,7586045.217233516
2016-08-26,1692901.2244335175,5948065.851000003,7640967.075433521
2016-08-29,1692901.2244335175,5940723.871034,7633625.095467517
2016-08-30,1692901.2244335175,5954499.3906419985,7647400.615075516
2016-08-31,1692901.2244335175,5983288.208682999,7676189.433116516
2016-09-01,1692901.2244335175,5965585.737524001,7658486.961957518
2016-09-02,1692901.2244335175,5915545.715548002,7608446.93998152
2016-09-05,1692901.2244335175,5935481.902760998,7628383.127194516
2016-09-06,1692901.2244335175,6072532.117979001,7765433.342412518
2016-09-07,1692901.2244335175,6045978.738376999,7738879.962810516
2016-09-08,1692901.2244335175,6052765.093059,7745666.317492517
2016-09-09,1692901.2244335175,6072728.249714002,7765629.474147519
2016-09-12,1692901.2244335175,5910944.316148,7603845.540581517
2016-09-13,1692901.2244335175,5933004.840578998,7625906.065012516
2016-09-14,1692901.2244335175,5886944.253649,7579845.478082517
2016-09-19,1692901.2244335175,5933954.415309,7626855.639742518
2016-09-20,1692901.2244335175,5932426.877383,7625328.101816518
2016-09-21,1692901.2244335175,5934215.561271001,7627116.785704518
2016-09-22,1692901.2244335175,5945602.220695999,7638503.4451295175
2016-09-23,1692901.2244335175,5893535.277141,7586436.501574518
2016-09-26,1692901.2244335175,5734009.660929,7426910.885362517
2016-09-27,1692901.2244335175,5812342.458076001,7505243.682509519
2016-09-28,1692901.2244335175,5809029.139384,7501930.363817517
2016-09-29,1692901.2244335175,5800977.251829,7493878.476262517
2016-09-30,1692901.2244335175,5834987.726578002,7527888.95101152
2016-10-10,1692901.2244335175,5963111.083601001,7656012.308034519
2016-10-11,1692901.2244335175,6005939.314585001,7698840.539018519
2016-10-12,1692901.2244335175,5986266.847617001,7679168.072050519
2016-10-13,1692901.2244335175,5968875.972176,7661777.196609518
2016-10-14,1692901.2244335175,5962489.420183003,7655390.64461652
2016-10-17,1692901.2244335175,5906547.867975,7599449.092408517
2016-10-18,1692901.2244335175,6028071.548901,7720972.773334518
2016-10-19,1692901.2244335175,6033298.330365999,7726199.554799516
2016-10-20,1692901.2244335175,6063841.380841,7756742.605274517
2016-10-21,1692901.2244335175,6004770.753371,7697671.977804517
2016-10-24,1692901.2244335175,6034911.424774002,7727812.649207519
2016-10-25,1692901.2244335175,6110193.539192,7803094.7636255175
2016-10-26,1692901.2244335175,6128633.330805001,7821534.555238519
2016-10-27,1692901.2244335175,6141254.071233,7834155.295666518
2016-10-28,1692901.2244335175,6123493.230201001,7816394.454634519
2016-10-31,1692901.2244335175,6084258.957096999,7777160.181530517
2016-11-01,1345473.299679699,6587497.788713,7932971.088392699
2016-11-02,1345473.299679699,6597962.106962998,7943435.406642698
2016-11-03,1345473.299679699,6644668.470310999,7990141.7699906975
2016-11-04,1345473.299679699,6623540.310520002,7969013.610199701
2016-11-07,1345473.299679699,6608163.886032996,7953637.185712695
2016-11-08,1345473.299679699,6633525.588419999,7978998.888099698
2016-11-09,1345473.299679699,6630411.320811999,7975884.620491698
2016-11-10,1345473.299679699,6742866.121712001,8088339.421391699
2016-11-11,1345473.299679699,6718189.032119002,8063662.331798701
2016-11-14,1345473.299679699,6731057.135299,8076530.434978699
2016-11-15,1345473.299679699,6751577.951016998,8097051.250696696
2016-11-16,1345473.299679699,6710326.430022,8055799.7297017
2016-11-17,1345473.299679699,6679395.446159003,8024868.745838702
2016-11-18,1345473.299679699,6688333.260414998,8033806.560094697
2016-11-21,1345473.299679699,6752965.115047999,8098438.414727697
2016-11-22,1345473.299679699,6845137.380139002,8190610.679818701
2016-11-23,1345473.299679699,6805043.634653002,8150516.9343327
2016-11-24,1345473.299679699,6756580.780975002,8102054.080654701
2016-11-25,1345473.299679699,6737843.362906,8083316.662585698
2016-11-28,1345473.299679699,6733983.457319996,8079456.756999696
2016-11-29,1345473.299679699,6637776.894185999,7983250.193865698
2016-11-30,1345473.299679699,6600792.2575090015,7946265.557188701
2016-12-01,1345473.299679699,6679238.725643001,8024712.0253227
2016-12-02,1345473.299679699,6562700.844110002,7908174.143789701
2016-12-05,1345473.299679699,6570670.898316998,7916144.197996696
2016-12-06,1345473.299679699,6641506.740944,7986980.040623698
2016-12-07,1345473.299679699,6703468.532278004,8048941.831957703
2016-12-08,1345473.299679699,6626838.348945999,7972311.648625698
2016-12-09,1345473.299679699,6655419.6034659995,8000892.903145699
2016-12-12,1345473.299679699,6304232.420854999,7649705.720534697
2016-12-13,1345473.299679699,6334844.857833001,7680318.1575127
2016-12-14,1345473.299679699,6271300.425329001,7616773.7250087
2016-12-15,1345473.299679699,6321197.779347,7666671.079026699
2016-12-16,1345473.299679699,6435312.003228999,7780785.302908698
2016-12-19,1345473.299679699,6424881.011898001,7770354.3115777
2016-12-20,1345473.299679699,6434688.493261,7780161.792940699
2016-12-21,1345473.299679699,6482394.248519001,7827867.5481987
2016-12-22,1345473.299679699,6446457.493278995,7791930.792958694
2016-12-23,1345473.299679699,6403793.584272998,7749266.883952698
2016-12-26,1345473.299679699,6445321.538414001,7790794.8380937
2016-12-27,1345473.299679699,6451184.438309,7796657.737988699
2016-12-28,1345473.299679699,6367370.507133001,7712843.8068127
2016-12-29,1345473.299679699,6311996.6891830005,7657469.988862699
2016-12-30,1345473.299679699,6320445.044683,7665918.3443626985
2017-01-03,1345473.299679699,6398899.684756,7744372.984435698
2017-01-04,1345473.299679699,6526392.347038,7871865.646717699
2017-01-05,1345473.299679699,6543262.038994,7888735.3386737
2017-01-06,1345473.299679699,6508804.518848998,7854277.818528697
2017-01-09,1345473.299679699,6502206.815028998,7847680.114708697
2017-01-10,1345473.299679699,6474261.445099,7819734.744778698
2017-01-11,1345473.299679699,6384876.277855001,7730349.5775347
2017-01-12,1345473.299679699,6332133.771331,7677607.0710106995
2017-01-13,1345473.299679699,6236265.403661001,7581738.7033407
2017-01-16,1345473.299679699,5948071.032401001,7293544.3320806995
2017-01-17,1345473.299679699,6051533.067583998,7397006.367263697
2017-01-18,1345473.299679699,6032586.1003720015,7378059.4000517
2017-01-19,1345473.299679699,5985077.698454,7330550.9981336985
2017-01-20,1345473.299679699,6075329.354246002,7420802.6539257
2017-01-23,1345473.299679699,6150538.361456,7496011.6611357
2017-01-24,1345473.299679699,6123617.139007003,7469090.438686702
2017-01-25,1345473.299679699,6123663.247503003,7469136.5471827015
2017-01-26,1345473.299679699,6170782.0641749995,7516255.363854699
2017-02-03,1345473.299679699,6123830.696953002,7469303.996632701
2017-02-06,285215.92891326314,7280462.781728999,7565678.710642261
2017-02-07,285215.92891326314,7320522.367797,7605738.296710264
2017-02-08,285215.92891326314,7370328.295410998,7655544.224324262
2017-02-09,285215.92891326314,7444767.021506002,7729982.950419266
2017-02-10,285215.92891326314,7420725.167552001,7705941.0964652635
2017-02-13,285215.92891326314,7441385.836203001,7726601.765116265
2017-02-14,285215.92891326314,7428982.190360002,7714198.119273266
2017-02-15,285215.92891326314,7321480.529074,7606696.457987264
2017-02-16,285215.92891326314,7375795.001777003,7661010.930690266
2017-02-17,285215.92891326314,7294127.550438999,7579343.479352262
2017-02-20,285215.92891326314,7311139.875608999,7596355.804522263
2017-02-21,285215.92891326314,7384433.449984999,7669649.378898263
2017-02-22,285215.92891326314,7419915.860426004,7705131.789339267
2017-02-23,285215.92891326314,7398480.813235003,7683696.742148265
2017-02-24,285215.92891326314,7438477.727013,7723693.655926263
2017-02-27,285215.92891326314,7429989.299783999,7715205.228697263
2017-02-28,285215.92891326314,7467789.948951001,7753005.877864264
2017-03-01,285215.92891326314,7505515.953073,7790731.881986262
2017-03-02,285215.92891326314,7500825.068369001,7786040.997282265
2017-03-03,285215.92891326314,7508913.4788000025,7794129.407713266
2017-03-06,285215.92891326314,7562996.269588002,7848212.198501265
2017-03-07,285215.92891326314,7534346.683467003,7819562.612380266
2017-03-08,285215.92891326314,7520303.691443001,7805519.620356264
2017-03-09,285215.92891326314,7483063.221910999,7768279.150824262
2017-03-10,285215.92891326314,7549436.881434998,7834652.810348261
2017-03-13,285215.92891326314,7619223.867952001,7904439.796865264
2017-03-14,285215.92891326314,7583088.045813001,7868303.974726263
2017-03-15,285215.92891326314,7531694.122574002,7816910.051487265
2017-03-16,285215.92891326314,7626141.342373999,7911357.271287262
2017-03-17,285215.92891326314,7584453.4019720005,7869669.330885263
2017-03-20,285215.92891326314,7596161.232426002,7881377.161339264
2017-03-21,285215.92891326314,7600653.897775001,7885869.826688264
2017-03-22,285215.92891326314,7583925.195202,7869141.124115264
2017-03-23,285215.92891326314,7605987.750049001,7891203.678962264
2017-03-24,285215.92891326314,7611268.215492001,7896484.144405264
2017-03-27,285215.92891326314,7568320.449601002,7853536.378514266
2017-03-28,285215.92891326314,7548758.392554002,7833974.3214672655
2017-03-29,285215.92891326314,7491446.648096999,7776662.577010263
2017-03-30,285215.92891326314,7285664.49456,7570880.423473263
2017-03-31,285215.92891326314,7292275.594544,7577491.523457263
2017-04-05,285215.92891326314,7437724.709352002,7722940.638265265
2017-04-06,285215.92891326314,7438841.224365004,7724057.153278267
2017-04-07,285215.92891326314,7441732.790213998,7726948.719127262
2017-04-10,285215.92891326314,7377780.561945001,7662996.490858264
2017-04-11,285215.92891326314,7409819.423960999,7695035.352874262
2017-04-12,285215.92891326314,7308947.143858996,7594163.072772259
2017-04-13,285215.92891326314,7318957.286845004,7604173.215758268
2017-04-14,285215.92891326314,7171176.561314001,7456392.490227263
2017-04-17,285215.92891326314,7053735.378917002,7338951.307830265
2017-04-18,285215.92891326314,6960464.638757002,7245680.567670265
2017-04-19,285215.92891326314,6838530.705318,7123746.634231264
2017-04-20,285215.92891326314,6789938.983708,7075154.912621263
2017-04-21,285215.92891326314,6783382.753154003,7068598.682067266
2017-04-24,285215.92891326314,6525731.438690002,6810947.367603265
2017-04-25,285215.92891326314,6533312.592012999,6818528.520926261
2017-04-26,285215.92891326314,6557952.323403002,6843168.252316264
2017-04-27,285215.92891326314,6601547.775713999,6886763.704627262
2017-04-28,285215.92891326314,6671275.720448,6956491.649361264
2017-05-02,285215.92891326314,6678043.340700002,6963259.269613266
2017-05-03,1312028.7853601677,5664328.906319001,6976357.6916791685
2017-05-04,1312028.7853601677,5659033.418996998,6971062.204357166
2017-05-05,1312028.7853601677,5555938.996964999,6867967.782325166
2017-05-08,1312028.7853601677,5391771.0199850015,6703799.805345169
2017-05-09,1312028.7853601677,5444064.623580001,6756093.408940169
2017-05-10,1312028.7853601677,5336335.69501,6648364.480370168
2017-05-11,1312028.7853601677,5330193.846404999,6642222.631765166
2017-05-12,1312028.7853601677,5329495.106785003,6641523.892145171
2017-05-15,1312028.7853601677,5339932.835636,6651961.620996168
2017-05-16,1312028.7853601677,5455425.3217939995,6767454.107154167
2017-05-17,1312028.7853601677,5466794.448903001,6778823.234263169
2017-05-18,1312028.7853601677,5407935.339605999,6719964.124966167
2017-05-19,1312028.7853601677,5387260.009407001,6699288.794767168
2017-05-22,1312028.7853601677,5293911.684198998,6605940.469559166
2017-05-23,1312028.7853601677,5095964.202935002,6407992.98829517
2017-05-24,1312028.7853601677,5104883.307547,6416912.092907168
2017-05-25,1312028.7853601677,5142099.827873001,6454128.613233169
2017-05-26,1312028.7853601677,5114352.3616430005,6426381.147003168
2017-05-31,1312028.7853601677,5100613.467736001,6412642.253096169
2017-06-01,1312028.7853601677,4925075.663973999,6237104.449334167
2017-06-02,1312028.7853601677,4970912.144987999,6282940.930348167
2017-06-05,1312028.7853601677,5028469.152394999,6340497.937755167
2017-06-06,1312028.7853601677,5052490.569739997,6364519.355100165
2017-06-07,1312028.7853601677,5160891.109293998,6472919.894654166
2017-06-08,1312028.7853601677,5164185.3105609985,6476214.095921166
2017-06-09,1312028.7853601677,5183828.054884002,6495856.840244169
2017-06-12,1312028.7853601677,5113997.719755999,6426026.505116167
2017-06-13,1312028.7853601677,5183637.350566002,6495666.135926169
2017-06-14,1312028.7853601677,5199158.111895,6511186.897255167
2017-06-15,1312028.7853601677,5263174.040370998,6575202.825731166
2017-06-16,1312028.7853601677,5256908.440108002,6568937.22546817
2017-06-19,1312028.7853601677,5304786.386505001,6616815.171865169
2017-06-20,1312028.7853601677,5316024.709786999,6628053.495147167
2017-06-21,1312028.7853601677,5343061.215927,6655090.001287168
2017-06-22,1312028.7853601677,5249758.267038001,6561787.0523981685
2017-06-23,1312028.7853601677,5258466.466769001,6570495.252129169
2017-06-26,1312028.7853601677,5335180.875831,6647209.661191167
2017-06-27,1312028.7853601677,5332150.228979999,6644179.014340167
2017-06-28,1312028.7853601677,5315208.120874,6627236.9062341675
2017-06-29,1312028.7853601677,5330380.786362998,6642409.571723166
2017-06-30,1312028.7853601677,5349083.191261,6661111.976621168
2017-07-03,1312028.7853601677,5400756.5948210005,6712785.380181168
2017-07-04,1312028.7853601677,5389118.970796,6701147.756156168
2017-07-05,1312028.7853601677,5430432.192184999,6742460.977545166
2017-07-06,1312028.7853601677,5474676.271892,6786705.057252168
2017-07-07,1312028.7853601677,5504022.103839001,6816050.889199168
2017-07-10,1312028.7853601677,5495400.424987001,6807429.210347169
2017-07-11,1312028.7853601677,5423936.957138001,6735965.742498169
2017-07-12,1312028.7853601677,5443789.975437999,6755818.7607981665
2017-07-13,1312028.7853601677,5463817.709234,6775846.494594168
2017-07-14,1312028.7853601677,5439193.466903,6751222.252263168
2017-07-17,1312028.7853601677,5178891.958195002,6490920.74355517
2017-07-18,1312028.7853601677,5227616.797194999,6539645.582555166
2017-07-19,1312028.7853601677,5320383.355048999,6632412.140409167
2017-07-20,1312028.7853601677,5358602.618184,6670631.403544168
2017-07-21,1312028.7853601677,5361240.865318001,6673269.650678169
2017-07-24,1312028.7853601677,5404411.841050999,6716440.626411167
2017-07-25,1312028.7853601677,5398162.085668999,6710190.8710291665
2017-07-26,1312028.7853601677,5391810.366962001,6703839.152322168
2017-07-27,1312028.7853601677,5439155.098441001,6751183.883801169
2017-07-28,1312028.7853601677,5455723.085633999,6767751.8709941665
2017-07-31,1312028.7853601677,5525710.292472001,6837739.077832169
2017-08-01,315385.0642992261,6517602.894885998,6832987.959185224
2017-08-02,315385.0642992261,6460145.232278,6775530.296577225
2017-08-03,315385.0642992261,6471679.631782999,6787064.696082225
2017-08-04,315385.0642992261,6435807.251822001,6751192.316121227
2017-08-07,315385.0642992261,6492421.3007310005,6807806.365030226
2017-08-08,315385.0642992261,6516946.852211999,6832331.916511225
2017-08-09,315385.0642992261,6536306.272275999,6851691.336575225
2017-08-10,315385.0642992261,6494357.341847998,6809742.406147224
2017-08-11,315385.0642992261,6392350.536069,6707735.600368226
2017-08-14,315385.0642992261,6541011.889759001,6856396.954058227
2017-08-15,315385.0642992261,6551307.063903,6866692.128202226
2017-08-16,315385.0642992261,6565415.515875,6880800.580174225
2017-08-17,315385.0642992261,6630795.220292,6946180.284591226
2017-08-18,315385.0642992261,6616331.68801,6931716.7523092255
2017-08-21,315385.0642992261,6682729.208976,6998114.273275225
2017-08-22,315385.0642992261,6647750.169243998,6963135.233543224
2017-08-23,315385.0642992261,6609890.826797996,6925275.8910972215
2017-08-24,315385.0642992261,6584745.872962999,6900130.937262225
2017-08-25,315385.0642992261,6644737.702478,6960122.766777226
2017-08-28,315385.0642992261,6723754.453873001,7039139.518172227
2017-08-29,315385.0642992261,6702715.543392001,7018100.6076912265
2017-08-30,315385.0642992261,6731126.445999999,7046511.510299224
2017-08-31,315385.0642992261,6764818.786309004,7080203.85060823
2017-09-01,315385.0642992261,6834456.061638001,7149841.125937227
2017-09-04,315385.0642992261,6888666.251523,7204051.315822226
2017-09-05,315385.0642992261,6878979.244718997,7194364.309018223
2017-09-06,315385.0642992261,6900760.741714,7216145.806013226
2017-09-07,315385.0642992261,6842628.616017,7158013.680316226
2017-09-08,315385.0642992261,6847354.390327998,7162739.454627224
2017-09-11,315385.0642992261,6889187.0444990015,7204572.108798227
2017-09-12,315385.0642992261,6925975.773604001,7241360.837903227
2017-09-13,315385.0642992261,6964852.214987,7280237.279286226
2017-09-14,315385.0642992261,6953599.042913999,7268984.107213225
2017-09-15,315385.0642992261,6910454.306706,7225839.371005226
2017-09-18,315385.0642992261,6977645.926924001,7293030.991223227
2017-09-19,315385.0642992261,6949696.079057998,7265081.143357224
2017-09-20,315385.0642992261,7010047.669630002,7325432.733929228
2017-09-21,315385.0642992261,6898283.289960999,7213668.354260225
2017-09-22,315385.0642992261,6845366.377695999,7160751.441995225
2017-09-25,315385.0642992261,6721123.247616,7036508.311915225
2017-09-26,315385.0642992261,6744037.447000999,7059422.511300225
2017-09-27,315385.0642992261,6777419.767780001,7092804.832079227
2017-09-28,315385.0642992261,6751159.660328997,7066544.724628223
2017-09-29,315385.0642992261,6825767.386602,7141152.450901226
2017-10-09,315385.0642992261,6879260.589264003,7194645.653563228
2017-10-10,315385.0642992261,6916866.205133,7232251.269432226
2017-10-11,315385.0642992261,6933260.707451999,7248645.771751225
2017-10-12,315385.0642992261,6919351.788672002,7234736.852971228
2017-10-13,315385.0642992261,6977338.867376999,7292723.931676225
2017-10-16,315385.0642992261,6884694.818545002,7200079.882844227
2017-10-17,315385.0642992261,6872296.248854999,7187681.313154225
2017-10-18,315385.0642992261,6860639.030494001,7176024.094793227
2017-10-19,315385.0642992261,6781473.613322002,7096858.677621228
2017-10-20,315385.0642992261,6836558.199719001,7151943.264018226
2017-10-23,315385.0642992261,6866303.463600999,7181688.527900225
2017-10-24,315385.0642992261,6861820.489465002,7177205.553764228
2017-10-25,315385.0642992261,6905415.418942,7220800.483241226
2017-10-26,315385.0642992261,6927418.523059999,7242803.587359224
2017-10-27,315385.0642992261,6869400.037837002,7184785.102136228
2017-10-30,315385.0642992261,6702630.630260999,7018015.694560225
2017-10-31,315385.0642992261,6779179.028866,7094564.093165225
2017-11-01,89415.29064690902,7013655.911979004,7103071.202625913
2017-11-02,89415.29064690902,6939581.429862001,7028996.72050891
2017-11-03,89415.29064690902,6867692.124003,6957107.414649908
2017-11-06,89415.29064690902,7002952.1062819995,7092367.396928908
2017-11-07,89415.29064690902,7034087.622449,7123502.913095909
2017-11-08,89415.29064690902,7057689.103902999,7147104.394549908
2017-11-09,89415.29064690902,7125642.177130999,7215057.467777908
2017-11-10,89415.29064690902,7186811.827931003,7276227.1185779115
2017-11-13,89415.29064690902,7265126.212056996,7354541.502703905
2017-11-14,89415.29064690902,7228635.718120003,7318051.008766912
2017-11-15,89415.29064690902,7148822.451835997,7238237.742482906
2017-11-16,89415.29064690902,7189538.276887002,7278953.567533911
2017-11-17,89415.29064690902,6967640.273280002,7057055.563926911
2017-11-20,89415.29064690902,7064805.353582998,7154220.644229907
2017-11-21,89415.29064690902,7119474.048632996,7208889.339279905
2017-11-22,89415.29064690902,7095384.958822,7184800.249468909
2017-11-23,89415.29064690902,6897843.109215,6987258.3998619085
2017-11-24,89415.29064690902,6927161.769233001,7016577.05987991
2017-11-27,89415.29064690902,6876065.030362,6965480.321008909
2017-11-28,89415.29064690902,7047880.208526002,7137295.499172911
2017-11-29,89415.29064690902,7143331.961957999,7232747.252604907
2017-11-30,89415.29064690902,7081689.519215998,7171104.809862907
2017-12-01,89415.29064690902,7180255.838756998,7269671.129403907
2017-12-04,89415.29064690902,7130080.848504998,7219496.139151907
2017-12-05,89415.29064690902,6927141.036357999,7016556.327004908
2017-12-06,89415.29064690902,6973587.888562001,7063003.17920891
2017-12-07,89415.29064690902,6971072.826886002,7060488.117532911
2017-12-08,89415.29064690902,7070901.045723001,7160316.336369909
2017-12-11,89415.29064690902,7215092.392906,7304507.683552909
2017-12-12,89415.29064690902,7133965.323372002,7223380.614018911
2017-12-13,89415.29064690902,7179259.551393001,7268674.84203991
2017-12-14,89415.29064690902,7188264.611672999,7277679.902319908
2017-12-15,89415.29064690902,7108870.260388998,7198285.551035907
2017-12-18,89415.29064690902,7053314.865311003,7142730.155957912
2017-12-19,89415.29064690902,7097633.520358001,7187048.81100491
2017-12-20,89415.29064690902,7050729.521841002,7140144.8124879105
2017-12-21,89415.29064690902,7111727.04214,7201142.332786908
2017-12-22,89415.29064690902,7116818.501518998,7206233.792165907
2017-12-25,89415.29064690902,7061798.7834210005,7151214.074067909
2017-12-26,89415.29064690902,7054450.693844998,7143865.984491907
2017-12-27,89415.29064690902,7000967.411695,7090382.702341909
2017-12-28,89415.29064690902,7023068.446442999,7112483.737089908
2017-12-29,89415.29064690902,7085313.112976,7174728.4036229085
2018-01-02,89415.29064690902,7236321.677227003,7325736.967873911
2018-01-03,89415.29064690902,7339587.653873004,7429002.944519913
2018-01-04,89415.29064690902,7446220.632746996,7535635.923393905
2018-01-05,89415.29064690902,7391385.693117998,7480800.983764906
2018-01-08,89415.29064690902,7424254.731774001,7513670.02242091
2018-01-09,89415.29064690902,7428429.612313003,7517844.902959912
2018-01-10,89415.29064690902,7376701.295112,7466116.585758909
2018-01-11,89415.29064690902,7370852.588113998,7460267.878760907
2018-01-12,89415.29064690902,7346783.218103,7436198.508749909
2018-01-15,89415.29064690902,7172076.754884,7261492.045530909
2018-01-16,89415.29064690902,7242263.498523999,7331678.789170908
2018-01-17,89415.29064690902,7209656.663799001,7299071.95444591
2018-01-18,89415.29064690902,7272092.398947001,7361507.68959391
2018-01-19,89415.29064690902,7228314.463251999,7317729.753898907
2018-01-22,89415.29064690902,7319136.507866999,7408551.798513908
2018-01-23,89415.29064690902,7344072.356331004,7433487.646977913
2018-01-24,89415.29064690902,7369283.667728999,7458698.9583759075
2018-01-25,89415.29064690902,7357870.380333004,7447285.670979912
2018-01-26,89415.29064690902,7347942.446016998,7437357.736663907
2018-01-29,89415.29064690902,7305546.212389001,7394961.5030359095
2018-01-30,89415.29064690902,7315424.242396,7404839.533042909
2018-01-31,89415.29064690902,7207551.034464999,7296966.325111908
2018-02-01,4265.549390748478,7061685.3930250015,7065950.94241575
2018-02-02,4265.549390748478,7153047.950488001,7157313.499878749
2018-02-05,4265.549390748478,7187105.8014480015,7191371.35083875
2018-02-06,4265.549390748478,6812404.089777001,6816669.639167749
2018-02-07,4265.549390748478,6807016.711902999,6811282.261293747
2018-02-08,4265.549390748478,6852899.929755999,6857165.479146747
2018-02-09,4265.549390748478,6564598.797418002,6568864.34680875
2018-02-12,4265.549390748478,6769642.42326,6773907.972650748
2018-02-13,4265.549390748478,6845069.342020998,6849334.891411746
2018-02-14,4265.549390748478,6961853.138632999,6966118.688023747
2018-02-22,4265.549390748478,7125609.312929002,7129874.86231975
2018-02-23,4265.549390748478,7174577.501273,7178843.050663748
2018-02-26,4265.549390748478,7315008.619563999,7319274.168954747
2018-02-27,4265.549390748478,7267620.247224998,7271885.796615746
2018-02-28,4265.549390748478,7233113.325784,7237378.875174748
2018-03-01,4265.549390748478,7281318.097038999,7285583.646429747
2018-03-02,4265.549390748478,7230233.481290001,7234499.03068075
2018-03-05,4265.549390748478,7203866.356770998,7208131.906161746
2018-03-06,4265.549390748478,7294022.631308995,7298288.180699743
2018-03-07,4265.549390748478,7207645.154727995,7211910.704118744
2018-03-08,4265.549390748478,7271206.307500003,7275471.856890751
2018-03-09,4265.549390748478,7329108.541846998,7333374.091237746
2018-03-12,4265.549390748478,7444839.473777999,7449105.023168747
2018-03-13,4265.549390748478,7387639.608576999,7391905.157967747
2018-03-14,4265.549390748478,7323291.401325001,7327556.9507157495
2018-03-15,4265.549390748478,7298130.633795,7302396.183185748
2018-03-16,4265.549390748478,7244301.807132999,7248567.356523748
2018-03-19,4265.549390748478,7227148.245499002,7231413.79488975
2018-03-20,4265.549390748478,7231337.645981001,7235603.195371749
2018-03-21,4265.549390748478,7173255.764080001,7177521.313470749
2018-03-22,4265.549390748478,7112674.889171,7116940.438561748
2018-03-23,4265.549390748478,6702608.367651001,6706873.917041749
2018-03-26,4265.549390748478,6821625.369491999,6825890.918882747
2018-03-27,4265.549390748478,6963940.566440999,6968206.115831747
2018-03-28,4265.549390748478,6858274.246086003,6862539.795476751
2018-03-29,4265.549390748478,6929939.168320999,6934204.717711747
2018-03-30,4265.549390748478,7041752.566120001,7046018.115510749
2018-04-02,4265.549390748478,7063042.775255002,7067308.32464575
2018-04-03,4265.549390748478,7015751.994274998,7020017.543665746
2018-04-04,4265.549390748478,6972622.747465,6976888.296855748
2018-04-09,4265.549390748478,6977573.646724001,6981839.196114749
2018-04-10,4265.549390748478,7037936.352315001,7042201.901705749
2018-04-11,4265.549390748478,7090664.451901002,7094930.00129175
2018-04-12,4265.549390748478,7040922.903547001,7045188.452937749
2018-04-13,4265.549390748478,7024279.455189,7028545.004579748
2018-04-16,4265.549390748478,6974776.738281004,6979042.287671752
2018-04-17,4265.549390748478,6810471.976005,6814737.525395748
2018-04-18,4265.549390748478,6923114.753272997,6927380.302663745
2018-04-19,4265.549390748478,7006908.426452001,7011173.975842749
2018-04-20,4265.549390748478,6861864.589937,6866130.139327748
2018-04-23,4265.549390748478,6804252.5447419975,6808518.094132746
2018-04-24,4265.549390748478,6984060.921004,6988326.470394748
2018-04-25,4265.549390748478,6980795.847784997,6985061.397175745
2018-04-26,4265.549390748478,6834226.076250999,6838491.625641747
2018-04-27,4265.549390748478,6832606.436663997,6836871.9860547455
2018-05-02,4265.549390748478,6842589.500124997,6846855.049515746
2018-05-03,2365474.018844987,4551573.364286999,6917047.3831319865
2018-05-04,2365474.018844987,4544117.6630770005,6909591.681921987
2018-05-07,2365474.018844987,4640789.201018998,7006263.219863985
2018-05-08,2365474.018844987,4656868.106358999,7022342.125203986
2018-05-09,2365474.018844987,4646973.043805999,7012447.062650986
2018-05-10,2365474.018844987,4683504.050579001,7048978.069423988
2018-05-11,2365474.018844987,4630338.307401999,6995812.326246986
2018-05-14,2365474.018844987,4620275.167856999,6985749.186701985
2018-05-15,2365474.018844987,4708058.675139,7073532.693983987
2018-05-16,2365474.018844987,4696020.033188,7061494.052032987
2018-05-17,2365474.018844987,4641657.9086959995,7007131.927540986
2018-05-18,2365474.018844987,4662719.891337999,7028193.910182986
2018-05-21,2365474.018844987,4730833.504098998,7096307.522943985
2018-05-22,2365474.018844987,4767236.785706999,7132710.804551985
2018-05-23,2365474.018844987,4726068.326348,7091542.3451929875
2018-05-24,2365474.018844987,4716165.223982999,7081639.242827985
2018-05-25,2365474.018844987,4669056.725195001,7034530.744039988
2018-05-28,2365474.018844987,4665516.7574229995,7030990.776267987
2018-05-29,2365474.018844987,4590700.047478999,6956174.066323986
2018-05-30,2365474.018844987,4455118.247746,6820592.266590986
2018-05-31,2365474.018844987,4540746.717705999,6906220.736550985
2018-06-01,2365474.018844987,4469604.127926998,6835078.146771984
2018-06-04,2365474.018844987,4439072.191077999,6804546.209922986
2018-06-05,2365474.018844987,4535609.454183999,6901083.473028986
2018-06-06,2365474.018844987,4567573.794887,6933047.813731987
2018-06-07,2365474.018844987,4544275.118233999,6909749.137078986
2018-06-08,2365474.018844987,4507542.51416,6873016.533004986
2018-06-11,2365474.018844987,4463254.513025999,6828728.531870985
2018-06-12,2365474.018844987,4527236.2147,6892710.233544987
2018-06-13,2365474.018844987,4473886.115371002,6839360.134215988
2018-06-14,2365474.018844987,4462155.797455999,6827629.816300986
2018-06-15,2365474.018844987,4368031.442339,6733505.461183988
2018-06-19,2365474.018844987,4090624.347170001,6456098.366014987
2018-06-20,2365474.018844987,4185712.8474689987,6551186.866313986
2018-06-21,2365474.018844987,4117614.678882998,6483088.697727985
2018-06-22,2365474.018844987,4204971.811852,6570445.830696987
2018-06-25,2365474.018844987,4187331.3440259984,6552805.362870986
2018-06-26,2365474.018844987,4207099.907672002,6572573.926516989
2018-06-27,2365474.018844987,4146152.0951159997,6511626.113960987
2018-06-28,2365474.018844987,4102607.0821610005,6468081.101005987
2018-06-29,2365474.018844987,4259288.41219,6624762.431034986
2018-07-02,2365474.018844987,4219337.860644001,6584811.879488988
2018-07-03,2365474.018844987,4249747.923276002,6615221.942120988
2018-07-04,2365474.018844987,4167725.2995049995,6533199.318349986
2018-07-05,2365474.018844987,4038128.8241550005,6403602.842999987
2018-07-06,2365474.018844987,4069010.474337999,6434484.493182985
2018-07-09,2365474.018844987,4184349.8846300007,6549823.9034749875
2018-07-10,2365474.018844987,4253408.847898999,6618882.866743986
2018-07-11,2365474.018844987,4188184.9671710003,6553658.986015987
2018-07-12,2365474.018844987,4319662.618574001,6685136.637418987
2018-07-13,2365474.018844987,4377248.078779999,6742722.0976249855
2018-07-16,2365474.018844987,4398775.767112999,6764249.7859579865
2018-07-17,2365474.018844987,4380451.031097001,6745925.049941989
2018-07-18,2365474.018844987,4337863.477189001,6703337.496033987
2018-07-19,2365474.018844987,4280347.668316999,6645821.687161986
2018-07-20,2365474.018844987,4333178.297224999,6698652.316069987
2018-07-23,2365474.018844987,4345186.305474002,6710660.324318988
2018-07-24,2365474.018844987,4377765.093630999,6743239.112475986
2018-07-25,2365474.018844987,4384651.617482999,6750125.636327986
2018-07-26,2365474.018844987,4330140.013207002,6695614.032051988
2018-07-27,2365474.018844987,4316022.317281,6681496.336125987
2018-07-30,2365474.018844987,4250409.498322003,6615883.517166989
2018-07-31,2365474.018844987,4239097.712073002,6604571.730917988
2018-08-01,1633292.615282991,4873870.244565001,6507162.859847992
2018-08-02,1633292.615282991,4800293.539096999,6433586.15437999
2018-08-03,1633292.615282991,4720093.509121002,6353386.124403993
2018-08-06,1633292.615282991,4608669.123901999,6241961.73918499
2018-08-07,1633292.615282991,4749056.952286,6382349.567568991
2018-08-08,1633292.615282991,4654216.889454001,6287509.504736992
2018-08-09,1633292.615282991,4788812.014296002,6422104.629578993
2018-08-10,1633292.615282991,4821284.360275998,6454576.975558989
2018-08-13,1633292.615282991,4872321.8085280005,6505614.423810991
2018-08-14,1633292.615282991,4853069.077126999,6486361.69240999
2018-08-15,1633292.615282991,4734999.549614,6368292.164896991
2018-08-16,1633292.615282991,4680712.12014,6314004.735422991
2018-08-17,1633292.615282991,4580091.338571,6213383.953853991
2018-08-20,1633292.615282991,4573766.970720001,6207059.586002992
2018-08-21,1633292.615282991,4637337.498631,6270630.113913991
2018-08-22,1633292.615282991,4596681.508517001,6229974.123799992
2018-08-23,1633292.615282991,4625738.895050001,6259031.510332992
2018-08-24,1633292.615282991,4607014.181409,6240306.796691991
2018-08-27,1633292.615282991,4750904.843252,6384197.458534991
2018-08-28,1633292.615282991,4757913.842408,6391206.4576909905
2018-08-29,1633292.615282991,4725902.495587,6359195.110869991
2018-08-30,1633292.615282991,4622644.986908999,6255937.60219199
2018-08-31,1633292.615282991,4580124.306668999,6213416.92195199
2018-09-03,1633292.615282991,4576667.835067,6209960.450349991
2018-09-04,1633292.615282991,4617095.433744001,6250388.049026992
2018-09-05,1633292.615282991,4522953.2495019995,6156245.86478499
2018-09-06,1633292.615282991,4490387.189781002,6123679.805063993
2018-09-07,1633292.615282991,4500945.945506,6134238.560788991
2018-09-10,1633292.615282991,4397751.036687999,6031043.65197099
2018-09-11,1633292.615282991,4394772.446245,6028065.061527991
2018-09-12,1633292.615282991,4347689.985727001,5980982.601009992
2018-09-13,1633292.615282991,4357913.610125998,5991206.225408989
2018-09-14,1633292.615282991,4306227.418256002,5939520.0335389925
2018-09-17,1633292.615282991,4231873.232085,5865165.847367991
2018-09-18,1633292.615282991,4325478.250005,5958770.865287991
2018-09-19,1633292.615282991,4396973.645010001,6030266.260292992
2018-09-20,1633292.615282991,4377764.383266,6011056.998548991
2018-09-21,1633292.615282991,4474039.738845,6107332.354127991
2018-09-25,1633292.615282991,4468333.238948998,6101625.854231989
2018-09-26,1633292.615282991,4532791.1895820005,6166083.804864991
2018-09-27,1633292.615282991,4482011.593947001,6115304.209229992
2018-09-28,1633292.615282991,4540013.746302998,6173306.361585989
2018-10-08,1633292.615282991,4358269.642997,5991562.258279991
2018-10-09,1633292.615282991,4356057.568946,5989350.184228991
2018-10-10,1633292.615282991,4337364.078877,5970656.694159991
2018-10-11,1633292.615282991,4063164.421077,5696457.036359991
2018-10-12,1633292.615282991,4113624.5644139997,5746917.17969699
2018-10-15,1633292.615282991,4044760.6416510004,5678053.256933991
2018-10-16,1633292.615282991,3941877.0979839996,5575169.713266991
2018-10-17,1633292.615282991,3930768.5513269994,5564061.16660999
2018-10-18,1633292.615282991,3794159.136448,5427451.7517309915
2018-10-19,1633292.615282991,3910229.6056950013,5543522.220977992
2018-10-22,1633292.615282991,4136409.108000999,5769701.723283989
2018-10-23,1633292.615282991,4023075.182171999,5656367.79745499
2018-10-24,1633292.615282991,3989623.7036409997,5622916.318923991
2018-10-25,1633292.615282991,3941466.8823750005,5574759.497657992
2018-10-26,1633292.615282991,3922840.372297,5556132.987579991
2018-10-29,1633292.615282991,3832934.4451059997,5466227.060388991
2018-10-30,1633292.615282991,3874012.831270001,5507305.446552992
2018-10-31,1633292.615282991,3941072.7521500005,5574365.367432991
2018-11-01,3590717.6100719725,2003843.509174,5594561.1192459725
2018-11-02,3590717.6100719725,2076053.4715259997,5666771.081597973
2018-11-05,3590717.6100719725,2083390.0132829994,5674107.623354971
2018-11-06,3590717.6100719725,2085256.7830730001,5675974.393144973
2018-11-07,3590717.6100719725,2077346.0591090005,5668063.6691809725
2018-11-08,3590717.6100719725,2062220.4302570005,5652938.040328973
2018-11-09,3590717.6100719725,2055022.4156009997,5645740.025672972
2018-11-12,3590717.6100719725,2101163.236402,5691880.846473972
2018-11-13,3590717.6100719725,2117918.721085,5708636.331156973
2018-11-14,3590717.6100719725,2104951.937914,5695669.547985973
2018-11-15,3590717.6100719725,2134320.480589001,5725038.090660973
2018-11-16,3590717.6100719725,2138354.6150989993,5729072.225170972
2018-11-19,3590717.6100719725,2147993.90782,5738711.517891972
2018-11-20,3590717.6100719725,2103789.0956250005,5694506.705696973
2018-11-21,3590717.6100719725,2116043.9667399996,5706761.576811972
2018-11-22,3590717.6100719725,2120818.279715,5711535.889786973
2018-11-23,3590717.6100719725,2047316.3550689998,5638033.965140972
2018-11-26,3590717.6100719725,2034446.9239339994,5625164.534005972
2018-11-27,3590717.6100719725,2035130.9028580012,5625848.512929974
2018-11-28,3590717.6100719725,2059479.5165349997,5650197.126606972
2018-11-29,3590717.6100719725,2021500.8407850005,5612218.4508569725
2018-11-30,3590717.6100719725,2028043.634677,5618761.244748972
2018-12-03,3590717.6100719725,2085513.3656239999,5676230.975695972
2018-12-04,3590717.6100719725,2096325.800962999,5687043.4110349715
2018-12-05,3590717.6100719725,2086747.2463510009,5677464.856422974
2018-12-06,3590717.6100719725,2052497.8884689999,5643215.498540972
2018-12-07,3590717.6100719725,2055390.5386919996,5646108.148763972
2018-12-10,3590717.6100719725,2027790.4487359996,5618508.058807972
2018-12-11,3590717.6100719725,2045660.011988999,5636377.622060971
2018-12-12,3590717.6100719725,2043148.274524,5633865.8845959725
2018-12-13,3590717.6100719725,2070408.4449039998,5661126.0549759725
2018-12-14,3590717.6100719725,2022941.4262340006,5613659.036305973
2018-12-17,3590717.6100719725,2013239.2638299998,5603956.873901973
2018-12-18,3590717.6100719725,1993993.7041139991,5584711.314185971
2018-12-19,3590717.6100719725,1958889.5911720004,5549607.201243972
2018-12-20,3590717.6100719725,1955064.413098,5545782.023169972
2018-12-21,3590717.6100719725,1925967.5421660007,5516685.152237973
2018-12-24,3590717.6100719725,1954569.5306650016,5545287.140736974
2018-12-25,3590717.6100719725,1942145.0938619995,5532862.703933972
2018-12-26,3590717.6100719725,1934464.0672119989,5525181.677283972
2018-12-27,3590717.6100719725,1906790.1791560003,5497507.789227973
2018-12-28,3590717.6100719725,1920338.8596339999,5511056.469705973
2019-01-02,3590717.6100719725,1891371.713078,5482089.323149973
2019-01-03,3590717.6100719725,1866610.9986969994,5457328.608768972
2019-01-04,3590717.6100719725,1911526.8960509994,5502244.506122972
2019-01-07,3590717.6100719725,1947217.301259,5537934.911330973
2019-01-08,3590717.6100719725,1952229.0463840014,5542946.656455974
2019-01-09,3590717.6100719725,1961044.2274490006,5551761.837520973
2019-01-10,3590717.6100719725,1960844.4406720004,5551562.050743973
2019-01-11,3590717.6100719725,1972122.9999310006,5562840.610002973
2019-01-14,3590717.6100719725,1958155.7909279994,5548873.400999972
2019-01-15,3590717.6100719725,1990000.66894,5580718.279011972
2019-01-16,3590717.6100719725,1994829.663622001,5585547.273693973
2019-01-17,3590717.6100719725,1974999.15833,5565716.768401973
2019-01-18,3590717.6100719725,2004389.1136970003,5595106.723768973
2019-01-21,3590717.6100719725,2031690.5957940011,5622408.205865974
2019-01-22,3590717.6100719725,1999586.2309889998,5590303.841060972
2019-01-23,3590717.6100719725,2018324.4380780002,5609042.048149973
2019-01-24,3590717.6100719725,2018322.7261649992,5609040.336236971
2019-01-25,3590717.6100719725,2010205.1080770004,5600922.718148973
2019-01-28,3590717.6100719725,2009463.9223439998,5600181.532415972
2019-01-29,3590717.6100719725,1986506.202082,5577223.812153973
2019-01-30,3590717.6100719725,1965848.9894199995,5556566.5994919725
2019-01-31,3590717.6100719725,1942687.5485010005,5533405.158572973
2019-02-01,1440482.6313956059,4127008.090686,5567490.722081605
2019-02-11,1440482.6313956059,4293326.855664001,5733809.487059606
2019-02-12,1440482.6313956059,4536720.568632,5977203.2000276055
2019-02-13,1440482.6313956059,4554644.365193999,5995126.996589605
2019-02-14,1440482.6313956059,4578650.604963001,6019133.236358607
2019-02-15,1440482.6313956059,4456099.308088999,5896581.939484606
2019-02-18,1440482.6313956059,4580680.629628,6021163.261023605
2019-02-19,1440482.6313956059,4522242.763900001,5962725.395295607
2019-02-20,1440482.6313956059,4711858.005299001,6152340.636694606
2019-02-21,1440482.6313956059,4651261.341298,6091743.972693605
2019-02-22,1440482.6313956059,4752681.376448,6193164.007843606
2019-02-25,1440482.6313956059,5108754.160512,6549236.791907607
2019-02-26,1440482.6313956059,5116586.066834001,6557068.698229607
2019-02-27,1440482.6313956059,5030669.1633,6471151.794695606
2019-02-28,1440482.6313956059,5149439.439307999,6589922.070703605
2019-03-01,1440482.6313956059,5140330.906717,6580813.538112605
2019-03-04,1440482.6313956059,5151284.848447,6591767.479842605
2019-03-05,1440482.6313956059,5240875.313971,6681357.945366606
2019-03-06,1440482.6313956059,5201368.963114,6641851.594509605
2019-03-07,1440482.6313956059,5148504.090735001,6588986.722130606
2019-03-08,1440482.6313956059,5021172.234374,6461654.865769606
2019-03-11,1440482.6313956059,5237934.884231,6678417.515626606
2019-03-12,1440482.6313956059,5214939.631751001,6655422.263146607
2019-03-13,1440482.6313956059,5015875.076392001,6456357.707787607
2019-03-14,1440482.6313956059,4883735.405862,6324218.037257606
2019-03-15,1440482.6313956059,4940261.280119,6380743.911514606
2019-03-18,1440482.6313956059,5129268.647968,6569751.279363606
2019-03-19,1440482.6313956059,5100961.750210999,6541444.381606605
2019-03-20,1440482.6313956059,5068816.050898,6509298.682293605
2019-03-21,1440482.6313956059,5144751.223246999,6585233.854642605
2019-03-22,1440482.6313956059,5096757.693229001,6537240.324624607
2019-03-25,1440482.6313956059,4972226.433845,6412709.065240607
2019-03-26,1440482.6313956059,4910051.262139998,6350533.893535605
2019-03-27,1440482.6313956059,4905678.531752001,6346161.163147606
2019-03-28,1440482.6313956059,4925783.823701001,6366266.455096606
2019-03-29,1440482.6313956059,5051117.857741,6491600.489136606
2019-04-01,1440482.6313956059,5258989.2878789995,6699471.919274606
2019-04-02,1440482.6313956059,5243290.24529,6683772.876685606
2019-04-03,1440482.6313956059,5260986.178788,6701468.810183605
2019-04-04,1440482.6313956059,5198540.9016080005,6639023.533003606
2019-04-08,1440482.6313956059,5158205.955889001,6598688.587284606
2019-04-09,1440482.6313956059,5158482.847089,6598965.478484606
2019-04-10,1440482.6313956059,5243080.35032,6683562.9817156065
2019-04-11,1440482.6313956059,5038129.147770999,6478611.779166605
2019-04-12,1440482.6313956059,5007618.428678999,6448101.060074605
2019-04-15,1440482.6313956059,5001136.851113999,6441619.482509606
2019-04-16,1440482.6313956059,5157447.324531,6597929.955926606
2019-04-17,1440482.6313956059,5183626.490540999,6624109.121936604
2019-04-18,1440482.6313956059,5237395.3779380005,6677878.009333607
2019-04-19,1440482.6313956059,5225215.727968998,6665698.359364605
2019-04-22,1440482.6313956059,5143251.479188999,6583734.1105846055
2019-04-23,1440482.6313956059,5172265.230122001,6612747.861517606
2019-04-24,1440482.6313956059,5089208.118966001,6529690.7503616065
2019-04-25,1440482.6313956059,4804333.969547998,6244816.6009436045
2019-04-26,1440482.6313956059,4832536.779752001,6273019.4111476075
2019-04-29,1440482.6313956059,4551629.977677002,5992112.609072607
2019-04-30,1440482.6313956059,4474018.7154169995,5914501.346812606
2019-05-06,1440482.6313956059,4153843.1386549994,5594325.770050606
2019-05-07,2021054.2309195292,3717170.304548,5738224.53546753
2019-05-08,2021054.2309195292,3698150.5354619985,5719204.766381528
2019-05-09,2021054.2309195292,3649339.7910849988,5670394.022004528
2019-05-10,2021054.2309195292,3803218.429799,5824272.660718529
2019-05-13,2021054.2309195292,3813720.126754001,5834774.35767353
2019-05-14,2021054.2309195292,3781198.0825749994,5802252.313494529
2019-05-15,2021054.2309195292,3883641.094846,5904695.32576553
2019-05-16,2021054.2309195292,3918368.679994999,5939422.910914528
2019-05-17,2021054.2309195292,3766863.461690001,5787917.69260953
2019-05-20,2021054.2309195292,3758516.131791,5779570.362710529
2019-05-21,2021054.2309195292,3815395.7887779996,5836450.019697528
2019-05-22,2021054.2309195292,3793542.653327001,5814596.88424653
2019-05-23,2021054.2309195292,3687501.0925729987,5708555.323492528
2019-05-24,2021054.2309195292,3667124.027488,5688178.258407529
2019-05-27,2021054.2309195292,3772549.536434998,5793603.7673545275
2019-05-28,2021054.2309195292,3784748.9356760024,5805803.166595532
2019-05-29,2021054.2309195292,3789673.0340539985,5810727.264973528
2019-05-30,2021054.2309195292,3770590.9400930014,5791645.17101253
2019-05-31,2021054.2309195292,3771844.035077001,5792898.265996531
2019-06-03,2021054.2309195292,3712110.6164810006,5733164.847400529
2019-06-04,2021054.2309195292,3658964.306451001,5680018.537370531
2019-06-05,2021054.2309195292,3645343.9277789993,5666398.158698529
2019-06-06,2021054.2309195292,3567806.352262,5588860.583181529
2019-06-10,2021054.2309195292,3594539.667743999,5615593.898663528
2019-06-11,2021054.2309195292,3736387.2963859993,5757441.5273055285
2019-06-12,2021054.2309195292,3705237.1048029996,5726291.335722528
2019-06-13,2021054.2309195292,3730388.3208600003,5751442.551779529
2019-06-14,2021054.2309195292,3643233.9579969994,5664288.188916529
2019-06-17,2021054.2309195292,3641522.7096569994,5662576.940576529
2019-06-18,2021054.2309195292,3634692.752333998,5655746.983253527
2019-06-19,2021054.2309195292,3699623.5964410007,5720677.827360529
2019-06-20,2021054.2309195292,3761928.1927460018,5782982.423665531
2019-06-21,2021054.2309195292,3828220.224745999,5849274.455665529
2019-06-24,2021054.2309195292,3817771.0533740004,5838825.28429353
2019-06-25,2021054.2309195292,3805846.0775600006,5826900.30847953
2019-06-26,2021054.2309195292,3809676.2777290014,5830730.508648531
2019-06-27,2021054.2309195292,3846032.6402049996,5867086.871124528
2019-06-28,2021054.2309195292,3805565.297023001,5826619.527942531
2019-07-01,2021054.2309195292,3922407.555045001,5943461.78596453
2019-07-02,2021054.2309195292,3940271.2985759997,5961325.529495529
2019-07-03,2021054.2309195292,3922252.0407600016,5943306.271679531
2019-07-04,2021054.2309195292,3920672.284034999,5941726.514954528
2019-07-05,2021054.2309195292,3930037.0089110015,5951091.239830531
2019-07-08,2021054.2309195292,3819141.9518730002,5840196.182792529
2019-07-09,2021054.2309195292,3842479.2559460006,5863533.48686553
2019-07-10,2021054.2309195292,3797805.3358350005,5818859.566754529
2019-07-11,2021054.2309195292,3792896.3738799985,5813950.604799528
2019-07-12,2021054.2309195292,3799468.8855490014,5820523.11646853
2019-07-15,2021054.2309195292,3856126.8047730005,5877181.03569253
2019-07-16,2021054.2309195292,3852791.1329179998,5873845.363837529
2019-07-17,2021054.2309195292,3857691.965979999,5878746.196899528
2019-07-18,2021054.2309195292,3772487.8057849994,5793542.036704529
2019-07-19,2021054.2309195292,3795776.0733109997,5816830.304230529
2019-07-22,2021054.2309195292,3684678.386442001,5705732.617361531
2019-07-23,2021054.2309195292,3744003.6464159987,5765057.877335528
2019-07-24,2021054.2309195292,3790580.814165999,5811635.045085529
2019-07-25,2021054.2309195292,3812509.8360780007,5833564.06699753
2019-07-26,2021054.2309195292,3832749.1563239987,5853803.387243528
2019-07-29,2021054.2309195292,3831123.221384,5852177.452303529
2019-07-30,2021054.2309195292,3843654.454326,5864708.685245529
2019-07-31,2021054.2309195292,3818654.5459789997,5839708.776898529
2019-08-01,441674.4171575707,5373909.187143,5815583.604300571
2019-08-02,441674.4171575707,5283154.594595,5724829.011752571
2019-08-05,441674.4171575707,5242009.02736,5683683.444517571
2019-08-06,441674.4171575707,5153747.084288999,5595421.50144657
2019-08-07,441674.4171575707,5133196.420115999,5574870.83727357
2019-08-08,441674.4171575707,5175450.629301001,5617125.046458572
2019-08-09,441674.4171575707,5090430.824322,5532105.241479571
2019-08-12,441674.4171575707,5216935.048198999,5658609.46535657
2019-08-13,441674.4171575707,5209761.217688,5651435.634845571
2019-08-14,441674.4171575707,5252148.410274999,5693822.82743257
2019-08-15,441674.4171575707,5294152.842409,5735827.259566571
2019-08-16,441674.4171575707,5309942.377001999,5751616.79415957
2019-08-19,441674.4171575707,5492405.141960999,5934079.55911857
2019-08-20,441674.4171575707,5545889.111102001,5987563.528259572
2019-08-21,441674.4171575707,5577791.26493,6019465.68208757
2019-08-22,441674.4171575707,5582659.526188001,6024333.943345572
2019-08-23,441674.4171575707,5571701.709260002,6013376.126417573
2019-08-26,441674.4171575707,5527605.2824989995,5969279.69965657
2019-08-27,441674.4171575707,5608835.753068,6050510.170225571
2019-08-28,441674.4171575707,5566820.753878,6008495.171035571
2019-08-29,441674.4171575707,5604338.270517001,6046012.687674572
2019-08-30,441674.4171575707,5598477.11912,6040151.536277571
2019-09-02,441674.4171575707,5786736.329337,6228410.746494571
2019-09-03,441674.4171575707,5868446.034086,6310120.451243571
2019-09-04,441674.4171575707,5849594.002173999,6291268.41933157
2019-09-05,441674.4171575707,5927195.991264001,6368870.408421571
2019-09-06,441674.4171575707,5958141.815481,6399816.2326385705
2019-09-09,441674.4171575707,6106130.1458829995,6547804.56304057
2019-09-10,441674.4171575707,6090589.3935589995,6532263.81071657
2019-09-11,441674.4171575707,6063741.583791999,6505416.00094957
2019-09-12,441674.4171575707,6065225.773500999,6506900.19065857
2019-09-16,441674.4171575707,6107749.699315,6549424.116472571
2019-09-17,441674.4171575707,5908085.26493,6349759.68208757
2019-09-18,441674.4171575707,5889239.644762001,6330914.061919572
2019-09-19,441674.4171575707,5987533.299150001,6429207.716307572
2019-09-20,441674.4171575707,5966548.848811,6408223.2659685705
2019-09-23,441674.4171575707,5895471.527710001,6337145.944867572
2019-09-24,441674.4171575707,5903643.327513001,6345317.744670572
2019-09-25,441674.4171575707,5790616.517510999,6232290.93466857
2019-09-26,441674.4171575707,5545392.821047001,5987067.238204571
2019-09-27,441674.4171575707,5616808.042815001,6058482.459972572
2019-09-30,441674.4171575707,5493047.745256999,5934722.162414569
2019-10-08,441674.4171575707,5462512.96006,5904187.377217571
2019-10-09,441674.4171575707,5523466.325305999,5965140.74246357
2019-10-10,441674.4171575707,5633813.816357,6075488.233514571
2019-10-11,441674.4171575707,5630226.771730001,6071901.188887572
2019-10-14,441674.4171575707,5691840.599395001,6133515.016552572
2019-10-15,441674.4171575707,5578518.776705001,6020193.193862571
2019-10-16,441674.4171575707,5571571.117834,6013245.534991571
2019-10-17,441674.4171575707,5547980.440138,5989654.857295571
2019-10-18,441674.4171575707,5457903.053692,5899577.470849571
2019-10-21,441674.4171575707,5430101.09135,5871775.508507571
2019-10-22,441674.4171575707,5485419.036128,5927093.453285571
2019-10-23,441674.4171575707,5437336.299258,5879010.716415571
2019-10-24,441674.4171575707,5430590.668823001,5872265.085980572
2019-10-25,441674.4171575707,5477510.389968,5919184.807125571
2019-10-28,441674.4171575707,5579486.486237001,6021160.9033945715
2019-10-29,441674.4171575707,5486631.591561001,5928306.008718572
2019-10-30,441674.4171575707,5393428.278139999,5835102.69529757
2019-10-31,441674.4171575707,5347601.849603,5789276.266760571
2019-11-01,1202976.690983757,4677276.593057001,5880253.284040758
2019-11-04,1202976.690983757,4736842.428979,5939819.119962757
2019-11-05,1202976.690983757,4740904.489257,5943881.180240758
2019-11-06,1202976.690983757,4704614.3664529985,5907591.057436755
2019-11-07,1202976.690983757,4746982.2844549995,5949958.975438757
2019-11-08,1202976.690983757,4737048.789512998,5940025.480496755
2019-11-11,1202976.690983757,4639164.585536001,5842141.276519759
2019-11-12,1202976.690983757,4650223.555003,5853200.245986758
2019-11-13,1202976.690983757,4716091.719019001,5919068.410002759
2019-11-14,1202976.690983757,4782260.397938001,5985237.088921757
2019-11-15,1202976.690983757,4760663.542395,5963640.233378757
2019-11-18,1202976.690983757,4788012.4219080005,5990989.112891758
2019-11-19,1202976.690983757,4887497.103679,6090473.794662757
2019-11-20,1202976.690983757,4859862.851175,6062839.542158756
2019-11-21,1202976.690983757,4828412.248407999,6031388.939391756
2019-11-22,1202976.690983757,4660153.354560999,5863130.045544757
2019-11-25,1202976.690983757,4549411.124206001,5752387.815189758
2019-11-26,1202976.690983757,4550160.255628,5753136.946611756
2019-11-27,1202976.690983757,4559830.821281999,5762807.512265757
2019-11-28,1202976.690983757,4594739.143197999,5797715.834181756
2019-11-29,1202976.690983757,4545416.996939001,5748393.687922757
2019-12-02,1202976.690983757,4540675.156536999,5743651.847520756
2019-12-03,1202976.690983757,4566957.109655999,5769933.800639756
2019-12-04,1202976.690983757,4579704.172187998,5782680.863171754
2019-12-05,1202976.690983757,4665954.095286001,5868930.786269758
2019-12-06,1202976.690983757,4720794.652993,5923771.343976757
2019-12-09,1202976.690983757,4699222.286436001,5902198.977419758
2019-12-10,1202976.690983757,4733309.215290001,5936285.906273758
2019-12-11,1202976.690983757,4734064.403894,5937041.094877757
2019-12-12,1202976.690983757,4740336.951628001,5943313.642611759
2019-12-13,1202976.690983757,4803202.854599001,6006179.545582758
2019-12-16,1202976.690983757,4869239.239159001,6072215.930142758
2019-12-17,1202976.690983757,4906737.194943,6109713.885926757
2019-12-18,1202976.690983757,4875255.808184,6078232.499167757
2019-12-19,1202976.690983757,4872589.412805002,6075566.10378876
2019-12-20,1202976.690983757,4799726.184700001,6002702.875683758
2019-12-23,1202976.690983757,4710246.780135,5913223.4711187575
2019-12-24,1202976.690983757,4774980.937017002,5977957.628000759
2019-12-25,1202976.690983757,4803354.659589,6006331.350572757
2019-12-26,1202976.690983757,4815639.347434,6018616.038417757
2019-12-27,1202976.690983757,4742856.83948,5945833.530463757
2019-12-30,1202976.690983757,4762410.318978999,5965387.009962756
2019-12-31,1202976.690983757,4804078.412493,6007055.103476757
2020-01-02,1202976.690983757,4891492.673725001,6094469.364708757
2020-01-03,1202976.690983757,4914109.905379001,6117086.596362758
2020-01-06,1202976.690983757,4919094.865272002,6122071.55625576
2020-01-07,1202976.690983757,4999506.895239999,6202483.586223755
2020-01-08,1202976.690983757,4934347.68702,6137324.378003757
2020-01-09,1202976.690983757,5068078.505075001,6271055.196058758
2020-01-10,1202976.690983757,5072899.126859001,6275875.817842757
2020-01-13,1202976.690983757,5184623.496378998,6387600.187362755
2020-01-14,1202976.690983757,5159417.279326,6362393.970309757
2020-01-15,1202976.690983757,5186424.685029,6389401.376012757
2020-01-16,1202976.690983757,5214507.487462997,6417484.178446755
2020-01-17,1202976.690983757,5215916.439817002,6418893.130800759
2020-01-20,1202976.690983757,5286652.434730999,6489629.125714757
2020-01-21,1202976.690983757,5257919.996890001,6460896.687873758
2020-01-22,1202976.690983757,5283208.691703,6486185.382686757
2020-01-23,1202976.690983757,5078033.8773839995,6281010.568367757
2020-02-03,1202976.690983757,4688054.232217999,5891030.923201757
2020-02-04,880644.626685815,5081024.108178997,5961668.734864812
2020-02-05,880644.626685815,5190822.115734998,6071466.742420813
2020-02-06,880644.626685815,5341197.051332001,6221841.678017816
2020-02-07,880644.626685815,5340056.892822002,6220701.519507817
2020-02-10,880644.626685815,5367702.443993,6248347.070678815
2020-02-11,880644.626685815,5403246.627516001,6283891.254201816
2020-02-12,880644.626685815,5465839.6137419995,6346484.240427814
2020-02-13,880644.626685815,5416449.171426001,6297093.798111816
2020-02-14,880644.626685815,5442527.471836,6323172.098521815
2020-02-17,880644.626685815,5634486.745464,6515131.372149815
2020-02-18,880644.626685815,5726295.5870320005,6606940.2137178155
2020-02-19,880644.626685815,5697635.489153999,6578280.115839814
2020-02-20,880644.626685815,5813214.649950998,6693859.276636813
2020-02-21,880644.626685815,5893522.466812,6774167.093497815
2020-02-24,880644.626685815,6000308.611229002,6880953.2379148165
2020-02-25,880644.626685815,5988611.968146,6869256.594831815
2020-02-26,880644.626685815,5762946.679496001,6643591.306181816
2020-02-27,880644.626685815,5814704.782254999,6695349.4089408135
2020-02-28,880644.626685815,5527816.859727,6408461.486412815
2020-03-02,880644.626685815,5718527.087357001,6599171.714042816
2020-03-03,880644.626685815,5840785.3461919995,6721429.972877814
2020-03-04,880644.626685815,5837055.366547999,6717699.993233814
2020-03-05,880644.626685815,5949785.8432209985,6830430.469906813
2020-03-06,880644.626685815,5932589.264653998,6813233.891339813
2020-03-09,880644.626685815,5673351.325077001,6553995.951762816
2020-03-10,880644.626685815,5810169.421204,6690814.047889815
2020-03-11,880644.626685815,5700473.365422998,6581117.992108813
2020-03-12,880644.626685815,5569888.858986001,6450533.485671816
2020-03-13,880644.626685815,5503990.795388003,6384635.422073818
2020-03-16,880644.626685815,5202949.561493997,6083594.188179812
2020-03-17,880644.626685815,5193202.29509,6073846.921775815
2020-03-18,880644.626685815,5129672.300495,6010316.927180815
2020-03-19,880644.626685815,5150291.814572001,6030936.441257816
2020-03-20,880644.626685815,5236428.929846001,6117073.556531816
2020-03-23,880644.626685815,5025323.845485,5905968.472170815
2020-03-24,880644.626685815,5152989.261713999,6033633.888399814
2020-03-25,880644.626685815,5333007.464373999,6213652.091059814
2020-03-26,880644.626685815,5353706.424629999,6234351.051315814
2020-03-27,880644.626685815,5322103.446427002,6202748.073112817
2020-03-30,880644.626685815,5195489.129578003,6076133.756263818
2020-03-31,880644.626685815,5243050.819028002,6123695.445713817
2020-04-01,880644.626685815,5219667.414414,6100312.041099815
2020-04-02,880644.626685815,5356573.568056999,6237218.194742814
2020-04-03,880644.626685815,5337740.675275998,6218385.301961813
2020-04-07,880644.626685815,5531556.915415,6412201.542100815
2020-04-08,880644.626685815,5513713.295630999,6394357.922316814
2020-04-09,880644.626685815,5620900.911876998,6501545.538562813
2020-04-10,880644.626685815,5496139.522936001,6376784.149621816
2020-04-13,880644.626685815,5459943.517571999,6340588.144257814
2020-04-14,880644.626685815,5598955.545185001,6479600.171870816
2020-04-15,880644.626685815,5589506.057642,6470150.684327815
2020-04-16,880644.626685815,5662371.193758002,6543015.8204438165
2020-04-17,880644.626685815,5654350.808667001,6534995.435352816
2020-04-20,880644.626685815,5746383.271711,6627027.898396815
2020-04-21,880644.626685815,5717803.903024001,6598448.529709816
2020-04-22,880644.626685815,5792761.502776002,6673406.1294618165
2020-04-23,880644.626685815,5769154.615427998,6649799.242113813
2020-04-24,880644.626685815,5647398.325946001,6528042.952631816
2020-04-27,880644.626685815,5657757.566338999,6538402.193024814
2020-04-28,880644.626685815,5676954.980599998,6557599.6072858125
2020-04-29,880644.626685815,5628431.874693001,6509076.501378816
2020-04-30,880644.626685815,5704695.0150339985,6585339.641719813
2020-05-06,880644.626685815,5845939.736765001,6726584.363450816
2020-05-07,1254577.9908295362,5496373.606699001,6750951.597528538
2020-05-08,1254577.9908295362,5559427.301935,6814005.292764537
2020-05-11,1254577.9908295362,5550506.717470001,6805084.708299538
2020-05-12,1254577.9908295362,5602455.552123001,6857033.542952538
2020-05-13,1254577.9908295362,5662822.889122001,6917400.879951537
2020-05-14,1254577.9908295362,5596036.366670998,6850614.3575005345
2020-05-15,1254577.9908295362,5630853.126880999,6885431.1177105345
2020-05-18,1254577.9908295362,5702129.52444,6956707.5152695365
2020-05-19,1254577.9908295362,5765070.826156999,7019648.816986535
2020-05-20,1254577.9908295362,5709998.006816999,6964575.997646535
2020-05-21,1254577.9908295362,5654151.378853,6908729.3696825355
2020-05-22,1254577.9908295362,5502827.868953001,6757405.859782537
2020-05-25,1254577.9908295362,5517854.248079003,6772432.238908539
2020-05-26,1254577.9908295362,5652023.006576999,6906600.997406535
2020-05-27,1254577.9908295362,5556188.538476,6810766.529305536
2020-05-28,1254577.9908295362,5517186.603891001,6771764.594720537
2020-05-29,1254577.9908295362,5595658.9856940005,6850236.976523537
2020-06-01,1254577.9908295362,5759536.755388998,7014114.746218534
2020-06-02,1254577.9908295362,5719638.879057999,6974216.8698875345
2020-06-03,1254577.9908295362,5734516.587901005,6989094.57873054
2020-06-04,1254577.9908295362,5746988.179068002,7001566.169897538
2020-06-05,1254577.9908295362,5748748.135672999,7003326.126502534
2020-06-08,1254577.9908295362,5707790.9271939965,6962368.918023532
2020-06-09,1254577.9908295362,5737991.590938997,6992569.581768533
2020-06-10,1254577.9908295362,5772939.996437999,7027517.987267535
2020-06-11,1254577.9908295362,5750439.88875,7005017.879579537
2020-06-12,1254577.9908295362,5778570.726243,7033148.717072535
2020-06-15,1254577.9908295362,5776513.9788700035,7031091.969699539
2020-06-16,1254577.9908295362,5889174.4312919965,7143752.422121532
2020-06-17,1254577.9908295362,5943329.158772999,7197907.149602536
2020-06-18,1254577.9908295362,5898806.846741,7153384.837570537
2020-06-19,1254577.9908295362,5964145.143983,7218723.134812536
2020-06-22,1254577.9908295362,5999522.959328998,7254100.950158535
2020-06-23,1254577.9908295362,6009185.819439998,7263763.810269535
2020-06-24,1254577.9908295362,5965769.468604001,7220347.459433537
2020-06-29,1254577.9908295362,5992934.459096999,7247512.449926535
2020-06-30,1254577.9908295362,6082475.690970999,7337053.681800535
2020-07-01,1254577.9908295362,6061106.780266998,7315684.771096535
2020-07-02,1254577.9908295362,6117865.167644,7372443.158473536
2020-07-03,1254577.9908295362,6186275.519929,7440853.510758536
2020-07-06,1254577.9908295362,6341019.690553,7595597.681382537
2020-07-07,1254577.9908295362,6454558.768425,7709136.759254536
2020-07-08,1254577.9908295362,6574038.784901001,7828616.775730537
2020-07-09,1254577.9908295362,6768537.092613,8023115.083442537
2020-07-10,1254577.9908295362,6766141.034646997,8020719.025476534
2020-07-13,1254577.9908295362,7023210.058413002,8277788.0492425375
2020-07-14,1254577.9908295362,7005891.700401,8260469.6912305355
2020-07-15,1254577.9908295362,6829207.752394998,8083785.743224535
2020-07-16,1254577.9908295362,6482724.294003004,7737302.284832541
2020-07-17,1254577.9908295362,6599861.897787,7854439.888616536
2020-07-20,1254577.9908295362,6742921.199151002,7997499.189980539
2020-07-21,1254577.9908295362,6819216.606997998,8073794.597827535
2020-07-22,1254577.9908295362,6884680.33171,8139258.322539536
2020-07-23,1254577.9908295362,6908482.696562002,8163060.687391538
2020-07-24,1254577.9908295362,6606383.633770998,7860961.624600533
2020-07-27,1254577.9908295362,6666431.706535,7921009.697364537
2020-07-28,1254577.9908295362,6781779.558288003,8036357.549117539
2020-07-29,1254577.9908295362,6959349.794014,8213927.784843536
2020-07-30,1254577.9908295362,6973300.344031,8227878.334860535
2020-07-31,1254577.9908295362,7071381.549426999,8325959.540256536
2020-08-03,1155301.9810993634,7431701.899877,8587003.880976364
2020-08-04,1155301.9810993634,7366445.847400999,8521747.828500362
2020-08-05,1155301.9810993634,7483502.792298001,8638804.773397364
2020-08-06,1155301.9810993634,7476492.269382002,8631794.250481365
2020-08-07,1155301.9810993634,7386737.862961,8542039.844060363
2020-08-10,1155301.9810993634,7386339.069269003,8541641.050368367
2020-08-11,1155301.9810993634,7243578.038284002,8398880.019383365
2020-08-12,1155301.9810993634,7100125.335799,8255427.316898364
2020-08-13,1155301.9810993634,7147532.962985002,8302834.944084366
2020-08-14,1155301.9810993634,7209604.968664999,8364906.949764363
2020-08-17,1155301.9810993634,7376558.938827,8531860.919926364
2020-08-18,1155301.9810993634,7514647.369300001,8669949.350399364
2020-08-19,1155301.9810993634,7391700.059042001,8547002.040141365
2020-08-20,1155301.9810993634,7257125.607421999,8412427.588521361
2020-08-21,1155301.9810993634,7306263.630343,8461565.611442365
2020-08-24,1155301.9810993634,7349626.507371999,8504928.488471363
2020-08-25,1155301.9810993634,7343146.801046001,8498448.782145364
2020-08-26,1155301.9810993634,7169031.941468999,8324333.922568362
2020-08-27,1155301.9810993634,7250676.299703997,8405978.28080336
2020-08-28,1155301.9810993634,7399800.253362999,8555102.234462362
2020-08-31,1155301.9810993634,7400072.197314999,8555374.178414363
2020-09-01,1155301.9810993634,7427874.327995999,8583176.309095362
2020-09-02,1155301.9810993634,7462752.178278999,8618054.159378363
2020-09-03,1155301.9810993634,7388039.639031,8543341.620130364
2020-09-04,1155301.9810993634,7357093.906617001,8512395.887716364
2020-09-07,1155301.9810993634,7166447.503972,8321749.485071364
2020-09-08,1155301.9810993634,7129641.964603999,8284943.945703362
2020-09-09,1155301.9810993634,6859750.281405001,8015052.262504364
2020-09-10,1155301.9810993634,6666729.650137,7822031.631236363
2020-09-11,1155301.9810993634,6763228.372376001,7918530.353475365
2020-09-14,1155301.9810993634,6857866.784297,8013168.765396363
2020-09-15,1155301.9810993634,6936045.456208003,8091347.437307366
2020-09-16,1155301.9810993634,6849795.724652999,8005097.7057523625
2020-09-17,1155301.9810993634,6826557.509546998,7981859.490646361
2020-09-18,1155301.9810993634,6901920.891930998,8057222.873030362
2020-09-21,1155301.9810993634,6879373.374852001,8034675.355951364
2020-09-22,1155301.9810993634,6810065.955540001,7965367.936639365
2020-09-23,1155301.9810993634,6911169.146649001,8066471.127748365
2020-09-24,1155301.9810993634,6768142.610499999,7923444.591599362
2020-09-25,1155301.9810993634,6737301.959625,7892603.940724364
2020-09-28,1155301.9810993634,6625175.693662999,7780477.674762363
2020-09-29,1155301.9810993634,6727981.529096,7883283.510195363
2020-09-30,1155301.9810993634,6716809.071213999,7872111.052313362
2020-10-09,1155301.9810993634,6891715.4040990025,8047017.385198366
2020-10-12,1155301.9810993634,7137155.561496001,8292457.542595364
2020-10-13,1155301.9810993634,7190498.897226002,8345800.8783253655
2020-10-14,1155301.9810993634,7169440.982789997,8324742.96388936
2020-10-15,1155301.9810993634,7084899.788961002,8240201.770060365
2020-10-16,1155301.9810993634,7084133.440602998,8239435.421702362
2020-10-19,1155301.9810993634,6996006.127021999,8151308.1081213625
2020-10-20,1155301.9810993634,7057789.939251003,8213091.920350366
2020-10-21,1155301.9810993634,6966483.944038997,8121785.925138361
2020-10-22,1155301.9810993634,6935880.259661998,8091182.240761361
2020-10-23,1155301.9810993634,6765602.191122999,7920904.172222363
2020-10-26,1155301.9810993634,6779432.548195002,7934734.529294365
2020-10-27,1155301.9810993634,6870468.075263998,8025770.056363361
2020-10-28,1155301.9810993634,6897489.534737997,8052791.51583736
2020-10-29,1155301.9810993634,6909319.3242770005,8064621.305376364
2020-10-30,1155301.9810993634,6702529.807820001,7857831.788919364
2020-11-02,1155301.9810993634,6684085.693244999,7839387.674344363
2020-11-03,156142.27887479358,7841357.773348999,7997500.052223793
2020-11-04,156142.27887479358,7845604.857782001,8001747.136656795
2020-11-05,156142.27887479358,7941984.202712001,8098126.481586795
2020-11-06,156142.27887479358,7825037.581042,7981179.859916794
2020-11-09,156142.27887479358,7980064.365669001,8136206.644543795
2020-11-10,156142.27887479358,7873980.664135999,8030122.943010793
2020-11-11,156142.27887479358,7731977.393683,7888119.672557794
2020-11-12,156142.27887479358,7761598.008319,7917740.287193794
2020-11-13,156142.27887479358,7790019.728014001,7946162.006888795
2020-11-16,156142.27887479358,7766718.355461001,7922860.634335795
2020-11-17,156142.27887479358,7606755.221645001,7762897.500519795
2020-11-18,156142.27887479358,7609147.741376,7765290.0202507945
2020-11-19,156142.27887479358,7776237.141022003,7932379.419896797
2020-11-20,156142.27887479358,7875432.283471001,8031574.562345795
2020-11-23,156142.27887479358,7904979.390896,8061121.669770794
2020-11-24,156142.27887479358,7914214.943958998,8070357.222833792
2020-11-25,156142.27887479358,7799130.3741339985,7955272.653008793
2020-11-26,156142.27887479358,7770121.988596002,7926264.267470796
2020-11-27,156142.27887479358,7753518.032949999,7909660.311824793
2020-11-30,156142.27887479358,7698560.9176590005,7854703.1965337945
2020-12-01,156142.27887479358,7877968.126964002,8034110.405838796
2020-12-02,156142.27887479358,7883676.158957001,8039818.437831795
2020-12-03,156142.27887479358,7846441.8990980005,8002584.1779727945
2020-12-04,156142.27887479358,7933373.540067,8089515.818941794
2020-12-07,156142.27887479358,7951776.975579999,8107919.254454793
2020-12-08,156142.27887479358,7971485.115564999,8127627.394439793
2020-12-09,156142.27887479358,7852346.602983001,8008488.881857795
2020-12-10,156142.27887479358,7917013.272987002,8073155.551861796
2020-12-11,156142.27887479358,7823458.681888999,7979600.960763793
2020-12-14,156142.27887479358,7976614.617997001,8132756.896871795
2020-12-15,156142.27887479358,7956735.732097001,8112878.010971795
2020-12-16,156142.27887479358,7908445.236401,8064587.515275794
2020-12-17,156142.27887479358,7940260.6157880025,8096402.8946627965
2020-12-18,156142.27887479358,7889844.818936999,8045987.097811793
2020-12-21,156142.27887479358,8054072.164257,8210214.443131794
2020-12-22,156142.27887479358,7938260.726109998,8094403.004984792
2020-12-23,156142.27887479358,8080183.824455998,8236326.103330792
2020-12-24,156142.27887479358,7987457.028072999,8143599.306947793
2020-12-25,156142.27887479358,8082365.765308002,8238508.044182796
2020-12-28,156142.27887479358,8009730.242496004,8165872.521370798
2020-12-29,156142.27887479358,7877388.2606000025,8033530.5394747965
2020-12-30,156142.27887479358,7987803.394332003,8143945.673206797
2020-12-31,156142.27887479358,8198581.932726998,8354724.211601792
2021-01-04,156142.27887479358,8399762.491945,8555904.770819794
2021-01-05,156142.27887479358,8469504.578540005,8625646.857414799
2021-01-06,156142.27887479358,8462871.716040004,8619013.994914798
2021-01-07,156142.27887479358,8477616.842018997,8633759.120893791
2021-01-08,156142.27887479358,8319744.356375,8475886.635249794
2021-01-11,156142.27887479358,8146349.102365003,8302491.381239797
2021-01-12,156142.27887479358,8269597.393926001,8425739.672800794
2021-01-13,156142.27887479358,8173592.009061999,8329734.287936793
2021-01-14,156142.27887479358,8039398.207533002,8195540.486407796
2021-01-15,156142.27887479358,8137352.908173001,8293495.187047795
2021-01-18,156142.27887479358,8321416.792039001,8477559.070913795
2021-01-19,156142.27887479358,8240899.180877,8397041.459751794
2021-01-20,156142.27887479358,8431234.300816,8587376.579690794
2021-01-21,156142.27887479358,8530842.630066002,8686984.908940796
2021-01-22,156142.27887479358,8619367.385784,8775509.664658794
2021-01-25,156142.27887479358,8677486.281769004,8833628.560643798
2021-01-26,156142.27887479358,8458262.883217,8614405.162091793
2021-01-27,156142.27887479358,8495522.625257999,8651664.904132793
2021-01-28,156142.27887479358,8292202.170201004,8448344.449075798
2021-01-29,156142.27887479358,8195100.0887440005,8351242.367618795
2021-02-01,156142.27887479358,8245688.592761999,8401830.871636793
2021-02-02,118031.11129519928,8444878.417407,8562909.5287022
2021-02-03,118031.11129519928,8316870.328818001,8434901.4401132
2021-02-04,118031.11129519928,8135419.926999004,8253451.038294203
2021-02-05,118031.11129519928,8044061.097536,8162092.208831199
2021-02-08,118031.11129519928,8110967.712477004,8228998.823772203
2021-02-09,118031.11129519928,8335495.651300001,8453526.7625952
2021-02-10,118031.11129519928,8440760.73388,8558791.8451752
2021-02-18,118031.11129519928,8420404.444534998,8538435.555830197
2021-02-19,118031.11129519928,8451856.046973998,8569887.158269197
2021-02-22,118031.11129519928,8273333.379726,8391364.4910212
2021-02-23,118031.11129519928,8234768.046826001,8352799.1581212
2021-02-24,118031.11129519928,8109157.060912,8227188.172207199
2021-02-25,118031.11129519928,8074743.535042,8192774.646337199
2021-02-26,118031.11129519928,7882119.6855839975,8000150.796879197
2021-03-01,118031.11129519928,8075726.056329999,8193757.167625198
2021-03-02,118031.11129519928,8022503.760245997,8140534.8715411965
2021-03-03,118031.11129519928,8089021.961883999,8207053.073179198
2021-03-04,118031.11129519928,7820780.343789001,7938811.4550842
2021-03-05,118031.11129519928,7851166.304717001,7969197.4160122
2021-03-08,118031.11129519928,7515888.422265001,7633919.5335602
2021-03-09,118031.11129519928,7296613.366393999,7414644.477689198
2021-03-10,118031.11129519928,7335726.298403998,7453757.409699197
2021-03-11,118031.11129519928,7513293.503835001,7631324.6151302
2021-03-12,118031.11129519928,7519069.915030003,7637101.026325202
2021-03-15,118031.11129519928,7408127.521620002,7526158.632915201
2021-03-16,118031.11129519928,7459656.862125,7577687.973420199
2021-03-17,118031.11129519928,7560357.549475999,7678388.660771198
2021-03-18,118031.11129519928,7606173.392907999,7724204.5042031985
2021-03-19,118031.11129519928,7539809.1004490005,7657840.2117441995
2021-03-22,118031.11129519928,7623886.418660004,7741917.529955203
2021-03-23,118031.11129519928,7524131.853293,7642162.964588199
2021-03-24,118031.11129519928,7414132.253529999,7532163.364825198
2021-03-25,118031.11129519928,7462213.694974003,7580244.806269202
2021-03-26,118031.11129519928,7622494.607322003,7740525.718617202
2021-03-29,118031.11129519928,7661135.333739004,7779166.445034203
2021-03-30,118031.11129519928,7746764.622295001,7864795.7335902
2021-03-31,118031.11129519928,7637984.347451002,7756015.458746201
2021-04-01,118031.11129519928,7747943.598230002,7865974.7095252015
2021-04-02,118031.11129519928,7819964.146953003,7937995.258248202
2021-04-06,118031.11129519928,7854420.575484999,7972451.6867801985
2021-04-07,118031.11129519928,7826705.435049001,7944736.5463442
2021-04-08,118031.11129519928,7857458.453952003,7975489.565247202
2021-04-09,118031.11129519928,7810223.4074719995,7928254.518767199
2021-04-12,118031.11129519928,7597298.022905,7715329.134200199
2021-04-13,118031.11129519928,7577046.026543,7695077.137838199
2021-04-14,118031.11129519928,7693669.438863998,7811700.550159197
2021-04-15,118031.11129519928,7634480.4692359995,7752511.5805311985
2021-04-16,118031.11129519928,7664514.548198001,7782545.6594932005
2021-04-19,118031.11129519928,7868057.189442,7986088.300737199
2021-04-20,118031.11129519928,7904136.841987001,8022167.9532822
2021-04-21,118031.11129519928,7913818.984419999,8031850.095715198
2021-04-22,118031.11129519928,7926920.796674998,8044951.907970197
2021-04-23,118031.11129519928,7954448.483488998,8072479.594784197
2021-04-26,118031.11129519928,7934842.891009999,8052874.002305198
2021-04-27,118031.11129519928,7965954.069057,8083985.180352199
2021-04-28,118031.11129519928,8072936.835367004,8190967.946662203
2021-04-29,118031.11129519928,8078350.164423,8196381.275718199
2021-04-30,118031.11129519928,8072715.459002001,8190746.5702972
2021-05-06,118031.11129519928,8056573.162523999,8174604.273819198
2021-05-07,1497967.4137829274,6427942.362518997,7925909.776301924
2021-05-10,1497967.4137829274,6466870.000104999,7964837.413887926
2021-05-11,1497967.4137829274,6473626.535460999,7971593.949243926
2021-05-12,1497967.4137829274,6532723.720678,8030691.134460927
2021-05-13,1497967.4137829274,6471382.790411,7969350.204193927
2021-05-14,1497967.4137829274,6584358.848673001,8082326.262455928
2021-05-17,1497967.4137829274,6531995.744113002,8029963.157895929
2021-05-18,1497967.4137829274,6579246.668305999,8077214.082088926
2021-05-19,1497967.4137829274,6602288.713727001,8100256.127509928
2021-05-20,1497967.4137829274,6596173.6097030025,8094141.02348593
2021-05-21,1497967.4137829274,6597914.074684999,8095881.488467926
2021-05-24,1497967.4137829274,6620623.611569002,8118591.0253519295
2021-05-25,1497967.4137829274,6706583.381758001,8204550.795540928
2021-05-26,1497967.4137829274,6681474.0244809985,8179441.438263926
2021-05-27,1497967.4137829274,6785210.972868002,8283178.386650929
2021-05-28,1497967.4137829274,6706176.602151998,8204144.0159349255
2021-05-31,1497967.4137829274,6796147.567765,8294114.9815479275
2021-06-01,1497967.4137829274,6810453.5694470005,8308420.983229928
2021-06-02,1497967.4137829274,6744389.264169002,8242356.677951929
2021-06-03,1497967.4137829274,6753110.697539002,8251078.111321929
2021-06-04,1497967.4137829274,6808761.650230001,8306729.064012928
2021-06-07,1497967.4137829274,6878435.582243999,8376402.996026926
2021-06-08,1497967.4137829274,6842853.965626,8340821.379408928
2021-06-09,1497967.4137829274,6853795.914362001,8351763.328144928
2021-06-10,1497967.4137829274,6898087.448302001,8396054.862084929
2021-06-11,1497967.4137829274,6875287.678996001,8373255.092778929
2021-06-15,1497967.4137829274,6874728.914305002,8372696.32808793
2021-06-16,1497967.4137829274,6740088.602892999,8238056.016675926
2021-06-17,1497967.4137829274,6788225.559639,8286192.973421928
2021-06-18,1497967.4137829274,6882889.303262,8380856.717044927
2021-06-21,1497967.4137829274,6960673.254320001,8458640.66810293
2021-06-22,1497967.4137829274,7017210.586336998,8515178.000119926
2021-06-23,1497967.4137829274,7086568.700379003,8584536.114161931
2021-06-24,1497967.4137829274,7006847.789222998,8504815.203005925
2021-06-25,1497967.4137829274,7063511.467955001,8561478.881737929
2021-06-28,1497967.4137829274,7115294.934723004,8613262.348505931
2021-06-29,1497967.4137829274,7024822.717496998,8522790.131279925
2021-06-30,1497967.4137829274,7078470.103411,8576437.517193928
2021-07-01,1497967.4137829274,7055599.786478002,8553567.20026093
2021-07-02,1497967.4137829274,6960776.646889003,8458744.060671931
2021-07-05,1497967.4137829274,7058948.132288998,8556915.546071926
2021-07-06,1497967.4137829274,7037200.415317999,8535167.829100927
2021-07-07,1497967.4137829274,7117900.260157,8615867.673939928
2021-07-08,1497967.4137829274,7128302.4271829985,8626269.840965927
2021-07-09,1497967.4137829274,7162869.536759001,8660836.950541928
2021-07-12,1497967.4137829274,7336964.872277001,8834932.286059929
2021-07-13,1497967.4137829274,7422778.478531001,8920745.89231393
2021-07-14,1497967.4137829274,7352855.204980999,8850822.618763927
2021-07-15,1497967.4137829274,7348710.723607001,8846678.137389928
2021-07-16,1497967.4137829274,7302677.968199,8800645.381981928
2021-07-19,1497967.4137829274,7274722.345682001,8772689.759464929
2021-07-20,1497967.4137829274,7280144.976357002,8778112.39013993
2021-07-21,1497967.4137829274,7456379.141234,8954346.555016927
2021-07-22,1497967.4137829274,7424239.114663001,8922206.52844593
2021-07-23,1497967.4137829274,7301077.164365999,8799044.578148928
2021-07-26,1497967.4137829274,7198824.342664001,8696791.756446928
2021-07-27,1497967.4137829274,7040349.784445998,8538317.198228925
2021-07-28,1497967.4137829274,6887144.362427,8385111.776209927
2021-07-29,1497967.4137829274,7106978.291736001,8604945.70551893
2021-07-30,1497967.4137829274,7129816.684640999,8627784.098423926
2021-08-02,1497967.4137829274,7255975.044112002,8753942.457894929
2021-08-03,1476595.6903324714,7262974.917903998,8739570.60823647
2021-08-04,1476595.6903324714,7409946.060166002,8886541.750498474
2021-08-05,1476595.6903324714,7414663.855906,8891259.54623847
2021-08-06,1476595.6903324714,7365215.526919002,8841811.217251472
2021-08-09,1476595.6903324714,7453356.562472,8929952.252804471
2021-08-10,1476595.6903324714,7452668.471423999,8929264.16175647
2021-08-11,1476595.6903324714,7525164.885815001,9001760.576147472
2021-08-12,1476595.6903324714,7517438.026160002,8994033.716492474
2021-08-13,1476595.6903324714,7530278.905442002,9006874.595774474
2021-08-16,1476595.6903324714,7503763.972565997,8980359.66289847
2021-08-17,1476595.6903324714,7285048.477442003,8761644.167774474
2021-08-18,1476595.6903324714,7364379.803173,8840975.49350547
2021-08-19,1476595.6903324714,7375771.658768999,8852367.34910147
2021-08-20,1476595.6903324714,7300429.235715997,8777024.926048469
2021-08-23,1476595.6903324714,7526749.180999002,9003344.871331474
2021-08-24,1476595.6903324714,7638576.5779019995,9115172.26823447
2021-08-25,1476595.6903324714,7696489.849736997,9173085.540069468
2021-08-26,1476595.6903324714,7602610.079615001,9079205.769947473
2021-08-27,1476595.6903324714,7623350.869223998,9099946.55955647
2021-08-30,1476595.6903324714,7666160.210153997,9142755.90048647
2021-08-31,1476595.6903324714,7608653.970372999,9085249.66070547
2021-09-01,1476595.6903324714,7557047.103307001,9033642.793639474
2021-09-02,1476595.6903324714,7557347.938337998,9033943.628670469
2021-09-03,1476595.6903324714,7481084.635334999,8957680.32566747
2021-09-06,1476595.6903324714,7638123.719072999,9114719.40940547
2021-09-07,1476595.6903324714,7746382.552686,9222978.24301847
2021-09-08,1476595.6903324714,7796762.235391003,9273357.925723474
2021-09-09,1476595.6903324714,7825475.307233,9302070.99756547
2021-09-10,1476595.6903324714,7831483.236874001,9308078.927206472
2021-09-13,1476595.6903324714,7880335.8515610015,9356931.541893473
2021-09-14,1476595.6903324714,7835348.173061998,9311943.863394469
2021-09-15,1476595.6903324714,7873495.602648999,9350091.29298147
2021-09-16,1476595.6903324714,7735412.415824003,9212008.106156474
2021-09-17,1476595.6903324714,7741510.435509001,9218106.125841472
2021-09-22,1476595.6903324714,7782048.054314002,9258643.744646475
2021-09-23,1476595.6903324714,7801447.022830999,9278042.71316347
2021-09-24,1476595.6903324714,7743025.224916999,9219620.91524947
2021-09-27,1476595.6903324714,7499813.8548030015,8976409.545135472
2021-09-28,1476595.6903324714,7517518.678870005,8994114.369202476
2021-09-29,1476595.6903324714,7258868.176029002,8735463.866361473
2021-09-30,1476595.6903324714,7451286.523941003,8927882.214273475
2021-10-08,1476595.6903324714,7465814.323778,8942410.014110472
2021-10-11,1476595.6903324714,7351220.932065999,8827816.62239847
2021-10-12,1476595.6903324714,7210511.043026001,8687106.733358473
2021-10-13,1476595.6903324714,7312890.867018998,8789486.55735147
2021-10-14,1476595.6903324714,7316339.5738189975,8792935.264151469
2021-10-15,1476595.6903324714,7300538.3277090015,8777134.018041473
2021-10-18,1476595.6903324714,7375256.407917999,8851852.098250471
2021-10-19,1476595.6903324714,7446218.393071001,8922814.083403472
2021-10-20,1476595.6903324714,7473125.245479998,8949720.93581247
2021-10-21,1476595.6903324714,7467918.304616001,8944513.994948473
2021-10-22,1476595.6903324714,7432360.008693002,8908955.699025474
2021-10-25,1476595.6903324714,7518794.678997,8995390.369329471
2021-10-26,1476595.6903324714,7476757.433569002,8953353.123901473
2021-10-27,1476595.6903324714,7374043.175437998,8850638.86577047
2021-10-28,1476595.6903324714,7209442.152576,8686037.842908472
2021-10-29,1476595.6903324714,7352323.135099,8828918.825431472
2021-11-01,1476595.6903324714,7398647.920069997,8875243.610402469
2021-11-02,4358762.953171984,4324699.999159,8683462.952330984
2021-11-03,4358762.953171984,4329282.918830999,8688045.872002983
2021-11-04,4358762.953171984,4387164.781617998,8745927.734789982
2021-11-05,4358762.953171984,4301761.859750002,8660524.812921986
2021-11-08,4358762.953171984,4318528.0860709995,8677291.039242983
2021-11-09,4358762.953171984,4430663.401912001,8789426.355083985
2021-11-10,4358762.953171984,4437081.306409999,8795844.259581983
2021-11-11,4358762.953171984,4463494.718457999,8822257.671629984
2021-11-12,4358762.953171984,4486364.475071,8845127.428242985
2021-11-15,4358762.953171984,4432285.376672002,8791048.329843987
2021-11-16,4358762.953171984,4400080.272097999,8758843.225269984
2021-11-17,4358762.953171984,4506989.469380001,8865752.422551986
2021-11-18,4358762.953171984,4543370.977882,8902133.931053985
2021-11-19,4358762.953171984,4577312.043868,8936074.997039985
2021-11-22,4358762.953171984,4656921.106939002,9015684.060110986
2021-11-23,4358762.953171984,4631071.313138002,8989834.266309986
2021-11-24,4358762.953171984,4621656.046259,8980418.999430984
2021-11-25,4358762.953171984,4586278.271307002,8945041.224478986
2021-11-26,4358762.953171984,4611828.604918999,8970591.558090983
2021-11-29,4358762.953171984,4635022.819185,8993785.772356983
2021-11-30,4358762.953171984,4645102.021149999,9003864.974321984
2021-12-01,4358762.953171984,4637002.010958002,8995764.964129986
2021-12-02,4358762.953171984,4576912.777203001,8935675.730374984
2021-12-03,4358762.953171984,4594131.616270999,8952894.569442984
2021-12-06,4358762.953171984,4534560.4271680005,8893323.380339984
2021-12-07,4358762.953171984,4438688.142282,8797451.095453985
2021-12-08,4358762.953171984,4542531.369398,8901294.322569985
2021-12-09,4358762.953171984,4552475.342073,8911238.295244984
2021-12-10,4358762.953171984,4561880.457134,8920643.410305984
2021-12-13,4358762.953171984,4550651.176739999,8909414.129911983
2021-12-14,4358762.953171984,4510869.0728819985,8869632.026053984
2021-12-15,4358762.953171984,4482687.716893,8841450.670064984
2021-12-16,4358762.953171984,4505540.887691002,8864303.840862986
2021-12-17,4358762.953171984,4432490.829335,8791253.782506984
2021-12-20,4358762.953171984,4316725.557143001,8675488.510314986
2021-12-21,4358762.953171984,4363085.907660001,8721848.860831985
2021-12-22,4358762.953171984,4379969.253537,8738732.206708984
2021-12-23,4358762.953171984,4367433.328995999,8726196.282167982
2021-12-24,4358762.953171984,4253194.083450001,8611957.036621984
2021-12-27,4358762.953171984,4251999.521395001,8610762.474566985
2021-12-28,4358762.953171984,4358359.115322,8717122.068493985
2021-12-29,4358762.953171984,4335604.377626998,8694367.330798984
2021-12-30,4358762.953171984,4364541.796727,8723304.749898985
2021-12-31,4358762.953171984,4375258.493453999,8734021.446625983
2022-01-04,4358762.953171984,4265678.753923999,8624441.707095984
2022-01-05,4358762.953171984,4170013.9461659994,8528776.899337985
2022-01-06,4358762.953171984,4205827.9609779995,8564590.914149985
2022-01-07,4358762.953171984,4090600.555765,8449363.508936984
2022-01-10,4358762.953171984,4122653.0036339997,8481415.956805984
2022-01-11,4358762.953171984,4074187.2896020003,8432950.242773984
2022-01-12,4358762.953171984,4145612.7938659987,8504375.747037983
2022-01-13,4358762.953171984,4087298.5087579996,8446061.461929984
2022-01-14,4358762.953171984,4088068.323849999,8446831.277021984
2022-01-17,4358762.953171984,4134032.417273,8492795.370444983
2022-01-18,4358762.953171984,4118539.5555750006,8477302.508746985
2022-01-19,4358762.953171984,4043355.590566001,8402118.543737985
2022-01-20,4358762.953171984,3955382.671814998,8314145.624986982
2022-01-21,4358762.953171984,3926733.773969999,8285496.727141984
2022-01-24,4358762.953171984,3944371.2625949997,8303134.215766984
2022-01-25,4358762.953171984,3812090.4684339995,8170853.421605984
2022-01-26,4358762.953171984,3827011.8509309995,8185774.804102983
2022-01-27,4358762.953171984,3715396.751846002,8074159.705017986
2022-01-28,4358762.953171984,3721619.587203002,8080382.540374987
2022-02-07,4358762.953171984,3767592.8201489984,8126355.773320982
2022-02-08,4358762.953171984,3723083.5571870008,8081846.5103589855
2022-02-09,4358762.953171984,3763200.985641999,8121963.938813983
2022-02-10,4358762.953171984,3705818.4167370005,8064581.369908985
2022-02-11,4358762.953171984,3630287.567213001,7989050.520384986
2022-02-14,4358762.953171984,3642042.3249090016,8000805.278080986
2022-02-15,4358762.953171984,3743162.4247960006,8101925.377967985
2022-02-16,4358762.953171984,3755756.3603729997,8114519.313544984
2022-02-17,4358762.953171984,3791520.3990479987,8150283.352219983
2022-02-18,4358762.953171984,3776415.791742,8135178.744913984
2022-02-21,4358762.953171984,3805840.5611240016,8164603.514295986
2022-02-22,4358762.953171984,3783883.0094790007,8142645.9626509845
2022-02-23,4358762.953171984,3913213.793854999,8271976.747026984
2022-02-24,4358762.953171984,3840572.8196349996,8199335.772806983
2022-02-25,4358762.953171984,3943738.2549519977,8302501.208123982
2022-02-28,4358762.953171984,3977925.1353660002,8336688.0885379845
2022-03-01,4358762.953171984,3985206.467050999,8343969.420222983
2022-03-02,4358762.953171984,3972728.7454410004,8331491.698612984
2022-03-03,4358762.953171984,3910026.266209999,8268789.219381983
2022-03-04,4358762.953171984,3876366.3553450014,8235129.308516986
2022-03-07,4358762.953171984,3801242.447623001,8160005.400794985
2022-03-08,4358762.953171984,3710736.7168839998,8069499.670055984
2022-03-09,4358762.953171984,3659838.5410060016,8018601.494177986
2022-03-10,4358762.953171984,3764953.168585001,8123716.121756986
2022-03-11,4358762.953171984,3747097.562608999,8105860.5157809835
2022-03-14,4358762.953171984,3651270.719091,8010033.672262984
2022-03-15,4358762.953171984,3506913.12856,7865676.081731984
2022-03-16,4358762.953171984,3628294.4470519996,7987057.400223983
2022-03-17,4358762.953171984,3698310.313294998,8057073.266466983
2022-03-18,4358762.953171984,3723671.722231,8082434.675402984
2022-03-21,4358762.953171984,3770841.6923720003,8129604.645543985
2022-03-22,4358762.953171984,3761649.791034999,8120412.744206984
2022-03-23,4358762.953171984,3796098.674932,8154861.6281039845
2022-03-24,4358762.953171984,3781788.9354780004,8140551.888649985
2022-03-25,4358762.953171984,3727514.5404959987,8086277.4936679825
2022-03-28,4358762.953171984,3683414.3988890015,8042177.352060986
2022-03-29,4358762.953171984,3648005.4963340005,8006768.449505985
2022-03-30,4358762.953171984,3720168.585425,8078931.538596984
2022-03-31,4358762.953171984,3641840.8544559996,8000603.807627983
2022-04-01,4358762.953171984,3644847.485274001,8003610.438445985
2022-04-06,4358762.953171984,3609089.3686539987,7967852.321825983
2022-04-07,4358762.953171984,3539266.497678,7898029.450849984
2022-04-08,4358762.953171984,3510018.936936001,7868781.890107986
2022-04-11,4358762.953171984,3377519.746084,7736282.699255984
2022-04-12,4358762.953171984,3434022.5645040004,7792785.517675985
2022-04-13,4358762.953171984,3361187.153448,7719950.106619984
2022-04-14,4358762.953171984,3388998.4489950016,7747761.402166986
2022-04-15,4358762.953171984,3370489.0585159985,7729252.011687983
2022-04-18,4358762.953171984,3410737.4672440006,7769500.4204159845
2022-04-19,4358762.953171984,3401708.8119510002,7760471.765122985
2022-04-20,4358762.953171984,3363046.353643001,7721809.306814985
2022-04-21,4358762.953171984,3232892.488473,7591655.441644984
2022-04-22,4358762.953171984,3177897.2743530003,7536660.227524985
2022-04-25,4358762.953171984,2958007.1250529997,7316770.078224984
2022-04-26,4358762.953171984,2871893.4507409995,7230656.403912984
2022-04-27,4358762.953171984,3006321.7337239995,7365084.686895983
2022-04-28,4358762.953171984,3004979.6519910013,7363742.605162986
2022-04-29,4358762.953171984,3134309.233069,7493072.186240984
2022-05-05,4358762.953171984,3154985.841924,7513748.795095984
2022-05-06,5772854.735565206,1712849.6931249995,7485704.428690205
2022-05-09,5772854.735565206,1751071.7849899998,7523926.520555206
2022-05-10,5772854.735565206,1788413.38822,7561268.123785206
2022-05-11,5772854.735565206,1784220.045232001,7557074.780797207
2022-05-12,5772854.735565206,1795429.9410080002,7568284.676573206
2022-05-13,5772854.735565206,1818052.6583059998,7590907.393871206
2022-05-16,5772854.735565206,1836796.315777999,7609651.051343205
2022-05-17,5772854.735565206,1827592.86656,7600447.602125206
2022-05-18,5772854.735565206,1843640.1626789996,7616494.898244206
2022-05-19,5772854.735565206,1862351.4422719993,7635206.177837205
2022-05-20,5772854.735565206,1878879.1378679995,7651733.873433205
2022-05-23,5772854.735565206,1906303.4876070006,7679158.223172206
2022-05-24,5772854.735565206,1827389.380667,7600244.116232206
2022-05-25,5772854.735565206,1862851.578792001,7635706.314357207
2022-05-26,5772854.735565206,1872870.3779730008,7645725.113538207
2022-05-27,5772854.735565206,1893509.3039019995,7666364.039467205
2022-05-30,5772854.735565206,1915451.2921220013,7688306.027687207
2022-05-31,5772854.735565206,1931657.869778,7704512.605343206
2022-06-01,5772854.735565206,1932311.001951,7705165.737516206
2022-06-02,5772854.735565206,1931175.3615410011,7704030.097106207
2022-06-06,5772854.735565206,1970682.019817,7743536.755382206
2022-06-07,5772854.735565206,1966197.4735539998,7739052.209119206
2022-06-08,5772854.735565206,1960836.3875919995,7733691.123157205
2022-06-09,5772854.735565206,1926951.4663049998,7699806.201870206
2022-06-10,5772854.735565206,1959108.7050319996,7731963.440597205
2022-06-13,5772854.735565206,1961416.6856359998,7734271.421201206
2022-06-14,5772854.735565206,1955461.3025140008,7728316.038079207
2022-06-15,5772854.735565206,1950380.0028170003,7723234.738382206
2022-06-16,5772854.735565206,1967478.8410950005,7740333.576660207
2022-06-17,5772854.735565206,1966554.6866780005,7739409.422243207
2022-06-20,5772854.735565206,1973452.6817280008,7746307.417293207
2022-06-21,5772854.735565206,1953143.161259,7725997.896824206
2022-06-22,5772854.735565206,1927599.2409450004,7700453.976510206
2022-06-23,5772854.735565206,1967500.619171,7740355.354736206
2022-06-24,5772854.735565206,1976305.467461,7749160.203026206
2022-06-27,5772854.735565206,1997729.5780949998,7770584.313660206
2022-06-28,5772854.735565206,2012491.2942560003,7785346.029821206
2022-06-29,5772854.735565206,1965320.1362520002,7738174.871817206
2022-06-30,5772854.735565206,1986688.7406089995,7759543.476174206
2022-07-01,5772854.735565206,2000044.5219139997,7772899.257479206
2022-07-04,5772854.735565206,2027442.9762999993,7800297.711865205
2022-07-05,5772854.735565206,2011618.7158409997,7784473.451406206
2022-07-06,5772854.735565206,1982070.3726190003,7754925.108184206
2022-07-07,5772854.735565206,1997861.74756,7770716.483125206
2022-07-08,5772854.735565206,1992731.996053,7765586.731618206
2022-07-11,5772854.735565206,1969951.497265,7742806.232830206
2022-07-12,5772854.735565206,1956109.392449,7728964.128014206
2022-07-13,5772854.735565206,1984552.053061001,7757406.788626207
2022-07-14,5772854.735565206,1984119.5104719999,7756974.246037206
2022-07-15,5772854.735565206,1946957.718406,7719812.453971206
2022-07-18,5772854.735565206,1978648.1102230002,7751502.845788206
2022-07-19,5772854.735565206,2006435.161589,7779289.897154206
2022-07-20,5772854.735565206,2024056.0398500003,7796910.775415206
2022-07-21,5772854.735565206,2007271.0573509997,7780125.792916206
2022-07-22,5772854.735565206,2005891.7267350003,7778746.462300207
2022-07-25,5772854.735565206,1984905.1185520005,7757759.854117206
2022-07-26,5772854.735565206,2026190.7027639996,7799045.438329206
2022-07-27,5772854.735565206,2037338.8704139995,7810193.605979206
2022-07-28,5772854.735565206,2042942.337502,7815797.073067206
2022-07-29,5772854.735565206,2027615.9279889998,7800470.663554206
2022-08-01,5772854.735565206,2023129.298912,7795984.034477206
2022-08-02,3524733.51581509,4126708.4292589994,7651441.945074089
2022-08-03,3524733.51581509,4063156.3316590004,7587889.847474091
2022-08-04,3524733.51581509,4140519.1659039995,7665252.681719089
2022-08-05,3524733.51581509,4205118.855277,7729852.37109209
2022-08-08,3524733.51581509,4298279.491681001,7823013.007496091
2022-08-09,3524733.51581509,4277570.506385,7802304.022200091
2022-08-10,3524733.51581509,4299301.737165,7824035.252980091
2022-08-11,3524733.51581509,4356431.850848,7881165.366663089
2022-08-12,3524733.51581509,4309817.492426001,7834551.008241091
2022-08-15,3524733.51581509,4354147.286998,7878880.80281309
2022-08-16,3524733.51581509,4377815.797939001,7902549.313754091
2022-08-17,3524733.51581509,4344126.836792,7868860.35260709
2022-08-18,3524733.51581509,4319193.266991001,7843926.782806091
2022-08-19,3524733.51581509,4247141.9235000005,7771875.43931509
2022-08-22,3524733.51581509,6620342.988703,10145076.50451809
2022-08-23,3524733.51581509,6341275.581544999,9866009.09736009
2022-08-24,3524733.51581509,5996983.221435,9521716.73725009
2022-08-25,3524733.51581509,6034188.39876,9558921.91457509
2022-08-26,3524733.51581509,5804642.175155,9329375.69097009
2022-08-29,3524733.51581509,5729837.10922,9254570.62503509
2022-08-30,3524733.51581509,5828023.871728,9352757.38754309
2022-08-31,3524733.51581509,5767071.0536899995,9291804.56950509
2022-09-01,3524733.51581509,6042754.197438,9567487.71325309
2022-09-02,3524733.51581509,6357914.108783,9882647.62459809
2022-09-05,3524733.51581509,6108315.584168999,9633049.099984089
2022-09-06,3524733.51581509,6027664.284651,9552397.80046609
2022-09-07,3524733.51581509,6018283.472734,9543016.988549089
2022-09-08,3524733.51581509,5877402.641617001,9402136.15743209
2022-09-09,3524733.51581509,5793058.953799,9317792.46961409
2022-09-13,3524733.51581509,5775742.012866001,9300475.52868109
2022-09-14,3524733.51581509,5837329.157032,9362062.67284709
2022-09-15,3524733.51581509,5491377.9697050005,9016111.48552009
2022-09-16,3524733.51581509,5307471.065784999,8832204.581600089
2022-09-19,3524733.51581509,5170542.694599999,8695276.21041509
2022-09-20,3524733.51581509,5328148.795162001,8852882.31097709
2022-09-21,3524733.51581509,5328381.445169001,8853114.96098409
2022-09-22,3524733.51581509,5300976.868910001,8825710.38472509
2022-09-23,3524733.51581509,5097704.038514,8622437.55432909
2022-09-26,3524733.51581509,5080098.686811,8604832.20262609
2022-09-27,3524733.51581509,5157342.256669,8682075.77248409
2022-09-28,3524733.51581509,4963589.260772999,8488322.77658809
2022-09-29,3524733.51581509,4966917.433676,8491650.94949109
2022-09-30,3524733.51581509,4886105.700069001,8410839.215884091
2022-10-10,3524733.51581509,4757969.902308,8282703.418123091
2022-10-11,3524733.51581509,4759586.245443001,8284319.761258092
2022-10-12,3524733.51581509,4994777.3990009995,8519510.914816089
2022-10-13,3524733.51581509,4916534.1824819995,8441267.698297089
2022-10-14,3524733.51581509,5052624.113633,8577357.62944809
2022-10-17,3524733.51581509,5102345.628191999,8627079.144007089
2022-10-18,3524733.51581509,5104578.712878,8629312.22869309
2022-10-19,3524733.51581509,5061189.421163,8585922.93697809
2022-10-20,3524733.51581509,5201262.993531,8725996.50934609
2022-10-21,3524733.51581509,5257546.672482,8782280.18829709
2022-10-24,3524733.51581509,5387053.435040999,8911786.95085609
2022-10-25,3524733.51581509,5204202.3049530005,8728935.82076809
2022-10-26,3524733.51581509,5314394.5488559995,8839128.06467109
2022-10-27,3524733.51581509,5275826.182035999,8800559.69785109
2022-10-28,3524733.51581509,5349057.413671999,8873790.929487089
2022-10-31,3524733.51581509,5512894.1884550005,9037627.70427009
2022-11-01,5678407.428631325,3483320.6065090005,9161728.035140326
2022-11-02,5678407.428631325,3565931.4992699996,9244338.927901324
2022-11-03,5678407.428631325,3666752.0148000005,9345159.443431325
2022-11-04,5678407.428631325,3793291.729662001,9471699.158293325
2022-11-07,5678407.428631325,3789966.162016001,9468373.590647327
2022-11-08,5678407.428631325,3776337.7349460013,9454745.163577326
2022-11-09,5678407.428631325,3756544.121397002,9434951.550028328
2022-11-10,5678407.428631325,3696933.279343,9375340.707974326
2022-11-11,5678407.428631325,3676820.427864001,9355227.856495326
2022-11-14,5678407.428631325,3618239.549384002,9296646.978015328
2022-11-15,5678407.428631325,3709216.9222000013,9387624.350831326
2022-11-16,5678407.428631325,3694755.7251360007,9373163.153767325
2022-11-17,5678407.428631325,3674821.4150740006,9353228.843705326
2022-11-18,5678407.428631325,3633177.1196310003,9311584.548262326
2022-11-21,5678407.428631325,3671186.029387001,9349593.458018325
2022-11-22,5678407.428631325,3607012.4924320015,9285419.921063326
2022-11-23,5678407.428631325,3628089.3080579997,9306496.736689325
2022-11-24,5678407.428631325,3617864.2518940023,9296271.680525327
2022-11-25,5678407.428631325,3557428.108896001,9235835.537527326
2022-11-28,5678407.428631325,3539274.9772300012,9217682.405861326
2022-11-29,5678407.428631325,3534594.947031,9213002.375662325
2022-11-30,5678407.428631325,3534902.2333009983,9213309.661932323
2022-12-01,5678407.428631325,3581877.3781909994,9260284.806822324
2022-12-02,5678407.428631325,3568289.531759001,9246696.960390326
2022-12-05,5678407.428631325,3526925.2073930004,9205332.636024326
2022-12-06,5678407.428631325,3534027.1467679995,9212434.575399324
2022-12-07,5678407.428631325,3520118.2103390004,9198525.638970327
2022-12-08,5678407.428631325,3511132.912825999,9189540.341457324
2022-12-09,5678407.428631325,3513821.3651029984,9192228.793734323
2022-12-12,5678407.428631325,3503406.5724890004,9181814.001120325
2022-12-13,5678407.428631325,3456414.2736319983,9134821.702263324
2022-12-14,5678407.428631325,3451251.496399999,9129658.925031325
2022-12-15,5678407.428631325,3471107.601820001,9149515.030451326
2022-12-16,5678407.428631325,3391657.0716799996,9070064.500311324
2022-12-19,5678407.428631325,3355851.374018002,9034258.802649327
2022-12-20,5678407.428631325,3341346.72963,9019754.158261325
2022-12-21,5678407.428631325,3295771.4629649995,8974178.891596325
2022-12-22,5678407.428631325,3234549.1840350004,8912956.612666326
2022-12-23,5678407.428631325,3202345.862901,8880753.291532325
2022-12-26,5678407.428631325,3305670.0329459985,8984077.461577324
2022-12-27,5678407.428631325,3357539.2587719983,9035946.687403323
2022-12-28,5678407.428631325,3311955.9102230016,8990363.338854328
2022-12-29,5678407.428631325,3290281.0577860014,8968688.486417327
2022-12-30,5678407.428631325,3312174.467224999,8990581.895856325
2023-01-03,5678407.428631325,3372503.4635579996,9050910.892189324
2023-01-04,5678407.428631325,3343477.9455879997,9021885.374219324
2023-01-05,5678407.428631325,3385483.2666249997,9063890.695256324
2023-01-06,5678407.428631325,3436856.590497,9115264.019128326
2023-01-09,5678407.428631325,3440888.331537001,9119295.760168325
2023-01-10,5678407.428631325,3438677.135965999,9117084.564597324
2023-01-11,5678407.428631325,3388027.5717730024,9066435.000404328
2023-01-12,5678407.428631325,3388124.814972999,9066532.243604325
2023-01-13,5678407.428631325,3378226.561773998,9056633.990405323
2023-01-16,5678407.428631325,3408584.8077270007,9086992.236358326
2023-01-17,5678407.428631325,3419108.8863319997,9097516.314963326
2023-01-18,5678407.428631325,3435439.1955870017,9113846.624218326
2023-01-19,5678407.428631325,3458096.447013002,9136503.875644326
2023-01-20,5678407.428631325,3497822.648889,9176230.077520326
2023-01-30,5678407.428631325,3550868.9649609984,9229276.393592324
2023-01-31,5678407.428631325,3534063.811016999,9212471.239648324
2023-02-01,1183938.4468315481,8133550.872468,9317489.319299549
2023-02-02,1183938.4468315481,8195891.602716001,9379830.04954755
2023-02-03,1183938.4468315481,8188997.150553,9372935.597384548
2023-02-06,1183938.4468315481,8071614.0986520015,9255552.54548355
2023-02-07,1183938.4468315481,7994503.689347001,9178442.13617855
2023-02-08,1183938.4468315481,7975769.615198999,9159708.062030546
2023-02-09,1183938.4468315481,8150184.747245998,9334123.194077546
2023-02-10,1183938.4468315481,8067476.420126,9251414.866957549
2023-02-13,1183938.4468315481,8187810.910617998,9371749.357449546
2023-02-14,1183938.4468315481,8065899.1828959985,9249837.629727546
2023-02-15,1183938.4468315481,8014218.830220001,9198157.27705155
2023-02-16,1183938.4468315481,7825661.738454999,9009600.185286548
2023-02-17,1183938.4468315481,7704107.716948,8888046.163779547
2023-02-20,1183938.4468315481,7747481.438875,8931419.885706548
2023-02-21,1183938.4468315481,7726600.208736001,8910538.65556755
2023-02-22,1183938.4468315481,7759613.318666,8943551.765497549
2023-02-23,1183938.4468315481,7841325.029437001,9025263.476268549
2023-02-24,1183938.4468315481,7799730.322628002,8983668.76945955
2023-02-27,1183938.4468315481,7745390.875289999,8929329.322121548
2023-02-28,1183938.4468315481,7765766.752891999,8949705.199723547
2023-03-01,1183938.4468315481,7712828.1326089995,8896766.579440547
2023-03-02,1183938.4468315481,7586901.998802999,8770840.445634548
2023-03-03,1183938.4468315481,7652801.791704999,8836740.238536548
2023-03-06,1183938.4468315481,7837738.198703,9021676.645534549
2023-03-07,1183938.4468315481,7679190.102018,8863128.548849547
2023-03-08,1183938.4468315481,7738590.715551999,8922529.162383547
2023-03-09,1183938.4468315481,7727195.736018001,8911134.182849549
2023-03-10,1183938.4468315481,7660386.6975030005,8844325.14433455
2023-03-13,1183938.4468315481,7720495.498483999,8904433.945315547
2023-03-14,1183938.4468315481,7715124.430929999,8899062.877761547
2023-03-15,1183938.4468315481,7639933.036893,8823871.483724548
2023-03-16,1183938.4468315481,7442307.499033001,8626245.945864549
2023-03-17,1183938.4468315481,7297095.690191,8481034.137022547
2023-03-20,1183938.4468315481,7340336.410101,8524274.856932549
2023-03-21,1183938.4468315481,7431276.147337998,8615214.594169546
2023-03-22,1183938.4468315481,7368541.480276,8552479.927107548
2023-03-23,1183938.4468315481,7387497.993866,8571436.440697549
2023-03-24,1183938.4468315481,7353152.7548549995,8537091.201686548
2023-03-27,1183938.4468315481,7406883.410459999,8590821.857291548
2023-03-28,1183938.4468315481,7307694.6875909995,8491633.134422548
2023-03-29,1183938.4468315481,7312952.879502,8496891.326333549
2023-03-30,1183938.4468315481,7362253.669589996,8546192.116421545
2023-03-31,1183938.4468315481,7495807.555690999,8679746.002522547
2023-04-03,1183938.4468315481,7548458.808153998,8732397.254985547
2023-04-04,1183938.4468315481,7481425.517757999,8665363.964589547
2023-04-06,1183938.4468315481,7463781.9662689995,8647720.413100548
2023-04-07,1183938.4468315481,7656763.526153999,8840701.972985547
2023-04-10,1183938.4468315481,7555883.065064999,8739821.511896547
2023-04-11,1183938.4468315481,7540450.343524999,8724388.790356547
2023-04-12,1183938.4468315481,7572754.106657,8756692.553488549
2023-04-13,1183938.4468315481,7548595.567457001,8732534.014288548
2023-04-14,1183938.4468315481,7732351.064667002,8916289.51149855
2023-04-17,1183938.4468315481,7609897.42511,8793835.871941548
2023-04-18,1183938.4468315481,7526280.358064,8710218.804895548
2023-04-19,1183938.4468315481,7469902.737731,8653841.184562549
2023-04-20,1183938.4468315481,7325825.143349,8509763.590180548
2023-04-21,1183938.4468315481,7026877.471231,8210815.918062547
2023-04-24,1183938.4468315481,6894844.227930001,8078782.674761549
2023-04-25,1183938.4468315481,6688945.323205,7872883.770036548
2023-04-26,1183938.4468315481,6845623.495266001,8029561.942097548
2023-04-27,1183938.4468315481,6736285.041096001,7920223.487927549
2023-04-28,1183938.4468315481,6632760.605927002,7816699.05275855
2023-05-04,1183938.4468315481,6611739.331632999,7795677.778464546
2023-05-05,1623480.3119533404,6114317.971366,7737798.283319341
2023-05-08,1623480.3119533404,6170565.379964999,7794045.69191834
2023-05-09,1623480.3119533404,6033633.188200998,7657113.500154339
2023-05-10,1623480.3119533404,6070617.734639999,7694098.04659334
2023-05-11,1623480.3119533404,6095550.807062,7719031.119015341
2023-05-12,1623480.3119533404,5986432.428587001,7609912.7405403415
2023-05-15,1623480.3119533404,5995658.533966999,7619138.845920339
2023-05-16,1623480.3119533404,5869776.667121001,7493256.979074341
2023-05-17,1623480.3119533404,5939914.718686,7563395.030639341
2023-05-18,1623480.3119533404,6054662.647566002,7678142.9595193425
2023-05-19,1623480.3119533404,6014205.050834,7637685.362787341
2023-05-22,1623480.3119533404,5986385.660515999,7609865.97246934
2023-05-23,1623480.3119533404,5864073.269894,7487553.581847341
2023-05-24,1623480.3119533404,5858223.665685002,7481703.977638342
2023-05-25,1623480.3119533404,5831035.7693880005,7454516.081341341
2023-05-26,1623480.3119533404,5927600.402208,7551080.714161341
2023-05-29,1623480.3119533404,5948403.414875001,7571883.726828341
2023-05-30,1623480.3119533404,6055067.498212001,7678547.810165342
2023-05-31,1623480.3119533404,6100924.791514997,7724405.103468338
2023-06-01,1623480.3119533404,6201062.513327002,7824542.825280342
2023-06-02,1623480.3119533404,6192271.688986001,7815752.000939341
2023-06-05,1623480.3119533404,6293106.083730998,7916586.395684339
2023-06-06,1623480.3119533404,6188273.561175001,7811753.8731283415
2023-06-07,1623480.3119533404,6319279.596623998,7942759.908577339
2023-06-08,1623480.3119533404,6260257.122470999,7883737.43442434
2023-06-09,1623480.3119533404,6331857.229858,7955337.5418113405
2023-06-12,1623480.3119533404,6356131.173627997,7979611.4855813375
2023-06-13,1623480.3119533404,6409323.102065,8032803.41401834
2023-06-14,1623480.3119533404,6412971.034938,8036451.346891341
2023-06-15,1623480.3119533404,6403390.699457999,8026871.01141134
2023-06-16,1623480.3119533404,6458758.005394001,8082238.317347341
2023-06-19,1623480.3119533404,6541406.002989999,8164886.31494334
2023-06-20,1623480.3119533404,6522607.273506998,8146087.585460339
2023-06-21,1623480.3119533404,6316832.1493029995,7940312.46125634
2023-06-26,1623480.3119533404,6065799.341882999,7689279.65383634
2023-06-27,1623480.3119533404,6139507.645023001,7762987.956976342
2023-06-28,1623480.3119533404,6034797.722042,7658278.033995341
2023-06-29,1623480.3119533404,6114263.561841003,7737743.873794343
2023-06-30,1623480.3119533404,6149472.752603005,7772953.064556345
2023-07-03,1623480.3119533404,6122166.080568,7745646.39252134
2023-07-04,1623480.3119533404,6172796.778244999,7796277.09019834
2023-07-05,1623480.3119533404,6075619.123728998,7699099.435682339
2023-07-06,1623480.3119533404,6074183.565878,7697663.877831341
2023-07-07,1623480.3119533404,6025672.223427999,7649152.5353813395
2023-07-10,1623480.3119533404,6015586.042710001,7639066.354663341
2023-07-11,1623480.3119533404,6053341.199675998,7676821.511629338
2023-07-12,1623480.3119533404,5950016.135825999,7573496.44777934
2023-07-13,1623480.3119533404,6052933.023419998,7676413.335373338
2023-07-14,1623480.3119533404,6132492.220303001,7755972.532256342
2023-07-17,1623480.3119533404,6095154.009263001,7718634.321216342
2023-07-18,1623480.3119533404,6020948.084547997,7644428.396501338
2023-07-19,1623480.3119533404,6022751.179961998,7646231.491915339
2023-07-20,1623480.3119533404,5936170.190071,7559650.50202434
2023-07-21,1623480.3119533404,5898797.693825002,7522278.0057783425
2023-07-24,1623480.3119533404,5940878.223252,7564358.535205341
2023-07-25,1623480.3119533404,6039273.849400997,7662754.161354338
2023-07-26,1623480.3119533404,5929445.1319,7552925.443853341
2023-07-27,1623480.3119533404,5867699.439753,7491179.75170634
2023-07-28,1623480.3119533404,5912927.411263,7536407.723216341
2023-07-31,1623480.3119533404,5955466.610282001,7578946.922235342
2023-08-01,371103.68166978814,7174496.812678002,7545600.49434779
2023-08-02,371103.68166978814,7238032.009966002,7609135.69163579
2023-08-03,371103.68166978814,7212075.275644002,7583178.95731379
2023-08-04,371103.68166978814,7349786.894906997,7720890.576576785
2023-08-07,371103.68166978814,7361245.480450997,7732349.162120786
2023-08-08,371103.68166978814,7336172.934266001,7707276.615935789
2023-08-09,371103.68166978814,7251708.423443,7622812.105112788
2023-08-10,371103.68166978814,7247989.358684,7619093.040353788
2023-08-11,371103.68166978814,7090593.684143,7461697.365812789
2023-08-14,371103.68166978814,7190433.053757001,7561536.735426789
2023-08-15,371103.68166978814,7082711.898887998,7453815.580557787
2023-08-16,371103.68166978814,6964286.305455002,7335389.98712479
2023-08-17,371103.68166978814,7093767.834088997,7464871.515758785
2023-08-18,371103.68166978814,6939948.478279998,7311052.159949786
2023-08-21,371103.68166978814,6918841.002753998,7289944.684423787
2023-08-22,371103.68166978814,7132592.763460999,7503696.445130788
2023-08-23,371103.68166978814,7009511.845584001,7380615.52725379
2023-08-24,371103.68166978814,7008249.921574004,7379353.603243792
2023-08-25,371103.68166978814,6807746.986314999,7178850.667984787
2023-08-28,371103.68166978814,6871030.385523999,7242134.067193788
2023-08-29,371103.68166978814,7184562.874654002,7555666.55632379
2023-08-30,371103.68166978814,7324391.577161001,7695495.2588307895
2023-08-31,371103.68166978814,7246519.472006,7617623.153675788
2023-09-01,371103.68166978814,7148752.914052001,7519856.59572179
2023-09-04,371103.68166978814,7234965.7776569985,7606069.459326787
2023-09-05,371103.68166978814,7187926.965979,7559030.647648788
2023-09-06,371103.68166978814,7275272.8460099995,7646376.527679788
2023-09-07,371103.68166978814,7169471.889979001,7540575.57164879
2023-09-08,371103.68166978814,7282371.424951,7653475.106620789
2023-09-11,371103.68166978814,7347630.119080999,7718733.800750787
2023-09-12,371103.68166978814,7271199.100206999,7642302.781876788
2023-09-13,371103.68166978814,7144183.548022002,7515287.22969179
2023-09-14,371103.68166978814,7061011.587400998,7432115.269070786
2023-09-15,371103.68166978814,7038943.485090002,7410047.166759791
2023-09-18,371103.68166978814,7056580.86824,7427684.549909788
2023-09-19,371103.68166978814,6959581.4030329995,7330685.084702788
2023-09-20,371103.68166978814,6858691.813467,7229795.495136788
2023-09-21,371103.68166978814,6849319.631705001,7220423.313374789
2023-09-22,371103.68166978814,7038074.938893002,7409178.620562791
2023-09-25,371103.68166978814,6995611.413236003,7366715.094905792
2023-09-26,371103.68166978814,6998347.2790560005,7369450.960725789
2023-09-27,371103.68166978814,6989412.731640997,7360516.413310786
2023-09-28,371103.68166978814,7103068.987355001,7474172.66902479
2023-10-09,371103.68166978814,7125813.356398001,7496917.03806779
2023-10-10,371103.68166978814,7172803.607257001,7543907.28892679
2023-10-11,371103.68166978814,7255230.490148998,7626334.171818786
2023-10-12,371103.68166978814,7223988.803049998,7595092.484719787
2023-10-13,371103.68166978814,7160651.260806999,7531754.942476788
2023-10-16,371103.68166978814,7092482.847786998,7463586.529456787
2023-10-17,371103.68166978814,7109013.867034998,7480117.548704786
2023-10-18,371103.68166978814,6976729.233809998,7347832.915479787
2023-10-19,371103.68166978814,6902172.631884,7273276.313553789
2023-10-20,371103.68166978814,6725422.653822999,7096526.335492788
2023-10-23,371103.68166978814,6549946.336173,6921050.017842788
2023-10-24,371103.68166978814,6713485.718720999,7084589.400390787
2023-10-25,371103.68166978814,6814985.5327050015,7186089.21437479
2023-10-26,371103.68166978814,6881605.04714,7252708.728809789
2023-10-27,371103.68166978814,6862907.471208001,7234011.152877789
2023-10-30,371103.68166978814,7022527.971620001,7393631.653289789
2023-10-31,371103.68166978814,6970857.889915,7341961.571584788
2023-11-01,4161756.7266842206,3127946.5123210005,7289703.239005221
2023-11-02,4161756.7266842206,3091962.383313,7253719.10999722
2023-11-03,4161756.7266842206,3121599.822109,7283356.548793221
2023-11-06,4161756.7266842206,3176863.136466998,7338619.863151219
2023-11-07,4161756.7266842206,3192234.4925389993,7353991.21922322
2023-11-08,4161756.7266842206,3211928.8070009993,7373685.53368522
2023-11-09,4161756.7266842206,3162103.4630169994,7323860.18970122
2023-11-10,4161756.7266842206,3162687.784383,7324444.511067221
2023-11-13,4161756.7266842206,3180294.9301130003,7342051.656797221
2023-11-14,4161756.7266842206,3201047.4549780022,7362804.181662222
2023-11-15,4161756.7266842206,3229290.3872899995,7391047.11397422
2023-11-16,4161756.7266842206,3208372.339113001,7370129.065797221
2023-11-17,4161756.7266842206,3227518.7638589996,7389275.49054322
2023-11-20,4161756.7266842206,3253930.9809580003,7415687.707642221
2023-11-21,4161756.7266842206,3222844.4342289995,7384601.16091322
2023-11-22,4161756.7266842206,3177229.7235990004,7338986.450283221
2023-11-23,4161756.7266842206,3231224.465293001,7392981.1919772215
2023-11-24,4161756.7266842206,3190369.9780409993,7352126.70472522
2023-11-27,4161756.7266842206,3205808.771510001,7367565.498194221
2023-11-28,4161756.7266842206,3233568.6714319997,7395325.39811622
2023-11-29,4161756.7266842206,3220027.2542690006,7381783.980953221
2023-11-30,4161756.7266842206,3211490.6370010003,7373247.3636852205
2023-12-01,4161756.7266842206,3216741.114180002,7378497.8408642225
2023-12-04,4161756.7266842206,3212585.347629002,7374342.074313222
2023-12-05,4161756.7266842206,3157815.1248500007,7319571.851534221
2023-12-06,4161756.7266842206,3165490.0558959995,7327246.78258022
2023-12-07,4161756.7266842206,3153627.890239001,7315384.616923221
2023-12-08,4161756.7266842206,3122504.3065099996,7284261.03319422
2023-12-11,4161756.7266842206,3159384.573789999,7321141.300474219
2023-12-12,4161756.7266842206,3168169.7343339995,7329926.46101822
2023-12-13,4161756.7266842206,3145453.2711209995,7307209.99780522
2023-12-14,4161756.7266842206,3133689.0173120005,7295445.743996222
2023-12-15,4161756.7266842206,3112224.427261001,7273981.153945222
2023-12-18,4161756.7266842206,3088329.089698999,7250085.81638322
2023-12-19,4161756.7266842206,3096290.693205999,7258047.419890219
2023-12-20,4161756.7266842206,3060212.574189999,7221969.30087422
2023-12-21,4161756.7266842206,3082249.4836259997,7244006.210310221
2023-12-22,4161756.7266842206,3062435.73364,7224192.46032422
2023-12-25,4161756.7266842206,3055435.164463001,7217191.891147221
2023-12-26,4161756.7266842206,3028350.275033,7190107.001717221
2023-12-27,4161756.7266842206,3064783.581383001,7226540.308067221
2023-12-28,4161756.7266842206,3092747.560178,7254504.286862221
2023-12-29,4161756.7266842206,3149488.5462879995,7311245.272972221
2024-01-02,4161756.7266842206,3161097.8747020005,7322854.601386221
2024-01-03,4161756.7266842206,3146270.6874240004,7308027.4141082205
2024-01-04,4161756.7266842206,3163741.935131,7325498.6618152205
2024-01-05,4161756.7266842206,3122859.935538999,7284616.66222322
2024-01-08,4161756.7266842206,3075549.770256999,7237306.49694122
2024-01-09,4161756.7266842206,3118721.5100110015,7280478.236695223
2024-01-10,4161756.7266842206,3097116.5878640004,7258873.3145482205
2024-01-11,4161756.7266842206,3128983.670462001,7290740.397146221
2024-01-12,4161756.7266842206,3128236.8602580004,7289993.586942221
2024-01-15,4161756.7266842206,3154118.5341709997,7315875.26085522
2024-01-16,4161756.7266842206,3162943.1794719985,7324699.90615622
2024-01-17,4161756.7266842206,3121632.4363949993,7283389.16307922
2024-01-18,4161756.7266842206,3099304.5382589987,7261061.26494322
2024-01-19,4161756.7266842206,3062808.6304069995,7224565.35709122
2024-01-22,4161756.7266842206,2908696.876309001,7070453.602993222
2024-01-23,4161756.7266842206,2913806.6764559993,7075563.40314022
2024-01-24,4161756.7266842206,2951441.080434001,7113197.807118222
2024-01-25,4161756.7266842206,3018075.8761110003,7179832.602795221
2024-01-26,4161756.7266842206,3006222.253393001,7167978.980077222
2024-01-29,4161756.7266842206,2924920.8282349994,7086677.5549192205
2024-01-30,4161756.7266842206,2851571.2645930015,7013327.991277222
2024-01-31,4161756.7266842206,2756384.6443839995,6918141.371068221
2024-02-01,2514516.4477753593,4400886.46297,6915402.910745359
2024-02-02,2514516.4477753593,4261585.738798,6776102.186573359
2024-02-05,2514516.4477753593,4031800.4688529996,6546316.916628359
2024-02-06,2514516.4477753593,4217867.431607,6732383.879382359
2024-02-07,2514516.4477753593,4310541.419194,6825057.866969359
2024-02-08,2514516.4477753593,4446294.460604,6960810.908379359
2024-02-19,2514516.4477753593,4490059.128554001,7004575.576329361
2024-02-20,2514516.4477753593,4518577.368667999,7033093.816443359
2024-02-21,2514516.4477753593,4565181.831106001,7079698.27888136
2024-02-22,2514516.4477753593,4615343.861811001,7129860.30958636
2024-02-23,2514516.4477753593,4691546.874701,7206063.322476359
2024-02-26,2514516.4477753593,4766135.636729001,7280652.08450436
2024-02-27,2514516.4477753593,4869918.198566001,7384434.64634136
2024-02-28,2514516.4477753593,4601780.226116002,7116296.673891361
2024-02-29,2514516.4477753593,4790608.857304,7305125.30507936
2024-03-01,2514516.4477753593,4815596.110487002,7330112.558262361
2024-03-04,2514516.4477753593,4889835.015471,7404351.4632463595
2024-03-05,2514516.4477753593,4839853.383351,7354369.831126359
2024-03-06,2514516.4477753593,4842510.86939,7357027.317165359
2024-03-07,2514516.4477753593,4832669.632424002,7347186.080199361
2024-03-08,2514516.4477753593,4851742.630861,7366259.078636359
2024-03-11,2514516.4477753593,4907743.914333999,7422260.362109358
2024-03-12,2514516.4477753593,5013318.717194,7527835.1649693595
2024-03-13,2514516.4477753593,5054116.616607,7568633.064382359
2024-03-14,2514516.4477753593,5024283.098996999,7538799.546772358
2024-03-15,2514516.4477753593,5061522.077048,7576038.524823359
2024-03-18,2514516.4477753593,5116988.8337820005,7631505.28155736
2024-03-19,2514516.4477753593,5089500.783699999,7604017.231475358
2024-03-20,2514516.4477753593,5108673.691273,7623190.139048359
2024-03-21,2514516.4477753593,5102777.470631001,7617293.91840636
2024-03-22,2514516.4477753593,5038231.070811001,7552747.51858636
2024-03-25,2514516.4477753593,4942962.484999001,7457478.93277436
2024-03-26,2514516.4477753593,4931293.587227,7445810.035002359
2024-03-27,2514516.4477753593,4777298.498177999,7291814.945953358
2024-03-28,2514516.4477753593,4859343.657185,7373860.10496036
2024-03-29,2514516.4477753593,4928015.098892999,7442531.546668358
2024-04-01,2514516.4477753593,5127433.655927999,7641950.103703358
2024-04-02,2514516.4477753593,5084375.368404,7598891.816179359
2024-04-03,2514516.4477753593,5067865.367084,7582381.8148593595
2024-04-08,2514516.4477753593,4976245.009497999,7490761.4572733585
2024-04-09,2514516.4477753593,5067804.524367999,7582320.972143359
2024-04-10,2514516.4477753593,4959622.580767002,7474139.028542361
2024-04-11,2514516.4477753593,4969934.316627,7484450.76440236
2024-04-12,2514516.4477753593,4899219.718875,7413736.1666503595
2024-04-15,2514516.4477753593,4783256.68535,7297773.133125359
2024-04-16,2514516.4477753593,4544950.562140999,7059467.009916359
2024-04-17,2514516.4477753593,4717702.758654,7232219.2064293595
2024-04-18,2514516.4477753593,4802771.026368,7317287.474143359
2024-04-19,2514516.4477753593,4791153.115245001,7305669.563020361
2024-04-22,2514516.4477753593,4781640.165321,7296156.613096359
2024-04-23,2514516.4477753593,4791656.855792999,7306173.3035683585
2024-04-24,2514516.4477753593,4810047.176691,7324563.62446636
2024-04-25,2514516.4477753593,4802374.245131001,7316890.69290636
2024-04-26,2514516.4477753593,4813813.314857,7328329.762632359
2024-04-29,2514516.4477753593,4903742.549060999,7418258.996836359
2024-04-30,2514516.4477753593,4898875.718835997,7413392.166611357
2024-05-06,2514516.4477753593,4985505.569519999,7500022.017295359
2024-05-07,1498499.759842816,6046410.641011002,7544910.400853817
2024-05-08,1498499.759842816,5993463.826289999,7491963.586132815
2024-05-09,1498499.759842816,6045793.26032,7544293.020162816
2024-05-10,1498499.759842816,6014363.320145,7512863.079987816
2024-05-13,1498499.759842816,6009682.311232,7508182.0710748155
2024-05-14,1498499.759842816,6035276.014229999,7533775.774072815
2024-05-15,1498499.759842816,5982887.939992999,7481387.699835815
2024-05-16,1498499.759842816,5951796.549848,7450296.309690815
2024-05-17,1498499.759842816,5970203.405417,7468703.165259816
2024-05-20,1498499.759842816,6032669.727526001,7531169.4873688165
2024-05-21,1498499.759842816,5992483.589218001,7490983.349060817
2024-05-22,1498499.759842816,5950296.066856001,7448795.826698816
2024-05-23,1498499.759842816,5864496.248293,7362996.008135816
2024-05-24,1498499.759842816,5855428.665444999,7353928.425287815
2024-05-27,1498499.759842816,5908912.956335001,7407412.7161778165
2024-05-28,1498499.759842816,5852846.711477998,7351346.4713208135
2024-05-29,1498499.759842816,5860603.2177059995,7359102.977548815
2024-05-30,1498499.759842816,5795581.982856,7294081.742698816
2024-05-31,1498499.759842816,5818032.914911999,7316532.674754815
2024-06-03,1498499.759842816,5805318.450155001,7303818.209997817
2024-06-04,1498499.759842816,5862122.509079999,7360622.268922815
2024-06-05,1498499.759842816,5760995.716934,7259495.476776816
2024-06-06,1498499.759842816,5715483.3110500015,7213983.070892817
2024-06-07,1498499.759842816,5745053.581083001,7243553.340925816
2024-06-11,1498499.759842816,5725859.447488997,7224359.207331813
2024-06-12,1498499.759842816,5770895.2949319985,7269395.054774814
2024-06-13,1498499.759842816,5739144.015791001,7237643.775633817
2024-06-14,1498499.759842816,5737030.704226002,7235530.464068818
2024-06-17,1498499.759842816,5716159.907509002,7214659.667351818
2024-06-18,1498499.759842816,5753812.9213189995,7252312.681161815
2024-06-19,1498499.759842816,5715170.808189,7213670.568031816
2024-06-20,1498499.759842816,5650587.012364001,7149086.772206817
2024-06-21,1498499.759842816,5675784.354305001,7174284.114147817
2024-06-24,1498499.759842816,5542919.130042995,7041418.889885811
2024-06-25,1498499.759842816,5521773.560203999,7020273.320046815
2024-06-26,1498499.759842816,5587150.944424998,7085650.704267814
2024-06-27,1498499.759842816,5495665.512505001,6994165.272347817
2024-06-28,1498499.759842816,5555734.093965003,7054233.853807819
2024-07-01,1498499.759842816,5662039.017401999,7160538.777244815
2024-07-02,1498499.759842816,5589535.610189,7088035.370031816
2024-07-03,1498499.759842816,5527775.563364998,7026275.323207814
2024-07-04,1498499.759842816,5471195.755824,6969695.515666815
2024-07-05,1498499.759842816,5533637.8895769995,7032137.649419815
2024-07-08,1498499.759842816,5470173.536437,6968673.296279816
2024-07-09,1498499.759842816,5573811.308556997,7072311.068399813
2024-07-10,1498499.759842816,5529440.807877,7027940.567719816
2024-07-11,1498499.759842816,5606603.918646,7105103.678488816
2024-07-12,1498499.759842816,5593265.8863510005,7091765.646193816
2024-07-15,1498499.759842816,5563582.285279998,7062082.045122813
2024-07-16,1498499.759842816,5529048.702943001,7027548.462785817
2024-07-17,1498499.759842816,5412030.009452001,6910529.769294817
2024-07-18,1498499.759842816,5451644.632717999,6950144.3925608145
2024-07-19,1498499.759842816,5421635.490299999,6920135.250142815
2024-07-22,1498499.759842816,5403655.240374999,6902155.000217815
2024-07-23,1498499.759842816,5250093.152513999,6748592.912356814
2024-07-24,1498499.759842816,5192468.632918999,6690968.392761814
2024-07-25,1498499.759842816,5153063.121476001,6651562.881318817
2024-07-26,1498499.759842816,5213081.175647002,6711580.9354898175
2024-07-29,1498499.759842816,5217500.823721002,6716000.583563818
2024-07-30,1498499.759842816,5195335.300303001,6693835.060145817
2024-07-31,1498499.759842816,5367623.516393001,6866123.276235817
2024-08-01,676945.8644522846,6152561.502782,6829507.367234285
2024-08-02,676945.8644522846,6061408.724804999,6738354.589257284
2024-08-05,676945.8644522846,5899837.677162002,6576783.541614287
2024-08-06,676945.8644522846,5950546.027438998,6627491.891891283
2024-08-07,676945.8644522846,5956657.130386999,6633602.994839284
2024-08-08,676945.8644522846,5957794.070866998,6634739.935319283
2024-08-09,676945.8644522846,5938261.966527998,6615207.830980283
2024-08-12,676945.8644522846,5936410.164530002,6613356.028982286
2024-08-13,676945.8644522846,5981385.068185999,6658330.932638284
2024-08-14,676945.8644522846,5910676.157456998,6587622.021909283
2024-08-15,676945.8644522846,5933193.713210999,6610139.577663284
2024-08-16,676945.8644522846,5920226.754038001,6597172.618490286
2024-08-19,676945.8644522846,5931818.057738,6608763.922190284
2024-08-20,676945.8644522846,5823345.399266002,6500291.2637182865
2024-08-21,676945.8644522846,5797157.6518749995,6474103.516327284
2024-08-22,676945.8644522846,5778314.010024997,6455259.874477282
2024-08-23,676945.8644522846,5771998.571589,6448944.436041284
2024-08-26,676945.8644522846,5787277.912102001,6464223.776554286
2024-08-27,676945.8644522846,5728130.280418001,6405076.144870286
2024-08-28,676945.8644522846,5739325.984942,6416271.849394285
2024-08-29,676945.8644522846,5795392.882999999,6472338.747452284
2024-08-30,676945.8644522846,5874343.312039001,6551289.176491286
2024-09-02,676945.8644522846,5786569.016542999,6463514.880995284
2024-09-03,676945.8644522846,5805250.620431,6482196.484883285
2024-09-04,676945.8644522846,5775014.978792999,6451960.843245284
2024-09-05,676945.8644522846,5780875.418508999,6457821.282961284
2024-09-06,676945.8644522846,5682232.393073999,6359178.257526284
2024-09-09,676945.8644522846,5634715.676968998,6311661.541421283
2024-09-10,676945.8644522846,5645567.118897998,6322512.983350283
2024-09-11,676945.8644522846,5665907.351823,6342853.216275285
2024-09-12,676945.8644522846,5660116.554205,6337062.418657285
2024-09-13,676945.8644522846,5621136.142114998,6298082.006567283
2024-09-18,676945.8644522846,5653269.147434998,6330215.011887283
2024-09-19,676945.8644522846,5714645.024950999,6391590.889403284
2024-09-20,676945.8644522846,5697033.054510001,6373978.918962286
2024-09-23,676945.8644522846,5699697.999959998,6376643.864412283
2024-09-24,676945.8644522846,5882036.149005002,6558982.013457287
2024-09-25,676945.8644522846,5911299.793667001,6588245.6581192855
2024-09-26,676945.8644522846,6104311.565837001,6781257.430289286
2024-09-27,676945.8644522846,6355644.7061720025,7032590.570624287
2024-09-30,676945.8644522846,7007932.686788,7684878.551240285
2024-10-08,676945.8644522846,7467768.745580001,8144714.610032286
2024-10-09,676945.8644522846,6857749.054921996,7534694.919374281
2024-10-10,676945.8644522846,6884886.698246,7561832.562698285
2024-10-11,676945.8644522846,6639124.050560998,7316069.915013283
2024-10-14,676945.8644522846,6909128.637789002,7586074.502241286
2024-10-15,676945.8644522846,6731447.463207002,7408393.327659287
2024-10-16,676945.8644522846,6706401.028993997,7383346.893446282
2024-10-17,676945.8644522846,6683847.775630001,7360793.640082286
2024-10-18,676945.8644522846,6915818.342887,7592764.207339285
2024-10-21,676945.8644522846,6954521.0945930015,7631466.959045286
2024-10-22,676945.8644522846,7040714.392598,7717660.257050285
2024-10-23,676945.8644522846,7045305.742125,7722251.606577285
2024-10-24,676945.8644522846,7029910.586591001,7706856.451043285
2024-10-25,676945.8644522846,7044988.407042,7721934.271494285
2024-10-28,676945.8644522846,7141901.099893001,7818846.964345286
2024-10-29,676945.8644522846,7023631.820299001,7700577.684751286
2024-10-30,676945.8644522846,7049360.642835999,7726306.507288284
2024-10-31,676945.8644522846,7056296.033440998,7733241.897893283
2024-11-01,4383528.750842825,3081319.500675,7464848.251517825
2024-11-04,4383528.750842825,3134722.336348001,7518251.0871908255
2024-11-05,4383528.750842825,3252460.041423,7635988.792265825
2024-11-06,4383528.750842825,3258671.5950660007,7642200.345908825
2024-11-07,4383528.750842825,3334896.590291001,7718425.3411338255
2024-11-08,4383528.750842825,3349740.128620001,7733268.879462825
2024-11-11,4383528.750842825,3422557.9790009996,7806086.729843824
2024-11-12,4383528.750842825,3397424.6208569994,7780953.371699824
2024-11-13,4383528.750842825,3378927.871578001,7762456.622420825
2024-11-14,4383528.750842825,3274415.6332919993,7657944.384134823
2024-11-15,4383528.750842825,3200888.269378999,7584417.020221824
2024-11-18,4383528.750842825,3054703.5817990005,7438232.332641825
2024-11-19,4383528.750842825,3151807.894479,7535336.645321825
2024-11-20,4383528.750842825,3253584.9859180013,7637113.736760826
2024-11-21,4383528.750842825,3269986.1407189984,7653514.891561823
2024-11-22,4383528.750842825,3149625.1195029984,7533153.8703458235
2024-11-25,4383528.750842825,3175996.0506340005,7559524.801476825
2024-11-26,4383528.750842825,3133173.9514069986,7516702.702249823
2024-11-27,4383528.750842825,3191283.2110059997,7574811.961848824
2024-11-28,4383528.750842825,3191285.707787,7574814.458629824
2024-11-29,4383528.750842825,3252736.249696001,7636265.000538826
2024-12-02,4383528.750842825,3324573.0625289995,7708101.813371824
2024-12-03,4383528.750842825,3343326.976841,7726855.7276838245
2024-12-04,4383528.750842825,3295319.413603001,7678848.164445825
2024-12-05,4383528.750842825,3354313.838289,7737842.589131825
2024-12-06,4383528.750842825,3390873.520764999,7774402.271607824
2024-12-09,4383528.750842825,3369957.5961850006,7753486.347027825
2024-12-10,4383528.750842825,3428756.463777,7812285.214619825
2024-12-11,4383528.750842825,3469708.773616999,7853237.524459824
2024-12-12,4383528.750842825,3531892.6338359998,7915421.384678824
2024-12-13,4383528.750842825,3479771.1341020013,7863299.884944826
2024-12-16,4383528.750842825,3421782.3422369994,7805311.093079824
2024-12-17,4383528.750842825,3293651.0805209987,7677179.831363823
2024-12-18,4383528.750842825,3342812.1192590008,7726340.870101825
2024-12-19,4383528.750842825,3353507.430626,7737036.181468824
2024-12-20,4383528.750842825,3399750.9375970005,7783279.688439826
2024-12-23,4383528.750842825,3236898.9087069994,7620427.659549824
2024-12-24,4383528.750842825,3253245.3203240014,7636774.071166826
2024-12-25,4383528.750842825,3168875.9774019993,7552404.728244824
2024-12-26,4383528.750842825,3208460.286995001,7591989.037837826
2024-12-27,4383528.750842825,3237184.6961889993,7620713.447031824
2024-12-30,4383528.750842825,3229432.581277,7612961.332119824
2024-12-31,4383528.750842825,3139805.230425001,7523333.981267826
2025-01-02,4383528.750842825,3083771.648514999,7467300.399357824
2025-01-03,4383528.750842825,2962042.1433209996,7345570.894163825
2025-01-06,4383528.750842825,2917445.8931839997,7300974.644026824
2025-01-07,4383528.750842825,3012593.5915280003,7396122.342370825
2025-01-08,4383528.750842825,3031327.711537999,7414856.462380824
2025-01-09,4383528.750842825,3056281.361472999,7439810.112315824
2025-01-10,4383528.750842825,2961806.1962380004,7345334.9470808245
2025-01-13,4383528.750842825,2939551.9972359994,7323080.748078824
2025-01-14,4383528.750842825,3106107.6469119997,7489636.397754824
2025-01-15,4383528.750842825,3103372.1746330005,7486900.925475825
2025-01-16,4383528.750842825,3103551.3389100004,7487080.089752825
2025-01-17,4383528.750842825,3127907.8877900005,7511436.638632825
2025-01-20,4383528.750842825,3169097.048941999,7552625.799784824
2025-01-21,4383528.750842825,3182937.042290001,7566465.793132826
2025-01-22,4383528.750842825,3147145.626654999,7530674.377497824
2025-01-23,4383528.750842825,3146412.1398199997,7529940.890662825
2025-01-24,4383528.750842825,3219742.306529001,7603271.057371825
2025-01-27,4383528.750842825,3192540.028054999,7576068.778897824
2025-02-05,4383528.750842825,3225044.4864640003,7608573.237306825
2025-02-06,4383528.750842825,3336904.2578210006,7720433.008663826
2025-02-07,4383528.750842825,3372824.906576,7756353.657418825
2025-02-10,4383528.750842825,3462218.5017190007,7845747.252561825
2025-02-11,4383528.750842825,3455001.515926,7838530.266768824
2025-02-12,4383528.750842825,3538280.394712,7921809.145554825
2025-02-13,4383528.750842825,3507221.0699580023,7890749.820800827
2025-02-14,4383528.750842825,3474014.175132,7857542.9259748245
2025-02-17,4383528.750842825,3524040.832169,7907569.583011825
2025-02-18,4383528.750842825,3425925.4296300006,7809454.180472825
2025-02-19,4383528.750842825,3532840.4442420006,7916369.195084825
2025-02-20,4383528.750842825,3550634.655361,7934163.406203825
2025-02-21,4383528.750842825,3606636.302150999,7990165.052993824
2025-02-24,4383528.750842825,3579094.237307,7962622.988149825
2025-02-25,4383528.750842825,3569091.456619999,7952620.207462823
2025-02-26,4383528.750842825,3616287.800477,7999816.5513198245
2025-02-27,4383528.750842825,3615114.7914600004,7998643.542302825
2025-02-28,4383528.750842825,3461852.992217999,7845381.7430608235
2025-03-03,4383528.750842825,3481815.4786130004,7865344.229455825
2025-03-04,4383528.750842825,3525520.540183999,7909049.291026823
2025-03-05,4383528.750842825,3547845.8938140008,7931374.644656826
2025-03-06,4383528.750842825,3638840.185788001,8022368.9366308255
2025-03-07,4383528.750842825,3589056.6824870007,7972585.433329825
2025-03-10,4383528.750842825,3598958.4020919995,7982487.152934824
2025-03-11,4383528.750842825,3608215.177756001,7991743.928598825
2025-03-12,4383528.750842825,3624430.6667599995,8007959.417602824
2025-03-13,4383528.750842825,3540608.3285129983,7924137.079355823
2025-03-14,4383528.750842825,3608540.486551001,7992069.237393826
2025-03-17,4383528.750842825,3617149.477629,8000678.228471825
2025-03-18,4383528.750842825,3638420.8912230004,8021949.642065825
2025-03-19,4383528.750842825,3611304.1115259994,7994832.862368824
2025-03-20,4383528.750842825,3620884.969764998,8004413.720607823
2025-03-21,4383528.750842825,3528202.232192999,7911730.983035823
2025-03-24,4383528.750842825,3450393.783876001,7833922.5347188255
2025-03-25,4383528.750842825,3398621.049229999,7782149.800072824
2025-03-26,4383528.750842825,3438142.8449870003,7821671.595829825
2025-03-27,4383528.750842825,3432295.231569001,7815823.982411826
2025-03-28,4383528.750842825,3383481.699391,7767010.450233825
2025-03-31,4383528.750842825,3366358.811977999,7749887.562820824
2025-04-01,4383528.750842825,3398552.6030130005,7782081.353855825
2025-04-02,4383528.750842825,3407378.3781379997,7790907.128980825
2025-04-03,4383528.750842825,3387984.6138279997,7771513.364670824
2025-04-07,4383528.750842825,2947659.8829579996,7331188.633800824
2025-04-08,4383528.750842825,2942538.4658830008,7326067.216725825
2025-04-09,4383528.750842825,3039851.7752179992,7423380.526060823
2025-04-10,4383528.750842825,3130060.3869670006,7513589.137809825
2025-04-11,4383528.750842825,3175803.7257919996,7559332.476634825
2025-04-14,4383528.750842825,3247062.758184999,7630591.509027824
2025-04-15,4383528.750842825,3238353.7355600004,7621882.4864028245
2025-04-16,4383528.750842825,3197707.4820039994,7581236.232846824
2025-04-17,4383528.750842825,3206724.8832049994,7590253.634047824
2025-04-18,4383528.750842825,3202624.9656139994,7586153.716456824
2025-04-21,4383528.750842825,3293919.481178,7677448.232020825
2025-04-22,4383528.750842825,3289287.7720300006,7672816.522872825
2025-04-23,4383528.750842825,3308373.971236,7691902.722078824
2025-04-24,4383528.750842825,3263312.524588,7646841.275430825
2025-04-25,4383528.750842825,3277829.517023999,7661358.267866824
2025-04-28,4383528.750842825,3264491.1341830003,7648019.885025825
2025-04-29,4383528.750842825,3299416.851527001,7682945.602369825
2025-04-30,4383528.750842825,3347287.765777,7730816.516619825
2025-05-06,4383528.750842825,3449989.0455310005,7833517.7963738255
2025-05-07,2889094.5620238427,4972758.032765001,7861852.594788844
2025-05-08,2889094.5620238427,5005904.804079001,7894999.366102844
2025-05-09,2889094.5620238427,4908884.502563998,7797979.064587841
2025-05-12,2889094.5620238427,4977146.602617998,7866241.16464184
2025-05-13,2889094.5620238427,4981475.385755,7870569.947778842
2025-05-14,2889094.5620238427,4994705.609818001,7883800.171841844
2025-05-15,2889094.5620238427,4942842.065156999,7831936.627180842
2025-05-16,2889094.5620238427,4989305.025668001,7878399.5876918435
2025-05-19,2889094.5620238427,5027576.434912998,7916670.996936841
2025-05-20,2889094.5620238427,5071517.698029,7960612.260052843
2025-05-21,2889094.5620238427,5028270.655022001,7917365.217045844
2025-05-22,2889094.5620238427,4975625.114538,7864719.676561843
2025-05-23,2889094.5620238427,4926745.369694998,7815839.93171884
2025-05-26,2889094.5620238427,5007086.1562789995,7896180.718302842
2025-05-27,2889094.5620238427,5013364.487244,7902459.049267842
2025-05-28,2889094.5620238427,5043082.027835,7932176.589858843
2025-05-29,2889094.5620238427,5125951.912820001,8015046.474843844
2025-05-30,2889094.5620238427,5062954.859069998,7952049.421093841
2025-06-03,2889094.5620238427,5125338.132870999,8014432.694894842
2025-06-04,2889094.5620238427,5213302.556720001,8102397.118743843
2025-06-05,2889094.5620238427,5218500.01364,8107594.575663842
2025-06-06,2889094.5620238427,5221882.531568001,8110977.093591844
2025-06-09,2889094.5620238427,5308800.332236002,8197894.894259845
2025-06-10,2889094.5620238427,5249487.807895,8138582.369918843
2025-06-11,2889094.5620238427,5260046.931504,8149141.493527843
2025-06-12,2889094.5620238427,5291591.451830001,8180686.013853843
2025-06-13,2889094.5620238427,5244845.569975997,8133940.13199984
2025-06-16,2889094.5620238427,5301827.984310999,8190922.546334841
2025-06-17,2889094.5620238427,5281066.989671001,8170161.551694844
2025-06-18,2889094.5620238427,5262440.032454,8151534.594477843
2025-06-19,2889094.5620238427,5164315.734753,8053410.296776842
2025-06-20,2889094.5620238427,5103166.493902,7992261.055925842
2025-06-23,2889094.5620238427,5186191.5689590005,8075286.130982843
2025-06-24,2889094.5620238427,5244977.589883,8134072.151906842
2025-06-25,2889094.5620238427,5327132.528281,8216227.090304843
2025-06-26,2889094.5620238427,5334988.132616999,8224082.694640841
2025-06-27,2889094.5620238427,5322307.628588001,8211402.190611844
2025-06-30,2889094.5620238427,5398411.6211049985,8287506.183128841
2025-07-01,2889094.5620238427,5418540.873918,8307635.435941842
2025-07-02,2889094.5620238427,5405060.994819002,8294155.556842845
2025-07-03,2889094.5620238427,5423069.100977002,8312163.663000844
2025-07-04,2889094.5620238427,5345426.5215259995,8234521.083549842
2025-07-07,2889094.5620238427,5388129.870511001,8277224.432534844
2025-07-08,2889094.5620238427,5431056.869818999,8320151.431842842
2025-07-09,2889094.5620238427,5447281.052913999,8336375.614937842
2025-07-10,2889094.5620238427,5435108.379556,8324202.941579843
2025-07-11,2889094.5620238427,5462734.972305999,8351829.534329842
2025-07-14,2889094.5620238427,5481267.815863,8370362.377886843
2025-07-15,2889094.5620238427,5426467.103381,8315561.665404843
2025-07-16,2889094.5620238427,5428962.557898999,8318057.119922842
2025-07-17,2889094.5620238427,5464030.683168,8353125.245191842
2025-07-18,2889094.5620238427,5463282.194676002,8352376.756699844
2025-07-21,2889094.5620238427,5563492.640582999,8452587.202606842
2025-07-22,2889094.5620238427,5581044.714654002,8470139.276677845
2025-07-23,2889094.5620238427,5529261.104118001,8418355.666141843
2025-07-24,2889094.5620238427,5560162.559517999,8449257.121541843
2025-07-25,2889094.5620238427,5563822.845897999,8452917.407921841
2025-07-28,2889094.5620238427,5586246.462559,8475341.024582842
2025-07-29,2889094.5620238427,5614613.585557002,8503708.147580843
2025-07-30,2889094.5620238427,5599938.294781999,8489032.856805842
2025-07-31,2889094.5620238427,5559070.323044,8448164.885067843
2025-08-01,649404.0406286166,7792190.104526,8441594.145154616
2025-08-04,649404.0406286166,7913937.612101999,8563341.652730616
2025-08-05,649404.0406286166,8024627.897847998,8674031.938476615
2025-08-06,649404.0406286166,8085494.3817879995,8734898.422416616
2025-08-07,649404.0406286166,8075612.165620001,8725016.206248617
2025-08-08,649404.0406286166,8064478.047461,8713882.088089617
2025-08-11,649404.0406286166,8229224.251456001,8878628.292084618
2025-08-12,649404.0406286166,8332179.246158999,8981583.286787616
2025-08-13,649404.0406286166,8532350.477470001,9181754.518098617
2025-08-14,649404.0406286166,8465749.235061001,9115153.275689617
2025-08-15,649404.0406286166,8671690.537695,9321094.578323616
2025-08-18,649404.0406286166,9116468.78078,9765872.821408616
2025-08-19,649404.0406286166,9159865.874482997,9809269.915111613
2025-08-20,649404.0406286166,9126192.46688,9775596.507508615
2025-08-21,649404.0406286166,9074931.639639,9724335.680267615
2025-08-22,649404.0406286166,9213722.220556997,9863126.261185613
2025-08-25,649404.0406286166,9393463.927452998,10042867.968081614
2025-08-26,649404.0406286166,9282682.68877,9932086.729398616
2025-08-27,649404.0406286166,9249312.571174001,9898716.611802617
2025-08-28,649404.0406286166,9412240.901542997,10061644.942171613
2025-08-29,649404.0406286166,9420621.331271002,10070025.371899618
2025-09-01,649404.0406286166,9462845.552205998,10112249.592834614
2025-09-02,649404.0406286166,9171312.760146,9820716.800774615
2025-09-03,649404.0406286166,9073445.141658999,9722849.182287615
2025-09-04,649404.0406286166,8700483.365821002,9349887.406449618
2025-09-05,649404.0406286166,8957705.093545003,9607109.134173619
2025-09-08,649404.0406286166,8995278.348467002,9644682.389095617
2025-09-09,649404.0406286166,8806633.192866001,9456037.233494617
2025-09-10,649404.0406286166,8891861.934890999,9541265.975519614
2025-09-11,649404.0406286166,9085240.268665003,9734644.309293618
2025-09-12,649404.0406286166,9100505.240505,9749909.281133616
2025-09-15,649404.0406286166,9041501.588821001,9690905.629449617
2025-09-16,649404.0406286166,9095878.771372,9745282.812000616
2025-09-17,649404.0406286166,9176280.801362999,9825684.841991615
2025-09-18,649404.0406286166,9133403.677347,9782807.717975616
2025-09-19,649404.0406286166,9189468.455539001,9838872.496167617
2025-09-22,649404.0406286166,9335990.706163997,9985394.746792613
2025-09-23,649404.0406286166,9285462.833054,9934866.873682616
2025-09-24,649404.0406286166,9416277.404287,10065681.444915615
2025-09-25,649404.0406286166,9497151.654090999,10146555.694719614
2025-09-26,649404.0406286166,9348631.967011,9998036.007639615
2025-09-29,649404.0406286166,9343695.204451002,9993099.245079618
2025-09-30,649404.0406286166,9376022.490618,10025426.531246616
2025-10-09,649404.0406286166,9333107.523392996,9982511.564021612
2025-10-10,649404.0406286166,9313045.447742999,9962449.488371614
2025-10-13,649404.0406286166,9469724.430076998,10119128.470705613
2025-10-14,649404.0406286166,9406588.119748002,10055992.160376618
2025-10-15,649404.0406286166,9499309.22012,10148713.260748615
2025-10-16,649404.0406286166,9379898.316011002,10029302.356639618
2025-10-17,649404.0406286166,9051973.179536004,9701377.22016462
2025-10-20,649404.0406286166,9151146.356038,9800550.396666616
2025-10-21,649404.0406286166,9337214.861862002,9986618.902490618
2025-10-22,649404.0406286166,9321679.990428,9971084.031056616
2025-10-23,649404.0406286166,9193490.706264,9842894.746892616
2025-10-24,649404.0406286166,9402124.957668,10051528.998296617
2025-10-27,649404.0406286166,9513319.710001998,10162723.750630613
2025-10-28,649404.0406286166,9397543.668712,10046947.709340615
2025-10-29,649404.0406286166,9394650.315326,10044054.355954615
2025-10-30,649404.0406286166,9204512.381003,9853916.421631616
2025-10-31,649404.0406286166,9238748.656035999,9888152.696664615
2025-11-03,208709.22223612093,9661688.122918,9870397.345154122
2025-11-04,208709.22223612093,9456864.430721998,9665573.65295812
2025-11-05,208709.22223612093,9469841.247502998,9678550.469739119
2025-11-06,208709.22223612093,9580814.333438,9789523.55567412
2025-11-07,208709.22223612093,9589440.615504999,9798149.83774112
2025-11-10,208709.22223612093,9593533.354192005,9802242.576428127
2025-11-11,208709.22223612093,9654366.292477999,9863075.51471412
2025-11-12,208709.22223612093,9497919.021219002,9706628.243455123
2025-11-13,208709.22223612093,9634210.235002,9842919.457238121
2025-11-14,208709.22223612093,9463696.330589002,9672405.552825123
2025-11-17,208709.22223612093,9499541.889502,9708251.111738121
2025-11-18,208709.22223612093,9483444.408729997,9692153.630966118
2025-11-19,208709.22223612093,9364441.629847001,9573150.852083122
2025-11-20,208709.22223612093,9294891.785116002,9503601.007352123
2025-11-21,208709.22223612093,8938374.869738,9147084.09197412
2025-11-24,208709.22223612093,9042442.699917,9251151.92215312
2025-11-25,208709.22223612093,9255327.038121998,9464036.26035812
2025-11-26,208709.22223612093,9275668.572807,9484377.79504312
2025-11-27,208709.22223612093,9242081.507664999,9450790.72990112
2025-11-28,208709.22223612093,9373527.661960004,9582236.884196125
2025-12-01,208709.22223612093,9401730.944325002,9610440.166561123
2025-12-02,208709.22223612093,9305442.563949998,9514151.78618612
2025-12-03,208709.22223612093,9162540.477242,9371249.699478121
2025-12-04,208709.22223612093,9126282.568718,9334991.79095412
2025-12-05,208709.22223612093,9315587.87636,9524297.09859612
2025-12-08,208709.22223612093,9536229.713147001,9744938.935383122
2025-12-09,208709.22223612093,9528754.063342998,9737463.285579119
2025-12-10,208709.22223612093,9592002.512500005,9800711.734736126
2025-12-11,208709.22223612093,9459372.678243998,9668081.90048012
2025-12-12,208709.22223612093,9523050.40435,9731759.62658612
2025-12-15,208709.22223612093,9427848.258582,9636557.48081812
2025-12-16,208709.22223612093,9211005.653027002,9419714.875263123
2025-12-17,208709.22223612093,9410239.690929,9618948.91316512
2025-12-18,208709.22223612093,9398676.387103999,9607385.60934012
2025-12-19,208709.22223612093,9448850.153179005,9657559.375415126
2025-12-22,208709.22223612093,9638583.223632004,9847292.445868125
2025-12-23,208709.22223612093,9681921.082464,9890630.304700121
2025-12-24,208709.22223612093,9822496.355862003,10031205.578098124
2025-12-25,208709.22223612093,9947294.533187,10156003.755423121
2025-12-26,208709.22223612093,9997215.307151996,10205924.529388117
2025-12-29,208709.22223612093,10019272.087610997,10227981.309847118
2025-12-30,208709.22223612093,10008129.032550996,10216838.254787117
2025-12-31,208709.22223612093,10022991.990207998,10231701.21244412
2026-01-05,208709.22223612093,10225637.989779,10434347.21201512
2026-01-06,208709.22223612093,10354505.421957003,10563214.644193124
2026-01-07,208709.22223612093,10479631.110037003,10688340.332273124
2026-01-08,208709.22223612093,10564320.969399,10773030.19163512
2026-01-09,208709.22223612093,10776500.285990002,10985209.508226123
2026-01-12,208709.22223612093,10984074.491456,11192783.713692121
2026-01-13,208709.22223612093,10679817.693845,10888526.916081121
2026-01-14,208709.22223612093,10765316.417676002,10974025.639912123
2026-01-15,208709.22223612093,10746834.216513002,10955543.438749123
2026-01-16,208709.22223612093,10908302.258143999,11117011.48038012
2026-01-19,208709.22223612093,10957741.923842996,11166451.146079117
2026-01-20,208709.22223612093,10822941.419164004,11031650.641400125
2026-01-21,208709.22223612093,10986957.855081998,11195667.077318119
2026-01-22,208709.22223612093,11091895.737451999,11300604.95968812
2026-01-23,208709.22223612093,11231622.281407995,11440331.503644116
2026-01-26,208709.22223612093,11039982.563988999,11248691.78622512
2026-01-27,208709.22223612093,11237836.034934001,11446545.257170122
2026-01-28,208709.22223612093,11227699.036202,11436408.258438122
2026-01-29,208709.22223612093,11000218.183333,11208927.405569121
2026-01-30,208709.22223612093,10968677.304707002,11177386.526943123
2026-02-02,208709.22223612093,10660572.437243002,10869281.659479123
2026-02-03,56620.13946861992,11115622.027842995,11172242.167311614
2026-02-04,56620.13946861992,10984613.887717998,11041234.027186617
2026-02-05,56620.13946861992,10735558.696721997,10792178.836190617
2026-02-06,56620.13946861992,10735132.496733004,10791752.636201624
2026-02-09,56620.13946861992,11054847.136057002,11111467.275525622
2026-02-10,56620.13946861992,11040275.502305,11096895.641773619
2026-02-11,56620.13946861992,10948867.767544998,11005487.907013617
2026-02-12,56620.13946861992,11041845.425334,11098465.564802619
2026-02-13,56620.13946861992,11047995.581795003,11104615.721263623
2026-02-24,56620.13946861992,11183740.539554,11240360.67902262
2026-02-25,56620.13946861992,11382266.507063998,11438886.646532618
2026-02-26,56620.13946861992,11538689.056704003,11595309.196172623
2026-02-27,56620.13946861992,11577873.181054,11634493.32052262
2026-03-02,56620.13946861992,11472924.711567998,11529544.851036618
2026-03-03,56620.13946861992,11032200.888129001,11088821.027597621
2026-03-04,56620.13946861992,10946526.101552,11003146.24102062
2026-03-05,56620.13946861992,11085473.936457997,11142094.075926617
2026-03-06,56620.13946861992,11052617.768563999,11109237.908032618
2026-03-09,56620.13946861992,10897051.015505003,10953671.154973622
2026-03-10,56620.13946861992,11252881.008639002,11309501.148107622
2026-03-11,56620.13946861992,11323127.769784998,11379747.909253618
2026-03-12,56620.13946861992,11197914.265506996,11254534.404975615
2026-03-13,56620.13946861992,11039777.601106003,11096397.740574623
2026-03-16,56620.13946861992,11062500.471833998,11119120.611302618
2026-03-17,56620.13946861992,10724223.505245,10780843.64471362
2026-03-18,56620.13946861992,10905446.714285001,10962066.85375362
2026-03-19,56620.13946861992,10692004.966231998,10748625.105700618
2026-03-20,56620.13946861992,10620714.410903001,10677334.55037162
2026-03-23,56620.13946861992,10128635.389609998,10185255.529078618
2026-03-24,56620.13946861992,10408421.017996,10465041.15746462
2026-03-25,56620.13946861992,10657671.570807997,10714291.710276617
2026-03-26,56620.13946861992,10504440.298454998,10561060.437923618
2026-03-27,56620.13946861992,10672775.299331,10729395.43879962
2026-03-30,56620.13946861992,10682241.219187003,10738861.358655622
2026-03-31,56620.13946861992,10373471.302903002,10430091.442371622
2026-04-01,56620.13946861992,10667491.049189003,10724111.188657623
2026-04-02,56620.13946861992,10441316.716706999,10497936.856175618
2026-04-03,56620.13946861992,10444525.492281001,10501145.63174962
2026-04-07,56620.13946861992,10540619.287073001,10597239.42654162
2026-04-08,56620.13946861992,11088181.291870002,11144801.431338621
2026-04-09,56620.13946861992,11061461.505588,11118081.64505662
2026-04-10,56620.13946861992,11204624.858320003,11261244.997788623
2026-04-13,56620.13946861992,11346666.148787001,11403286.28825562
2026-04-14,56620.13946861992,11541857.104714,11598477.24418262
2026-04-15,56620.13946861992,11432763.328530002,11489383.467998622
2026-04-16,56620.13946861992,11594177.627082001,11650797.766550621
2026-04-17,56620.13946861992,11849101.566852,11905721.70632062
2026-04-20,56620.13946861992,11931182.954536002,11987803.094004622
2026-04-21,56620.13946861992,11988140.084522,12044760.22399062
2026-04-22,56620.13946861992,12235785.859282002,12292405.998750621
2026-04-23,56620.13946861992,12048966.694016997,12105586.833485616
2026-04-24,56620.13946861992,12046349.852052005,12102969.991520625
2026-04-27,56620.13946861992,12214717.810259003,12271337.949727623
2026-04-28,56620.13946861992,11994889.744853,12051509.884321619
2026-04-29,56620.13946861992,12137358.201010004,12193978.340478623
2026-04-30,56620.13946861992,12266826.850476999,12323446.989945618
2026-05-06,56620.13946861992,12538398.483321,12595018.62278962
2026-05-07,2532064.3619336155,10510155.230963998,13042219.592897613
2026-05-08,2532064.3619336155,10632779.011876,13164843.373809615
2026-05-11,2532064.3619336155,10771001.657864003,13303066.019797618
2026-05-12,2532064.3619336155,10774126.474855002,13306190.836788617
2026-05-13,2532064.3619336155,10927217.930182,13459282.292115616
2026-05-14,2532064.3619336155,10651305.211534003,13183369.573467618
2026-05-15,2532064.3619336155,10553864.911395,13085929.273328615
2026-05-18,2532064.3619336155,10505383.791767001,13037448.153700616
2026-05-19,2532064.3619336155,10533420.236922,13065484.598855615
2026-05-20,2532064.3619336155,10576339.986929003,13108404.348862618
2026-05-21,2532064.3619336155,10106318.816976001,12638383.178909617
2026-05-22,2532064.3619336155,10429754.676766,12961819.038699616
2026-05-25,2532064.3619336155,10415625.245981997,12947689.607915612
2026-05-26,2532064.3619336155,10190361.037311,12722425.399244616
2026-05-27,2532064.3619336155,10087626.207150001,12619690.569083616
2026-05-28,2532064.3619336155,10337292.007652,12869356.369585615
2026-05-29,2532064.3619336155,10177028.876473,12709093.238406615
2026-06-01,2532064.3619336155,10021537.190415,12553601.552348616
2026-06-02,2532064.3619336155,10066871.031481,12598935.393414615
2026-06-03,2532064.3619336155,10205340.740387004,12737405.102320619
2026-06-04,2532064.3619336155,10169308.154477,12701372.516410615
2026-06-05,2532064.3619336155,10092498.564196,12624562.926129615
2026-06-08,2532064.3619336155,9822381.091412999,12354445.453346614
2026-06-09,2532064.3619336155,10235255.908978,12767320.270911615
2026-06-10,2532064.3619336155,10058465.770614002,12590530.132547617
2026-06-11,2532064.3619336155,10169531.597005999,12701595.958939614
2026-06-12,2532064.3619336155,10145062.328346,12677126.690279614
2026-06-15,2532064.3619336155,10606316.572794998,13138380.934728613
2026-06-16,2532064.3619336155,10934270.893529,13466335.255462615
2026-06-17,2532064.3619336155,11104537.519198999,13636601.881132614
2026-06-18,2532064.3619336155,11168332.096708998,13700396.458642613
2026-06-22,2532064.3619336155,11308370.933358997,13840435.295292612
2026-06-23,2532064.3619336155,11014973.864772,13547038.226705614
2026-06-24,2532064.3619336155,11184245.363804,13716309.725737615
2026-06-25,2532064.3619336155,11269633.530104998,13801697.892038614
2026-06-26,2532064.3619336155,10927952.386752,13460016.748685615
2026-06-29,2532064.3619336155,10865915.356306,13397979.718239615
2026-06-30,2532064.3619336155,11237136.750904998,13769201.112838613
2026-07-01,2532064.3619336155,11292538.348573,13824602.710506614
2026-07-02,2532064.3619336155,10913701.625899,13445765.987832615
2026-07-03,2532064.3619336155,10866452.080674998,13398516.442608614
2026-07-06,2532064.3619336155,10605015.615559,13137079.977492616
2026-07-07,2532064.3619336155,10413847.154687,12945911.516620615
2026-07-08,2532064.3619336155,10084505.094731001,12616569.456664616
2026-07-09,2532064.3619336155,10350812.366638,12882876.728571614
2026-07-10,2532064.3619336155,10177657.738271998,12709722.100205613
2026-07-13,2532064.3619336155,9571046.64001,12103111.001943614
2026-07-14,2532064.3619336155,9911478.41555,12443542.777483614
2026-07-15,2532064.3619336155,9745415.302871998,12277479.664805613
2026-07-16,2532064.3619336155,9450765.9681,11982830.330033615
2026-07-17,2532064.3619336155,8709948.0,11242012.361933615
2026-07-20,2532064.3619336155,8152349.0,10684413.361933615
2026-07-21,2532064.3619336155,8565088.0,11097152.361933615
2026-07-22,2532064.3619336155,8366605.0,10898669.361933615
2026-07-23,2532064.3619336155,8466379.0,10998443.361933615
2026-07-24,2532064.3619336155,8268597.0,10800661.361933615
2026-07-27,2532064.3619336155,8593909.0,11125973.361933615
2026-07-28,2532064.3619336155,8173719.0,10705783.361933615
2026-07-29,2532064.3619336155,8107662.0,10639726.361933615
2026-07-30,2532064.3619336155,7646071.0,10178135.361933615
2026-07-31,2532064.3619336155,7947963.0,10480027.361933615
