date,strategy_nav,benchmark_nav,excess_nav
2005-01-04,1.0,1.0,1.0
2005-01-05,1.0072576017004449,1.0099410456311293,0.997342969728488
2005-01-06,1.0034442665626855,1.0003866527471679,1.0030564320376738
2005-01-07,1.0055351554986174,1.0011843784150087,1.0043456302129847
2005-01-10,1.0088434233039745,1.0112790676377756,0.9975915210630331
2005-01-11,1.0100299251128264,1.0145920711766656,0.9955034676561701
2005-01-12,1.011793575134431,1.0141982958788922,0.9976289442072298
2005-01-13,1.01237956963052,1.0143295543114834,0.9980775629846583
2005-01-14,1.0071825746732659,1.0056084998483914,1.0015652958632626
2005-01-17,0.9995960895629306,0.984389404086716,1.015447835392258
2005-01-18,1.0052777362821126,0.9917531039058032,1.0136370960907968
2005-01-19,1.0015851950192052,0.984143167337204,1.017723059267072
2005-01-20,0.9965177965868877,0.9729862005669551,1.0241849226702504
2005-01-21,1.0019134646794376,0.9998066736264162,1.0021071984300525
2005-01-24,1.0102678541840544,1.0156075433915959,0.9947423694887991
2005-01-25,1.0076404966201156,1.0152432758034746,0.9925113720380545
2005-01-26,1.0041692921269405,1.0072588965744602,0.9969326610486867
2005-01-27,0.9972073553861504,0.9916940884864986,1.0055594431424573
2005-01-28,0.990413643626067,0.9861771642887522,1.004295860308599
2005-01-31,0.9780501225251079,0.9715962856916098,1.0066425087544504
2005-02-01,0.9744482904774184,0.9726870534415147,1.0018106923801156
2005-02-02,1.0051687412539814,1.02454125686563,0.9810915221990036
2005-02-03,0.9955254571181607,1.0106034428374615,0.9850802153642317
2005-02-04,1.0052157831436088,1.0346603662619023,0.9715417889015378
2005-02-16,1.0115097912620763,1.0415041198867718,0.9712009505752542
2005-02-17,1.0130730464421809,1.0384739833576517,0.97554013165227
2005-02-18,1.0045425907490906,1.0236682356628144,0.9813165591669061
2005-02-21,1.0136838728478585,1.0435889921997896,0.9713439681948984
2005-02-22,1.0298425746705409,1.0650695873194178,0.9669251539352121
2005-02-23,1.0328212116508317,1.062220567077129,0.972322739422007
2005-02-24,1.0366961089615512,1.0637631080368826,0.9745554260428507
2005-02-25,1.0357777388254852,1.0650868849423174,0.9724819199905748
2005-02-28,1.0322963637108262,1.058196325984896,0.9755244261976018
2005-03-01,1.0271792990677533,1.0540703341697242,0.9744883863720987
2005-03-02,1.0202584892149837,1.0392004835194355,0.9817725312826054
2005-03-03,1.0238576648721593,1.0457023547152302,0.9791100309332098
2005-03-04,1.0189297987873056,1.041588572986811,0.9782459458685014
2005-03-07,1.0220075111908118,1.0479011878379396,0.9752899634549013
2005-03-08,1.0348754118931058,1.0673518560349373,0.9695728789356521
2005-03-09,1.0372495674497135,1.0648660858735401,0.9740657357857613
2005-03-10,1.02233041449381,1.0403126189211576,0.9827146147222593
2005-03-11,1.024485065263299,1.045416435183772,0.979977959771798
2005-03-14,1.0239035099958493,1.0490764086878839,0.9760047042488362
2005-03-15,1.0149027943390605,1.0312669796518905,0.9841319603597181
2005-03-16,1.0075985134843106,1.0206258890469417,0.9872358954417705
2005-03-17,1.000264621255299,1.0102452802927167,0.990120558608771
2005-03-18,0.987299061868709,0.9957987126498533,0.9914644890848207
2005-03-21,0.9882762848322081,0.9990832259863207,0.9891831422317758
2005-03-22,0.9745978693591978,0.980901389304371,0.9935737475612676
2005-03-23,0.9743938165163674,0.9757996080562152,0.9985593440207993
2005-03-24,0.9801604722415007,0.9816919924216062,0.9984399178235858
2005-03-25,0.9798189526440109,0.9798136740761544,1.0000053873180137
2005-03-28,0.9790248408559362,0.9775151252449649,1.001544442200414
2005-03-29,0.9730993713222756,0.9719127304399499,1.0012209335726971
2005-03-30,0.9562962064014846,0.9534388691831656,1.0029968751124727
2005-03-31,0.9607822935935495,0.9586983640518766,1.0021737072053252
2005-04-01,0.9818728796685983,0.9952696088905711,0.9865395978111838
2005-04-04,0.9718482328911102,0.9790128958866253,0.9926817480897159
2005-04-05,0.9646443722224393,0.9723278733895404,0.992097828955251
2005-04-06,0.9734900535840404,0.9907142290245973,0.9826143857270377
2005-04-07,0.9805122201693248,1.001972946517785,0.9785815311450835
2005-04-08,0.9920636185377611,1.0210125417941096,0.9716468485240349
2005-04-11,0.99094190144947,1.0128480637854933,0.9783717191953257
2005-04-12,0.9784280325243476,0.9958312728811939,0.982523906578577
2005-04-13,0.9916196178482378,1.0184229858953149,0.9736814973559206
2005-04-14,0.9835637458816336,1.0042541977260748,0.9793971965551248
2005-04-15,0.9705715928945597,0.9911354770175642,0.9792521964959993
2005-04-18,0.9627209365129201,0.9806449774825651,0.981722191637938
2005-04-19,0.9634665393520081,0.982795987765493,0.9803321862786265
2005-04-20,0.9554701788336689,0.9675140466873017,0.9875517385046035
2005-04-21,0.9510230461424428,0.96050749190573,0.9901255889795619
2005-04-22,0.9444383885297597,0.9555420566263123,0.988379718067297
2005-04-25,0.9315769570651625,0.9463529488377016,0.9843863837581034
2005-04-26,0.9393470302961171,0.9534887270374056,0.9851684699144495
2005-04-27,0.9335504356519004,0.9428262687806398,0.9901616730081823
2005-04-28,0.9439299585067146,0.958566088112056,0.9847312253303598
2005-04-29,0.9352424176492844,0.9487186531460307,0.98579532988831
2005-05-09,0.9200863564777202,0.9250911177723917,0.9945899801667938
2005-05-10,0.9196326107447492,0.9290614309814672,0.9898512413471332
2005-05-11,0.9186446514794148,0.9176399123315772,1.0010949165727596
2005-05-12,0.9157869716302515,0.9013282539372443,1.0160415671314504
2005-05-13,0.9198546717793055,0.9030814188934813,1.0185733562167363
2005-05-16,0.9134343616134117,0.890594570174421,1.0256455543340193
2005-05-17,0.9198237159040098,0.8968939574315675,1.0255657408353003
2005-05-18,0.9245528713627783,0.8986583149673278,1.028814685141362
2005-05-19,0.9238349589193555,0.899650384515982,1.026882192037727
2005-05-20,0.921011102116082,0.8982177343370025,1.0253762165984217
2005-05-23,0.9088831085471053,0.878455708927812,1.034637374781742
2005-05-24,0.9172195109879395,0.883660258406136,1.0379775510582931
2005-05-25,0.9186968081601925,0.883655170869989,1.0396553298677624
2005-05-26,0.9158055857077186,0.8723404904791849,1.049825837162113
2005-05-27,0.9126816918127457,0.8643805314236758,1.0558795098144051
2005-05-30,0.917044650529808,0.8705913955518654,1.053358274863831
2005-05-31,0.9157059799993014,0.8709312429664813,1.0514101858147984
2005-06-01,0.9068192954526312,0.8521948648445148,1.0640985211968894
2005-06-02,0.9055016660767554,0.8327065488800298,1.0874198927516943
2005-06-03,0.9047389677939716,0.8323544913786612,1.0869635199485943
2005-06-06,0.9091368472740257,0.8536855129355694,1.0649552247264635
2005-06-07,0.9098987946836776,0.8519404880371676,1.0680309334517524
2005-06-08,0.9386229553595115,0.9216305756852403,1.0184373002833995
2005-06-09,0.9447271906732669,0.9285811675691956,1.017387842514982
2005-06-10,0.9378977703440371,0.9102171970931854,1.0304109539341277
2005-06-13,0.9394155466729818,0.9085922380478513,1.0339242482319193
2005-06-14,0.9326946465165356,0.8990052849325495,1.0374740417532848
2005-06-15,0.9220741735373247,0.8820098616800672,1.0454238819744512
2005-06-16,0.9252268725479393,0.8946300038461773,1.0342005841188207
2005-06-17,0.9250708741339538,0.8957574018563402,1.0327247893423657
2005-06-20,0.9361603017559704,0.9221210141698057,1.01522499473543
2005-06-21,0.9318472688441859,0.9118553837325015,1.0219244032204444
2005-06-22,0.9329830263072252,0.9164138161201635,1.0180804892894468
2005-06-23,0.9270874169290866,0.9092159699794667,1.0196558876435304
2005-06-24,0.9286575921542658,0.9140277616672468,1.0160058929286058
2005-06-27,0.9382202844879898,0.9320803749310639,1.0065873177057074
2005-06-28,0.9317729597758503,0.9195375633143874,1.0133060322379452
2005-06-29,0.9303811347600354,0.9146352134831919,1.0172155205099511
2005-06-30,0.9200289761725532,0.8940693573627841,1.0290353523426208
2005-07-01,0.9023681670992009,0.874541358616353,1.0318187450012357
2005-07-04,0.8958504342307159,0.8709169978652699,1.0286289467613574
2005-07-05,0.8927759698415018,0.8645545251599013,1.0326427586234435
2005-07-06,0.8910711831265332,0.8573068211649645,1.0393842217605216
2005-07-07,0.8925590586953008,0.8595178643744265,1.0384415446035231
2005-07-08,0.8807555720734479,0.8440110541985402,1.0435355884169073
2005-07-11,0.8761597725823626,0.8385246552176753,1.044882541175748
2005-07-12,0.8878577607848187,0.8667289381091053,1.0243776592042824
2005-07-13,0.8852371735856936,0.8610461602329684,1.0280949088097437
2005-07-14,0.884613365483677,0.8644639670164856,1.0233085463778586
2005-07-15,0.8754507915369606,0.8557245974232647,1.023052035868894
2005-07-18,0.8660621094765691,0.8475784345447774,1.0218076276819372
2005-07-19,0.8680120682189801,0.8502371809351705,1.0209057986199324
2005-07-20,0.8694372502370316,0.8573933092794624,1.0140471599524035
2005-07-21,0.8693724940829832,0.8587628740102198,1.0123545397616214
2005-07-22,0.8776014611512097,0.8747438425550014,1.0032668061862107
2005-07-25,0.8765157955205022,0.8718612445741427,1.0053386372835427
2005-07-26,0.8865323164031963,0.8918247364147522,0.9940656277007609
2005-07-27,0.8944663841516887,0.9096636731603978,0.9832935078566896
2005-07-28,0.8931758579308137,0.9064819280540989,0.9853211964723348
2005-07-29,0.891642077257307,0.9037132908829317,0.986642651217588
2005-08-01,0.8953708756875869,0.9072165682737175,0.9869428171834747
2005-08-02,0.9065054940023529,0.9194174974613194,0.9859563218074282
2005-08-03,0.9133633722591634,0.9254940506352298,0.9868927538024256
2005-08-04,0.9082519970540016,0.9199791614519421,0.9872527934443294
2005-08-05,0.9217484421792854,0.9399762310311215,0.9806082449214265
2005-08-08,0.9270217479132625,0.9437084475485199,0.9823179503387889
2005-08-09,0.9384028687143978,0.9494248031632265,0.9883909347932489
2005-08-10,0.9471287346042044,0.9568332733004068,0.9898576492195673
2005-08-11,0.9513298200759529,0.9706937567791419,0.9800514461250472
2005-08-12,0.9415740025304586,0.9547433134512421,0.9862064381753264
2005-08-15,0.9563148766681998,0.9712126854661302,0.9846606113976155
2005-08-16,0.9580447976337207,0.9616033471917818,0.996299358182921
2005-08-17,0.9722795174208565,0.9696965996943407,1.0026636349218199
2005-08-18,0.955530783888225,0.9367893983886756,1.020005975229636
2005-08-19,0.9605292068376042,0.939197838000639,1.02271232744996
2005-08-22,0.9634402085263358,0.9479840129264119,1.0163042787527723
2005-08-23,0.9504130749346624,0.9395804207188893,1.0115292464347916
2005-08-24,0.9552089769761275,0.9469441205379764,1.0087279241286757
2005-08-25,0.9644989933736237,0.9464017891847122,1.0191221153591663
2005-08-26,0.9720236021074491,0.944509225738049,1.029130870953537
2005-08-29,0.9679356848367029,0.9334316245316923,1.0369647432101108
2005-08-30,0.9635050085413576,0.9308970140232846,1.035028573544503
2005-08-31,0.9715397636865821,0.944161238265598,1.0289977223289508
2005-09-01,0.9872713606018112,0.9610956110843167,1.0272353231204154
2005-09-02,0.9900122604369894,0.9644655950280526,1.0264878970702878
2005-09-05,0.9992493520830859,0.9693964350616712,1.0307953649731707
2005-09-06,0.9831239371274174,0.9530074461179047,1.0316015274929833
2005-09-07,0.9981210196000009,0.9694381528580761,1.029587103269417
2005-09-08,0.9996244397174728,0.9720063411050536,1.028413496336887
2005-09-09,0.9911446233674958,0.9656804986599431,1.0263690990372993
2005-09-12,0.9945015528186567,0.9661292193481035,1.0293670172709377
2005-09-13,1.0084641165197041,0.9806470124970238,1.028366072264728
2005-09-14,1.015012422510738,0.9871783914024709,1.0281955433290266
2005-09-15,1.0170042654045488,0.9865729746009845,1.0308454534910325
2005-09-16,1.0168123890949081,0.9844331568975798,1.0328912450484407
2005-09-19,1.0270662190283033,0.9881379007197846,1.039395633220993
2005-09-20,1.0268904556703449,0.9787595365865075,1.0491754279623138
2005-09-21,1.017533006673517,0.960941967492679,1.0588912141369964
2005-09-22,0.9919730046409982,0.9394379697067747,1.0559217709186495
2005-09-23,0.9830595003753905,0.932193318233526,1.0545661303797522
2005-09-26,0.9886561383986032,0.9345651275852315,1.0578782678882257
2005-09-27,0.9707141611685314,0.9200442819146231,1.0550733048940468
2005-09-28,0.9684851618476052,0.9195406158360756,1.053227171446938
2005-09-29,0.9830836908415741,0.9320111844394655,1.0547981690078374
2005-09-30,0.9793709841979152,0.9334529921835095,1.04919154194042
2005-10-10,0.9649552321894946,0.9232056768763343,1.0452223771569733
2005-10-11,0.9799277089602252,0.9358217490135268,1.0471307276125945
2005-10-12,0.9857382533269601,0.9396526637321758,1.0490453455553868
2005-10-13,0.9832965821529798,0.9325443582276652,1.0544233885257437
2005-10-14,0.9757979338173446,0.9206690313534678,1.0598791754544326
2005-10-17,0.9777340525879817,0.9133378917657211,1.070506393529525
2005-10-18,0.986604435927485,0.9181639285547124,1.074540618776546
2005-10-19,0.9842145749976022,0.914478517369866,1.0762577319238775
2005-10-20,0.9847005517858592,0.9156700183354802,1.0753880023022528
2005-10-21,0.9886146369036456,0.9202477833605007,1.0742917883414913
2005-10-24,0.9911293310630238,0.9225249645398731,1.0743658645133451
2005-10-25,0.9747659006584405,0.909928225040039,1.0712558131885055
2005-10-26,0.957632460025266,0.8911531816433557,1.0745991595511306
2005-10-27,0.9519409535676284,0.8911826893530079,1.068177114457565
2005-10-28,0.936070892782393,0.8829205306503703,1.0601983534043222
2005-10-31,0.9390489370466707,0.8916232699833333,1.053190252722121
2005-11-01,0.9317067334499364,0.8881464477805115,1.0490462871053332
2005-11-02,0.9385171508315691,0.8979277447766266,1.045203421200711
2005-11-03,0.9343191049065861,0.8898863851427665,1.0499307782495078
2005-11-04,0.9368224610867216,0.8937386675132327,1.0482062544002562
2005-11-07,0.938269388090483,0.8926367071838046,1.0511212238298442
2005-11-08,0.9400972328051544,0.8969570428797897,1.0480961605327919
2005-11-09,0.9384849992226061,0.8946452664546182,1.0490023637432522
2005-11-10,0.9248307397716435,0.8780761787312499,1.0532465885909241
2005-11-11,0.9256739406839829,0.8799300769031964,1.051985794077839
2005-11-14,0.9245991557636674,0.8772428403103805,1.0539831313260208
2005-11-15,0.9214444671981736,0.8716323054475302,1.057148136248883
2005-11-16,0.9222576372039684,0.8782298223228876,1.050132452533471
2005-11-17,0.9222317371329235,0.8777607514901393,1.0506641309346396
2005-11-18,0.933296445843384,0.8976865955632615,1.039668466095095
2005-11-21,0.9357793148381348,0.8993451323471653,1.0405119026951104
2005-11-22,0.9278964061183728,0.8848415842994565,1.0486582260405444
2005-11-23,0.9326372700111651,0.8915693421001757,1.046062516925773
2005-11-24,0.9325752763961864,0.8969255001556786,1.0397466414259826
2005-11-25,0.9318396454448977,0.8995832290388424,1.0358570673227419
2005-11-28,0.929750835090926,0.895576285569509,1.0381592836613411
2005-11-29,0.923738936012354,0.8865642240388117,1.041931211485379
2005-11-30,0.9213993516892591,0.8891232547207248,1.0363010379012887
2005-12-01,0.9206371110866292,0.888351984240848,1.036342719348312
2005-12-02,0.9164943556348052,0.8851661691056315,1.035392435480027
2005-12-05,0.9051160554898828,0.8746593894549621,1.0348211731356358
2005-12-06,0.9062168416006388,0.8812375736929612,1.0283456682435794
2005-12-07,0.9098762296831162,0.8891364823147069,1.023325718583065
2005-12-08,0.9091614293373352,0.8893582988907137,1.0222667629810411
2005-12-09,0.9145639232293438,0.9028931800560442,1.012925940112401
2005-12-12,0.9172832458343433,0.9040734884421354,1.0146113756913395
2005-12-13,0.9172254461618179,0.9046666951568691,1.0138821856405038
2005-12-14,0.9211588352600201,0.9138771705972971,1.0079678811299813
2005-12-15,0.9197253343757471,0.9121280756699777,1.0083291578325655
2005-12-16,0.9222887814260388,0.9183623424644433,1.0042754790566204
2005-12-19,0.9224757741009451,0.9187174524874999,1.004090835112873
2005-12-20,0.9236614472491961,0.9232026243546461,1.000496990457399
2005-12-21,0.920687860123305,0.918955549179177,1.001885086765813
2005-12-22,0.9234199140222468,0.9246637647360485,0.9986548075514164
2005-12-23,0.9281610610802448,0.9319246963249674,0.9959614384514495
2005-12-26,0.9302658779677135,0.9385262832292424,0.9911985360355527
2005-12-27,0.9288590784032317,0.9354554464109468,0.9929484958016724
2005-12-28,0.9297986842925111,0.9370417401815639,0.9922702953577613
2005-12-29,0.9348701982147057,0.948348280514533,0.9857878349370606
2005-12-30,0.9313408115931994,0.9396180684863766,0.9911908283048334
2006-01-04,0.9366439007606052,0.9579097959491002,0.977799689199937
2006-01-05,0.9437519443079491,0.9759257789526595,0.967032498435241
2006-01-06,0.9491104756642239,0.9870145727385393,0.9615972265038115
2006-01-09,0.9549151751665801,0.9923269779831786,0.9622989159353151
2006-01-10,0.9539908378766634,0.9952787664556357,0.9585162167921999
2006-01-11,0.9503555730413866,0.990519885143784,0.9594512813878875
2006-01-12,0.9592500259700764,1.0009381416654966,0.9583509570071395
2006-01-13,0.9597420825159679,0.9959452336908854,0.9636494558633995
2006-01-16,0.9508849615019735,0.9782711331164008,0.9720055405016549
2006-01-17,0.9511116092404431,0.9811720462273884,0.9693627258312874
2006-01-18,0.9596889308455777,1.0008424959859339,0.9588810773868913
2006-01-19,0.9642666057862563,1.0085755509292893,0.9560677976952671
2006-01-20,0.9657959427950679,1.010730631241135,0.9555423699874522
2006-01-23,0.9672962863003332,1.0136020366424705,0.9543156498624215
2006-01-24,0.9661635950846597,1.016584350331809,0.9504017986990531
2006-01-25,0.9647345205843276,1.0272722462693098,0.9391225394124127
2006-02-06,0.974862379234318,1.0513230646503742,0.9272719414355436
2006-02-07,0.9728771056337303,1.0479683433150793,0.9283458912090704
2006-02-08,0.972587638682386,1.0511582284792131,0.9252533180370942
2006-02-09,0.9598445353399353,1.0374493535776572,0.9251965235988622
2006-02-10,0.9688220569065452,1.0504103606656126,0.9223272096179941
2006-02-13,0.9593344922097811,1.0496747029387645,0.913935040564416
2006-02-14,0.9662890547515157,1.056712800444447,0.9144292132593647
2006-02-15,0.9610188969356771,1.059896580565205,0.9067100645076146
2006-02-16,0.9338350092401406,1.0379804923513982,0.8996652789925457
2006-02-17,0.9247619702869097,1.0382318166370572,0.8907085637987011
2006-02-20,0.9220956737232462,1.0395250683256105,0.8870355336485432
2006-02-21,0.9337376210127843,1.0570027900048231,0.8833823617518773
2006-02-22,0.9373648012541281,1.0560554907742619,0.8876094196213932
2006-02-23,0.9312594132561073,1.0596045559903704,0.8788744895360477
2006-02-24,0.9377511231611646,1.0678168568387678,0.8781947177134307
2006-02-27,0.9294573995606914,1.066189862778975,0.871755990193063
2006-02-28,0.9319781701381229,1.0714452876187686,0.8698327211923214
2006-03-01,0.9402208380944388,1.075117471209633,0.8745284708624261
2006-03-02,0.9204525954647353,1.0568501639204146,0.8709395398589818
2006-03-03,0.9222745990187636,1.0599138781881043,0.8701410727778831
2006-03-06,0.9210551616700735,1.0570607879168983,0.8713360406501836
2006-03-07,0.8936181037559279,1.0327423651345042,0.8652865747785443
2006-03-08,0.8892763101301878,1.026940538912529,0.8659472252131368
2006-03-09,0.8811216679584479,1.0219272807933302,0.8622156238694658
2006-03-10,0.8829573196775131,1.0265599912087375,0.8601127330492031
2006-03-13,0.8964051438980802,1.0377189929934452,0.8638226243814566
2006-03-14,0.8964917083333896,1.0360991214842583,0.8652567015491001
2006-03-15,0.9087722410456968,1.0469722037375078,0.8680003516822498
2006-03-16,0.9109178532817079,1.0456067090356678,0.8711859300537776
2006-03-17,0.9094543846389743,1.0419426655026385,0.8728449412331617
2006-03-20,0.9095415636876785,1.0558255341404201,0.8614506225483209
2006-03-21,0.9149405600999669,1.058977771537067,0.8639846696422765
2006-03-22,0.9227386495589831,1.0660077289849144,0.8656022132575375
2006-03-23,0.9270465379133029,1.0668939777817121,0.868920958613732
2006-03-24,0.9234449789426286,1.06085405486806,0.8704731576460616
2006-03-27,0.9347148871320219,1.069101968469486,0.8742990984013891
2006-03-28,0.9364685217158395,1.0744693191045123,0.8715637618171491
2006-03-29,0.9385043993672181,1.0839443464245815,0.8658234183912663
2006-03-30,0.9292266714596452,1.0741152265886849,0.8651089272896767
2006-03-31,0.9354950049654296,1.0796647110177717,0.8664680760785104
2006-04-03,0.9535169108644698,1.0982179378384482,0.868240153444603
2006-04-04,0.9609080556394434,1.1084428679865772,0.8668990377328852
2006-04-05,0.9658425630261773,1.1192274271108698,0.8629546950250905
2006-04-06,0.9664425983725212,1.1225516232292831,0.8609337676536624
2006-04-07,0.9754725237860514,1.1224671701292437,0.8690432555579626
2006-04-10,0.9948521044261968,1.137481506806106,0.8746094758231339
2006-04-11,0.9971272214053347,1.142974010830347,0.8723971078580715
2006-04-12,0.9966134884439976,1.1366298532551076,0.8768144577496995
2006-04-13,0.9785911104872485,1.113076595909214,0.8791767916815183
2006-04-14,1.004153366277771,1.13819070934499,0.8822364811391272
2006-04-17,1.0170747943117333,1.144099373826051,0.888974172680886
2006-04-18,1.0204542379407802,1.1510865959702643,0.8865138743802566
2006-04-19,1.0308642414912899,1.158168446286811,0.8900814426401709
2006-04-20,1.017516613352731,1.1542408683813699,0.881546167031521
2006-04-21,1.0206194422705923,1.169276572710049,0.8728640136055135
2006-04-24,1.018037151872393,1.1627034760081971,0.8755776282423496
2006-04-25,1.0246316321420397,1.1619220304560265,0.8818419870564778
2006-04-26,1.0423081382482406,1.1759595601926753,0.8863469234243595
2006-04-27,1.0616128235083293,1.175493541881615,0.903120932343876
2006-04-28,1.0739399638242344,1.1928715478523475,0.9002980796698201
2006-05-08,1.1112047951099921,1.2397765961127154,0.8962943796439967
2006-05-09,1.1611733326228764,1.2735232408826267,0.9117802450296194
2006-05-10,1.1776792110040573,1.2880959794219338,0.914279083094857
2006-05-11,1.168551297620895,1.277007185636054,0.9150702601871897
2006-05-12,1.1970900675113896,1.318950868645922,0.9076077782490575
2006-05-15,1.2438143639257877,1.3758274877543004,0.9040482000806718
2006-05-16,1.209977290174069,1.3544313457347115,0.8933470817730645
2006-05-17,1.225454813364942,1.3589043075151048,0.9017962534873492
2006-05-18,1.2309940632405403,1.3545066412696862,0.9088136046986319
2006-05-19,1.2609616270764323,1.39001357354644,0.9071577796605623
2006-05-22,1.2784315484816424,1.3977232258235195,0.9146528617841404
2006-05-23,1.2321944908119937,1.3407224708331553,0.9190526135108932
2006-05-24,1.2204978179361334,1.3311456927901473,0.9168777125950125
2006-05-25,1.233084434192246,1.3305911513501303,0.9267192502678635
2006-05-26,1.2512221406087491,1.3543224724611669,0.9238731292222768
2006-05-29,1.2779613099709175,1.390211987456171,0.9192564310349163
2006-05-30,1.29379032026018,1.4028941975632738,0.9222294329161818
2006-05-31,1.290161775316795,1.3893562638762549,0.9286039937066173
2006-06-01,1.3233158716001139,1.4274395244578213,0.9270556467901809
2006-06-02,1.3221873727759796,1.4144530796891313,0.934769340716887
2006-06-05,1.3357171630599736,1.4277284965109678,0.9355540400882603
2006-06-06,1.328608742033592,1.4236370999415953,0.9332495915483645
2006-06-07,1.2608193826628216,1.343346621977749,0.9385659382584174
2006-06-08,1.263971683403523,1.3491932185178177,0.9368351886559907
2006-06-09,1.2440202986413074,1.316842593666628,0.9446993168541477
2006-06-12,1.2442317273153658,1.3203886063610484,0.9423223748835817
2006-06-13,1.2405099620756606,1.321005215742058,0.9390651507600746
2006-06-14,1.2314305267375647,1.306357181667776,0.9426445875740085
2006-06-15,1.2323952748767426,1.307888530048006,0.9422785249378305
2006-06-16,1.2537355362126716,1.3410847034068176,0.9348667783830141
2006-06-19,1.2596802405846719,1.3582632779605899,0.9274197874774772
2006-06-20,1.2661926576310425,1.3616515770344548,0.9298947535379699
2006-06-21,1.2666123512679794,1.3568784506213916,0.9334751765627392
2006-06-22,1.2669640564252862,1.3548648038144313,0.9351221264721964
2006-06-23,1.2776061614242749,1.3628959883759972,0.9374201496818901
2006-06-26,1.2945705615728302,1.3872825841427603,0.9331700522808629
2006-06-27,1.2971232698544704,1.387774040134555,0.9346790128230851
2006-06-28,1.2960438519004467,1.3867453403256431,0.9345939836337237
2006-06-29,1.3144663198191382,1.4195487558939106,0.9259747608960422
2006-06-30,1.3115561049233504,1.4183674300005902,0.9246941780965773
2006-07-03,1.3302120264889457,1.4451940081034276,0.9204383764603506
2006-07-04,1.32755765204637,1.4357159282616703,0.924665963449848
2006-07-05,1.3184704016634052,1.4173967281037532,0.9302056195849306
2006-07-06,1.3492832125187,1.4435120686532477,0.934722502027669
2006-07-07,1.3489168970989638,1.4351217040397073,0.9399320582372306
2006-07-10,1.359166851862934,1.4368463787935213,0.9459374863749788
2006-07-11,1.364915596223136,1.443410317930309,0.9456185668537234
2006-07-12,1.358497775043563,1.4440452424414476,0.940758457641362
2006-07-13,1.2895108697397737,1.3696542713935982,0.941486400380236
2006-07-14,1.2965444997778626,1.3808885687132806,0.9389204380089768
2006-07-17,1.3187049851040455,1.3962783655577873,0.9444427541332329
2006-07-18,1.3233816635781575,1.397460708958337,0.9469902481656189
2006-07-19,1.292866633132293,1.36004493311925,0.9506058231231493
2006-07-20,1.2961294193548347,1.3687446199305247,0.9469475901360067
2006-07-21,1.306392513998346,1.3797733807898704,0.9468167252585229
2006-07-24,1.3094419331821465,1.381898953392064,0.9475670634006477
2006-07-25,1.322880327965662,1.3982279094092964,0.9461120887828178
2006-07-26,1.3245029991476118,1.3953025761248035,0.9492586208979672
2006-07-27,1.3086488997799233,1.3792768372619288,0.9487935013668376
2006-07-28,1.301368479427872,1.3648770749516175,0.9534693660775299
2006-07-31,1.2621824424273047,1.3169880972004306,0.9583856111610817
2006-08-01,1.2425808123524005,1.3045022659885999,0.9525325058831745
2006-08-02,1.233387996927947,1.2974112581069888,0.9506530710451395
2006-08-03,1.229853292641487,1.2940087139319125,0.9504211829490035
2006-08-04,1.1940473104665352,1.2636503682358662,0.9449190539417156
2006-08-07,1.1691196312598269,1.2455326345093682,0.9386503403183478
2006-08-08,1.2011187271621666,1.2743118089854029,0.9425626590704578
2006-08-09,1.2030500145405987,1.2732047611198278,0.9448990855818622
2006-08-10,1.2205190909775379,1.2937329694727482,0.9434088175668522
2006-08-11,1.22517799637087,1.297987167198823,0.9439060934746513
2006-08-14,1.2016116775421601,1.2675301233015261,0.9479945726357424
2006-08-15,1.2195783439114543,1.2880247539158767,0.9468593986285354
2006-08-16,1.2339201630354737,1.306038701904977,0.9447807030799992
2006-08-17,1.2237427772493839,1.2938896655860739,0.9457860355466116
2006-08-18,1.21933931502648,1.2900628208963425,0.9451782465750594
2006-08-21,1.2274708417482114,1.2928060203867748,0.9494625043446063
2006-08-22,1.2390863913369707,1.3077694817021674,0.9474807362259287
2006-08-23,1.2365838996088405,1.3081886946806758,0.9452641691806443
2006-08-24,1.2443678264206894,1.3150273607693983,0.9462676317948493
2006-08-25,1.24726939240752,1.3181165127178227,0.9462512459052477
2006-08-28,1.2674514848049359,1.3491067304033195,0.9394745843614815
2006-08-29,1.2707620666844068,1.3534423287077455,0.938911130330702
2006-08-30,1.2789675248148633,1.3580373913556656,0.9417763700439276
2006-08-31,1.2869154088922181,1.362130822939497,0.9447810645052704
2006-09-01,1.2647171571957723,1.3411752615502333,0.9429917129055267
2006-09-04,1.2859123321162436,1.3606544199496537,0.9450690147788035
2006-09-05,1.2872936225834755,1.364153627311522,0.9436573687968542
2006-09-06,1.292865413971442,1.3699381559105976,0.9437399844608858
2006-09-07,1.278204289728224,1.351633200853892,0.9456739364797495
2006-09-08,1.2814886402429508,1.3554753081520645,0.9454164399276439
2006-09-11,1.2855784469924862,1.36219289088049,0.9437565381518899
2006-09-12,1.2883986527103426,1.3712324251063803,0.9395917345014566
2006-09-13,1.274140973114345,1.3618174307128452,0.9356180530362238
2006-09-14,1.2742951982146078,1.3617075399320713,0.9358068166958787
2006-09-15,1.289977129908216,1.386172483755497,0.9306036189762884
2006-09-18,1.3079807019877834,1.3996452969798352,0.934508696460563
2006-09-19,1.31166233420251,1.402439371831737,0.9352720413784003
2006-09-20,1.3189575627360959,1.4025919979161452,0.9403715155196191
2006-09-21,1.3199785683924994,1.4116590048372293,0.9350548283044452
2006-09-22,1.3066841526156303,1.3989218493397397,0.9340651539843747
2006-09-25,1.3098613881769927,1.3964259041060485,0.9380099469119546
2006-09-26,1.309022522846891,1.3814146199508748,0.9475956776057878
2006-09-27,1.3171483029455195,1.3951214598379722,0.9441101300946884
2006-09-28,1.3267708245154153,1.4112845621768142,0.940115735744291
2006-09-29,1.3338945537576834,1.4278322822483656,0.934209549918033
2006-10-09,1.3554423290970865,1.4612156769373847,0.9276127750956022
2006-10-10,1.3587274762479447,1.462407177902999,0.9291033966314877
2006-10-11,1.3618534323008382,1.4610447357228473,0.9321093317700949
2006-10-12,1.3423917181717806,1.4514740627232157,0.9248471968236361
2006-10-13,1.3466895621466117,1.4559327794023977,0.9249668536890653
2006-10-16,1.3378837601412423,1.4433513025110045,0.9269287094650625
2006-10-17,1.334210526902564,1.439211065594621,0.9270429882022374
2006-10-18,1.3477982533555706,1.4627612704188264,0.9214068492322476
2006-10-19,1.3499944637973509,1.464576503316056,0.921764387685265
2006-10-20,1.346962385953365,1.4653955966357142,0.9191800419257089
2006-10-23,1.303303137089046,1.4333776966485345,0.9092531160045091
2006-10-24,1.3247895604043434,1.4652653557103525,0.9041294501650813
2006-10-25,1.322607535100993,1.4721548971605445,0.8984160142740449
2006-10-26,1.3193880581443074,1.4815871891769792,0.8905233980034795
2006-10-27,1.3019676370672557,1.464243778452046,0.88917409534337
2006-10-30,1.3074673081048116,1.4715586379241226,0.8884914772741989
2006-10-31,1.3241583667974484,1.490111864744799,0.8886301747716288
2006-11-01,1.3340398345733024,1.5053093527229513,0.8862230425660748
2006-11-02,1.3327459777033077,1.50556067700861,0.8852157193367544
2006-11-03,1.3351788696644646,1.514346851934383,0.8816862979303227
2006-11-06,1.3354480866380116,1.5342899936304049,0.8704013531875433
2006-11-07,1.3277725363337456,1.5426467805053756,0.8607106650161117
2006-11-08,1.3230191838018595,1.5244018583752037,0.8678939720081491
2006-11-09,1.332478626451275,1.5514075177504136,0.858883698322803
2006-11-10,1.3022480599738668,1.5303939584490747,0.8509234192832188
2006-11-13,1.2655317742878471,1.5016158014802696,0.8427800060709973
2006-11-14,1.2810468148028842,1.519927879087581,0.8428339478659356
2006-11-15,1.30692439602602,1.5616314303913128,0.8368968314748452
2006-11-16,1.2979155662326929,1.5601316247351937,0.8319269641450877
2006-11-17,1.3128122274006537,1.5894317629126755,0.8259632517943964
2006-11-20,1.3108230848488422,1.621049782558705,0.8086260514342791
2006-11-21,1.3207103597944325,1.640475013074968,0.8050780104957792
2006-11-22,1.335747868186025,1.6524602307299394,0.8083388897026507
2006-11-23,1.3376683924988213,1.6635368144290665,0.8041110848261661
2006-11-24,1.3617598425641575,1.6652319814732284,0.8177598423010172
2006-11-27,1.390564333979917,1.6807194590117562,0.8273625479397692
2006-11-28,1.3948838159073254,1.672796130216505,0.8338636075914342
2006-11-29,1.415869019337809,1.696329037417811,0.8346664993090466
2006-11-30,1.4429752023008908,1.7443716587606355,0.8272177520506812
2006-12-01,1.4524545592846205,1.7594979212327304,0.8254937625996224
2006-12-04,1.4723201346277859,1.8119117536330096,0.8125782790887477
2006-12-05,1.481867590837043,1.8256430136936124,0.8116962515245254
2006-12-06,1.4535923420126862,1.8105635565540694,0.8028397217821042
2006-12-07,1.4328556966432504,1.8068018323270187,0.7930342282185119
2006-12-08,1.384101144906752,1.741549093706311,0.7947528725481695
2006-12-11,1.4263083572749475,1.8212606100566344,0.7831434718343767
2006-12-12,1.4234270780424398,1.8343498230554929,0.7759845260439062
2006-12-13,1.430294442881365,1.8354365207764802,0.7792666358607052
2006-12-14,1.4612935406242873,1.8682887766917584,0.7821561414139889
2006-12-15,1.4912512783502756,1.900333131866902,0.7847315048837037
2006-12-18,1.5287621984814004,1.949653742289839,0.784119849243534
2006-12-19,1.5332733099967155,1.9550831608658579,0.7842496629747794
2006-12-20,1.5492287660447526,1.970450572551318,0.7862307167841455
2006-12-21,1.5312722708667483,1.942406038294902,0.7883378864549565
2006-12-22,1.5151096506667374,1.9288314743476254,0.7855064948995515
2006-12-25,1.5336210681911209,1.9730523385368655,0.7772835206836891
2006-12-26,1.5161766648174682,1.9721711772762147,0.7687855305295938
2006-12-27,1.534991462635444,2.017591682488904,0.7608038216840171
2006-12-28,1.5153031350214483,2.0145961412055833,0.7521622344191795
2006-12-29,1.5365408806617025,2.0767800780224546,0.7398669203938161
2007-01-04,1.5288727798600896,2.1032810538118873,0.7268989453830874
2007-01-05,1.5583357947761636,2.109173438177278,0.7388371987667635
2007-01-08,1.6218519568156782,2.1688736398472113,0.7477853605754236
2007-01-09,1.6650441063416996,2.23860341027723,0.743786996257412
2007-01-10,1.710015809758533,2.2954617142554796,0.7449550559431426
2007-01-11,1.7069506849275908,2.2706986408138428,0.7517292934635313
2007-01-12,1.6633981249305863,2.2118032873623568,0.7520551824996333
2007-01-15,1.7544969121562926,2.327387021084785,0.7538483699795357
2007-01-16,1.833030783826278,2.3950838120704847,0.765330538575881
2007-01-17,1.8217363387239895,2.3493539846600613,0.7754201157504942
2007-01-18,1.8715335496016818,2.3576609136807916,0.7938094654501586
2007-01-19,1.9436374084269583,2.438041949788053,0.7972124550998496
2007-01-22,2.020883045439859,2.5349289881704613,0.7972148548817513
2007-01-23,2.008765301557885,2.5520404072470937,0.7871212759224122
2007-01-24,2.018116940191651,2.5808338268243394,0.7819631466450906
2007-01-25,1.9211146237579264,2.495773274969119,0.7697472534966932
2007-01-26,1.9504283662743043,2.556916301890325,0.7628049321881811
2007-01-29,2.0055968527412107,2.622031677035065,0.7649018394045852
2007-01-30,1.9908112869084031,2.596560418561774,0.7667109429370055
2007-01-31,1.8878152868615776,2.4270956070142877,0.7778083736816159
2007-02-01,1.9097618062986847,2.437104825629786,0.7836190656284849
2007-02-02,1.870699081005691,2.3382346656573,0.8000476207463205
2007-02-05,1.8861677402532722,2.3115698712039348,0.8159683009152994
2007-02-06,1.9083408731762055,2.3565874435537864,0.809789969133666
2007-02-07,1.9451613332574667,2.4112754046117497,0.8066939718031362
2007-02-08,1.982679341363753,2.452803944672027,0.8083317648238958
2007-02-09,1.9763841476838493,2.439214118116309,0.8102544721289652
2007-02-12,2.02764684270436,2.5289043278652494,0.8017886720198619
2007-02-13,2.0499239268213265,2.5667942620732322,0.7986319578124571
2007-02-14,2.0962890715501885,2.633663819681439,0.7959592472982182
2007-02-15,2.158305352445422,2.7153533700856944,0.7948524771114073
2007-02-16,2.1769971699046997,2.7235972136582034,0.7993095157344
2007-02-26,2.2178819123227216,2.7550799048427237,0.8050154583263643
2007-02-27,2.028339058172244,2.5005158761653004,0.8111682383248173
2007-02-28,2.092832526854395,2.5891193881932533,0.8083182785614306
2007-03-01,2.024432089631241,2.51684890221145,0.8043518575360075
2007-03-02,2.0546135165977346,2.552649894077497,0.8048943654062094
2007-03-05,2.067259443100609,2.51894700211845,0.8206839768212792
2007-03-06,2.076776650288226,2.5644163476781503,0.809843788497356
2007-03-07,2.1308433639440296,2.6347698500397847,0.8087398464468744
2007-03-08,2.167419867560342,2.673632521159063,0.8106648353531885
2007-03-09,2.1616418594101967,2.657111256275476,0.8135308050443517
2007-03-12,2.1847427105956143,2.6619739233247253,0.820722807031459
2007-03-13,2.207814311847992,2.68639104430837,0.8218514264800227
2007-03-14,2.184617806530677,2.6428295248037736,0.8266207812601465
2007-03-15,2.226784298042358,2.6918621806807934,0.8272281969053803
2007-03-16,2.185350336903823,2.649818781962446,0.8247169020688127
2007-03-19,2.2079297474060846,2.7059719534307294,0.815947018448137
2007-03-20,2.234430069046292,2.719563815000906,0.821613398708038
2007-03-21,2.267076422238099,2.7499119856246583,0.8244178119479412
2007-03-22,2.271977815218259,2.758789736201076,0.8235414919104457
2007-03-23,2.286829312624416,2.7638202919431745,0.8274160658313289
2007-03-26,2.338806658375655,2.8124245772766217,0.8315980016930483
2007-03-27,2.3711803792725132,2.832763529284876,0.8370555306715318
2007-03-28,2.3490607214417287,2.8466280827925283,0.8252081596614165
2007-03-29,2.2916241378259263,2.832032959094174,0.8091798968889481
2007-03-30,2.3039579307425124,2.830485330598274,0.8139798167600923
2007-04-02,2.3410675427569885,2.900004477031809,0.8072634236596422
2007-04-03,2.381082527572136,2.938677891806421,0.8102563857750574
2007-04-04,2.4093838070914173,2.9627989181863135,0.8132120584701472
2007-04-05,2.4494704863454815,2.9966045783755293,0.8174153186648833
2007-04-06,2.495768179997466,3.0240396258015414,0.8253093506788775
2007-04-09,2.554470793225951,3.0913619741268263,0.8263253590506743
2007-04-10,2.5727104408298063,3.1355177178533857,0.8205057895801385
2007-04-11,2.603525531560859,3.175964647728822,0.8197589772992837
2007-04-12,2.6732651732653343,3.2320476111982774,0.8271119410503438
2007-04-13,2.657867345826437,3.2247174891177606,0.82421711507931
2007-04-16,2.723558669365426,3.313001503875685,0.8220819296880171
2007-04-17,2.766461407698774,3.341090808450194,0.8280114388695802
2007-04-18,2.8065819130865104,3.3623536570227333,0.8347075291216265
2007-04-19,2.6608739081588504,3.205456077265429,0.8301077425552619
2007-04-20,2.7744735139502685,3.3468682144986643,0.8289760265824699
2007-04-23,2.879733028958386,3.491390871332141,0.824809691920751
2007-04-24,2.89336156357554,3.5055118366615994,0.8253749233752331
2007-04-25,2.8781390451991697,3.5086508464642643,0.8202979353444434
2007-04-26,2.9046925043137874,3.55474392395558,0.8171312945326198
2007-04-27,2.865252672048159,3.5312822422603314,0.8113915783220276
2007-04-30,2.9646124196565,3.6210121347912176,0.8187247955266616
2007-05-08,3.0817574070292504,3.7505621727442375,0.821678795094968
2007-05-09,3.0504469327830535,3.7660761054707295,0.8099801616732788
2007-05-10,3.0744795698250766,3.7897158509311213,0.811269153350821
2007-05-11,3.0694740373743326,3.7674344776219635,0.8147385324433859
2007-05-14,3.0728337698277715,3.7997993475743645,0.8086831668596769
2007-05-15,3.0291907997987337,3.66774318931536,0.8259004634302595
2007-05-16,3.069963669832534,3.7650687733136343,0.8153805028986658
2007-05-17,3.111475519568095,3.8447579045049114,0.809277358119837
2007-05-18,3.1189654304482133,3.842747310219639,0.8116498896904942
2007-05-21,3.174715946173402,3.898520951491361,0.8143385621562272
2007-05-22,3.2211217804265035,3.938250538770078,0.8179067707135933
2007-05-23,3.2727732646817485,4.007905013665122,0.8165795480489405
2007-05-24,3.2595309700931985,3.988371927382544,0.8172585279007158
2007-05-25,3.287154165742385,4.0550227209364325,0.8106376688768041
2007-05-28,3.3469035597514267,4.143877557250044,0.8076743372631153
2007-05-29,3.382438631711817,4.241264191682082,0.7975071768331283
2007-05-30,3.2026480992873747,3.954500129223418,0.80987431903721
2007-05-31,3.1441008739464293,3.9967195566924505,0.7866703753786469
2007-06-01,3.0340944806590127,3.8705506952626902,0.7838921950751228
2007-06-04,2.8734375051968293,3.572906428000171,0.8042297113292024
2007-06-05,2.884684185909258,3.6982653536753376,0.7800100614853008
2007-06-06,2.930545963570986,3.7419642366559014,0.7831571277094675
2007-06-07,3.000656494061853,3.868871808334198,0.775589536876858
2007-06-08,3.0348475599140294,3.9050574179329547,0.7771582425337169
2007-06-11,3.0771174786926867,4.000698009959361,0.7691451519291115
2007-06-12,3.126517419663745,4.106770086101462,0.7613081214954824
2007-06-13,3.180500802592202,4.190367462560822,0.7590028394904849
2007-06-14,3.1646511173706804,4.147177333194953,0.7630855550931211
2007-06-15,3.1740203893685357,4.171149803519355,0.7609461512723653
2007-06-18,3.2294138147655738,4.301582020240255,0.7507502587583352
2007-06-19,3.244920819620724,4.327458246590842,0.7498445125789631
2007-06-20,3.192943400354553,4.230387039399915,0.7547638952693737
2007-06-21,3.1983402907128364,4.2707627437692945,0.7488920557291463
2007-06-22,3.0799895161617856,4.122355244334011,0.7471431581242521
2007-06-25,2.971144883689697,3.9454758576059685,0.7530510870981543
2007-06-26,2.9910425086316073,3.996985126079321,0.7483246532782442
2007-06-27,3.0364930572844653,4.111221680230038,0.7385865549129333
2007-06-28,2.922938988173437,3.9260740297559815,0.7444941093877202
2007-06-29,2.839324441136335,3.8299765769835794,0.7413425079932305
2007-07-02,2.8549672742907206,3.823441128049215,0.74670098967821
2007-07-03,2.893751335456982,3.899318677159201,0.7421171684190705
2007-07-04,2.8547018406335622,3.8091217488100253,0.7494383295901148
2007-07-05,2.748025547769874,3.599365685993199,0.7634749529517704
2007-07-06,2.834854068354178,3.7752397755786054,0.7509070249504084
2007-07-09,2.8856882889780273,3.888202410678128,0.7421651406452228
2007-07-10,2.8370289350856845,3.8417216629324153,0.7384785218719252
2007-07-11,2.852419710569554,3.8562241934728947,0.7396923953222441
2007-07-12,2.8641389561718116,3.883744711506175,0.7374683891261883
2007-07-13,2.8625834954864633,3.8870037871619076,0.7364498858841031
2007-07-16,2.8106324929764477,3.7627071390342226,0.7469708348595674
2007-07-17,2.8398432576388077,3.8559972893607406,0.736474391585894
2007-07-18,2.8376254756338057,3.8742340714330776,0.7324352177265762
2007-07-19,2.8475989784733775,3.87364696976172,0.7351209340195867
2007-07-20,2.909075725879632,4.041420684293962,0.719815122732725
2007-07-23,2.9959946509233126,4.22949570306697,0.7083574168785186
2007-07-24,3.0008027578959475,4.2342057440318115,0.7087049943488534
2007-07-25,3.0418506935095273,4.329964366896826,0.7025117150535682
2007-07-26,3.0789763942830315,4.378521846897723,0.7031999615268685
2007-07-27,3.1218017576919177,4.382549140511643,0.7123255570221538
2007-07-30,3.1663223587476717,4.487509081252022,0.7055857272748433
2007-07-31,3.2029416097685925,4.538656117151713,0.7057026412872708
2007-08-01,3.0462687826448462,4.365591365026648,0.6977906377241176
2007-08-02,3.119020588943431,4.513857430957047,0.6909878383735578
2007-08-03,3.1675920318960817,4.678883875969939,0.676997360025191
2007-08-06,3.211182912894691,4.78633772692955,0.6709060446837032
2007-08-07,3.2114491669883907,4.807260728087472,0.6680413958462449
2007-08-08,3.163348054802777,4.749812269916179,0.6659943330473146
2007-08-09,3.182362899313145,4.860923041858213,0.6546828394338465
2007-08-10,3.1469481306261424,4.8094341235294475,0.6543281495904398
2007-08-13,3.1404733677505323,4.803846991332874,0.6537413396839223
2007-08-14,3.185576272981641,4.8795251090258995,0.6528455539841618
2007-08-15,3.1772521061662293,4.882762817029815,0.6507078523422836
2007-08-16,3.1766023796610825,4.804610121754915,0.6611571593036581
2007-08-17,3.151457068351832,4.707581649867622,0.6694428907973272
2007-08-20,3.231651493557521,4.970957291151554,0.6501064692931385
2007-08-21,3.250274479081689,5.059769392161532,0.6423760110721515
2007-08-22,3.2855349420810884,5.140129060616976,0.6391930831570835
2007-08-23,3.3164490414186476,5.225845904635153,0.6346243463621969
2007-08-24,3.337791257889397,5.308926387421983,0.6287130418303333
2007-08-27,3.3421732768766823,5.334939977248538,0.6264687683703589
2007-08-28,3.33730157233095,5.343713942087559,0.6245284849636262
2007-08-29,3.3051145495516967,5.262366274112377,0.6280662305493326
2007-08-30,3.362590203312756,5.332987380875341,0.630526562911317
2007-08-31,3.388523207780734,5.3895455202209215,0.6287215118728297
2007-09-03,3.4489134250200104,5.514043634780025,0.6254780798733378
2007-09-04,3.4297305116094736,5.454177579431701,0.6288263375478205
2007-09-05,3.448097708809598,5.457146665527059,0.6318499245386464
2007-09-06,3.4789347297612747,5.506786773220024,0.631754028806714
2007-09-07,3.4190008901336415,5.387492190632015,0.6346182544967278
2007-09-10,3.460013328719344,5.47136225902885,0.6323860795379844
2007-09-11,3.3035740249310805,5.213800654053647,0.6336210845273887
2007-09-12,3.3123122057947234,5.293943593469232,0.6256795425400625
2007-09-13,3.353609487465106,5.443633152013545,0.6160608905514949
2007-09-14,3.3920694489807572,5.491769384021474,0.6176642192678595
2007-09-17,3.433189639536201,5.595178643744264,0.6135978595383558
2007-09-18,3.4480217968876423,5.572723276698881,0.6187319243546129
2007-09-19,3.410943109185454,5.514144367995735,0.6185806684682892
2007-09-20,3.4366897171304296,5.591115737377314,0.614669750825533
2007-09-21,3.4295484425178784,5.563829246006793,0.6164007360540934
2007-09-24,3.436706780094212,5.610428024591116,0.6125569680300242
2007-09-25,3.408909285642493,5.550110196032943,0.6142056941642496
2007-09-26,3.377378035520542,5.454877624405521,0.6191482684065919
2007-09-27,3.4120956841204406,5.522680236143078,0.6178332871401904
2007-09-28,3.4642281546866776,5.678517573367359,0.6100585425559212
2007-10-08,3.4626541158516995,5.75210674871845,0.6019801556400474
2007-10-09,3.498132626890533,5.775296755983451,0.6057061264023048
2007-10-10,3.489104834870633,5.785300887062803,0.6030982489904775
2007-10-11,3.461897816794782,5.860921006843754,0.5906747101270174
2007-10-12,3.4138219496758406,5.837663844101612,0.584792485631932
2007-10-15,3.425876393334866,5.923364408004119,0.5783666439136432
2007-10-16,3.4380211437707615,5.9800955235786954,0.5749107401738177
2007-10-17,3.4474509720855346,5.926081152306588,0.5817421131237286
2007-10-18,3.386562204961307,5.71406317091883,0.5926714675114001
2007-10-19,3.3769152986576936,5.7123466362228505,0.5911607809729481
2007-10-22,3.3289738851633484,5.568488411610164,0.5978236173074398
2007-10-23,3.312859684863171,5.637081626464957,0.5876905647968562
2007-10-24,3.282622256746748,5.685844642926188,0.5773323864609435
2007-10-25,3.1233501346417696,5.427171920056493,0.5755023390910488
2007-10-26,3.0855778387528865,5.489255123657654,0.5621123028978245
2007-10-29,3.1034563289962507,5.604793069554759,0.5537147028414355
2007-10-30,3.1508796517657416,5.694039646151686,0.5533645439043021
2007-10-31,3.221875784542158,5.788133627189421,0.5566346584342118
2007-11-01,3.1121723772764702,5.703364082401806,0.5456731031566671
2007-11-02,3.068674537750583,5.5687458409392,0.5510530782696008
2007-11-05,3.069643653390129,5.454149089229279,0.5628089007416366
2007-11-06,3.0802644251490183,5.410644550129529,0.5692971320903492
2007-11-07,3.078645093803299,5.444303689277712,0.5654800447422761
2007-11-08,2.9974646453154126,5.182845031613949,0.5783434825914514
2007-11-09,2.97198434863027,5.1287706274153075,0.5794730481304502
2007-11-12,2.94216562189082,5.065407399719575,0.5808349437112799
2007-11-13,2.947760132461226,5.025716477715574,0.586535302087141
2007-11-14,3.0109604641362595,5.235978241625407,0.5750521345179551
2007-11-15,2.979516916905802,5.170069210841743,0.5763011664636312
2007-11-16,2.9781906542695507,5.095332287335902,0.5844939027179128
2007-11-19,3.011264862639033,5.081854386575417,0.592552370369722
2007-11-20,3.050377519605899,5.158132833533782,0.5913724244895255
2007-11-21,3.0212083690101785,5.085114479738379,0.5941278964413039
2007-11-22,2.948556886647707,4.856172300604196,0.607177156024891
2007-11-23,2.984420827640433,4.941178924576259,0.6039896294377497
2007-11-26,2.9714397641793817,4.884118136659361,0.6083881841178778
2007-11-27,2.9511511617583146,4.793631218749809,0.6156400079787494
2007-11-28,2.9362475407612245,4.730137750128715,0.6207530722929421
2007-11-29,2.981814260324129,4.92684123020694,0.6052182566879438
2007-11-30,2.955240730517782,4.820346888564644,0.6130763612736105
2007-12-03,2.9758912291955233,4.856230298516271,0.6127986207953833
2007-12-04,2.9918825123563098,4.9137601572659175,0.608878418278566
2007-12-05,3.025318885663781,5.052886973261945,0.5987307655351638
2007-12-06,3.039649752779502,5.058084400189664,0.6009488004323383
2007-12-07,3.076681131227921,5.129610070879554,0.5997885002398193
2007-12-10,3.1319535988307305,5.22343644751596,0.5995963826304715
2007-12-11,3.156368382493448,5.229987159058765,0.6035136007984954
2007-12-12,3.1663073024465858,5.1662810314267285,0.6128794161962523
2007-12-13,3.0986831430698913,4.969808525489573,0.6235015146312185
2007-12-14,3.1458400901152954,5.064796895381942,0.6211187052700292
2007-12-17,3.1324775371265403,4.94232667273101,0.6338062504872041
2007-12-18,3.1077153755252547,4.914467324790342,0.6323605734132811
2007-12-19,3.1443362500241423,5.032880746117701,0.6247587432803057
2007-12-20,3.16912917717468,5.125382328341443,0.6183205416014692
2007-12-21,3.1955224187380287,5.191171293272038,0.6155686719256502
2007-12-24,3.2350432256006356,5.298296489396558,0.6105817656816496
2007-12-25,3.256364246390137,5.308144941869812,0.6134655858216019
2007-12-26,3.292425467883615,5.357202017920337,0.6145793003269517
2007-12-27,3.3139194868466255,5.461500578961614,0.6067781993125222
2007-12-28,3.3054502861722814,5.431733404965842,0.6085442785447361
2008-01-02,3.357603997412324,5.4793812335036645,0.6127706495182816
2008-01-03,3.3961606295315496,5.516958792992224,0.6155856436421885
2008-01-04,3.412804575849227,5.579653518438248,0.611651702847039
2008-01-07,3.4344974575703495,5.6538735482715605,0.6074591920472481
2008-01-08,3.3927234746080015,5.624834909452032,0.6031685425836825
2008-01-09,3.436560457847422,5.712039349039575,0.6016345910546373
2008-01-10,3.447854434439242,5.771457701206968,0.5973975056107926
2008-01-11,3.4305684588179033,5.79892327384986,0.5915871441665713
2008-01-14,3.4544069675247706,5.832104184600231,0.5923088576925958
2008-01-15,3.4666949162957654,5.796179056852199,0.5981000383688052
2008-01-16,3.4227893951699264,5.6021068504691724,0.6109825261335867
2008-01-17,3.373530732444186,5.4595612101823985,0.617912429693499
2008-01-18,3.393718131154588,5.509260333294668,0.6160024986739127
2008-01-21,3.3005182473601953,5.235821545512081,0.6303725630582762
2008-01-22,3.127317209345767,4.837095057560385,0.6465279619547205
2008-01-23,3.212414640314697,5.062211409512065,0.6345872150417232
2008-01-24,3.263147305882647,5.115225571177683,0.6379283299390001
2008-01-25,3.271381037470192,5.166320714208674,0.6332129223942826
2008-01-28,3.1383507737187917,4.8147251611222694,0.6518234517434573
2008-01-29,3.162374469448381,4.845453879449813,0.6526477288041918
2008-01-30,3.1704231634557125,4.793122465135115,0.661452568032046
2008-01-31,3.10178592389136,4.70129142017554,0.6597731658539779
2008-02-01,3.0126225104028035,4.651987089868273,0.6475990694308031
2008-02-04,3.1688936207302327,5.036786956371325,0.6291498227300869
2008-02-05,3.162625404134878,5.007996589315767,0.6315150874667391
2008-02-13,3.141346702518133,4.900400287344041,0.6410387964899711
2008-02-14,3.176816103998447,4.965691691239467,0.6397529894179745
2008-02-15,3.1564836667081546,4.897578739796946,0.6444988093931131
2008-02-18,3.2052223254458894,4.996969863470881,0.641433191117857
2008-02-19,3.2568398000720573,5.108652474475831,0.6375144553958375
2008-02-20,3.2263696730330658,4.99465503452402,0.6459644661606809
2008-02-21,3.244017594549358,4.961395775716986,0.653851807273036
2008-02-22,3.1894136036424356,4.784564211828725,0.666604828033732
2008-02-25,3.113566518829346,4.598911877768892,0.6770224352156659
2008-02-26,3.1098666087213473,4.594587472043989,0.676854369982832
2008-02-27,3.155681453227972,4.720997482687115,0.668435317917562
2008-02-28,3.156179342932152,4.702975394640179,0.6711026697118472
2008-02-29,3.179573463566078,4.756388419139718,0.6684848215447391
2008-03-03,3.2460869407022566,4.874616654151327,0.6659163521992688
2008-03-04,3.231605644545037,4.752926859545338,0.679919077242895
2008-03-05,3.2493033364672255,4.709760132845744,0.6899084549564783
2008-03-06,3.2671996309500946,4.767051894903713,0.6853711062896005
2008-03-07,3.232655330943004,4.702597899458076,0.6874190394453102
2008-03-10,3.1545234477253032,4.50917384518017,0.6995790262327445
2008-03-11,3.1784084276757136,4.518936827046156,0.7033531446274519
2008-03-12,3.1315781304842063,4.385097996121263,0.7141409686292465
2008-03-13,3.0561006136696065,4.2724721559146674,0.7153002997196466
2008-03-14,3.0421232597429184,4.230663801366309,0.7190652348126677
2008-03-17,2.9037157089210015,4.034700049043849,0.7196856454320885
2008-03-18,2.775095582749287,3.829844301043759,0.724597493948509
2008-03-19,2.8359052987921722,3.95694418158841,0.7166907514105426
2008-03-20,2.8934092175043684,4.071892990799699,0.7105808585937612
2008-03-21,2.9168327848558424,4.10852121604324,0.7099471151483874
2008-03-24,2.854450198687019,3.924617976910726,0.7273192487728214
2008-03-25,2.8756608370783012,3.974153281359064,0.7235908213623041
2008-03-26,2.8753128558742933,3.982899773502891,0.721914439073496
2008-03-27,2.788455203256513,3.814553202400503,0.7310044074104759
2008-03-28,2.84112823887322,3.986752055873357,0.7126423211314628
2008-03-31,2.77687233824542,3.856891678215374,0.7199767506901592
2008-04-01,2.640663728272545,3.6455808643520413,0.7243464969036948
2008-04-02,2.5677426903988727,3.6100922472054164,0.7112678886215636
2008-04-03,2.596383884712847,3.71461160731547,0.6989651030001599
2008-04-07,2.690858923739332,3.913151687942743,0.6876449313300181
2008-04-08,2.726017436861848,3.959180662478607,0.688530700984797
2008-04-09,2.642360679476798,3.7526938503898073,0.7041237001527118
2008-04-10,2.6842333223839216,3.820449656794812,0.7025961767641442
2008-04-11,2.7083730788474654,3.849970594041071,0.7034789000828854
2008-04-14,2.606668375162698,3.5982382879830364,0.7244290584834627
2008-04-15,2.637330101836691,3.64603263756189,0.7233424283333567
2008-04-16,2.600470035931881,3.555186539600364,0.7314581125254255
2008-04-17,2.548197755773735,3.4459205082652113,0.7394824545899293
2008-04-18,2.490050284947872,3.3297913906678307,0.7478096952038974
2008-04-21,2.4883952289931837,3.324759817418503,0.7484436066498448
2008-04-22,2.4668571771114323,3.353985677568239,0.7355002120641114
2008-04-23,2.5322458487898607,3.514192190835516,0.7205769381064521
2008-04-24,2.658118992392333,3.840585107357188,0.6921130291580644
2008-04-25,2.6728041251602543,3.86965121887191,0.6907093104735771
2008-04-28,2.6501411737396587,3.794441154504403,0.6984272692155631
2008-04-29,2.6694462844568023,3.8430668074896674,0.6946135516703426
2008-04-30,2.730882404440587,4.028432204510813,0.677902038759073
2008-05-05,2.7788948659295976,4.126784453303541,0.6733801819247086
2008-05-06,2.7638172604140716,4.081107536269045,0.6772223559050731
2008-05-07,2.7226187939584365,3.8882197083010275,0.7002224663760308
2008-05-08,2.742692739071561,3.9937575931476994,0.6867449200665918
2008-05-09,2.7402652183511123,3.946833212249973,0.6942946587775793
2008-05-12,2.7501286595578045,3.973284330185166,0.6921550110735822
2008-05-13,2.742700699698706,3.9191193678431087,0.6998257624411562
2008-05-14,2.767406528850344,4.04538692747412,0.6840894526196217
2008-05-15,2.76434223237002,4.017208082263425,0.6881252292045824
2008-05-16,2.7602869396918797,4.005031573249328,0.6892047888282756
2008-05-19,2.759325189259899,3.982596556348533,0.6928457729069606
2008-05-20,2.7146019181526713,3.7757841419463287,0.7189505056698917
2008-05-21,2.7314750458787187,3.849279706632316,0.7096067976490205
2008-05-22,2.7238045149001207,3.776421101471926,0.7212660986981749
2008-05-23,2.711095721545429,3.7394886415667985,0.7249910298990812
2008-05-26,2.6853783997512513,3.6215290284637476,0.7415040383896602
2008-05-27,2.6949017222842637,3.63880630121877,0.7406004879626712
2008-05-28,2.7133374195800677,3.7405906018962267,0.7253767408292661
2008-05-29,2.6969339682998505,3.6435590774872457,0.740192188721082
2008-05-30,2.704442921295669,3.674554382708889,0.7359920794809268
2008-06-02,2.708958232653129,3.6893041675061102,0.7342734861800041
2008-06-03,2.7034118467400874,3.6773840703138196,0.7351453628582734
2008-06-04,2.693576661851177,3.609012672035035,0.746347244143184
2008-06-05,2.6895672281375806,3.573625805611349,0.7526157953959227
2008-06-06,2.6844841411081424,3.5505935119669028,0.7560663117477037
2008-06-10,2.625961984027661,3.262700016483617,0.804843219039732
2008-06-11,2.607635094468784,3.1952769349426227,0.8160904821589773
2008-06-12,2.6013626506655747,3.138636377511462,0.8288193781555935
2008-06-13,2.5764074149845286,3.031273084695267,0.849942365137826
2008-06-16,2.5667261219670503,3.0039275779054413,0.854456725536892
2008-06-17,2.535280002184495,2.892443380810221,0.8765184546064724
2008-06-18,2.565171332494432,3.043641902575718,0.8427966937646723
2008-06-19,2.5170005111231535,2.821624877644756,0.892039381657325
2008-06-20,2.5275032968247255,2.8995577913581077,0.8716857806241145
2008-06-23,2.5161715360732777,2.8387851370683985,0.886355047875063
2008-06-24,2.5308554068867135,2.9018441301025444,0.8721541521243868
2008-06-25,2.5573601365707503,3.0215253654377214,0.8463804957004792
2008-06-26,2.563768447318641,3.033094422635873,0.8452649637892347
2008-06-27,2.5261512180543826,2.8653217256108605,0.8816291711590712
2008-06-30,2.5257632077516856,2.8406960156451913,0.8891353364953495
2008-07-01,2.5105578313674988,2.7455875798997553,0.9143972859387579
2008-07-02,2.5164445305217065,2.7468594639364916,0.9161169559491842
2008-07-03,2.5360177658773484,2.808942667537653,0.9028371405317598
2008-07-04,2.5349534226594344,2.7898542319143176,0.9086329291548765
2008-07-07,2.5659481504732926,2.933232193114732,0.8747852135594391
2008-07-08,2.5754183358408738,2.9526441960370127,0.8722413419461631
2008-07-09,2.5946591373761954,3.0679125025183307,0.8457409183757164
2008-07-10,2.585520204780799,3.02578973823609,0.8544943398109512
2008-07-11,2.5802833578741513,3.0052055669855537,0.8586046113518846
2008-07-14,2.5864259803872582,3.0279733087503584,0.8541772719438777
2008-07-15,2.5698378020206225,2.902926757794614,0.8852575405563994
2008-07-16,2.5407153390851582,2.79366377898115,0.9094563770346616
2008-07-17,2.532513874379818,2.765653839970533,0.9157016824660895
2008-07-18,2.5548939248794533,2.864752939069632,0.8918374391158458
2008-07-21,2.5778462284466364,2.962015437619684,0.8703014156193016
2008-07-22,2.58082396696115,2.9555970020166993,0.8731988715647534
2008-07-23,2.577843029592107,2.933798944641502,0.8786706513411433
2008-07-24,2.5944211533648893,3.0294873595076894,0.8563894961378875
2008-07-25,2.5866620201713046,2.9906592836342103,0.8649136444015203
2008-07-28,2.594134151447976,3.0126872976432497,0.8610698340572227
2008-07-29,2.5850702568174135,2.9564995309291673,0.8743685665341469
2008-07-30,2.5834131383918133,2.9348815723335715,0.880244423742693
2008-07-31,2.56506885154485,2.8543214549539377,0.8986615179915831
2008-08-01,2.5759576270875084,2.8905223271611344,0.8911737518448546
2008-08-04,2.5502807327843207,2.8217001731797304,0.9038099642990944
2008-08-05,2.529293355376618,2.7504024241092235,0.9196084664576979
2008-08-06,2.529792305703366,2.769342303677068,0.9134993179948782
2008-08-07,2.529607062926991,2.768069402133102,0.9138524709595975
2008-08-08,2.4821641266794456,2.6368313196865265,0.9413435391743344
2008-08-11,2.430548780403929,2.4998229537420866,0.9722883681684503
2008-08-12,2.4225883211482824,2.486945382246941,0.9741220448353745
2008-08-13,2.426258361136187,2.487471433484535,0.9753914471039377
2008-08-14,2.4303390747973883,2.486291125098444,0.9774957768475965
2008-08-15,2.4310842089022984,2.4904659572606263,0.9761563701823717
2008-08-18,2.391909549039046,2.3539032594826588,1.016146071170631
2008-08-19,2.395515535127988,2.3895872380173264,1.0024808875007136
2008-08-20,2.45218695118313,2.5772847616082313,0.9514613936773365
2008-08-21,2.427053521303036,2.486766300974568,0.9759877799340733
2008-08-22,2.4108654595708554,2.4470316261597036,0.9852203926576927
2008-08-25,2.40716724973916,2.4425749444949805,0.9855039474487276
2008-08-26,2.37801789104282,2.3723506655514788,1.0023888650078734
2008-08-27,2.375358085338361,2.3660014204400923,1.003954631986877
2008-08-28,2.369692254183593,2.3767595243764204,0.9970265102041901
2008-08-29,2.391281063241811,2.4335109900955847,0.9826465025119469
2008-09-01,2.3726382672674844,2.3495981863951143,1.0098059664013104
2008-09-02,2.367813875061296,2.325422214624835,1.0182296617663043
2008-09-03,2.360475657739282,2.2852846069471324,1.032902269837014
2008-09-04,2.362101694694641,2.290557329409826,1.031234479210022
2008-09-05,2.3373885845221816,2.2216578448789877,1.0520920626504022
2008-09-08,2.3121326689487307,2.16374743842555,1.0685778884762787
2008-09-09,2.318748032932158,2.1765955022110433,1.0653095766194098
2008-09-10,2.3220384323577816,2.1806970738527096,1.0648147604726041
2008-09-11,2.310131311598486,2.108403185204631,1.0956781548279988
2008-09-12,2.312641220234996,2.1142233265567354,1.0938490703351609
2008-09-16,2.3001331354398156,2.035676855984062,1.1299107364110172
2008-09-17,2.2822360737952034,1.9629088089670876,1.1626806417951483
2008-09-18,2.263008674380331,1.9291835318489938,1.173039597850697
2008-09-19,2.3223655519520454,2.1094074648400376,1.1009563541713157
2008-09-22,2.350253123408605,2.2462632047000697,1.0462946276691651
2008-09-23,2.3151319400309105,2.160654216448208,1.071495810114698
2008-09-24,2.320128491068159,2.1762983901000617,1.0660893293044638
2008-09-25,2.3410693934423104,2.2624598847774817,1.0347451502648677
2008-09-26,2.3575601314885333,2.2829372177689327,1.0326872386760282
2008-10-06,2.3331263929705983,2.1659635691711587,1.077177117001745
2008-10-07,2.3232815678768226,2.13925603941416,1.0860231431264573
2008-10-08,2.3046136476225345,2.058296041693376,1.119670640636568
2008-10-09,2.295295822392106,2.030229122277914,1.1305599930596935
2008-10-10,2.2624365781166134,1.9403455861553898,1.1659967143272743
2008-10-13,2.272857035573191,2.02024635885038,1.1250395406561007
2008-10-14,2.2532958330925603,1.9684888186130562,1.144683074542517
2008-10-15,2.2430725971398027,1.9478710696239496,1.1515508557621545
2008-10-16,2.20603124257017,1.8527819665158722,1.1906588483903358
2008-10-17,2.2121478808947073,1.865357338363889,1.185911050605987
2008-10-20,2.2291316678089816,1.9299395397204298,1.155026684479397
2008-10-21,2.227335296327849,1.9143442064155867,1.163497812390963
2008-10-22,2.219564718036618,1.865419406304882,1.1898475541397122
2008-10-23,2.226091378621458,1.8669019143381014,1.1923986801474276
2008-10-24,2.218950350165853,1.8127888448647427,1.224053400621745
2008-10-27,2.1824854435030634,1.6836397047601024,1.2962900775816761
2008-10-28,2.1942779388742784,1.7356841820361133,1.2642149773469695
2008-10-29,2.1788479034347397,1.6872538904388916,1.2913574630241176
2008-10-30,2.1826196836713248,1.7273772530153826,1.2635454587938169
2008-10-31,2.172495994656771,1.692786077245079,1.2833848434011195
2008-11-03,2.1556363764672533,1.6824909390981222,1.2812172276082239
2008-11-04,2.1426103847937323,1.6562565502027893,1.293646436919084
2008-11-05,2.164050624803816,1.7210320779329138,1.2574144622586
2008-11-06,2.1548012931474023,1.678659006872244,1.2836444354248746
2008-11-07,2.1630164270273484,1.707201102163831,1.2669956833355978
2008-11-10,2.2096471272855185,1.833207162436889,1.2053450218622463
2008-11-11,2.2092566068615347,1.8125476956513777,1.2188681225668885
2008-11-12,2.2260839031171527,1.8333679285791327,1.214204671313508
2008-11-13,2.255335277124706,1.9068919834675426,1.18272838560239
2008-11-14,2.2948930073926515,1.9776819964305847,1.1603953575623303
2008-11-17,2.3289075881109307,2.0220158039222866,1.1517751659474365
2008-11-18,2.2761033425251096,1.8720291332669918,1.2158482483405284
2008-11-19,2.3243980036982212,1.9873574726748433,1.1695923031752034
2008-11-20,2.318759497904512,1.9662594602734653,1.1792744267747965
2008-11-21,2.311923960390059,1.9543617482402211,1.1829560021177248
2008-11-24,2.2797681263669825,1.8698140200286124,1.2192486000998628
2008-11-25,2.278487964273713,1.8664074058246185,1.2207881072284048
2008-11-26,2.28161530738047,1.8757694898422252,1.216362308767684
2008-11-27,2.2972603242559466,1.9032197998766782,1.207038895037137
2008-11-28,2.2827866381249975,1.861960899232189,1.2260121246726197
2008-12-01,2.310676347339015,1.8968420645628687,1.2181701315610138
2008-12-02,2.3181837174785738,1.901345551560144,1.2192332506715542
2008-12-03,2.3498966731161337,1.9868538065962957,1.182722485828875
2008-12-04,2.35959532775268,2.017643575357603,1.1694807529791136
2008-12-05,2.376500699343,2.048420116524928,1.1601627420915241
2008-12-08,2.412569232481332,2.1317142758299297,1.1317507509499876
2008-12-09,2.400054658339741,2.0765765765765765,1.1557746944716323
2008-12-10,2.4207499638864753,2.1330950331402105,1.134853312335924
2008-12-11,2.396647102977024,2.0821626912659217,1.1510373867663053
2008-12-12,2.356116178654125,1.994700822349343,1.181187751193239
2008-12-15,2.3653407955401025,2.0096113732888075,1.1770140371315325
2008-12-16,2.3836568835795036,2.0293672936546217,1.1745813047409734
2008-12-17,2.394052589464041,2.036459319043462,1.1755955874377804
2008-12-18,2.4121653837477686,2.0809060698376265,1.1591899407242299
2008-12-19,2.418806589637949,2.088040830530101,1.1584096222025864
2008-12-22,2.4107354207833502,2.052870693146275,1.1743240472143932
2008-12-23,2.3575791109043047,1.952550585371909,1.2074356119461298
2008-12-24,2.3415372772870415,1.920112454898992,1.219479240037646
2008-12-25,2.3385549203109917,1.9035169119876598,1.228544335794245
2008-12-26,2.329751636631907,1.8946961418160877,1.2296175546115873
2008-12-29,2.3306028184977947,1.8872286562596028,1.2349339921093283
2008-12-30,2.3260131772038783,1.8655333671145733,1.24683547247484
2008-12-31,2.315408748721451,1.8495452760191862,1.2518800046381955
2009-01-05,2.350684871192689,1.9159243951428275,1.2269194322866017
2009-01-06,2.381170598269201,1.9768079577205397,1.2045533249547073
2009-01-07,2.382246197966125,1.9649875762367293,1.2123466971371464
2009-01-08,2.3649667101182135,1.9210444915211122,1.2310837778908477
2009-01-09,2.3843029559365285,1.9519502561065696,1.2214978063489923
2009-01-12,2.3916456509661015,1.9543129078932104,1.2237782605367657
2009-01-13,2.3728525221440635,1.9090318011709473,1.2429612333794657
2009-01-14,2.409000858302247,1.9894749052192016,1.210872704140403
2009-01-15,2.4185620616039913,1.9890984275443278,1.2159086891390611
2009-01-16,2.4269900133315736,2.02505713303093,1.1984797731109271
2009-01-19,2.4297308797729436,2.0476976863920617,1.1865671851463604
2009-01-20,2.4373010590504554,2.060645465886035,1.1827852483117303
2009-01-21,2.4419343176963957,2.057104540727762,1.1870735149087215
2009-01-22,2.4614809231936716,2.080345423354233,1.1832077959557876
2009-01-23,2.454964933755222,2.0682686300486166,1.1869661890571321
2009-02-02,2.4738469428954146,2.0930764738083467,1.181919043021996
2009-02-03,2.509981177682122,2.145831171130471,1.1697011449226964
2009-02-04,2.530188959469041,2.2043419068492485,1.147820558873981
2009-02-05,2.509972562107785,2.188628542705796,1.1468243756908665
2009-02-06,2.5853264461404897,2.27644857416712,1.1356840982390206
2009-02-09,2.654260101519572,2.336880363534983,1.135813430134049
2009-02-10,2.691420375130671,2.367490033516688,1.136824373926852
2009-02-11,2.7002913469828687,2.3719497677030996,1.1384268687939887
2009-02-12,2.758421594915212,2.3589307627030687,1.1693525043330952
2009-02-13,2.796613333375533,2.441065981273797,1.1456524956020258
2009-02-16,2.8053585829834033,2.5053520880265854,1.119746241013624
2009-02-17,2.7300026623096265,2.4270528717106536,1.1248220811874796
2009-02-18,2.6916736843035554,2.315686705454042,1.1623652189063254
2009-02-19,2.714709463450047,2.3386508261141192,1.16080153271995
2009-02-20,2.7872871404672233,2.385362548000904,1.1684962283000375
2009-02-23,2.8116591228385945,2.4526818438045006,1.1463611270825338
2009-02-24,2.8142551498280084,2.342147998461529,1.2015701619524424
2009-02-25,2.7672998566914417,2.3445920508265212,1.180290556609158
2009-02-26,2.652577354937484,2.2285290711990506,1.190281692627988
2009-02-27,2.603623065251841,2.1779630319273418,1.195439512555831
2009-03-02,2.619472316908618,2.2025633042122768,1.1892835551645786
2009-03-03,2.6130315337232233,2.1796571814642745,1.1988268411860123
2009-03-04,2.6915238175065195,2.325155627730735,1.1575671690128313
2009-03-05,2.730751344206671,2.3452717456557526,1.164364577053793
2009-03-06,2.707516339758351,2.326607610547073,1.163718509079282
2009-03-09,2.6165977704738936,2.2410871454241685,1.1675573508225414
2009-03-10,2.651098291659346,2.2800118844844395,1.1627563477629932
2009-03-11,2.642905549251495,2.2592527019904476,1.1698140482129518
2009-03-12,2.6578639800868586,2.2544907681569075,1.1789198774407565
2009-03-13,2.6430852973209604,2.244032828853249,1.1778282667422635
2009-03-16,2.65615308714238,2.280858450499291,1.1645409589362878
2009-03-17,2.715604106985681,2.3630618420543876,1.1491887595395311
2009-03-18,2.7422191132747353,2.3734902736483945,1.1553530021673744
2009-03-19,2.7764818387063745,2.4242760944816513,1.1452828516629954
2009-03-20,2.7780174571087017,2.4215023697743376,1.1472288822775705
2009-03-23,2.8273678112384855,2.48210204783505,1.1391021629044562
2009-03-24,2.839541476596945,2.494706927392719,1.1382264767928558
2009-03-25,2.7849008040306527,2.4433675826266747,1.1397797137984544
2009-03-26,2.8254890551537883,2.523203234858984,1.1198024067655805
2009-03-27,2.8305150233388945,2.5426803582439454,1.1132012776052342
2009-03-30,2.8374862136535155,2.5279834838226525,1.122430677182611
2009-03-31,2.848978309601991,2.5516934372818723,1.1165049327543022
2009-04-01,2.8713872217002336,2.592834307087752,1.1074318223308877
2009-04-02,2.909601266502915,2.6215056257974716,1.1098970140938773
2009-04-03,2.937563056162907,2.6155053856657653,1.1231340115995072
2009-04-07,2.937376135596476,2.622065254773635,1.120252873283301
2009-04-08,2.870446373601028,2.522754514170823,1.1378223118726571
2009-04-09,2.909503540845416,2.561746408708234,1.135750022310967
2009-04-10,2.9550152042154756,2.6409705390956804,1.1189125968922509
2009-04-13,2.9891746032136286,2.7030262700016485,1.105862209475236
2009-04-14,3.0041977777094546,2.7237366121486293,1.1029692681406453
2009-04-15,3.0113399501658114,2.7340317502955855,1.101428302667021
2009-04-16,3.024268219271623,2.734149781134195,1.106109197140282
2009-04-17,2.970368822264487,2.6970972553759993,1.1013206202867871
2009-04-20,3.0004373396584403,2.755070747277659,1.089059996961324
2009-04-21,3.0032197840891395,2.7222815768106035,1.1031995402943144
2009-04-22,2.906667421607775,2.6213845424371742,1.1088290842309483
2009-04-23,2.9054013289994898,2.6389701198827016,1.1009602977727655
2009-04-24,2.880731199923085,2.6179321404078575,1.1003842137307216
2009-04-27,2.818484454108693,2.557292779565199,1.1021360075117808
2009-04-28,2.8405476674438126,2.562623499939967,1.1084529848065299
2009-04-29,2.8754106878975763,2.6509828102328665,1.0846583677564456
2009-04-30,2.8910049027013365,2.6688461671520174,1.0832414915043191
2009-05-04,2.947577704672009,2.7618208902374253,1.0672588201107476
2009-05-05,2.986237419393679,2.774756459644646,1.076216043759068
2009-05-06,3.015087325343811,2.813386121608394,1.0716933954377033
2009-05-07,2.9947347245286475,2.8155198342684224,1.0636525049757968
2009-05-08,3.015097731248788,2.8380504968487803,1.0623833982505215
2009-05-11,2.9565296710257845,2.773028732369143,1.0661734718124853
2009-05-12,3.0017570069981105,2.8373819945990717,1.0579319290500626
2009-05-13,3.0130550318156817,2.8632704310364128,1.0523124183994914
2009-05-14,3.017085600308556,2.841487636269656,1.061797898325339
2009-05-15,3.023397776197373,2.8450682442098754,1.0626802300262652
2009-05-18,3.0323834945403636,2.85977834622515,1.0603561281394585
2009-05-19,3.058579858176509,2.8898060020716447,1.0584031786160986
2009-05-20,3.057594494323706,2.862110472794909,1.0683006555431465
2009-05-21,3.025144026276481,2.7981550558916726,1.0811209407094402
2009-05-22,3.0281361297662346,2.788658660919786,1.0858755043069566
2009-05-25,3.0387449062502503,2.8009084304543985,1.0849140490313234
2009-05-26,3.03493941948195,2.7673795322315766,1.0966834812985036
2009-05-27,3.0379184826776995,2.808026911031203,1.0818694332106926
2009-06-01,3.064039950064032,2.9083836490658266,1.0535198652516844
2009-06-02,3.0767619502142876,2.9152589454148075,1.0553991970605205
2009-06-03,3.095669094759691,2.9908475224716473,1.0350474477553502
2009-06-04,3.0830579078307148,3.005462996314589,1.0258179560391445
2009-06-05,3.0936693547710363,2.9907651043860666,1.0344073328373589
2009-06-08,3.0896620051488575,3.0000976806940214,1.029853802771554
2009-06-09,3.1088022854067923,3.0123871330105803,1.0320062289935008
2009-06-10,3.1236331923302676,3.041934525444803,1.0268574705346487
2009-06-11,3.1138190348223462,3.0134789182677144,1.0332971025436315
2009-06-12,3.0754121046367877,2.9571670156716463,1.0399859353017586
2009-06-15,3.1012617387067247,3.018121803755416,1.0275469117408909
2009-06-16,3.0923688060530066,3.013062757810894,1.0263207422535505
2009-06-17,3.1246219547774747,3.063295054711364,1.0200199128620633
2009-06-18,3.12799901696395,3.1109550933359382,1.0054786787711987
2009-06-19,3.1241823238173825,3.133923284024933,0.996891768137017
2009-06-22,3.11123354656778,3.1365301375466275,0.9919348484250069
2009-06-23,3.1072636721091786,3.137885457176173,0.990241267412434
2009-06-24,3.124163609308701,3.1753653359707124,0.9838753273262779
2009-06-25,3.125370451811783,3.172507158163359,0.9851421276606781
2009-06-26,3.138479987966928,3.183190984071942,0.9859540328152666
2009-06-29,3.154848360498578,3.2356444992541675,0.9750293523363851
2009-06-30,3.137910958441131,3.2219101866718765,0.973928749293439
2009-07-01,3.1657783898451917,3.2945897105598934,0.960902166269192
2009-07-02,3.1867742467179703,3.339824011949605,0.9541743023931692
2009-07-03,3.2109420988201887,3.385383915652721,0.9484720725392533
2009-07-06,3.2118431441117044,3.4338355749017597,0.9353514674923227
2009-07-07,3.2085022450496274,3.3989757772228972,0.9439614917382864
2009-07-08,3.245221705262093,3.4109579423561804,0.9514106477139375
2009-07-09,3.2734652753738525,3.455763873202319,0.9472479589123265
2009-07-10,3.287256501062591,3.457804992704473,0.9506772383053071
2009-07-13,3.3133711967709503,3.4198529905554977,0.9688636341741546
2009-07-14,3.3458011732288364,3.515236153252869,0.9517998300434969
2009-07-15,3.3613897534294286,3.5544630919602684,0.9456814338661874
2009-07-16,3.359481107872319,3.562537011825469,0.9430024436857422
2009-07-17,3.3767411466210073,3.5814311035679913,0.9428468813086863
2009-07-20,3.407732606149346,3.6539936141246283,0.9326049703471422
2009-07-21,3.3639025989554363,3.601804650822044,0.9339492074306942
2009-07-22,3.4069096550041356,3.6700712458562017,0.9282952364619089
2009-07-23,3.4359046503160595,3.715904859004023,0.9246481760668619
2009-07-24,3.420343155135008,3.731764744188508,0.9165484401077324
2009-07-27,3.4616904180352797,3.8091665191281185,0.9087789679584886
2009-07-28,3.4845123400973246,3.8215719672688278,0.9118007903401096
2009-07-29,3.340323752258335,3.6208076158381104,0.922535551915853
2009-07-30,3.356993706704436,3.698453592512775,0.9076749573119972
2009-07-31,3.4200441800592913,3.800004884034701,0.9000104695728754
2009-08-03,3.4718020226151336,3.8533334554342007,0.9009866555200384
2009-08-04,3.499662084919294,3.852908137412316,0.9083170322533907
2009-08-05,3.488194974804115,3.8064294246810624,0.9163955470148741
2009-08-06,3.467658108228239,3.7272510821189386,0.930352700107576
2009-08-07,3.368159851744292,3.617334863664206,0.9311164099229922
2009-08-10,3.3670125329232365,3.6065940573507778,0.9335712529278868
2009-08-11,3.3975978504056803,3.618637272917824,0.938916391491786
2009-08-12,3.267896150435177,3.4568790611257296,0.9453313502298196
2009-08-13,3.279800128644341,3.501059225025794,0.9368022412189205
2009-08-14,3.161976233790893,3.403014263416342,0.9291692567331566
2009-08-17,2.960470169938021,3.1952484447402,0.9265226855242962
2009-08-18,2.9955348928303875,3.2275186865202676,0.9281231756585142
2009-08-19,2.86105831005761,3.067344733484332,0.9327475581160414
2009-08-20,2.9505181198943577,3.1994395570180525,0.922198424852978
2009-08-21,3.023572824214461,3.2597105802436723,0.927558674239245
2009-08-24,3.0872457777097044,3.2861413480342776,0.9394744323936188
2009-08-25,3.0475207346603437,3.1642745071703735,0.9631025145746802
2009-08-26,3.1524472834291783,3.2279256894120234,0.9766170558912112
2009-08-27,3.172026319094026,3.2115590856273033,0.9876904750997114
2009-08-28,3.1126417649133304,3.1001216938646348,1.0040385740577455
2009-08-31,2.922073150596846,2.879821203629652,1.0146717257703153
2009-09-01,2.8821379220443997,2.8934853082131147,0.9960782983288335
2009-09-02,2.8992277353840508,2.941538104628233,0.985616243020068
2009-09-03,3.0235859305567394,3.1053954338345573,0.9736556889385263
2009-09-04,3.069112482287379,3.13101423085611,0.980229489869867
2009-09-07,3.101293730519052,3.1585540815267494,0.9818713406420385
2009-09-08,3.1534337315033234,3.226481846653521,0.9773598245327298
2009-09-09,3.178157288302787,3.250843004739549,0.9776409637959169
2009-09-10,3.1474295178348757,3.218287860935252,0.9779825962865284
2009-09-11,3.1934679458499966,3.2948237372226528,0.9692378714443483
2009-09-14,3.2648035080411852,3.351052204225911,0.9742622045469898
2009-09-15,3.298833431731475,3.360462111083299,0.9816606534117545
2009-09-16,3.3041270266444576,3.3152786850550573,0.9966362832600257
2009-09-17,3.363782783823396,3.3782216822650524,0.9957258878191868
2009-09-18,3.2904172489998076,3.2557066892960274,1.0106614517265637
2009-09-21,3.3229827518894632,3.264777766246029,1.0178281616118579
2009-09-22,3.2598297710007937,3.1858415904045,1.023224061365493
2009-09-23,3.1636015279587406,3.113642329928754,1.0160452591326152
2009-09-24,3.1509496147330123,3.1348644782121178,1.005131046854717
2009-09-25,3.1159078052344413,3.112074351288266,1.0012318002442933
2009-09-28,3.0253885499051587,3.024685742892203,1.0002323570356382
2009-09-29,2.9824422999507956,3.0243224928113115,0.9861522066644469
2009-09-30,3.002206417820248,3.057410810403808,0.981944070978061
2009-10-09,3.12129308160094,3.219095761675387,0.9696179650078053
2009-10-12,3.1379343462317264,3.206808344373287,0.9785225711220292
2009-10-13,3.1843012059063724,3.2545141708231835,0.9784259765877585
2009-10-14,3.222444435393631,3.283901814622393,0.9812852567774384
2009-10-15,3.2296744557639836,3.29636017313903,0.9797698934969404
2009-10-16,3.2528150665722575,3.2984623430749473,0.986161043615209
2009-10-19,3.3119322791906236,3.3874423327777743,0.9777088297986668
2009-10-20,3.372528793386174,3.4367059627958656,0.9813259644251086
2009-10-21,3.357992134381478,3.4282718453714613,0.9794999596998503
2009-10-22,3.362357516588337,3.405922299077935,0.9872091085279918
2009-10-23,3.399995046359494,3.4730085857260016,0.9789768618290805
2009-10-26,3.3981595150950867,3.4740128653614084,0.9781654952914429
2009-10-27,3.322455901347239,3.372753598414317,0.9850870525819836
2009-10-28,3.3415700989265393,3.3876142914995415,0.9864080770090798
2009-10-29,3.289496061985499,3.303897866694343,0.9956409655231706
2009-10-30,3.3388791189407687,3.337802225084809,1.0003226356097035
2009-11-02,3.4171249535911303,3.4522015803922286,0.9898393457090322
2009-11-03,3.509771599304998,3.495569773523241,1.0040628071249862
2009-11-04,3.5199593297961544,3.5143560094994473,1.0015944088423487
2009-11-05,3.5421484941926047,3.5249686099019737,1.004873769440775
2009-11-06,3.5716796633124024,3.5439990476132337,1.0078105595761406
2009-11-09,3.581644880970483,3.556989562410841,1.0069315127657927
2009-11-10,3.5913341538610886,3.565117410159199,1.0073536831149466
2009-11-11,3.59250145702829,3.556873566586691,1.0100166311156764
2009-11-12,3.6081622986382356,3.5612671628031918,1.0131681038493419
2009-11-13,3.6229679176342344,3.580325073209645,1.0119103275687649
2009-11-16,3.703584606342447,3.689275677303687,1.0038785198749955
2009-11-17,3.707443657521902,3.691876425782005,1.0042166177695397
2009-11-18,3.715349372576244,3.6937842518371093,1.0058382188208228
2009-11-19,3.753836103730152,3.7062059800934883,1.0128514507538144
2009-11-20,3.772818738729097,3.69458197750495,1.021176079377993
2009-11-23,3.8125595560731074,3.7296819068899487,1.0222211039043454
2009-11-24,3.6824513938360934,3.6101970504500436,1.0200139611152368
2009-11-25,3.773069700988815,3.693173747499476,1.021633413143217
2009-11-26,3.662821995029273,3.5467992275085116,1.03271196368289
2009-11-27,3.596268624126203,3.4417283784801294,1.0449019296852005
2009-11-30,3.7151839351548834,3.5731485947207653,1.0397507511005761
2009-12-01,3.7794046910570693,3.6231712851319813,1.043120623793362
2009-12-02,3.8283195320660854,3.660308263990216,1.0459008520481046
2009-12-03,3.8479354296283845,3.6537422898389695,1.053149106966155
2009-12-04,3.8030384297597886,3.7072784327132644,1.0258302684258975
2009-12-07,3.8518505662498446,3.7330630834132075,1.031820379185242
2009-12-08,3.8323248805125627,3.687465531942604,1.0392842583381776
2009-12-09,3.779490683718719,3.6167070617036736,1.0450087937004124
2009-12-10,3.817718608240114,3.6398645087373347,1.0488628351620914
2009-12-11,3.826031488013678,3.6376086952097797,1.0517985326602128
2009-12-14,3.8390529038948586,3.6760022954963096,1.0443554152831493
2009-12-15,3.836365244563541,3.646075372865524,1.0521903285692267
2009-12-16,3.818272376298145,3.6230613943512067,1.0538801197935248
2009-12-17,3.732219015206812,3.541080836879346,1.0539773552574165
2009-12-18,3.622775251369634,3.4511148826712414,1.0497405547292367
2009-12-21,3.646589922763277,3.4560874405012645,1.0551208514083146
2009-12-22,3.5513262949733506,3.3634138995557565,1.0558695423844249
2009-12-23,3.5802763425399178,3.39489252071136,1.0546066836277082
2009-12-24,3.6874542822903678,3.499021158045328,1.053853096547237
2009-12-25,3.707120016677011,3.4847414615880847,1.0638149364996456
2009-12-28,3.7583325300746906,3.539330724444797,1.0618766152926404
2009-12-29,3.780048617675348,3.5620252056890864,1.061207711736022
2009-12-30,3.7796541961216863,3.621162725861167,1.043768116005565
2009-12-31,3.803246607791229,3.638284320010094,1.0453406807362096
2010-01-04,3.79762998862201,3.597121065045167,1.0557414999248365
2010-01-05,3.825971448334721,3.626434430816631,1.0550229216396327
2010-01-06,3.834014298669452,3.603732827021736,1.0639008169309903
2010-01-07,3.7746309578151633,3.5322315765053514,1.0686249969911747
2010-01-08,3.8083104659662856,3.5410574342130703,1.0754726622536714
2010-01-11,3.820917867509316,3.543013083107956,1.0784374141112627
2010-01-12,3.88242292716457,3.5968025852823686,1.0794095130633306
2010-01-13,3.826135138683504,3.4810387527803384,1.0991360368015248
2010-01-14,3.8897912367314773,3.529784471618671,1.1019911464871157
2010-01-15,3.9066896912651905,3.543711093067316,1.1024289476949691
2010-01-18,3.9541842866781454,3.561971277805929,1.1101112216474154
2010-01-19,3.951570646519629,3.5688882919513145,1.1072273277455487
2010-01-20,3.838687871582632,3.453861134683362,1.1114192846478033
2010-01-21,3.850835060165766,3.4682486869069207,1.1103111131284091
2010-01-22,3.7608181386708326,3.4251297830471086,1.0980074849383035
2010-01-25,3.71232277532946,3.386278304507354,1.0962840149281647
2010-01-26,3.6017084475142425,3.2995693909405226,1.0915692385204232
2010-01-27,3.56685681177982,3.254564028677424,1.0959553354460518
2010-01-28,3.599057727411397,3.2627081565414526,1.1030890765377197
2010-01-29,3.6183852896900275,3.2602508765824783,1.1098487284153298
2010-02-01,3.5785139658749263,3.2079021646448798,1.115530892841638
2010-02-02,3.5448891016335464,3.201270052523723,1.1073383511768808
2010-02-03,3.5969087558155093,3.2872758685950467,1.094191330328719
2010-02-04,3.610639434089537,3.275154304971337,1.1024333811109202
2010-02-05,3.539984109802475,3.2082888173920474,1.1033869801909093
2010-02-08,3.5375313632232137,3.20615306971756,1.1033569783787165
2010-02-09,3.533555728319718,3.2246737363068965,1.0957870523566744
2010-02-10,3.582920605785506,3.270400511195632,1.0955601901112775
2010-02-11,3.583516708743126,3.2767782465094415,1.0936097712930177
2010-02-12,3.718452072000019,3.3081988697529696,1.1240110460099648
2010-02-22,3.7261502881687885,3.289951912608339,1.1325850307686178
2010-02-23,3.738286444735118,3.254633219169022,1.1486045256090587
2010-02-24,3.7957645055589233,3.3012849081292726,1.1497839814467439
2010-02-25,3.8530627985215538,3.349764040073505,1.1502490182672702
2010-02-26,3.8608639062057777,3.3391188794396385,1.1562523065527086
2010-03-01,3.898238966426509,3.3826244360466178,1.152430321523517
2010-03-02,3.9096627203260748,3.3692065682126673,1.1604105124370911
2010-03-03,3.9350393216859003,3.393469028097445,1.1595919364827938
2010-03-04,3.8289365713152885,3.3074815271562503,1.1576592461296018
2010-03-05,3.8361588189317692,3.3168334361015637,1.1565726446126865
2010-03-08,3.8700029452434355,3.343709872058641,1.1573979481840537
2010-03-09,3.877651531077121,3.3637395018691607,1.1527799726828996
2010-03-10,3.8425923108799735,3.3371123551832835,1.1514722616131179
2010-03-11,3.843544751160858,3.3340710260746405,1.1528082998537812
2010-03-12,3.8012607739602697,3.289729078525103,1.1554935629120267
2010-03-15,3.7780989894844974,3.238911714967735,1.1664717417350579
2010-03-16,3.7986874054298942,3.260063655252271,1.165218783170031
2010-03-17,3.8767258994982656,3.331233198411875,1.1637509800714185
2010-03-18,3.8924833253872695,3.324760834925732,1.1707558885131715
2010-03-19,3.9126745028114764,3.3515375551743296,1.1674267223325085
2010-03-22,3.924571166033198,3.360447865982088,1.167871463134943
2010-03-23,3.914344378099031,3.332919207890972,1.1744492242210627
2010-03-24,3.93113405517275,3.334034395814382,1.1790922313542955
2010-03-25,3.893482569602824,3.2856610846220065,1.1849921429284431
2010-03-26,3.937450962935448,3.332338211262991,1.1815880361804911
2010-03-29,3.9823324572137784,3.417338730191678,1.1653314967083785
2010-03-30,3.9977300939383995,3.4256497292413264,1.166999083360391
2010-03-31,4.010266768570115,3.404179309193992,1.1780421665037457
2010-04-01,4.070341293554504,3.451318384117119,1.1793583901983986
2010-04-02,4.071222905703357,3.466999188029231,1.1742785864387784
2010-04-06,4.076770669636638,3.464759654617346,1.1766388078906684
2010-04-07,4.083223607075631,3.4462450930713864,1.1848326212447509
2010-04-08,4.081816936868014,3.4053362149138073,1.1986531370945201
2010-04-09,4.112221720405956,3.4383299043339703,1.1959939374120423
2010-04-12,4.122201349741254,3.410153094137734,1.20880243084323
2010-04-13,4.085258041291503,3.451095550033883,1.1837568627305592
2010-04-14,4.119088648818069,3.463296479221485,1.1893549032059767
2010-04-15,4.1015595550610175,3.4540035856954767,1.1874798196641574
2010-04-16,4.083770959801764,3.4150920742291873,1.1958011295269404
2010-04-19,3.919437125051813,3.232033366097066,1.2126846109218363
2010-04-20,3.9382132802240575,3.2289309865546594,1.219664742486868
2010-04-21,4.032579599001821,3.293344281711122,1.2244634189616563
2010-04-22,4.030568666705482,3.257591112684856,1.237285014380933
2010-04-23,4.019490823672085,3.2458511142721673,1.2383472569022609
2010-04-26,4.005945690208423,3.227529879099791,1.2411800479832413
2010-04-27,3.92580516779404,3.162828629397412,1.2412323359239326
2010-04-28,3.9184826914330615,3.151579069469289,1.2433394831794322
2010-04-29,3.818208381695276,3.113637242392607,1.2262855575176947
2010-04-30,3.758522301135088,3.121066062674375,1.2042431097772055
2010-05-04,3.7414272217109166,3.0723111862709787,1.2177891479320095
2010-05-05,3.8643509631934045,3.0895528462729724,1.250780017521013
2010-05-06,3.833357499143768,2.9475719224985095,1.3005136430714885
2010-05-07,3.814432149990296,2.8864533157508085,1.3214944891627691
2010-05-10,3.783090495773554,2.9082727407778233,1.3008032027841236
2010-05-11,3.7388876167108838,2.8498515456952322,1.3119587307481195
2010-05-12,3.7031016541999806,2.867498173574523,1.2914050611526018
2010-05-13,3.73462436289854,2.937452813102237,1.27138190824397
2010-05-14,3.7457100621633046,2.9182341365535405,1.2835536447349698
2010-05-17,3.6751366828939855,2.762242138230392,1.3304904128529558
2010-05-18,3.6844334221347244,2.819866625152372,1.3065984714563
2010-05-19,3.688182123617573,2.8105320138299583,1.3122718778754014
2010-05-20,3.664773372236311,2.773747092473092,1.3212355885585712
2010-05-21,3.6893722267491706,2.8172648591668246,1.309558174746929
2010-05-24,3.740136449703295,2.923775480924792,1.2792146572486776
2010-05-25,3.737367900885669,2.8632073455881906,1.305308156129328
2010-05-26,3.7400592382949327,2.8632083630954197,1.3062476648578758
2010-05-27,3.7656018341491984,2.9100493084003363,1.2939993227190925
2010-05-28,3.770833921041802,2.9002028909415403,1.300196594114012
2010-05-31,3.7333840617521736,2.8218161690038808,1.3230429759249986
2010-06-01,3.7118470312386145,2.792204673614206,1.3293606540791407
2010-06-02,3.735119897570831,2.8058036577349883,1.3312121421161887
2010-06-03,3.7192257045489114,2.783977110157368,1.3359397571838072
2010-06-04,3.7261935647069735,2.7924376827697364,1.3343873661707186
2010-06-07,3.718996973110264,2.742909500872004,1.3558584313219049
2010-06-08,3.737220922078192,2.7465938945496204,1.3606747358953886
2010-06-09,3.766643743892936,2.8308404406213303,1.330574372841095
2010-06-10,3.768935525525816,2.7981682834856545,1.346929542361507
2010-06-11,3.756984410196286,2.8071660999151398,1.3383548662510063
2010-06-17,3.743692297804664,2.7907506557834094,1.3414642723621426
2010-06-18,3.6914175037552845,2.7433683966324582,1.3455784896722498
2010-06-21,3.7232852729857386,2.829344704994129,1.3159532192785481
2010-06-22,3.733824279421244,2.8324552245943706,1.318228880372136
2010-06-23,3.7304097094929665,2.8067886047330366,1.329066857120071
2010-06-24,3.729187038415248,2.805774150025336,1.3291116244625654
2010-06-25,3.709977039729362,2.7841918041827687,1.3325148914509986
2010-06-28,3.687332643253873,2.7643402381373923,1.3338924754567807
2010-06-29,3.6156298072583177,2.637398071213296,1.3709078833120556
2010-06-30,3.5901424657306813,2.6079422544297177,1.376618849452149
2010-07-01,3.5769849937073483,2.5702955044495592,1.391662938177755
2010-07-02,3.574001698071166,2.5784701575304694,1.3860938772679718
2010-07-05,3.566849765507033,2.5566405574311606,1.395131495954559
2010-07-06,3.595684599608204,2.6077713132151805,1.3788343254589308
2010-07-07,3.6073000480254023,2.6256540027716895,1.3738672514419146
2010-07-08,3.6003787074219558,2.621018239834594,1.373656486896164
2010-07-09,3.6313298025341556,2.6934474569441815,1.3482088886389627
2010-07-12,3.642528597796144,2.723071162420609,1.3376545747552941
2010-07-13,3.6290953128350365,2.6807174239972973,1.3537776418909475
2010-07-14,3.643908146319049,2.700066341471356,1.3495624497631278
2010-07-15,3.618953361140414,2.654186940498212,1.3634884965793357
2010-07-16,3.625043472665123,2.6619291530066325,1.3618106509599095
2010-07-19,3.6507958942144287,2.7294346526332074,1.337564865563769
2010-07-20,3.6836071532322427,2.7894991218912613,1.3205263713203044
2010-07-21,3.685270353885305,2.795433224053057,1.3183181491068088
2010-07-22,3.704298297513061,2.8299786119980386,1.308949220254965
2010-07-23,3.702253602898246,2.841975022232533,1.3027044833032753
2010-07-26,3.719562100360752,2.8602687847097155,1.3004239742238928
2010-07-27,3.713262669302769,2.844669381375955,1.3053406816319297
2010-07-28,3.737492602819156,2.9138598729743976,1.2826603768711822
2010-07-29,3.7507393419341297,2.928361386007648,1.28083212675047
2010-07-30,3.7479166473603653,2.919071545003327,1.2839413455883943
2010-08-02,3.766418406295632,2.968348402615401,1.268859950192186
2010-08-03,3.731661477341247,2.9161462117188344,1.2796551360645705
2010-08-04,3.74944576970483,2.9267923898599304,1.281076779717973
2010-08-05,3.769768596937777,2.9007391172514283,1.2995889821728575
2010-08-06,3.808365459535762,2.948388980803709,1.2916767374763523
2010-08-09,3.8404281167763914,2.9693313145989904,1.2933646366421199
2010-08-10,3.782558582031459,2.8822296432416152,1.312372381881845
2010-08-11,3.8105175368613264,2.9001102977836655,1.3139215911110058
2010-08-12,3.789746714051105,2.8656931157495875,1.3224537872611004
2010-08-13,3.813104885559685,2.905539716359685,1.3123568279207958
2010-08-16,3.857458347212372,2.9732405773743023,1.2973919354413397
2010-08-17,3.8721761329407833,2.9938023634657926,1.293397379931966
2010-08-18,3.8849270149428183,2.9887870703321346,1.2998339873409244
2010-08-19,3.881725532293867,3.007135778199704,1.2908381325627265
2010-08-20,3.8428628766128874,2.949074780676317,1.303074069804224
2010-08-23,3.8607443568670625,2.946896297698195,1.3101052656256242
2010-08-24,3.8937509032714717,2.9628050232296905,1.3142109834237343
2010-08-25,3.8473775817716147,2.892796455818819,1.3299855833384577
2010-08-26,3.8672152172356298,2.8999902319305977,1.3335269804205947
2010-08-27,3.872651548061532,2.9086115706852094,1.33144335499883
2010-08-30,3.9285450977058707,2.966043748740835,1.3245067944037046
2010-08-31,3.9593459046238415,2.954014778275,1.3403270470217166
2010-09-01,3.9256846760483204,2.9345335848611205,1.3377542163089973
2010-09-02,3.9770406092929584,2.972538497386024,1.3379273684059159
2010-09-03,3.999988221399307,2.97132969879751,1.3461946760799022
2010-09-06,3.9845526917985894,3.027175583082518,1.3162608452798075
2010-09-07,4.007973685736235,3.035333956047758,1.3204391160157316
2010-09-08,4.035705320986915,3.033155473069636,1.3305303196023353
2010-09-09,4.013899152726837,2.9776942065173375,1.3479890392846712
2010-09-10,4.042996698544733,2.983894895573233,1.3549393795816111
2010-09-13,4.077031402210315,3.0141809982559926,1.3526166492885756
2010-09-14,4.086386343214599,3.016918092703049,1.3544903168230682
2010-09-15,4.05411116760924,2.9641959556122646,1.3676933739597692
2010-09-16,4.0000054035988875,2.9078209675679747,1.3756023662434718
2010-09-17,3.987836143666965,2.9114636434491867,1.369701508256723
2010-09-20,3.958519248706107,2.89972059251481,1.365138165009562
2010-09-21,3.951029290219148,2.907502487805176,1.3589083093791994
2010-09-27,4.012480051929054,2.9558880090843047,1.3574533404504956
2010-09-28,4.019904206604478,2.9313436996969866,1.3713520550387919
2010-09-29,3.9917416532372387,2.9251419931338614,1.3646317555205831
2010-09-30,4.0198950676267415,2.9869677674059876,1.3458113313080016
2010-10-08,4.07812864267975,3.0975290854441524,1.3165747698201162
2010-10-11,4.095920427548238,3.1877433114162277,1.2848965639358623
2010-10-12,4.107842692847817,3.2282716418700157,1.2724588103336618
2010-10-13,4.101381678035771,3.2739078586153356,1.2527480476406585
2010-10-14,4.03443385617788,3.2805857585618146,1.2297906999226098
2010-10-15,4.050407532469526,3.385941509614426,1.196242616999833
2010-10-18,4.008339650392581,3.3640417015162893,1.1915249589759498
2010-10-19,4.077917302487044,3.434772699060027,1.1872451715954953
2010-10-20,4.086797237099635,3.4563489398592178,1.1824029657335744
2010-10-21,4.117218152679747,3.4337663844101614,1.1990385168229745
2010-10-22,4.142020927999082,3.437805888110835,1.2048443288562842
2010-10-25,4.198158060743366,3.542025083588219,1.1852423293655665
2010-10-26,4.218384549150973,3.526765527669074,1.1961057564093316
2010-10-27,4.200961445305604,3.4634643679143338,1.2129362392821106
2010-10-28,4.206175526460257,3.457176173236711,1.21665061764044
2010-10-29,4.247664027830822,3.439157137711464,1.2350886736909519
2010-11-01,4.31666856376905,3.5337975201313805,1.2215381722291105
2010-11-02,4.288656413817386,3.5237608288206888,1.2170679629390988
2010-11-03,4.216221945777027,3.4802216944751394,1.2114808526336958
2010-11-04,4.324605239564374,3.541438999424091,1.2211435069946543
2010-11-05,4.3543989999352055,3.5824374182178564,1.2154850152557233
2010-11-08,4.3962332440733185,3.6106915589635262,1.2175598973996238
2010-11-09,4.4099808638542966,3.585648671033808,1.2298976471062957
2010-11-10,4.4545643681180636,3.5603707389341,1.2511518307364997
2010-11-11,4.408256189517652,3.571424937474181,1.234312988987332
2010-11-12,4.175866171136664,3.349463875440835,1.246726737898334
2010-11-15,4.245960227928826,3.372927592150542,1.2588352734906023
2010-11-16,4.121825035695107,3.2250278288227237,1.2780742537653553
2010-11-17,4.001684132791195,3.1582467943434738,1.2670587175005912
2010-11-18,4.054332242464369,3.2030740928414296,1.2657628655938435
2010-11-19,4.134502913434064,3.234498786113875,1.2782514963938227
2010-11-22,4.188022833258587,3.2274728986949452,1.2976167313293467
2010-11-23,4.1273532858923625,3.1615740429835753,1.3054741814610111
2010-11-24,4.2154461396050635,3.2326642205792875,1.3040160845563056
2010-11-25,4.234081437485776,3.2799182738193355,1.2909106520374836
2010-11-26,4.218005530492456,3.250786024334703,1.297534042203132
2010-11-29,4.2267865177746895,3.2458989371119484,1.3021928900643744
2010-11-30,4.151697895803444,3.1919049159844284,1.300695980952491
2010-12-01,4.150869321480267,3.1909270915369854,1.3008348992019443
2010-12-02,4.158116714583903,3.210295341648403,1.2952442912772064
2010-12-03,4.151160050765301,3.2134465615378196,1.291809268108299
2010-12-06,4.097446964815374,3.220990360136509,1.2721078012297187
2010-12-07,4.131066703443523,3.25636806899513,1.2686117219907245
2010-12-08,4.139101770061648,3.2274128657684114,1.2824828871332439
2010-12-09,4.083219572776112,3.178047485027381,1.2848201897590374
2010-12-10,4.133503373306917,3.2173344566613147,1.284760235215436
2010-12-13,4.216688809434573,3.318153142978081,1.2707939108711679
2010-12-14,4.267657219876149,3.3267134312989297,1.2828448581487297
2010-12-15,4.263725363231507,3.3045012484813703,1.290278030668308
2010-12-16,4.2601426100397015,3.287224993233577,1.2959692807181675
2010-12-17,4.279175341721345,3.282133387057715,1.3037786211234494
2010-12-20,4.2524592563475,3.234306477247521,1.3147978666407807
2010-12-21,4.271234051985076,3.3063988994641806,1.2918084544116115
2010-12-22,4.246968308786168,3.2717466732601137,1.2980736997446993
2010-12-23,4.1842041293098164,3.2444306741799402,1.2896574313049276
2010-12-24,4.133692438740332,3.218329578731657,1.2844217279851802
2010-12-27,4.027193916380218,3.1539763165017285,1.2768624467183793
2010-12-28,3.9564622345281824,3.0982393054902655,1.2770034346659713
2010-12-29,4.022037457228146,3.1154341601597078,1.2910038378156459
2010-12-30,4.034844363603693,3.1177418665559617,1.294156006591019
2010-12-31,4.126546010506599,3.1830281829152396,1.2964214494410227
2011-01-04,4.17626927564215,3.245524494451533,1.2867779253497529
2011-01-05,4.17831022162748,3.231259043095501,1.2930904535665815
2011-01-06,4.177216163226386,3.214959594787921,1.299305960173954
2011-01-07,4.149833000894707,3.2220628127562847,1.287942924161919
2011-01-10,4.07236787125622,3.1626027427924877,1.2876634223305694
2011-01-11,4.043610678063278,3.17963072627631,1.2717233622908095
2011-01-12,4.056907539417929,3.1973506146761173,1.2688341155944458
2011-01-13,4.056651716959731,3.1962791795635708,1.2691794080120493
2011-01-14,3.9950271915306956,3.1459919372727145,1.2698783948550156
2011-01-17,3.8707053061380816,3.02642262773277,1.278970514781606
2011-01-18,3.8746409883871036,3.029778366575295,1.2788529455264406
2011-01-19,3.970087221303044,3.098157904911915,1.2814347567658657
2011-01-20,3.8577256542425573,2.9962667659753723,1.2875107443868588
2011-01-21,3.8811670521649697,3.035688048563585,1.2785131377387229
2011-01-24,3.806473240646608,3.0059524172919247,1.2663118746489925
2011-01-25,3.7406299128500664,2.990101689672505,1.2510042470360812
2011-01-26,3.803422538045317,3.030575074735906,1.2550167688476614
2011-01-27,3.859106167419959,3.0794510344996002,1.25317990907657
2011-01-28,3.8978217987160484,3.0898998162381948,1.2614719021736633
2011-01-31,3.9591300764332398,3.1303691312726776,1.264748632000349
2011-02-01,3.9984942744582486,3.131157699375454,1.2770018818457451
2011-02-09,3.9792091287690425,3.094187591702839,1.286027110780037
2011-02-10,4.069168643560566,3.1585082937014266,1.288319758942898
2011-02-11,4.093094215595481,3.1755952926045543,1.2889218676975722
2011-02-14,4.149209137558187,3.2755012749365586,1.2667401992199043
2011-02-15,4.197907212512723,3.274003504294898,1.2821938666240984
2011-02-16,4.255826619119013,3.305399707364921,1.2875376643969563
2011-02-17,4.303634136611585,3.302733838423922,1.3030520614598773
2011-02-18,4.272201031340341,3.26810704990059,1.307240236047437
2011-02-21,4.358129927799075,3.314944942683818,1.3146914965865715
2011-02-22,4.260111950751647,3.218963485735566,1.323442148265987
2011-02-23,4.299253891052382,3.230322936444464,1.3309052920215043
2011-02-24,4.309918154751932,3.2467994310099573,1.3274359092182293
2011-02-25,4.309095157171595,3.253598414316734,1.3244090414509617
2011-02-28,4.349969336919931,3.2962747025317616,1.3196622640639935
2011-03-01,4.375431648801452,3.3118771583872104,1.3211334356773554
2011-03-02,4.359910036043349,3.3000791620624463,1.321153166919348
2011-03-03,4.293314397786705,3.278121356052235,1.3096874494472786
2011-03-04,4.319603355912311,3.3279262999163612,1.2979864836612738
2011-03-07,4.3622637559137445,3.392888031469464,1.2857081387458704
2011-03-08,4.393653243683491,3.3958866252744726,1.2938162337290555
2011-03-09,4.418655145389241,3.3973121529028467,1.3006326609151013
2011-03-10,4.387109002931113,3.337687246767888,1.3144158450374437
2011-03-11,4.374577402370528,3.3042285565438947,1.3239330535131566
2011-03-14,4.391702241175923,3.320044688917515,1.3227840745143156
2011-03-15,4.369193109179208,3.2600534801799763,1.340221298743234
2011-03-16,4.435030889913957,3.305061894964764,1.341890418654698
2011-03-17,4.355282845721816,3.2530723630791396,1.3388213847168766
2011-03-18,4.366625363855894,3.271982734937332,1.3345502460114684
2011-03-21,4.325000197429842,3.2632576104453226,1.325362785820525
2011-03-22,4.3245885200322585,3.279386117538365,1.318718920258912
2011-03-23,4.3727782334387095,3.322085808419669,1.3162749205201474
2011-03-24,4.365042142719913,3.3082833228530086,1.3194281495079367
2011-03-25,4.399130458095513,3.352161287105945,1.312326610004335
2011-03-28,4.399871215189922,3.3481797813173464,1.3141084119021786
2011-03-29,4.336051984204314,3.3150171856971045,1.3080028673493889
2011-03-30,4.3034835511063285,3.313084939468495,1.298935472447235
2011-03-31,4.256530768401036,3.2797188424023753,1.297834043994805
2011-04-01,4.279302423714529,3.33002541733059,1.2850659942244214
2011-04-06,4.270875478693683,3.3690346094909005,1.2676852492587072
2011-04-07,4.291726258680197,3.3826203660177003,1.2687578842117513
2011-04-08,4.337785351585759,3.4120660077289853,1.2713075719402385
2011-04-11,4.332338358974127,3.391786071140036,1.2773029513379526
2011-04-12,4.300502983855,3.3850135430212234,1.2704537010557055
2011-04-13,4.330835846283825,3.431065920223363,1.2622420982229006
2011-04-14,4.337280387490462,3.4122715441893217,1.2710830106344604
2011-04-15,4.330776830354607,3.417749803112351,1.2671427342079908
2011-04-18,4.336611495849828,3.4182524516836694,1.2686633176299833
2011-04-19,4.290399335605355,3.3535125367065732,1.2793747715697767
2011-04-20,4.324989798231115,3.3534575913161864,1.2897105988251416
2011-04-21,4.350207580676236,3.3754449050360504,1.288780502441581
2011-04-22,4.3225979807589505,3.3577148415639493,1.287363038472195
2011-04-25,4.262873333298035,3.306465037434091,1.2892540175190068
2011-04-26,4.21041604432582,3.2875251578662468,1.280725117570985
2011-04-27,4.158038039330875,3.26569250524525,1.2732484863937337
2011-04-28,4.041289852337064,3.2171299377082074,1.2561786221217925
2011-04-29,4.098424593628308,3.248618733936105,1.2615899030609103
2011-05-03,4.137171891224669,3.2673500245219245,1.2662163099069912
2011-05-04,4.0215478406412535,3.1838086109601806,1.263124870884882
2011-05-05,4.023332867376704,3.18084664741543,1.2648622562945084
2011-05-06,4.042380837644613,3.1760429957854854,1.2727727058508755
2011-05-09,4.077061275253961,3.1845524087448642,1.280261949546895
2011-05-10,4.108057651316273,3.208425163360786,1.2803969056934879
2011-05-11,4.122905262735731,3.200146724542478,1.2883488219825854
2011-05-12,4.064943890718571,3.1559034751941915,1.2880444293273083
2011-05-13,4.116236531471754,3.1828572417007024,1.293252011916286
2011-05-16,4.121931951706145,3.154743516952688,1.306582271920384
2011-05-17,4.094954821546223,3.1705810169781254,1.2915471327236785
2011-05-18,4.1002255107387215,3.194340828291585,1.2835904905399924
2011-05-19,4.102646021531305,3.175272742812838,1.2920609830502139
2011-05-20,4.0862622383130915,3.176246497231363,1.2865066492399004
2011-05-23,3.9498606481369003,3.0759040042979504,1.2841300127109863
2011-05-24,3.9445749104644867,3.0792037802428585,1.281037304440233
2011-05-25,3.9192377969062546,3.042695620852386,1.2880807958728098
2011-05-26,3.882564372268921,3.0305241993744363,1.2811527368995645
2011-05-27,3.7681189113653657,3.015187312905858,1.2497130427807077
2011-05-30,3.691495359737073,3.0062312142727774,1.227947917715326
2011-05-31,3.7568080798920693,3.054104929415524,1.2300848093686894
2011-06-01,3.789962981671592,3.056767745834834,1.2398596480991444
2011-06-02,3.7535239362337656,3.0074512054408147,1.2480747582681382
2011-06-03,3.8173888982074238,3.0386316969782072,1.2562854859980754
2011-06-07,3.8541203952504324,3.05685830397825,1.2608109411661677
2011-06-08,3.898643733239124,3.061325160715267,1.273515072253292
2011-06-09,3.8224190816876398,3.003568397853467,1.27262594866139
2011-06-10,3.84197593371692,3.0137872229582188,1.2747999939908772
2011-06-13,3.8384332482421684,3.0020004192129783,1.2786251539726547
2011-06-14,3.886075359970685,3.045967924102101,1.275809679156826
2011-06-15,3.856778450714276,3.0149950040395037,1.2791989524184773
2011-06-16,3.775647057901673,2.9686567073059056,1.2718368710702563
2011-06-17,3.741596426058865,2.9427906560276114,1.2714449865453694
2011-06-20,3.7139613934624633,2.92522746374113,1.26963165753702
2011-06-21,3.7585912304639177,2.960002808319953,1.269793129891397
2011-06-22,3.763072085899229,2.9595032122703233,1.2715215412834318
2011-06-23,3.815143527798916,3.009408889350159,1.2677385054919355
2011-06-24,3.8768606324530452,3.0804726117579064,1.2585278692806396
2011-06-27,3.9192318100088492,3.0896515444742234,1.2685028565821
2011-06-28,3.9299260912355476,3.0949863348779094,1.2697717101198687
2011-06-29,3.877158383591731,3.052693646888361,1.270077784432694
2011-06-30,3.9173305763953854,3.09738256440312,1.2647228732464546
2011-07-01,3.945946012642252,3.1031375852925436,1.2715987945053535
2011-07-04,4.01895408188872,3.176637220007448,1.265159917089713
2011-07-05,4.060360299533347,3.1771663237667305,1.2779816622000244
2011-07-06,4.067521586493767,3.168224470234861,1.2838489269645217
2011-07-07,4.0615553807208515,3.1559818232508543,1.2869387747414847
2011-07-08,4.067099428692156,3.163616179992959,1.2855856075123526
2011-07-11,4.085308884955132,3.1677096115767904,1.289672787563879
2011-07-12,4.032755025028078,3.110422937054968,1.2965294773856055
2011-07-13,4.0924280339158345,3.160628778767473,1.2948145196323018
2011-07-14,4.118847969653336,3.1702930624322083,1.2992010166067764
2011-07-15,4.132322743838521,3.183667177455296,1.2979757347441967
2011-07-18,4.138087956095042,3.1772680744896693,1.3024044112990683
2011-07-19,4.117601574831235,3.1493120633622103,1.3074606428285411
2011-07-20,4.1155395208284205,3.1456917726400446,1.3083098467000867
2011-07-21,4.071837161937532,3.112696048205423,1.308138378716768
2011-07-22,4.09319743290773,3.1216969171565965,1.3112091088701932
2011-07-25,3.942738751405921,3.0202555164154443,1.3054321827993267
2011-07-26,3.9650420521409058,3.0298984324283627,1.3086386030976809
2011-07-27,4.006984813332922,3.052574598542523,1.3126574581489638
2011-07-28,3.986817322989931,3.033191085822665,1.3143970195694488
2011-07-29,3.951701378865744,3.024111868814828,1.3067312157385385
2011-08-01,3.9697617041330626,3.02985264460304,1.3102160962198102
2011-08-02,3.9486516371263063,3.00814107534234,1.3126550710979976
2011-08-03,3.955011606436969,3.006601586904275,1.3154425327464878
2011-08-04,3.984993312072974,3.012135808724921,1.3229792961293725
2011-08-05,3.9024441023927037,2.9481427440541963,1.3236957777106075
2011-08-08,3.7324380931441796,2.842810395667861,1.3129395118408234
2011-08-09,3.717329573447172,2.847178554203628,1.3056187038072609
2011-08-10,3.7590049747688483,2.8735625166616807,1.3081340506681642
2011-08-11,3.8029713713658415,2.917115896108442,1.303675104729013
2011-08-12,3.8428710702640316,2.9257046746317132,1.3134856376943689
2011-08-15,3.890265817118098,2.9689670470108687,1.3103095303919878
2011-08-16,3.869929209432965,2.9483096152398165,1.3125925409696781
2011-08-17,3.859265681295033,2.936539091610246,1.3142224778553218
2011-08-18,3.8252514248130915,2.8838739349243077,1.3264281002329916
2011-08-19,3.7890316736092475,2.856818417694858,1.3263116935050372
2011-08-22,3.7681399154067767,2.8264183542024064,1.333185481832224
2011-08-23,3.820061097316602,2.870390946627676,1.3308504549892972
2011-08-24,3.818018045342474,2.8592115946983805,1.3353394524637268
2011-08-25,3.869564789110819,2.954675140466873,1.3096413666983986
2011-08-26,3.8746244684653384,2.9520082540186445,1.3125384941558726
2011-08-29,3.8578924335550786,2.902753781565618,1.329045700691259
2011-08-30,3.8282642098129456,2.8914909940435125,1.323975837275368
2011-08-31,3.813820759146682,2.896615160450715,1.316647379057855
2011-09-01,3.7899249577647036,2.8841598544557656,1.3140481627291265
2011-09-02,3.7584278260805895,2.852941715150886,1.3173868243157623
2011-09-05,3.6727421576317023,2.7918536336200668,1.3155210263904231
2011-09-06,3.652773516957352,2.7709804903163837,1.3182241916615902
2011-09-07,3.7177766164261503,2.8277441661223004,1.3147499908113527
2011-09-08,3.6878380667552713,2.8043567624547974,1.3150388410378704
2011-09-09,3.6780603748009915,2.799259051235559,1.3139406919761643
2011-09-13,3.6329881569905833,2.7679076184836293,1.312539527233528
2011-09-14,3.6743114074768277,2.7809571487005416,1.3212398505290612
2011-09-15,3.681628414432066,2.776829121870911,1.3258390246035519
2011-09-16,3.6978550643915513,2.7818515375551747,1.3292783653154276
2011-09-19,3.638076343864814,2.726176594484704,1.334497681193861
2011-09-20,3.6554829078628863,2.736936733435491,1.335611036676908
2011-09-21,3.741962505251495,2.819523725216068,1.3271612052013282
2011-09-22,3.667088850826176,2.7327069558829216,1.341925391206596
2011-09-23,3.634808429617188,2.7162131636945284,1.3381896819442582
2011-09-26,3.587966835057112,2.6566289578487456,1.3505713037030713
2011-09-27,3.587560720608661,2.6840609527530694,1.3366167101864295
2011-09-28,3.535985378852956,2.656294197970277,1.3311723458775262
2011-09-29,3.4248039416338245,2.633496948495819,1.300477657128093
2011-09-30,3.4203148315357192,2.6265433040901756,1.3022114755197243
2011-10-10,3.4053527921446927,2.601849421140137,1.3088200894625401
2011-10-11,3.3976298394014024,2.596672344357007,1.3084553570206912
2011-10-12,3.489901637102842,2.691060384984035,1.2968499913923508
2011-10-13,3.5184297233122304,2.709215766478021,1.2986893723441553
2011-10-14,3.509793457838199,2.700242370222041,1.2998068234702904
2011-10-17,3.5294316055167085,2.7136419229258624,1.3006253978090292
2011-10-18,3.443776186753566,2.63759139758688,1.3056518875153524
2011-10-19,3.440271369905073,2.6283035915970183,1.3089322637247869
2011-10-20,3.3597036172089907,2.564659531905974,1.309999855892047
2011-10-21,3.30231012075431,2.5517829779180583,1.2941187198640967
2011-10-24,3.342006568473733,2.6217793352421768,1.2747093256668103
2011-10-25,3.4117807835695575,2.671388917718261,1.2771561493500896
2011-10-26,3.429413234542631,2.6980750798234423,1.2710592304077195
2011-10-27,3.430682752066717,2.704003076941862,1.2687421775964491
2011-10-28,3.4816302222152427,2.7564443820373343,1.2630874197584612
2011-10-31,3.5025720087147323,2.742494357922413,1.2771483006324649
2011-11-01,3.501565990442876,2.7447603465222623,1.275727403625428
2011-11-02,3.5171194841804585,2.790401650803729,1.260434849286808
2011-11-03,3.525499448658051,2.792346107119091,1.2625581906446999
2011-11-04,3.5400922566220085,2.8121315351945575,1.2588643924783864
2011-11-07,3.5351931811558632,2.7841521214008225,1.2697557557943928
2011-11-08,3.517423419559833,2.7754646446763007,1.2673277702552272
2011-11-09,3.5395096897101777,2.7998278377767876,1.2641883339943991
2011-11-10,3.515889146959663,2.746850306371427,1.2799711505226259
2011-11-11,3.517856258344,2.7421840182174493,1.2828665891761615
2011-11-14,3.5579635184311713,2.798343294729109,1.271453550796596
2011-11-15,3.5698386042230825,2.792731742359029,1.2782604752462292
2011-11-16,3.538789717277705,2.716862333306878,1.3025281678407326
2011-11-17,3.548588930435645,2.708621542256058,1.3101088044511247
2011-11-18,3.5017562106973275,2.6521275058659293,1.3203574122858739
2011-11-21,3.4995946858313514,2.6553753889421383,1.3179284181079713
2011-11-22,3.5020160895862724,2.655159677409508,1.3189474514026198
2011-11-23,3.49988510517534,2.62924987332035,1.331134458040501
2011-11-24,3.5033363527934096,2.634239728773273,1.3299231328596135
2011-11-25,3.496892109201762,2.614966106834189,1.3372609687225652
2011-11-28,3.49187545092498,2.618372721038183,1.333605190303256
2011-11-29,3.5083567223393,2.6542378158596818,1.3217944154725176
2011-11-30,3.446068207682864,2.5656648290486106,1.343148243163438
2011-12-01,3.4719823134104257,2.628844905443053,1.3207254281991483
2011-12-02,3.438606805189206,2.6020824302956673,1.3214826575645748
2011-12-05,3.3875420048243865,2.565527465572643,1.3204076160877367
2011-12-06,3.377304469645714,2.5603951591076055,1.3190559502630963
2011-12-07,3.379442124228,2.572490267543351,1.313685096058794
2011-12-08,3.380932927589441,2.5692067717141134,1.315944269185373
2011-12-09,3.3649906663208946,2.547289665993077,1.3210082509438643
2011-12-12,3.3457244464679587,2.5210695221989554,1.3271051896854131
2011-12-13,3.2839087740049844,2.4643292490593143,1.3325771202279568
2011-12-14,3.2529493997584518,2.439453232315216,1.3334747953627173
2011-12-15,3.2043261674238046,2.381768712466702,1.3453557226827506
2011-12-16,3.230092111485016,2.431973536671978,1.328177327087703
2011-12-19,3.2218593974405434,2.4261523778126444,1.327970751921727
2011-12-20,3.230144321974285,2.418688962285077,1.3354938862922576
2011-12-21,3.1915598051808254,2.380059300321329,1.3409581033337854
2011-12-22,3.1696964879359175,2.382325288921178,1.3305053271592882
2011-12-23,3.180922409330713,2.4004613377778052,1.3251296154077654
2011-12-26,3.171979885826016,2.3765936706980306,1.3346748857133715
2011-12-27,3.1408170234700044,2.345389776494362,1.3391450133139755
2011-12-28,3.1381661559390337,2.348333424908984,1.3363375586499868
2011-12-29,3.141143265234876,2.351826527227476,1.335618604888308
2011-12-30,3.159230108209213,2.386809443281095,1.3236205835796797
2012-01-04,3.126087405733026,2.3389977960793416,1.336507204484337
2012-01-05,3.0802494770504834,2.3162381943723713,1.3298500493318803
2012-01-06,3.081873984502631,2.330703077145363,1.322293695290135
2012-01-09,3.1315547380046125,2.410037098313584,1.299380304226814
2012-01-10,3.180620050429389,2.490195300337609,1.2772572697403193
2012-01-11,3.1888316925778284,2.4782487479573545,1.2867278537742255
2012-01-12,3.1938528332690823,2.477852937645122,1.2889598025556859
2012-01-13,3.165745706397992,2.4362521545715583,1.2994326964298666
2012-01-16,3.119583880789169,2.3867148151087614,1.307061849635777
2012-01-17,3.186130110046024,2.5036793061414704,1.2725791606898365
2012-01-18,3.168268202209806,2.464594818446185,1.2855128066069923
2012-01-19,3.1767299426384574,2.5115639696620042,1.2648413422915796
2012-01-20,3.1837799837728946,2.547925608011445,1.2495576690944712
2012-01-30,3.1801447849748574,2.5038003895017673,1.270127122876467
2012-01-31,3.1942545471935295,2.5074023650938044,1.2739297815386839
2012-02-01,3.2005734799004886,2.4715189551421766,1.2949823723752798
2012-02-02,3.2207857901347343,2.5297651389813125,1.2731560493523453
2012-02-03,3.2434553348912316,2.5499646924991404,1.271960880255335
2012-02-06,3.26357760344456,2.548165739717581,1.2807556245561442
2012-02-07,3.2371270840611683,2.500985964505278,1.2943403641617426
2012-02-08,3.2917730897453774,2.572498407601186,1.2796016044242777
2012-02-09,3.3135269452551723,2.5735108272944283,1.2875511966424227
2012-02-10,3.3512949557107126,2.577980736553133,1.2999689672590544
2012-02-13,3.3765183250628783,2.5763089721752475,1.3106030222035023
2012-02-14,3.3848982910402228,2.5662621057922617,1.3189994441332524
2012-02-15,3.41340499942023,2.5942435546004554,1.3157611949607158
2012-02-16,3.406461395060355,2.580473629265136,1.3200915353009992
2012-02-17,3.4314546879903083,2.581503346581277,1.3292466548744297
2012-02-20,3.427471882373496,2.5851867227516654,1.3258121172482678
2012-02-21,3.4653506292880967,2.607314452469185,1.3290881067323246
2012-02-22,3.514139554606852,2.642950608164071,1.3296274034602387
2012-02-23,3.554472106178218,2.651884321638105,1.3403571480005478
2012-02-24,3.548548573383088,2.6943764410446134,1.3170203388533603
2012-02-27,3.5520238281033563,2.7030822328992645,1.3140642873796466
2012-02-28,3.5418024997177,2.7090753504803655,1.3073842700941034
2012-02-29,3.544296856410074,2.6802595457440725,1.3223707614577804
2012-03-01,3.5379212385852923,2.67944757497502,1.320392035891307
2012-03-02,3.5697105461479537,2.726852219285018,1.3090957114954815
2012-03-05,3.57739915225035,2.7093144646792715,1.3204075048829158
2012-03-06,3.552183506697946,2.666939358604143,1.3319326122799933
2012-03-07,3.5569475624207576,2.648576405635362,1.3429658116913898
2012-03-08,3.5768080625260947,2.6819363976581054,1.333666251611858
2012-03-09,3.5942603848147296,2.7109465462752116,1.3258322594937086
2012-03-12,3.6014689699227262,2.7008732247042615,1.3334461377086952
2012-03-13,3.6190808020221605,2.728011160019292,1.3266370955742597
2012-03-14,3.555047285238737,2.6507141883243084,1.3411658265148976
2012-03-15,3.5204935600460647,2.6308117469174617,1.3381776800149416
2012-03-16,3.5619519519070333,2.6694505664462747,1.3343389822156952
2012-03-19,3.5723134818094064,2.6760572408866965,1.3349166928229608
2012-03-20,3.534420822278861,2.629691471457905,1.344043915661092
2012-03-21,3.528011062333205,2.633098085661899,1.339870733089818
2012-03-22,3.512812283036807,2.628981251411791,1.3361876510722126
2012-03-23,3.467190203757346,2.5976349061960087,1.334748849997061
2012-03-26,3.463111133905534,2.6001807092839395,1.331873250786187
2012-03-27,3.481786008607901,2.591736416787241,1.3434182527419127
2012-03-28,3.400222885029871,2.5182286420145017,1.3502439088731046
2012-03-29,3.3413163143076683,2.485894297278982,1.3441103742685345
2012-03-30,3.312522677314006,2.4978774799194947,1.3261349701670584
2012-04-05,3.3658552818875447,2.5568247262396797,1.3164200296348454
2012-04-06,3.3862352847356982,2.563945241830943,1.320712794286335
2012-04-09,3.372645624552693,2.5388290933807087,1.3284256247677046
2012-04-10,3.3829285446950434,2.563902506527309,1.3194450787744922
2012-04-11,3.3834959216607254,2.5641548483201975,1.319536502983541
2012-04-12,3.434773087844935,2.6154372126813965,1.3132691816078963
2012-04-13,3.453659440154404,2.625630600105414,1.3153637987063933
2012-04-16,3.4524308052453607,2.619108378765031,1.31817027246244
2012-04-17,3.4441862528592537,2.586384328760656,1.331660656368746
2012-04-18,3.445906610699131,2.6454251857459448,1.3025908384279143
2012-04-19,3.439121069802324,2.641505747898339,1.3019547932229911
2012-04-20,3.4509079826002274,2.6728276729406164,1.2911075478366232
2012-04-23,3.397780402692731,2.6516625050620983,1.2813773985966437
2012-04-24,3.358604574406343,2.650469986589255,1.267173215090184
2012-04-25,3.385291144635831,2.671963809302865,1.2669674390234642
2012-04-26,3.37909056218841,2.677557046542816,1.262005067847721
2012-04-27,3.361642089548339,2.672133733010173,1.2580366199566784
2012-05-02,3.378380359401938,2.730467422471037,1.2372901180210927
2012-05-03,3.4095593176939665,2.7386390230302586,1.2449831062150518
2012-05-04,3.4478387088858504,2.7634265166454006,1.2476679543016316
2012-05-07,3.4771743618000444,2.76535876287401,1.2574044310208239
2012-05-08,3.4780374329028274,2.756545115253044,1.2617378956206753
2012-05-09,3.4445157905243926,2.70403970720212,1.2738406841253254
2012-05-10,3.455433330059196,2.703734455033303,1.2780224491449306
2012-05-11,3.430301117545311,2.6830821107983973,1.2784927840037537
2012-05-14,3.4281631487484416,2.661324753712375,1.2881416084100132
2012-05-15,3.4362090436097144,2.6631969670144504,1.2902571932040916
2012-05-16,3.4054673021769784,2.6197219356243524,1.2999346441573238
2012-05-17,3.436667652088832,2.659704882203188,1.2921236769855613
2012-05-18,3.3959619640944676,2.6190391882734327,1.2966441965815758
2012-05-21,3.407608895378731,2.6325262465989825,1.2944254211258461
2012-05-22,3.4481065621515072,2.673525682899977,1.28972262514843
2012-05-23,3.453738169033101,2.6626831258636097,1.2970894416559318
2012-05-24,3.4366255675755886,2.6406958121437456,1.3014091027719314
2012-05-25,3.406205932420488,2.6181509044621762,1.3009967938116977
2012-05-28,3.446015928589724,2.6604649601035413,1.2952683009422572
2012-05-29,3.4813894510877037,2.6972631090543895,1.2907118476507153
2012-05-30,3.492979727575967,2.688516616910563,1.299221922455451
2012-05-31,3.4972926349800826,2.6781217630551266,1.305875141013181
2012-06-01,3.4958219706629463,2.6790944999664226,1.3048520575540579
2012-06-04,3.414863602666264,2.603827455194069,1.3114784529421695
2012-06-05,3.4153682901531317,2.6036402338638616,1.3117665972939154
2012-06-06,3.416566769424421,2.602174005946312,1.3129662972641774
2012-06-07,3.4134973297870674,2.5866905984367023,1.3196388202941842
2012-06-08,3.4121873282699653,2.568523006855964,1.3284628244177965
2012-06-11,3.4591267580888125,2.603053132192504,1.3288728974868267
2012-06-12,3.466452078496118,2.5846494789345478,1.3411691243816433
2012-06-13,3.510355987218075,2.6258157864211626,1.336863006678199
2012-06-14,3.4984661401793424,2.6052468777790665,1.342853980564687
2012-06-15,3.492580730423578,2.613013510460992,1.3366102840422784
2012-06-18,3.518367945133568,2.6264018705852905,1.3396152296942676
2012-06-19,3.4964450982487567,2.6034153647661666,1.3430223795897434
2012-06-20,3.484188947565597,2.5973001463175396,1.3414656571384294
2012-06-21,3.4542377253328658,2.556166399062265,1.351335236469762
2012-06-25,3.3904279399435113,2.4995248241238754,1.3564289929114475
2012-06-26,3.3966487936100314,2.497893760035165,1.3598051478227056
2012-06-27,3.409351683458539,2.4900386042242832,1.3691963159425184
2012-06-28,3.3865784235719745,2.4681967940382217,1.3720860637012606
2012-06-29,3.4207767972960474,2.5047080059503823,1.365738756441621
2012-07-02,3.462869375812347,2.5083974871641463,1.3805106222328716
2012-07-03,3.478212799594955,2.511941464844108,1.3846711192415524
2012-07-04,3.4688354692794228,2.5080729023579713,1.3830680384203298
2012-07-05,3.4271147604946264,2.472919045089815,1.385858047920916
2012-07-06,3.492108495618619,2.5159026204881187,1.388014173196061
2012-07-09,3.45659254715679,2.4583340964637554,1.4060711081252144
2012-07-10,3.447003364176792,2.4488407540135575,1.4076061738711607
2012-07-11,3.4668126334358464,2.4680370454032077,1.4046841962493586
2012-07-12,3.5028064930560876,2.4920593735818493,1.4055870940271726
2012-07-13,3.4953738451058336,2.493536794078922,1.401773518403997
2012-07-16,3.4177015039834013,2.44174364108857,1.3996971043445547
2012-07-17,3.433366834065014,2.456466970697827,1.397684917004877
2012-07-18,3.4457124375231496,2.456603316666565,1.4026328199372193
2012-07-19,3.461489263968569,2.466765161366472,1.4032504261780099
2012-07-20,3.450481349578187,2.44044530186387,1.4138736676224255
2012-07-23,3.427282135380819,2.406843143120532,1.4239740321993988
2012-07-24,3.445881671350372,2.417589036970108,1.4253380614552227
2012-07-25,3.431354925632801,2.4014015144577603,1.428896794215442
2012-07-26,3.416674631641479,2.3885860109036074,1.4304172493871985
2012-07-27,3.400181942868404,2.3902343726152178,1.4225307701303687
2012-07-30,3.342552731473943,2.376686263855905,1.4063920771987082
2012-07-31,3.3101657027664557,2.3737650006003292,1.3944791088963353
2012-08-01,3.3562196921585903,2.3999444441052753,1.398457243625831
2012-08-02,3.341275452652271,2.3757593147699314,1.4064031789246465
2012-08-03,3.4037607910161136,2.394944413580059,1.421227470548277
2012-08-06,3.479837153878781,2.427376439009599,1.4335795214765286
2012-08-07,3.512775094224769,2.4306955475918657,1.4451728015484864
2012-08-08,3.494206764166747,2.4316336892573625,1.4369790892451
2012-08-09,3.541518044225337,2.453922185117125,1.4432071504566888
2012-08-10,3.526923056004263,2.441763991233158,1.4444160322894555
2012-08-13,3.480824011523643,2.3931067955237824,1.4545209674864472
2012-08-14,3.5000750514261023,2.398280819785225,1.459410016771742
2012-08-15,3.4770655539507485,2.372435118651518,1.4656103876624023
2012-08-16,3.4492193149365047,2.3602809947964682,1.4613596103772117
2012-08-17,3.451923711587811,2.3539785550176338,1.4664210530847221
2012-08-20,3.4600952332178996,2.3420859305205366,1.4773562268267764
2012-08-21,3.5035064509998968,2.354209529158705,1.4881880340752431
2012-08-22,3.4869019664412986,2.3357753506838663,1.4928241987913804
2012-08-23,3.485938465805822,2.342504125991815,1.488124792236973
2012-08-24,3.427020834473214,2.3155177992539637,1.4800235332146292
2012-08-27,3.371303936861588,2.2672136785531865,1.486981120814767
2012-08-28,3.3876872904705913,2.2775993748435583,1.4873938445400572
2012-08-29,3.3766023790270285,2.253589256751669,1.4983220073981336
2012-08-30,3.3207356785850446,2.250084961853654,1.4758267953799276
2012-08-31,3.3341137330961783,2.2434691298481675,1.4861420149435365
2012-09-03,3.3862641961554014,2.2673815672460353,1.4934690504114676
2012-09-04,3.363926391312589,2.2430000590154195,1.4997442277327482
2012-09-05,3.3791069464018193,2.238388716251829,1.5096157882979848
2012-09-06,3.392347964096546,2.2566509360049003,1.5032665929726137
2012-09-07,3.4742028677510266,2.3577463842880606,1.4735269624006182
2012-09-10,3.4908198284751957,2.3673994753732726,1.4745377215751858
2012-09-11,3.4780615320968056,2.3523647885518226,1.478538341086967
2012-09-12,3.4909285938890235,2.3606890151954527,1.478775294593385
2012-09-13,3.462354591491781,2.3387006839683595,1.4804607597825559
2012-09-14,3.4563777551209505,2.356080724953551,1.4670031117839102
2012-09-17,3.381929699334493,2.298248666556776,1.4715247085952983
2012-09-18,3.3722643273646518,2.274371841911937,1.482723389914016
2012-09-19,3.3901414771357468,2.285561368913526,1.4832861297210753
2012-09-20,3.321684606548198,2.2343960178837072,1.4866140916659478
2012-09-21,3.301561685072091,2.2375625003815656,1.4755170791917922
2012-09-24,3.3135277760357282,2.2543035468267005,1.4698676141906704
2012-09-25,3.3016576909795843,2.248847673062717,1.468155327071593
2012-09-26,3.2385484487141856,2.2231423879266665,1.4567436014453852
2012-09-27,3.286834550693604,2.2911383260378066,1.4345858184729119
2012-09-28,3.337423858949737,2.3332519327549823,1.4303744109660206
2012-10-08,3.3362966076824714,2.30979635610311,1.4444115815089362
2012-10-09,3.404311292509077,2.3607765208171805,1.442030307608565
2012-10-10,3.4313696981673765,2.3648058494455606,1.4510153968757633
2012-10-11,3.3954496083016603,2.342843973406431,1.4492854184245014
2012-10-12,3.383520974685152,2.34487695285075,1.4429418015182782
2012-10-15,3.3773960859282237,2.3350335879136424,1.4464015007792392
2012-10-16,3.4043171547063715,2.338396449306772,1.4558340420485998
2012-10-17,3.404586584657737,2.341083685899588,1.4542780359214225
2012-10-18,3.4465080886987423,2.3769752359090512,1.4499554040918134
2012-10-19,3.438498856379266,2.3733050873326453,1.448822940940893
2012-10-22,3.457010614936206,2.3825867882791307,1.4509484531445331
2012-10-23,3.425431929492043,2.352555062403719,1.4560475052142305
2012-10-24,3.4224328295782076,2.348181816331805,1.4574820423933508
2012-10-25,3.393348317645008,2.3313522467577132,1.4555279333546645
2012-10-26,3.3409528251912746,2.287261623493835,1.4606780400083426
2012-10-29,3.33312667157935,2.2749976088580106,1.465112164778271
2012-10-30,3.3378052611457316,2.2790961279779895,1.4645302671401699
2012-10-31,3.348404155904627,2.2942956509706005,1.4594475452577729
2012-11-01,3.4058429881905874,2.338113582297002,1.4566627617998908
2012-11-02,3.4098432617062135,2.3471592215662693,1.452753281658843
2012-11-05,3.397053194684947,2.34217954118564,1.4503812090192354
2012-11-06,3.388971370084753,2.3323361762485324,1.453037261350452
2012-11-07,3.3837599852684135,2.3275528747631755,1.4537843681049374
2012-11-08,3.3497231653725836,2.2847158204059044,1.4661443385888882
2012-11-09,3.3454054012570404,2.2801563705110124,1.467182446135171
2012-11-12,3.343512155290336,2.2912716194848564,1.4592386720357728
2012-11-13,3.3030984906111227,2.2511736945891,1.4672783795183904
2012-11-14,3.3070621489159193,2.2620304967266796,1.4619883125808761
2012-11-15,3.2830963502263653,2.2320272610536898,1.4709033386431354
2012-11-16,3.2709782899258224,2.215357440114612,1.4765013675430172
2012-11-19,3.2751449628659017,2.2130629613123403,1.4799149505099258
2012-11-20,3.278799465499899,2.202782068266595,1.4884810952179393
2012-11-21,3.290198024415478,2.233322547756702,1.4732301107694328
2012-11-22,3.2743104854438303,2.215668797326805,1.4777978050664757
2012-11-23,3.278697961643224,2.2310636817074583,1.469567179334836
2012-11-26,3.256103166387567,2.213687710751185,1.470895443189072
2012-11-27,3.1997882782245046,2.1882897127984093,1.4622324729263474
2012-11-28,3.162851730512064,2.166436710032825,1.4599326700220758
2012-11-29,3.143048913716556,2.152715625044516,1.460039067469286
2012-11-30,3.164431817646,2.177120535941408,1.4534940833111332
2012-12-03,3.1376773237452262,2.1457701206967075,1.4622616344039956
2012-12-04,3.150402327870539,2.168789186747172,1.452608832210025
2012-12-05,3.2046608968314296,2.2465318266086283,1.4264925423599255
2012-12-06,3.2040654516198694,2.242180965695761,1.4289950278949186
2012-12-07,3.2329300404725902,2.2860914901800378,1.4141735159593223
2012-12-10,3.254173179259963,2.310805723274664,1.4082417861802958
2012-12-11,3.2447704417269865,2.2980400775747514,1.411972956168533
2012-12-12,3.245455786681736,2.3074693170694975,1.4065000833048944
2012-12-13,3.2275996040999138,2.281897325380497,1.4144368233402984
2012-12-14,3.2812762867223615,2.3971096689641977,1.3688469614910095
2012-12-17,3.28117151261594,2.408134359794626,1.3625367285967256
2012-12-18,3.2687451027467214,2.4095792200603583,1.3565626211969248
2012-12-19,3.276786026111873,2.412620549169002,1.358185408493069
2012-12-20,3.2815957979927464,2.426567520762235,1.3523612139018202
2012-12-21,3.2935609209091368,2.413529183124846,1.364624444542616
2012-12-24,3.3178454470926932,2.4229055122436645,1.3693664199146975
2012-12-25,3.355221656545752,2.4912596128995497,1.3467972744280339
2012-12-26,3.377340093595509,2.5006450995834326,1.350587532056476
2012-12-27,3.3714262438861144,2.4873920679206427,1.3554060444940181
2012-12-28,3.397256235931547,2.5234677867386246,1.3462649508683533
2012-12-31,3.417904315971866,2.5671218994010956,1.331414887921472
2013-01-04,3.3975808433439942,2.568604407434315,1.322734179506339
2013-01-07,3.4131287817716474,2.5803830711217204,1.3227217384773506
2013-01-08,3.453462735104476,2.569541531592582,1.3439995783855054
2013-01-09,3.462042280109425,2.5703514673471757,1.3469139625805926
2013-01-10,3.469370978442644,2.57487225196735,1.347395380796793
2013-01-11,3.43877097749884,2.526704477235311,1.360970785654166
2013-01-14,3.4981565750012886,2.6228538228764116,1.3337215152787114
2013-01-15,3.5285441294982354,2.641302246452461,1.3359107744058563
2013-01-16,3.5365284964792036,2.6222097408002085,1.3486825410845955
2013-01-17,3.5226858082891837,2.5974497198802595,1.3562094316311066
2013-01-18,3.5483086497907603,2.640877945937806,1.3436094823120328
2013-01-21,3.5653158685615725,2.6566075901969284,1.3420558917763552
2013-01-22,3.5472407425021335,2.6423624889854844,1.3424504613914916
2013-01-23,3.5540433933395694,2.6531053303133723,1.3395787015059002
2013-01-24,3.5141024085555768,2.6279718842402375,1.3371917826173871
2013-01-25,3.518593076455557,2.6166968866313796,1.3446697225161754
2013-01-28,3.5568011339756107,2.698289773848843,1.318168703912844
2013-01-29,3.5722123068383143,2.7227129998758643,1.3120047199250089
2013-01-30,3.5604659595557298,2.735782880237364,1.3014431756539153
2013-01-31,3.555194012176683,2.733921859514812,1.3004007410832226
2013-02-01,3.525808128033162,2.7913520025559784,1.2631184188897202
2013-02-04,3.476001360683912,2.796138356563023,1.2431435492185614
2013-02-05,3.5133242416824446,2.8201993500163822,1.2457715947144077
2013-02-06,3.5765011341697095,2.824441337655704,1.2662685135242417
2013-02-07,3.6268121373617976,2.8081876771734464,1.291513443650009
2013-02-08,3.7604069795959223,2.820250225377851,1.3333593401600068
2013-02-18,3.7689179825803523,2.7853965327423653,1.3530992583198413
2013-02-19,3.6854486810638316,2.732623520290112,1.3486851202512382
2013-02-20,3.733026209461891,2.749950650899375,1.3574884364710327
2013-02-21,3.675230408000927,2.6562524801738716,1.3836148617018347
2013-02-22,3.7108150380976417,2.6420633418600437,1.4045140323869694
2013-02-25,3.712476217471306,2.650565632268817,1.4006354614556442
2013-02-26,3.6614281469728542,2.612546474642702,1.4014786655512415
2013-02-27,3.6727086688174793,2.6401026054290115,1.3911234590902088
2013-02-28,3.723302066889143,2.720129549020446,1.368795860561109
2013-03-01,3.808767040259485,2.7155599240532604,1.4025715310213067
2013-03-04,3.698149830545008,2.590283416463674,1.427700848115618
2013-03-05,3.786346536223337,2.66872508379172,1.4187847819992392
2013-03-06,3.902139338991409,2.6965996943408284,1.447059178705896
2013-03-07,3.8345415895773423,2.6653388197323142,1.4386694709089383
2013-03-08,3.7765127641719842,2.6525670689890255,1.4237199912201763
2013-03-11,3.76346339280721,2.63775725126527,1.4267663906532586
2013-03-12,3.6666947255890454,2.6003567380346237,1.4100737302530155
2013-03-13,3.668125040299967,2.5717352771791444,1.426322947330496
2013-03-14,3.706554596047331,2.5786410987450066,1.4374061585581903
2013-03-15,3.7341669666685537,2.5843391392295842,1.444921415299133
2013-03-18,3.6799278221547755,2.5463047189950285,1.4452032369508248
2013-03-19,3.6881269658861395,2.5693044524081348,1.435457352058595
2013-03-20,3.733523024288333,2.655870914962851,1.4057622316107767
2013-03-21,3.7681254741394636,2.6607691947651286,1.4161790062636694
2013-03-22,3.771858449884512,2.6641473187667,1.415784488836225
2013-03-25,3.7847106697001167,2.658845088594355,1.4234415859484957
2013-03-26,3.7787900532182883,2.6201319910377965,1.4422136236432745
2013-03-27,3.7643491632756443,2.6287604523430144,1.4319863797100567
2013-03-28,3.6839811320214038,2.5430578534260486,1.4486422819906692
2013-03-29,3.6800129747898143,2.538764990425257,1.449528801865742
2013-04-01,3.703507224177419,2.5368357967183357,1.4598923702386633
2013-04-02,3.6381774922087087,2.529920817587409,1.438059826583094
2013-04-03,3.620336416948241,2.527027027027027,1.4326464965463626
2013-04-08,3.6516799732878344,2.515582105710861,1.4516242443440068
2013-04-09,3.6668456930284528,2.5330130220575215,1.4476221247571555
2013-04-10,3.650531442726396,2.5288198747652104,1.443571161059991
2013-04-11,3.6360605438708933,2.521256743529163,1.4421619508615648
2013-04-12,3.618744116247775,2.505216759565077,1.4444834373836835
2013-04-15,3.562370390304958,2.479479931704915,1.4367409652133933
2013-04-16,3.588630385100622,2.5026526413470167,1.4339306725239718
2013-04-17,3.6458072533325416,2.5015140507573306,1.457440245929771
2013-04-18,3.6581227658719846,2.508003711866373,1.4585794863715458
2013-04-19,3.7161400127358837,2.5781872905206993,1.4413770583693164
2013-04-22,3.722738093864808,2.5749750201975186,1.445737556545014
2013-04-23,3.6572626569879523,2.492354450678372,1.4673926720144135
2013-04-24,3.7005147048721576,2.539269674011034,1.4573145746378404
2013-04-25,3.6275181625205115,2.511080653728045,1.444604400553587
2013-04-26,3.55607053115758,2.4901515475267453,1.4280538606935473
2013-05-02,3.5986915349847375,2.49252539189291,1.4437933297248247
2013-05-03,3.6919456195766265,2.5365559822302535,1.4554954219187004
2013-05-06,3.731780174345475,2.570205963813373,1.4519381819535944
2013-05-07,3.7232464206527145,2.574230204905606,1.4463533267372417
2013-05-08,3.762704437908251,2.5873153478755464,1.4542890726473758
2013-05-09,3.7651238094842405,2.5720486694057962,1.4638618056765127
2013-05-10,3.7709461724099262,2.5853189986914855,1.4585999539393497
2013-05-13,3.799940608320396,2.5750747359059987,1.4756622615007127
2013-05-14,3.7714878216476304,2.5369894403099735,1.4865997318407538
2013-05-15,3.820175792749236,2.5508143110356802,1.4976299043885206
2013-05-16,3.842002446993896,2.5973998620260197,1.479172499838767
2013-05-17,3.8879238774587694,2.637427578922948,1.4741348382526922
2013-05-20,3.9320217884113196,2.655293988363787,1.480823519219528
2013-05-21,3.9979185345933357,2.6606318312891615,1.5026199745404896
2013-05-22,3.9552266639555946,2.6638685217858473,1.4847679724463374
2013-05-23,3.9401153850681268,2.6280675299198,1.499244345973243
2013-05-24,3.9801726015557874,2.6426982663711827,1.5061017945953987
2013-05-27,4.025981871747268,2.645098565925311,1.5220536291580102
2013-05-28,4.015908975240126,2.690654399599509,1.4925398727677084
2013-05-29,4.041366145275776,2.6888249216010682,1.5030231655504493
2013-05-30,4.043631461545491,2.6804426970453625,1.508568515940581
2013-05-31,4.009399536330944,2.6520572978671013,1.5118072824276745
2013-06-03,3.9688357573785704,2.6481877178737356,1.4986988009162736
2013-06-04,3.8995906706261536,2.6105837031972112,1.4937619758563119
2013-06-05,3.9250850696413506,2.6053669436321347,1.5065382936690679
2013-06-06,3.8843417379253338,2.572100562274495,1.5101826868271555
2013-06-07,3.850453208567181,2.527650758958642,1.523332760635617
2013-06-13,3.7728518297729834,2.441953247577824,1.5450139487786179
2013-06-14,3.8429755981158156,2.4590819642773565,1.5627684046087256
2013-06-17,3.853967025799276,2.445923560786899,1.5756694475600794
2013-06-18,3.8546518809189894,2.4610905235481697,1.5662373423638694
2013-06-19,3.8478151110989938,2.442795743563758,1.5751685834712787
2013-06-20,3.7434021445819736,2.36210843778045,1.5847715052825657
2013-06-21,3.7265662186543493,2.357965148342379,1.5804161572422224
2013-06-24,3.5444030619501317,2.209221871521397,1.6043671790689145
2013-06-25,3.562270679234664,2.203331522170465,1.6167656312226362
2013-06-26,3.644747560471184,2.2062578729621873,1.6520043305625183
2013-06-27,3.5908713741849225,2.198563483293549,1.6332807314736406
2013-06-28,3.570018512699203,2.239166091775082,1.5943518106194157
2013-07-01,3.66008451299469,2.252066048429274,1.625211887345601
2013-07-02,3.7330838806562956,2.2608847835863872,1.651160602149126
2013-07-03,3.755017673406945,2.2424109223296034,1.6745448552783178
2013-07-04,3.755818048945633,2.26087969605024,1.6612197701218034
2013-07-05,3.7257339154713285,2.2658349562573643,1.6443094874065232
2013-07-08,3.6295392106607336,2.2014979741431064,1.6486679766641468
2013-07-09,3.6344998220897926,2.2005313422751867,1.6516464693168098
2013-07-10,3.6999225207562993,2.263002216130746,1.6349619520401455
2013-07-11,3.7712095608237592,2.3674218605323194,1.592960521187295
2013-07-12,3.763081070689414,2.31520847705623,1.6253746079377454
2013-07-15,3.82980939757328,2.3476913778472395,1.6313087119164262
2013-07-16,3.8685573147788657,2.3584270966245215,1.640312443965601
2013-07-17,3.81111667313425,2.322802133509158,1.6407409904418462
2013-07-18,3.7994765076403074,2.284637472349241,1.6630544467667299
2013-07-19,3.7278132154136814,2.228827200817262,1.6725447419372728
2013-07-22,3.789195814889418,2.2407432279806345,1.6910441890766101
2013-07-23,3.875437884736039,2.305513668174612,1.680943356889492
2013-07-24,3.9030178465262932,2.2885274024871944,1.7054713184926056
2013-07-25,3.8379083307999395,2.276858629580563,1.6856155586203212
2013-07-26,3.8461361416015487,2.2629442182186703,1.699615974020396
2013-07-29,3.808372679942813,2.214065205933288,1.7200815358721477
2013-07-30,3.775892434590575,2.227718117937228,1.6949597007752895
2013-07-31,3.781541430818093,2.231414721701598,1.69468337465051
2013-08-01,3.883084714456052,2.284674102609499,1.6996230272058879
2013-08-02,3.8829770636478407,2.2866063488381085,1.6981397194234569
2013-08-05,3.9406208226140977,2.3182162284263033,1.6998504170118534
2013-08-06,3.9909653300429317,2.3337962991227053,1.7100744103258587
2013-08-07,3.9606242245089334,2.320550390010521,1.706760707097154
2013-08-08,3.984406174798176,2.316642144742439,1.7199057626749499
2013-08-09,4.007397616759864,2.326031701455239,1.7228473774681181
2013-08-12,4.041223977024033,2.393984904262745,1.6880741268786632
2013-08-13,4.060729926928581,2.400368744619931,1.6917108823509317
2013-08-14,4.073838188794157,2.3902058824127943,1.7043879854742132
2013-08-15,4.045765661591675,2.362220363575683,1.7126961243647973
2013-08-16,3.9693345908626587,2.344483177552976,1.693053133785161
2013-08-19,4.040685096792893,2.3722468798140808,1.7033155912969613
2013-08-20,4.053659223774798,2.3529498552087214,1.7227988156233842
2013-08-21,4.061676287193014,2.34900599718761,1.7291042645510184
2013-08-22,4.077332529164064,2.3442674660203457,1.7392778717719393
2013-08-23,4.07538380652222,2.326966790599047,1.751371709723913
2013-08-26,4.135930509785467,2.376506165076303,1.7403407449829504
2013-08-27,4.15629935210864,2.3818633406390353,1.744978093912616
2013-08-28,4.1243052422424915,2.368813810422123,1.7410845985854582
2013-08-29,4.122061640571205,2.3588982024717287,1.747452109740038
2013-08-30,4.060762633580192,2.3544201531551883,1.724740007911635
2013-09-02,4.091749154171569,2.360966794669076,1.7330820422423971
2013-09-03,4.1500794709575235,2.395722806610541,1.7322869989408496
2013-09-04,4.174035727647373,2.391853226617175,1.7451052937519747
2013-09-05,4.173433284740707,2.3827322918129337,1.7515325993946615
2013-09-06,4.1936359700836086,2.3990602303229367,1.7480327992928735
2013-09-09,4.196861888671519,2.483337301611528,1.6900087982200496
2013-09-10,4.203450044212343,2.518222536971125,1.669213098723269
2013-09-11,4.150837286987953,2.5263575072700895,1.643012627881487
2013-09-12,4.146610774388676,2.551353589867256,1.625259152967668
2013-09-13,4.176482068380795,2.5324757782404044,1.6491696008570187
2013-09-16,4.207670063040188,2.5217797422450685,1.6685319469234137
2013-09-17,4.176873661431382,2.469817683054638,1.6911667974882583
2013-09-18,4.183246970653386,2.4750965105607077,1.6901348908231921
2013-09-23,4.250786919701729,2.515570913131338,1.6897901377029458
2013-09-24,4.269835991901095,2.486670655295006,1.717089467722272
2013-09-25,4.25319875982942,2.4715555854024345,1.7208590350748219
2013-09-26,4.175202082836919,2.426187990565673,1.7208897657858153
2013-09-27,4.177769695379521,2.436900306676679,1.7143785832900778
2013-09-30,4.2302751431904015,2.4512125633652624,1.7257887816072015
2013-10-08,4.288201663878571,2.4845603453012535,1.7259398315634895
2013-10-09,4.332591058556589,2.4965384404056192,1.7354393541213253
2013-10-10,4.3025294686432725,2.471847609977269,1.7406127510760416
2013-10-11,4.34890548660784,2.511724735804248,1.7314419150374498
2013-10-14,4.388517036776458,2.5158293599676025,1.7443619613505785
2013-10-15,4.365679349572759,2.5107163861399235,1.7388182009218216
2013-10-16,4.275657389073805,2.463762497532545,1.7354178389174568
2013-10-17,4.268162056567333,2.455580721901029,1.738147729577818
2013-10-18,4.30353499827609,2.4685274838877733,1.7433611844978518
2013-10-21,4.380570376628104,2.5145880011477484,1.742062864623809
2013-10-22,4.36644493890981,2.48871177479716,1.7545000522471883
2013-10-23,4.261516002015229,2.460832076711905,1.7317378306078273
2013-10-24,4.2409247070506995,2.4425372967274934,1.736278382619861
2013-10-25,4.173039957169313,2.4100259057340603,1.7315332367343426
2013-10-28,4.163579425910652,2.4073752994015023,1.7295099052257286
2013-10-29,4.098070556448077,2.413581075993545,1.6979212329799676
2013-10-30,4.1624248475538534,2.44961914704404,1.699213060355386
2013-10-31,4.103154793964819,2.4152752255304772,1.698835292389349
2013-11-01,4.079056418584733,2.426714041803267,1.6808970271394756
2013-11-04,4.090900572702026,2.422129154227641,1.688968800677566
2013-11-05,4.134194689931415,2.4255021906930647,1.7044695757418002
2013-11-06,4.109069830000096,2.394772454858292,1.7158497967788116
2013-11-07,4.070432620990018,2.3815285807605666,1.7091680754425722
2013-11-08,4.033569533238525,2.3483507225318836,1.7176180263609502
2013-11-11,4.039805739388191,2.356433799962149,1.7143726844577944
2013-11-12,4.072850810668178,2.380966916769944,1.7105868972734277
2013-11-13,4.031949805056434,2.3281745716803317,1.7318073370015477
2013-11-14,4.075348535609806,2.3448464276338687,1.738002321850198
2013-11-15,4.126684046326924,2.391888839370204,1.7252825375503236
2013-11-18,4.1790578794674005,2.4714263619843018,1.6909497866293073
2013-11-19,4.191577451053331,2.4543932909643322,1.7077855722977708
2013-11-20,4.210677022671462,2.4673024051835886,1.7065913824852577
2013-11-21,4.21890352933994,2.452181230247641,1.7204697097016282
2013-11-22,4.201605038893539,2.439943670799781,1.7220090320840515
2013-11-25,4.188792144551194,2.4304472758278948,1.72346554735459
2013-11-26,4.182138475774518,2.4292130395586464,1.721602184604753
2013-11-27,4.229432390989825,2.456751872722056,1.7215545606987395
2013-11-28,4.254531609288959,2.4822394113110176,1.7139892267852959
2013-11-29,4.286988959484183,2.4816431520745956,1.727480018994818
2013-12-02,4.116478135119401,2.4611342763590334,1.6725938826910571
2013-12-03,4.151346277029431,2.485550379835449,1.6701919666195875
2013-12-04,4.166285845047198,2.518467756213408,1.654293899442784
2013-12-05,4.137263619664141,2.511408291055908,1.647387895627537
2013-12-06,4.136024633705931,2.495219751036331,1.6575793101942746
2013-12-09,4.162722754758052,2.493779978306746,1.6692421909588444
2013-12-10,4.161047892823368,2.496272871018749,1.6669042640058862
2013-12-11,4.148620440475066,2.4550037953019657,1.6898631474273489
2013-12-12,4.190173812297833,2.4522076854356047,1.7087352907278324
2013-12-13,4.1904419858593425,2.4487725810291883,1.711241794490427
2013-12-16,4.166168592837067,2.409378771136169,1.729146385261984
2013-12-17,4.128534205617042,2.397629615158416,1.7219232610055417
2013-12-18,4.11526208966087,2.3984944963033965,1.7157688274888216
2013-12-19,4.09401569250841,2.373244036898882,1.7250715176590357
2013-12-20,4.06650237634297,2.318019849531031,1.7543000665700437
2013-12-23,4.064654796493775,2.3245990512762593,1.7485401597588126
2013-12-24,4.0926145968777705,2.328308882634611,1.7577627381839258
2013-12-25,4.1398218251496015,2.345466089536566,1.7650316257471779
2013-12-26,4.09614124861483,2.3049937219803946,1.7770726269464738
2013-12-27,4.141857259886611,2.3438055177382036,1.7671505713850975
2013-12-30,4.167311731946758,2.3397151386760604,1.7811192751887106
2013-12-31,4.166050761872157,2.370818299664019,1.757220602887429
2014-01-02,4.197540474901357,2.3626294014818976,1.7766393968806786
2014-01-03,4.212649507064106,2.3308841934321944,1.8073182352577708
2014-01-06,4.139678165988381,2.2778293314774003,1.8173785492978025
2014-01-07,4.157950767277568,2.277182196879509,1.8259192316606607
2014-01-08,4.207690594518939,2.281160650146419,1.8445393551080513
2014-01-09,4.185177779283934,2.2611259327997524,1.850926442695652
2014-01-10,4.143412318485955,2.243451832225268,1.8468915886534214
2014-01-13,4.136007120512602,2.232084241458536,1.852979848919127
2014-01-14,4.179014109509847,2.251586802524232,1.8560306468419494
2014-01-15,4.208827136085401,2.2476134367934684,1.8725760698823173
2014-01-16,4.203265948967932,2.2505672602803846,1.8676473363627766
2014-01-17,4.1803123955766965,2.216627289136889,1.8858887175409755
2014-01-20,4.152082738119003,2.2039135363056754,1.8839589982640423
2014-01-21,4.209065415140549,2.2257054886374967,1.8911151707305174
2014-01-22,4.271324767871796,2.2830786512738173,1.8708618581706153
2014-01-23,4.3310372422524654,2.2709631926934843,1.9071366969693695
2014-01-24,4.36465718862084,2.284993599879527,1.9101397871971983
2014-01-27,4.357556278080336,2.2547136022401437,1.9326429191498815
2014-01-28,4.354004841844909,2.2587185106950187,1.9276438481504987
2014-01-29,4.392418764438825,2.2667832729951547,1.937732123210446
2014-01-30,4.3768850739084515,2.2410087973675052,1.9530869664813197
2014-02-07,4.447722653992685,2.251217447399964,1.9756965988023798
2014-02-10,4.579503068620186,2.3072322378850503,1.984847035952496
2014-02-11,4.588216517256083,2.3255758582164727,1.9729377999197462
2014-02-12,4.602176168916365,2.331359369308319,1.97403121522263
2014-02-13,4.476160853757129,2.3194626747823044,1.9298266371875306
2014-02-14,4.597288213464845,2.335764158104343,1.9682159251882292
2014-02-17,4.678045144340578,2.3521175342950813,1.9888653845448951
2014-02-18,4.675502920643208,2.3224012356607795,2.013219270146019
2014-02-19,4.628074950731308,2.349074170171979,1.9701697841207286
2014-02-20,4.58590378321075,2.3274826667643476,1.970327791779453
2014-02-21,4.603815565527626,2.30393551446183,1.9982397669680516
2014-02-24,4.6672079196051905,2.2532789170467056,2.07129613839477
2014-02-25,4.487731463563763,2.195688007863296,2.0438839432069122
2014-02-26,4.5316067308025465,2.2012802275960173,2.0586232838476186
2014-02-27,4.40557360544292,2.191820462884389,2.0100066041199742
2014-02-28,4.450915297085729,2.2171187451286842,2.0075222884949233
2014-03-03,4.4882061250556475,2.2287173100364877,2.013806822805252
2014-03-04,4.471073515394398,2.222513568458904,2.0117193338417505
2014-03-05,4.494323476279998,2.201861224223998,2.0411474741619706
2014-03-06,4.499495152149043,2.211688309045436,2.034416483437951
2014-03-07,4.517928898765146,2.2063199409031804,2.0477215543434215
2014-03-10,4.325077488416541,2.1345134382179785,2.026259198455728
2014-03-11,4.302593364991167,2.145577811830353,2.0053308443382454
2014-03-12,4.267308943293938,2.1511466288967984,1.9837368991821815
2014-03-13,4.357449933987547,2.1778043007995573,2.0008454994729123
2014-03-14,4.369978094325831,2.16000097680694,2.0231370917182776
2014-03-17,4.479306537841038,2.180556657855054,2.054203233704183
2014-03-18,4.506064124385815,2.1755657848949017,2.071214833250145
2014-03-19,4.510310261675673,2.1580005575939616,2.0900412865066134
2014-03-20,4.404419536861333,2.123504009995991,2.0741281938382814
2014-03-21,4.433909630089692,2.196592571790222,2.0185398453187235
2014-03-24,4.398407226032135,2.2146594301552516,1.9860422628159125
2014-03-25,4.387616027665711,2.2125084198723233,1.9830957424871207
2014-03-26,4.40657740639042,2.209056017843007,1.9947784803995798
2014-03-27,4.304069924521213,2.1934474569441815,1.9622398115327828
2014-03-28,4.151047130682156,2.1896399448918085,1.895766991448113
2014-03-31,4.1279584281917225,2.1838808539734673,1.8901939731195037
2014-04-01,4.14474091657517,2.200985150499494,1.8831298864667751
2014-04-02,4.075635237880406,2.218905487823491,1.8367773031550654
2014-04-03,4.067919205940594,2.2029112916847273,1.8466105381980946
2014-04-04,4.109622805388674,2.2237335596269414,1.8480733843303212
2014-04-08,4.131031718216981,2.2764852044273773,1.814653444785332
2014-04-09,4.232339532128563,2.2778120338545005,1.8580723383775537
2014-04-10,4.287563820414823,2.313568255402455,1.8532255577084684
2014-04-11,4.256461416057209,2.3104190705274963,1.842289769139331
2014-04-14,4.293862282376234,2.3083301281855606,1.8601595282869616
2014-04-15,4.276915065233816,2.2684947201549868,1.8853537666341191
2014-04-16,4.256042448725559,2.271611344798605,1.8735786200710705
2014-04-17,4.256844117216955,2.2637531364660344,1.8804365408245678
2014-04-18,4.290854436400614,2.2634234641237123,1.895736482550703
2014-04-21,4.2161364106086365,2.2255406524663357,1.8944324409155726
2014-04-22,4.176263362960592,2.2352547939853116,1.868361215105411
2014-04-23,4.148261484431532,2.2330905561084013,1.8576324516192895
2014-04-24,4.111961207320376,2.2288231307883444,1.8449024287835516
2014-04-25,4.048217076915002,2.2057786270571453,1.8352780407143388
2014-04-28,3.9057111712419976,2.1723463920211152,1.7979228292446439
2014-04-29,3.9424607651326395,2.1962588294189826,1.7950802120056188
2014-04-30,3.9787957258664095,2.1964511382853376,1.8114656212987563
2014-05-05,4.049490681614251,2.194223814960205,1.845523074722299
2014-05-06,4.0803305344195495,2.195096836163021,1.85883851099338
2014-05-07,4.052691720302446,2.174734481488491,1.8635340336023887
2014-05-08,4.051057126067456,2.1728826183310033,1.8643699810986953
2014-05-09,4.030707917570812,2.171269869372422,1.8563827437700484
2014-05-12,4.069773513434171,2.2182207054581125,1.8347017965435821
2014-05-13,4.070598374101679,2.2129276328508314,1.8394629420654305
2014-05-14,4.0717375565557585,2.210404214921947,1.8420782629115364
2014-05-15,4.032767591045954,2.181620970416995,1.8485188975219335
2014-05-16,4.034986496931961,2.1835216739214935,1.8479260110504565
2014-05-19,4.030985615424922,2.1521732936912517,1.8729837542548757
2014-05-20,4.0474495686588075,2.152812288231308,1.8800754672317863
2014-05-21,4.06329940464001,2.1732987787878235,1.869646016598947
2014-05-22,4.069850878631814,2.1681735948733913,1.877087189076975
2014-05-23,4.093288394314397,2.186026776720249,1.8724786164127691
2014-05-26,4.122477969334648,2.193721166388887,1.8792169362712183
2014-05-27,4.116426480233595,2.184872923522122,1.8840576199725678
2014-05-28,4.141514087613681,2.2073313430891925,1.8762539210889704
2014-05-29,4.1137497611422855,2.1928949505186237,1.8759447460852496
2014-05-30,4.113402494776231,2.194217709916829,1.8746555896370687
2014-06-03,4.112217251674577,2.1875571075932494,1.8798216683809637
2014-06-04,4.096867275611152,2.165534181120357,1.8918506626811145
2014-06-05,4.121428143282188,2.1882530825381514,1.883433034401007
2014-06-06,4.129807139449701,2.17208896269208,1.9013066271149557
2014-06-09,4.118932054115491,2.1716463470472958,1.8966863825299385
2014-06-10,4.141379687368217,2.199105814646813,1.8832107394674606
2014-06-11,4.156758453281917,2.19859502601766,1.8906430716397553
2014-06-12,4.156955711473984,2.1911102428382754,1.8971914923318653
2014-06-13,4.184619381660224,2.2143419678996823,1.8897800982516546
2014-06-16,4.205720525201468,2.2302283082721304,1.8857802627659457
2014-06-17,4.193260291070508,2.207658980417056,1.8994148680872558
2014-06-18,4.1728348605674075,2.198058799707772,1.8984182138904466
2014-06-19,4.122093864762207,2.1641432487377825,1.9047232049756329
2014-06-20,4.138935261151921,2.1741372047448397,1.9037139202250453
2014-06-23,4.159335218574891,2.1714723533110702,1.9154447037894446
2014-06-24,4.170435932314828,2.182370873245054,1.910965722390549
2014-06-25,4.165687664310202,2.170720415468552,1.9190346369000422
2014-06-26,4.192915325337984,2.186700366506104,1.9174622136444772
2014-06-27,4.205542816282024,2.1879030600512417,1.9221796856865898
2014-06-30,4.216856081477538,2.20302321747996,1.9141223969038343
2014-07-01,4.233641458104348,2.202454430938732,1.922237935383699
2014-07-02,4.243593205625471,2.208872866541717,1.921157740630577
2014-07-03,4.262395028003931,2.218361121455768,1.921416214329791
2014-07-04,4.266020805934069,2.216837913133373,1.9243719988099148
2014-07-07,4.276753235278597,2.2143897907394634,1.9313461673115992
2014-07-08,4.2903849558193095,2.2186470409872263,1.933784363424579
2014-07-09,4.254807631220972,2.1863279588601476,1.9460976172299584
2014-07-10,4.267648582599679,2.180362313974241,1.9573116611160146
2014-07-11,4.279351031212889,2.1856146862923462,1.9579622419504947
2014-07-14,4.301920922899907,2.209779465483102,1.9467648197913816
2014-07-15,4.295121682465288,2.213053803747276,1.9408121371439453
2014-07-16,4.268268125086147,2.208873884048946,1.9323276697274614
2014-07-17,4.263323650757284,2.1948322842833803,1.9424370970328027
2014-07-18,4.259060906758277,2.2020321654385353,1.934150178914432
2014-07-21,4.248778646421511,2.204220823488951,1.927564879682214
2014-07-22,4.276735251383854,2.231086066866505,1.9168849265373267
2014-07-23,4.243050169915748,2.236310966489417,1.8973435418852014
2014-07-24,4.217142070375716,2.2761789347513313,1.8527287138945565
2014-07-25,4.230497376968358,2.3000282867009774,1.8393240645906705
2014-07-28,4.266034064123473,2.364581997855095,1.8041387729388025
2014-07-29,4.288494807593758,2.3721848118730886,1.807824915718747
2014-07-30,4.297453907806543,2.362662979220467,1.8189026304650684
2014-07-31,4.312311166719962,2.391397383378409,1.8032599670355964
2014-08-01,4.2803353442787735,2.3701833751528807,1.8059089390088583
2014-08-04,4.318201588854874,2.417210524280775,1.7864400082155552
2014-08-05,4.338845415742132,2.410833806474195,1.7997281289528715
2014-08-06,4.359873875893986,2.4045944521435825,1.8131431152589428
2014-08-07,4.30503787874725,2.368204323591719,1.8178490073094904
2014-08-08,4.352906632513174,2.371945697674182,1.8351628524976051
2014-08-11,4.418252083294741,2.4067597075277223,1.8357678456538848
2014-08-12,4.4519816271904835,2.3983174500454827,1.8562937225453846
2014-08-13,4.488073520842305,2.4001988209126224,1.8698757293513772
2014-08-14,4.467487825777986,2.376840924954772,1.8795905855007928
2014-08-15,4.506581866278817,2.401963178448383,1.8762077232132979
2014-08-18,4.581692597352473,2.4161340016320816,1.8962907662644422
2014-08-19,4.562875450149501,2.416343608121336,1.8883388251628068
2014-08-20,4.566330516095896,2.4075645557461685,1.8966596368921322
2014-08-21,4.578827838835641,2.3954602897453587,1.9114605482866835
2014-08-22,4.614223198288735,2.406774970136163,1.917180980998687
2014-08-25,4.581325069610507,2.383880039967684,1.9217934597382729
2014-08-26,4.5220262987852795,2.364780411764826,1.9122394097515845
2014-08-27,4.547999330494062,2.3683447395893746,1.9203282590027826
2014-08-28,4.502079348958099,2.3517420741274364,1.9143593162224217
2014-08-29,4.547694438520732,2.3792239268860005,1.911419260343809
2014-09-01,4.628955004108627,2.396552075002493,1.931506121812025
2014-09-02,4.693725074638204,2.4282403026473505,1.9329738780469727
2014-09-03,4.730383699556817,2.4510100794266148,1.9299731728004297
2014-09-04,4.7662861978859725,2.4687004601167692,1.9306863165005153
2014-09-05,4.795149935154462,2.4921387391457417,1.92411034740311
2014-09-09,4.819907784886646,2.488033097475158,1.9372362006670496
2014-09-10,4.835633803209175,2.475018162504045,1.9537770980705975
2014-09-11,4.822337962530523,2.4658819650913624,1.9556240042300048
2014-09-12,4.871723132665374,2.4810468928381737,1.9635755965468293
2014-09-15,4.900508904196418,2.4798574268870177,1.9761252606961606
2014-09-16,4.729878795775626,2.4305856568110915,1.9459831759153834
2014-09-17,4.744815458144882,2.443366565119445,1.941917158841424
2014-09-18,4.776012664617789,2.450833033168701,1.9487303296393248
2014-09-19,4.849079027277191,2.467669725293398,1.9650437729062995
2014-09-22,4.807580786615809,2.4205682981377583,1.9861372184021728
2014-09-23,4.845211292142737,2.4414699316438644,1.9845467803408132
2014-09-24,4.90844980252251,2.484614273184411,1.9755379559305133
2014-09-25,4.918635629681981,2.479629505267635,1.983617157011969
2014-09-26,4.962265027857775,2.479869636973771,2.0010185026956964
2014-09-29,4.983412721165362,2.490653178590834,2.00084570746413
2014-09-30,5.005643605860046,2.493898009145355,2.007156502593084
2014-10-08,5.060520074752991,2.5217726196944628,2.006731310837264
2014-10-09,5.072530098154999,2.52540715551784,2.0085989251562353
2014-10-10,5.049118453332906,2.5099756408769287,2.011620499858261
2014-10-13,5.058283822954685,2.4979253027592763,2.0249940289916464
2014-10-14,5.059253804524921,2.4893945221480798,2.0323230245398505
2014-10-15,5.07344856608091,2.5070096073032597,2.0237052747230266
2014-10-16,5.00336494707474,2.487189583981994,2.0116540288273264
2014-10-17,4.916072107212725,2.4844799622301315,1.9787127213535405
2014-10-20,5.007623668143141,2.4976861885603694,2.0049050561589823
2014-10-21,4.982451449508373,2.475992934429799,2.0123043891705574
2014-10-22,4.9209109471092365,2.4609847027963134,1.999569904484905
2014-10-23,4.850582763193267,2.437882201153039,1.9896706907737784
2014-10-24,4.843927495831495,2.4325606383433356,1.9912874604147135
2014-10-27,4.886119546248241,2.4103036852076833,2.0271800504786723
2014-10-28,5.004758204950554,2.4589618984242883,2.035313441886847
2014-10-29,5.062675819659239,2.494300942008193,2.0296972728492073
2014-10-30,5.07106016283468,2.5121490363189034,2.018614377380012
2014-10-31,5.038547528111132,2.5522388211568243,1.9741677331854732
2014-11-03,5.108899041499844,2.5565357541865334,1.998367921564801
2014-11-04,5.079471654790288,2.557170678697672,1.9863639518098906
2014-11-05,5.068414721831196,2.547276438399095,1.9897387835207156
2014-11-06,5.112401272722813,2.5499412898328644,2.004909404427074
2014-11-07,5.054799146013833,2.5459587665370362,1.9854206644867516
2014-11-10,5.082840273047282,2.610648823659892,1.9469643817974729
2014-11-11,4.887888215364383,2.603406207201102,1.8774973347779276
2014-11-12,4.97361028392857,2.639737320333661,1.8841307601393873
2014-11-13,4.8893546845974525,2.6249142750159242,1.8626721379568827
2014-11-14,4.880797189142218,2.626280787224993,1.858444539854177
2014-11-17,4.9379112348056315,2.6120438260713845,1.8904396570682513
2014-11-18,4.9700537464007635,2.5859091528845313,1.9219753875950225
2014-11-19,5.021738625098875,2.581642745071704,1.9451717843939706
2014-11-20,5.007961595054853,2.58151657417526,1.939930057065309
2014-11-21,5.058431312926382,2.62868413930081,1.9243207037692434
2014-11-24,5.113225130953111,2.695639167516285,1.8968507330542863
2014-11-25,5.203620751154068,2.7325777324647893,1.9042901101519238
2014-11-26,5.237432568401873,2.770690500756008,1.8902986699426705
2014-11-27,5.3075973820713,2.802713488279334,1.8937352691479663
2014-11-28,5.289380324562875,2.857993638544802,1.850732014664685
2014-12-01,5.238182254708377,2.8691790955174734,1.825672807560882
2014-12-02,5.284717416018607,2.9751300882992773,1.776297929560316
2014-12-03,5.337408947956675,3.0195025610656963,1.7676451137279057
2014-12-04,5.420359247651545,3.158699585060552,1.7160097380858197
2014-12-05,5.312927939992103,3.179593078508823,1.6709458754023263
2014-12-08,5.353071327889778,3.3098299338416797,1.6173251903841879
2014-12-09,5.108773111210325,3.1613064385822462,1.616032235553052
2014-12-10,5.246719515224461,3.2779463448087798,1.6006117743609773
2014-12-11,5.316369850856791,3.2387377212315096,1.6414944056770595
2014-12-12,5.370910192152728,3.2491315575797164,1.6530294624799766
2014-12-15,5.46489048018199,3.273552748592279,1.6694065744112565
2014-12-16,5.515619401622717,3.361235416577635,1.6409500430763186
2014-12-17,5.472598897156883,3.4194327600697605,1.6004405646055855
2014-12-18,5.449472557430346,3.4045049115073964,1.6006652065652358
2014-12-19,5.386916724511406,3.4423968807298375,1.5648738106482663
2014-12-22,5.120681889347,3.4539089575231436,1.4825758154954747
2014-12-23,5.0245605578167085,3.383134207168542,1.4851792007453146
2014-12-24,5.116759616626901,3.2869400912093485,1.556693908206984
2014-12-25,5.2114057855482745,3.393812945540978,1.535560700950055
2014-12-26,5.251754659597203,3.5061660938100965,1.4978624854278373
2014-12-29,5.1566222424886465,3.5159504433279,1.4666367816060075
2014-12-30,5.075880727143826,3.518086191002387,1.4427960122539196
2014-12-31,5.086533031262598,3.5955703840275786,1.4146665168503578
2015-01-05,5.1295051189364465,3.7052942936159563,1.3843718507796632
2015-01-06,5.216840679104204,3.704803855131391,1.4081287115587902
2015-01-07,5.229589058756576,3.7075826673748518,1.410511788388357
2015-01-08,5.206130028296696,3.6215717637673817,1.4375333053958204
2015-01-09,5.183794076825268,3.6088162931397627,1.4364250368408844
2015-01-12,5.096432384617476,3.57508898100721,1.4255400108060128
2015-01-13,5.158468630567731,3.5755611043616464,1.442701852941396
2015-01-14,5.1467093657149885,3.563740722877836,1.4441873766728053
2015-01-15,5.207284952321744,3.667219173092225,1.419954659522279
2015-01-16,5.2794747157917925,3.6987873348840146,1.4273528694120892
2015-01-19,5.10812100608154,3.413894468220197,1.4962738460818952
2015-01-20,5.284771434417214,3.4556804376095096,1.5292998093518713
2015-01-21,5.41527813217996,3.6110161437697017,1.4996549216550188
2015-01-22,5.532084093890222,3.630072019161696,1.5239598731619004
2015-01-23,5.472662558739795,3.634263131439549,1.505852042301639
2015-01-26,5.592822578789138,3.6711508210265835,1.5234521411531623
2015-01-27,5.63123081651161,3.637518137066364,1.5480969728038698
2015-01-28,5.589819163250298,3.587041638430841,1.5583368487731235
2015-01-29,5.550970091011284,3.5427546362716904,1.5668514082739275
2015-01-30,5.483983916732232,3.494516653540823,1.569311140977273
2015-02-02,5.456126122493407,3.412678547081077,1.5987811471901232
2015-02-03,5.542486056423872,3.497625138126607,1.5846426753990368
2015-02-04,5.538846180983955,3.4613235327037,1.6002104769031706
2015-02-05,5.509945301345343,3.4258918959619207,1.6083243338296473
2015-02-06,5.369202628771929,3.370411296772264,1.5930407763330976
2015-02-09,5.337861912837118,3.40449880646402,1.567884794878553
2015-02-10,5.391988118308986,3.4665891326157876,1.555415975772228
2015-02-11,5.457027514714165,3.494245996617806,1.5617181846945518
2015-02-12,5.4909207252024155,3.5031491848749585,1.5674241761983108
2015-02-13,5.61531279669279,3.530575074735906,1.590481062667341
2015-02-16,5.7299650480041135,3.560749251623433,1.609202064815904
2015-02-17,5.759265841277983,3.5839880992354454,1.6069433496463281
2015-02-25,5.76709382081232,3.539631906584696,1.6292919639705834
2015-02-26,5.819414121674456,3.6287309446333618,1.6037050446743542
2015-02-27,5.893907538443611,3.6353935819713996,1.621257067645332
2015-03-02,6.005513609106392,3.66431317244509,1.6389193080620579
2015-03-03,6.00778072091826,3.569313609973199,1.6831753601397246
2015-03-04,6.076557704158668,3.5926369106852505,1.6913921042468052
2015-03-05,6.126326048613466,3.5575552964303814,1.7220606675490233
2015-03-06,6.0757162735284425,3.539419247573754,1.716585645425673
2015-03-09,6.157715726444417,3.5996862007704564,1.7106256998530747
2015-03-10,6.203899487939817,3.5822471443659607,1.7318457487493861
2015-03-11,6.236551826264443,3.5863599085871503,1.7389642939437548
2015-03-12,6.2175186652534755,3.6557447440664066,1.7007529520065787
2015-03-13,6.281774002237376,3.680992150949233,1.706543710129202
2015-03-16,6.4505428903172515,3.770547032236664,1.7107710990388658
2015-03-17,6.59147761670071,3.8228987966959505,1.724209289138803
2015-03-18,6.722020791927836,3.9133887671271905,1.7176981874107171
2015-03-19,6.753550743319777,3.9069621914663704,1.7285938313073406
2015-03-20,6.8166727619449095,3.960722185931131,1.7210681390778662
2015-03-23,6.996655628454448,4.041600783073564,1.7311595093104715
2015-03-24,7.0749562529216465,4.042603027694511,1.7500991822480478
2015-03-25,7.159958094895062,4.009397696770636,1.7857939362468436
2015-03-26,7.080638411681221,4.019152538578786,1.7617242300997633
2015-03-27,7.165886069325456,4.041230410442067,1.7731941368177486
2015-03-30,7.217262092728505,4.159750670028511,1.7350227610346267
2015-03-31,7.246464991972384,4.1221293577290865,1.7579421612242947
2015-04-01,7.41209181311022,4.196092975740593,1.766426972891852
2015-04-02,7.574923994770505,4.196989399609684,1.8048470638203102
2015-04-03,7.674144694922754,4.243552565440977,1.8084245632822227
2015-04-07,7.818978692591562,4.334625567514657,1.8038417784433287
2015-04-08,7.795177071852748,4.371010608530374,1.7833809546560795
2015-04-09,7.710487621999782,4.336756227652997,1.7779389057735002
2015-04-10,7.86163819326348,4.420474687472654,1.778460176583041
2015-04-13,8.006207083527858,4.4984737391559175,1.7797607694893698
2015-04-14,8.039084963242503,4.51588430535799,1.780179566093914
2015-04-15,7.730551608490138,4.457203645931904,1.734394975546119
2015-04-16,7.821077515672731,4.592565685179194,1.7029865334125462
2015-04-17,7.885656052237384,4.67660160725442,1.686193675340022
2015-04-20,7.714911080193664,4.601085273210866,1.6767589866487773
2015-04-21,7.992073316366831,4.700032763732787,1.700429277437524
2015-04-22,8.239069133217026,4.822795010958553,1.7083598026654405
2015-04-23,8.379124228334035,4.823891883751834,1.7370049806790198
2015-04-24,8.432983604493625,4.78497121472048,1.7623896207672898
2015-04-27,8.54271068024499,4.891759615952071,1.7463471942462454
2015-04-28,8.397507068754502,4.8248778482571115,1.7404600350220119
2015-04-29,8.607805974173761,4.857911220459221,1.7719150440464535
2015-04-30,8.643277221998188,4.833043343772958,1.7883715512575433
2015-05-04,8.742237519113738,4.871561079941473,1.7945453984164699
2015-05-05,8.41341553390923,4.677314879822221,1.7987703949982972
2015-05-06,8.390273265894114,4.6330431402715115,1.8109637687082742
2015-05-07,8.252686857062123,4.548347873511641,1.8144361615617748
2015-05-08,8.540238776387877,4.6382090244751195,1.8412794100745231
2015-05-11,8.868477989451025,4.772650219679811,1.8581872924360243
2015-05-12,9.025404751263821,4.830535188452514,1.8684067912059148
2015-05-13,9.082376055426607,4.801042741408677,1.8917507184619942
2015-05-14,9.144441076759302,4.78307559875213,1.91183285481522
2015-05-15,9.139701087469675,4.698309106486202,1.9453171088407006
2015-05-18,9.288283409328882,4.655238025466171,1.995232758994909
2015-05-19,9.47600496352568,4.814052588843643,1.9684049537568218
2015-05-20,9.616909505045784,4.838164457658472,1.9877186046916817
2015-05-21,9.947204628989342,4.925728077297989,2.0194384409554917
2015-05-22,10.114183233779444,5.038019157626115,2.007571411964457
2015-05-25,10.297964120802545,5.188773028732369,1.9846626676053252
2015-05-26,10.647417483736048,5.289936649999898,2.0127684296061
2015-05-27,10.766386539837308,5.272146553601264,2.0421258078425524
2015-05-28,10.18372975944822,4.918637069416378,2.070437321503083
2015-05-29,10.304157937010224,4.925578503735269,2.0919690812350584
2015-06-01,10.739490500868794,5.165048830171939,2.0792621432992897
2015-06-02,11.132163462483621,5.2522400421655,2.119507747763529
2015-06-03,11.224969751209056,5.233640010012271,2.144772993506433
2015-06-04,11.209122639004104,5.272128238471135,2.1261096339065224
2015-06-05,11.254372219893167,5.322124473694386,2.1146390460275866
2015-06-08,10.993490094849523,5.447480346847865,2.0180871512846865
2015-06-09,11.05279449638559,5.410555009493343,2.0428208339056515
2015-06-10,11.302010492593775,5.402059841635175,2.092166844485143
2015-06-11,11.476623220714306,5.399493688402656,2.125499886288312
2015-06-12,11.590411974145605,5.4285180821209735,2.135096871523567
2015-06-15,11.363903050741056,5.312575168346571,2.1390573668396367
2015-06-16,10.990514675219366,5.1534919830605395,2.1326344760688567
2015-06-17,11.174267652427579,5.22879769310761,2.137062534883889
2015-06-18,10.841880279364364,5.016869252356038,2.1610848786367645
2015-06-19,10.297170177213408,4.718233933052094,2.1824204402159553
2015-06-23,10.271371027876704,4.869882193012982,2.1091621153820634
2015-06-24,10.397305944054791,4.9655634853285635,2.0938823911475613
2015-06-25,9.985517549703086,4.788914055234362,2.0851319181200907
2015-06-26,9.336952541213668,4.412109760539848,2.11621039547104
2015-06-29,8.816901084269624,4.264931409837667,2.067301965028604
2015-06-30,9.100215065961015,4.551307802041933,1.9994725608051
2015-07-01,8.786921866591678,4.327479614242659,2.030494109705807
2015-07-02,8.342940660013928,4.179915628300539,1.9959591058554411
2015-07-03,7.967818310909053,3.9539486403050894,2.01515473157341
2015-07-06,7.7213791478061555,4.068540304478863,1.897825404188833
2015-07-07,7.3863723095589116,3.9967714495611495,1.8480847360861588
2015-07-08,7.222647097879398,3.7271676465261288,1.9378380000189146
2015-07-09,7.408693131317034,3.965862632454004,1.8681164271019315
2015-07-10,7.610739557861205,4.178450417890219,1.821426317583066
2015-07-13,7.819474945244499,4.285549158826774,1.82461445556844
2015-07-14,7.915623451073213,4.184141335824191,1.8918155042470608
2015-07-15,7.670742003428882,4.036205959743344,1.9004832954353628
2015-07-16,7.712883799627779,4.067338628440956,1.8962974328459568
2015-07-17,8.02166125993849,4.224177192778955,1.8989878723958757
2015-07-20,8.197473744773871,4.233452788682063,1.9363564810949188
2015-07-21,8.328170054972201,4.238941222677387,1.9646816545646715
2015-07-22,8.421178222781942,4.229940353726213,1.9908503474200552
2015-07-23,8.613552262745564,4.325224818222334,1.991469258766931
2015-07-24,8.544950650286241,4.2493940744449,2.010863313824918
2015-07-27,8.079773217247226,3.8855863995913693,2.079421839158419
2015-07-28,7.8684577968201275,3.877814679373297,2.0290958819341434
2015-07-29,8.14940562846728,3.999189046738177,2.0377645400669686
2015-07-30,7.991760053687764,3.882209293097027,2.058559817446717
2015-07-31,7.865465444720657,3.883518824901251,2.0253450026524997
2015-08-03,7.525151779858054,3.89627429552887,1.9313711533331894
2015-08-04,7.8494553315483255,4.017276255247793,1.9539247073921124
2015-08-05,7.801313848546292,3.9345987053238014,1.9827470176286444
2015-08-06,7.798941418150836,3.89893711194818,2.000273714149224
2015-08-07,8.028267507582019,3.9753447823246786,2.01951477096467
2015-08-10,8.323455579677452,4.1558709149628505,2.0028186028852764
2015-08-11,8.413597572947706,4.137865107031585,2.0333184759092933
2015-08-12,8.31034286211606,4.086437239136584,2.033640155421043
2015-08-13,8.506808535951434,4.146813065606832,2.0514087327702035
2015-08-14,8.555056338820606,4.144856399204716,2.0640175472573876
2015-08-17,8.664243928059838,4.149264240522429,2.088139830537506
2015-08-18,8.194525928411421,3.892384365390916,2.1052715146204317
2015-08-19,8.336750685525804,3.9541714743883256,2.1083432368889423
2015-08-20,8.115396143676492,3.8273066380136633,2.120393506773815
2015-08-21,7.770569527907376,3.6523788301515885,2.1275365697990494
2015-08-24,7.319432061590897,3.332879525109026,2.196128604844023
2015-08-25,6.931678488141744,3.0962002210025705,2.238769457195252
2015-08-26,6.652816505076226,3.0786634839040534,2.1609430650211205
2015-08-27,6.755893291975161,3.261759839803662,2.071241790867664
2015-08-28,7.069207462486297,3.4008001676851913,2.07868945951566
2015-08-31,6.880061748028875,3.4254747179978713,2.0084987671577816
2015-09-01,6.593349482408178,3.4209437583054028,1.927348108661762
2015-09-02,6.394399956829227,3.4247583929083816,1.8671097996489496
2015-09-07,6.461420082375433,3.3073919865200643,1.953629962432708
2015-09-08,6.671194514825777,3.3923925054487514,1.96651611041786
2015-09-09,6.866462031381087,3.458817412397715,1.9852051185960498
2015-09-10,6.777963327353842,3.4163425906141067,1.9839823283459008
2015-09-11,6.8811243480555095,3.405787988123656,2.020420640407072
2015-09-14,6.5608234741768445,3.3385755305791447,1.9651565208227397
2015-09-15,6.3005710528564185,3.2074188487109203,1.964374267922212
2015-09-16,6.58629594049356,3.367183763840642,1.9560250946865958
2015-09-17,6.530031277150201,3.293669884024526,1.982600414456586
2015-09-18,6.615448509333199,3.308193782216823,1.9997161426560033
2015-09-21,6.792075589055094,3.3661652391040238,2.0177487160027083
2015-09-22,6.845701574449019,3.3974871641463014,2.0149308131879766
2015-09-23,6.811449831614599,3.3201545796982885,2.0515459952571167
2015-09-24,6.861344291179513,3.3425102310351913,2.052751919043348
2015-09-25,6.651584143006724,3.288533507530571,2.0226596833436368
2015-09-28,6.764973032689841,3.2995236031152,2.0502878131566584
2015-09-29,6.669866722244915,3.2345069261717105,2.062096905180914
2015-09-30,6.653951753958835,3.2590227453566056,2.0417015387325113
2015-10-08,6.864259411296437,3.3541942665502638,2.0464704384448846
2015-10-09,6.956301829838938,3.3985921769974174,2.046818643590441
2015-10-12,7.166314676699299,3.5080525522133836,2.0428185068600975
2015-10-13,7.2437694952953775,3.5053561580555033,2.066486019872415
2015-10-14,7.2168687953686765,3.465743584108165,2.0823435491479914
2015-10-15,7.363867747914404,3.547859470041535,2.0755804478998137
2015-10-16,7.462397211475328,3.5959366866301585,2.0752304230552308
2015-10-19,7.449062041387944,3.5960557349759967,2.071453445211317
2015-10-20,7.570990325648894,3.6403386671062297,2.0797488964583644
2015-10-21,7.219565926860418,3.534061054503792,2.0428526320052773
2015-10-22,7.451796228848048,3.5862388252268533,2.0778862178473774
2015-10-23,7.596799819260303,3.633763535389919,2.090614797928818
2015-10-26,7.618439702458281,3.6520990156635063,2.08604412689347
2015-10-27,7.675537961238152,3.6557803568194354,2.099562121373163
2015-10-28,7.501888586902807,3.5866315830173976,2.0916250842222115
2015-10-29,7.565886289669982,3.5951654161502815,2.1044612455611476
2015-10-30,7.539122984754617,3.59595093173137,2.096558915258807
2015-11-02,7.349441681531019,3.536816464080977,2.0779822069282106
2015-11-03,7.323683123646762,3.5261641808965054,2.076954658924804
2015-11-04,7.481168956509053,3.692063647112213,2.0262838541151718
2015-11-05,7.475618332444479,3.770851266898251,1.9824749912752775
2015-11-06,7.565106437755075,3.8597854687757556,1.9599810660343697
2015-11-09,7.647501109199919,3.907588975919674,1.9570894370741834
2015-11-10,7.689031377390118,3.900347376968113,1.9713709150099066
2015-11-11,7.772661624753502,3.9007625199177043,1.9926005710589847
2015-11-12,7.783311488363554,3.861769607873064,2.015477948890469
2015-11-13,7.741864412037716,3.8118283180401997,2.0310107817285146
2015-11-16,7.8236820567426895,3.8300254173305905,2.0427232731514233
2015-11-17,7.78701645654399,3.824185943341128,2.036254662277379
2015-11-18,7.751572434334574,3.780629511372678,2.050339080043873
2015-11-19,7.873168481977034,3.8410582482188538,2.049739413774295
2015-11-20,7.9633291384464,3.8404619889824314,2.073534163673981
2015-11-23,7.917912520277849,3.819045496818255,2.0732700165196944
2015-11-24,7.999566348595691,3.8196091958233365,2.0943415774951664
2015-11-25,8.107324967335115,3.847812461207537,2.1069958707890977
2015-11-26,8.073676431599695,3.8252461858741507,2.110629235162465
2015-11-27,7.846485187414457,3.6192650748783572,2.167977483019305
2015-11-30,7.88734718331242,3.6288499929792,2.173511497739562
2015-12-01,7.83130340976857,3.6545766457670683,2.1428756785930916
2015-12-02,7.7761429927817085,3.7871161199600323,2.053315173463383
2015-12-03,7.885749413541274,3.8149388376404416,2.0670709935729006
2015-12-04,7.9091487944312515,3.741976446742654,2.1136286951554895
2015-12-07,7.990511273783613,3.7521667816449837,2.1295725213687065
2015-12-08,7.941777742519213,3.686449042220445,2.154316430679772
2015-12-09,7.925174447199702,3.6995932006096903,2.142174562839406
2015-12-10,7.909151147490891,3.686514162683126,2.145428119482508
2015-12-11,7.857229878913462,3.6712261165615585,2.140219542312605
2015-12-14,7.894620473151532,3.7762969655899408,2.0905719399422864
2015-12-15,7.986905888435109,3.759067515674699,2.1247040270309094
2015-12-16,8.016456255847451,3.749961843478898,2.1377434199198304
2015-12-17,8.11667749132211,3.821643192774885,2.1238710894484663
2015-12-18,8.114940561062733,3.833878717208286,2.11663987299311
2015-12-21,8.137574531024947,3.933647336064323,2.0687097331828226
2015-12-22,8.186053355788045,3.9446038539103823,2.075253601872596
2015-12-23,8.11330622200627,3.9340706190717483,2.06231839933789
2015-12-24,8.131938266273954,3.896444219236178,2.0870151883934995
2015-12-25,8.153338369886372,3.9053972653475704,2.0877103700129584
2015-12-28,8.061341448419777,3.7928925085012732,2.1253809408917688
2015-12-29,8.084361365890752,3.827735008557236,2.1120483387218436
2015-12-30,8.122186969875655,3.831092782414219,2.120070546753331
2015-12-31,8.04207312168722,3.796324560386002,2.118383977388256
2016-01-04,7.7325076424285175,3.5297997342271117,2.1906363603151084
2016-01-05,7.601487941352316,3.539683799453395,2.1475047976110613
2016-01-06,7.6964513777235615,3.6017802306485387,2.136846471706502
2016-01-07,7.431409165318161,3.352059536383006,2.216968130982817
2016-01-08,7.438116514889751,3.420414654546121,2.1746242096710837
2016-01-11,7.2109272126234565,3.2483409544624813,2.2198800291321894
2016-01-12,7.210399148678581,3.2720081726180665,2.203661717296155
2016-01-13,7.109106554754334,3.211129697576501,2.213895801256395
2016-01-14,7.224776618406082,3.2779717824895145,2.2040386854456373
2016-01-15,7.161880880709188,3.1733303215119344,2.2568973775465353
2016-01-18,7.222318889002807,3.1855393907573712,2.267220085225717
2016-01-19,7.311817249783731,3.279552988723985,2.2295164234039797
2016-01-20,7.298313623028544,3.229952563812966,2.2595730057449726
2016-01-21,7.18377727829473,3.1352908137412316,2.291263460094339
2016-01-22,7.223969632000949,3.1679711109347433,2.280314238683016
2016-01-25,7.256889862440325,3.1836641249336077,2.2794144035503936
2016-01-26,7.043611243259005,2.9919891655830217,2.3541566675046703
2016-01-27,7.011056737065237,2.981654344654119,2.3513982261678095
2016-01-28,6.906507597603981,2.903717360911849,2.378505460130301
2016-01-29,6.995921380077618,2.997667873430241,2.3337880230447823
2016-02-01,6.9665192987097155,2.9518373128041073,2.360062076758508
2016-02-02,7.096399412110227,3.0131787536350445,2.3551206192295293
2016-02-03,7.151835873734,3.0002614993579533,2.3837375093019295
2016-02-04,7.242750395552113,3.0370148779907082,2.384825457405702
2016-02-05,7.253142324096194,3.0156767338831947,2.405145830984525
2016-02-15,7.288841338189142,2.9982956753907737,2.4309948475108856
2016-02-16,7.477488988694285,3.090205068407011,2.4197387626928277
2016-02-17,7.530890156101284,3.1169502459314975,2.416108555448143
2016-02-18,7.518753648218813,3.107160808877547,2.4198147796975276
2016-02-19,7.5611430293353665,3.1050097985946192,2.4351430493899473
2016-02-22,7.6366603921033605,3.17347073750959,2.4064064312426274
2016-02-23,7.59915451994467,3.1434491867064716,2.4174574070041306
2016-02-24,7.594401263982765,3.1639845176099977,2.4002649891976726
2016-02-25,7.279766917497891,2.969849225778749,2.4512244104207017
2016-02-26,7.250646443640797,2.9996428549624845,2.4171699079594187
2016-02-29,7.034301744473138,2.9278434748278888,2.4025538950256364
2016-03-01,7.144324361345778,2.98200233212657,2.395814478203614
2016-03-02,7.32458339108198,3.104753386772813,2.3591514296391196
2016-03-03,7.253029960259811,3.111966495521951,2.330690247050139
2016-03-04,7.063282658366267,3.148055441933915,2.243697034137095
2016-03-07,7.127246583003865,3.1591971460957233,2.256030964009965
2016-03-08,7.1541993321628965,3.1620797440765815,2.2624980744285845
2016-03-09,7.1142791931033145,3.1256875805102595,2.276068548073486
2016-03-10,7.021956798828274,3.065897838204141,2.290342721576596
2016-03-11,6.950364176948743,3.0711257903487406,2.263132366245245
2016-03-14,7.090741611805103,3.119361738065149,2.273138612068534
2016-03-15,7.042505117370561,3.128610878780294,2.251000648606106
2016-03-16,7.0092696732747335,3.144130916550162,2.229318644582879
2016-03-17,7.17559529304011,3.1789001560856094,2.257257208693178
2016-03-18,7.362446586172824,3.227495283853992,2.2811641656006496
2016-03-21,7.5304884983187215,3.306325638943665,2.2776003699153575
2016-03-22,7.557133993539567,3.282264645490306,2.3024145855888714
2016-03-23,7.643113865224655,3.2927470049674703,2.3211968164253673
2016-03-24,7.586391101532176,3.237556395338189,2.3432460087663483
2016-03-25,7.520368937275592,3.2538019157626117,2.3112559190662965
2016-03-28,7.496283834082239,3.2252211551963077,2.3242697084522774
2016-03-29,7.427602326075894,3.1903023420981405,2.328181322523508
2016-03-30,7.5852650201988325,3.272583064202671,2.3178219991329385
2016-03-31,7.625900835188471,3.2744278048095534,2.3289262398723145
2016-04-01,7.548669784787064,3.2783014548318365,2.302616122645219
2016-04-05,7.670000887288222,3.321638105238738,2.3091019082396254
2016-04-06,7.710849094239081,3.3145582899366497,2.326357969823622
2016-04-07,7.648310923611885,3.26547577620539,2.3421735293040573
2016-04-08,7.5791290394841795,3.241499235852071,2.338155429949347
2016-04-11,7.646485299153067,3.2866460316200548,2.326531432222398
2016-04-12,7.577991162491435,3.2747961424265917,2.3140344720438746
2016-04-13,7.6186013350172574,3.318480780305944,2.2958099924010615
2016-04-14,7.670758210148046,3.3331827422633835,2.3013314310331663
2016-04-15,7.698663399200734,3.3294922435423904,2.312263503281147
2016-04-18,7.66119606558894,3.284974267242169,2.332193631465106
2016-04-19,7.68404611395081,3.294996713451649,2.332034530590304
2016-04-20,7.471430305458708,3.236716951873943,2.3083360134821236
2016-04-21,7.387666472268333,3.2159364017281344,2.2972054012941467
2016-04-22,7.445044616814688,3.230484720093936,2.304621523360185
2016-04-25,7.3909951001874505,3.2173914370661603,2.2972010850277735
2016-04-26,7.453822602275694,3.234819300891133,2.3042469791812805
2016-04-27,7.479213730777585,3.2213424176378775,2.321769238137027
2016-04-28,7.482478745581356,3.215914016569088,2.3267036080660115
2016-04-29,7.44082935256466,3.212010858837152,2.3165641959437435
2016-05-03,7.564159858982635,3.2698001819302926,2.31334009361918
2016-05-04,7.543936701620846,3.265649769941615,2.3100874965399982
2016-05-05,7.613529824643748,3.2701868346774603,2.328163560536954
2016-05-06,7.486001371596408,3.18515782554635,2.35027643263245
2016-05-09,7.330995514381333,3.1192854250229445,2.3502163205623954
2016-05-10,7.310242833768432,3.122843647804118,2.340892999529053
2016-05-11,7.2631087500963325,3.136780444325057,2.3154660898363066
2016-05-12,7.265558832631606,3.144236737302019,2.3107543864098408
2016-05-13,7.246694915071352,3.128768592400849,2.3161492136785444
2016-05-16,7.327297730475176,3.149499284692418,2.3264960770393586
2016-05-17,7.3306237460721855,3.1400527475747717,2.3345543324818387
2016-05-18,7.204773318851279,3.1217488100252955,2.3079285866030004
2016-05-19,7.240140446964733,3.1161158900033987,2.3234503152438393
2016-05-20,7.275692863154093,3.1321090686349327,2.322937261672391
2016-05-23,7.345709084813633,3.1412717212355794,2.3384507093592943
2016-05-24,7.312389573094613,3.117190377637633,2.3458270709267097
2016-05-25,7.288295426938746,3.1127845713343794,2.341406949281563
2016-05-26,7.300088887516206,3.1178568448728825,2.341380393882015
2016-05-27,7.275478893393638,3.116114872496169,2.334791620684254
2016-05-30,7.263015855897248,3.1203995954391255,2.32759159003645
2016-05-31,7.3915757499312,3.2250502139817705,2.2919257870423286
2016-06-01,7.44358576334752,3.2158794213232884,2.3146345954366008
2016-06-02,7.478893373850183,3.2225471461974737,2.320801848523797
2016-06-03,7.486381634990121,3.2451622618778706,2.306935996062642
2016-06-06,7.517507266375277,3.234439770694571,2.324206910416808
2016-06-07,7.513611074533107,3.2326754131588107,2.3242701831271013
2016-06-08,7.510570720592413,3.2193786286851567,2.3329255694474944
2016-06-13,7.341053431486429,3.120024135271481,2.3528835397446906
2016-06-14,7.351289023405909,3.1298349399772487,2.348778502504463
2016-06-15,7.470108788613877,3.1709269694361177,2.3558123099701276
2016-06-16,7.485234742257122,3.1488541851089855,2.3771296802675064
2016-06-17,7.530007547017095,3.1648107334802615,2.3792915852306082
2016-06-20,7.558119373804815,3.1671682977307554,2.3863965104791345
2016-06-21,7.507541279466836,3.16070102178076,2.3752772653064915
2016-06-22,7.565375307437006,3.188827974122756,2.372462663031622
2016-06-23,7.549461747846359,3.171892583796808,2.3801126767065766
2016-06-24,7.546171021414621,3.1310274584500926,2.410126107661187
2016-06-27,7.637825079556144,3.1751760796260458,2.405480794770816
2016-06-28,7.685267755071561,3.1913106917624647,2.4081853812946115
2016-06-29,7.691396378114528,3.2065621076237747,2.3986425710663197
2016-06-30,7.678976913626661,3.2091374184213577,2.392847644836634
2016-07-01,7.663983478863799,3.2094213029383574,2.3879642949484716
2016-07-04,7.7364465281705375,3.2608013479935773,2.372559902470261
2016-07-05,7.768395061121811,3.263535389918945,2.380361826355053
2016-07-06,7.806299249109124,3.273121325527018,2.3849709414154394
2016-07-07,7.811428196229675,3.2661514010057044,2.3916307718694245
2016-07-08,7.768029837466316,3.248167978233486,2.391511119351332
2016-07-11,7.750487932212197,3.2594114331182324,2.3778795930642653
2016-07-12,7.762547760204415,3.330486348105503,2.330755015591048
2016-07-13,7.781073522292365,3.3403419231293636,2.3294242629517248
2016-07-14,7.7816511959399515,3.3341310590011743,2.3339368063927117
2016-07-15,7.761564977079615,3.3336365504876913,2.3282577028213063
2016-07-18,7.724948732541697,3.3191309674255236,2.3274009999471446
2016-07-19,7.740236149043953,3.3051015777467097,2.3419056773198923
2016-07-20,7.750528348856821,3.2942864934055356,2.352718369932833
2016-07-21,7.728390640207246,3.309465666253559,2.335238198423759
2016-07-22,7.690465467484066,3.2816256509502497,2.3434926117356385
2016-07-25,7.685169896014387,3.2874488448240426,2.3377306412278873
2016-07-26,7.727923937768521,3.32682942712308,2.3229095771379376
2016-07-27,7.565310723805593,3.2745855184301083,2.310310932857399
2016-07-28,7.544619208890427,3.27753018435196,2.301922113459396
2016-07-29,7.51290530776811,3.2600219374558654,2.3045566722876756
2016-08-01,7.455218900604584,3.2324261238876106,2.3063849303501662
2016-08-02,7.51690372487726,3.2448844824042475,2.3165396998378585
2016-08-03,7.5032421695152935,3.2494164596039457,2.3091045000830164
2016-08-04,7.549541591386121,3.25733470086305,2.317705205235994
2016-08-05,7.508071841169347,3.2612225959865446,2.3022261192502556
2016-08-08,7.577976534652279,3.290804583666567,2.30277317962436
2016-08-09,7.630244553069154,3.3140017134821744,2.3024262546478
2016-08-10,7.63548036642601,3.30012291487331,2.3136957511532965
2016-08-11,7.509486420528007,3.28996717521678,2.2825414420839008
2016-08-12,7.560622489336983,3.3519069102985974,2.2556182769000173
2016-08-15,7.6654239305782115,3.4528334523816793,2.2200387120585825
2016-08-16,7.7314586398224305,3.4373887101467857,2.2492244234700696
2016-08-17,7.739514142001367,3.4321007250756517,2.255037005602675
2016-08-18,7.723211281838821,3.423387810670395,2.2560141324819405
2016-08-19,7.741245845473738,3.4239321770381177,2.2609226600307033
2016-08-22,7.677642681743475,3.3952130354886174,2.2613139739664545
2016-08-23,7.670271462657793,3.40033618438859,2.2557391524617656
2016-08-24,7.675175077986435,3.3881596753744936,2.2652932014303895
2016-08-25,7.610157905518517,3.366902931845331,2.2602843205068415
2016-08-26,7.665254336056134,3.364987983239621,2.277944044446916
2016-08-29,7.657889019177517,3.365691080735129,2.275279826782229
2016-08-30,7.671708325080055,3.3699707161419385,2.2764910948136956
2016-08-31,7.700588650062504,3.386054452916888,2.2742069736737096
2016-09-01,7.682829910563849,3.3593784658840002,2.2869795673772524
2016-09-02,7.632630833452121,3.3721349540188483,2.263441688285842
2016-09-05,7.6526303890018585,3.377798399257627,2.265567533776958
2016-09-06,7.790116226342365,3.401146120143184,2.2904385613442595
2016-09-07,7.763478445270701,3.3993054495652193,2.283842555620788
2016-09-08,7.770286370777861,3.3980305130067947,2.2867029419056673
2016-09-09,7.790312981493553,3.3761337574303463,2.3074657407599104
2016-09-12,7.628014808235078,3.3197231566330276,2.297786426254791
2016-09-13,7.650145453332877,3.317412397715086,2.306058016363001
2016-09-14,7.603938460134122,3.2954311890385983,2.307418369233945
2016-09-19,7.651098046341681,3.32025226039231,2.304372513381755
2016-09-20,7.649565653047067,3.314431101532976,2.3079573594120038
2016-09-21,7.6513600223713905,3.323825745781924,2.3019738721505756
2016-09-22,7.662782874959158,3.3487394102935104,2.2882589345127724
2016-09-23,7.610550433579675,3.3330148535705346,2.2833832934848086
2016-09-26,7.450517755868956,3.276662250685291,2.2738131628643545
2016-09-27,7.52909953839187,3.2974916411781106,2.2832808563851015
2016-09-28,7.525775688122673,3.2874539323601892,2.2892414138620736
2016-09-29,7.5176982071722795,3.301187227435251,2.277271081353634
2016-09-30,7.551816786203891,3.310241006762353,2.2813495364164122
2016-10-10,7.680347390808661,3.351535520159871,2.2915906290148174
2016-10-11,7.723311753829044,3.3644456518863564,2.2955673988963934
2016-10-12,7.703576756774522,3.357784032055548,2.2942442644408527
2016-10-13,7.686130603419073,3.360466181112217,2.287221530935088
2016-10-14,7.679723751397139,3.36372423926072,2.2831014688305693
2016-10-17,7.623604385694497,3.3352655795619426,2.285756322498249
2016-10-18,7.745514336745906,3.379479321200577,2.2919253531618806
2016-10-19,7.7507577318414045,3.3742991918957586,2.2969977737767975
2016-10-20,7.781397865188216,3.3767035614788043,2.304436182659874
2016-10-21,7.722139478274897,3.385999507526501,2.2806085650957404
2016-10-24,7.752375953564302,3.4265349605308946,2.262453482267456
2016-10-25,7.827897356584781,3.4264098071416798,2.284577092987845
2016-10-26,7.846395760153615,3.413533253153764,2.2986141274306697
2016-10-27,7.8590566163430085,3.4042688498301783,2.308588705247254
2016-10-28,7.8412393214393,3.3986023520697115,2.307195284751119
2016-10-31,7.801880339904177,3.394686984251023,2.298262071318933
2016-11-01,7.958186500844207,3.417859693893125,2.328412285344401
2016-11-02,7.96868408054162,3.3917097580978313,2.3494593137033895
2016-11-03,8.01553890279648,3.423998315008028,2.340987981116365
2016-11-04,7.994343585914208,3.4128973111353957,2.342392066655725
2016-11-07,7.978918286562898,3.415356626108829,2.336188913792411
2016-11-08,8.004360602603857,3.4301369361229312,2.333539666684896
2016-11-09,8.001236436114171,3.41175770303848,2.345194803543154
2016-11-10,8.114048681174154,3.449972222052638,2.3519171051025216
2016-11-11,8.089293154008995,3.477047071919446,2.326483647385146
2016-11-14,8.102202159207359,3.490302138596695,2.3213469314335398
2016-11-15,8.122788201537984,3.489917520863986,2.3275014819052386
2016-11-16,8.081405560171495,3.489634653854216,2.3158314155454014
2016-11-17,8.050376260367731,3.4966992065478624,2.302278744849636
2016-11-18,8.05934248398894,3.477285168611123,2.317711114618752
2016-11-21,8.124179774750965,3.5013553196295457,2.320295723545855
2016-11-22,8.216645014775946,3.5290854441520807,2.328264686362709
2016-11-23,8.176423828975606,3.5355618776671407,2.312623597573869
2016-11-24,8.12780693328353,3.549818171458108,2.2896403535916847
2016-11-25,8.109009957235603,3.5829461718325506,2.263224053150687
2016-11-28,8.105137782714003,3.596970473975218,2.253323412398365
2016-11-29,8.00862542139381,3.6264364658310897,2.2084008631758647
2016-11-30,7.971523226886616,3.5999415950850335,2.214347932135916
2016-12-01,8.050219041706406,3.627449903031561,2.219250232781606
2016-12-02,7.933310737702892,3.5907372246879814,2.2093821522660324
2016-12-05,7.9413061251932,3.5301467041923336,2.2495683014426167
2016-12-06,8.012367123687818,3.5197131850621797,2.276426146793058
2016-12-07,8.074525864198533,3.5365977000266584,2.283133833440447
2016-12-08,7.9976521073481806,3.5308955895131637,2.265049165175368
2016-12-09,8.026324209056842,3.5548650073158767,2.257842194440224
2016-12-12,7.6740207574517205,3.4688642787807007,2.2122574251158436
2016-12-13,7.704730497850591,3.4646487463293427,2.2238128774276023
2016-12-14,7.640984085652384,3.438100965207358,2.2224431926162307
2016-12-15,7.691040041327667,3.3989157442963633,2.2627922019643503
2016-12-16,7.805516983942623,3.4046107322592527,2.292631257366386
2016-12-19,7.7950528370957715,3.387264269012632,2.30128275151321
2016-12-20,7.804891492111733,3.3669965425104342,2.318057471568534
2016-12-21,7.852748882902215,3.3969845155749834,2.311682271996767
2016-12-22,7.816697900584428,3.3940703748700134,2.303045322353928
2016-12-23,7.773898381849064,3.36550589441938,2.309875134891191
2016-12-26,7.815558335020476,3.380567036428794,2.3119075145679626
2016-12-27,7.8214398704856,3.3744457129367906,2.3178443323299387
2016-12-28,7.737359531828691,3.3596959281395695,2.302993990326158
2016-12-29,7.681809704960585,3.3554997283255696,2.2893191258858754
2016-12-30,7.690284914052523,3.3680313473627232,2.283317499427154
2017-01-03,7.7689889267862995,3.4007401347586574,2.2844994380429617
2017-01-04,7.89688683194996,3.427281810837266,2.3041253295773756
2017-01-05,7.9138101452082275,3.426749654556296,2.309421738668834
2017-01-06,7.879243099820685,3.406275374086533,2.3131550548621385
2017-01-09,7.872624424813321,3.4227935864484316,2.3000581910585307
2017-01-10,7.844590228891011,3.4170660382542017,2.2957092842428226
2017-01-11,7.754920945666507,3.3928727688610225,2.285650383603925
2017-01-12,7.702010794001624,3.3757064043940033,2.281599722054106
2017-01-13,7.605837703119487,3.378034460934845,2.2515571676597492
2017-01-16,7.316727289199485,3.3775603025659495,2.166275842252448
2017-01-17,7.420518184510819,3.384591277521027,2.1924414430169605
2017-01-18,7.401510993255694,3.397828029068146,2.17830653286051
2017-01-19,7.353851583104341,3.3875756262248244,2.170830232150302
2017-01-20,7.444390109061365,3.4136238112971795,2.1807880775920916
2017-01-23,7.519838172498311,3.422976737749722,2.1968709543266955
2017-01-24,7.492831379369654,3.4233532154245956,2.188740368831711
2017-01-25,7.492877634424203,3.4350067257227863,2.181328373628604
2017-01-26,7.540146221010067,3.4472748103875275,2.1872773816261075
2017-02-03,7.493045616122071,3.423394933221001,2.1887762768498407
2017-02-06,7.589726662795216,3.4322604737106657,2.2112909905668827
2017-02-07,7.629913580599851,3.4246088193456616,2.227966457803404
2017-02-08,7.679877819266962,3.4425199991045936,2.2308883670289537
2017-02-09,7.754553153205349,3.4557516631155663,2.2439555584888753
2017-02-10,7.730434880812807,3.473247699924908,2.225707910489638
2017-02-13,7.7511612206071625,3.4964346546682217,2.216875756639208
2017-02-14,7.738718149050601,3.4959554087631792,2.2136203824717695
2017-02-15,7.630874787448494,3.481617714393861,2.1917612481980973
2017-02-16,7.685361901878793,3.501174203342715,2.195081265748292
2017-02-17,7.603434865771551,3.4813419699346966,2.1840528541682382
2017-02-20,7.6205012656118285,3.5321674735498996,2.157457516574963
2017-02-21,7.694027807899516,3.5437975811818143,2.171125080268735
2017-02-22,7.729623001256791,3.550852976310397,2.1768355527038605
2017-02-23,7.708119821514969,3.5341322800098496,2.1810501732248366
2017-02-24,7.748243867822061,3.5346695238269668,2.1920702389832134
2017-02-27,7.739728459630788,3.506556816586182,2.207216042535373
2017-02-28,7.7776492603714,3.5132591367061665,2.213798913695642
2017-03-01,7.81549517880337,3.518985667393167,2.220951125553466
2017-03-02,7.810789383848061,3.495235013644772,2.2346964805960505
2017-03-03,7.8189035037645525,3.487875383854602,2.2417382054296744
2017-03-06,7.873158199865334,3.5068223859730523,2.2450975080338256
2017-03-07,7.844417549359687,3.514426217498275,2.2320620960265005
2017-03-08,7.830329920864431,3.5091087247174895,2.231429840206742
2017-03-09,7.792971080322542,3.486940294710794,2.2349023561267742
2017-03-10,7.8595557124042585,3.4879048915642543,2.2533744344386086
2017-03-13,7.929564520938405,3.5186397149351745,2.2535880804393456
2017-03-14,7.893313838975846,3.5172101172778834,2.244197410953888
2017-03-15,7.841756557146789,3.5242828100293653,2.22506449676252
2017-03-16,7.9365039829573245,3.542458541667939,2.240394316434395
2017-03-17,7.89468353499923,3.5061314985642973,2.251679247692784
2017-03-20,7.906428579476896,3.51000616609381,2.252539797750767
2017-03-21,7.910935525025397,3.527033132070404,2.242943354598316
2017-03-22,7.894153649293128,3.5104508167530533,2.2487577981778206
2017-03-23,7.916286331260725,3.5225876429852034,2.247292937345371
2017-03-24,7.921583580971888,3.5506932276753824,2.230996335934688
2017-03-27,7.878499303095816,3.5389298265964184,2.2262377863177347
2017-03-28,7.858875066906682,3.530555742098548,2.2259597754531977
2017-03-29,7.801381153718861,3.525858928727689,2.2126186303585325
2017-03-30,7.5949449095746,3.496926110660016,2.171891732691234
2017-03-31,7.601577023326454,3.5165517901004684,2.1616564967778498
2017-04-05,7.747488456650398,3.5652364585050376,2.1730644087206064
2017-04-06,7.748608520571652,3.575568226912252,2.16709849423377
2017-04-07,7.75150927743177,3.579044031607845,2.1658043904951603
2017-04-10,7.687353773265882,3.5665042725128564,2.155430972706951
2017-04-11,7.719494472678136,3.5789066681318773,2.1569421022950475
2017-04-12,7.618301564135747,3.5708795535992284,2.13345240291204
2017-04-13,7.628343524946538,3.576096313164305,2.1331482311774224
2017-04-14,7.480093069738578,3.5475440428004243,2.108527189371779
2017-04-17,7.362278593676452,3.540866142853945,2.0792309837904352
2017-04-18,7.268711387015241,3.5233660360156858,2.0630020590295777
2017-04-19,7.14638987943923,3.506203741577584,2.038212952286617
2017-04-20,7.097643706200897,3.522150114876566,2.0151451456377334
2017-04-21,7.091066636284735,3.5274808352513345,2.010235340025453
2017-04-24,6.8325963620526355,3.4913308384056068,1.9570177328634062
2017-04-25,6.840201612514745,3.50121592113912,1.953664602978638
2017-04-26,6.864919662731675,3.5054986090676175,1.958329022003973
2017-04-27,6.908653685736905,3.507062517679188,1.969926013839278
2017-04-28,6.978603264820291,3.499973544812036,1.993901718247151
2017-05-02,6.985392396348972,3.4865668695576084,2.0035159679112398
2017-05-03,6.998532452515286,3.4728824148295576,2.0151941864287855
2017-05-04,6.993220133177199,3.46398736663024,2.0188353458056025
2017-05-05,6.889798019496759,3.4417690787693047,2.001818791968573
2017-05-08,6.7251082250029,3.4176165096653013,1.9677773108784264
2017-05-09,6.777568046874575,3.41122554675751,1.986842544995857
2017-05-10,6.669496695606119,3.3961348970384435,1.9638491690722206
2017-05-11,6.663335324776208,3.4154115714992157,1.9509611609857305
2017-05-12,6.662634364171474,3.444647606721246,1.9341991184152614
2017-05-15,6.673105269953926,3.458704469095253,1.9293655556814642
2017-05-16,6.788964855732115,3.4886751445369018,1.946000866937499
2017-05-17,6.800370120276394,3.46966505697023,1.9599500264773662
2017-05-18,6.741323923858954,3.4576045437802834,1.949709354699222
2017-05-19,6.7205828759140145,3.4634409652480582,1.94043523286463
2017-05-22,6.626937837596189,3.4709603436732417,1.909251959526292
2017-05-23,6.42836116868885,3.4841421498299745,1.8450341266938701
2017-05-24,6.4373086231963645,3.484114677134781,1.8476167462117496
2017-05-25,6.474643438408301,3.5466822141771317,1.825549357799029
2017-05-26,6.446807775234472,3.541367773918034,1.8204287684308966
2017-05-31,6.433025211449865,3.5540357389239254,1.8100620488970174
2017-06-01,6.256929450514773,3.5589737015081493,1.7580712798926663
2017-06-02,6.302911625463771,3.547546077814883,1.7766961970924027
2017-06-05,6.360651581184217,3.5294822719715424,1.8021486130404063
2017-06-06,6.384749352008798,3.554032686402237,1.79648020020663
2017-06-07,6.493494449016036,3.595740307734886,1.805885267923192
2017-06-08,6.496799121094378,3.6233218762019304,1.7930505053292447
2017-06-09,6.516504301028738,3.6387788285235767,1.7908492403955174
2017-06-12,6.446452006097497,3.6369666481480354,1.7724803743746365
2017-06-13,6.516312990545913,3.6449825701011607,1.7877487382237505
2017-06-14,6.531883085522306,3.5971922905512246,1.8158281676183001
2017-06-15,6.5961024923700275,3.590572388516821,1.8370615541592574
2017-06-16,6.589816976530241,3.5803647559915914,1.8405434713048316
2017-06-19,6.637847105779324,3.61587982832618,1.8357488138238367
2017-06-20,6.649121150728988,3.608583283984233,1.8425849225205355
2017-06-21,6.6762435939846,3.6507701512219244,1.828721973019868
2017-06-22,6.58264407621706,3.653199958485705,1.8018844166815455
2017-06-23,6.591379955470082,3.6863096437300187,1.788070073462561
2017-06-26,6.668338205766835,3.73231012806346,1.7866516921054354
2017-06-27,6.665297925827614,3.7390490784437027,1.7826184642117344
2017-06-28,6.648301966240382,3.710001282059109,1.7919945198915053
2017-06-29,6.663522858933794,3.73305901338429,1.785003353829337
2017-06-30,6.682284710519308,3.7309934737086303,1.7910202088552776
2017-07-03,6.734122361013909,3.7147621983854195,1.8128003897371467
2017-07-04,6.722447746120484,3.6833598902720204,1.8250857766776691
2017-07-05,6.763892283999284,3.723750857249841,1.8164191277272308
2017-07-06,6.80827699610062,3.7241751577644964,1.828130178546009
2017-07-07,6.837716105490339,3.7199341876324032,1.8381282465220938
2017-07-10,6.829067022127992,3.717652936424113,1.83692968087996
2017-07-11,6.757376403467908,3.73507469520571,1.8091676753189387
2017-07-12,6.777292525747395,3.722879871061484,1.8204435169741384
2017-07-13,6.797383918866304,3.7514687716856225,1.8119260301911244
2017-07-14,6.772681406941255,3.767924916106529,1.7974565729774679
2017-07-17,6.5115525146677955,3.727696750285411,1.7468031738818988
2017-07-18,6.560432228417533,3.7313831789774867,1.7581770388468365
2017-07-19,6.653493650199806,3.7950445362914302,1.7532056835100258
2017-07-20,6.691834395497392,3.8134990649108564,1.754775412709802
2017-07-21,6.6944810284541685,3.7938754204848624,1.7645495137525113
2017-07-24,6.737789225657775,3.8090067704931045,1.7689097530234943
2017-07-25,6.731519605062866,3.784678172638417,1.7786240462211123
2017-07-26,6.725147697046567,3.770259077690747,1.783736225672233
2017-07-27,6.772642916522856,3.7771852494011973,1.7930396497223782
2017-07-28,6.789263566031892,3.7870509994973514,1.792757363693549
2017-07-31,6.8594732312990345,3.8033128000374443,1.8035522166968496
2017-08-01,6.8547070109436685,3.836391960064876,1.78675877811707
2017-08-02,6.797066715795475,3.8266951161688003,1.7762237412319755
2017-08-03,6.808637778063727,3.7930899049037743,1.795010914257898
2017-08-04,6.7726513756455375,3.7724894535375673,1.7952737732095276
2017-08-07,6.829445375619262,3.7920408549502747,1.800994671959782
2017-08-08,6.85404888299967,3.7975537091191036,1.8048589718536368
2017-08-09,6.873469838112305,3.7963642431679476,1.8105401373121692
2017-08-10,6.831387570556151,3.7809764813378997,1.806778646805775
2017-08-11,6.729056530180567,3.711204993111476,1.813172956673278
2017-08-14,6.878190412675618,3.759366662800139,1.829614142386538
2017-08-15,6.8885183106326,3.770939790027208,1.826737814496608
2017-08-16,6.902671607144125,3.766222626511761,1.8327837442624342
2017-08-17,6.968259124774417,3.786426250058507,1.8403261187687852
2017-08-18,6.953749619309365,3.78988373962397,1.8348187166288408
2017-08-21,7.02035818867807,3.806488440100367,1.8443135449251389
2017-08-22,6.985267966023028,3.8179903418213783,1.8295666936367092
2017-08-23,6.947288285443396,3.8218466942207625,1.817783087937252
2017-08-24,6.92206340690239,3.8000293042082065,1.8215815860253495
2017-08-25,6.982245923955274,3.862207135981701,1.8078382847222711
2017-08-28,7.061513834714755,3.9099872404593436,1.8060196620706033
2017-08-29,7.040408050826629,3.901670136366319,1.8044600913862652
2017-08-30,7.068909259149774,3.9014289871529537,1.8118769513496313
2017-08-31,7.102708692532469,3.8890072588965743,1.826355216047531
2017-09-01,7.172567314012847,3.8976001074487634,1.8402522363197915
2017-09-04,7.226949814156107,3.912942081453489,1.8469350334650514
2017-09-05,7.21723201663457,3.9245721890854033,1.8389856700066207
2017-09-06,7.239082747391353,3.9168432041709655,1.848193141783823
2017-09-07,7.180765845333794,3.896921430126761,1.8426765779314709
2017-09-08,7.1855066407947605,3.8929724845695026,1.8457635314084058
2017-09-11,7.227472262503034,3.8926214445753637,1.8567107964158742
2017-09-12,7.26437792673456,3.905125590917324,1.8602162101086586
2017-09-13,7.303377939159631,3.9098793846930286,1.867929217395291
2017-09-14,7.292088998221214,3.8970069007340298,1.8712024853863347
2017-09-15,7.248807123946471,3.8983723954358696,1.8594445036685614
2017-09-18,7.316212316658082,3.9104257860752103,1.8709503048774565
2017-09-19,7.288173628566387,3.899205733856739,1.8691431347885277
2017-09-20,7.34871705019783,3.9097053909568027,1.8796089002500045
2017-09-21,7.236597420913097,3.905007560078715,1.8531583638642752
2017-09-22,7.1835123091483695,3.9049180194425284,1.839606433062556
2017-09-25,7.0588742650148175,3.8846309603029727,1.81712866348166
2017-09-26,7.081861298522373,3.887673306918846,1.8216194467572338
2017-09-27,7.115349726959862,3.88809862494073,1.8300332407510183
2017-09-28,7.089006150221876,3.889461067120882,1.822619131001975
2017-09-29,7.16385102151521,3.9036675030576093,1.8351591204691513
2017-10-09,7.217514255449663,3.9501747059912864,1.8271379856953556
2017-10-10,7.25523940296753,3.957964741339487,1.833073278088918
2017-10-11,7.271686016170749,3.9710122365419407,1.8311920445007543
2017-10-12,7.257732887079144,3.9814589832660765,1.8228827466471775
2017-10-13,7.3159042811043555,3.9896478814481977,1.8337217966335324
2017-10-16,7.222965757746175,3.9819595968229353,1.8139224123492173
2017-10-17,7.210527778477459,3.981575996597456,1.8109732891295747
2017-10-18,7.198833506966293,4.013214366388073,1.7937824521059174
2017-10-19,7.119416457886949,4.000075295534975,1.7798206113354647
2017-10-20,7.17467613386265,3.9956002987401225,1.7956441078765915
2017-10-23,7.204515944805126,3.9996153822672906,1.8013021893922838
2017-10-24,7.200018721273715,4.028713036506124,1.787175868827303
2017-10-25,7.243752219783085,4.046574358410816,1.790094924297369
2017-10-26,7.2658252620540615,4.063491433606636,1.7880744627545893
2017-10-27,7.207622361683398,4.092381516370674,1.7612293313443252
2017-10-30,7.040322867794276,4.079921122839578,1.72560269079278
2017-10-31,7.117114579960087,4.076864531122493,1.7457324190265686
2017-11-01,7.125648729765612,4.066591778134583,1.7522409719311123
2017-11-02,7.051338797576008,4.067112741836031,1.7337455942745266
2017-11-03,6.97922098735491,4.0625990797664615,1.7179201910704194
2017-11-06,7.114910901396341,4.091284643577392,1.739040795551959
2017-11-07,7.146145383621996,4.125225632228117,1.7323041260563048
2017-11-08,7.1698218837647945,4.118875369609501,1.7407231927108648
2017-11-09,7.237990949809318,4.147257716266075,1.7452474490362615
2017-11-10,7.299355031921027,4.183899169103596,1.7446297668509347
2017-11-13,7.377918342896069,4.20034412094498,1.7565033079328294
2017-11-14,7.341311861790469,4.171119278302472,1.760034027312251
2017-11-15,7.261244904372836,4.144988675144537,1.7518129658387145
2017-11-16,7.302090147054452,4.176879386728043,1.7482166639182133
2017-11-17,7.079486827668436,4.192995683734333,1.6884078500561106
2017-11-20,7.176960752860493,4.216380034880148,1.7021617343524162
2017-11-21,7.23180321555423,4.291542276407874,1.6851292029231566
2017-11-22,7.2076375571627604,4.301579985225795,1.6755791085875675
2017-11-23,7.009467809236358,4.1742186053231904,1.6792287304496951
2017-11-24,7.038879660329512,4.176056223379468,1.6855327811255634
2017-11-27,6.9876205074863424,4.1208513686489745,1.6956739960697105
2017-11-28,7.159981810240307,4.1268302411288635,1.734983362989447
2017-11-29,7.255736962651726,4.124722983656799,1.7590846685706654
2017-11-30,7.193898585801189,4.0762346941475025,1.7648391531846548
2017-12-01,7.2927782041521,4.068133301587108,1.7926595968000745
2017-12-04,7.242443729759812,4.0892160513800455,1.7711081143085121
2017-12-05,7.038858861553853,4.11090218296001,1.7122418749661419
2017-12-06,7.08545334779337,4.086126899431621,1.7340267500695965
2017-12-07,7.082930291846776,4.040579205815257,1.7529492508531759
2017-12-08,7.183075820514383,4.073467074483564,1.7633813381012922
2017-12-11,7.327725488325385,4.140745669997985,1.7696632617209138
2017-12-12,7.246340551657309,4.0863253133413515,1.773314652164108
2017-12-13,7.2917787500304625,4.120998907197236,1.769420209574802
2017-12-14,7.300812433421093,4.096638766618437,1.7821469866740376
2017-12-15,7.221165722549286,4.0505497591560395,1.7827618846617668
2017-12-18,7.165433741399668,4.055062403718378,1.7670341484336138
2017-12-19,7.209893265883079,4.105976430462539,1.7559509626972905
2017-12-20,7.162840180264281,4.101052712979525,1.7465857382409222
2017-12-21,7.224031584748121,4.139065765562265,1.7453290172031815
2017-12-22,7.229139227628457,4.125582777265633,1.7522710409460769
2017-12-25,7.1739446261394395,4.112296167864272,1.744510690207714
2017-12-26,7.1665731802310715,4.124589690209749,1.737523903830208
2017-12-27,7.112919898341549,4.061082993994672,1.7514835103985271
2017-12-28,7.13509118252076,4.089256751669221,1.7448381492818323
2017-12-29,7.197533697365831,4.101424103118252,1.7548864775758382
2018-01-02,7.349022251167894,4.158960066911275,1.767033617282547
2018-01-03,7.452616464758708,4.183372100358773,1.781485434709372
2018-01-04,7.559588382790966,4.201096058787497,1.7994324045455847
2018-01-05,7.504579147100114,4.211209063140394,1.7820485838106979
2018-01-08,7.537552661917364,4.2329928754143795,1.7806674576978805
2018-01-09,7.541740812558268,4.2626410010643125,1.7692648315153017
2018-01-10,7.489848073876446,4.281480147416447,1.7493595242748021
2018-01-11,7.483980776421272,4.279214158816599,1.7489147536591019
2018-01-12,7.459834900510339,4.298969061675184,1.7352613599883544
2018-01-15,7.284573122582773,4.2992112283957775,1.6943975849497779
2018-01-16,7.3549829588913065,4.333027063657287,1.6974237296093277
2018-01-17,7.322272481435587,4.322488741282507,1.6939945757413417
2018-01-18,7.384906672218422,4.346197677234497,1.6991649300492626
2018-01-19,7.340989585795083,4.360420393286895,1.6835508789695912
2018-01-22,7.432100313589329,4.4125187984460625,1.6843215073002429
2018-01-23,7.457115422105694,4.4593404111136214,1.672246281876347
2018-01-24,7.482406869131093,4.466739723685737,1.6751383183251551
2018-01-25,7.4709573039337664,4.4414994393535165,1.682079983560958
2018-01-26,7.460997813098043,4.458004424121434,1.673618306147919
2018-01-29,7.418466820562517,4.377334415961026,1.694745275460939
2018-01-30,7.4283762484654705,4.330614554016406,1.715316880736029
2018-01-31,7.32016015923563,4.350758144636618,1.6825022021183897
2018-02-01,7.088410480637921,4.320231910247722,1.640747679267864
2018-02-02,7.180063439331858,4.346010455904289,1.6521045018604028
2018-02-05,7.214229545162524,4.348974454463499,1.658834656469025
2018-02-06,6.838336822191874,4.22152149891025,1.6198749251797326
2018-02-07,6.8329323202222945,4.1214099801179085,1.6579113345153818
2018-02-08,6.878961380566068,4.082286827147907,1.6850754667260994
2018-02-09,6.589743866221741,3.907892193074032,1.686265521321382
2018-02-12,6.795439235217539,3.95820996058177,1.7167960524809447
2018-02-13,6.871105902850091,4.004534012214157,1.7158315753824676
2018-02-14,6.988260903588063,4.03641149620368,1.731305371159668
2018-02-22,7.152537586459018,4.1236851262828225,1.7345013907272953
2018-02-23,7.201661423052876,4.142362488985484,1.738539647894661
2018-02-26,7.342538909864481,4.190521106152459,1.7521780045647015
2018-02-27,7.294999910813165,4.130042511452044,1.7663256226988286
2018-02-28,7.2603833071047195,4.094084823472671,1.7733837036005378
2018-03-01,7.308741300043724,4.119974277417241,1.77397741051565
2018-03-02,7.257494308856611,4.086778104058429,1.7758474093931012
2018-03-05,7.231043374890617,4.08844274588571,1.7686546747333993
2018-03-06,7.321486216418741,4.137759286279729,1.769432610711753
2018-03-07,7.23483418397787,4.1073246275414785,1.761446888192138
2018-03-08,7.298597369590434,4.148987478556035,1.7591273551229305
2018-03-09,7.35668364957489,4.180799842082878,1.7596354591110452
2018-03-12,7.4727824390399125,4.199929995502618,1.779263570355206
2018-03-13,7.41540076072285,4.162879504758881,1.7813152535992893
2018-03-14,7.35084801893161,4.144657985294986,1.7735716782933615
2018-03-15,7.325607276430846,4.167875465255181,1.7576358356912498
2018-03-16,7.271607351695886,4.127439727959267,1.7617719048537608
2018-03-19,7.254399266463253,4.145576794323124,1.7499131306401783
2018-03-20,7.258601983199641,4.149093299307892,1.7494429408011734
2018-03-21,7.200335484640926,4.132147733909649,1.7425164704429137
2018-03-22,7.1395620498788155,4.090734172166293,1.745300904286817
2018-03-23,6.728192107943253,3.9733006103008366,1.693350885785063
2018-03-26,6.8475874122836204,3.947819176755251,1.7345240766350691
2018-03-27,6.990354966407404,3.9817794980433336,1.755585654565377
2018-03-28,6.884352779474767,3.909991310488261,1.7607079486361012
2018-03-29,6.956245492855391,3.9622240266017092,1.7556416411975504
2018-03-30,7.068414296077115,3.9667498987580307,1.7819157941593946
2018-04-02,7.089772177386707,3.954968182548937,1.7926243272120133
2018-04-03,7.042331079894229,3.9301013233699025,1.7918955519079889
2018-04-04,6.999064744251444,3.9223509708036475,1.784405525244828
2018-04-09,7.004031380233222,3.9203831118220096,1.7865680930805963
2018-04-10,7.064585952213399,3.995926918560756,1.7679467358121517
2018-04-11,7.117481651146987,4.00729247431303,1.7761323129695283
2018-04-12,7.067581996373116,3.966889297248457,1.781643365060725
2018-04-13,7.050885645841353,3.9389170060053273,1.7900569204914638
2018-04-16,7.001225581653203,3.8755456382517597,1.806513517103471
2018-04-17,6.836398567083275,3.814269317883504,1.7923219356929725
2018-04-18,6.949399386005131,3.832219162917153,1.8134138708066803
2018-04-19,7.033459402273816,3.8785778097953387,1.8134119636612243
2018-04-20,6.887954535443624,3.8266961336760295,1.799974258428214
2018-04-23,6.830159366994349,3.8322639332352457,1.7822779135225797
2018-04-24,7.010539274693837,3.9107778435765788,1.7926201781593376
2018-04-25,7.007263823248696,3.8957319641756056,1.7987027566799083
2018-04-26,6.8602281711258275,3.8212422949265057,1.7952874069865206
2018-04-27,6.858603383419697,3.8226495074247504,1.7942014746835144
2018-05-02,6.868618178631626,3.8295370138604836,1.7935897090879667
2018-05-03,6.939033622684466,3.859404921071964,1.7979542868896803
2018-05-04,6.93155422309223,3.84068075303675,1.804772296580909
2018-05-07,7.028533037170037,3.901314008836033,1.8015809599666186
2018-05-08,7.044663050250808,3.946581887964314,1.785003643718771
2018-05-09,7.034736535662911,3.93939625191037,1.7857397646280158
2018-05-10,7.071383658376939,3.961213641922926,1.7851558379830825
2018-05-11,7.018048924776605,3.9406406632519126,1.7809411018423436
2018-05-14,7.00795379895416,3.9777338892992837,1.761795533332844
2018-05-15,7.096016331246829,3.992798083830386,1.7772039011898775
2018-05-16,7.083939423768479,3.960996912883066,1.7884233640092226
2018-05-17,7.029404506085184,3.9316998272272725,1.7878792417992109
2018-05-18,7.0505334354705225,3.97139583676742,1.7753288076187879
2018-05-21,7.118863551332338,3.989892083183251,1.7842245862581585
2018-05-22,7.155382542899458,3.974594879496619,1.8002797165092923
2018-05-23,7.114083227185237,3.9220660687794187,1.8138611391111017
2018-05-24,7.104148647230325,3.8942209659399634,1.82427980059821
2018-05-25,7.056890411324458,3.883314305948144,1.8172339026267559
2018-05-28,7.053339191557909,3.90036976212716,1.8083770569770805
2018-05-29,6.97828467232676,3.8706066581603062,1.8028917140455518
2018-05-30,6.842271917915734,3.788557927704076,1.8060359768768943
2018-05-31,6.9281725629742645,3.8689450688547145,1.7907136027199122
2018-06-01,6.856803842313888,3.83660156655413,1.7872076949789637
2018-06-04,6.82617485791839,3.874238141461995,1.7619399243595393
2018-06-05,6.923018970359781,3.912636829284672,1.7693998376091251
2018-06-06,6.955084911588687,3.90453238420259,1.7812849855538082
2018-06-07,6.931712178729652,3.8980834233827233,1.7782359754410724
2018-06-08,6.894862817925819,3.845786604313824,1.7928355177564566
2018-06-11,6.85043404479066,3.84615901195978,1.7811104594191167
2018-06-12,6.914619116044492,3.8929348368020156,1.7761969840021115
2018-06-13,6.861099440305354,3.8546623198757826,1.7799482473283041
2018-06-14,6.849331836888979,3.8394271841301433,1.7839462785490374
2018-06-15,6.754908302005715,3.8191462300339647,1.7686959061385932
2018-06-19,6.47661945216451,3.684512725962918,1.7577953813341483
2018-06-20,6.572010196821608,3.6990905520383723,1.7766556682966632
2018-06-21,6.503695574225003,3.6558678624411627,1.778974464870904
2018-06-22,6.591330376948987,3.6720869276776216,1.7949821196410551
2018-06-25,6.5736338378645485,3.6228121050800066,1.8145113925855605
2018-06-26,6.593465237045985,3.592930970274544,1.835121601721773
2018-06-27,6.532323698304107,3.5198240933501834,1.855866522035939
2018-06-28,6.488640274979319,3.4834624550007427,1.8626984957637316
2018-06-29,6.6458196257770945,3.5724526197758637,1.8602960859405475
2018-07-02,6.605742089067068,3.467628007496993,1.9049742575574684
2018-07-03,6.636248811861243,3.468967047010869,1.9130331081062155
2018-07-04,6.5539654743846585,3.422636890335106,1.9148877559556043
2018-07-05,6.423957069060152,3.4009548287840587,1.8888686831976846
2018-07-06,6.454936878373931,3.424036980282745,1.8851831669881396
2018-07-09,6.570642901725533,3.519744727786291,1.866795296219699
2018-07-10,6.639921372947213,3.528222598021559,1.8819451404995056
2018-07-11,6.574490174300628,3.4671864093594387,1.896203260532295
2018-07-12,6.706385735106215,3.541999645907484,1.8933897248846263
2018-07-13,6.764154234064545,3.5538373250141944,1.9033381709551178
2018-07-16,6.785750349413653,3.532872606059866,1.9207458366243353
2018-07-17,6.767367367152767,3.5097660343876744,1.9281534155975228
2018-07-18,6.7246444462145405,3.4913959588682877,1.926061817518483
2018-07-19,6.666945819981046,3.4883637873247086,1.9111956855549321
2018-07-20,6.719944374132079,3.5540448964889895,1.8907876996069055
2018-07-23,6.731990550537417,3.58747611401779,1.876525539566013
2018-07-24,6.7646728922774795,3.6444117485454735,1.8561768974039057
2018-07-25,6.771581305348203,3.64038852496047,1.8601259890032573
2018-07-26,6.716896432750678,3.5981558698974556,1.8667608284968777
2018-07-27,6.702733862902703,3.5828739288192644,1.8707702241456172
2018-07-30,6.636912489762211,3.576618294372982,1.8556390264524245
2018-07-31,6.625564748339209,3.5792414280103464,1.851108644554965
2018-08-01,6.527846257476943,3.5077422125084197,1.8609823248125232
2018-08-02,6.454035684148524,3.429974134966229,1.881657245853275
2018-08-03,6.373580733687889,3.3733254374772335,1.8894058257404356
2018-08-06,6.261802179545396,3.330578941263378,1.8800942088374961
2018-08-07,6.402636238850503,3.427849579871265,1.8678288208582823
2018-08-08,6.307494721333419,3.3725358518672275,1.870252830030326
2018-08-09,6.442517664649613,3.45701133706555,1.8636090647357495
2018-08-10,6.47509322587999,3.464631448706443,1.8689125587362359
2018-08-13,6.526292899645461,3.4496995301151614,1.8918438671751778
2018-08-14,6.5069789723119795,3.4319643791069137,1.8959925726284095
2018-08-15,6.388534153902162,3.349609378974638,1.9072475119047407
2018-08-16,6.334074168659351,3.3340944287409164,1.899788474512806
2018-08-17,6.233133558052757,3.2861616981788657,1.8967823651243494
2018-08-20,6.226789087828752,3.3244504952207685,1.8730280678808082
2018-08-21,6.290561678379736,3.3848894071392377,1.8584245810548494
2018-08-22,6.249776460823972,3.365868126993042,1.8568096624769788
2018-08-23,6.278926207959075,3.3781504567589953,1.8586875535387166
2018-08-24,6.260141976720918,3.383552402639821,1.850168471407981
2018-08-27,6.404490003445986,3.4662136724481427,1.8476904797743112
2018-08-28,6.4115212811156255,3.4596985736583656,1.8532022789303098
2018-08-29,6.379408184357025,3.4458635278603658,1.851323516668166
2018-08-30,6.275822465650144,3.4097623713616487,1.840545405263525
2018-08-31,6.233166630941783,3.3928819264260874,1.837130429560078
2018-09-03,6.229699172742695,3.3799809522646656,1.8431166508700743
2018-09-04,6.270255272905924,3.4227905339267437,1.831913233005372
2018-09-05,6.175813852226742,3.3558823110438203,1.8402951235515184
2018-09-06,6.143144279380758,3.3200050061355686,1.8503418723850893
2018-09-07,6.153736596728207,3.335026465363036,1.8451837371126643
2018-09-10,6.0502136768586405,3.286617541417632,1.8408633193897497
2018-09-11,6.0472256187917575,3.280659019082331,1.8432959913289901
2018-09-12,5.999993503920054,3.25808358618388,1.8415713855112328
2018-09-13,6.0102496247069865,3.2932293033942006,1.8250322315887513
2018-09-14,5.958399145253999,3.298850013329345,1.8062049263162832
2018-09-17,5.883808619954705,3.2610313046274193,1.80427848441858
2018-09-18,5.977711166897323,3.3266706959952947,1.7969049879488816
2018-09-19,6.049433814195739,3.3704743822204857,1.7948315661756613
2018-09-20,6.030163494690104,3.3680771351880456,1.7903875869379189
2018-09-21,6.126744867116108,3.4701941607295117,1.7655337376938387
2018-09-25,6.121020228776523,3.438975003917403,1.7798966906720608
2018-09-26,6.185683062774519,3.477067422064034,1.7789942822283884
2018-09-27,6.134742061225671,3.4631774308756467,1.7714200856508044
2018-09-28,6.192928576814363,3.4990699983923386,1.7698784476045715
2018-10-08,6.0106067892492865,3.348513523688586,1.795007470248544
2018-10-09,6.0083876839915735,3.346266867726095,1.7955494649697448
2018-10-10,5.989634775571367,3.33904968894804,1.793814208694327
2018-10-11,5.71456355812638,3.178808580434964,1.7977060944463796
2018-10-12,5.765184091979419,3.2262366274112377,1.7869687681915187
2018-10-15,5.696101281211391,3.1811875123372753,1.790558167074648
2018-10-16,5.592890716185163,3.155263463146906,1.7725590213018494
2018-10-17,5.581746860363088,3.1728378480129105,1.7592285290781036
2018-10-18,5.444703224471238,3.0976908690936247,1.7576651301116892
2018-10-19,5.56114263049147,3.189830218743704,1.7433976886336267
2018-10-22,5.788041057570441,3.3275264195752112,1.7394425551426085
2018-10-23,5.67434689323147,3.2391589692244764,1.7517963604577362
2018-10-24,5.640789087220026,3.244018583752038,1.7388276119848483
2018-10-25,5.592479196681865,3.250231482894686,1.7206402762738462
2018-10-26,5.573793481152475,3.22919655594153,1.7260620047723716
2018-10-29,5.483601782715028,3.1307568015270753,1.7515259505434329
2018-10-30,5.524810738931337,3.16471305278624,1.745754084739925
2018-10-31,5.592083813690899,3.2090377027128776,1.7426045848459264
2018-11-01,5.61234375888188,3.232655063014223,1.736140617999857
2018-11-02,5.684783244821389,3.347849091467795,1.6980404700168292
2018-11-05,5.692143106205336,3.3199582008030166,1.7145225216475755
2018-11-06,5.694015809632266,3.2999285709924973,1.7254966848933084
2018-11-07,5.6860799409696,3.278316717440277,1.7344510707950493
2018-11-08,5.670906234421887,3.2690207713925807,1.734741572781784
2018-11-09,5.663685340455428,3.2228971686843835,1.7573273499034403
2018-11-12,5.709972822553235,3.2612541387106555,1.7508518440119745
2018-11-13,5.726781565524006,3.294059589293382,1.7385179017822425
2018-11-14,5.7137735666745195,3.261052672279237,1.7521255069704256
2018-11-15,5.743235458979615,3.299136950368032,1.7408296610236
2018-11-16,5.747282416222032,3.314706845992141,1.7338735168001818
2018-11-19,5.756952347998563,3.3522823704662423,1.7173232179716038
2018-11-20,5.712607028223312,3.2747534071229576,1.744438837989373
2018-11-21,5.724900852162702,3.2829789355653376,1.7438128494043654
2018-11-22,5.729690340570651,3.2707027108427607,1.751822420783173
2018-11-23,5.655954785759448,3.198508537903162,1.7683100478660307
2018-11-26,5.643044448385099,3.196237461767166,1.7655272850926162
2018-11-27,5.643730601376104,3.1921653978351516,1.7679944169570738
2018-11-28,5.668156608545357,3.234587309242832,1.7523585133561248
2018-11-29,5.630057215353843,3.1925856283208893,1.7634788446739076
2018-11-30,5.636620805898791,3.228235011609758,1.7460379388823035
2018-12-03,5.694273207745907,3.3180401996756186,1.7161555813285794
2018-12-04,5.705120011042843,3.3249185485462873,1.7158676002866962
2018-12-05,5.695511010434945,3.3089375800015057,1.7212506651250743
2018-12-06,5.661152788966328,3.2373752790513577,1.7486859881827497
2018-12-07,5.664054633647198,3.237265388270584,1.749641735944626
2018-12-10,5.636366815191473,3.199819087214615,1.7614642145590267
2018-12-11,5.65429317789612,3.2151356235386053,1.7586484179702992
2018-12-12,5.651773456726725,3.226117579065399,1.7518808035397255
2018-12-13,5.679120275152202,3.276059886405493,1.733521508174674
2018-12-14,5.631502379787926,3.2213373301017305,1.7481877253786648
2018-12-17,5.621769378493431,3.2165408010223913,1.7477687137394704
2018-12-18,5.6024626456405695,3.1831970891153185,1.7600112367524245
2018-12-19,5.5672469522230195,3.1452430519518844,1.7700530166557655
2018-12-20,5.56340961559685,3.1211189730503035,1.7825048207501264
2018-12-21,5.534220258559277,3.0824313131744803,1.7954074872344166
2018-12-24,5.562913160151102,3.09138842931479,1.7994869578340655
2018-12-25,5.550449231549255,3.070106248104893,1.8079013503117103
2018-12-26,5.5427437903069325,3.054590280363942,1.8145621119590996
2018-12-27,5.514981939179633,3.0428614745307763,1.812432798975862
2018-12-28,5.528573684930735,3.0633622101885036,1.8047404471280382
2019-01-02,5.499514464605674,3.0215233304232627,1.820113189010289
2019-01-03,5.474675046846235,3.0167481689957407,1.8147603777841108
2019-01-04,5.519733712006243,3.0890237425136906,1.7868861401222393
2019-01-07,5.555537561254043,3.107775383244098,1.7876251904199112
2019-01-08,5.560565236503965,3.101060853037361,1.793117097672437
2019-01-09,5.56940843713741,3.132371585500115,1.7780165236201366
2019-01-10,5.569208015326457,3.126480218641954,1.7813028152615495
2019-01-11,5.580522424145529,3.148958988353612,1.7721800902409417
2019-01-14,5.566510819552037,3.1214934157107184,1.7832844982261877
2019-01-15,5.598456918370794,3.1827524384560753,1.7589985481517865
2019-01-16,5.603301262294747,3.183426028241931,1.7601480959773421
2019-01-17,5.5834077245821705,3.1658892911434133,1.763614331114412
2019-01-18,5.612891097640758,3.2236399489618375,1.7411656346572981
2019-01-21,5.640279359094944,3.2414076602014257,1.7400709661877114
2019-01-22,5.608072948689242,3.1983477717609183,1.753428128799639
2019-01-23,5.626870716265113,3.196044135393582,1.7605735333727435
2019-01-24,5.6268689989106955,3.2140835210634173,1.750691592808696
2019-01-25,5.618725578498961,3.240221246771958,1.7340561494362667
2019-01-28,5.61798203686377,3.239517131769221,1.7342035273619871
2019-01-29,5.594951344145562,3.2498875654511523,1.721583049095074
2019-01-30,5.574228471325272,3.223954358695719,1.7290035314210772
2019-01-31,5.550993410412044,3.2576847233499593,1.7039688864377942
2019-02-01,5.585187316877298,3.3042499241957115,1.6903041370990695
2019-02-11,5.75203473577457,3.364360181279088,1.7096964729821875
2019-02-12,5.9962020898906605,3.388639938786765,1.7695010972565828
2019-02-13,6.01418285828805,3.4565005484363964,1.739962940555199
2019-02-14,6.038265403293822,3.4617020453930323,1.7443053515624722
2019-02-15,5.915324569957036,3.3971564742967497,1.7412576119802006
2019-02-18,6.040301880510915,3.506070448130534,1.7228124676535392
2019-02-19,5.9816782666097925,3.499826006263775,1.7091358987287224
2019-02-20,6.171896211140531,3.512360677822616,1.7571931749807128
2019-02-21,6.111106937099868,3.5029782436604213,1.7445460725197353
2019-02-22,6.212849341761702,3.581745513301872,1.7345870382718278
2019-02-25,6.570053923989706,3.794775914382872,1.7313417372256525
2019-02-26,6.577910724483888,3.749202783085774,1.7544825140319436
2019-02-27,6.491720729048376,3.7427904525261653,1.7344601070751486
2019-02-28,6.610868523323258,3.7336105023026187,1.7706368993889845
2019-03-01,6.6017310387288335,3.815361103140638,1.7303030723080386
2019-03-04,6.612719798203108,3.8605282490532096,1.712905429412379
2019-03-05,6.702595032260202,3.88282081494189,1.7262179615570317
2019-03-06,6.662963108157035,3.915459394338997,1.701706603774362
2019-03-07,6.609930201690128,3.8755324106577778,1.7055541023248086
2019-03-08,6.482193613578492,3.721613074560895,1.741769894857571
2019-03-11,6.699645256192344,3.7952561777951432,1.7652682565645694
2019-03-12,6.676576911957787,3.8210978088999323,1.7472928581956209
2019-03-13,6.476879618270117,3.789394318646634,1.709212363147076
2019-03-14,6.344319934071026,3.763236242793505,1.6858680998888196
2019-03-15,6.401025479124465,3.810569661597446,1.6798080202110943
2019-03-18,6.590633617943582,3.9191814357841013,1.6816352409122417
2019-03-19,6.562236745056934,3.9010850697094206,1.682156791711731
2019-03-20,6.529988868759084,3.902587927887228,1.6732458023807475
2019-03-21,6.6061654054933845,3.904064330877071,1.6921251407784232
2019-03-22,6.558019325234004,3.900920233538259,1.6811467378520764
2019-03-25,6.433092235960611,3.808351495837378,1.6892065354240908
2019-03-26,6.3707194368369136,3.7652234344125013,1.691989744515907
2019-03-27,6.3663328074697,3.808924352407524,1.6714253732673119
2019-03-28,6.386502005264732,3.793668866517297,1.6834632199008277
2019-03-29,6.512234420860308,3.940134962158906,1.6527947604343176
2019-04-01,6.720766582493407,4.043500469070833,1.6621159398647951
2019-04-02,6.705017639579602,4.040811197463558,1.659324653373655
2019-04-03,6.72276982063692,4.092573825237029,1.6426752717765716
2019-04-04,6.66012605749218,4.133349409947558,1.6113145531475117
2019-04-08,6.619662904789796,4.128259838786154,1.6034995768910218
2019-04-09,6.619940676104665,4.146779487868261,1.5964052816099428
2019-04-10,6.704807077446169,4.157378860676805,1.612748633727996
2019-04-11,6.499204425516207,4.06756451504588,1.5978122538624073
2019-04-12,6.468596726319587,4.058446632763326,1.593860240541153
2019-04-15,6.462094546681314,4.0451244106089375,1.5975020520341758
2019-04-16,6.618901862077667,4.157319845257501,1.5921079225184558
2019-04-17,6.645164240097545,4.158796248247343,1.597857611537964
2019-04-18,6.699104035047047,4.143365751113661,1.6168266181295847
2019-04-19,6.686885671348465,4.192748429477592,1.594869280573945
2019-04-22,6.604660894411205,4.096088295207338,1.6124312803850063
2019-04-23,6.633766867248003,4.089366642449995,1.6221990951815521
2019-04-24,6.55044575420778,4.10064469258054,1.5974185147178837
2019-04-25,6.264666115649036,4.010826276920698,1.5619390327867102
2019-04-26,6.2929585701343145,3.9573654295813774,1.59018889766771
2019-04-29,6.011158889364077,3.9686180420311885,1.514673074027424
2019-04-30,5.93330093516899,3.981720482624029,1.490134970815137
2019-05-06,5.612107661615335,3.749124435029111,1.496911547981671
2019-05-07,5.75646381767201,3.785806588155809,1.5205382746391631
2019-05-08,5.737383593137868,3.731664010972798,1.5374866483872442
2019-05-09,5.6884177009558625,3.6627207736310967,1.5530579731625458
2019-05-10,5.84278545192042,3.7957608613809204,1.5392922961418545
2019-05-13,5.853320529133236,3.7329552276468925,1.5680125188168779
2019-05-14,5.820695111735223,3.708966477206821,1.5693577031515042
2019-05-15,5.92346374511065,3.7923430545974033,1.5619535627004313
2019-05-16,5.958301713919594,3.8095104365716517,1.564059690378939
2019-05-17,5.806314927419584,3.712640695812144,1.563931283188568
2019-05-20,5.797941065044424,3.6811295144252,1.5750440299163881
2019-05-21,5.855001517346955,3.730971088549584,1.569296941301973
2019-05-22,5.833078920427155,3.713270532787136,1.5708736729313706
2019-05-23,5.726700300371964,3.646710297376663,1.5703743465697249
2019-05-24,5.7062584655941295,3.656833476801853,1.5604370562108933
2019-05-27,5.812019075685629,3.700874242211491,1.5704448990443414
2019-05-28,5.824257251430428,3.736552115702782,1.5587250146877676
2019-05-29,5.829197001343035,3.7280538953229265,1.5636032002262954
2019-05-30,5.810054253830637,3.704930026027835,1.568195408014161
2019-05-31,5.811311331850313,3.6933365486561787,1.5734583770777024
2019-06-03,5.751388047090645,3.695599484734339,1.5562801301516276
2019-06-04,5.698072808406709,3.6614661872172602,1.5562270732690513
2019-06-05,5.684409136564704,3.660080342370833,1.55308315797314
2019-06-06,5.606625103330241,3.6270856354434398,1.5457658480800625
2019-06-10,5.633443392218617,3.6739581234724676,1.533344475601733
2019-06-11,5.775741891842198,3.7843902180924993,1.526201464169683
2019-06-12,5.744492687553875,3.7557168643683214,1.5295329480381499
2019-06-13,5.769723848221725,3.7499140206391166,1.5386283035999748
2019-06-14,5.68229246012038,3.718866822548774,1.527963417691292
2019-06-17,5.680575772477474,3.7188108596511578,1.5275247886660037
2019-06-18,5.673724105735769,3.731828847143959,1.5203602142895647
2019-06-19,5.7388613363273215,3.7809937789607995,1.5178182435160312
2019-06-20,5.801363971434678,3.895544742845398,1.489230481074445
2019-06-21,5.867866716534534,3.901059632028686,1.5041725249103768
2019-06-24,5.8573843318603585,3.908515925005647,1.4986210736372771
2019-06-25,5.845421451813471,3.8678604061481856,1.5112803560650325
2019-06-26,5.849263826497664,3.860759223194281,1.5150553267753775
2019-06-27,5.885735749797576,3.9019540208833186,1.5084072539801923
2019-06-28,5.845139778799117,3.892562429156059,1.5016174782497693
2019-07-01,5.962353426770099,4.004717163515447,1.4888325899989867
2019-07-02,5.980273951254418,4.006097920825727,1.492792754806597
2019-07-03,5.962197418173851,3.9616989928713444,1.5049597228113973
2019-07-04,5.960612640099728,3.940909285160471,1.5124967891406353
2019-07-05,5.970007131301313,3.9613621979784166,1.507059146055354
2019-07-08,5.858759587840395,3.8693663168476813,1.5141392951943213
2019-07-09,5.882171070898941,3.859537197011785,1.524061246372535
2019-07-10,5.837355152120749,3.853034308308761,1.5150021217129988
2019-07-11,5.8324305867431425,3.8514897323345485,1.5143310750066217
2019-07-12,5.839023989524785,3.875411327297481,1.5066849674500564
2019-07-15,5.895861999257871,3.8911389365421445,1.5152021285822348
2019-07-16,5.89251572477484,3.8734923086628528,1.5212411062741888
2019-07-17,5.8974321354212815,3.871246670207592,1.5233935312897635
2019-07-18,5.811957148821149,3.834376278243457,1.5157503403613872
2019-07-19,5.835319439467163,3.874621741687475,1.506035899371629
2019-07-22,5.723868622104483,3.8478897917569705,1.487534449236637
2019-07-23,5.783382450886102,3.8562648937620705,1.4997368205284225
2019-07-24,5.8301076668872005,3.8867076925581556,1.5000118681551626
2019-07-25,5.852106391477555,3.9184885133608875,1.4934601368674687
2019-07-26,5.872410043586364,3.9261218525957626,1.4957279126993497
2019-07-29,5.870778940517089,3.92174758901662,1.4969803148369345
2019-07-30,5.883350004715706,3.938076545033853,1.4939653755930564
2019-07-31,5.858270632698262,3.9025055098016472,1.501156274599602
2019-08-01,5.834068776828582,3.8700572042564363,1.5074890289507998
2019-08-02,5.743025715501677,3.813045256686549,1.5061519937196437
2019-08-05,5.701749364675406,3.740039112977898,1.5245159722769726
2019-08-06,5.6132068758576095,3.6999910459363816,1.5170866107966587
2019-08-07,5.592590890196922,3.684832223232946,1.5177328440995268
2019-08-08,5.634979406856456,3.7335331717531854,1.5092886945505275
2019-08-09,5.549689361456154,3.697143043201322,1.5010750995045972
2019-08-12,5.6765956864055465,3.763866079768497,1.5081821632598298
2019-08-13,5.669399053454809,3.72992916114669,1.5199749937641895
2019-08-14,5.711920976211858,3.746870656516015,1.5244510685946717
2019-08-15,5.754058921889429,3.7586727228696963,1.5308752174348084
2019-08-16,5.7698986444413585,3.7755002574293295,1.528247450940443
2019-08-19,5.952941377967522,3.8574665697999784,1.543225656075148
2019-08-20,6.006595349031688,3.854044692987544,1.5585173051990606
2019-08-21,6.038598905720973,3.8479661047991747,1.5692962830908637
2019-08-22,6.043482641032035,3.859919779730035,1.565701617108405
2019-08-23,6.032489994042217,3.8877567425116557,1.5516634382183523
2019-08-26,5.988253404210402,3.8318416677350493,1.5627611794696046
2019-08-27,6.069742070579716,3.88377014918691,1.5628479125754782
2019-08-28,6.02759352425814,3.869156710358427,1.5578571703030768
2019-08-29,6.065230292517457,3.856542673235693,1.5727118319239664
2019-08-30,6.059350511108034,3.866106223684719,1.5673005759611467
2019-09-02,6.248208114232374,3.9156934210017567,1.5956836867565303
2019-09-03,6.330177538055549,3.9210770517524525,1.6143976398592816
2019-09-04,6.311265583857823,3.9540341109123585,1.596158608353926
2019-09-05,6.389114235407596,3.994044530186387,1.5996602409211096
2019-09-06,6.420158422736296,4.017635435299768,1.5979942745246292
2019-09-09,6.5686171426994715,4.042503311986032,1.6248884999607809
2019-09-10,6.55302699318553,4.028580760566304,1.6266341380889584
2019-09-11,6.526093846085373,3.9989051622211775,1.6319701471640997
2019-09-12,6.5275827533781445,4.041925367879739,1.61496864965676
2019-09-16,6.570241843976753,4.027003624360751,1.6315460468500862
2019-09-17,6.369942764512523,3.959345498649768,1.608837310784024
2019-09-18,6.3510372424389026,3.97853873751773,1.5963240932024731
2019-09-19,6.449643328954682,3.993087055883532,1.615202283018495
2019-09-20,6.4285921783133,4.004553344851515,1.6053206499492059
2019-09-23,6.357288933791236,3.9587767121085395,1.6058720650615304
2019-09-24,6.365486708137721,3.9693730323953953,1.6036504143568346
2019-09-25,6.252100635811361,3.9387542048486255,1.587329472886375
2019-09-26,6.006097481489729,3.908386701587515,1.5367203759674453
2019-09-27,6.077739700715823,3.9201022798266982,1.5504033484005195
2019-09-30,5.953586023815672,3.8813098167062474,1.5339115672213965
2019-10-08,5.922954182018532,3.9048661265738294,1.5168136345855714
2019-10-09,5.9841012910999565,3.9105234667692317,1.5302558191893063
2019-10-10,6.094799528103367,3.942473193772042,1.5459330294829583
2019-10-11,6.091201081845284,3.980208466881157,1.5303723743440694
2019-10-14,6.153010752664127,4.022451297016465,1.5296669364842135
2019-10-15,6.039328729934689,4.005162831681919,1.5078859421549526
2019-10-16,6.0323589875237325,3.9913603461152594,1.5113541410499183
2019-10-17,6.00869332547931,3.993941761956219,1.504451913323912
2019-10-18,5.918329622793596,3.937120088238227,1.5032128789960064
2019-10-21,5.89043929028869,3.9487827561014823,1.4917101431288027
2019-10-22,5.94593306638865,3.96408708233872,1.4999501632745886
2019-10-23,5.897697495728074,3.938856973078794,1.497311919685715
2019-10-24,5.890930423912314,3.9384326725641388,1.4957550156816546
2019-10-25,5.937999282134406,3.965014031424693,1.4975985545253638
2019-10-28,6.04029951538802,3.995328624309876,1.5118404725547145
2019-10-29,5.947149475999994,3.9786832235443033,1.4947531989496101
2019-10-30,5.853649910397612,3.959350586185915,1.478436875688873
2019-10-31,5.807677819878001,3.9547982588416293,1.468514305854652
2019-11-01,5.898944012927111,4.0215823458425675,1.4668216402494711
2019-11-04,5.95869918234145,4.04776789439089,1.472095075065592
2019-11-05,5.9627741541155554,4.07289116539173,1.4640150968880743
2019-11-06,5.926368681034308,4.054646243261558,1.461624103676955
2019-11-07,5.968871267940965,4.061761671316675,1.4695276953573877
2019-11-08,5.9589061988044705,4.042567414941483,1.4740400312880686
2019-11-11,5.860710864161767,3.9713083311456927,1.4757632436137227
2019-11-12,5.8718049852098435,3.972031778785788,1.4782875143573997
2019-11-13,5.937882515036533,3.968259879486444,1.4963441647891744
2019-11-14,6.00426151497041,3.9742377344591033,1.5107957591237542
2019-11-15,5.982596012559281,3.9449660864840443,1.516513927218897
2019-11-18,6.010031822084924,3.976346009438397,1.5114458872088339
2019-11-19,6.109832721733881,4.016140717179796,1.5213193839543333
2019-11-20,6.082110632142499,3.976279871468487,1.5295982246582418
2019-11-21,6.050560061795663,3.95769408441647,1.528809436186569
2019-11-22,5.881766347216341,3.9173977456109825,1.5014473201773344
2019-11-25,5.770672116206974,3.946102642059272,1.4623725330153985
2019-11-26,5.771423628786999,3.959785061772864,1.4575093190040556
2019-11-27,5.781124932899377,3.943470350856843,1.4659993403128402
2019-11-28,5.816144212957703,3.929921224590301,1.4799645795862086
2019-11-29,5.766665293372915,3.8957004214514943,1.4802640525485582
2019-12-02,5.761908380753936,3.9032177648622195,1.4761944446513162
2019-12-03,5.788273872597652,3.9185088635054752,1.477162378400108
2019-12-04,5.801061452413239,3.91721866433861,1.4809133595795068
2019-12-05,5.88758552593491,3.947280915430904,1.4915547314909543
2019-12-06,5.942600397561151,3.9707049493586655,1.4966109225821422
2019-12-09,5.9209594619756984,3.9636454842011655,1.493816610384622
2019-12-10,5.95515473812615,3.9686689173926584,1.5005420865489016
2019-12-11,5.9559123271412835,3.9710753219901624,1.499823560172712
2019-12-12,5.962204812535019,3.9591450497255782,1.505932401478516
2019-12-13,6.025270538454429,4.0376935553127105,1.4922555305185328
2019-12-16,6.091516823523953,4.05735688252065,1.5013510026112302
2019-12-17,6.129133968752946,4.1125607197439145,1.4903449180282502
2019-12-18,6.097552516565392,4.103385857056514,1.485980780013546
2019-12-19,6.094877645892775,4.097654238833367,1.4874065235011222
2019-12-20,6.021782817756872,4.087583969784106,1.4731887741684546
2019-12-23,5.932018997672531,4.036548859679648,1.4695769093560067
2019-12-24,5.996958915857238,4.062863631646103,1.4760423828026739
2019-12-25,6.025422825965466,4.060736024029451,1.4838252943087062
2019-12-26,6.037746561409076,4.096471895432817,1.4738894139956382
2019-12-27,5.964732709997894,4.092442566804437,1.4574994303842912
2019-12-30,5.984348341374788,4.153091085212161,1.4409383802544453
2019-12-31,6.026148879360389,4.168301800784295,1.4457083885400348
2020-01-02,6.1138409919328955,4.22493523566485,1.4470851388023234
2020-01-03,6.1365301137801564,4.217531853063816,1.455005042658371
2020-01-06,6.141530918659653,4.201587514779293,1.4617167670687596
2020-01-07,6.222198542966655,4.233061048398749,1.469905222680486
2020-01-08,6.156832222393421,4.184312277038728,1.4714083975469108
2020-01-09,6.290988111672955,4.237276580850107,1.4846772429499564
2020-01-10,6.29582405608516,4.236070834783281,1.486241449125167
2020-01-13,6.4079035480462885,4.277588182264036,1.4980178724579145
2020-01-14,6.382617211558561,4.263239295315194,1.4971285375822834
2020-01-15,6.409710461879732,4.239681967940383,1.511837564786384
2020-01-16,6.43788252714329,4.221681247545264,1.5249570371724908
2020-01-17,6.439295957934734,4.2275929645480135,1.5231589256424976
2020-01-20,6.510256791344554,4.259112285992792,1.5285478179937264
2020-01-21,6.481433025769871,4.186339151439671,1.5482340993660113
2020-01-22,6.506802102177981,4.204269663835961,1.5476652599493814
2020-01-23,6.300975127714937,4.073998213257305,1.5466317847687727
2020-02-03,5.9097559094443595,3.752930929574255,1.5747041499947834
2020-02-04,5.980618247522035,3.851914032849203,1.5526354421514077
2020-02-05,6.090765254465028,3.8955539004104627,1.563517130085984
2020-02-06,6.241618165587366,3.9680492554899605,1.5729689234456525
2020-02-07,6.240474383016878,3.968144901169523,1.5726427684577837
2020-02-10,6.26820780718873,3.9845633978229418,1.5731228697762747
2020-02-11,6.303864969977355,4.02166069389923,1.5674780767905603
2020-02-12,6.366656911669934,4.054189382515563,1.57038961700391
2020-02-13,6.317109478945136,4.029246210294324,1.567814213687302
2020-02-14,6.343270670757807,4.057548173879775,1.5633260281645538
2020-02-17,6.535840098161043,4.148808397283663,1.5753535647585546
2020-02-18,6.627940759500103,4.128546775824843,1.6053931611749528
2020-02-19,6.599189563825218,4.1222382310026315,1.6008753482983757
2020-02-20,6.715136099742814,4.217217443329935,1.5923144087255103
2020-02-21,6.79569917969537,4.2221360732768005,1.6095405410326404
2020-02-24,6.90282475011627,4.205193560400247,1.6414998860264747
2020-02-25,6.891090928569318,4.196051257944188,1.6422799687021783
2020-02-26,6.664708349604519,4.144322207909287,1.608154003297612
2020-02-27,6.716630968519472,4.156390861157069,1.6159767434984869
2020-02-28,6.428831155955156,4.009028341646367,1.6035883531107842
2020-03-02,6.620147567194656,4.140914576198064,1.5987162848630587
2020-03-03,6.742794431053897,4.162990413046884,1.6196997259282324
2020-03-04,6.739052595451504,4.187095159311107,1.6094815950063732
2020-03-05,6.852141392536049,4.280373099550872,1.6008280664260377
2020-03-06,6.834890153638575,4.210960791376422,1.6231189251715825
2020-03-09,6.574828211112786,4.067111724328801,1.6165841158931613
2020-03-10,6.712081191558187,4.154209325657259,1.6157301342768116
2020-03-11,6.60203646044987,4.098955630579756,1.6106630701723599
2020-03-12,6.471036883523785,4.02008050517199,1.6096784318618855
2020-03-13,6.404929359077529,3.9635091382324275,1.6159744145143766
2020-03-16,6.102931248019473,3.793104150004986,1.6089543040919272
2020-03-17,6.093152999359281,3.7746282537337428,1.614239228282183
2020-03-18,6.029421070961812,3.6999177854158654,1.6296094726018657
2020-03-19,6.050106125369946,3.651928074448969,1.6566881937516889
2020-03-20,6.136517032501349,3.7171818305769064,1.650851992771352
2020-03-23,5.924740938286226,3.5921118769548857,1.649375392870214
2020-03-24,6.052812146505407,3.6885807198660143,1.6409596552695944
2020-03-25,6.233402547548367,3.787688976530178,1.6457007389394087
2020-03-26,6.254167300659826,3.7627895571198033,1.662109242550101
2020-03-27,6.222463870542759,3.7750138889736813,1.6483287356154521
2020-03-30,6.095447102684417,3.7384345040771514,1.6304811803006574
2020-03-31,6.1431599697453025,3.750689361147911,1.6378749019793972
2020-04-01,6.119702239612488,3.739416398553512,1.6365393920772566
2020-04-02,6.257043557469852,3.7999122908768266,1.646628416264325
2020-04-03,6.238150803237973,3.7782261592968616,1.651079247304484
2020-04-07,6.432583099628844,3.864513824870726,1.6645258345903378
2020-04-08,6.414682762856029,3.846528367084048,1.6676551296874567
2020-04-09,6.52221108120761,3.85921261220561,1.6900367345866565
2020-04-10,6.3970531308969685,3.8351658638534625,1.6679990795676818
2020-04-13,6.3607420744135075,3.8189661312543626,1.665566505645936
2020-04-14,6.50019595988442,3.892676389965751,1.6698526434512093
2020-04-15,6.490716436592744,3.8638432876065587,1.6798601686077674
2020-04-16,6.563813178804373,3.868950156390861,1.6965359887002025
2020-04-17,6.555767300450403,3.9067057796445646,1.6780806311569365
2020-04-20,6.648092294059397,3.920918320624668,1.6955447041804852
2020-04-21,6.619422084177968,3.8747153523525784,1.7083634492425124
2020-04-22,6.69461794104361,3.906599958892708,1.7136686662284055
2020-04-23,6.670936017823857,3.8968013642736934,1.711900452248795
2020-04-24,6.548792718856557,3.863446459787097,1.6950649600091627
2020-04-27,6.559184886700857,3.889695093783641,1.6862979561517535
2020-04-28,6.5784433210655715,3.9165348994804607,1.6796590583013113
2020-04-29,6.529765981629265,3.9347330162780807,1.659519452683441
2020-04-30,6.6062715288210025,3.9810753830405967,1.6594188487270942
2020-05-06,6.7479652051587165,4.005166901710837,1.6848149829352363
2020-05-07,6.772409891914726,3.9936090370922086,1.695811940781713
2020-05-08,6.835664007007832,4.033014039564751,1.6949269057703422
2020-05-11,6.826715067943518,4.029511779681195,1.6941792061180254
2020-05-12,6.878829025004951,4.029570795100499,1.7070872742498597
2020-05-13,6.939388243114327,4.037726115544051,1.718637679856426
2020-05-14,6.872389435796655,3.993937691927301,1.7207052202360067
2020-05-15,6.907316863114746,3.98131856726842,1.7349319694992031
2020-05-18,6.978819816870975,3.9915913202563305,1.7483803468193762
2020-05-19,7.041961181195708,4.025512976269696,1.7493326248624468
2020-05-20,6.986713309679285,4.004116834250108,1.744882479431387
2020-05-21,6.930689169942906,3.982314706845992,1.740367017711676
2020-05-22,6.7788846694186855,3.8910127656456996,1.7421902927871156
2020-05-25,6.793958810769343,3.8963658711795146,1.7436655168916835
2020-05-26,6.928554032511178,3.940571472760314,1.7582612269326066
2020-05-27,6.832414948949804,3.9129400464390303,1.7461077521920227
2020-05-28,6.7932890444352525,3.9241509410924365,1.7311487622196517
2020-05-29,6.872010855292155,3.934723858713016,1.7465039738620634
2020-06-01,7.0364095200601895,4.0408671603611745,1.7413117632481816
2020-06-02,6.9963848259964125,4.053309238762142,1.7260920432838895
2020-06-03,7.011309824506887,4.053390639340493,1.7297394819186886
2020-06-04,7.023821057355632,4.051902026263897,1.7334627075946423
2020-06-05,7.025586608085604,4.071301819099425,1.7256363984431076
2020-06-08,6.984499214724651,4.092368288776692,1.7067132579146456
2020-06-09,7.014795873045221,4.117881265046388,1.7034963908718237
2020-06-10,7.0498553640945625,4.110429042098344,1.7151142354949065
2020-06-11,7.027283738498679,4.065841875306524,1.7283711354290903
2020-06-12,7.055503991503482,4.073165892343665,1.7321916607339076
2020-06-15,7.053440706638701,4.0242288821462076,1.7527434232013537
2020-06-16,7.166459256896062,4.084853997887655,1.7543978953964954
2020-06-17,7.220786118344834,4.087930939749327,1.766366953055135
2020-06-18,7.176122289540786,4.115189958424654,1.7438131318457764
2020-06-19,7.24166826838095,4.170467056168434,1.7364166101420173
2020-06-22,7.277158534181595,4.173861460285676,1.7435074459044257
2020-06-23,7.286852108258453,4.1939551930516465,1.7374654169722599
2020-06-24,7.243297756012735,4.211452247368217,1.7199049948955618
2020-06-29,7.270549092016373,4.181665740735088,1.7386729458529833
2020-06-30,7.360374935931431,4.236863472914975,1.737222590008894
2020-07-01,7.338938102895302,4.322150928882349,1.6979828385569713
2020-07-02,7.395876900125288,4.411753633009563,1.676402971550351
2020-07-03,7.464504698715032,4.496970880978109,1.6598961603886286
2020-07-06,7.6197407327333755,4.751855424432791,1.6035295799520062
2020-07-07,7.733640701203109,4.78037716957979,1.6177888118152235
2020-07-08,7.85350049189757,4.857583583131358,1.616750459872673
2020-07-09,8.048617023853101,4.925519488315964,1.6340645982511226
2020-07-10,8.046213349876753,4.836347189746783,1.6636963878306739
2020-07-13,8.304099482565826,4.9379229014422155,1.6816988941120272
2020-07-14,8.286726077140264,4.890841824431162,1.6943353260262235
2020-07-15,8.109480528874677,4.827531507111358,1.6798400004078138
2020-07-16,7.761895752551024,4.5953200772491485,1.6890870759969896
2020-07-17,7.879405685057774,4.624266122910804,1.7039256555801294
2020-07-20,8.022919708775953,4.762244173244851,1.684693060017831
2020-07-21,8.099457626037843,4.773170165874029,1.6968717528541597
2020-07-22,8.165129431026557,4.796981870056187,1.7021388973752614
2020-07-23,8.189007453086983,4.794937698032344,1.707844391064233
2020-07-24,7.885948150760928,4.584471415169405,1.7201433789438356
2020-07-27,7.94618708983527,4.607730612926005,1.724533779718792
2020-07-28,8.06190158147955,4.648235540713516,1.7344004000799895
2020-07-29,8.240036234582472,4.760924466368333,1.7307639078903576
2020-07-30,8.2540311272384,4.737667303626192,1.7422141738236447
2020-07-31,8.352424089480637,4.777243247313272,1.7483773919567631
2020-08-03,8.614298174900911,4.854843436162613,1.774371982984041
2020-08-04,8.548834702246541,4.859413061129799,1.759231947295907
2020-08-05,8.66626371948731,4.860742943078611,1.7829092838220377
2020-08-06,8.659230913214312,4.846146801873028,1.7868280238369036
2020-08-07,8.569191217164489,4.790348740427802,1.7888449633834422
2020-08-10,8.568791155883426,4.807589382922566,1.782346717529857
2020-08-11,8.425576350614088,4.763749066437117,1.768686014546041
2020-08-12,8.281667675326446,4.729012387133011,1.7512467714949782
2020-08-13,8.329225990427421,4.7168714908719425,1.7658369549702768
2020-08-14,8.39149529560687,4.786994019092505,1.7529780196378202
2020-08-17,8.558979938724962,4.8995272661412255,1.7468991341007174
2020-08-18,8.697507291348359,4.897014023284636,1.77608380331216
2020-08-19,8.574169185875878,4.823674137204745,1.7775183277294297
2020-08-20,8.439166981492727,4.761073022423825,1.7725346663967807
2020-08-21,8.488461192492723,4.801456866851039,1.7678928350052532
2020-08-24,8.53196190096182,4.839110739381804,1.7631259874932679
2020-08-25,8.52546159851039,4.845319568495534,1.759525141322626
2020-08-26,8.35079330467159,4.788521297443818,1.7439190067149466
2020-08-27,8.432697174273049,4.814177742232859,1.7516381043218165
2020-08-28,8.58229512713815,4.929074658575449,1.7411574629341313
2020-08-31,8.582567935479902,4.900533580791092,1.7513537646434045
2020-09-01,8.610458436858885,4.92689414058287,1.7476442950000617
2020-09-02,8.645447148428344,4.92869004084274,1.7541064820034997
2020-09-03,8.570497131005844,4.901428987152954,1.7485711112962805
2020-09-04,8.539453035771945,4.853732318268121,1.759358051871089
2020-09-07,8.348200652388893,4.751115696677025,1.7571032122471157
2020-09-08,8.311278124461962,4.776574745063564,1.7400079697384407
2020-09-09,8.040528574767137,4.6648524512766665,1.7236404921160202
2020-09-10,7.846894416136583,4.662195739900732,1.683089868788662
2020-09-11,7.943699865206577,4.708293904928195,1.6871716221648496
2020-09-14,8.038639090853449,4.73247801675631,1.6986109734458348
2020-09-15,8.11706625824429,4.7705653473667935,1.7014893764582142
2020-09-16,8.030542376874447,4.738895434852065,1.6946021466973216
2020-09-17,8.007230297742977,4.713819986691005,1.698671209412023
2020-09-18,8.082833227044441,4.820022303758468,1.6769285944469092
2020-09-21,8.060214041364036,4.773561906157343,1.6885114721079226
2020-09-22,7.990686324367294,4.716920331218954,1.6940473366660254
2020-09-23,8.092110877880817,4.73377635598101,1.7094408922923945
2020-09-24,7.948629723523791,4.642952643178529,1.7119773416603752
2020-09-25,7.917691043836709,4.650030423466159,1.7027181163977885
2020-09-28,7.805208377982237,4.6621255319019035,1.6741737914547574
2020-09-29,7.9083409877743,4.67218867840056,1.6926416144823968
2020-09-30,7.897133017581658,4.667707576562332,1.6918654153132981
2020-10-09,8.072595300472647,4.76309480928862,1.6948214603518064
2020-10-12,8.318815603761012,4.907598133484739,1.6950889982212274
2020-10-13,8.372328494402655,4.923922001965824,1.7003373512131368
2020-10-14,8.351203646154344,4.891261037409671,1.7073723079349288
2020-10-15,8.266393733197573,4.8827485719286035,1.6929796018418548
2020-10-16,8.265624948956505,4.875564970889118,1.695316337349345
2020-10-19,8.177217517556414,4.838743419271994,1.689946502430316
2020-10-20,8.239197713245137,4.877387326336954,1.689264592285926
2020-10-21,8.147601496588617,4.876737139217375,1.6707075374368352
2020-10-22,8.116900536611404,4.861634279411555,1.6695827102802685
2020-10-23,7.946081229275261,4.801095651784606,1.6550558050893318
2020-10-26,7.959955546945889,4.7733665447693,1.667576850067901
2020-10-27,8.051280435760592,4.781550355415276,1.6838221575230783
2020-10-28,8.078387784523496,4.820208507581446,1.6759415639006976
2020-10-29,8.090255175740246,4.856480605294701,1.6658679058493457
2020-10-30,7.882808366714042,4.777536289395336,1.6499735196593812
2020-11-02,7.864305626442422,4.803479671223064,1.6372101402981496
2020-11-03,8.022920573759897,4.861202856346294,1.650398226703497
2020-11-04,8.0271811577991,4.8979297797910855,1.6388926584695727
2020-11-05,8.123866850112337,4.970636776374296,1.6343714529143456
2020-11-06,8.006548506767396,4.971253385755306,1.6105693847168332
2020-11-09,8.162068053093872,5.0685596371162225,1.610332843540875
2020-11-10,8.05564715831275,5.040604643495993,1.5981509616524152
2020-11-11,7.913192522161573,4.990769174414984,1.5855657205563218
2020-11-12,7.942907287653134,4.994396587687755,1.5903637502944963
2020-11-13,7.971419347446026,4.941881004564538,1.6130334461884601
2020-11-16,7.948043910117917,4.9900304641664475,1.5927846467457563
2020-11-17,7.787572324127913,4.980480141311404,1.5636187883840003
2020-11-18,7.789972448622769,4.977311623799086,1.5650963888567686
2020-11-19,7.957592951695396,5.014264433848802,1.5869910844704658
2020-11-20,8.057103391704686,5.029831276951223,1.6018635512935957
2020-11-23,8.086744416338277,5.092651155786462,1.587924279311732
2020-11-24,8.096009325146696,5.061371966047819,1.5995681367533394
2020-11-25,7.980558952287423,4.996672751359898,1.5971746298805398
2020-11-26,7.95145836189985,5.005719408136395,1.5884746454176784
2020-11-27,7.93480162960998,5.06796439538703,1.5656782507849518
2020-11-30,7.8796698299146435,5.047092269590576,1.5612295969682854
2020-12-01,8.059647295524503,5.155808847021858,1.5632168559119455
2020-12-02,8.065373470830943,5.15585666986164,1.5643129720763518
2020-12-03,8.028020859699865,5.145595109453253,1.5601734471783741
2020-12-04,8.115228817972646,5.1546061534767205,1.574364476420574
2020-12-07,8.133690749881486,5.110160420189785,1.5916703353863422
2020-12-08,8.15346153334178,5.097588100863456,1.5994743733729102
2020-12-09,8.033944332031416,5.029231965193112,1.5974495484864613
2020-12-10,8.098816548827136,5.027019904476421,1.611057187502951
2020-12-11,8.004964588991118,4.975232856529446,1.6089628003009915
2020-12-14,8.158607340197188,5.021230288341199,1.6248223785195968
2020-12-15,8.13866526809602,5.031675000050876,1.6174862780314168
2020-12-16,8.090221278235866,5.040595485930928,1.6050129991222086
2020-12-17,8.12213778466652,5.105320138299583,1.590916448850109
2020-12-18,8.071561738257374,5.087503586712984,1.5865466432963007
2020-12-21,8.236311089796978,5.135196185568899,1.6038941438971575
2020-12-22,8.120131538222239,5.051692419774643,1.6074081443352166
2020-12-23,8.262505747434687,5.0947848684464905,1.6217575345736048
2020-12-24,8.169484213507577,5.087551409552765,1.605779196288404
2020-12-25,8.264694623713268,5.130285695679868,1.610961867225608
2020-12-28,8.191828224644958,5.1530788751254075,1.5896958737014477
2020-12-29,8.05906558602136,5.131223837345364,1.5705932622480787
2020-12-30,8.169831680711987,5.2032379115053615,1.5701437873226813
2020-12-31,8.381280191015657,5.302524231934668,1.5806208183904291
2021-01-04,8.583100214404318,5.359941147381852,1.6013422495500478
2021-01-05,8.65306398029944,5.462492648510268,1.5840870710662291
2021-01-06,8.646410034858155,5.512516356428712,1.5685051028963728
2021-01-07,8.661202029082231,5.610185857870521,1.543835132829235
2021-01-08,8.502827736511685,5.591640771107678,1.5206319727201136
2021-01-11,8.328881335548262,5.536417601247058,1.504380979800406
2021-01-12,8.45252137901041,5.694329635712062,1.4843751450566387
2021-01-13,8.356210835417109,5.675625817821436,1.4722976996084995
2021-01-14,8.221590491043534,5.566228528053692,1.4770486784016978
2021-01-15,8.319856546427006,5.553636876090005,1.4980915627102607
2021-01-18,8.504505488110235,5.615135013034267,1.5145682994921665
2021-01-19,8.423731947013227,5.532718962468229,1.5225302431149104
2021-01-20,8.614672058259996,5.572311186270979,1.5459782790818941
2021-01-21,8.714596998408696,5.662396188824922,1.5390298926110955
2021-01-22,8.803403135238856,5.667287346076594,1.5533715863786868
2021-01-25,8.861706765533006,5.72441732448509,1.5480539351365536
2021-01-26,8.64178655259054,5.609484795389471,1.5405668912220547
2021-01-27,8.679164726900224,5.624783016583333,1.543022139931758
2021-01-28,8.475198005888522,5.471281875957729,1.5490333340584777
2021-01-29,8.377787279787974,5.445663078936176,1.5384329067645137
2021-02-01,8.428536582323943,5.512496006284125,1.528987335812234
2021-02-02,8.590127237319226,5.597400879533248,1.5346635737184386
2021-02-03,8.461712267535914,5.581231672151031,1.5161012415517117
2021-02-04,8.279685115005186,5.569781663298718,1.4865367469541924
2021-02-05,8.188035896160914,5.579413386732113,1.4675442252822
2021-02-08,8.25515517768959,5.661982063382561,1.4579974089069836
2021-02-09,8.480396791694462,5.785800483112433,1.4657257567811064
2021-02-10,8.585996465494372,5.909396068759069,1.4529397531645514
2021-02-18,8.565575472493439,5.86936936936937,1.459368960010394
2021-02-19,8.59712704568979,5.8800135124960065,1.4620930763882543
2021-02-22,8.418036933705585,5.6953267927968625,1.4780603888002102
2021-02-23,8.379349018640017,5.677352527589708,1.4759254384714822
2021-02-24,8.253338770862715,5.532764750293551,1.4917205309379582
2021-02-25,8.218815859588553,5.565314806561701,1.476792624542691
2021-02-26,8.02557974396218,5.430192899020548,1.4779548154559603
2021-03-01,8.219801503877914,5.51365189449671,1.4908089341081303
2021-03-02,8.16641003761386,5.443287199555553,1.500271754589883
2021-03-03,8.233139671245139,5.547666143667951,1.4840726637168604
2021-03-04,7.964045431482728,5.3731565312771545,1.482191219467366
2021-03-05,7.994527975964228,5.354932976798801,1.4929277379571215
2021-03-08,7.658184393158893,5.168962162976167,1.4815709907904395
2021-03-09,7.438212358701621,5.058027419784818,1.4705757287132428
2021-03-10,7.477449613452977,5.091211383056876,1.4686975359807886
2021-03-11,7.655581226628938,5.217996853867647,1.467149452371655
2021-03-12,7.661375998484673,5.236477837675037,1.4630780910334715
2021-03-15,7.55008096819033,5.123702423905722,1.473559614423317
2021-03-16,7.601774097717084,5.168287555683083,1.4708496800566222
2021-03-17,7.702794868090876,5.190159891086027,1.4841151389806388
2021-03-18,7.7487563398601145,5.231786111840325,1.481091958695235
2021-03-19,7.682181104617161,5.094751290707921,1.5078618496310765
2021-03-22,7.766525667500166,5.145688720118357,1.509326756811968
2021-03-23,7.666454026414415,5.096944018787253,1.5041275709829243
2021-03-24,7.5561047864918045,5.014972618880457,1.5067090811312605
2021-03-25,7.604339057608798,5.012593686978146,1.5170467690935252
2021-03-26,7.765129432208447,5.126191246588807,1.5147951097953487
2021-03-29,7.8038929804337185,5.135233833336386,1.5196762666917334
2021-03-30,7.8897944466902015,5.183923589277102,1.5219735227213165
2021-03-31,7.7806684073821435,5.136743814064799,1.5147082838895092
2021-04-01,7.8909771700691484,5.200252545294335,1.51742191390486
2021-04-02,7.963226640317362,5.251921562402701,1.5162501087838538
2021-04-06,7.997792590622143,5.230335146531216,1.5291166563057281
2021-04-07,7.969989355991743,5.1930953994428135,1.534728084688541
2021-04-08,8.000840125163482,5.201709615646819,1.538117410686832
2021-04-09,7.95345493932637,5.123491799909239,1.5523504769671463
2021-04-12,7.73985275897461,5.034367324179838,1.5374032645175588
2021-04-13,7.719536390458023,5.02612348060733,1.5358827574059593
2021-04-14,7.836530497114147,5.0678249968966025,1.546330132140124
2021-04-15,7.77715339188536,5.035616823057528,1.5444291464502704
2021-04-16,7.807282935923458,5.053125069953622,1.5450405101481317
2021-04-19,8.01147254935395,5.176076573524055,1.547788645618791
2021-04-20,8.04766688318417,5.172360637122327,1.5558982537732593
2021-04-21,8.057379800873013,5.1880098983103276,1.5530771835067634
2021-04-22,8.070523258004338,5.178342562123904,1.5585147489149893
2021-04-23,8.098138443180442,5.225360553686735,1.5497760125790419
2021-04-26,8.078470533179395,5.166125352820632,1.5637387754768015
2021-04-27,8.109680599924912,5.179640901348605,1.5656839449648765
2021-04-28,8.217003417213,5.208865743991112,1.5775033992173904
2021-04-29,8.222433952851922,5.254579291285864,1.564812993970405
2021-04-30,8.216781337190277,5.213187097194325,1.5761531638894084
2021-05-06,8.200587731479066,5.149730258833489,1.5924305389417919
2021-05-07,7.951102743960071,5.083520045909927,1.5640939097618647
2021-05-10,7.99015411531827,5.079825477160015,1.57291902078993
2021-05-11,7.99693212671696,5.1109998636540315,1.5646512111232331
2021-05-12,8.05621715579263,5.1328640589991394,1.5695364348619663
2021-05-13,7.994681249792126,5.080387141150638,1.573636226467072
2021-05-14,8.108016409061111,5.200062271442439,1.5592152527842784
2021-05-17,8.055486865311556,5.275759721772823,1.5268866078314607
2021-05-18,8.102887979329898,5.278421520684904,1.535096798839685
2021-05-19,8.126003265239559,5.262824152365603,1.544038529500739
2021-05-20,8.119868723999865,5.277211704589162,1.538666473611183
2021-05-21,8.121614721151573,5.224032706752381,1.5546638348289608
2021-05-24,8.144396441626407,5.245848061750478,1.5525414281458845
2021-05-25,8.230629439971086,5.411589814345631,1.5209263307711234
2021-05-26,8.205440271133815,5.413741842135789,1.5156689237137075
2021-05-27,8.309506953476847,5.431690669662208,1.5298196194949385
2021-05-28,8.23022136739232,5.414246525721565,1.5201046587540572
2021-05-31,8.320478310980196,5.424911018992789,1.5337538775935553
2021-06-01,8.334829785125027,5.435198017081912,1.5334914678232627
2021-06-02,8.26855549058987,5.382586788279131,1.5361676115645901
2021-06-03,8.277304645545785,5.34729149750609,1.547943411988334
2021-06-04,8.333132488043868,5.374755035134525,1.5504208905467443
2021-06-07,8.403027882724661,5.370023626517867,1.5648027768871313
2021-06-08,8.367333167857758,5.323716872508379,1.571708895915668
2021-06-09,8.378309896217601,5.328124713826091,1.5724688039821035
2021-06-10,8.42274221338799,5.363754764477602,1.5703071044875248
2021-06-11,8.39986997368213,5.316173073909691,1.5800595384876335
2021-06-15,8.39930943292489,5.257012151071334,1.5977344528703785
2021-06-16,8.264241159410538,5.169436321345064,1.5986735585245049
2021-06-17,8.312531122288162,5.191211993561214,1.601269825350688
2021-06-18,8.407495760155332,5.191796042710884,1.6193809793355014
2021-06-21,8.48552695204986,5.179503537872637,1.6382896333603234
2021-06-22,8.542243991282454,5.211832795072009,1.6390096012595565
2021-06-23,8.611822564145365,5.237510607512867,1.644258734634784
2021-06-24,8.531848255411905,5.246240819541023,1.6262784246641444
2021-06-25,8.588692042959929,5.331705321766311,1.6108714800679624
2021-06-28,8.640640106504874,5.343703767015265,1.6169758810060533
2021-06-29,8.549880318046434,5.2814170619682255,1.6188610400823278
2021-06-30,8.60369822531337,5.315499484123835,1.6186057869087602
2021-07-01,8.580755213740753,5.321220927274688,1.6125538351093167
2021-07-02,8.485630673258187,5.17007328087066,1.641297949229295
2021-07-05,8.58411420246469,5.174830127168054,1.658820481352183
2021-07-06,8.562297359103693,5.172095067735457,1.6554795004672251
2021-07-07,8.643253713118098,5.230485737601166,1.6524762988995576
2021-07-08,8.653688944040212,5.177338282488496,1.6714551902683095
2021-07-09,8.688365927195166,5.1581877789241695,1.6843834113009506
2021-07-12,8.863014634916603,5.222568513849291,1.697060481143238
2021-07-13,8.94910100473567,5.232122906733252,1.7104149050510673
2021-07-14,8.878955475972221,5.172075735098098,1.716710259232856
2021-07-15,8.874797821121843,5.241650844429249,1.6931302913000874
2021-07-16,8.828618747909207,5.1839683595951955,1.7030618505932806
2021-07-19,8.80057426681145,5.203018129943813,1.6914364022995412
2021-07-20,8.806014133635118,5.1984383299043335,1.6939729924231255
2021-07-21,8.982808469109727,5.234100940787184,1.7162084894294674
2021-07-22,8.95056628358502,5.241944904018544,1.7074895763828801
2021-07-23,8.827012855827624,5.178326282008234,1.704607314239066
2021-07-26,8.724435017553041,5.011527339401747,1.740873475628794
2021-07-27,8.565456738685612,4.834495326589296,1.771737515511983
2021-07-28,8.411764344274683,4.843825867882791,1.736595115866834
2021-07-29,8.632297028581856,4.935189877024076,1.7491316937509889
2021-07-30,8.65520801465408,4.895400256818825,1.7680286719350888
2021-08-02,8.781767375847242,5.0201120478961005,1.7493170056886735
2021-08-03,8.76734984442431,5.020846688115719,1.746189515241825
2021-08-04,8.91478814305551,5.066013834028291,1.7597243977454418
2021-08-05,8.91952093458512,5.035307500859794,1.771395477448415
2021-08-06,8.869915431193155,5.007727967407208,1.771245460800385
2021-08-09,8.958336628181334,5.072846395073637,1.7659388695232305
2021-08-10,8.957646349995704,5.131439548877995,1.745640042072467
2021-08-11,9.03037319847877,5.103145725350379,1.7695699250012598
2021-08-12,9.022621778548563,5.06042059678834,1.7829786291429777
2021-08-13,9.035503473316176,5.032573458934426,1.7954041897342343
2021-08-16,9.008904261175678,5.02757241090198,1.7918994546235527
2021-08-17,8.789493566061964,4.922092523967383,1.7857229467473148
2021-08-18,8.869077051050361,4.979922547349699,1.780966865794019
2021-08-19,8.880505116325464,4.947261582793546,1.7950344787127575
2021-08-20,8.804923212975456,4.852764668892973,1.8144138060962396
2021-08-23,9.03196252943765,4.920540825442565,1.8355629695695683
2021-08-24,9.144145376260338,4.973972165072233,1.8383989843110722
2021-08-25,9.202242728816097,4.983910158181674,1.8463901709202233
2021-08-26,9.108064556355544,4.885671870198638,1.8642399240752194
2021-08-27,9.128871271777044,4.911551149070914,1.8586534059619622
2021-08-30,9.171816684700286,4.897537022000542,1.8727406538223146
2021-08-31,9.114127657973707,4.8897429166234225,1.8639277797179987
2021-09-01,9.062356755463249,4.954709735712672,1.829038881963838
2021-09-02,9.06265854671598,4.954660895365662,1.8291178222091304
2021-09-03,8.98615283634521,4.9278505973784945,1.8235440906275935
2021-09-06,9.14369107799307,5.0201018728238065,1.8214154432785934
2021-09-07,9.252294018638688,5.080239602602377,1.8212318202273683
2021-09-08,9.30283383611091,5.059180255475715,1.838802605628086
2021-09-09,9.331638174130632,5.05702415765664,1.8452824987996088
2021-09-10,9.337665200327285,5.10129487970012,1.830449997604569
2021-09-13,9.38667309590652,5.079050136651221,1.8481158569731018
2021-09-14,9.34154242144094,5.0032478830762095,1.8670956626073385
2021-09-15,9.379811104863395,4.952532270241781,1.8939424506577673
2021-09-16,9.241289012555244,4.8918674717183865,1.8891127092020377
2021-09-17,9.247406415152367,4.940954055478564,1.8715831621422951
2021-09-22,9.28807288514901,4.906183798435888,1.8931359416477807
2021-09-23,9.307533514421708,4.9381620156411214,1.8848173642219617
2021-09-24,9.248926019407069,4.934328048400784,1.8744043623943176
2021-09-27,9.004941587732404,4.962759235404367,1.814503013462969
2021-09-28,9.022702687617919,4.969330297091761,1.815677797247316
2021-09-29,8.763230049030138,4.918556686345257,1.781666982380897
2021-09-30,8.95626000991183,4.951579883475072,1.8087681549482
2021-10-08,8.970833987210062,5.016250607960569,1.7883544281008892
2021-10-11,8.855876353702136,5.022611045651479,1.763201703896513
2021-10-12,8.714719210052408,4.969339454656826,1.7536977076270657
2021-10-13,8.817424454302197,5.026596621468996,1.7541539769955425
2021-10-14,8.820884123018407,4.999635732411879,1.7643053604553538
2021-10-15,8.805032651723739,5.018455546126655,1.7545303671205457
2021-10-18,8.879988227719506,4.960118804144103,1.7902773256762343
2021-10-19,8.951175769691519,5.008906240778841,1.7870519709108568
2021-10-20,8.978168147104164,4.996148735136764,1.7970177877137192
2021-10-21,8.972944655674176,5.0142919065439955,1.7894739322941824
2021-10-22,8.937273335628467,5.046556043280688,1.7709648439410737
2021-10-25,9.023982743585927,5.066701668915358,1.7810369217017104
2021-10-26,8.981811880315385,5.049988095165416,1.7785808027773538
2021-10-27,8.87877113890913,4.983917280732279,1.7814844506417222
2021-10-28,8.713646922071613,4.949295579745094,1.7605832550660463
2021-10-29,8.856982060151926,4.994708962407178,1.7732729027485403
2021-11-01,8.903454091160599,4.976307344163681,1.7891688505941579
2021-11-02,8.71106384705387,4.9245782941287795,1.7688953909900154
2021-11-03,8.715661333804013,4.905516313693409,1.7767062173404353
2021-11-04,8.773727177476278,4.9539801830292,1.7710460787736588
2021-11-05,8.688052797427549,4.927122062202252,1.7633118659829368
2021-11-08,8.704872316179241,4.9330581993785065,1.7645995575880147
2021-11-09,8.817364060678283,4.931597058997104,1.7879327842878132
2021-11-10,8.823802364860988,4.90559873177899,1.7987207774862342
2021-11-11,8.850299733483597,4.984414841767451,1.7755945310413448
2021-11-12,8.873242182955206,4.973956902463792,1.7839403028522318
2021-11-15,8.818991190979899,4.967854911609146,1.7752111017516259
2021-11-16,8.78668372059795,4.968814420926461,1.768366249218788
2021-11-17,8.893932735014577,4.971290016015564,1.7890593198871487
2021-11-18,8.930429884268605,4.922312305528931,1.8142753506797207
2021-11-19,8.964478833917402,4.975669367130854,1.8016628864322304
2021-11-22,9.04434093905018,4.99840149614263,1.8094466693061542
2021-11-23,9.018408980168125,4.9993650754888606,1.8039108654785057
2021-11-24,9.00896378631283,5.002735059432598,1.8008076940485853
2021-11-25,8.97347356103458,4.982165133283272,1.8011192565833354
2021-11-26,8.999105107875911,4.945214358248016,1.8197603695108784
2021-11-29,9.02237304630814,4.936357975323414,1.8277388089377824
2021-11-30,9.032484285605925,4.916621387594959,1.8371323666279504
2021-12-01,9.024358529057919,4.9286534105824815,1.8309988098739927
2021-12-02,8.964078298159961,4.941180959590717,1.814157055058041
2021-12-03,8.981351868314738,4.986821246364956,1.8010174066017537
2021-12-06,8.921591328704,4.9782772381597775,1.7921041560959492
2021-12-07,8.825414308154762,5.00827436878939,1.7621666982050863
2021-12-08,8.929587607039945,5.083394892520712,1.756618912329279
2021-12-09,8.939563187213524,5.167603790824933,1.7299242645277284
2021-12-10,8.94899819698267,5.14361809290655,1.739825553791413
2021-12-13,8.937733223664353,5.172804270274341,1.727831318695988
2021-12-14,8.89782467006315,5.138101168708803,1.7317340351823316
2021-12-15,8.869553737986353,5.093538422090489,1.7413344129337325
2021-12-16,8.892479548923978,5.122876208035458,1.7358372890166134
2021-12-17,8.819197296686198,5.041504119886772,1.7493186729527594
2021-12-20,8.703064057807651,4.965860597439544,1.752579213015978
2021-12-21,8.749571767409495,4.999506508993746,1.7500870839291152
2021-12-22,8.766508777988546,5.000492473499024,1.7531290816750904
2021-12-23,8.753933007278405,5.035377708858621,1.73848587204845
2021-12-24,8.63933064561078,5.007504115816743,1.725276793746913
2021-12-27,8.638132286570443,5.005447733706148,1.7257461761916297
2021-12-28,8.744829950685668,5.042729198590956,1.7341462542008317
2021-12-29,8.722002885726416,4.968976204575934,1.7552917395125214
2021-12-30,8.75103228410502,5.007673022016822,1.7475246977248875
2021-12-31,8.76178304447918,5.026865243377554,1.7429914310955616
2022-01-04,8.651854999339871,5.003861439935531,1.7290356863781065
2022-01-05,8.555886115396817,4.953347293532521,1.727293809292971
2022-01-06,8.591813967148969,4.902585892872769,1.7525065659001484
2022-01-07,8.476220304891063,4.90679532028075,1.727445257367304
2022-01-10,8.508374633339745,4.9288508069849835,1.7262390294471877
2022-01-11,8.459754868201866,4.881769729973932,1.7329278798750387
2022-01-12,8.531407402607474,4.930411663074866,1.7303641126969989
2022-01-13,8.472907762134579,4.849357037181749,1.7472229198984062
2022-01-14,8.473680024128859,4.809483981383687,1.7618688526520434
2022-01-17,8.51979021711036,4.85073779449203,1.7563905900633316
2022-01-18,8.504248110445575,4.8976153700572045,1.7364058767126591
2022-01-19,8.428825168807728,4.864069174211482,1.7328752669670104
2022-01-20,8.34057262299063,4.907955278522254,1.6993986598634836
2022-01-21,8.311832662948708,4.862986546519413,1.7092033020115465
2022-01-24,8.32952621336258,4.870540520190397,1.7101851794135092
2022-01-25,8.196824956962777,4.760357714841564,1.7218926492450761
2022-01-26,8.211793767946508,4.794810509628671,1.7126419806280233
2022-01-27,8.099823893742848,4.700758246387341,1.723088801677427
2022-01-28,8.106066508745885,4.643671003282479,1.7456160229731903
2022-02-07,8.15218587030089,4.715220076638645,1.7289088818336484
2022-02-08,8.107535132044076,4.689459846112207,1.728884647293786
2022-02-09,8.147780076091117,4.733505699057992,1.7212993062863733
2022-02-10,8.090215113335649,4.721094145873907,1.7136313878439073
2022-02-11,8.01444418459009,4.6819526777737765,1.7117738550917778
2022-02-14,8.026236305470738,4.631375445922544,1.733013528958665
2022-02-15,8.127677821507799,4.680638058433406,1.7364465528078252
2022-02-16,8.140311787645405,4.698837192738254,1.732409839656868
2022-02-17,8.176189504408486,4.710208853533905,1.7358443667044992
2022-02-18,8.161036886224986,4.732666255593746,1.7244057462490827
2022-02-21,8.190555183956958,4.715447998258028,1.7369622540599954
2022-02-22,8.168527838950176,4.654233745830765,1.7550746879155985
2022-02-23,8.298269708786389,4.7039837443045025,1.764094044507229
2022-02-24,8.225397840982454,4.608614826708345,1.7847874361974745
2022-02-25,8.328891193667772,4.653493000567769,1.7898149180951965
2022-02-28,8.363186739080104,4.6618579275005745,1.7939600196190393
2022-03-01,8.370491214903609,4.700563902506527,1.78074192554645
2022-03-02,8.357973832125891,4.658759617987085,1.7940341458821885
2022-03-03,8.29507204939839,4.63131439548878,1.7910837704040052
2022-03-04,8.261305148538588,4.575150031440974,1.8056905438654292
2022-03-07,8.185942455083339,4.4289830829248045,1.8482668147103238
2022-03-08,8.095149046587242,4.340066178670199,1.8652132740214584
2022-03-09,8.04408908788116,4.300337608898711,1.8705715270437104
2022-03-10,8.149537828450054,4.367992682088007,1.8657398080974752
2022-03-11,8.131625467386424,4.3819172685221925,1.8557231844153064
2022-03-14,8.035494032643234,4.247846445948999,1.8916630191061552
2022-03-15,7.89067759307003,4.053557510526113,1.9466055613075282
2022-03-16,8.012444729180116,4.2288424634257025,1.8947134584647995
2022-03-17,8.082683144947852,4.3118863159522745,1.8745121166680858
2022-03-18,8.108125166605058,4.3405861248644175,1.8679793312149342
2022-03-21,8.155445069254217,4.333304843130911,1.8820381589774615
2022-03-22,8.146223950921359,4.32979342568229,1.8814347822235133
2022-03-23,8.180782332610079,4.35138696410438,1.8800401803138371
2022-03-24,8.166427108812524,4.325734589344257,1.8878705894090655
2022-03-25,8.111980199492605,4.247659224618791,1.9097530593972307
2022-03-28,8.06773988300694,4.221094145873907,1.9112911496876008
2022-03-29,8.03221843118478,4.206521407334599,1.9094680980773322
2022-03-30,8.104610894873888,4.3285764870359404,1.8723501638811622
2022-03-31,8.02603419463212,4.2965229742957325,1.8680300891321808
2022-04-01,8.029050382201977,4.35102167900903,1.8453252993284646
2022-04-06,7.993178606317492,4.338489042464647,1.8423876441962053
2022-04-07,7.923133799263497,4.282789679220671,1.8499936706453564
2022-04-08,7.893793273439553,4.304836008359839,1.833703597096402
2022-04-11,7.760872926162097,4.171850866000403,1.8602949087685214
2022-04-12,7.817555342094209,4.253152746150262,1.8380612709407778
2022-04-13,7.744488419425424,4.212212325268571,1.8385797821650964
2022-04-14,7.77238811480147,4.264950742475025,1.8223863730466012
2022-04-15,7.75381989114257,4.262080354580919,1.8192570871660598
2022-04-18,7.794196231791069,4.239325840410096,1.8385461569137342
2022-04-19,7.785138878389309,4.207292677814476,1.8503915640195925
2022-04-20,7.746353529196954,4.142057236816668,1.8701705665347899
2022-04-21,7.615785962356311,4.0657859124089075,1.8731399356549223
2022-04-22,7.560615942732618,4.083510888344862,1.851498906079103
2022-04-25,7.340026859735917,3.8817015569895625,1.8909302407649402
2022-04-26,7.253639468074982,3.850369456874991,1.883881416917879
2022-04-27,7.38849503921557,3.963736042344581,1.8640229723382935
2022-04-28,7.387148691597312,3.9897547197072836,1.8515295326574073
2022-04-29,7.516889354310769,4.086554252467963,1.8394199342321584
2022-05-05,7.537631684975992,4.08041766636752,1.8472696427878574
2022-05-06,7.509498177911817,3.9772475208436355,1.8881143651625023
2022-05-09,7.547841760930686,3.945319161492643,1.913113097312789
2022-05-10,7.585302056629945,3.988494028250071,1.9017960169688288
2022-05-11,7.58109538485607,4.046039149608158,1.8737078670111897
2022-05-12,7.592340911941244,4.028046569270875,1.8848691993438274
2022-05-13,7.615035536868945,4.058429335140426,1.8763504075168174
2022-05-16,7.633838772152175,4.02580601835176,1.8962261811307068
2022-05-17,7.624606069232704,4.076025087658248,1.8705984151861983
2022-05-18,7.640704372620716,4.061794231548015,1.8811155703741103
2022-05-19,7.659475127109965,4.069619879649245,1.8821107016437426
2022-05-20,7.676055356952804,4.148987478556035,1.8501032834218842
2022-05-23,7.7035668765909735,4.124955992812329,1.8675512878232683
2022-05-24,7.624401936547895,4.0284678172638415,1.8926307177815391
2022-05-25,7.659976853343139,4.05291241094268,1.889993189258556
2022-05-26,7.670027497863142,4.0629521547750596,1.8877966576221679
2022-05-27,7.69073202582498,4.071350659446435,1.8889878738351311
2022-05-30,7.712743757937504,4.099554942337865,1.8813612371149577
2022-05-31,7.729001849148195,4.163149144174669,1.8565277345307416
2022-06-01,7.729657057339995,4.154662116374337,1.8604779018914446
2022-06-02,7.728517807230552,4.161165005077361,1.8572966459634228
2022-06-06,7.768150039729867,4.239021605748509,1.832533721742661
2022-06-07,7.763651239074354,4.252293970048657,1.8257560022327237
2022-06-08,7.7582731125871565,4.2936892166618845,1.806901413004177
2022-06-09,7.724280486096569,4.248779500078348,1.8179998481809025
2022-06-10,7.756539938487121,4.313207040336021,1.7983231191894853
2022-06-13,7.758855255142421,4.262696963961929,1.8201751897303569
2022-06-14,7.752880942486952,4.296231967228127,1.8045768947362055
2022-06-15,7.747783491581757,4.353117743901571,1.7798240129010725
2022-06-16,7.764936679517007,4.324467792843668,1.7955820349423777
2022-06-17,7.764009587621156,4.3844834217547115,1.770792323925341
2022-06-20,7.770929508351754,4.40624688388411,1.7636164548051092
2022-06-21,7.750555432884429,4.401294676198674,1.7609717147088313
2022-06-22,7.724930319726138,4.345389776494362,1.777730127113756
2022-06-23,7.764958526815894,4.419927268583243,1.756806855626125
2022-06-24,7.773791361831011,4.47171228151576,1.7384372858613248
2022-06-27,7.795283570253345,4.522070749312674,1.7238305197764052
2022-06-28,7.810092207392292,4.569133511193597,1.7093158228488836
2022-06-29,7.762771113104441,4.498762711209063,1.7255346884072844
2022-06-30,7.7842076388198285,4.5635311163885826,1.7057422071398027
2022-07-01,7.7976058722566295,4.544917856641371,1.7156758643860173
2022-07-04,7.825091414231904,4.574743028549218,1.710498571263677
2022-07-05,7.809216855435779,4.568137371616025,1.709496939377983
2022-07-06,7.779574591077133,4.501421457599457,1.72824843537887
2022-07-07,7.7954161598267175,4.521266918601457,1.7241663233273647
2022-07-08,7.7902701031046115,4.506316684880046,1.7287444819941635
2022-07-11,7.76741719516922,4.430854278719651,1.7530292594983985
2022-07-12,7.753531092413704,4.389137499821937,1.766527271640102
2022-07-13,7.782064159685525,4.397118826529263,1.7698098383727487
2022-07-14,7.7816302422346135,4.397741540953648,1.7694605673773114
2022-07-15,7.744350329239653,4.322906936753785,1.7914682047389028
2022-07-18,7.776141450820005,4.36773728777343,1.780359242893956
2022-07-19,7.804016824953503,4.344084314719057,1.7964699254365668
2022-07-20,7.821693712206362,4.358800521777707,1.7944601211106441
2022-07-21,7.804855377659058,4.310219639110536,1.8107790393878118
2022-07-22,7.803471662760045,4.312433734841687,1.8095284803365257
2022-07-25,7.782418347415831,4.286395724841626,1.8156089281055303
2022-07-26,7.8238351602712495,4.320311275811615,1.8109424670567196
2022-07-27,7.835018763023967,4.299004674428212,1.8225192472176277
2022-07-28,7.840640041059745,4.2996528265333325,1.8235518906723902
2022-07-29,7.825264915657961,4.243108932288964,1.8442290878062815
2022-08-01,7.820764025568103,4.262010146582091,1.8349942296218946
2022-08-02,7.675762500682329,4.178926611273574,1.8367784875607223
2022-08-03,7.612008399024168,4.138176464243778,1.8394595940497689
2022-08-04,7.68961713556128,4.173343549105916,1.8425555061741032
2022-08-05,7.7544221588241475,4.229686994426095,1.8333323881986936
2022-08-08,7.847878911758134,4.220696300547215,1.859380147948729
2022-08-09,7.8271041017415,4.229056139943874,1.8507921963517318
2022-08-10,7.848904406509176,4.181687108386905,1.8769707544036953
2022-08-11,7.906216111598958,4.266960319253068,1.8528918761969981
2022-08-12,7.859453586713138,4.264527459467599,1.8429834633294502
2022-08-15,7.9039242861291825,4.258958642401154,1.855834946937413
2022-08-16,7.927668028816125,4.250979350708287,1.8649039138464027
2022-08-17,7.893871985336299,4.290786268536438,1.839726215966672
2022-08-18,7.868859162725801,4.253281969568394,1.8500675993330162
2022-08-19,7.796578799826616,4.223747804728152,1.8458911753914289
2022-08-22,10.177323223378295,4.254601676444911,2.3920742756540094
2022-08-23,9.897368784149352,4.233931017079877,2.337631091348182
2022-08-24,9.551982070641698,4.1538918634016895,2.2995259348950468
2022-08-25,9.589305506798242,4.18830395789962,2.289543835210841
2022-08-26,9.359029657099764,4.179457750047314,2.239292802276519
2022-08-29,9.28398681888878,4.16111718223758,2.2311284235202558
2022-08-30,9.382485673762467,4.147149860499759,2.262393689489633
2022-08-31,9.321339113628374,4.150249187520478,2.2459709507701415
2022-09-01,9.597898532368188,4.114534683768928,2.3326814014304236
2022-09-02,9.914060197919046,4.094055315763018,2.4215745595199265
2022-09-05,9.663668309800338,4.085724984076012,2.3652273090979423
2022-09-06,9.582760655411077,4.123224195507909,2.32409401018046
2022-09-07,9.573350026034891,4.125974517548947,2.320263972866701
2022-09-08,9.432021396958776,4.10837265998775,2.2958047328128455
2022-09-09,9.347409617797405,4.165457868078152,2.244029327347413
2022-09-13,9.330037633955113,4.183089233349003,2.230418026843151
2022-09-14,9.391820536459894,4.136532172561086,2.2704575099787165
2022-09-15,9.04476972305594,4.097622696109256,2.2073212674373512
2022-09-16,8.860278260288645,4.001533383394689,2.214220752738555
2022-09-19,8.722914654269525,3.996768397039461,2.1824919003890435
2022-09-20,8.881021715037514,4.001689062000786,2.2193182872127335
2022-09-21,8.881255104536166,3.97207858411834,2.235921298245787
2022-09-22,8.853763421229159,3.937085492992428,2.24881157317713
2022-09-23,8.649844476256224,3.9235292441752803,2.2046081315941377
2022-09-26,8.632183164913437,3.903846584329982,2.2111993846179745
2022-09-27,8.709672257974722,3.960438301414132,2.1991687775731306
2022-09-28,8.515303406852377,3.8957401042334405,2.1857986362075152
2022-09-29,8.518642158547548,3.8941456704049884,2.1875509751184055
2022-09-30,8.437573560120155,3.871497994493251,2.179407963563873
2022-10-10,8.30903047523377,3.7860802976005146,2.194626057059525
2022-10-11,8.310651956009936,3.7929484713988892,2.19107958325225
2022-10-12,8.546590678401328,3.8505587132196575,2.2195715777711302
2022-10-13,8.46809876124368,3.8183719070323994,2.2177249800229655
2022-10-14,8.60462126219813,3.909741003709831,2.2008161804153965
2022-10-17,8.654500819498411,3.913752017208082,2.2113053615676432
2022-10-18,8.656741002174657,3.90546442082471,2.2165714674073587
2022-10-19,8.613213795058934,3.842650647032847,2.241477195359859
2022-10-20,8.753732599466918,3.8206653683274423,2.2911539628761064
2022-10-21,8.810195179382413,3.8084206863289767,2.3133461098476387
2022-10-24,8.94011358675857,3.696983294566308,2.4182185512978718
2022-10-25,8.756681253662137,3.6909606692755554,2.372466693171471
2022-10-26,8.867223750055409,3.7209252396738277,2.383069580519898
2022-10-27,8.82853279142635,3.6947162884592295,2.3895022248401174
2022-10-28,8.901996792813991,3.6033288766516685,2.470492452269863
2022-10-31,9.066354332365306,3.570130668278398,2.53950210083972
2022-11-01,9.190849123393455,3.697797300349819,2.485492950769363
2022-11-02,9.273722599707417,3.7421931757825138,2.4781517586323507
2022-11-03,9.374863579141085,3.711761569565952,2.525718153883836
2022-11-04,9.501805507885651,3.833127796872997,2.478864783907562
2022-11-07,9.498469369728443,3.8413919905900933,2.4726633972778553
2022-11-08,9.484797623906134,3.8149652928284055,2.4862081030556715
2022-11-09,9.464941095199123,3.779296576902179,2.504418719887118
2022-11-10,9.40514077659816,3.7502152027790157,2.507893618912505
2022-11-11,9.38496399524472,3.8547640705987214,2.434640310888611
2022-11-14,9.326196914017203,3.8604397259242527,2.415837981198983
2022-11-15,9.417463463732215,3.933655476122158,2.3940742957530325
2022-11-16,9.402956300907785,3.9015195452963694,2.4100754056823552
2022-11-17,9.382958628475683,3.8855182266070005,2.4148538447776837
2022-11-18,9.341181964204642,3.8681239405205976,2.4149127866227174
2022-11-21,9.37931168750271,3.835113970984764,2.4456409270920134
2022-11-22,9.314934171208224,3.835567779209071,2.4285672180531894
2022-11-23,9.336077980725067,3.839593037808534,2.431528000179331
2022-11-24,9.325820423622186,3.8225792994259224,2.4396669612642814
2022-11-25,9.265192180809917,3.84187937655297,2.411630161362036
2022-11-28,9.246981348353488,3.7986007240581445,2.4343125324513433
2022-11-29,9.242286442404852,3.9157972067391538,2.3602566615295397
2022-11-30,9.24259470540223,3.9204930026027833,2.357508277470753
2022-12-01,9.289719163536937,3.9629556142996396,2.344139089021485
2022-12-02,9.276088127340563,3.9387175745883676,2.3551036477425016
2022-12-05,9.234592324050961,4.015974863501405,2.299464672445585
2022-12-06,9.241716837355519,4.0376701526464345,2.28887365435192
2022-12-07,9.227763690558817,4.027742334609287,2.291051145766493
2022-12-08,9.21874983275229,4.028494272451805,2.2883859847569332
2022-12-09,9.221446830432047,4.068242174860653,2.266690731297948
2022-12-12,9.210998933790762,4.022656833476802,2.289779942732438
2022-12-13,9.16385726716417,4.014758942362286,2.2825423390855324
2022-12-14,9.158678079742867,4.02412509640881,2.275942685757013
2022-12-15,9.178597298954948,4.02117737796527,2.2825646412044995
2022-12-16,9.098894230659361,4.023454559144643,2.2614631523497857
2022-12-19,9.06297472249376,3.9613805131085456,2.2878324090562883
2022-12-20,9.04842397424547,3.8960524789528628,2.3224594697136633
2022-12-21,9.002703843930554,3.8976001074487634,2.3098069570362925
2022-12-22,8.941286966407262,3.903186222138108,2.290766173464651
2022-12-23,8.908981285134082,3.895240508183811,2.2871453678961586
2022-12-26,9.012633877095015,3.9107778435765788,2.304562989150149
2022-12-27,9.064667972288136,3.9559195518084156,2.2914186837152184
2022-12-28,9.018939734400483,3.9390391068728547,2.2896293968405117
2022-12-29,8.997195987177667,3.9242211490912644,2.2927341873332385
2022-12-30,9.019158986098692,3.9394155845477283,2.289466239986496
2023-01-03,9.079679741674019,3.955965339633738,2.295186879092995
2023-01-04,9.050561964398007,3.9611027336349225,2.284859185182688
2023-01-05,9.092700801804007,4.038056805393603,2.2517515825084367
2023-01-06,9.144237418789775,4.050583336894609,2.2575112417759144
2023-01-09,9.148281974954406,4.083378612405041,2.2403707427869937
2023-01-10,9.146063750968993,4.0878088388818,2.2374000623451007
2023-01-11,9.09525319417469,4.080235532573459,2.229100041300359
2023-01-12,9.095350746467885,4.088210754237409,2.2247754074421437
2023-01-13,9.085421031092332,4.145708052755714,2.1915245635912823
2023-01-16,9.115875772505166,4.210408284950865,2.165081188227699
2023-01-17,9.126433302509364,4.209673644731246,2.1679669429794988
2023-01-18,9.142815518607176,4.20262435464604,2.175501483614568
2023-01-19,9.165544787431621,4.228768185397957,2.167426632436481
2023-01-20,9.205397261363107,4.254733952384732,2.163565892575629
2023-01-30,9.2586121882524,4.274898910656761,2.1658084510891933
2023-01-31,9.241753618143976,4.229633066542938,2.185001269081164
2023-02-01,9.347105503901863,4.269392161531308,2.1893293354783614
2023-02-02,9.409644387806068,4.254349334652023,2.2117705076928558
2023-02-03,9.402728021223743,4.214140501468263,2.2312326838527823
2023-02-06,9.284971860428799,4.158427910630305,2.2328081813546334
2023-02-07,9.207616351179116,4.165912693809689,2.210227872720692
2023-02-08,9.188822729681037,4.147502935508357,2.2155072274963366
2023-02-09,9.363792250423439,4.203176861071598,2.227789255586105
2023-02-10,9.280821030049667,4.17820011111179,2.221248571931157
2023-02-13,9.401538010755747,4.216116500507736,2.2299047024966088
2023-02-14,9.27923877947891,4.217862542913368,2.1999860557498256
2023-02-15,9.22739415778014,4.195883369251339,2.1991541102884753
2023-02-16,9.038237726273882,4.1651536334165655,2.1699650293235533
2023-02-17,8.916297338202163,4.105140039519981,2.1719837209852546
2023-02-20,8.959808926040404,4.205855957606579,2.13031758965401
2023-02-21,8.938861323690466,4.2169101561466595,2.1197656560600393
2023-02-22,8.97197936772068,4.178852333245827,2.146996029589756
2023-02-23,9.053950803942115,4.175489471852697,2.1683567555314194
2023-02-24,9.012223885925447,4.132143663880732,2.1810044904057264
2023-02-27,8.957711717476812,4.114640504520785,2.177033864230644
2023-02-28,8.978152360997163,4.14070395220158,2.1682671508605558
2023-03-01,8.925045472214231,4.199193320268541,2.1254190487337388
2023-03-02,8.798719074828929,4.1898281837292455,2.1000190673684003
2023-03-03,8.864828334075881,4.202865503859406,2.1092343606845114
2023-03-06,9.050352572256902,4.18094738063114,2.164665504804965
2023-03-07,8.891300521176156,4.119736180725564,2.158220849862825
2023-03-08,8.950889943033474,4.104734054135455,2.1806260344724633
2023-03-09,8.939458743890754,4.090227453566058,2.185565190536507
2023-03-10,8.872437348940457,4.036588542461595,2.198003897501493
2023-03-13,8.932737209259981,4.078866985349931,2.190004538354327
2023-03-14,8.92734906945371,4.054456986916892,2.2018605939737155
2023-03-15,8.851918675174264,4.056701607864924,2.18204825763192
2023-03-16,8.653664972986856,4.008114620154376,2.1590363033713724
2023-03-17,8.507991599919803,4.028126952341997,2.1121458436093143
2023-03-20,8.551369762986356,4.008039324619402,2.1335543567298663
2023-03-21,8.64259855749548,4.052098405159169,2.1328698598463562
2023-03-22,8.57966448462608,4.06946216602869,2.1083042757462986
2023-03-23,8.59868125260293,4.10980327515227,2.0922367025668267
2023-03-24,8.564226845241539,4.0975484180815105,2.0900855759140353
2023-03-27,8.618128286877052,4.082724355256544,2.1108768403091274
2023-03-28,8.518624286852772,4.069535426549206,2.0932670179692243
2023-03-29,8.52389919223421,4.076280481972824,2.0910973201993315
2023-03-30,8.573356687766157,4.109229401074894,2.0863660436001785
2023-03-31,8.707335082703132,4.121846490719316,2.1124840777812635
2023-04-03,8.760153690250647,4.16218251230675,2.1047019596926866
2023-04-04,8.692907330621635,4.174939000441598,2.082163914179861
2023-04-06,8.675207698072596,4.1683608162036,2.081203638694041
2023-04-07,8.868802661129472,4.195467208794518,2.113901079369356
2023-04-10,8.76760154559634,4.176675885282165,2.09918169051416
2023-04-11,8.752119770248562,4.171930231564295,2.0978586132699757
2023-04-12,8.784526212780506,4.169020160888243,2.1070961218160416
2023-04-13,8.76029088425109,4.140215548731474,2.115902126626032
2023-04-14,8.9446304590533,4.163638565152005,2.148272555143545
2023-04-17,8.821787593443007,4.222028217510485,2.089466753645897
2023-04-18,8.737904744660245,4.234897648947796,2.0633095458236794
2023-04-19,8.681347924764575,4.196768600540907,2.068579126246242
2023-04-20,8.5368123713245,4.18502656711376,2.0398466376312605
2023-04-21,8.236914476550966,4.103166075494967,2.0074533482189953
2023-04-24,8.104461557866049,4.052368044574957,1.999932254108994
2023-04-25,7.8979081914333085,4.032041302653456,1.9587865298492244
2023-04-26,8.0550843742253,4.028547182827734,1.9995010629542245
2023-04-27,7.945398381385616,4.058245166331907,1.9578409030835264
2023-04-28,7.841544887746278,4.099624132829463,1.91274727479327
2023-05-04,7.820456796102801,4.1008054587227845,1.9070538397445753
2023-05-05,7.762393327598017,4.087201387065855,1.8991952175790707
2023-05-08,7.818819521874077,4.133787955563424,1.8914418460557911
2023-05-09,7.681452083132021,4.098391931574674,1.874260005235925
2023-05-10,7.718554187114394,4.066844119927472,1.8979223101504188
2023-05-11,7.7435665107649445,4.060529470061885,1.9070336929846066
2023-05-12,7.634101293143725,4.006701302612755,1.9053332695815273
2023-05-15,7.643356724239132,4.06889643200915,1.8784839702751972
2023-05-16,7.5170747345189515,4.047852347490929,1.8570526020244855
2023-05-17,7.587435723981878,4.0294965170727535,1.8829736399657708
2023-05-18,7.702548385863226,4.025329824968407,1.9135198159628275
2023-05-19,7.661962192294424,4.013597966613553,1.9090009153954088
2023-05-22,7.634054376417676,4.038819935815644,1.8901695291538096
2023-05-23,7.511353208710383,3.9816970799577533,1.88647028085574
2023-05-24,7.505485011192375,3.926656043891192,1.9114190108066296
2023-05-25,7.478210696577296,3.917911586761824,1.908723699086349
2023-05-26,7.575082265728925,3.9183704825222785,1.9332225728825927
2023-05-29,7.595951401988056,3.9010637020576033,1.9471487732901147
2023-05-30,7.702954523350676,3.9049414221088043,1.9726171767234377
2023-05-31,7.748957576741748,3.865044963644467,2.0048816118907506
2023-06-01,7.849413592157662,3.873515711329129,2.0264313293476413
2023-06-02,7.840594825667487,3.929444013699717,1.9953445826767935
2023-06-05,7.941749728432048,3.911551149070914,2.030332577989783
2023-06-06,7.836583989573465,3.874833383191188,2.022431215640944
2023-06-07,7.9680064353661635,3.85568287962686,2.0665616660199193
2023-06-08,7.908796354827979,3.8870678901173594,2.034643226822878
2023-06-09,7.980624047342824,3.9038730395179457,2.0442837066054484
2023-06-12,8.00497514726241,3.9117373528938923,2.0463989335430077
2023-06-13,8.058336149354124,3.9325708134156296,2.049126775254446
2023-06-14,8.061995677395059,3.9316733720393087,2.0505252889848795
2023-06-15,8.052384890258566,3.9942236114587595,2.0160075332681977
2023-06-16,8.107928184413854,4.032738295105587,2.0105267416569537
2023-06-19,8.190838883502705,3.999727308062524,2.0478493288759636
2023-06-20,8.171980401158866,3.9929405348425,2.046607088147183
2023-06-21,7.965551208690751,3.9316804945899144,2.025991486249083
2023-06-26,7.713720478814281,3.876393221773841,1.9899220841389451
2023-06-27,7.787663068105596,3.9127558776305107,1.990326846770122
2023-06-28,7.682620318511928,3.9080407491295226,1.9658495936162272
2023-06-29,7.762338745129162,3.888753899596457,1.9960992506969069
2023-06-30,7.79765985036271,3.9097226885797025,1.9944278588196727
2023-07-03,7.7702663824739995,3.961035578157783,1.9616754833815029
2023-07-04,7.821058012783982,3.967273914981166,1.9713935010260342
2023-07-05,7.723571473411048,3.936537056595787,1.9620217877715567
2023-07-06,7.722131352555483,3.9100309932702073,1.974954000581201
2023-07-07,7.673465813967008,3.892676389965751,1.9712570594738088
2023-07-10,7.66334757373385,3.911630514634807,1.9591184660878702
2023-07-11,7.701222737673837,3.937229979019001,1.9560002282601414
2023-07-12,7.597569249066893,3.91072493320065,1.9427521441271052
2023-07-13,7.700813264005741,3.966673585715826,1.9413781087853368
2023-07-14,7.780625344447926,3.967365490631811,1.961156682645048
2023-07-17,7.743168451720941,3.9348785198118836,1.9678290988488056
2023-07-18,7.668726659135352,3.922428301353081,1.9550967079474588
2023-07-19,7.670535485793554,3.9182839944077803,1.95762622023851
2023-07-20,7.583679293163729,3.8906373054780556,1.949212609071998
2023-07-21,7.546188006253214,3.8888210550735964,1.9404821922592685
2023-07-24,7.588402291103478,3.8718398769223255,1.9598956910210343
2023-07-25,7.687110673503459,3.9836578163887855,1.9296613885556768
2023-07-26,7.576932859002113,3.975413972816277,1.9059481379330252
2023-07-27,7.514990904562304,3.9706652665767193,1.8926276580955161
2023-07-28,7.560362635824265,4.062639780055637,1.86094831073621
2023-07-31,7.603037048174648,4.0849150483214185,1.8612472862315468
2023-08-01,7.569584626716264,4.067994920603911,1.8607655059688537
2023-08-02,7.633321774343797,4.039396862414708,1.8897182015883134
2023-08-03,7.607282535024043,4.075100173586733,1.866771910131581
2023-08-04,7.745431878720972,4.090968198829053,1.893300437030512
2023-08-07,7.756926886049117,4.060009523867667,1.9105686428685207
2023-08-08,7.73177464531006,4.049406081030206,1.9093601606245985
2023-08-09,7.647041659100702,4.037026070570231,1.894226473999598
2023-08-10,7.643310773076909,4.04532078950421,1.8894201895948195
2023-08-11,7.485414807181332,3.9522565257826154,1.8939597564960917
2023-08-14,7.585571522069337,3.9234122308439003,1.9334118047640714
2023-08-15,7.477507969211043,3.9138781881045266,1.9105111630549663
2023-08-16,7.358705953104882,3.8851824492213014,1.8940438574718084
2023-08-17,7.488599046348527,3.8981729640189093,1.9210535590570579
2023-08-18,7.33429076672315,3.850251426036382,1.9048861892828104
2023-08-21,7.31311619985202,3.7948491749033875,1.9271164314555937
2023-08-22,7.527547383028662,3.824023142184425,1.9684889717295606
2023-08-23,7.4040752452575544,3.761351819404677,1.968461234352022
2023-08-24,7.402809310148306,3.788615925616152,1.9539614084645882
2023-08-25,7.2016690645860155,3.774088974902167,1.9081874095913967
2023-08-28,7.265153613779631,3.8183169616420125,1.9027109815041012
2023-08-29,7.579682684258825,3.8564612726573424,1.965450227129067
2023-08-30,7.719955840472636,3.8548363136120085,2.0026676134631987
2023-08-31,7.6418362142781575,3.831187410586552,1.9946391014863452
2023-09-01,7.5437588996032146,3.8578695026628163,1.9554209634090236
2023-09-04,7.630245795836114,3.91633648557073,1.9483121085097859
2023-09-05,7.5830574685448005,3.88720016605718,1.9507761742653864
2023-09-06,7.670680982562661,3.8787660486327753,1.9776085709697537
2023-09-07,7.564543732006653,3.8242754839773134,1.978033163065804
2023-09-08,7.677802124751885,3.805469915363749,2.017570049300468
2023-09-11,7.7432682474569035,3.8334961344900353,2.0198972363088035
2023-09-12,7.6665942881204305,3.826442774375912,2.0035826327941995
2023-09-13,7.539175009576114,3.802069406203131,1.9829135673525164
2023-09-14,7.455738682015147,3.798871380981162,1.9626194030526771
2023-09-15,7.433600434950616,3.773707409691146,1.969840167221393
2023-09-18,7.451293879554227,3.7929728915723944,1.9644996398762185
2023-09-19,7.353986095875432,3.7856376819557305,1.9426016734058467
2023-09-20,7.252775822849903,3.7705663648740226,1.9235242456983577
2023-09-21,7.243373851060175,3.73673933703299,1.9384209594912472
2023-09-22,7.432729128028745,3.8043913577005966,1.953723586555812
2023-09-25,7.390130629572569,3.7796364243167946,1.9552490768760664
2023-09-26,7.392875191502044,3.7575453248595334,1.9674746549540045
2023-09-27,7.383912245105671,3.7652804148173473,1.9610524135328877
2023-09-28,7.497929763874033,3.754110220453116,1.99725882394818
2023-10-09,7.5207464272239175,3.7492363608243435,2.0059408646005803
2023-10-10,7.567886039342829,3.721152143785982,2.033748083098558
2023-10-11,7.650574920901663,3.731756604130672,2.05012698642598
2023-10-12,7.619233930273493,3.767200450959204,2.0225188517201107
2023-10-13,7.555695065949079,3.727546159215461,2.0269890011340146
2023-10-16,7.487309975642433,3.690088665579969,2.0290325393754887
2023-10-17,7.503893539701695,3.7031178456522933,2.0263717906011998
2023-10-18,7.371188432035202,3.6737881997651596,2.006427162160952
2023-10-19,7.2963948475906,3.5954075828708763,2.029365149684794
2023-10-20,7.119083059389622,3.5720496869130254,1.9929966499267686
2023-10-23,6.943048980003733,3.5350683866608876,1.9640494102468877
2023-10-24,7.107108182041437,3.5481799848187925,2.0030292184866156
2023-10-25,7.208930619118962,3.5658113500896427,2.0216803165814516
2023-10-26,7.2757618875758885,3.5756679426207323,2.034797974624911
2023-10-27,7.2570048803055265,3.6247524913664515,2.0020690785344617
2023-10-30,7.417132743811223,3.6465139184813906,2.0340338497597523
2023-10-31,7.365298425730332,3.6350506820350956,2.0261886476935844
2023-11-01,7.312873986985075,3.63354578884283,2.0125999263419203
2023-11-02,7.276775480319002,3.61641300211438,2.012152781240568
2023-11-03,7.3065071234471395,3.6468842911128885,2.003492992978254
2023-11-06,7.361946095481114,3.696204901535826,1.9917581117924823
2023-11-07,7.377366310307165,3.683130951145408,2.0030149370640475
2023-11-08,7.397123224299225,3.674291865843707,2.0132105707396395
2023-11-09,7.347139507546045,3.676076573524055,1.998636143888249
2023-11-10,7.347725686211673,3.6492784856236407,2.0134735441973235
2023-11-13,7.365388797283879,3.6420796219757143,2.022303069060414
2023-11-14,7.38620728526258,3.6447699110902185,2.0265222402072642
2023-11-15,7.414539989386319,3.6703978656768355,2.0200916251402217
2023-11-16,7.393555451970094,3.6349061960085227,2.0340429857829427
2023-11-17,7.412762734746655,3.6305360024582973,2.041781910364571
2023-11-20,7.439258904622048,3.6389345071296733,2.0443508642561428
2023-11-21,7.408073547486614,3.643761561425894,2.033084059591334
2023-11-22,7.36231384783175,3.606468903961563,2.041418918029361
2023-11-23,7.416480214969339,3.62387234761303,2.0465622139958715
2023-11-24,7.3754958693408135,3.5999497351428684,2.0487774585686287
2023-11-27,7.390983735917574,3.573426374194389,2.068318460201614
2023-11-28,7.418831872304619,3.580122589270997,2.0722284467402217
2023-11-29,7.40524741295539,3.5493775908277825,2.086350979420126
2023-11-30,7.396683661550259,3.557411827911037,2.079231761562365
2023-12-01,7.401950827677975,3.5438565966011186,2.0886710920461966
2023-12-04,7.397781851780001,3.520715429683128,2.1012155056354036
2023-12-05,7.34283753864544,3.4536810359037604,2.1260902388815888
2023-12-06,7.350536864908527,3.459115542015926,2.1249758140847566
2023-12-07,7.338636994664398,3.4506539518963284,2.1267380319696807
2023-12-08,7.307414482804693,3.4589771610327293,2.1125940249408743
2023-12-11,7.34441197617066,3.4793201830699005,2.110875570437005
2023-12-12,7.353225060861125,3.48679682619145,2.1088768366503556
2023-12-13,7.330436392041554,3.428597447684866,2.1380277223829163
2023-12-14,7.3186347448639575,3.410647602651217,2.1458196792817072
2023-12-15,7.29710192835843,3.4000533173788203,2.146172794132515
2023-12-18,7.273130638068808,3.3876539742814873,2.146952048020613
2023-12-19,7.281117547998075,3.3924108205788803,2.146295933213545
2023-12-20,7.244924752571268,3.3552321239242406,2.159291662985656
2023-12-21,7.267031707612426,3.389184305154488,2.1441830993257756
2023-12-22,7.24715497846357,3.395653616118943,2.1342444777234655
2023-12-25,7.240132157568113,3.406055592524985,2.1256647053728335
2023-12-26,7.212961177233384,3.382997861199804,2.132121116587185
2023-12-27,7.249510288977902,3.394767367322145,2.135495456555083
2023-12-28,7.277563152914578,3.4743191350374545,2.0946731920860584
2023-12-29,7.334484493566618,3.491179229828428,2.1008616317664868
2024-01-02,7.3461307229097885,3.4456376412554413,2.1320090757521375
2024-01-03,7.331256406550068,3.437441620522714,2.132765357462345
2024-01-04,7.348783187639461,3.4056496071404587,2.1578212779822175
2024-01-05,7.307771242221356,3.387394509937993,2.157342825225021
2024-01-08,7.260310698812744,3.3435857361766557,2.171414544648348
2024-01-09,7.303619662465841,3.3501415352556076,2.180092866407387
2024-01-10,7.281946067810537,3.334502449139901,2.1838178795426697
2024-01-11,7.3139144417938695,3.353370085694459,2.1810639013555853
2024-01-12,7.3131652578099695,3.3416636650203397,2.188480347188219
2024-01-15,7.339129198136823,3.3383598190465142,2.1984236559116592
2024-01-16,7.347981893088895,3.358665193316199,2.187768494374344
2024-01-17,7.3065398413995535,3.2856142792894545,2.2237972020804775
2024-01-18,7.284140972733798,3.3320604317893676,2.186077090091101
2024-01-19,7.247529060504747,3.327020718482205,2.1783841081131254
2024-01-22,7.092927453185313,3.275256055694276,2.1656100569156207
2024-01-23,7.098053495130852,3.288515192400442,2.1584371912083666
2024-01-24,7.135807522262412,3.3344820989953132,2.140004747487607
2024-01-25,7.2026541205336585,3.4014442497613944,2.1175282002751956
2024-01-26,7.19076282038276,3.3921869689884145,2.1198014396379574
2024-01-29,7.1092029738911355,3.3618031856116337,2.1146993388304836
2024-01-30,7.035620264372294,3.3018506421488127,2.130811180421407
2024-01-31,6.940131087925322,3.2716439050299453,2.121297821335418
2024-02-01,6.9373839232462045,3.274044204584073,2.118903560780577
2024-02-02,6.797640423577401,3.235294476767258,2.1010886249741567
2024-02-05,6.567124767716155,3.2564525220951697,2.016649935215678
2024-02-06,6.75378315519075,3.3696705515092686,2.004285894407613
2024-02-07,6.846751712466017,3.4021676974014903,2.0124674388318464
2024-02-08,6.982936252855725,3.423840601387473,2.039503898057044
2024-02-19,7.026840029361761,3.4633992474516533,2.0288853601074335
2024-02-20,7.0554489163694445,3.470568603389927,2.0329374585703146
2024-02-21,7.102201513816305,3.5173912335647146,2.0191673436959556
2024-02-22,7.152522987468914,3.5477170190294203,2.0160917426908225
2024-02-23,7.228968216091034,3.550837713701956,2.0358486641605515
2024-02-26,7.303794062860405,3.513817748175101,2.078592171336611
2024-02-27,7.4079065036384515,3.5559710376742224,2.083230269637849
2024-02-28,7.138916238964782,3.510664493271225,2.0334943007649144
2024-02-29,7.32834507299797,3.577639871631288,2.0483741617225664
2024-03-01,7.353411749626238,3.5997411461608437,2.042761257283379
2024-03-04,7.427886627310534,3.6028598058189205,2.0616640745537405
2024-03-05,7.3777461256503765,3.627936271487209,2.0335930880687707
2024-03-06,7.380412058664136,3.6132170119068694,2.0426152191642473
2024-03-07,7.370539540751017,3.5915156177184637,2.052208684375207
2024-03-08,7.3896731638287605,3.6069715525328805,2.048719557724152
2024-03-11,7.4458524506557175,3.6521020681851946,2.038785420462171
2024-03-12,7.55176282919965,3.660476152683065,2.063054781456325
2024-03-13,7.59269040712142,3.6349031434868344,2.088828809847742
2024-03-14,7.5627620619313065,3.62458765519529,2.086516531360815
2024-03-15,7.600119406251435,3.6324936863676416,2.092259495115949
2024-03-18,7.655762467314899,3.666615791305197,2.087964189067569
2024-03-19,7.628187044858464,3.6402643890784847,2.095503575988749
2024-03-20,7.647420894639241,3.6481541401351656,2.096243908804769
2024-03-21,7.641505932515174,3.6437849640921702,2.0971341634642853
2024-03-22,7.576754368189268,3.6070651631979844,2.100531602670521
2024-03-25,7.481182965606836,3.5874893416117724,2.085353363655074
2024-03-26,7.469476977560976,3.6057881916251016,2.0715240553812286
2024-03-27,7.314992406117219,3.5641110955093334,2.0524030284392305
2024-03-28,7.39729835045937,3.5826073419251645,2.064780659575249
2024-03-29,7.46618806836011,3.599415543847439,2.0742778868981193
2024-04-01,7.666240488938806,3.6585968168303835,2.0954045697717616
2024-04-02,7.62304533813026,3.643363716099203,2.09230972588483
2024-04-03,7.606482858805711,3.63026534553528,2.0952966614852615
2024-04-08,7.51457128055601,3.5983207060686166,2.0883550673742293
2024-04-09,7.60642182269758,3.595348567451572,2.1156284794075217
2024-04-10,7.497896016463364,3.566066744404219,2.1025674935077623
2024-04-11,7.508240528778729,3.5655946210497826,2.1057470988017566
2024-04-12,7.437301160543035,3.5366913106917623,2.102898021679005
2024-04-15,7.320969531735527,3.611210487650515,2.0272896184732265
2024-04-16,7.08190593857996,3.572584895715684,1.9822918545820214
2024-04-17,7.2552072380505335,3.6278233281847467,1.9998788754911117
2024-04-18,7.340545900227471,3.6322993424868284,2.0209088536193764
2024-04-19,7.32889106089466,3.6036666890518254,2.0337316664608047
2024-04-22,7.319347873503095,3.59272136378529,2.037271230461199
2024-04-23,7.329396402611444,3.5676092853639725,2.0544279982340297
2024-04-24,7.347845178219716,3.5832758441748727,2.050594343766386
2024-04-25,7.340147857798111,3.592086439274151,2.0434218334905454
2024-04-26,7.351623287276085,3.647019619574397,2.0157893442136214
2024-04-29,7.441838366809235,3.6873566586690596,2.0182041108807045
2024-04-30,7.436956067079795,3.667496952565848,2.02780156691794
2024-05-06,7.523861275809511,3.7219162917152526,2.021502012970347
2024-05-07,7.56889233971977,3.7230670923916915,2.0329723187603173
2024-05-08,7.515777230452335,3.693778146793733,2.0347126794759363
2024-05-09,7.568272996648144,3.728717310036488,2.0297256046407237
2024-05-10,7.536743154570564,3.7304633524421194,2.0203236012589945
2024-05-13,7.53204726679703,3.7288495859763082,2.019938614612943
2024-05-14,7.557722320876493,3.721069725700401,2.0310617317051043
2024-05-15,7.505167728082359,3.6895381941688696,2.034175371851117
2024-05-16,7.473977512135846,3.7040916000708184,2.0177626039250627
2024-05-17,7.492442874971536,3.742361064475363,2.0020630681774936
2024-05-20,7.5551077499378145,3.7555805183995834,2.0117017097419003
2024-05-21,7.514793877639488,3.7405203938973988,2.0090236347594197
2024-05-22,7.472472259770923,3.7489555288290326,1.9932144306083333
2024-05-23,7.386399721467837,3.7055496879305325,1.993334415546045
2024-05-24,7.377303316777565,3.664526848963262,2.013166670852662
2024-05-27,7.430957610613428,3.699359173946931,2.0087148236231327
2024-05-28,7.37471315591891,3.672358602107868,2.0081680344849646
2024-05-29,7.382494316655487,3.6767847585557094,2.007866873217629
2024-05-30,7.317266408008674,3.6572384446791495,2.0007627390700855
2024-05-31,7.339788701664937,3.642599568169932,2.0149864305157483
2024-06-03,7.327033823238284,3.6515770344548297,2.0065395729306283
2024-06-04,7.384018437185953,3.678971381591666,2.0070877621209817
2024-06-05,7.282570207618155,3.6577288831637147,1.9910087489369008
2024-06-06,7.236913137890908,3.6551352572360027,1.9799303250308253
2024-06-07,7.266577398756204,3.636686833659953,1.9981311922432259
2024-06-11,7.247322255486276,3.6049029603355334,2.010407030432719
2024-06-12,7.292501252003656,3.6061707743433518,2.0222284823245924
2024-06-13,7.260649049565386,3.587863784272187,2.0236690928438463
2024-06-14,7.258529020716011,3.6035354306192344,2.014279909402389
2024-06-17,7.237591884951314,3.5981080470576745,2.0114993186126804
2024-06-18,7.275364581067309,3.6076634574488655,2.0166417036615805
2024-06-19,7.23659964172129,3.590527618198727,2.015469705633876
2024-06-20,7.171810562524996,3.5646147615878814,2.0119454814046343
2024-06-21,7.197087995690664,3.5568186211963035,2.0234621897222267
2024-06-24,7.063800451544608,3.537679310211499,1.996732838715757
2024-06-25,7.0425876692754805,3.5184402835182147,2.0016220545978243
2024-06-26,7.108172859334893,3.5411947976890374,2.0072809504785343
2024-06-27,7.016396635620313,3.514590036162207,1.996362751680119
2024-06-28,7.076656148578743,3.5222610231645697,2.009123146194524
2024-07-01,7.183298968430615,3.53907634763745,2.029710088968809
2024-07-02,7.110565104898459,3.5325673538910496,2.0128604475343743
2024-07-03,7.048608750154469,3.5240487833666063,2.000145055716501
2024-07-04,6.9918491003869345,3.5061396386221326,1.994173028183966
2024-07-05,7.054489710113109,3.4911293719741883,2.020689856624788
2024-07-08,6.990823631815844,3.461315392645865,2.019701425264222
2024-07-09,7.094790822654306,3.5000325602313405,2.0270642345639676
2024-07-10,7.05027928774352,3.488997694328618,2.020717668917862
2024-07-11,7.127687665971887,3.5288870302423496,2.019811800402799
2024-07-12,7.114307237961352,3.5331931208371237,2.01356308433991
2024-07-15,7.084529285828721,3.537106453641353,2.002916615228076
2024-07-16,7.049885936481061,3.5595282429481663,1.9805674952706707
2024-07-17,6.932495292230626,3.5628870343123786,1.945752201927044
2024-07-18,6.972235832892973,3.5825727466793653,1.9461533165950187
2024-07-19,6.942131304661139,3.600974364922863,1.927848021436789
2024-07-22,6.924093903460433,3.5764615982596557,1.9360179644679452
2024-07-23,6.77004370952427,3.5001007332157097,1.9342425334439752
2024-07-24,6.712236027024386,3.4780086162512185,1.9299078201419722
2024-07-25,6.672705262859196,3.4587838346591453,1.9292056346495488
2024-07-26,6.732914087924682,3.468980274604851,1.9408914306068297
2024-07-29,6.737347784108506,3.4501044979924584,1.9527952814266418
2024-07-30,6.715111806278285,3.4283705435727123,1.958689039277666
2024-07-31,6.887947650536955,3.502345354163741,1.9666671769956272
2024-08-01,6.8512153557277005,3.4791288917107757,1.969232980143712
2024-08-02,6.759772843316125,3.4436433270858386,1.9629712491265872
2024-08-05,6.5976882326510085,3.401853287667609,1.9394393804603314
2024-08-06,6.648557762384317,3.401505300195158,1.9545927980776225
2024-08-07,6.654688289830359,3.3999892144233685,1.9572674706143092
2024-08-08,6.655828844142152,3.4014625648915233,1.9567549891158114
2024-08-09,6.636234655867453,3.3899545581271355,1.9576175851554203
2024-08-12,6.634376967808529,3.384091681471397,1.9604601743307126
2024-08-13,6.679494826825516,3.3927659306019367,1.9687461391244445
2024-08-14,6.608561163689356,3.3671746062755776,1.962642849400396
2024-08-15,6.631150292810941,3.400461337777805,1.9500737206276797
2024-08-16,6.618142117400024,3.4042067818891852,1.9441069657135357
2024-08-19,6.629770264736585,3.4157392088270786,1.9409474375572027
2024-08-20,6.520952819577153,3.391049395905958,1.9229896289478865
2024-08-21,6.4946818328998495,3.3797876258910824,1.921624241460297
2024-08-22,6.475778295432424,3.371139831948506,1.9209462135213327
2024-08-23,6.469442783006089,3.3854408960575664,1.9109601914893635
2024-08-26,6.484770689796306,3.3824209346007406,1.9171980114774703
2024-08-27,6.4254350539065905,3.363201240544814,1.9105116210250082
2024-08-28,6.436666344632041,3.344033439357587,1.9248211662227193
2024-08-29,6.492911454603793,3.335064113130524,1.946862559265493
2024-08-30,6.572112832197789,3.379581071923516,1.9446531070956725
2024-09-02,6.48405954097132,3.3221722965341667,1.9517529382012397
2024-09-03,6.502800525429608,3.330736654883933,1.9523610537910308
2024-09-04,6.472468778036759,3.3091013986654376,1.9559596392685665
2024-09-05,6.47834784550306,3.314792316599409,1.9543751845512574
2024-09-06,6.37939127744398,3.2879179156567906,1.9402525978723042
2024-09-09,6.331723526678499,3.248851743091635,1.948911193052219
2024-09-10,6.342609460550163,3.251703815855612,1.9505495640848363
2024-09-11,6.363014346094827,3.241910308772744,1.9627360846092028
2024-09-12,6.357205142088006,3.228016247555439,1.969384493309873
2024-09-13,6.3181008284789595,3.2145566619250827,1.965465690281308
2024-09-18,6.350335970435212,3.2265255994643844,1.9681653762453928
2024-09-19,6.411906934766593,3.25198973538707,1.9716873226856642
2024-09-20,6.394238983647763,3.257091516635226,1.963174492024529
2024-09-23,6.3969123997826935,3.269010596320287,1.956834403346163
2024-09-24,6.579830121295893,3.4105916397536005,1.9292342256991093
2024-09-25,6.609186782163517,3.4610844185047935,1.9095711005566054
2024-09-26,6.80281205353691,3.6073887304969303,1.8857995524645883
2024-09-27,7.054944070954113,3.7685262628790976,1.8720697638350121
2024-09-30,7.709305387056289,4.088196509136197,1.8857472652862284
2024-10-08,8.170603061648135,4.330608448973029,1.8867101835507045
2024-10-09,7.558644387735043,4.025242319346679,1.8778110205702736
2024-10-10,7.585868289645113,4.067778191564051,1.8648677318190656
2024-10-11,7.339324471014508,3.9552205243418253,1.855604365381326
2024-10-14,7.610187283610396,4.030694123081744,1.8880587440338643
2024-10-15,7.43194133902583,3.9235027889873155,1.894210795487689
2024-10-16,7.4068152932571945,3.898669507546851,1.8998315396879495
2024-10-17,7.384190353058674,3.8545432715299444,1.9157108463664343
2024-10-18,7.616898252327201,3.9939539720429713,1.9071071688968502
2024-10-21,7.65572402299248,4.004091396569373,1.9119753434079338
2024-10-22,7.742191291434978,4.027065692301743,1.922539109862344
2024-10-23,7.746797234834909,4.042768881372902,1.9162107610277583
2024-10-24,7.731353144898878,3.997615980561542,1.9339909542318923
2024-10-25,7.746478891083793,4.025686970005922,1.9242626038239623
2024-10-28,7.843699626595582,4.0335584059324745,1.9446104003500309
2024-10-29,7.725054421181095,3.993358730313779,1.934475448584129
2024-10-30,7.750865024284911,3.957542475839291,1.9585045698444854
2024-10-31,7.757822459434466,3.9591613298412485,1.9594610608468266
2024-11-01,7.488575708160816,3.958123472467272,1.891951011698192
2024-11-04,7.54214828786951,4.013823853218478,1.8790431677319002
2024-11-05,7.660260229124305,4.115382267291009,1.8613727064938603
2024-11-06,7.666491526553755,4.094737045606709,1.872279328602852
2024-11-07,7.742958807383013,4.218274633341269,1.8355748452655543
2024-11-08,7.757849526766504,4.175897492251682,1.8577681902300243
2024-11-11,7.8308988329426565,4.203455658052451,1.8629669181691515
2024-11-12,7.805685586950228,4.157273039924949,1.8775975289540148
2024-11-13,7.787130044672127,4.182860294222391,1.8616758621912766
2024-11-14,7.68228560812582,4.110341536476617,1.8690139347182015
2024-11-15,7.6085245331874205,4.0383142347226375,1.8840843210681932
2024-11-18,7.461875189030415,4.019541226340413,1.8563997155028737
2024-11-19,7.559288153446034,4.046515342991512,1.868098230873776
2024-11-20,7.66138874932116,4.055552842202944,1.8891108185288874
2024-11-21,7.677842036151681,4.0591395551865395,1.8914949663017542
2024-11-22,7.557098440392142,3.9333766791413054,1.9212750409762258
2024-11-25,7.583553193069673,3.915460411846226,1.9368228497792066
2024-11-26,7.540594981296437,3.9074159996906777,1.9298162729264998
2024-11-27,7.598888944574767,3.9754465330476174,1.9114554507036428
2024-11-28,7.598891449291932,3.9403486386770776,1.9284820065676127
2024-11-29,7.660537315341452,3.9851515170015284,1.922270027290035
2024-12-02,7.732602465684395,4.016744098966823,1.9250921331217876
2024-12-03,7.751415990409591,4.021077662256791,1.9276961654252618
2024-12-04,7.703255832324801,3.999370163025008,1.9261172430456601
2024-12-05,7.762437774239116,3.9902441406846196,1.9453540937741438
2024-12-06,7.799113663803538,4.042699690881304,1.9291845202836078
2024-12-09,7.778131256734292,4.036014668384219,1.9271811169725492
2024-12-10,7.837117019964948,4.065589533513636,1.927670502730711
2024-12-11,7.878199499116287,4.058664379310415,1.941081785248483
2024-12-12,7.940581014370933,4.099032961129189,1.9371839869722556
2024-12-13,7.888293843402446,4.0020401019949245,1.9710681658263027
2024-12-16,7.83012073077185,3.9803275152269957,1.9672051359636176
2024-12-17,7.701582196348549,3.990696931401698,1.9298840099199002
2024-12-18,7.750899496322665,4.010901572455672,1.9324581659023814
2024-12-19,7.761628803362207,4.0145381432935086,1.9333802610216584
2024-12-20,7.80801929802401,3.9965079151887375,1.9537104551575175
2024-12-23,7.644649634438095,4.002437947321616,1.9099982898057928
2024-12-24,7.66104800408021,4.053431339629668,1.8900154861831564
2024-12-25,7.576410488268588,4.055406321161912,1.8682247568470218
2024-12-26,7.616120618904157,4.057289727043511,1.8771448753436486
2024-12-27,7.6449363303123175,4.050727822921182,1.8872994346974348
2024-12-30,7.637159574849798,4.069067373223687,1.8768820651891338
2024-12-31,7.547247338222534,4.003800389501768,1.8850208811637865
2025-01-02,7.491035650296103,3.8872795316210724,1.92706379599416
2025-01-03,7.368919220752225,3.841257679635814,1.9183610773674693
2025-01-06,7.324181218826587,3.8349542223497495,1.9098484086568632
2025-01-07,7.419631349693135,3.8625652985264463,1.9209076808419772
2025-01-08,7.438425017198984,3.8555536562087274,1.9292754505492717
2025-01-09,7.463457983769363,3.846052173700694,1.9405503739144494
2025-01-10,7.368682523697625,3.7978264010565796,1.9402367948275916
2025-01-13,7.346357588422877,3.787683888994031,1.9395381989952682
2025-01-14,7.513442644970012,3.8874270701693336,1.9327546239067404
2025-01-15,7.510698477832428,3.8624838979480947,1.9445255116331774
2025-01-16,7.5108782115935595,3.866918194453772,1.9423421530784468
2025-01-17,7.53531217918832,3.879086563410033,1.942548086002022
2025-01-20,7.576632262497404,3.89672301621703,1.9443599740001176
2025-01-21,7.590516247073498,3.8997134699642038,1.946429219873729
2025-01-22,7.554611066331148,3.8634922476124194,1.9553840365539197
2025-01-23,7.553875248065356,3.8703370187445185,1.951735782047147
2025-01-24,7.627438498996914,3.899966829264322,1.9557700957255912
2025-01-27,7.600149756490244,3.883906495155648,1.9568312898288935
2025-02-05,7.632757532220859,3.8615264236452402,1.9766166781828252
2025-02-06,7.744972856401647,3.910108323819641,1.9807565967471377
2025-02-07,7.781007681039022,3.9608534443637224,1.9644775527131313
2025-02-10,7.870685418951099,3.969358787294184,1.98286066861604
2025-02-11,7.863445493546772,3.9511179351929298,1.9901824300171913
2025-02-12,7.946989079118375,3.9884879232066943,1.9924816702789703
2025-02-13,7.915831030484584,3.9735081817756313,1.9921516877177428
2025-02-14,7.882518585601742,4.007970134127803,1.966710908966666
2025-02-17,7.932704255293234,4.016506002275146,1.9750261174263803
2025-02-18,7.834276987210379,3.9812849895298505,1.9677759838377027
2025-02-19,7.941531837447728,4.0091412849488295,1.980856066924339
2025-02-20,7.9593826085072115,3.9976800835169937,1.9910003907828653
2025-02-21,8.015562259805993,4.048095531718753,1.9800822873374042
2025-02-24,7.987932650898481,4.039215746127876,1.9775949473746166
2025-02-25,7.977898075788195,3.9943782725576265,1.9972815620889843
2025-02-26,8.025244435983753,4.02926859545337,1.9917372708881818
2025-02-27,8.024067698489006,4.037586717053625,1.9873425045207358
2025-02-28,7.870318747656776,3.958152980176924,1.9883816484791306
2025-03-03,7.890344685982007,3.956550406290637,1.9942484931916735
2025-03-04,7.934188666646678,3.9532404552734346,2.0070088719401946
2025-03-05,7.956584982718574,3.9708942057033316,2.0037262567435463
2025-03-06,8.04786850537012,4.025499748675714,1.9992222103647284
2025-03-07,7.997926762292998,4.013062757810895,1.992973258822353
2025-03-10,8.007859955092723,3.997584437837431,2.003174687017925
2025-03-11,8.017146153959423,4.010419274028942,1.999079299732481
2025-03-12,8.033413184843353,3.9959869514872906,2.0103702245207153
2025-03-13,7.949324412393076,3.9800599108256667,1.9972876264427843
2025-03-14,8.01747249676745,4.076700712458562,1.966657123557226
2025-03-17,8.026108852026963,4.066760684334662,1.973587696700197
2025-03-18,8.047447878052829,4.077887125888029,1.9734356615622017
2025-03-19,8.020244906086022,4.0803749310638855,1.965565675111842
2025-03-20,8.029856217643134,4.044583096762903,1.9853359482389816
2025-03-21,7.936878882570529,3.9832314808596716,1.992572844613482
2025-03-24,7.858823115551035,4.003737304053545,1.9628718166884838
2025-03-25,7.806885818240768,4.001138590589687,1.9511660597315603
2025-03-26,7.8465332363364535,3.987974082055853,1.9675487039001673
2025-03-27,7.840667035937291,4.001257638935525,1.959550657183671
2025-03-28,7.791698347093096,3.9837097092574845,1.9558900913353385
2025-03-31,7.774521033581264,3.9553619578467107,1.9655650017460586
2025-04-01,7.806817154463467,3.9557465755794197,1.9735382450075079
2025-04-02,7.815670982830751,3.952390836736895,1.9774539780290024
2025-04-03,7.796215574306922,3.9291072188067897,1.984220623196563
2025-04-07,7.354491245533719,3.6522821669647962,2.013670058698016
2025-04-08,7.349353549735095,3.7146736752564626,1.9784654567881235
2025-04-09,7.446976175113799,3.7513395482674903,1.985151191806429
2025-04-10,7.537471520209814,3.80050651509879,1.9832807785658766
2025-04-11,7.583360256911917,3.816178161445837,1.9871609594974482
2025-04-14,7.6548457903059495,3.824954161299316,2.0012908567002645
2025-04-15,7.646109085543312,3.827083803930427,1.997894343910299
2025-04-16,7.605333635493767,3.838871625182897,1.9811377868441804
2025-04-17,7.614379699031738,3.8382631558597224,1.983808662886277
2025-04-18,7.61026674961295,3.8385694255357685,1.9825789000939449
2025-04-21,7.701851450132733,3.8511437798765558,1.9998867584163809
2025-04-22,7.697205018826387,3.850198515660454,1.9991709485935496
2025-04-23,7.716351884632547,3.8531798118425633,2.002593250622956
2025-04-24,7.6711472075415985,3.8506106060883565,1.9921898089130168
2025-04-25,7.685710343086876,3.853293772652255,1.9945819853223223
2025-04-28,7.6723295634161115,3.8478246712942896,1.993939490188719
2025-04-29,7.7073662941948236,3.841168138999628,2.0065162511220054
2025-04-30,7.755389368944816,3.8365832514240013,2.0214312737945397
2025-05-06,7.85841709072154,3.875219018431126,2.0278639873890283
2025-05-07,7.886841952950078,3.898708172821568,2.022937240578903
2025-05-08,7.920094083214817,3.92034953408344,2.0202520245599733
2025-05-09,7.822765396998595,3.9134925528645885,1.9989217537343995
2025-05-12,7.891244472128956,3.9587238017326114,1.993380914494515
2025-05-13,7.895587014556265,3.9644706825641993,1.9915866824999298
2025-05-14,7.9088592916600335,4.012245699505695,1.9711802028062233
2025-05-15,7.856830895689824,3.975603229160943,1.9762613225736865
2025-05-16,7.903441541437536,3.9571721032077933,1.9972448342670734
2025-05-19,7.9418345985945775,3.9450230668888904,2.0131275442345227
2025-05-20,7.985915531584674,3.9664171738940204,2.013382652774398
2025-05-21,7.942531025322788,3.9849459805411915,1.993133925555528
2025-05-22,7.889718147910133,3.982385932352049,1.9811535802735127
2025-05-23,7.84068303594011,3.9502418614684256,1.9848615125114106
2025-05-26,7.921279190411858,3.9276867787145626,2.01677975783097
2025-05-27,7.92757747741893,3.9066142039939193,2.0292706326911385
2025-05-28,7.957389476950307,3.9033988811490508,2.038579637704839
2025-05-29,8.040522768710199,3.9262551460428123,2.0478859548427635
2025-05-30,7.977325475141365,3.907463822530459,2.0415609299167556
2025-06-03,8.039907037825742,3.9194510751998894,2.051283938380507
2025-06-04,8.128151061739295,3.936473971147565,2.0648303840733306
2025-06-05,8.133365039080015,3.9454412623601693,2.0614589087088886
2025-06-06,8.136758308539028,3.941806726536792,2.06422051435481
2025-06-09,8.223952382518606,3.9532658929541697,2.080293257576223
2025-06-10,8.164451329850936,3.9331385824496286,2.075810744702001
2025-06-11,8.175044016251727,3.9628090932586075,2.062941671896036
2025-06-12,8.206688802680016,3.9603406207201104,2.0722179197777666
2025-06-13,8.159794336307272,3.9318331206743222,2.0753155298991532
2025-06-16,8.216957872578043,3.9416144176704377,2.0846681085143803
2025-06-17,8.19613088790267,3.938138612974845,2.0812195032696845
2025-06-18,8.177444723813023,3.942811006172199,2.074013872592878
2025-06-19,8.079008532294374,3.9103728756992817,2.066045563711012
2025-06-20,8.017664925005885,3.9139880788853003,2.048464319106794
2025-06-23,8.100953900118496,3.9254431752737604,2.0637042846897242
2025-06-24,8.159926775847268,3.9723828187799275,2.0541642505526436
2025-06-25,8.24234284852063,4.029395783857044,2.045553053274613
2025-06-26,8.250223422354333,4.015103877313049,2.0547970051214395
2025-06-27,8.23750261260184,3.9904171169136156,2.0643211903053205
2025-06-30,8.313848506108913,4.004988837945694,2.0758730779318206
2025-07-01,8.334041740928955,4.0117888387597,2.0773879373734783
2025-07-02,8.320519015246061,4.0127279979324255,2.0735317767696295
2025-07-03,8.338584361222432,4.037537876706614,2.065264677597067
2025-07-04,8.260694990292823,4.051920341394026,2.038711103449484
2025-07-07,8.303534074369471,4.034594228291993,2.058084061128669
2025-07-08,8.346597519654745,4.068454833871595,2.051539923748401
2025-07-09,8.362873272264354,4.061279372889945,2.059172123958924
2025-07-10,8.35066190735234,4.080228410022853,2.046616284235315
2025-07-11,8.378376312842743,4.08509514710102,2.0509623426490915
2025-07-14,8.39696806412662,4.088006235284302,2.054049720289296
2025-07-15,8.341993164375756,4.0894266753765285,2.0398930770919566
2025-07-16,8.344496550841852,4.077357004621518,2.04654548065909
2025-07-17,8.37967614219748,4.105123759404311,2.041272476378019
2025-07-18,8.378925274591046,4.129602948328948,2.028990529944675
2025-07-21,8.479454245259742,4.157134658941752,2.0397352842590593
2025-07-22,8.497062109624464,4.1910695425491,2.0274209299940096
2025-07-23,8.445113901854546,4.191894740912135,2.014629284326193
2025-07-24,8.476113579337365,4.221675142501888,2.007760733175261
2025-07-25,8.479785500151642,4.199418189366235,2.019276270609141
2025-07-28,8.502280391589327,4.208230819479972,2.0203930716518985
2025-07-29,8.530737681146425,4.224715454103301,2.0192455027618137
2025-07-30,8.51601574410162,4.223914675913773,2.016142937891927
2025-07-31,8.47501787112587,4.146943306532193,2.0436782576159573
2025-08-01,8.468426245731631,4.12591957215856,2.05249426161286
2025-08-04,8.590560734879134,4.141968713687711,2.074028397773849
2025-08-05,8.701602856170524,4.175290040435737,2.0840714709396373
2025-08-06,8.76266280778864,4.185500725482655,2.093575746968283
2025-08-07,8.75274918041873,4.186702401520563,2.0906069600838673
2025-08-08,8.741579671814142,4.17683359890272,2.0928723792373747
2025-08-11,8.90684953125138,4.194684745735119,2.123365657051411
2025-08-12,9.010131774424902,4.216371894822313,2.136939529809813
2025-08-13,9.210939261698792,4.249698309106487,2.1674336839302417
2025-08-14,9.144126323346569,4.246376148002532,2.1533952727310575
2025-08-15,9.350722222452541,4.275924557943984,2.186830496127532
2025-08-18,9.79691421918972,4.313633375865135,2.271151339379849
2025-08-19,9.840449253092514,4.297313577412967,2.2899071887177893
2025-08-20,9.806668812594541,4.346176309582679,2.2563900113698283
2025-08-21,9.755245049816892,4.363143242632739,2.235829654753791
2025-08-22,9.894476784711532,4.4546446152499914,2.2211596298476577
2025-08-25,10.074789811132542,4.547465694743761,2.2154735158920715
2025-08-26,9.963656447804924,4.530543532011795,2.199218786312058
2025-08-27,9.930180261338966,4.462915931517694,2.2250430914933306
2025-08-28,10.09362646893259,4.541930455415886,2.222320788046579
2025-08-29,10.102033536346497,4.575484791319442,2.2078608053756312
2025-09-01,10.144391969436617,4.602908646165932,2.203909038665487
2025-09-02,9.851932523350904,4.569068390730917,2.1562234750823865
2025-09-03,9.753753826916148,4.537909266845341,2.1493937523560827
2025-09-04,9.37960657026628,4.441631715293337,2.1117479276750046
2025-09-05,9.63764589229181,4.5384129329238885,2.1235718377178876
2025-09-08,9.675338576001513,4.545787825322499,2.128418427737573
2025-09-09,9.486093800743204,4.513924586434187,2.1015180070247528
2025-09-10,9.571593447308121,4.523191024772231,2.1161152369836307
2025-09-11,9.76558644542301,4.627658492013586,2.110265150783374
2025-09-12,9.780899937868556,4.601165656281988,2.125743924154232
2025-09-15,9.721708739627687,4.61241725122457,2.1077253444593786
2025-09-16,9.776258763232901,4.60252809846214,2.1241062637943435
2025-09-17,9.856916355777399,4.630698803615,2.1286023500562163
2025-09-18,9.813902944315656,4.576858426079117,2.144244376971692
2025-09-19,9.870145927683291,4.580736146130318,2.1547073686008575
2025-09-22,10.01713390784917,4.601786335691916,2.176792483856818
2025-09-23,9.966445428940087,4.5989067902327445,2.1671336001214536
2025-09-24,10.097675801936584,4.646010252402843,2.1734079895140623
2025-09-25,10.178807115272363,4.673907248110998,2.1777939901109975
2025-09-26,10.02981534968292,4.629707751573575,2.1664035589015143
2025-09-29,10.024862895334467,4.700937327659713,2.1325242598639758
2025-09-30,10.057292935670748,4.721939694381529,2.1299071116129604
2025-10-09,10.014241560713149,4.79193198167673,2.0898129604104057
2025-10-10,9.994115716582652,4.69766197188831,2.127465913126426
2025-10-13,10.15129271222314,4.674406844160628,2.1716750489753283
2025-10-14,10.087955719440137,4.618530434658739,2.1842349773723058
2025-10-15,10.180971539251143,4.686931340647175,2.1722041137998294
2025-10-16,10.061181080601385,4.699277773368579,2.1410058238351883
2025-10-17,9.73221361490606,4.593266747660242,2.1188000065233616
2025-10-20,9.831702019148302,4.617671658557135,2.129147056380439
2025-10-21,10.018361954597637,4.688543072098527,2.1367750707499753
2025-10-22,10.002777704666446,4.672973176474419,2.140559623801043
2025-10-23,9.874180963367403,4.6869893385592505,2.106721447419093
2025-10-24,10.0834783709385,4.742279663897012,2.1262934886999703
2025-10-27,10.195026562294434,4.798583426435245,2.124590875325904
2025-10-28,10.07888252008768,4.77411644759736,2.111151378630493
2025-10-29,10.075979970008767,4.830959488967169,2.085709887035909
2025-10-30,9.885237671144006,4.792368492278138,2.0627040026391796
2025-10-31,9.919582768179021,4.721913239193564,2.100754983349322
2025-11-03,9.901770980245582,4.734871193759832,2.0912440011663453
2025-11-04,9.696296243967732,4.69955962287112,2.063235073511832
2025-11-05,9.709314308319636,4.70826744974023,2.0621841074162703
2025-11-06,9.820640128696965,4.775571482935387,2.056432442439442
2025-11-07,9.829293829905899,4.760706719821244,2.0646711524953947
2025-11-10,9.83339957760213,4.7772483348494195,2.058381496701507
2025-11-11,9.894425876939414,4.733612537317078,2.0902483671693557
2025-11-12,9.737481328881124,4.7272449770755625,2.0598639114542077
2025-11-13,9.874205752256184,4.784394288121417,2.0638361216949934
2025-11-14,9.70314985942793,4.709165908623781,2.060481632566563
2025-11-17,9.739109355545848,4.678552168613158,2.0816502637038603
2025-11-18,9.72296070798998,4.648169402743607,2.0917827784527283
2025-11-19,9.60357967181612,4.668620280547094,2.0570487841625713
2025-11-20,9.533808758837012,4.64486759178424,2.0525469392712603
2025-11-21,9.176158633597653,4.531578336864084,2.0249365566408115
2025-11-24,9.280557249459806,4.525920996668681,2.050534522429974
2025-11-25,9.494118252981304,4.5690195503839055,2.0779333833630838
2025-11-26,9.514524444423685,4.5967171146751005,2.069852072046896
2025-11-27,9.48083062083127,4.594455196104168,2.0635375068779567
2025-11-28,9.61269458441346,4.605911309999858,2.0870342343638737
2025-12-01,9.640987512560526,4.656607590196928,2.070388652214693
2025-12-02,9.544393073938442,4.634068787558736,2.0596140263525315
2025-12-03,9.401036764592243,4.610375114215187,2.0391045265722503
2025-12-04,9.364663608185973,4.626163773893613,2.0242827677292103
2025-12-05,9.554570633817143,4.664799540900739,2.0482274854563687
2025-12-08,9.775913793583474,4.7026691249641335,2.07880110928664
2025-12-09,9.768414381989462,4.678725144842154,2.087836767406224
2025-12-10,9.8318638700403,4.672217168602983,2.1043251020328917
2025-12-11,9.69881246410114,4.63188114701555,2.0939251583237093
2025-12-12,9.762692593582855,4.66114974246892,2.0944816478716572
2025-12-15,9.667187842227989,4.631753958611877,2.0871548723467206
2025-12-16,9.449655989772278,4.576294727074036,2.064914205343182
2025-12-17,9.649523304713115,4.660055922197327,2.0706883062817703
2025-12-18,9.637923246250793,4.632499791411018,2.0805016039331905
2025-12-19,9.688256492574967,4.648154140135166,2.0843234110763027
2025-12-22,9.878592640686241,4.692360759223194,2.1052500324637466
2025-12-23,9.922068251436533,4.7016302500829275,2.110346353004158
2025-12-24,10.06309035156058,4.715188533914533,2.1341862110455714
2025-12-25,10.188285207189251,4.723813942698063,2.156792229917948
2025-12-26,10.238364657253202,4.738775368998996,2.160550745712161
2025-12-29,10.26049154647857,4.720594549824277,2.1735591646735504
2025-12-30,10.249313072566515,4.732713060926298,2.16563162410706
2025-12-31,10.26422327300348,4.71099742163668,2.1787792168728286
2026-01-05,10.46751339473299,4.8003406614204,2.180577199209795
2026-01-06,10.59679043957915,4.874565778789859,2.173894233961875
2026-01-07,10.72231384697491,4.8602921873759914,2.206104784157791
2026-01-08,10.807272898006772,4.8205971953430735,2.2418950308578185
2026-01-09,11.020126638961852,4.842237539097715,2.275833548020303
2026-01-12,11.228360631176947,4.873774158165394,2.3038327724655123
2026-01-13,10.923136735544606,4.844384479351726,2.2548038418714316
2026-01-14,11.008907222068487,4.824949073763169,2.2816628846783256
2026-01-15,10.99036627414842,4.834613357427905,2.2732668492016654
2026-01-16,11.152347551390903,4.814714986049975,2.3163048246268807
2026-01-19,11.2019443639581,4.817343207223487,2.325336577049578
2026-01-20,11.066715387993096,4.801492479604067,2.3048490516235614
2026-01-21,11.231253159742826,4.805756852402437,2.3370414910043213
2026-01-22,11.336524593307738,4.806408057029245,2.3586271616552343
2026-01-23,11.47669526625362,4.784824693679449,2.3985612851007576
2026-01-26,11.284446410787483,4.7893698984731286,2.356144263232834
2026-01-27,11.482928770558532,4.788075629277346,2.398234626943774
2026-01-28,11.472759550783342,4.8005899506916,2.3898645101172438
2026-01-29,11.244555636722513,4.837097092574843,2.3246495618174383
2026-01-30,11.212914503569586,4.78873497396199,2.341519120297549
2026-02-02,10.903830306769217,4.6866179484205235,2.326588261892354
2026-02-03,11.207753792290191,4.741692562225655,2.363661001891168
2026-02-04,11.076329235131656,4.78094392110656,2.316766190507421
2026-02-05,10.826482407648625,4.752185096775112,2.2782114305681405
2026-02-06,10.826054852958046,4.724892500361214,2.291280669799451
2026-02-09,11.146785723957102,4.8016735958908985,2.321437619894889
2026-02-10,11.132167773415205,4.807005333772897,2.3158218059803666
2026-02-11,11.040469493825583,4.79634491053059,2.301850617453665
2026-02-12,11.133742686536348,4.80220473466464,2.3184648097503215
2026-02-13,11.139912391629267,4.741996796887242,2.349202850356577
2026-02-24,11.276088822673612,4.789960052666174,2.354109157214609
2026-02-25,11.47524581657931,4.818798242561514,2.381350129006324
2026-02-26,11.632165564439498,4.809628467410261,2.418516449505054
2026-02-27,11.671474237819865,4.793117377598968,2.4350486996975014
2026-03-02,11.566192183487184,4.811454892887014,2.4038866498750715
2026-03-03,11.124067493605915,4.737407839282698,2.3481338046019355
2026-03-04,11.038120384710309,4.683204211665924,2.356959014773305
2026-03-05,11.177509873433944,4.729060209972792,2.363579522599957
2026-03-06,11.144549270289168,4.742030374625812,2.350164041530116
2026-03-09,10.988488039209464,4.696258829418983,2.3398386754950113
2026-03-10,11.345449058782298,4.756598025628972,2.385202406773079
2026-03-11,11.415919103365981,4.786858690630997,2.3848456453727382
2026-03-12,11.290307600643299,4.769626188194068,2.367126301970882
2026-03-13,11.131668289608134,4.750883705028724,2.3430732008500788
2026-03-16,11.154463386309361,4.7533450550166165,2.346655514633235
2026-03-17,10.81511118660274,4.718627708349868,2.2920034923426598
2026-03-18,10.996910424208938,4.73988648689349,2.3200788572926956
2026-03-19,10.782790239079642,4.663491026603745,2.3121713277815323
2026-03-20,10.711273082552117,4.646973831749075,2.304999655769634
2026-03-23,10.217629959317687,4.495343886918317,2.2729362238674375
2026-03-24,10.498304902682799,4.5530619845053995,2.3057680607928805
2026-03-25,10.748347712950785,4.616904458106175,2.3280420486240017
2026-03-26,10.59462938603906,4.555923214834441,2.325462674950737
2026-03-27,10.763499449558026,4.581397525829421,2.349392164481381
2026-03-30,10.772995457393769,4.570591599053311,2.3570242984792467
2026-03-31,10.46324409787684,4.527957028634688,2.3108090539966577
2026-04-01,10.75819840311798,4.605305893198372,2.336044261252414
2026-04-02,10.531305162295588,4.557327374810998,2.3108511406276455
2026-04-03,10.534524137150372,4.518534911690548,2.331402621211357
2026-04-07,10.630923371687798,4.5183588829398635,2.352828459870103
2026-04-08,11.180225834333426,4.676011453061373,2.3909748610674937
2026-04-09,11.153421117648401,4.64616593100894,2.4005645263785005
2026-04-10,11.297039523467939,4.717739424538611,2.394587429883916
2026-04-13,11.43953230048195,4.727496301361221,2.4197866209198486
2026-04-14,11.635343682275332,4.7835904574102,2.4323452824543472
2026-04-15,11.525903145144934,4.767271676465262,2.417714770073881
2026-04-16,11.687830508482898,4.819532882781132,2.4250961229542196
2026-04-17,11.943564738901062,4.811457945408701,2.4823171841911496
2026-04-20,12.025907027075181,4.84073162839822,2.4843159981282645
2026-04-21,12.083045198629167,4.8514714172044195,2.490593916678545
2026-04-22,12.331478129964285,4.883655170869989,2.5250509502634517
2026-04-23,12.144065149059024,4.870122324719118,2.4935852406457633
2026-04-24,12.141439989308838,4.85286743712314,2.5019104986116174
2026-04-27,12.310343114915606,4.854473063531117,2.5358762843687774
2026-04-28,12.089816313150187,4.8415110389359315,2.497116337424956
2026-04-29,12.232737613625329,4.894562848369038,2.4992502890634065
2026-04-30,12.362617786764789,4.891469626391696,2.5273831242992624
2026-05-06,12.63505262592279,4.962477385901827,2.5461179252561235
2026-05-07,13.083675050462464,4.986304352692426,2.623922272894904
2026-05-08,13.206688598232004,4.957205680946363,2.664139728757585
2026-05-11,13.345350592982266,5.038529946255268,2.648659576371236
2026-05-12,13.34848534238678,5.034673593855884,2.6513109725080772
2026-05-13,13.502063407855916,5.085849119957997,2.6548297225080533
2026-05-14,13.22527368449886,5.000637977032826,2.6447172831227816
2026-05-15,13.127523664668455,4.9446710093875215,2.65488313373037
2026-05-18,13.07888844496699,4.918145613424584,2.6593129754570137
2026-05-19,13.10701400560223,4.937843535878322,2.6544004301405657
2026-05-20,13.150070178544178,4.935622317596566,2.664318566609386
2026-05-21,12.678555018819974,4.866836793875421,2.6050914702492314
2026-05-22,13.003018938401866,4.929920207083071,2.6375718859951847
2026-05-25,12.988844596395955,5.007760527638549,2.5937431561890105
2026-05-26,12.762864372266323,5.034472127424466,2.535094851899706
2026-05-27,12.659802993440671,4.994099475576775,2.534952108053189
2026-05-28,12.910262371287722,5.000247254256741,2.581924795878271
2026-05-29,12.749489834375558,4.9777684845450825,2.561286221719637
2026-06-01,12.5935039089017,4.929065501010385,2.5549475669009105
2026-06-02,12.638981846232236,5.00059931175811,2.5274934179416633
2026-06-03,12.77789168920443,5.02527386207079,2.542725439432863
2026-06-04,12.741744571613257,4.990613495808888,2.55314192980758
2026-06-05,12.664690837558432,4.901250923387811,2.5839711199287927
2026-06-08,12.393714780594207,4.796158706707612,2.5840918823768533
2026-06-09,12.807901944907956,4.885877406658974,2.6214128761094244
2026-06-10,12.630549868752107,4.831727706925357,2.6140856097185754
2026-06-11,12.741968724367398,4.805088350152729,2.651765752436664
2026-06-12,12.717421678706225,4.860958654611241,2.616237368454497
2026-06-15,13.180142046741102,4.977353341595492,2.6480221801002783
2026-06-16,13.509138789459307,4.969741370012434,2.71827803172492
2026-06-17,13.67994661755462,5.017720905907037,2.726326727628495
2026-06-18,13.743943969859352,5.028112707240785,2.7334200265772175
2026-06-22,13.884427928139825,5.148238593235205,2.696927828167092
2026-06-23,13.590098279815166,5.00551081915437,2.7150272511270037
2026-06-24,13.75990781820428,5.029558585013747,2.7358082395548178
2026-06-25,13.845567395784578,5.107992112283958,2.7105694549699977
2026-06-26,13.502800198939067,4.953450061762688,2.725938493489947
2026-06-29,13.440565980164441,5.013177736127815,2.681047169603436
2026-06-30,13.812967323671778,5.0666090757574835,2.726274539269969
2026-07-01,13.868545018557342,5.045794947873104,2.7485351984830833
2026-07-02,13.488504141209441,4.896545969959117,2.754697744892623
2026-07-03,13.441104410543227,4.926947050958797,2.7280797360969307
2026-07-06,13.178836954336463,4.926767969686424,2.6749457322576653
2026-07-07,12.987060853333812,4.87616123012554,2.663378063280211
2026-07-08,12.656671960383353,4.838790224604545,2.6156686636312556
2026-07-09,12.923825705525303,4.961683730262903,2.6047258165003018
2026-07-10,12.750120695048551,4.864485334668303,2.621062623867063
2026-07-13,12.141581447941702,4.777586147249576,2.541363164101505
2026-07-14,12.483095305785568,4.8804754607781495,2.5577621291420747
2026-07-15,12.316504351794078,4.870586308015719,2.5287518941044764
2026-07-16,12.02091845688313,4.780690561806442,2.5144732338293987
2026-07-17,11.277745755555317,4.608386905088961,2.447221986309678
2026-07-20,10.718374394530567,4.678824860550634,2.2908261612658785
2026-07-21,11.13242530957524,4.8221997692293606,2.308578209598795
2026-07-22,10.933311419754283,4.799829872791246,2.2778539468100423
2026-07-23,11.033402557247147,4.810776215565012,2.2934765748506774
2026-07-24,10.834991895595678,4.730586470816875,2.290411973745128
2026-07-27,11.161337918808927,4.784753468173391,2.332688192411685
2026-07-28,10.739812320325088,4.649523704865923,2.309873656324285
2026-07-29,10.673545354288182,4.680799842082878,2.280282369335116
2026-07-30,10.210487160305094,4.6293729916951065,2.2055874907081936
2026-07-31,10.513338741678956,4.668523617360302,2.251962205478454
