date,code,action,price,shares
2005-01-04,600320,BUY,1.6676248188599998,2900
2005-01-04,001696,BUY,0.7749421679999999,6300
2005-01-04,000153,BUY,2.73884008398,1800
2005-01-04,000923,BUY,3.5591117561999996,1300
2005-01-04,600120,BUY,0.6020786772,8200
2005-01-04,000503,BUY,10.325120345539998,400
2005-01-04,600362,BUY,3.8122520235799997,1200
2005-01-04,600062,BUY,1.7361220376499997,2800
2005-01-04,000403,BUY,1.9760768026999997,2400
2005-01-04,000960,BUY,3.5943951643599994,1300
2005-01-04,600838,BUY,3.5437000098499998,1300
2005-01-04,000050,BUY,4.1534101108499994,1100
2005-01-04,600682,BUY,1.9959153213999998,2400
2005-01-04,000543,BUY,2.1690256087499997,2200
2005-01-04,600496,BUY,0.6588369787999999,7400
2005-01-04,001896,BUY,3.7637599999999996,1300
2005-01-04,600303,BUY,2.3791243475999995,2000
2005-01-04,600875,BUY,4.64775715404,1000
2005-01-04,000776,BUY,1.0750203664199998,4500
2005-01-04,600067,BUY,1.4093619539999998,3500
2005-01-04,600808,BUY,2.3712646557599997,2000
2005-01-04,000678,BUY,1.8537381462599998,2600
2005-01-04,600733,BUY,1.6468913260799998,2900
2005-01-04,600797,BUY,3.8530599307199993,1200
2005-01-04,000407,BUY,1.5562791243999998,3100
2005-01-04,600519,BUY,7.725427709999999,600
2005-01-04,000972,BUY,3.21431796686,1500
2005-01-04,600199,BUY,1.39567873445,3500
2005-01-04,600016,BUY,0.51293548306,9600
2005-01-04,600383,BUY,0.6696877186999999,7300
2005-01-04,600630,BUY,3.7591108054499998,1300
2005-01-04,600698,BUY,1.8818799999999998,2600
2005-01-04,600475,BUY,2.2983266205899997,2100
2005-01-04,000518,BUY,2.45245,2000
2005-01-04,000708,BUY,1.8001890906999998,2700
2005-01-04,000629,BUY,1.40066139213,3500
2005-01-04,000025,BUY,2.24970441696,2100
2005-01-04,600789,BUY,1.5860781336399998,3100
2005-01-04,600563,BUY,5.8412896542,800
2005-01-04,000635,BUY,5.696145655199999,800
2005-01-04,000920,BUY,5.9174184068999995,800
2005-01-04,600396,BUY,1.7624523216299997,2800
2005-01-04,000988,BUY,2.9832798995999994,1600
2005-01-04,000410,BUY,3.8191098545599993,1200
2005-01-04,000725,BUY,2.6642975358999994,1800
2005-01-04,000519,BUY,3.7866197368999996,1300
2005-01-04,600685,BUY,3.4990405449999997,1400
2005-01-04,000868,BUY,1.1879890022,4100
2005-01-04,600426,BUY,1.02402447147,4800
2005-01-04,600616,BUY,3.89702130818,1200
2005-01-04,000938,BUY,5.121107351359999,900
2005-01-04,000815,BUY,2.6583528972,1800
2005-01-04,600523,BUY,2.0040013293299994,2400
2005-01-04,000880,BUY,1.5765448198499998,3100
2005-01-04,000567,BUY,0.7532807281999999,6500
2005-01-04,000888,BUY,2.40104665801,2000
2005-01-04,000955,BUY,2.3101423244899997,2100
2005-01-04,000049,BUY,1.9894498623999999,2400
2005-01-04,000885,BUY,1.03005590688,4700
2005-01-04,000828,BUY,2.6913122235999998,1800
2005-01-04,000070,BUY,2.3712562073199996,2000
2005-01-04,600095,BUY,2.3448351726799994,2100
2005-01-04,600031,BUY,0.45339946651999996,10800
2005-01-04,000089,BUY,3.6205328158999994,1300
2005-01-04,600784,BUY,1.7046744915199998,2800
2005-01-04,000795,BUY,2.1108836748999997,2300
2005-01-04,000800,BUY,2.66737929458,1800
2005-01-04,600202,BUY,4.11801549159,1100
2005-01-04,600710,BUY,1.9835100284999998,2400
2005-01-04,000507,BUY,2.1013264271999996,2300
2005-01-04,600623,BUY,5.15871343988,900
2005-01-04,600780,BUY,3.5132394296999996,1400
2005-01-04,600176,BUY,0.49375878551999997,10000
2005-01-04,000738,BUY,2.5356256925999996,1900
2005-01-04,000514,BUY,2.01833961329,2400
2005-01-04,000829,BUY,1.4140171645599997,3400
2005-01-04,600380,BUY,2.0487604137,2400
2005-01-04,000061,BUY,1.0318502594399999,4700
2005-01-04,000573,BUY,2.3681422764999995,2000
2005-01-04,600267,BUY,5.5826186416,800
2005-01-04,600026,BUY,6.206151071119999,700
2005-02-01,000403,SELL,1.4368953663000001,2400
2005-02-01,000708,SELL,1.39998608253,2700
2005-02-01,600838,SELL,3.21429485763,1300
2005-02-01,000050,SELL,3.7704665092500003,1100
2005-02-01,600682,SELL,2.0199827952,2400
2005-02-01,000061,SELL,0.8415476899200001,4700
2005-02-01,600523,SELL,1.89789536484,2400
2005-02-01,000795,SELL,2.00725042032,2300
2005-02-01,000543,SELL,1.83483407925,2200
2005-02-01,000868,SELL,1.0755732501000002,4100
2005-02-01,000070,SELL,2.31428627712,2000
2005-02-01,600623,SELL,4.44705156693,900
2005-02-01,600362,SELL,3.43906521228,1200
2005-02-01,600590,BUY,2.2790643875999996,6500
2005-02-01,600580,BUY,1.3217499495199998,11200
2005-02-01,600469,BUY,2.8347182864,5200
2005-02-01,000690,BUY,0.50224928754,29500
2005-02-01,600166,BUY,0.7312644739399999,20200
2005-02-01,000731,BUY,4.175912941199999,3500
2005-02-01,600126,BUY,2.8193357191999997,5200
2005-02-01,600408,BUY,3.7156497377999993,3900
2005-02-01,600308,BUY,2.0189200031,7300
2005-02-01,000157,BUY,0.3430915488,43100
2005-02-01,600323,BUY,2.48205382425,5900
2005-02-01,600301,BUY,6.905969069999999,2100
2005-02-01,600398,BUY,1.3501199711999998,10900
2005-02-01,000807,BUY,1.2373459097999997,11900
2005-02-01,000969,BUY,2.5739891677499998,5700
2005-02-01,600276,BUY,0.4587117635099999,32300
2005-02-01,600499,BUY,0.6185549369999999,23900
2005-02-01,000717,BUY,3.4698553089199997,4200
2005-05-10,600469,SELL,3.42517671468,5200
2005-05-10,600320,SELL,2.13203535048,2900
2005-05-10,600166,SELL,0.51236594118,20200
2005-05-10,000153,SELL,2.0842327809,1800
2005-05-10,000731,SELL,4.36121410032,3500
2005-05-10,600126,SELL,2.09080063647,5200
2005-05-10,600308,SELL,1.86332396085,7300
2005-05-10,000988,SELL,2.2642797736799998,1600
2005-05-10,600301,SELL,4.63746151638,2100
2005-05-10,000923,SELL,1.9958860760400001,1300
2005-05-10,600120,SELL,0.48070057824,8200
2005-05-10,000410,SELL,3.73722966936,1200
2005-05-10,000519,SELL,3.1608446913,1300
2005-05-10,600685,SELL,2.10221377191,1400
2005-05-10,600062,SELL,1.9600898481,2800
2005-05-10,600426,SELL,1.1628865294200001,4800
2005-05-10,600616,SELL,4.7653761537,1200
2005-05-10,000815,SELL,2.365114518,1800
2005-05-10,000880,SELL,1.47402257193,3100
2005-05-10,600398,SELL,1.28245741884,10900
2005-05-10,000567,SELL,0.6278342772600001,6500
2005-05-10,000888,SELL,2.19700164915,2000
2005-05-10,000049,SELL,2.03156632008,2400
2005-05-10,000828,SELL,2.4716095663499997,1800
2005-05-10,000885,SELL,1.02799785312,4700
2005-05-10,600303,SELL,1.88613928269,2000
2005-05-10,600499,SELL,0.49863087,23900
2005-05-10,600095,SELL,1.6813395774,2100
2005-05-10,000776,SELL,0.8738175177899999,4500
2005-05-10,600733,SELL,1.0272505212,2900
2005-05-10,600031,SELL,0.44488202265,10800
2005-05-10,600580,SELL,1.14879611394,11200
2005-05-10,000690,SELL,0.43703796456,29500
2005-05-10,600797,SELL,3.2044679244,1200
2005-05-10,000089,SELL,3.41304385968,1300
2005-05-10,000407,SELL,1.1623721443200001,3100
2005-05-10,600519,SELL,10.730445313499999,600
2005-05-10,000972,SELL,2.5512599862,1500
2005-05-10,600199,SELL,0.82242320355,3500
2005-05-10,600276,SELL,0.57215033694,32300
2005-05-10,600016,SELL,0.5590764139500001,9600
2005-05-10,000807,SELL,0.9860558571,11900
2005-05-10,600202,SELL,4.0686310162799995,1100
2005-05-10,600710,SELL,1.0712842434,2400
2005-05-10,600383,SELL,0.65112417405,7300
2005-05-10,600630,SELL,2.39712629418,1300
2005-05-10,600698,SELL,1.40859,2600
2005-05-10,000507,SELL,2.0097476405999997,2300
2005-05-10,000518,SELL,1.71828,2000
2005-05-10,600780,SELL,2.3200732143900002,1400
2005-05-10,600176,SELL,0.60721389828,10000
2005-05-10,000738,SELL,1.4801385798,1900
2005-05-10,000629,SELL,1.29746387736,3500
2005-05-10,000514,SELL,1.33081681104,2400
2005-05-10,000829,SELL,1.0865641482,3400
2005-05-10,000025,SELL,2.0564231183999997,2100
2005-05-10,600789,SELL,1.30981938948,3100
2005-05-10,600323,SELL,2.3198659119,5900
2005-05-10,600380,SELL,1.8504505971,2400
2005-05-10,000573,SELL,1.9396267317,2000
2005-05-10,600563,SELL,4.22013704859,800
2005-05-10,000717,SELL,2.60099452188,4200
2005-05-10,000920,SELL,3.2868245853,800
2005-05-10,600396,SELL,1.56906670266,2800
2005-05-10,600026,SELL,7.1413538976,700
2005-05-10,600490,BUY,0.4101885988199999,8600
2005-05-10,600203,BUY,3.16090350576,1100
2005-05-10,600651,BUY,4.0065959933999995,800
2005-05-10,600255,BUY,0.5525004484999999,6400
2005-05-10,600390,BUY,1.0196701515,3400
2005-05-10,000402,BUY,1.6816361561999997,2100
2005-05-10,000685,BUY,0.7839258226799999,4500
2005-05-10,000532,BUY,3.6490729475199997,900
2005-05-10,600373,BUY,0.7469199938199999,4700
2005-05-10,000545,BUY,1.0005833037199998,3500
2005-05-10,000498,BUY,1.9391428055999997,1800
2005-05-10,600619,BUY,4.969083799679999,700
2005-05-10,600058,BUY,5.764535777,600
2005-05-10,600460,BUY,2.5781019264,1300
2005-05-10,600331,BUY,2.8358181851999995,1200
2005-05-10,000617,BUY,5.475610139999999,600
2005-05-10,600266,BUY,1.6440986562,2100
2005-05-10,600128,BUY,2.5961162327099996,1300
2005-05-10,600110,BUY,1.8172279125,1900
2005-05-10,600498,BUY,2.5751677951999996,1300
2005-05-10,600816,BUY,0.4138541607199999,8500
2005-05-10,600562,BUY,0.94590148653,3700
2005-05-10,600157,BUY,0.3045042,11600
2005-05-10,600513,BUY,1.3749793657599998,2500
2005-05-10,600703,BUY,0.18984093127999999,18600
2005-05-10,600282,BUY,1.0102512419999998,3500
2005-05-10,000501,BUY,1.5560697151999998,2200
2005-05-10,600458,BUY,0.9711853351199998,3600
2005-05-10,600872,BUY,1.2703452761999998,2700
2005-05-10,000915,BUY,1.5150526190799998,2300
2005-05-10,600345,BUY,4.955937686699999,700
2005-05-10,600641,BUY,1.26460017684,2800
2005-05-10,000701,BUY,4.919648734,700
2005-05-10,000670,BUY,2.2022,1600
2005-05-10,000997,BUY,2.3902847268299996,1400
2005-05-10,600353,BUY,0.6065696837199999,5800
2005-05-10,000090,BUY,0.6434303175299999,5500
2005-05-10,600618,BUY,3.7109712639999994,900
2005-05-10,000833,BUY,2.1703582901,1600
2005-05-10,000401,BUY,1.7765820071999998,1900
2005-05-10,600552,BUY,0.7379975202599999,4800
2005-05-10,000736,BUY,0.5639691056999999,6200
2005-05-10,600071,BUY,3.5351218102199997,1000
2005-05-10,600802,BUY,1.4054564524,2500
2005-05-10,600711,BUY,0.8738387658,4000
2005-05-10,000795,BUY,1.4230676459999998,2400
2005-05-10,000062,BUY,2.266107844,1500
2005-05-10,600876,BUY,2.4424399999999995,1400
2005-05-10,600874,BUY,2.9795989122899997,1100
2005-05-10,600736,BUY,1.7251201967999998,2000
2005-05-10,000758,BUY,1.3231329110999999,2600
2005-05-10,000600,BUY,2.4645976354999997,1400
2005-05-10,600179,BUY,2.2131811301599997,1600
2005-05-10,000968,BUY,3.9203356392199993,900
2005-05-10,600549,BUY,1.91183967975,1800
2005-05-10,600268,BUY,0.9494658973799999,3700
2005-05-10,000060,BUY,0.8175566899499999,4300
2005-05-10,600873,BUY,0.53803293544,6500
2005-05-10,600720,BUY,1.0428878259799998,3300
2005-05-10,000059,BUY,3.7900726863999994,900
2005-05-10,000672,BUY,1.0999211623399998,3200
2005-05-10,600233,BUY,1.3438869444,2600
2005-05-10,000728,BUY,1.1064343990699999,3200
2005-05-10,000571,BUY,1.798794998,1900
2005-05-10,600251,BUY,0.8865937079999999,3900
2005-05-10,000612,BUY,1.1217915308599997,3100
2005-05-10,600428,BUY,3.2817951165999997,1000
2005-05-10,000783,BUY,0.5346641299999999,6600
2005-05-10,000926,BUY,2.2558541805799996,1500
2005-05-10,600801,BUY,0.51897150305,6800
2005-05-10,600415,BUY,0.7611123519999999,4600
2005-05-10,600894,BUY,1.3768464910199998,2500
2005-08-02,600590,SELL,1.88098720992,6500
2005-08-02,600490,SELL,0.38382212366999996,8600
2005-08-02,000157,SELL,0.31132280556,43100
2005-08-02,600331,SELL,2.70098894736,1200
2005-08-02,600408,SELL,3.0552424992000002,3900
2005-08-02,600157,SELL,0.28519452,11600
2005-08-02,600282,SELL,0.87932611368,3500
2005-08-02,600458,SELL,0.90383573952,3600
2005-08-02,600496,SELL,0.9157213120500001,7400
2005-08-02,600875,SELL,4.55051338155,1000
2005-08-02,600618,SELL,3.0470171328,900
2005-08-02,000090,SELL,0.57990894057,5500
2005-08-02,600071,SELL,2.8298939932800002,1000
2005-08-02,000062,SELL,2.18965969845,1500
2005-08-02,000800,SELL,1.9046157876899998,1800
2005-08-02,000758,SELL,1.35466382016,2600
2005-08-02,600179,SELL,1.53824300721,1600
2005-08-02,600475,SELL,2.26798598376,2100
2005-08-02,000969,SELL,1.9590386203799999,5700
2005-08-02,000612,SELL,1.00054288557,3100
2005-08-02,600415,SELL,0.65407229298,4600
2005-08-02,000777,BUY,1.6888421549999997,7300
2005-08-02,000928,BUY,1.0145950814999998,12100
2005-08-02,000801,BUY,0.6373209843,19300
2005-08-02,000722,BUY,2.9879243393999997,4100
2005-08-02,600138,BUY,2.38407002834,5100
2005-08-02,000881,BUY,2.32743061551,5300
2005-08-02,600673,BUY,0.65542766289,18800
2005-08-02,000068,BUY,4.43216445672,2700
2005-08-02,000888,BUY,1.9604304719999999,6200
2005-08-02,000755,BUY,4.06521837722,3000
2005-08-02,000902,BUY,0.7690972889599998,16000
2005-08-02,000923,BUY,1.7795558780999998,6900
2005-08-02,000070,BUY,1.3644310679999998,9000
2005-08-02,000554,BUY,2.4024637937299995,5100
2005-08-02,600803,BUY,1.2743135405,9600
2005-08-02,000981,BUY,0.5665264604999999,21800
2005-08-02,000524,BUY,2.1299481503299997,5700
2005-11-01,600203,SELL,2.9867907794399997,1100
2005-11-01,600255,SELL,0.68130477324,6400
2005-11-01,000928,SELL,1.15663245975,12100
2005-11-01,000801,SELL,0.76561287075,19300
2005-11-01,001696,SELL,0.6187423682700001,6300
2005-11-01,000402,SELL,1.63269343224,2100
2005-11-01,000685,SELL,0.8020398573,4500
2005-11-01,000532,SELL,2.8799807364,900
2005-11-01,600373,SELL,0.75707480736,4700
2005-11-01,000545,SELL,0.8197332462,3500
2005-11-01,600058,SELL,4.253545716480001,600
2005-11-01,000755,SELL,4.17686273622,3000
2005-11-01,600460,SELL,3.2876536454100003,1300
2005-11-01,000902,SELL,0.9149048593200001,16000
2005-11-01,000923,SELL,2.0635432311599997,6900
2005-11-01,600266,SELL,1.701822474,2100
2005-11-01,600128,SELL,2.94988391325,1300
2005-11-01,000725,SELL,2.12346242199,1800
2005-11-01,600110,SELL,1.65436398,1900
2005-11-01,600498,SELL,2.6039097337499997,1300
2005-11-01,600816,SELL,0.34329540096,8500
2005-11-01,600562,SELL,0.85866855192,3700
2005-11-01,600513,SELL,1.56255819768,2500
2005-11-01,600703,SELL,0.19263253464,18600
2005-11-01,600673,SELL,0.65113808013,18800
2005-11-01,000501,SELL,2.0537112729600002,2200
2005-11-01,000068,SELL,3.6860908194000004,2700
2005-11-01,001896,SELL,2.03796,1300
2005-11-01,600872,SELL,1.228495275,2700
2005-11-01,000888,SELL,1.9891220868000001,6200
2005-11-01,000915,SELL,1.64848993992,2300
2005-11-01,600345,SELL,5.25641769063,700
2005-11-01,600641,SELL,1.41148606104,2800
2005-11-01,000670,SELL,2.35764,1600
2005-11-01,600808,SELL,1.72098265464,2000
2005-11-01,000722,SELL,3.149951895,4100
2005-11-01,600353,SELL,0.61847335755,5800
2005-11-01,000777,SELL,2.32110657,7300
2005-11-01,000736,SELL,1.1099407482,6200
2005-11-01,600784,SELL,1.0448007933599999,2800
2005-11-01,000401,SELL,2.1330489358799998,1900
2005-11-01,600552,SELL,0.63508492935,4800
2005-11-01,600802,SELL,1.20072691116,2500
2005-11-01,600711,SELL,1.096029873,4000
2005-11-01,000795,SELL,1.3965539481,2400
2005-11-01,600736,SELL,1.78738518564,2000
2005-11-01,600549,SELL,2.24943327504,1800
2005-11-01,000554,SELL,2.70071409249,5100
2005-11-01,600268,SELL,1.1741630616,3700
2005-11-01,000981,SELL,0.6141617235,21800
2005-11-01,000524,SELL,2.16979401402,5700
2005-11-01,000060,SELL,0.9397265328000001,4300
2005-11-01,600720,SELL,0.8593795602,3300
2005-11-01,000881,SELL,2.48443911396,5300
2005-11-01,000672,SELL,1.2057895634400002,3200
2005-11-01,600233,SELL,1.4146699939199998,2600
2005-11-01,600251,SELL,1.076600322,3900
2005-11-01,600267,SELL,4.04774532288,800
2005-11-01,000783,SELL,0.6696628168500001,6600
2005-11-01,000635,SELL,3.93480128997,800
2005-11-01,600894,SELL,1.0835793360000001,2500
2005-11-01,600490,BUY,0.42831428639999997,12100
2005-11-01,000155,BUY,5.0236748561999995,1000
2005-11-01,600650,BUY,5.179850856179999,1000
2005-11-01,600320,BUY,2.4148837212499994,2100
2005-11-01,600026,BUY,4.31472549508,1200
2005-11-01,000731,BUY,3.6345618809499998,1400
2005-11-01,600085,BUY,5.24378914059,900
2005-11-01,600308,BUY,1.9215237541499999,2700
2005-11-01,000409,BUY,1.4544267437699998,3500
2005-11-01,600009,BUY,11.696537612759998,400
2005-11-01,000983,BUY,0.8234658431999999,6300
2005-11-01,000063,BUY,5.721185650179999,900
2005-11-01,000792,BUY,6.536368598759999,700
2005-11-01,000951,BUY,2.1136860344599997,2400
2005-11-01,600408,BUY,2.416862448,2100
2005-11-01,600500,BUY,2.1391502131999998,2400
2005-11-01,600749,BUY,4.665743272189999,1100
2005-11-01,000538,BUY,3.4859682858,1400
2005-11-01,000572,BUY,3.10220742832,1600
2005-11-01,600496,BUY,0.9944753318499999,5200
2005-11-01,000567,BUY,0.5496913421999999,9400
2005-11-01,000301,BUY,1.1111976075199999,4600
2005-11-01,600129,BUY,2.9085030974999997,1700
2005-11-01,000049,BUY,2.47970714992,2000
2005-11-01,600521,BUY,1.8063508663199999,2800
2005-11-01,600875,BUY,4.3835007216,1100
2005-11-01,000088,BUY,3.7311426652499997,1300
2005-11-01,600675,BUY,1.0082460388,5100
2005-11-01,600195,BUY,1.6288437164999998,3100
2005-11-01,000729,BUY,2.3166940396599998,2200
2005-11-01,000423,BUY,4.199085340449999,1200
2005-11-01,600667,BUY,0.7467473613599999,6900
2005-11-01,000886,BUY,1.9042631607999998,2700
2005-11-01,600519,BUY,12.43665350928,400
2005-11-01,600075,BUY,2.1990769901099996,2300
2005-11-01,000039,BUY,2.2859248912499996,2200
2005-11-01,000570,BUY,1.8040116093999998,2800
2005-11-01,600309,BUY,2.5027866863999995,2000
2005-11-01,000422,BUY,1.5379817052599998,3300
2005-11-01,000758,BUY,1.5512866969599999,3300
2005-11-01,600718,BUY,2.4355626094799994,2100
2005-11-01,000875,BUY,2.4274392542399994,2100
2005-11-01,600038,BUY,5.6829007234999995,900
2005-11-01,600694,BUY,7.151076252319999,700
2005-11-01,600643,BUY,1.3171698539999999,3900
2005-11-01,600754,BUY,5.38343077272,900
2005-11-01,600125,BUY,1.9270872320699999,2600
2005-11-01,000900,BUY,1.4498483999999998,3500
2005-11-01,000936,BUY,1.9858999159999997,2600
2005-11-01,600000,BUY,1.00634325792,5100
2005-11-01,000829,BUY,1.1190338359199998,4600
2005-11-01,000541,BUY,1.5830125310999998,3200
2005-11-01,600583,BUY,2.2647310685999997,2200
2005-11-01,600508,BUY,2.42687108664,2100
2005-11-01,600676,BUY,1.5218830626999997,3400
2005-11-01,600744,BUY,2.38826145558,2100
2005-11-01,000159,BUY,1.7763681935999998,2900
2005-11-01,000980,BUY,1.8027677167499998,2800
2005-11-01,000912,BUY,5.856974643519999,800
2005-11-01,600346,BUY,0.4525933912499999,11400
2005-11-01,600150,BUY,4.503585526439999,1100
2005-11-01,000869,BUY,9.0701564954,500
2006-02-07,600490,SELL,0.44526928499999996,12100
2006-02-07,000503,SELL,7.640971320059999,400
2006-02-07,600138,SELL,2.90116201392,5100
2006-02-07,000936,SELL,1.486449063,2600
2006-02-07,000833,SELL,4.53962149434,1600
2006-02-07,000997,SELL,3.1648346373600003,1400
2006-02-07,600718,SELL,3.61508024106,2100
2006-02-07,000701,SELL,5.49656369424,700
2006-02-07,600803,SELL,1.64642327865,9600
2006-02-07,600195,SELL,1.68198727905,3100
2006-02-07,600067,SELL,1.4237645003100001,3500
2006-02-07,600754,SELL,4.92267907332,900
2006-02-07,600667,SELL,0.81737684496,6900
2006-02-07,000802,BUY,2.1325572268,30100
2006-02-07,002033,BUY,1.7900517134499998,35800
2006-02-07,000990,BUY,2.4114149759699997,26600
2006-02-07,000514,BUY,1.9313828534,33200
2006-02-07,000807,BUY,2.18217322323,29400
2006-02-07,000888,BUY,2.5403911533,25200
2006-02-07,600655,BUY,1.7709712019999997,36200
2006-02-07,600540,BUY,2.4992150383199996,25700
2006-02-07,000823,BUY,3.7888182432099997,16900
2006-05-09,600651,SELL,5.3965776203999996,800
2006-05-09,600320,SELL,4.55845403295,2100
2006-05-09,600390,SELL,1.40885614359,3400
2006-05-09,000731,SELL,4.0145087327399995,1400
2006-05-09,600085,SELL,4.19351126103,900
2006-05-09,600308,SELL,2.2339661676299998,2700
2006-05-09,000498,SELL,1.38694234932,1800
2006-05-09,000409,SELL,1.56246506091,3500
2006-05-09,000983,SELL,1.3765494326399998,6300
2006-05-09,600619,SELL,4.38984811764,700
2006-05-09,000617,SELL,9.0706930272,600
2006-05-09,000063,SELL,5.72880133413,900
2006-05-09,000951,SELL,2.27593684494,2400
2006-05-09,000960,SELL,4.006993495500001,1300
2006-05-09,600408,SELL,2.412033552,2100
2006-05-09,600500,SELL,2.23756643376,2400
2006-05-09,000567,SELL,0.60345236358,9400
2006-05-09,000888,SELL,3.11945214528,25200
2006-05-09,600540,SELL,2.8770874525799996,25700
2006-05-09,600521,SELL,1.82539741536,2800
2006-05-09,000088,SELL,3.12407861418,1300
2006-05-09,000070,SELL,1.718341938,9000
2006-05-09,000823,SELL,3.73510413702,16900
2006-05-09,000729,SELL,3.69685349595,2200
2006-05-09,000423,SELL,6.3981121833,1200
2006-05-09,000886,SELL,2.68932798,2700
2006-05-09,600075,SELL,3.64205171259,2300
2006-05-09,000990,SELL,2.58988234518,26600
2006-05-09,600874,SELL,2.3531558886000004,1100
2006-05-09,000422,SELL,2.21110646022,3300
2006-05-09,000807,SELL,3.20055889734,29400
2006-05-09,600876,SELL,3.43656,1400
2006-05-09,000758,SELL,2.5793041040099998,3300
2006-05-09,000875,SELL,2.8545237388799998,2100
2006-05-09,000600,SELL,2.67975190566,1400
2006-05-09,600038,SELL,7.966341154529999,900
2006-05-09,000968,SELL,3.01814607276,900
2006-05-09,600643,SELL,1.9937161881,3900
2006-05-09,600873,SELL,0.77939044938,6500
2006-05-09,600125,SELL,2.62730620386,2600
2006-05-09,000802,SELL,2.7579987404999997,30100
2006-05-09,000900,SELL,1.6090101792,3500
2006-05-09,002033,SELL,2.19458298024,35800
2006-05-09,000059,SELL,3.26077596,900
2006-05-09,000829,SELL,2.17694683404,4600
2006-05-09,000541,SELL,1.50622560666,3200
2006-05-09,000514,SELL,2.1447097434,33200
2006-05-09,000571,SELL,2.0530224224999998,1900
2006-05-09,000728,SELL,1.36283376204,3200
2006-05-09,600583,SELL,3.50462850336,2200
2006-05-09,600508,SELL,3.50757988902,2100
2006-05-09,600676,SELL,1.4978927878200001,3400
2006-05-09,600744,SELL,3.29945888835,2100
2006-05-09,600655,SELL,2.07967561263,36200
2006-05-09,000159,SELL,1.92282676848,2900
2006-05-09,000926,SELL,2.4247947979799997,1500
2006-05-09,000912,SELL,6.349819404420001,800
2006-05-09,600801,SELL,0.797968233,6800
2006-05-09,600026,SELL,4.70585705238,1200
2006-05-09,000006,BUY,1.0311017716999997,12800
2006-05-09,000599,BUY,2.3342884164599997,5600
2006-05-09,600015,BUY,1.5046867836,8800
2006-05-09,000157,BUY,0.5973435467999999,22200
2006-05-09,000011,BUY,3.4186837885199997,3800
2006-05-09,000009,BUY,1.26180441387,10500
2006-05-09,000755,BUY,4.590246580919999,2800
2006-05-09,002005,BUY,1.0103248755599998,13100
2006-05-09,600331,BUY,7.430964500959999,1700
2006-05-09,600622,BUY,0.9380021650999999,14100
2006-05-09,000636,BUY,3.1065395961599997,4200
2006-05-09,600056,BUY,1.3752391653,9600
2006-05-09,600362,BUY,9.479469419419999,1400
2006-05-09,600161,BUY,1.9125530123699996,6900
2006-05-09,000014,BUY,2.6572075529999997,5000
2006-05-09,000893,BUY,2.48321165092,5300
2006-05-09,000819,BUY,3.7473332296399997,3500
2006-05-09,600033,BUY,1.6203362174999998,8200
2006-05-09,600748,BUY,2.0772837085,6300
2006-05-09,600732,BUY,1.4746944212,9000
2006-05-09,600269,BUY,1.8820416614999997,7000
2006-05-09,000537,BUY,2.5318068776,5200
2006-05-09,600351,BUY,0.7980767694899998,16600
2006-05-09,000068,BUY,3.2642292282599996,4000
2006-05-09,000880,BUY,1.46591009565,9000
2006-05-09,600036,BUY,2.64687149727,5000
2006-05-09,600403,BUY,2.08499647356,6300
2006-05-09,600995,BUY,2.44854635025,5400
2006-05-09,000797,BUY,1.1450471031999998,11600
2006-05-09,000919,BUY,2.9686242986399995,4400
2006-05-09,000937,BUY,0.9303552858599999,14200
2006-05-09,000090,BUY,0.9103916621799999,14500
2006-05-09,000709,BUY,1.2325355242199998,10700
2006-05-09,600376,BUY,0.9896634747999998,13400
2006-05-09,600299,BUY,7.3676553350399985,1800
2006-05-09,600071,BUY,3.9175492355999997,3300
2006-05-09,000963,BUY,1.421058639,9300
2006-05-09,600316,BUY,8.3199611495,1500
2006-05-09,600276,BUY,0.85015734804,15600
2006-05-09,600016,BUY,0.8165669011499999,16200
2006-05-09,600202,BUY,6.34492515657,2000
2006-05-09,000989,BUY,2.20050483653,6000
2006-05-09,000581,BUY,1.9836132316,6700
2006-05-09,600660,BUY,1.7049428195799998,7700
2006-05-09,000768,BUY,2.4698237563999994,5300
2006-05-09,600596,BUY,2.1726052448099997,6100
2006-05-09,002017,BUY,1.3710511815,9600
2006-05-09,600350,BUY,1.4968970216199997,8800
2006-05-09,000558,BUY,0.6879223150799999,19300
2006-05-09,600547,BUY,1.7373077521799998,7600
2006-05-09,600779,BUY,3.9842079076799997,3300
2006-05-09,600131,BUY,3.9377843505,3300
2006-05-09,600019,BUY,1.7937624704999997,7400
2006-05-09,600536,BUY,2.8983452097599995,4500
2006-05-09,000099,BUY,4.756627675799999,2700
2006-05-09,000629,BUY,1.64109259314,8000
2006-05-09,000547,BUY,0.7728102982599999,17100
2006-05-09,000935,BUY,2.9295885118499996,4500
2006-05-09,600399,BUY,1.09127745727,12100
2006-08-01,000006,SELL,1.16336459088,12800
2006-08-01,000599,SELL,2.41735094928,5600
2006-08-01,000157,SELL,0.5237427330000001,22200
2006-08-01,000011,SELL,3.3334198434,3800
2006-08-01,600009,SELL,10.52472955518,400
2006-08-01,002005,SELL,1.16119317447,13100
2006-08-01,600622,SELL,1.04997640257,14100
2006-08-01,000636,SELL,3.1091404872600004,4200
2006-08-01,600161,SELL,2.1913141723200003,6900
2006-08-01,000014,SELL,3.18214842624,5000
2006-08-01,000893,SELL,3.52274830542,5300
2006-08-01,000819,SELL,6.80346076896,3500
2006-08-01,600033,SELL,1.25070580224,8200
2006-08-01,600748,SELL,3.00276990432,6300
2006-08-01,600269,SELL,1.53448839558,7000
2006-08-01,600749,SELL,5.6461596885,1100
2006-08-01,000068,SELL,4.622557135679999,4000
2006-08-01,000572,SELL,3.1266021880799997,1600
2006-08-01,600036,SELL,2.5904180889,5000
2006-08-01,000301,SELL,2.1510338129999997,4600
2006-08-01,600129,SELL,2.88561724425,1700
2006-08-01,600875,SELL,7.17388217676,1100
2006-08-01,600403,SELL,1.97793242766,6300
2006-08-01,600675,SELL,1.4509585490399999,5100
2006-08-01,000797,SELL,1.36333841688,11600
2006-08-01,000919,SELL,3.30639054975,4400
2006-08-01,000090,SELL,1.14047733105,14500
2006-08-01,000709,SELL,1.42291522044,10700
2006-08-01,600376,SELL,1.6990379812799998,13400
2006-08-01,600299,SELL,7.35293474496,1800
2006-08-01,000963,SELL,1.6194534255,9300
2006-08-01,600519,SELL,23.32632210822,400
2006-08-01,600276,SELL,0.9224489676600001,15600
2006-08-01,600016,SELL,0.7624797869700001,16200
2006-08-01,600202,SELL,6.8817834279,2000
2006-08-01,000581,SELL,2.1140913924,6700
2006-08-01,002017,SELL,1.4223194568000002,9600
2006-08-01,600547,SELL,1.4584006195199999,7600
2006-08-01,600779,SELL,5.3965582398,3300
2006-08-01,600131,SELL,3.8049891021,3300
2006-08-01,600019,SELL,1.8111980988899998,7400
2006-08-01,600536,SELL,2.8918815436800003,4500
2006-08-01,000099,SELL,3.5501982479999996,2700
2006-08-01,000629,SELL,1.7395080007500001,8000
2006-08-01,000547,SELL,1.5083541360000001,17100
2006-08-01,600399,SELL,1.26350764758,12100
2006-08-01,600346,SELL,0.49834405709999996,11400
2006-08-01,600150,SELL,8.56013647482,1100
2006-08-01,600470,BUY,3.9721281599999996,3800
2006-08-01,600367,BUY,4.57452996,3300
2006-08-01,600633,BUY,3.22612713423,4700
2006-08-01,000589,BUY,1.7605612424399997,8600
2006-08-01,600770,BUY,2.5419040646999997,6000
2006-08-01,000878,BUY,9.664037983599998,1500
2006-08-01,600128,BUY,3.7256070851999996,4100
2006-08-01,600798,BUY,1.90967160384,8000
2006-08-01,600118,BUY,3.3366929595999997,4500
2006-08-01,000628,BUY,4.80122570928,3100
2006-08-01,600109,BUY,0.7301464169999999,20900
2006-08-01,000410,BUY,7.749817074999999,1900
2006-08-01,600598,BUY,2.6850353930399997,5600
2006-08-01,600408,BUY,2.32018795008,6500
2006-08-01,000055,BUY,1.52237760675,10000
2006-08-01,600436,BUY,3.2473751309999996,4700
2006-08-01,000756,BUY,1.98897226528,7600
2006-08-01,600992,BUY,4.3304175915,3500
2006-08-01,600279,BUY,2.7515823535199995,5500
2006-08-01,600782,BUY,1.6393014537899997,9300
2006-08-01,000019,BUY,2.01724410888,7500
2006-08-01,600521,BUY,1.9749868538399997,7700
2006-08-01,600993,BUY,2.5599303529799995,5900
2006-08-01,600222,BUY,4.03192518729,3700
2006-08-01,000510,BUY,2.4352723995599996,6200
2006-08-01,000833,BUY,5.320288433459999,2800
2006-08-01,000089,BUY,3.9095599042499996,3900
2006-08-01,600456,BUY,18.243627401999998,800
2006-08-01,600075,BUY,4.3233380089899995,3500
2006-08-01,600963,BUY,2.4580239383699998,6200
2006-08-01,600038,BUY,12.082721230579999,1200
2006-08-01,600601,BUY,1.8433101887199999,8200
2006-08-01,600644,BUY,3.5848173961599996,4200
2006-08-01,600738,BUY,2.4119915819999997,6300
2006-08-01,600446,BUY,1.4560905058699998,10400
2006-08-01,000822,BUY,3.6459980657099993,4100
2006-08-01,600391,BUY,6.585398940119999,2300
2006-08-01,000881,BUY,2.5980844889999997,5800
2006-08-01,000672,BUY,1.4190692716199997,10700
2006-08-01,600059,BUY,2.7104090013,5600
2006-08-01,600293,BUY,1.5638278956299998,9700
2006-08-01,000912,BUY,7.731919995799999,1900
2006-08-01,600801,BUY,0.84636005454,18000
2006-08-01,600143,BUY,2.0311170679799995,7500
2006-11-01,600650,SELL,5.1863092992,1000
2006-11-01,600470,SELL,3.850929216,3800
2006-11-01,600015,SELL,1.3166141678999999,8800
2006-11-01,600367,SELL,4.727080937249999,3300
2006-11-01,600633,SELL,2.83835154726,4700
2006-11-01,000589,SELL,1.73018925882,8600
2006-11-01,600770,SELL,3.08501287902,6000
2006-11-01,000009,SELL,1.5730853200200001,10500
2006-11-01,000878,SELL,9.24683007384,1500
2006-11-01,600128,SELL,3.62520923193,4100
2006-11-01,600798,SELL,2.0318178283200004,8000
2006-11-01,600118,SELL,4.23678338559,4500
2006-11-01,000628,SELL,4.07094010488,3100
2006-11-01,600109,SELL,1.21186350342,20900
2006-11-01,600598,SELL,2.95515085104,5600
2006-11-01,600408,SELL,2.2505864607,6500
2006-11-01,000055,SELL,1.53959370516,10000
2006-11-01,000537,SELL,3.4233364368,5200
2006-11-01,000756,SELL,2.07072911808,7600
2006-11-01,600279,SELL,2.72934026766,5500
2006-11-01,600496,SELL,1.14082165638,5200
2006-11-01,000019,SELL,2.17698698385,7500
2006-11-01,000955,SELL,2.2403028546,2100
2006-11-01,600992,SELL,4.34935114515,3500
2006-11-01,600782,SELL,1.30294296279,9300
2006-11-01,600521,SELL,2.06004513276,7700
2006-11-01,600995,SELL,2.3310258407999997,5400
2006-11-01,600993,SELL,2.9628352689299997,5900
2006-11-01,600222,SELL,3.03760899036,3700
2006-11-01,000937,SELL,0.83627204085,14200
2006-11-01,000678,SELL,3.4165799999999997,2600
2006-11-01,000510,SELL,2.5280134160400003,6200
2006-11-01,000833,SELL,4.68107774649,2800
2006-11-01,000089,SELL,4.52602837107,3900
2006-11-01,600075,SELL,4.28897895777,3500
2006-11-01,000039,SELL,4.218936330509999,2200
2006-11-01,000570,SELL,2.51032112604,2800
2006-11-01,600316,SELL,9.50358931758,1500
2006-11-01,600309,SELL,4.6342558252799995,2000
2006-11-01,600660,SELL,2.0945964069,7700
2006-11-01,000768,SELL,4.7543114095200005,5300
2006-11-01,600596,SELL,3.103948944,6100
2006-11-01,600038,SELL,11.61130509198,1200
2006-11-01,600601,SELL,1.77392627802,8200
2006-11-01,600644,SELL,3.81810830976,4200
2006-11-01,600350,SELL,1.683881433,8800
2006-11-01,000558,SELL,1.07080969842,19300
2006-11-01,600738,SELL,2.42780532444,6300
2006-11-01,000822,SELL,3.73333710582,4100
2006-11-01,600391,SELL,5.8278126736799996,2300
2006-11-01,000881,SELL,2.83489690536,5800
2006-11-01,600000,SELL,1.65954307572,5100
2006-11-01,000672,SELL,1.83143509164,10700
2006-11-01,600059,SELL,2.90701210797,5600
2006-11-01,600293,SELL,1.65136663035,9700
2006-11-01,600428,SELL,2.9895859015200004,1000
2006-11-01,000935,SELL,5.16062464956,4500
2006-11-01,000980,SELL,2.24405041329,2800
2006-11-01,000912,SELL,7.35389040834,1900
2006-11-01,600801,SELL,0.99875458566,18000
2006-11-01,600143,SELL,2.76741483498,7500
2006-11-01,000151,BUY,3.0605450075199996,5000
2006-11-01,600332,BUY,5.966510209659999,2500
2006-11-01,600320,BUY,4.6561526011,3300
2006-11-01,600328,BUY,2.6390243879999997,5800
2006-11-01,600396,BUY,2.7055335106799996,5600
2006-11-01,000930,BUY,4.121336469249999,3700
2006-11-01,600418,BUY,2.8347509990799997,5400
2006-11-01,000927,BUY,3.6524376388499995,4200
2006-11-01,600503,BUY,1.84847587925,8300
2006-11-01,600378,BUY,3.6276660920499997,4200
2006-11-01,000810,BUY,2.48807363805,6100
2006-11-01,000636,BUY,3.01828563036,5100
2006-11-01,600155,BUY,2.3661425287499998,6500
2006-11-01,600880,BUY,2.8157016888,5400
2006-11-01,600416,BUY,4.16229966152,3700
2006-11-01,600616,BUY,7.019263861609999,2100
2006-11-01,600859,BUY,8.972992138109998,1700
2006-11-01,600822,BUY,5.8012600245599995,2600
2006-11-01,000786,BUY,1.5994631452799997,9600
2006-11-01,000932,BUY,1.9106099512499999,8000
2006-11-01,600406,BUY,1.1553410468599998,13300
2006-11-01,000572,BUY,3.0163756022399997,5100
2006-11-01,600588,BUY,1.5256165924999998,10000
2006-11-01,600824,BUY,1.8609396505699998,8200
2006-11-01,000987,BUY,2.08700246755,7300
2006-11-01,600540,BUY,2.3101605326799994,6600
2006-11-01,000592,BUY,0.26215164976,58700
2006-11-01,600360,BUY,4.09179728958,3700
2006-11-01,600675,BUY,1.80970405616,8500
2006-11-01,600497,BUY,2.0657396759999997,7400
2006-11-01,000997,BUY,2.95904311703,5200
2006-11-01,000690,BUY,1.53448891596,10000
2006-11-01,600299,BUY,9.655605959999999,1500
2006-11-01,600010,BUY,0.7741798864799999,19900
2006-11-01,600519,BUY,28.001652879199995,500
2006-11-01,600305,BUY,1.2365277924999998,12400
2006-11-01,600361,BUY,9.6379771488,1500
2006-11-01,600533,BUY,2.9015785298499996,5300
2006-11-01,600809,BUY,4.871270594189999,3100
2006-11-01,002022,BUY,3.4025956464499996,4500
2006-11-01,600160,BUY,1.1612346345599998,13200
2006-11-01,600550,BUY,4.831724948049999,3100
2006-11-01,600383,BUY,1.3848676241399998,11100
2006-11-01,600962,BUY,4.527527204199999,3400
2006-11-01,600216,BUY,1.74514621281,8800
2006-11-01,000897,BUY,3.8070320287999992,4000
2006-11-01,000601,BUY,2.3659724088,6500
2006-11-01,600754,BUY,7.072635249679999,2100
2006-11-01,600594,BUY,1.1357320174199999,13500
2006-11-01,000060,BUY,2.469370904,6200
2006-11-01,002025,BUY,6.987739378619999,2200
2006-11-01,600475,BUY,3.9369520189999996,3900
2006-11-01,000802,BUY,3.179271095,4800
2006-11-01,000629,BUY,1.9575124068499998,7800
2006-11-01,600410,BUY,5.020346030699999,3000
2006-11-01,002008,BUY,3.80513957824,4000
2006-11-01,600966,BUY,1.5221991785,10100
2006-11-01,600489,BUY,1.6192816639999998,9500
2006-11-01,600227,BUY,2.41836472878,6300
2006-11-01,000759,BUY,3.1316443158,4900
2006-11-01,000029,BUY,4.206617415,3600
2006-11-01,600628,BUY,6.699399006299999,2200
2006-11-01,600037,BUY,8.97972079004,1700
2006-11-01,600655,BUY,2.1280350791699996,7200
2006-11-01,000159,BUY,1.7991421447999998,8500
2006-11-01,000926,BUY,3.0858970842699995,4900
2006-11-01,600879,BUY,3.9971836904999996,3800
2006-11-01,600415,BUY,1.5126046935999997,10100
2006-11-01,600150,BUY,9.8294945749,1500
2007-02-01,000690,SELL,2.6538060375,10000
2007-02-01,600396,SELL,3.3210128628,5600
2007-02-01,000930,SELL,5.472590491439999,3700
2007-02-01,600824,SELL,2.53360234152,8200
2007-02-01,600503,SELL,2.31791510466,8300
2007-02-01,600594,SELL,1.22532701643,13500
2007-02-01,600415,SELL,1.94742686376,10100
2007-02-01,600879,SELL,5.20859024595,3800
2007-02-01,600391,BUY,6.750566712889999,1700
2007-02-01,600159,BUY,2.5903177299999998,4400
2007-02-01,000807,BUY,4.39343931026,2600
2007-02-01,000546,BUY,3.41435665571,3400
2007-02-01,600078,BUY,4.763267218709999,2400
2007-02-01,600995,BUY,3.8092677022399997,3000
2007-05-09,000151,SELL,10.60750429758,5000
2007-05-09,600418,SELL,7.53965461818,5400
2007-05-09,000927,SELL,10.749916872450001,4200
2007-05-09,000810,SELL,5.7809052081,6100
2007-05-09,000636,SELL,9.874416099600001,5100
2007-05-09,600056,SELL,3.05553765375,9600
2007-05-09,600880,SELL,4.52158492896,5400
2007-05-09,600859,SELL,20.02647266082,1700
2007-05-09,600406,SELL,1.55473299072,13300
2007-05-09,600540,SELL,4.95014036454,6600
2007-05-09,000997,SELL,5.278673432610001,5200
2007-05-09,600299,SELL,24.6689639424,1500
2007-05-09,600305,SELL,2.731724541,12400
2007-05-09,600361,SELL,13.64369692572,1500
2007-05-09,600216,SELL,3.30798397473,8800
2007-05-09,600754,SELL,14.74974265284,2100
2007-05-09,000629,SELL,5.43796962696,7800
2007-05-09,600227,SELL,4.75496028,6300
2007-05-09,000926,SELL,8.13579198408,4900
2007-05-09,000155,SELL,11.443884819840001,1000
2007-05-09,600328,SELL,6.858728156250001,5800
2007-05-09,000755,SELL,17.87272590348,2800
2007-05-09,600378,SELL,9.96167829006,4200
2007-05-09,600155,SELL,4.45380798375,6500
2007-05-09,000938,SELL,5.37876301284,900
2007-05-09,600159,SELL,4.878051065999999,4400
2007-05-09,600351,SELL,2.0146653379800004,16600
2007-05-09,600360,SELL,7.0178271080400005,3700
2007-05-09,600010,SELL,2.6389934848800003,19900
2007-05-09,600071,SELL,11.38067835957,3300
2007-05-09,002022,SELL,6.578888875650001,4500
2007-05-09,600410,SELL,8.63938554642,3000
2007-05-09,600489,SELL,4.5653308992,9500
2007-05-09,600037,SELL,17.56651558032,1700
2007-05-09,600150,SELL,40.519727172539994,1500
2007-05-09,600331,SELL,18.648941351039998,1700
2007-05-09,600822,SELL,10.72941987996,2600
2007-05-09,000786,SELL,4.36929321312,9600
2007-05-09,600732,SELL,4.406808879900001,9000
2007-05-09,000572,SELL,12.49213907628,5100
2007-05-09,600588,SELL,2.97062814825,10000
2007-05-09,000592,SELL,0.26162787024,58700
2007-05-09,600675,SELL,5.795282476440001,8500
2007-05-09,600995,SELL,5.12348752386,3000
2007-05-09,600519,SELL,47.966509476,500
2007-05-09,600809,SELL,8.62378559199,3100
2007-05-09,600160,SELL,2.7197106069599997,13200
2007-05-09,600383,SELL,3.25901772,11100
2007-05-09,600694,SELL,20.90470437,700
2007-05-09,000897,SELL,9.20158664256,4000
2007-05-09,000060,SELL,5.517269208,6200
2007-05-09,002025,SELL,9.56394134514,2200
2007-05-09,600475,SELL,6.97722952626,3900
2007-05-09,000802,SELL,8.347217427,4800
2007-05-09,000759,SELL,6.781500711,4900
2007-05-09,600628,SELL,13.655332848150001,2200
2007-05-09,000869,SELL,29.9093055552,500
2007-05-09,600332,SELL,11.588134905359999,2500
2007-05-09,000546,SELL,8.39349162648,3400
2007-05-09,600078,SELL,9.94682368953,2400
2007-05-09,000410,SELL,21.73309986528,1900
2007-05-09,600416,SELL,11.02793754348,3700
2007-05-09,600616,SELL,16.425692924939998,2100
2007-05-09,600436,SELL,7.7341164416999995,4700
2007-05-09,000932,SELL,5.40003649806,8000
2007-05-09,000538,SELL,8.480835675,1400
2007-05-09,000880,SELL,6.75731695896,9000
2007-05-09,000049,SELL,3.9744946269,2000
2007-05-09,000987,SELL,4.362581801249999,7300
2007-05-09,600497,SELL,7.77801278142,7400
2007-05-09,600456,SELL,32.1393316968,800
2007-05-09,600963,SELL,7.95220980003,6200
2007-05-09,600533,SELL,6.597982413,5300
2007-05-09,000989,SELL,6.61413906018,6000
2007-05-09,600962,SELL,14.4890140824,3400
2007-05-09,600446,SELL,2.7843659668800003,10400
2007-05-09,000601,SELL,5.557481435520001,6500
2007-05-09,600391,SELL,11.687181399719998,1700
2007-05-09,002008,SELL,7.20286160832,4000
2007-05-09,600655,SELL,7.23585968721,7200
2007-05-09,000159,SELL,4.6820604528,8500
2007-05-09,600966,SELL,3.13560544581,10100
2007-05-09,000801,BUY,2.6130160356299994,8900
2007-05-09,000402,BUY,6.103591734239999,3800
2007-05-09,600990,BUY,6.623396079299999,3500
2007-05-09,000762,BUY,11.193069888,2000
2007-05-09,000813,BUY,6.77396658939,3400
2007-05-09,000552,BUY,1.8122304199999997,12800
2007-05-09,002048,BUY,5.96666403333,3800
2007-05-09,600118,BUY,7.237016486699999,3200
2007-05-09,000628,BUY,12.734958436199998,1800
2007-05-09,600961,BUY,19.008562132559998,1200
2007-05-09,600803,BUY,5.839762898969999,3900
2007-05-09,600358,BUY,10.617654046999998,2100
2007-05-09,600775,BUY,10.749361622999999,2100
2007-05-09,600685,BUY,23.870454597989998,900
2007-05-09,600354,BUY,4.99985094609,4600
2007-05-09,600030,BUY,12.178491425099999,1900
2007-05-09,600111,BUY,2.6332444137999995,8800
2007-05-09,000908,BUY,14.135883281519998,1600
2007-05-09,600805,BUY,4.66673935728,4900
2007-05-09,000737,BUY,7.355033485799999,3100
2007-05-09,600186,BUY,7.064036629649999,3200
2007-05-09,000697,BUY,9.250817976399999,2500
2007-05-09,600872,BUY,7.613161365809999,3000
2007-05-09,000301,BUY,6.832026801599999,3400
2007-05-09,600088,BUY,14.116461439079998,1600
2007-05-09,600641,BUY,5.0563480968,4600
2007-05-09,000962,BUY,14.93936519075,1500
2007-05-09,000729,BUY,6.3778422707999995,3600
2007-05-09,600312,BUY,7.985157179999999,2900
2007-05-09,600843,BUY,11.013898415519998,2100
2007-05-09,000727,BUY,4.79479,4800
2007-05-09,600141,BUY,4.392513124999999,5200
2007-05-09,000533,BUY,9.558033585099999,2400
2007-05-09,600178,BUY,10.453125472789997,2200
2007-05-09,600236,BUY,4.6007401439999995,5000
2007-05-09,000833,BUY,7.832235200789999,2900
2007-05-09,000069,BUY,5.320246131199999,4300
2007-05-09,000401,BUY,10.420382372399997,2200
2007-05-09,000886,BUY,6.6918681829999995,3400
2007-05-09,600600,BUY,15.078234771599998,1500
2007-05-09,600478,BUY,1.9536236019299997,11900
2007-05-09,000683,BUY,3.1189350191999994,7400
2007-05-09,600763,BUY,4.7874568341599995,4800
2007-05-09,600438,BUY,5.4525927456,4200
2007-05-09,600316,BUY,13.457938013519998,1700
2007-05-09,600199,BUY,4.453787087749999,5200
2007-05-09,600184,BUY,10.899930841799998,2100
2007-05-09,000595,BUY,6.171164999999999,3700
2007-05-09,600710,BUY,4.984062133049999,4600
2007-05-09,600038,BUY,19.450674543299996,1100
2007-05-09,600663,BUY,9.409372972999998,2400
2007-05-09,000831,BUY,7.795392885279999,2900
2007-05-09,600638,BUY,14.543759330099999,1500
2007-05-09,000554,BUY,9.383767993599998,2400
2007-05-09,600698,BUY,9.25925,2500
2007-05-09,600623,BUY,12.0047015088,1900
2007-05-09,000993,BUY,7.826758939999999,2900
2007-05-09,600827,BUY,11.427591935759999,2000
2007-05-09,000788,BUY,4.326503821639999,5300
2007-05-09,600855,BUY,15.121449292949999,1500
2007-05-09,600821,BUY,10.579525806849999,2100
2007-05-09,600132,BUY,21.30648645125,1000
2007-05-09,000514,BUY,7.371897933399999,3100
2007-05-09,600789,BUY,5.235267557519999,4400
2007-05-09,000036,BUY,5.5942141255,4100
2007-05-09,600343,BUY,7.924593236559999,2900
2007-05-09,000598,BUY,1.9913723829999996,11600
2007-05-09,000028,BUY,8.06145285946,2800
2007-05-09,600563,BUY,11.811753053099999,1900
2007-05-09,000612,BUY,9.627537919999998,2400
2007-05-09,000952,BUY,12.464410518559998,1800
2007-05-09,600976,BUY,8.470696234,2700
2007-05-09,000882,BUY,8.847121803519999,2600
2007-05-09,600330,BUY,7.730865842699999,3000
2007-08-01,600990,SELL,5.23984175316,3500
2007-08-01,000813,SELL,4.95040162302,3400
2007-08-01,000628,SELL,7.21666654956,1800
2007-08-01,600803,SELL,5.27205770496,3900
2007-08-01,000792,SELL,23.57693178768,700
2007-08-01,600362,SELL,21.4585387812,1400
2007-08-01,600111,SELL,3.41493219945,8800
2007-08-01,000962,SELL,12.35659377726,1500
2007-08-01,600641,SELL,9.351341657639999,4600
2007-08-01,600843,SELL,10.368239142239998,2100
2007-08-01,000533,SELL,8.95556363184,2400
2007-08-01,600141,SELL,6.53615094636,5200
2007-08-01,000833,SELL,6.44110381863,2900
2007-08-01,600178,SELL,9.63499529007,2200
2007-08-01,000886,SELL,5.1904030014,3400
2007-08-01,000401,SELL,11.14693833357,2200
2007-08-01,600478,SELL,2.03349202245,11900
2007-08-01,000683,SELL,3.292282422,7400
2007-08-01,600438,SELL,5.32961810694,4200
2007-08-01,600316,SELL,14.90708333466,1700
2007-08-01,600199,SELL,4.9107697645499995,5200
2007-08-01,600184,SELL,8.45427784941,2100
2007-08-01,000807,SELL,10.12757197032,2600
2007-08-01,600638,SELL,13.03529423742,1500
2007-08-01,000788,SELL,3.0675140553599998,5300
2007-08-01,600821,SELL,7.33093307865,2100
2007-08-01,600343,SELL,6.09993325071,2900
2007-08-01,000612,SELL,16.00755174468,2400
2007-08-01,600590,BUY,7.269066604799999,3500
2007-08-01,000928,BUY,3.5098390827499997,7400
2007-08-01,600815,BUY,9.7796385687,2600
2007-08-01,600868,BUY,5.708668965999999,4500
2007-08-01,600133,BUY,7.288721359919999,3500
2007-08-01,000599,BUY,6.446152112399999,4000
2007-08-01,000589,BUY,3.5057464041599995,7400
2007-08-01,000428,BUY,9.541642109999998,2700
2007-08-01,000546,BUY,9.93605697084,2600
2007-08-01,600509,BUY,9.432098675999999,2700
2007-08-01,000565,BUY,7.098995423519999,3600
2007-08-01,600416,BUY,14.999796371559999,1700
2007-08-01,600192,BUY,12.367747311919999,2100
2007-08-01,000860,BUY,11.316192817929998,2200
2007-08-01,000055,BUY,2.4980183127899998,10400
2007-08-01,000915,BUY,4.49046281684,5700
2007-08-01,600135,BUY,13.393852191719997,1900
2007-08-01,000966,BUY,4.703952052799999,5500
2007-08-01,600702,BUY,14.033900230349998,1800
2007-08-01,000768,BUY,12.556795731479998,2000
2007-08-01,600621,BUY,8.951099407249998,2900
2007-08-01,600366,BUY,4.4950942736699995,5700
2007-08-01,600322,BUY,11.928542185559998,2100
2007-08-01,600391,BUY,15.166863752039998,1700
2007-08-01,000881,BUY,11.583331759999998,2200
2007-08-01,600059,BUY,10.078277048839999,2500
2007-08-01,000791,BUY,4.467503160119999,5800
2007-08-01,000767,BUY,11.703560518649999,2200
2007-11-01,600590,SELL,4.613680581120001,3500
2007-11-01,000928,SELL,3.35464574625,7400
2007-11-01,000801,SELL,1.89400845564,8900
2007-11-01,600330,SELL,6.225046722,3000
2007-11-01,600320,SELL,14.74723074726,3300
2007-11-01,600815,SELL,9.92148629229,2600
2007-11-01,000402,SELL,11.0847863178,3800
2007-11-01,600133,SELL,4.36733101728,3500
2007-11-01,000762,SELL,14.9990001858,2000
2007-11-01,000599,SELL,6.19933549896,4000
2007-11-01,000589,SELL,3.3567973425,7400
2007-11-01,000428,SELL,8.535236919299999,2700
2007-11-01,000552,SELL,2.4868381724999997,12800
2007-11-01,600509,SELL,13.29360552756,2700
2007-11-01,600961,SELL,30.041796171959998,1200
2007-11-01,600358,SELL,7.130500362,2100
2007-11-01,600775,SELL,6.693387412500001,2100
2007-11-01,000565,SELL,6.8880112938,3600
2007-11-01,600416,SELL,11.73069164592,1700
2007-11-01,600354,SELL,2.9330758481399997,4600
2007-11-01,600192,SELL,10.880279868959999,2100
2007-11-01,000860,SELL,10.6424341128,2200
2007-11-01,000908,SELL,19.36185883992,1600
2007-11-01,600805,SELL,3.57296803542,4900
2007-11-01,000737,SELL,11.131494862499999,3100
2007-11-01,000697,SELL,5.39808964686,2500
2007-11-01,600872,SELL,5.12327967192,3000
2007-11-01,000301,SELL,7.73612074539,3400
2007-11-01,000915,SELL,5.060099914919999,5700
2007-11-01,600088,SELL,13.66333633665,1600
2007-11-01,600135,SELL,12.69198562968,1900
2007-11-01,000729,SELL,6.2505360971099995,3600
2007-11-01,000966,SELL,3.39199276185,5500
2007-11-01,000727,SELL,3.6363600000000003,4800
2007-11-01,000069,SELL,9.24705096273,4300
2007-11-01,600236,SELL,4.06977390225,5000
2007-11-01,600600,SELL,27.9370105245,1500
2007-11-01,600550,SELL,28.7050993668,3100
2007-11-01,000595,SELL,3.97602,3700
2007-11-01,600702,SELL,12.92297924484,1800
2007-11-01,600710,SELL,4.39418473668,4600
2007-11-01,600663,SELL,8.48923818408,2400
2007-11-01,600621,SELL,7.688224030050001,2900
2007-11-01,000831,SELL,21.96137664,2900
2007-11-01,600366,SELL,3.37402382877,5700
2007-11-01,600698,SELL,9.04095,2500
2007-11-01,600623,SELL,7.4081020824,1900
2007-11-01,000993,SELL,7.418226348,2900
2007-11-01,600827,SELL,11.424329095140001,2000
2007-11-01,600391,SELL,13.6314741807,1700
2007-11-01,000881,SELL,9.5607297,2200
2007-11-01,600132,SELL,16.8831622377,1000
2007-11-01,000514,SELL,9.76793121108,3100
2007-11-01,600789,SELL,4.32545537484,4400
2007-11-01,600059,SELL,7.76593243386,2500
2007-11-01,000029,SELL,7.1929375623,3600
2007-11-01,000598,SELL,2.42766262728,11600
2007-11-01,600976,SELL,6.04060418916,2700
2007-11-01,600563,SELL,12.54412629702,1900
2007-11-01,000952,SELL,24.153912429480002,1800
2007-11-01,600855,SELL,9.72728027271,1500
2007-11-01,000882,SELL,5.88211621578,2600
2007-11-01,000767,SELL,11.651478558300001,2200
2007-11-01,600495,BUY,4.333280952,5000
2007-11-01,600867,BUY,1.6316791691199999,13400
2007-11-01,000716,BUY,3.2053765744,6800
2007-11-01,000006,BUY,5.1137397311,4200
2007-11-01,000568,BUY,25.117772679999998,800
2007-11-01,600198,BUY,17.017,1200
2007-11-01,000856,BUY,7.690480117319999,2800
2007-11-01,000887,BUY,4.6388000659,4700
2007-11-01,600750,BUY,4.48822678304,4800
2007-11-01,600761,BUY,10.534486762799999,2000
2007-11-01,000623,BUY,34.71143419744,600
2007-11-01,000009,BUY,6.23143539018,3500
2007-11-01,000898,BUY,17.673783707579997,1200
2007-11-01,600503,BUY,4.392848560099999,4900
2007-11-01,000593,BUY,6.367846484999999,3400
2007-11-01,000712,BUY,9.5403373065,2200
2007-11-01,600161,BUY,7.48976172945,2900
2007-11-01,600362,BUY,49.02774646769999,400
2007-11-01,000703,BUY,2.6935129921699996,8100
2007-11-01,000960,BUY,51.89885360659999,400
2007-11-01,000603,BUY,5.7378598276999995,3800
2007-11-01,600507,BUY,1.3151263125,16600
2007-11-01,600859,BUY,24.07965361802,900
2007-11-01,600039,BUY,1.04915312502,20800
2007-11-01,600522,BUY,2.0998820442599997,10400
2007-11-01,600895,BUY,17.3708126592,1200
2007-11-01,600072,BUY,32.433322721799996,600
2007-11-01,000635,BUY,20.783228886419998,1000
2007-11-01,600582,BUY,5.0131292811599995,4300
2007-11-01,000652,BUY,15.203440972719998,1400
2007-11-01,600382,BUY,4.107225522399999,5300
2007-11-01,600036,BUY,16.5888465743,1300
2007-11-01,600826,BUY,6.078904281449999,3600
2007-11-01,000567,BUY,2.3575650898799996,9200
2007-11-01,600375,BUY,7.35632500603,2900
2007-11-01,600875,BUY,30.262428596399996,700
2007-11-01,600641,BUY,9.303608714399997,2300
2007-11-01,600283,BUY,7.431705881599998,2900
2007-11-01,600195,BUY,10.478216048299998,2000
2007-11-01,600219,BUY,7.969888726799999,2700
2007-11-01,600273,BUY,5.210450645399999,4200
2007-11-01,000070,BUY,4.1339012715,5200
2007-11-01,600031,BUY,6.7560852559199995,3200
2007-11-01,000917,BUY,9.051521939459999,2400
2007-11-01,600497,BUY,11.5182201134,1900
2007-11-01,600560,BUY,5.1307058803,4200
2007-11-01,600481,BUY,3.5910300426,6000
2007-11-01,600415,BUY,1.9802909926799996,11000
2007-11-01,600776,BUY,5.620738273149999,3800
2007-11-01,600809,BUY,9.04793161272,2400
2007-11-01,002022,BUY,11.153145603599999,1900
2007-11-01,600208,BUY,5.438936903399999,4000
2007-11-01,600016,BUY,3.7726203414899993,5800
2007-11-01,600143,BUY,7.573607291249999,2800
2007-11-01,000825,BUY,13.452158399679998,1600
2007-11-01,600863,BUY,2.1360292953999998,10200
2007-11-01,002029,BUY,6.1726731066,3500
2007-11-01,000505,BUY,15.122629822299997,1400
2007-11-01,600738,BUY,6.10578440472,3500
2007-11-01,000524,BUY,7.961703399649999,2700
2007-11-01,000001,BUY,8.48851558555,2500
2007-11-01,000897,BUY,9.75875132232,2200
2007-11-01,000518,BUY,4.9049,4400
2007-11-01,600258,BUY,20.9350907766,1000
2007-11-01,000829,BUY,13.548685149999999,1600
2007-11-01,000061,BUY,8.028928667759999,2700
2007-11-01,000973,BUY,3.6920533649999996,5900
2007-11-01,000980,BUY,8.4106753731,2600
2007-11-01,000665,BUY,4.89873952568,4400
2007-11-01,600645,BUY,6.856849999999999,3100
2007-11-01,600801,BUY,4.6251701496,4700
2007-11-01,600292,BUY,7.158815443779999,3000
2007-11-01,600150,BUY,113.22262701749999,100
2007-11-01,000869,BUY,41.9344926,500
2008-02-01,600560,SELL,5.33414298753,4200
2008-02-01,600481,SELL,3.18691821168,6000
2008-02-01,600198,SELL,14.71527,1200
2008-02-01,600522,SELL,2.39012176572,10400
2008-02-01,600895,SELL,13.4336057472,1200
2008-02-01,600750,SELL,4.299289057349999,4800
2008-02-01,600036,SELL,12.05240568984,1300
2008-02-01,600283,SELL,7.57330665246,2900
2008-02-01,000980,SELL,8.22697514964,2600
2008-02-01,000635,SELL,19.69640569818,1000
2008-02-01,600312,SELL,8.75416929777,2900
2008-02-01,002029,SELL,6.64615553166,3500
2008-02-01,000690,BUY,6.11094147664,4800
2008-02-01,002080,BUY,5.156317165999999,5800
2008-02-01,000563,BUY,3.7607219649999997,7900
2008-02-01,600325,BUY,7.038966975039999,4200
2008-02-01,000718,BUY,5.079486411999999,5800
2008-02-01,600516,BUY,2.6193713145599995,11400
2008-02-01,600711,BUY,3.8813321546999995,7700
2008-02-01,600449,BUY,6.61279745126,4500
2008-02-01,600693,BUY,5.346686344999999,5500
2008-02-01,000926,BUY,8.18552667933,3600
2008-02-01,600879,BUY,7.427150650919999,4000
2008-05-06,600495,SELL,2.95876293534,5000
2008-05-06,600867,SELL,1.90865214729,13400
2008-05-06,000716,SELL,2.6814914244000003,6800
2008-05-06,000006,SELL,3.80496940182,4200
2008-05-06,000568,SELL,22.818877281000002,800
2008-05-06,000856,SELL,6.54174268902,2800
2008-05-06,002080,SELL,4.164089742,5800
2008-05-06,600868,SELL,4.2533015409,4500
2008-05-06,600801,SELL,3.60000311328,4700
2008-05-06,000887,SELL,4.50899954694,4700
2008-05-06,600761,SELL,6.15829921632,2000
2008-05-06,000009,SELL,5.83997736681,3500
2008-05-06,000546,SELL,6.73150600575,2600
2008-05-06,000898,SELL,12.58760871108,1200
2008-05-06,002048,SELL,8.24869908396,3800
2008-05-06,600118,SELL,6.56757161424,3200
2008-05-06,600503,SELL,9.00253918926,4900
2008-05-06,000593,SELL,6.032478782699999,3400
2008-05-06,600362,SELL,25.08056730702,400
2008-05-06,600161,SELL,4.14151306128,2900
2008-05-06,000703,SELL,1.50825229794,8100
2008-05-06,000960,SELL,26.5679480574,400
2008-05-06,000603,SELL,6.74927844552,3800
2008-05-06,600859,SELL,24.80913366237,900
2008-05-06,000055,SELL,2.547154296,10400
2008-05-06,600039,SELL,0.9105951733200001,20800
2008-05-06,600516,SELL,2.9727142300800002,11400
2008-05-06,600186,SELL,5.73209398818,3200
2008-05-06,000567,SELL,1.64781099954,9200
2008-05-06,000652,SELL,10.75190276457,1400
2008-05-06,600382,SELL,4.20543612423,5300
2008-05-06,600826,SELL,5.35804247412,3600
2008-05-06,600375,SELL,5.82496857063,2900
2008-05-06,600693,SELL,5.56105269069,5500
2008-05-06,600875,SELL,17.755167559500002,700
2008-05-06,600641,SELL,5.5419387138,2300
2008-05-06,600273,SELL,3.9532835392199996,4200
2008-05-06,600195,SELL,6.33227509629,2000
2008-05-06,000070,SELL,3.05978340375,5200
2008-05-06,600497,SELL,6.89503794012,1900
2008-05-06,600031,SELL,4.36786592184,3200
2008-05-06,000917,SELL,8.37342673146,2400
2008-05-06,000690,SELL,5.4339548757300005,4800
2008-05-06,600415,SELL,2.5114937922,11000
2008-05-06,600776,SELL,5.1956196795,3800
2008-05-06,600763,SELL,3.03225718752,4800
2008-05-06,600809,SELL,5.1432177139199995,2400
2008-05-06,002022,SELL,12.903708374999999,1900
2008-05-06,600711,SELL,2.94981418305,7700
2008-05-06,600016,SELL,2.4730559685,5800
2008-05-06,600143,SELL,5.40402983073,2800
2008-05-06,600038,SELL,16.18247373759,1100
2008-05-06,000768,SELL,9.87689776545,2000
2008-05-06,000554,SELL,8.305774331579999,2400
2008-05-06,600863,SELL,1.39258266336,10200
2008-05-06,000505,SELL,18.78189035895,1400
2008-05-06,600738,SELL,5.15822661,3500
2008-05-06,000001,SELL,5.16277560645,2500
2008-05-06,000524,SELL,5.452120921500001,2700
2008-05-06,000897,SELL,8.29640097432,2200
2008-05-06,600322,SELL,7.07183397711,2100
2008-05-06,000518,SELL,5.04495,4400
2008-05-06,600325,SELL,6.17885400096,4200
2008-05-06,600258,SELL,18.63657413064,1000
2008-05-06,000829,SELL,8.77394902824,1600
2008-05-06,000036,SELL,2.5530197746499996,4100
2008-05-06,000791,SELL,3.77922922776,5800
2008-05-06,000973,SELL,2.9537817615,5900
2008-05-06,000028,SELL,10.4599374921,2800
2008-05-06,000926,SELL,5.51461924062,3600
2008-05-06,000665,SELL,4.9026081243599995,4400
2008-05-06,600645,SELL,6.44355,3100
2008-05-06,600879,SELL,5.842411500240001,4000
2008-05-06,600292,SELL,4.91974753779,3000
2008-05-06,000869,SELL,44.5570531452,500
2008-05-06,000656,BUY,2.4370469323199995,2700
2008-05-06,600166,BUY,2.3646927404099998,2800
2008-05-06,600570,BUY,2.4474291841999998,2700
2008-05-06,600126,BUY,4.955808958099999,1300
2008-05-06,000655,BUY,18.577561001999996,300
2008-05-06,000157,BUY,3.2436345341399995,2000
2008-05-06,000762,BUY,9.709973873599997,600
2008-05-06,000534,BUY,7.263582746419999,900
2008-05-06,600770,BUY,8.48996357209,700
2008-05-06,000755,BUY,15.872290874439997,400
2008-05-06,600794,BUY,1.10459770421,6000
2008-05-06,600739,BUY,21.97919357634,300
2008-05-06,600569,BUY,6.87628305364,900
2008-05-06,002011,BUY,6.835355326799999,900
2008-05-06,600109,BUY,10.895302918499999,600
2008-05-06,000548,BUY,7.447153393679999,900
2008-05-06,002063,BUY,0.9491603120999998,7000
2008-05-06,600688,BUY,4.0276062827,1600
2008-05-06,000565,BUY,13.272694434999998,500
2008-05-06,600498,BUY,5.193829020379999,1200
2008-05-06,002064,BUY,3.3317699214799994,2000
2008-05-06,600249,BUY,16.547834623319996,400
2008-05-06,600284,BUY,5.238633399999999,1200
2008-05-06,600742,BUY,2.18705646159,3000
2008-05-06,000686,BUY,11.778413526879998,500
2008-05-06,600282,BUY,4.562363005199999,1400
2008-05-06,600595,BUY,8.632027404,700
2008-05-06,000932,BUY,4.644970309979999,1400
2008-05-06,000650,BUY,2.3516936342899997,2800
2008-05-06,000543,BUY,4.1141626125599995,1600
2008-05-06,000949,BUY,5.159529825449999,1300
2008-05-06,000572,BUY,9.81758291514,600
2008-05-06,600523,BUY,8.6057714743,700
2008-05-06,000737,BUY,8.874529413749999,700
2008-05-06,000301,BUY,6.659599596649999,1000
2008-05-06,000885,BUY,6.028586133569999,1100
2008-05-06,000980,BUY,6.22685089026,1000
2008-05-06,000592,BUY,2.40177173236,2700
2008-05-06,600758,BUY,7.869220358999999,800
2008-05-06,002052,BUY,5.7392681646299994,1100
2008-05-06,600206,BUY,5.150191146099999,1300
2008-05-06,000533,BUY,5.51364251438,1200
2008-05-06,600022,BUY,5.7548192702,1100
2008-05-06,600528,BUY,7.358806755299999,900
2008-05-06,600784,BUY,3.2703809538399997,2000
2008-05-06,600517,BUY,7.859578686959999,800
2008-05-06,000021,BUY,6.146705975409999,1000
2008-05-06,000795,BUY,2.7417769979599997,2400
2008-05-06,000595,BUY,3.35335,2000
2008-05-06,000600,BUY,6.349369526499999,1000
2008-05-06,600663,BUY,6.044758549829999,1100
2008-05-06,000408,BUY,3.9264433208,1700
2008-05-06,600638,BUY,10.58753881185,600
2008-05-06,000060,BUY,5.904098199999999,1100
2008-05-06,600177,BUY,3.3529546049999994,2000
2008-05-06,000059,BUY,7.888984443339999,800
2008-05-06,000933,BUY,9.881791919999998,600
2008-05-06,600233,BUY,3.6110414339999997,1800
2008-05-06,000514,BUY,6.236280990939999,1000
2008-05-06,002019,BUY,7.912758213359999,800
2008-05-06,000571,BUY,7.2812925185,900
2008-05-06,600864,BUY,10.4308856652,600
2008-05-06,000728,BUY,11.936161036799998,500
2008-05-06,000573,BUY,3.7971936502499997,1700
2008-05-06,002051,BUY,3.2837744939999998,2000
2008-05-06,600231,BUY,4.576504332399999,1400
2008-05-06,000547,BUY,3.60020661,1800
2008-05-06,600807,BUY,3.0784887733599997,2100
2008-05-06,600765,BUY,6.420960696149999,1000
2008-05-06,000612,BUY,14.817707904999999,400
2008-05-06,000789,BUY,3.01205380476,2200
2008-05-06,600467,BUY,6.707820879759999,900
2008-05-06,000967,BUY,1.9534059444899998,3400
2008-08-01,000933,SELL,7.89631625952,600
2008-08-01,000686,SELL,8.03436291468,500
2008-08-01,000595,SELL,5.3346599999999995,2000
2008-08-01,000755,SELL,9.74314032678,400
2008-08-01,002063,SELL,0.8132883974999999,7000
2008-08-01,002052,SELL,5.17638225618,1100
2008-08-01,600089,BUY,4.5448657254,12800
2008-08-01,000680,BUY,6.734913365179999,8600
2008-08-01,600519,BUY,83.94793124718,600
2008-08-01,000887,BUY,3.7000606442799997,15800
2008-08-01,002022,BUY,12.526139926299999,4600
2008-08-01,600309,BUY,7.765652294399999,7500
2008-08-01,600801,BUY,2.54147229336,23000
2008-11-03,000656,SELL,0.71421091416,2700
2008-11-03,600166,SELL,0.7081905006,2800
2008-11-03,600089,SELL,4.1377731649200005,12800
2008-11-03,600126,SELL,1.9883336160599998,1300
2008-11-03,000680,SELL,3.3994259911799998,8600
2008-11-03,000718,SELL,1.72053358416,5800
2008-11-03,600770,SELL,2.23112121543,700
2008-11-03,600794,SELL,0.53982649314,6000
2008-11-03,600569,SELL,2.25132839802,900
2008-11-03,000548,SELL,2.55762905076,900
2008-11-03,000565,SELL,2.1321341316,500
2008-11-03,600498,SELL,2.88465962283,1200
2008-11-03,000712,SELL,2.3540038398000003,2200
2008-11-03,002064,SELL,0.93647724534,2000
2008-11-03,600284,SELL,2.00116930752,1200
2008-11-03,600742,SELL,0.99213032655,3000
2008-11-03,000737,SELL,3.136177683,700
2008-11-03,600282,SELL,1.2676782528,1400
2008-11-03,600595,SELL,2.37863664234,700
2008-11-03,000932,SELL,1.74922688214,1400
2008-11-03,000650,SELL,1.09065164661,2800
2008-11-03,000543,SELL,1.47832166853,1600
2008-11-03,600523,SELL,2.99098699902,700
2008-11-03,600582,SELL,1.9693820865599998,4300
2008-11-03,000572,SELL,2.51282380086,600
2008-11-03,000301,SELL,2.32001059707,1000
2008-11-03,000885,SELL,1.9642101836399999,1100
2008-11-03,600758,SELL,2.7344450877299997,800
2008-11-03,600206,SELL,2.5503451419600003,1300
2008-11-03,000533,SELL,1.6634013435900001,1200
2008-11-03,600022,SELL,1.7327972282400002,1100
2008-11-03,600784,SELL,1.26208237428,2000
2008-11-03,600517,SELL,3.48807595248,800
2008-11-03,000021,SELL,2.10975019794,1000
2008-11-03,000795,SELL,1.17405213264,2400
2008-11-03,600309,SELL,3.48756142752,7500
2008-11-03,002022,SELL,9.084210696,4600
2008-11-03,600208,SELL,1.73760901164,4000
2008-11-03,600663,SELL,3.5285705373600003,1100
2008-11-03,600638,SELL,5.108795800289999,600
2008-11-03,000060,SELL,1.7231319931500002,1100
2008-11-03,600177,SELL,1.3831946207999999,2000
2008-11-03,000059,SELL,3.70311805512,800
2008-11-03,600233,SELL,1.3731638616000001,1800
2008-11-03,000514,SELL,3.07646727318,1000
2008-11-03,000573,SELL,1.40989674195,1700
2008-11-03,002051,SELL,1.42544806506,2000
2008-11-03,600231,SELL,1.33950319596,1400
2008-11-03,000547,SELL,1.234431333,1800
2008-11-03,600807,SELL,1.0343282364,2100
2008-11-03,000980,SELL,3.0433917617999997,1000
2008-11-03,600801,SELL,1.38541365954,23000
2008-11-03,000967,SELL,0.8028589374,3400
2008-11-03,600815,BUY,3.1601418048199994,2300
2008-11-03,000532,BUY,3.2674097055599995,2200
2008-11-03,600459,BUY,1.9435287871999998,3700
2008-11-03,600825,BUY,5.380120816069999,1300
2008-11-03,000923,BUY,2.3049485659199997,3100
2008-11-03,601666,BUY,3.0127844947199995,2400
2008-11-03,600378,BUY,3.16958968326,2200
2008-11-03,600509,BUY,3.07479036865,2300
2008-11-03,600503,BUY,2.0998816838999996,3400
2008-11-03,600586,BUY,1.9498322843999998,3700
2008-11-03,600629,BUY,2.13871313656,3400
2008-11-03,600111,BUY,1.2878051186,5600
2008-11-03,600408,BUY,2.94107557744,2400
2008-11-03,600104,BUY,2.0628806197999996,3500
2008-11-03,000686,BUY,4.29450469448,1600
2008-11-03,600516,BUY,1.1027188972799997,6600
2008-11-03,000965,BUY,2.18889136466,3300
2008-11-03,000537,BUY,2.0826153348,3400
2008-11-03,000880,BUY,2.2071627477899995,3300
2008-11-03,000513,BUY,2.6667317777099995,2700
2008-11-03,600036,BUY,4.206156694739999,1700
2008-11-03,600029,BUY,2.5007345062699997,2900
2008-11-03,600848,BUY,2.34047699886,3100
2008-11-03,600850,BUY,1.32773159519,5400
2008-11-03,600031,BUY,1.8047617087499996,4000
2008-11-03,000917,BUY,3.7760026304,1900
2008-11-03,000777,BUY,3.1912648767999996,2200
2008-11-03,600027,BUY,1.8283602537199999,3900
2008-11-03,600609,BUY,1.9510593502399998,3700
2008-11-03,600478,BUY,1.8572679124999998,3900
2008-11-03,600246,BUY,2.4433158549799994,2900
2008-11-03,600802,BUY,2.3471568119999997,3100
2008-11-03,000807,BUY,2.6441831816399994,2700
2008-11-03,600702,BUY,4.295359878809999,1600
2008-11-03,000758,BUY,1.5295258378399998,4700
2008-11-03,600202,BUY,5.280171656759999,1300
2008-11-03,600162,BUY,1.1009076078,6600
2008-11-03,000831,BUY,3.0228553354999996,2400
2008-11-03,601318,BUY,7.152524739359999,1000
2008-11-03,600643,BUY,3.27072019274,2200
2008-11-03,000507,BUY,1.3096001718799999,5500
2008-11-03,600547,BUY,3.7699504242399993,1900
2008-11-03,600397,BUY,1.2177203638599998,5900
2008-11-03,600610,BUY,1.3685613941999997,5300
2008-11-03,000420,BUY,1.001,7200
2008-11-03,000933,BUY,2.68588848528,2700
2008-11-03,000027,BUY,2.5891946079999997,2800
2008-11-03,600000,BUY,1.8291753479999997,3900
2008-11-03,600380,BUY,1.4728570856999998,4900
2008-11-03,000425,BUY,1.5793061283999998,4600
2008-11-03,600489,BUY,2.5148315191999995,2800
2008-11-03,000952,BUY,4.4214567397,1600
2008-11-03,000159,BUY,3.6483869822399995,1900
2008-11-03,600559,BUY,1.0422853941499999,6900
2009-02-03,600031,SELL,3.3429451485599997,4000
2009-02-03,600435,BUY,4.55968335823,69900
2009-05-05,600739,SELL,15.4742975127,300
2009-05-05,600249,SELL,7.80312517389,400
2009-05-05,600030,SELL,10.50417216315,1900
2009-05-05,000537,SELL,4.6215041896799995,3400
2009-05-05,000949,SELL,2.9200285485,1300
2009-05-05,600036,SELL,5.94007749648,1700
2009-05-05,000917,SELL,7.2537374016000005,1900
2009-05-05,000777,SELL,9.08688563838,2200
2009-05-05,600609,SELL,3.79497730392,3700
2009-05-05,000758,SELL,4.04419499676,4700
2009-05-05,000408,SELL,5.929988875199999,1700
2009-05-05,601318,SELL,12.87588854268,1000
2009-05-05,600435,SELL,6.47534128689,69900
2009-05-05,600864,SELL,6.56015431896,600
2009-05-05,000789,SELL,2.82461004252,2200
2009-05-05,600467,SELL,3.2435448883199998,900
2009-05-05,601666,SELL,7.1277388862399995,2400
2009-05-05,600378,SELL,6.58458824058,2200
2009-05-05,600586,SELL,6.899229464399999,3700
2009-05-05,600848,SELL,7.21711801764,3100
2009-05-05,000807,SELL,5.0696426826,2700
2009-05-05,600202,SELL,15.2989021836,1300
2009-05-05,000600,SELL,4.9873410666,1000
2009-05-05,600643,SELL,7.33466335464,2200
2009-05-05,000507,SELL,2.87268747696,5500
2009-05-05,600397,SELL,2.9234884651199997,5900
2009-05-05,000933,SELL,5.721968304,2700
2009-05-05,600489,SELL,6.419864908799999,2800
2009-05-05,600765,SELL,8.2971686259,1000
2009-05-05,600150,SELL,28.6620276816,100
2009-05-05,600559,SELL,2.19455197128,6900
2009-05-05,600815,SELL,7.140044248560001,2300
2009-05-05,000157,SELL,3.37102851708,2000
2009-05-05,600459,SELL,5.36465141856,3700
2009-05-05,000623,SELL,12.988870128,600
2009-05-05,002011,SELL,5.513203427850001,900
2009-05-05,600688,SELL,3.75939195489,1600
2009-05-05,600111,SELL,3.88471761378,5600
2009-05-05,600408,SELL,5.91006346056,2400
2009-05-05,600027,SELL,2.887194915,3900
2009-05-05,600519,SELL,62.79954271488,600
2009-05-05,600802,SELL,6.27781206384,3100
2009-05-05,600449,SELL,9.69078319632,4500
2009-05-05,600702,SELL,7.52647198401,1600
2009-05-05,000825,SELL,4.7900540511,1600
2009-05-05,600162,SELL,2.92847937921,6600
2009-05-05,600547,SELL,9.418549023,1900
2009-05-05,600610,SELL,4.3473274209,5300
2009-05-05,000420,SELL,2.102895,7200
2009-05-05,000027,SELL,3.5304192268200003,2800
2009-05-05,002019,SELL,4.22001128448,800
2009-05-05,000571,SELL,5.5097392455000005,900
2009-05-05,000425,SELL,4.004973017999999,4600
2009-05-05,000952,SELL,8.452803774960001,1600
2009-05-05,600570,SELL,2.53135724886,2700
2009-05-05,000655,SELL,11.22242108526,300
2009-05-05,000532,SELL,9.02084288724,2200
2009-05-05,600825,SELL,9.484659846,1300
2009-05-05,000887,SELL,3.37216187259,15800
2009-05-05,000534,SELL,4.95125664714,900
2009-05-05,600109,SELL,8.685375470459999,600
2009-05-05,600509,SELL,7.26910649712,2300
2009-05-05,600685,SELL,16.44990437925,900
2009-05-05,600104,SELL,5.3677764504,3500
2009-05-05,000686,SELL,9.0220799889,1600
2009-05-05,600516,SELL,2.354706936,6600
2009-05-05,600072,SELL,12.92208498,600
2009-05-05,000880,SELL,4.66497780255,3300
2009-05-05,000513,SELL,5.71691344392,2700
2009-05-05,600850,SELL,2.9990811367799997,5400
2009-05-05,600219,SELL,2.39523503733,2700
2009-05-05,600528,SELL,8.424210297059998,900
2009-05-05,600478,SELL,4.4706323925,3900
2009-05-05,600246,SELL,7.156784651400001,2900
2009-05-05,000831,SELL,6.5776472685,2400
2009-05-05,600000,SELL,3.7486122354,3900
2009-05-05,000728,SELL,6.933091968,500
2009-05-05,600380,SELL,3.4382770812,4900
2009-05-05,000061,SELL,4.7210150592,2700
2009-05-05,000612,SELL,5.7162054726000004,400
2009-05-05,600507,SELL,0.71599936392,16600
2009-05-05,600203,BUY,6.334821292799999,3700
2009-05-05,000155,BUY,8.190273591499999,2800
2009-05-05,000801,BUY,2.1432868657199995,11000
2009-05-05,000718,BUY,4.198720846319999,5600
2009-05-05,600727,BUY,5.151445499199999,4500
2009-05-05,600373,BUY,2.0657731894799998,11400
2009-05-05,000011,BUY,5.979422028579999,3900
2009-05-05,600115,BUY,4.854621571799999,4800
2009-05-05,000506,BUY,3.66619188936,6400
2009-05-05,600885,BUY,3.19396565488,7400
2009-05-05,002161,BUY,5.945475536,3900
2009-05-05,600831,BUY,5.52610842784,4200
2009-05-05,002035,BUY,1.1162564412999998,21100
2009-05-05,600893,BUY,9.339673783439999,2500
2009-05-05,600844,BUY,9.10143756522,2500
2009-05-05,002133,BUY,4.57869884472,5100
2009-05-05,600783,BUY,8.4777236544,2700
2009-05-05,000859,BUY,3.3074922780899993,7100
2009-05-05,600805,BUY,2.83736461008,8300
2009-05-05,600703,BUY,2.811703895,8400
2009-05-05,600732,BUY,3.4403998628999997,6800
2009-05-05,000799,BUY,7.408804463059999,3100
2009-05-05,000733,BUY,6.156936785999999,3800
2009-05-05,600279,BUY,4.69147053375,5000
2009-05-05,600648,BUY,11.337409683599999,2000
2009-05-05,600515,BUY,3.4292836778199995,6800
2009-05-05,000707,BUY,6.90216771244,3400
2009-05-05,000019,BUY,3.2620118030499996,7200
2009-05-05,600403,BUY,3.3222471282,7100
2009-05-05,000670,BUY,4.72472,5000
2009-05-05,000776,BUY,3.5664983854499996,6600
2009-05-05,600618,BUY,5.0604153599999995,4600
2009-05-05,600339,BUY,6.112334187959999,3800
2009-05-05,600376,BUY,5.3434204824,4400
2009-05-05,000862,BUY,10.007785788,2300
2009-05-05,600272,BUY,7.476397848919999,3100
2009-05-05,000735,BUY,4.1876620786,5600
2009-05-05,600505,BUY,5.986141761599999,3900
2009-05-05,000818,BUY,4.355456064959999,5400
2009-05-05,600763,BUY,2.9616727139999997,7900
2009-05-05,002162,BUY,3.3730438341599998,7000
2009-05-05,000972,BUY,6.966959999999999,3300
2009-05-05,600550,BUY,35.09997927436,600
2009-05-05,600988,BUY,1.5428264151299997,15300
2009-05-05,000100,BUY,1.2864185334,18300
2009-05-05,600874,BUY,4.901763386519999,4800
2009-05-05,600038,BUY,15.877703441599998,1400
2009-05-05,600653,BUY,3.4491377320399996,6800
2009-05-05,600212,BUY,4.024019999999999,5800
2009-05-05,000796,BUY,5.361582266039999,4400
2009-05-05,600268,BUY,3.0300970199499995,7800
2009-05-05,000558,BUY,2.21778228672,10600
2009-05-05,600707,BUY,5.34755783562,4400
2009-05-05,000035,BUY,2.12987042268,11100
2009-05-05,000031,BUY,6.3510278832,3700
2009-05-05,002149,BUY,8.981283901589999,2600
2009-05-05,600760,BUY,2.7783951995799994,8500
2009-05-05,600019,BUY,2.8470569127,8300
2009-05-05,600322,BUY,5.099650455899999,4600
2009-05-05,600096,BUY,18.122436171839997,1300
2009-05-05,000790,BUY,3.1233125923999996,7500
2009-05-05,000551,BUY,3.4933398199699996,6700
2009-05-05,600683,BUY,5.404596337139999,4300
2009-05-05,000672,BUY,2.9692172309799996,7900
2009-05-05,000029,BUY,3.7672595960999993,6200
2009-05-05,600425,BUY,4.4439963568,5300
2009-05-05,000931,BUY,5.6872000385199994,4100
2009-05-05,000973,BUY,4.327570747499999,5400
2009-05-05,600251,BUY,10.832037596379998,2100
2009-05-05,000969,BUY,11.362720368999998,2000
2009-05-05,600592,BUY,8.67062664468,2700
2009-05-05,002140,BUY,5.5701782136,4200
2009-08-03,000801,SELL,2.4099137439300002,11000
2009-08-03,600019,SELL,4.8444031476000005,8300
2009-08-03,000551,SELL,3.7090336535999997,6700
2009-08-03,600115,SELL,5.983768242,4800
2009-08-03,000972,SELL,10.86912,3300
2009-08-03,000506,SELL,7.3342150433999995,6400
2009-08-03,000100,SELL,1.45615421817,18300
2009-08-03,600425,SELL,4.32722640204,5300
2009-08-03,600212,SELL,5.37462,5800
2009-08-03,000558,SELL,3.50447265936,10600
2009-08-03,002149,SELL,11.72651838336,2600
2009-08-03,000518,BUY,3.9839799999999994,33600
2009-08-03,000568,BUY,19.900577917219994,6700
2009-08-03,000893,BUY,16.004814535709997,8300
2009-08-03,600379,BUY,5.809143890549999,23000
2009-08-03,600184,BUY,11.006275029749998,12100
2009-08-03,002244,BUY,6.305092493699999,21200
2009-08-03,000768,BUY,13.973778728909998,9600
2009-08-03,000792,BUY,38.70932275209999,3400
2009-08-03,600141,BUY,9.580881189879998,14000
2009-11-03,600203,SELL,6.18386696298,3700
2009-11-03,000155,SELL,8.41431850875,2800
2009-11-03,000568,SELL,17.64122128983,6700
2009-11-03,000718,SELL,6.49307134908,5600
2009-11-03,600727,SELL,4.99426281792,4500
2009-11-03,000762,SELL,15.46368084,600
2009-11-03,600373,SELL,3.5412622929,11400
2009-11-03,600885,SELL,3.21021401256,7400
2009-11-03,000923,SELL,6.33440114811,3100
2009-11-03,600503,SELL,6.57242837262,3400
2009-11-03,600893,SELL,10.16147433402,2500
2009-11-03,000792,SELL,33.082106778,3400
2009-11-03,600629,SELL,4.42645607304,3400
2009-11-03,600844,SELL,13.235168792789999,2500
2009-11-03,002133,SELL,6.6643917372,5100
2009-11-03,600783,SELL,9.95023586394,2700
2009-11-03,000859,SELL,6.27991291089,7100
2009-11-03,000893,SELL,15.60818997621,8300
2009-11-03,600805,SELL,5.96843147412,8300
2009-11-03,000965,SELL,8.08647542001,3300
2009-11-03,000799,SELL,12.37455778527,3100
2009-11-03,000733,SELL,11.398344245999999,3800
2009-11-03,600279,SELL,5.37117323022,5000
2009-11-03,600515,SELL,4.64666157711,6800
2009-11-03,600029,SELL,4.735729060470001,2900
2009-11-03,000592,SELL,2.04300586908,2700
2009-11-03,000670,SELL,4.71528,5000
2009-11-03,600618,SELL,7.651211529599999,4600
2009-11-03,600339,SELL,6.99608167524,3800
2009-11-03,000563,SELL,2.26581487704,7900
2009-11-03,000862,SELL,10.31239339389,2300
2009-11-03,600505,SELL,8.8664438808,3900
2009-11-03,000735,SELL,4.9082419449,5600
2009-11-03,000818,SELL,4.91401890216,5400
2009-11-03,002162,SELL,6.833675084399999,7000
2009-11-03,600184,SELL,11.6843817222,12100
2009-11-03,600550,SELL,29.514200575679997,600
2009-11-03,600988,SELL,3.06229756707,15300
2009-11-03,600874,SELL,4.9958428562999995,4800
2009-11-03,600038,SELL,14.56173464904,1400
2009-11-03,600653,SELL,4.435560000000001,6800
2009-11-03,000796,SELL,6.41913615828,4400
2009-11-03,600268,SELL,3.25316286072,7800
2009-11-03,000035,SELL,2.9360662947,11100
2009-11-03,600707,SELL,8.447564979,4400
2009-11-03,000031,SELL,12.829730736690001,3700
2009-11-03,600760,SELL,4.0791399768,8500
2009-11-03,600322,SELL,6.30644636088,4600
2009-11-03,000518,SELL,3.94605,33600
2009-11-03,600096,SELL,18.81271013832,1300
2009-11-03,000790,SELL,2.86835245632,7500
2009-11-03,002161,SELL,8.5404433077,3900
2009-11-03,600379,SELL,7.2423874629,23000
2009-11-03,000672,SELL,2.9632847290199997,7900
2009-11-03,600683,SELL,6.464080049400001,4300
2009-11-03,000029,SELL,7.8366634920000005,6200
2009-11-03,000931,SELL,5.97404209788,4100
2009-11-03,000973,SELL,5.690107197,5400
2009-11-03,600251,SELL,10.20171924882,2100
2009-11-03,002244,SELL,6.24206183985,21200
2009-11-03,000159,SELL,7.2423712791,1900
2009-11-03,600592,SELL,7.97726080395,2700
2009-11-03,002035,SELL,1.14561794529,21100
2009-11-03,000928,BUY,3.17164072225,9700
2009-11-03,600674,BUY,3.1703016044699996,9700
2009-11-03,000012,BUY,4.678347734059999,6600
2009-11-03,000006,BUY,3.2903941570499997,9400
2009-11-03,601939,BUY,2.4637430317499995,12500
2009-11-03,600486,BUY,9.291573491199998,3300
2009-11-03,002146,BUY,3.4066992959999998,9000
2009-11-03,600868,BUY,3.1988231275,9600
2009-11-03,600576,BUY,6.056590860319999,5100
2009-11-03,000009,BUY,5.40743014812,5700
2009-11-03,002235,BUY,4.199066821949999,7300
2009-11-03,601328,BUY,3.3613411831999995,9200
2009-11-03,601001,BUY,16.724798049959997,1800
2009-11-03,601166,BUY,6.945822763879999,4400
2009-11-03,600161,BUY,9.2845657905,3300
2009-11-03,000403,BUY,2.0874631777999997,14800
2009-11-03,000960,BUY,21.24670548,1400
2009-11-03,002001,BUY,4.391201815,7000
2009-11-03,000014,BUY,12.918742836999998,2300
2009-11-03,601998,BUY,3.1391582722499995,9800
2009-11-03,600816,BUY,2.08539499168,14800
2009-11-03,002041,BUY,5.42527509524,5700
2009-11-03,600329,BUY,8.448529809719998,3600
2009-11-03,600335,BUY,3.5828869075999994,8600
2009-11-03,600673,BUY,2.55289338304,12100
2009-11-03,002266,BUY,2.25223380382,13700
2009-11-03,600511,BUY,17.0764585992,1800
2009-11-03,000537,BUY,7.08905925728,4300
2009-11-03,600516,BUY,3.0086555699199997,10200
2009-11-03,600782,BUY,2.52818554989,12200
2009-11-03,000778,BUY,3.9896479622999994,7700
2009-11-03,600657,BUY,8.566163235629999,3600
2009-11-03,000885,BUY,5.081302576349999,6000
2009-11-03,000423,BUY,17.05068541176,1800
2009-11-03,000070,BUY,3.1268211974999995,9900
2009-11-03,600808,BUY,3.1820193404999997,9700
2009-11-03,000937,BUY,6.2103769728,4900
2009-11-03,600295,BUY,3.8549871359999996,8000
2009-11-03,600369,BUY,6.22000704325,4900
2009-11-03,000736,BUY,6.452122076399999,4700
2009-11-03,600395,BUY,10.475751656369999,2900
2009-11-03,601988,BUY,1.6700970786499998,18500
2009-11-03,000651,BUY,4.27996241673,7200
2009-11-03,002233,BUY,3.9226266279199997,7800
2009-11-03,000407,BUY,6.236004975199999,4900
2009-11-03,601398,BUY,2.1808709722799997,14100
2009-11-03,000683,BUY,4.3185254111999996,7100
2009-11-03,600199,BUY,5.22545928905,5900
2009-11-03,000839,BUY,5.27749790568,5800
2009-11-03,600208,BUY,5.7221140977,5400
2009-11-03,600016,BUY,2.3910949061999998,12900
2009-11-03,000561,BUY,8.168045425539999,3700
2009-11-03,600736,BUY,5.362487129999999,5700
2009-11-03,002183,BUY,3.3731018120799994,9100
2009-11-03,600216,BUY,14.439061116479998,2100
2009-11-03,600596,BUY,10.382630288029999,2900
2009-11-03,000968,BUY,19.583657943849996,1500
2009-11-03,002254,BUY,5.76666396306,5300
2009-11-03,000001,BUY,6.334629300999999,4800
2009-11-03,600547,BUY,16.31244615,1800
2009-11-03,600435,BUY,6.587436255399999,4700
2009-11-03,002139,BUY,2.0004450265799996,15400
2009-11-03,002251,BUY,9.93404996584,3100
2009-11-03,002050,BUY,1.7925723815999999,17200
2009-11-03,000582,BUY,8.280406914779999,3700
2009-11-03,000738,BUY,8.73594814092,3500
2009-11-03,000425,BUY,4.6524805126799995,6600
2009-11-03,000002,BUY,7.28226056558,4200
2009-11-03,600704,BUY,3.1963889957999996,9600
2009-11-03,600389,BUY,4.858313079619999,6300
2009-11-03,000980,BUY,6.354732504119999,4800
2009-11-03,600551,BUY,6.6944095218,4600
2009-11-03,600545,BUY,5.38316455677,5700
2010-02-02,600674,SELL,2.99283695721,9700
2010-02-02,600486,SELL,10.61183386368,3300
2010-02-02,600295,SELL,3.6909889164,8000
2010-02-02,002139,SELL,2.16962612208,15400
2010-02-02,600329,SELL,8.54250122772,3600
2010-02-02,000582,SELL,8.86630918563,3700
2010-02-02,000683,SELL,4.33084787694,7100
2010-02-02,600516,SELL,2.7110928733199997,10200
2010-02-02,000778,SELL,4.00574549475,7700
2010-02-02,600389,SELL,5.02051766679,6300
2010-02-02,600216,SELL,13.387865733,2100
2010-02-02,000968,SELL,15.6539324979,1500
2010-02-02,600403,SELL,4.94292554658,7100
2010-02-02,601166,SELL,5.54176145124,4400
2010-02-02,600808,SELL,3.012260724,9700
2010-02-02,000937,SELL,5.192412779610001,4900
2010-02-02,600141,SELL,10.72900157868,14000
2010-02-02,600580,BUY,6.573710663519999,5500
2010-02-02,002133,BUY,5.243257699679999,6900
2010-02-02,000620,BUY,1.9632439826999997,18500
2010-02-02,002229,BUY,5.3036482098599995,6800
2010-02-02,000860,BUY,11.8416965667,3000
2010-02-02,600133,BUY,8.1932995144,4400
2010-02-02,600862,BUY,6.541540645639999,5500
2010-02-02,600159,BUY,6.937546615999999,5200
2010-02-02,000400,BUY,10.7376351082,3300
2010-02-02,600406,BUY,2.7667976736399997,13100
2010-02-02,002241,BUY,2.4706632350399995,14700
2010-02-02,002167,BUY,6.206766065499999,5800
2010-02-02,002151,BUY,11.421986175599999,3100
2010-02-02,002132,BUY,3.2142569458999994,11300
2010-02-02,000533,BUY,8.30995977812,4300
2010-02-02,600629,BUY,4.84798900586,7500
2010-05-05,000928,SELL,3.9309039112499997,9700
2010-05-05,600831,SELL,10.03395486114,4200
2010-05-05,000403,SELL,2.0832924222,14800
2010-05-05,002001,SELL,4.67397498636,7000
2010-05-05,000960,SELL,18.977651352,1400
2010-05-05,002266,SELL,2.29312561896,13700
2010-05-05,600511,SELL,21.3223794768,1800
2010-05-05,000537,SELL,7.9062770088,4300
2010-05-05,600406,SELL,4.40518427613,13100
2010-05-05,000776,SELL,15.35422209831,6600
2010-05-05,600580,SELL,9.06494256342,5500
2010-05-05,000651,SELL,3.45004556094,7200
2010-05-05,601398,SELL,1.8763048169999998,14100
2010-05-05,600199,SELL,9.797770072350001,5900
2010-05-05,600016,SELL,2.06814182796,12900
2010-05-05,600736,SELL,4.88081685744,5700
2010-05-05,000768,SELL,11.54268044532,9600
2010-05-05,600596,SELL,7.90436716056,2900
2010-05-05,600435,SELL,6.7106383442999995,4700
2010-05-05,002229,SELL,5.15901188394,6800
2010-05-05,000002,SELL,4.56287949306,4200
2010-05-05,600208,SELL,3.7551298113,5400
2010-05-05,000012,SELL,6.34118051196,6600
2010-05-05,000006,SELL,2.48849815086,9400
2010-05-05,000620,SELL,1.9593214173,18500
2010-05-05,600576,SELL,9.33200297568,5100
2010-05-05,000400,SELL,16.4078585172,3300
2010-05-05,002235,SELL,5.29192502775,7300
2010-05-05,002151,SELL,12.0968419491,3100
2010-05-05,600161,SELL,7.72973674578,3300
2010-05-05,000014,SELL,8.779992468749999,2300
2010-05-05,601998,SELL,2.86088370255,9800
2010-05-05,000860,SELL,13.09730446512,3000
2010-05-05,002041,SELL,10.377034997580001,5700
2010-05-05,600673,SELL,3.0047337784800003,12100
2010-05-05,600159,SELL,4.6127929896,5200
2010-05-05,000885,SELL,5.7962557521899996,6000
2010-05-05,600369,SELL,6.23832907635,4900
2010-05-05,600376,SELL,4.75130934459,4400
2010-05-05,600395,SELL,8.868152450519998,2900
2010-05-05,601988,SELL,1.65872764197,18500
2010-05-05,002233,SELL,3.42865655136,7800
2010-05-05,600763,SELL,4.5866367320400006,7900
2010-05-05,002132,SELL,3.00412972314,11300
2010-05-05,000969,SELL,16.678619685,2000
2010-05-05,600551,SELL,8.3280063573,4600
2010-05-05,601939,SELL,2.13756754275,12500
2010-05-05,600133,SELL,8.444825321400002,4400
2010-05-05,601328,SELL,2.68751224755,9200
2010-05-05,600629,SELL,5.21791787898,7500
2010-05-05,600816,SELL,2.3132209635,14800
2010-05-05,600732,SELL,3.8506471983000004,6800
2010-05-05,600648,SELL,10.2268000629,2000
2010-05-05,000707,SELL,7.82601341274,3400
2010-05-05,000019,SELL,4.3899242114699994,7200
2010-05-05,000533,SELL,11.63960549325,4300
2010-05-05,000407,SELL,5.4880355109600005,4900
2010-05-05,002241,SELL,3.6864104994,14700
2010-05-05,002254,SELL,8.07829905456,5300
2010-05-05,000001,SELL,5.1349900698,4800
2010-05-05,600547,SELL,17.736722523,1800
2010-05-05,002251,SELL,10.09167318504,3100
2010-05-05,002050,SELL,2.4089561324999997,17200
2010-05-05,000425,SELL,4.57665570306,6600
2010-05-05,600704,SELL,3.9133273554,9600
2010-05-05,000980,SELL,8.0502620796,4800
2010-05-05,600545,SELL,11.94474687642,5700
2010-05-05,002146,SELL,2.4630333811200003,9000
2010-05-05,600868,SELL,3.5460550953000003,9600
2010-05-05,000011,SELL,5.7636973631699995,3900
2010-05-05,000009,SELL,4.800337517339999,5700
2010-05-05,601001,SELL,14.48635848066,1800
2010-05-05,002133,SELL,4.727955611700001,6900
2010-05-05,600335,SELL,5.0105032812,8600
2010-05-05,600703,SELL,6.60205508625,8400
2010-05-05,600782,SELL,2.7476362134000003,12200
2010-05-05,600657,SELL,5.66404993035,3600
2010-05-05,000423,SELL,24.66982072476,1800
2010-05-05,000070,SELL,4.02432439725,9900
2010-05-05,000736,SELL,4.8333590028,4700
2010-05-05,000839,SELL,5.14974725784,5800
2010-05-05,002183,SELL,3.8455455051,9100
2010-05-05,000738,SELL,11.37319386156,3500
2010-05-05,600862,SELL,4.99756055688,5500
2010-05-05,002167,SELL,7.1110645173,5800
2010-05-05,000890,BUY,6.1857718322399995,2300
2010-05-05,600812,BUY,11.983811439599998,1200
2010-05-05,000923,BUY,8.643557122199999,1600
2010-05-05,000798,BUY,8.424293017139998,1700
2010-05-05,600358,BUY,6.106099999999999,2300
2010-05-05,600566,BUY,5.647249577969999,2500
2010-05-05,600838,BUY,8.747107619249999,1600
2010-05-05,600846,BUY,4.49950685184,3100
2010-05-05,002208,BUY,5.605545145199999,2500
2010-05-05,600595,BUY,10.33971932994,1300
2010-05-05,002020,BUY,2.6643439122299997,5400
2010-05-05,600667,BUY,3.1771591852,4500
2010-05-05,000777,BUY,10.957707761,1300
2010-05-05,600353,BUY,2.1013020428399996,6800
2010-05-05,600481,BUY,7.196698208699999,1900
2010-05-05,600316,BUY,21.910339230779996,600
2010-05-05,000710,BUY,11.39138,1200
2010-05-05,002057,BUY,2.1544060137599996,6600
2010-05-05,000554,BUY,7.726483174409999,1800
2010-05-05,600268,BUY,6.7420015062399985,2100
2010-05-05,600707,BUY,14.927354181739998,900
2010-05-05,600379,BUY,10.994365131749998,1300
2010-05-05,600130,BUY,5.305299999999999,2700
2010-05-05,600986,BUY,4.671880463249999,3000
2010-05-05,600810,BUY,8.1395730416,1700
2010-05-05,600127,BUY,7.587579999999999,1800
2010-05-05,002047,BUY,5.63037654179,2500
2010-05-05,002271,BUY,2.01627426,7100
2010-05-05,000801,BUY,3.0921869979,4600
2010-05-05,000970,BUY,5.967964352349999,2400
2010-05-05,002137,BUY,6.210700816319999,2300
2010-05-05,000682,BUY,5.889541057399999,2400
2010-05-05,002141,BUY,2.64169561656,5400
2010-05-05,000652,BUY,8.304422075949999,1700
2010-05-05,002144,BUY,14.218760966409999,1000
2010-05-05,000823,BUY,12.751957137919998,1100
2010-05-05,600071,BUY,9.978221373119998,1400
2010-05-05,002181,BUY,6.5907825984,2100
2010-05-05,000875,BUY,5.0148260562399996,2800
2010-05-05,000536,BUY,11.401131741999999,1200
2010-05-05,600501,BUY,9.42091021872,1500
2010-05-05,600073,BUY,5.079542988519999,2800
2010-05-05,002213,BUY,9.32501906336,1500
2010-05-05,000665,BUY,8.887517659019998,1600
2010-05-05,600330,BUY,6.405507148039999,2200
2010-05-05,002068,BUY,5.679441918149999,2500
2010-05-05,600171,BUY,7.954094648499999,1800
2010-05-05,000050,BUY,7.228658627189999,1900
2010-05-05,600822,BUY,9.00374831356,1500
2010-05-05,000572,BUY,6.126118378379999,2300
2010-05-05,600668,BUY,4.41556858743,3200
2010-05-05,600135,BUY,11.354816973499998,1200
2010-05-05,000678,BUY,8.46846,1600
2010-05-05,000401,BUY,11.489514436399999,1200
2010-05-05,000957,BUY,4.23557426292,3300
2010-05-05,600259,BUY,20.587916348999997,600
2010-05-05,600184,BUY,10.643430797999999,1300
2010-05-05,600288,BUY,8.368172412599998,1700
2010-05-05,002009,BUY,12.408835739299999,1100
2010-05-05,002119,BUY,6.28672398354,2200
2010-05-05,002205,BUY,12.221497037749998,1100
2010-05-05,600645,BUY,10.16015,1400
2010-05-05,000920,BUY,7.7917138299,1800
2010-05-05,000723,BUY,4.243414855679999,3300
2010-05-05,002134,BUY,7.9079,1800
2010-05-05,600584,BUY,9.67282472156,1400
2010-05-05,600115,BUY,7.929859937999999,1800
2010-05-05,002156,BUY,6.60963478175,2100
2010-05-05,002005,BUY,9.994789284479998,1400
2010-05-05,000410,BUY,13.431558460319998,1000
2010-05-05,000868,BUY,5.747991549299999,2500
2010-05-05,000888,BUY,8.081539125659999,1700
2010-05-05,000158,BUY,6.294297729719999,2200
2010-05-05,600843,BUY,10.0570171702,1400
2010-05-05,600654,BUY,5.8925850984,2400
2010-05-05,002136,BUY,6.088826613869999,2300
2010-05-05,600081,BUY,9.91438135688,1400
2010-05-05,000993,BUY,7.7236519359999996,1800
2010-05-05,000788,BUY,8.687205527,1600
2010-05-05,600773,BUY,8.052606541979998,1700
2010-05-05,002172,BUY,9.35935,1500
2010-05-05,002077,BUY,8.274723096639999,1700
2010-08-03,002271,SELL,2.037708252,7100
2010-08-03,002136,SELL,6.6599838495000006,2300
2010-08-03,600846,SELL,4.19902493184,3100
2010-08-03,600379,SELL,8.83232728155,1300
2010-08-03,600595,SELL,10.75299917706,1300
2010-08-03,000410,SELL,12.06623290878,1000
2010-08-03,600135,SELL,9.96263005734,1200
2010-08-03,000536,SELL,10.127983877999998,1200
2010-08-03,600353,SELL,1.9769908901400002,6800
2010-08-03,000790,BUY,5.970127843679999,12900
2010-08-03,600797,BUY,6.498260408639999,11900
2010-08-03,000661,BUY,16.617267466799998,4600
2010-08-03,600157,BUY,2.8190084722799997,27400
2010-08-03,600673,BUY,4.8907332474,15800
2010-08-03,000815,BUY,6.19619,12400
2010-08-03,000400,BUY,12.918357051599997,5900
2010-08-03,600199,BUY,14.1092164213,5400
2010-08-03,600189,BUY,5.6988118086899995,13500
2010-08-03,002027,BUY,1.2141402273,63700
2010-08-03,600893,BUY,12.123841379649997,6300
2010-11-02,002134,SELL,8.24175,1800
2010-11-02,002068,SELL,6.12728177481,2500
2010-11-02,600584,SELL,13.212505298970001,1400
2010-11-02,000890,SELL,6.23165238972,2300
2010-11-02,600812,SELL,13.06093495104,1200
2010-11-02,000400,SELL,15.460012512,5900
2010-11-02,600115,SELL,8.5123928862,1800
2010-11-02,002156,SELL,8.66125765242,2100
2010-11-02,002137,SELL,7.257667068,2300
2010-11-02,000682,SELL,5.5459639345500005,2400
2010-11-02,600171,SELL,8.45185073895,1800
2010-11-02,600189,SELL,7.46342463447,13500
2010-11-02,000923,SELL,9.302858829,1600
2010-11-02,002027,SELL,1.34842060962,63700
2010-11-02,002005,SELL,9.5493065346,1400
2010-11-02,000798,SELL,10.47363816771,1700
2010-11-02,600893,SELL,17.84705363145,6300
2010-11-02,600358,SELL,5.564430000000001,2300
2010-11-02,600645,SELL,9.15084,1400
2010-11-02,000868,SELL,6.72405763158,2500
2010-11-02,000661,SELL,22.6980975816,4600
2010-11-02,600838,SELL,8.595328867200001,1600
2010-11-02,002141,SELL,2.5114604655600004,5400
2010-11-02,000050,SELL,12.9266580024,1900
2010-11-02,600157,SELL,3.3352879833899998,27400
2010-11-02,600822,SELL,10.38815475669,1500
2010-11-02,002208,SELL,6.7479016437,2500
2010-11-02,000815,SELL,6.8331599999999995,12400
2010-11-02,002020,SELL,2.3703086586600004,5400
2010-11-02,000572,SELL,7.47911336004,2300
2010-11-02,000652,SELL,7.9224596599499995,1700
2010-11-02,000888,SELL,8.33264019882,1700
2010-11-02,000158,SELL,6.33444599322,2200
2010-11-02,600668,SELL,5.22848791836,3200
2010-11-02,600843,SELL,18.21263059854,1400
2010-11-02,000823,SELL,14.036557392,1100
2010-11-02,000678,SELL,8.4915,1600
2010-11-02,600667,SELL,3.1989783194999997,4500
2010-11-02,000777,SELL,20.14096062825,1300
2010-11-02,600481,SELL,6.47480715156,1900
2010-11-02,600797,SELL,6.96354212736,11900
2010-11-02,000401,SELL,17.71893174159,1200
2010-11-02,000957,SELL,4.56398837307,3300
2010-11-02,600272,SELL,10.0662919317,3100
2010-11-02,600071,SELL,12.79719,1400
2010-11-02,600654,SELL,6.4154309472,2400
2010-11-02,600288,SELL,9.25379366328,1700
2010-11-02,600184,SELL,19.14403864815,1300
2010-11-02,600316,SELL,44.85932750826,600
2010-11-02,600199,SELL,15.5167013664,5400
2010-11-02,000710,SELL,14.3856,1200
2010-11-02,002181,SELL,9.10796550741,2100
2010-11-02,000561,SELL,9.53861655528,3700
2010-11-02,000875,SELL,4.43202369984,2800
2010-11-02,000554,SELL,8.924019117930001,1800
2010-11-02,600268,SELL,7.56357621264,2100
2010-11-02,000993,SELL,9.831722436,1800
2010-11-02,600707,SELL,17.10383450454,900
2010-11-02,000790,SELL,7.32572412282,12900
2010-11-02,600130,SELL,5.0149799999999995,2700
2010-11-02,002119,SELL,6.607725110550001,2200
2010-11-02,002205,SELL,14.67940142448,1100
2010-11-02,002172,SELL,10.6893,1500
2010-11-02,600986,SELL,5.03554971969,3000
2010-11-02,600810,SELL,7.48045117089,1700
2010-11-02,002213,SELL,11.42114154588,1500
2010-11-02,600127,SELL,8.551440000000001,1800
2010-11-02,000920,SELL,8.1235339344,1800
2010-11-02,000723,SELL,4.9144518687600005,3300
2010-11-02,002047,SELL,5.54121886437,2500
2010-11-02,002140,SELL,17.01318779199,4200
2010-11-02,002077,SELL,10.45907577468,1700
2010-11-02,600460,BUY,9.503086713119998,4100
2010-11-02,000960,BUY,36.1783684262,1100
2010-11-02,000525,BUY,14.056589777229998,2800
2010-11-02,600406,BUY,6.512749503259999,6100
2010-11-02,000537,BUY,8.967496618079998,4400
2010-11-02,600206,BUY,9.518197388699999,4100
2010-11-02,600299,BUY,12.157481956619998,3200
2010-11-02,002250,BUY,11.919994085999999,3300
2010-11-02,000408,BUY,9.900424694159998,4000
2010-11-02,600871,BUY,6.174078670759999,6400
2010-11-02,000524,BUY,13.165021369499998,3000
2010-11-02,600873,BUY,5.646828587399999,7000
2010-11-02,000629,BUY,5.9416888631099996,6700
2010-11-02,000973,BUY,11.469575617499999,3400
2010-11-02,600151,BUY,15.719818914799998,2500
2010-11-02,600328,BUY,10.3343944704,3800
2010-11-02,600770,BUY,16.0751386796,2400
2010-11-02,002246,BUY,12.896467584,3000
2010-11-02,600061,BUY,7.776804715679999,5100
2010-11-02,600783,BUY,15.842746079159998,2500
2010-11-02,000501,BUY,13.375366004,2900
2010-11-02,600295,BUY,6.382774398,6200
2010-11-02,000021,BUY,12.540037910399999,3100
2010-11-02,000795,BUY,8.53366231718,4600
2010-11-02,002123,BUY,27.46451311604,1400
2010-11-02,600489,BUY,18.373990635,2100
2010-11-02,600207,BUY,7.547539999999999,5200
2010-11-02,000596,BUY,26.208695513,1500
2010-11-02,600133,BUY,9.8491818425,4000
2010-11-02,000762,BUY,30.214546361999997,1300
2010-11-02,600367,BUY,25.96281406719,1500
2010-11-02,600118,BUY,17.103091455449995,2300
2010-11-02,000703,BUY,8.123653337799999,4900
2010-11-02,600629,BUY,5.673331323659999,7000
2010-11-02,002099,BUY,5.599346152399999,7100
2010-11-02,600111,BUY,19.5055919058,2000
2010-11-02,002106,BUY,31.377252806899996,1200
2010-11-02,601002,BUY,8.28665335498,4800
2010-11-02,600637,BUY,4.898805531619999,8100
2010-11-02,600458,BUY,14.885488267649999,2600
2010-11-02,000962,BUY,25.711832346199998,1500
2010-11-02,600995,BUY,10.17525757248,3900
2010-11-02,600729,BUY,28.233940134399997,1400
2010-11-02,600363,BUY,14.173596336899998,2800
2010-11-02,002241,BUY,5.6478438016,7000
2010-11-02,600550,BUY,27.935411033529995,1400
2010-11-02,000998,BUY,9.56235895615,4100
2010-11-02,600694,BUY,26.639550337399996,1400
2010-11-02,002073,BUY,19.993423880429997,1900
2010-11-02,600547,BUY,30.043150136999998,1300
2010-11-02,000897,BUY,6.7185498379999995,5900
2010-11-02,002149,BUY,13.315716113699999,2900
2010-11-02,000518,BUY,8.118109999999998,4900
2010-11-02,600610,BUY,5.62111558008,7000
2010-11-02,600372,BUY,15.331840523999997,2600
2010-11-02,600789,BUY,7.30934896692,5400
2010-11-02,600059,BUY,12.811250051599998,3100
2010-11-02,002259,BUY,4.43008220655,9000
2010-11-02,600563,BUY,21.255203969999997,1800
2010-11-02,000869,BUY,62.3381475717,600
2010-11-02,002080,BUY,10.138043915999999,3900
2010-11-02,002094,BUY,8.6309887664,4600
2010-11-02,002192,BUY,26.470377933999995,1500
2010-11-02,600416,BUY,15.557918315939999,2500
2010-11-02,000538,BUY,22.353873501959995,1700
2010-11-02,601766,BUY,4.31379985036,9200
2010-11-02,002069,BUY,29.5038544801,1300
2010-11-02,600283,BUY,7.6565472984,5200
2010-11-02,000915,BUY,9.94902784876,4000
2010-11-02,600468,BUY,14.884377007499998,2600
2010-11-02,000423,BUY,33.3004087416,1100
2010-11-02,000889,BUY,7.794407420799999,5100
2010-11-02,600549,BUY,31.133446343999996,1200
2010-11-02,600131,BUY,6.391400815799999,6200
2010-11-02,600132,BUY,47.3185540828,800
2010-11-02,600343,BUY,15.295756616139998,2600
2010-11-02,002079,BUY,6.90788219121,5700
2011-02-01,600873,SELL,7.1096125707,7000
2011-02-01,000788,SELL,9.62353180503,1600
2011-02-01,600406,SELL,7.64853784596,6100
2011-02-01,600118,SELL,14.301826857,2300
2011-02-01,000665,SELL,9.60720004314,1600
2011-02-01,002344,BUY,10.422474382319999,12100
2011-02-01,000856,BUY,8.85600624909,14200
2011-02-01,600516,BUY,4.7346030732,26600
2011-02-01,002304,BUY,40.15926362448,3100
2011-02-01,002299,BUY,12.5046760839,10000
2011-05-04,600460,SELL,6.7414406511600005,4100
2011-05-04,000960,SELL,25.8588495657,1100
2011-05-04,000525,SELL,11.3766285834,2800
2011-05-04,000537,SELL,7.2379113235200006,4400
2011-05-04,600299,SELL,11.51269635942,3200
2011-05-04,002057,SELL,4.071331593,6600
2011-05-04,002250,SELL,10.35390600972,3300
2011-05-04,600871,SELL,6.5451989493000005,6400
2011-05-04,000629,SELL,8.45695912545,6700
2011-05-04,000973,SELL,8.3056235625,3400
2011-05-04,600151,SELL,11.86220895696,2500
2011-05-04,600328,SELL,7.44677041536,3800
2011-05-04,000970,SELL,9.91999739268,2400
2011-05-04,600770,SELL,13.939017829199999,2400
2011-05-04,002246,SELL,10.02688851456,3000
2011-05-04,002344,SELL,10.10284000704,12100
2011-05-04,600783,SELL,20.22215782977,2500
2011-05-04,600673,SELL,6.22755307314,15800
2011-05-04,000501,SELL,12.37724684352,2900
2011-05-04,002144,SELL,11.97764798238,1000
2011-05-04,600295,SELL,6.26082123168,6200
2011-05-04,000021,SELL,8.256412323000001,3100
2011-05-04,000795,SELL,8.86219996896,4600
2011-05-04,002123,SELL,21.93040268496,1400
2011-05-04,600501,SELL,11.352376010250001,1500
2011-05-04,600489,SELL,14.099330356200001,2100
2011-05-04,000596,SELL,30.3649430616,1500
2011-05-04,600133,SELL,7.51315936995,4000
2011-05-04,002299,SELL,12.23282568924,10000
2011-05-04,000703,SELL,11.43418296141,4900
2011-05-04,600629,SELL,4.73802701022,7000
2011-05-04,002099,SELL,4.996023065909999,7100
2011-05-04,600111,SELL,17.23356182736,2000
2011-05-04,002106,SELL,27.033720219,1200
2011-05-04,600637,SELL,6.58675536129,8100
2011-05-04,600458,SELL,17.849099034,2600
2011-05-04,000962,SELL,21.46147568136,1500
2011-05-04,600995,SELL,10.498452158880001,3900
2011-05-04,600729,SELL,24.85985190336,1400
2011-05-04,600363,SELL,11.576033189190001,2800
2011-05-04,600259,SELL,64.22365390815,600
2011-05-04,002241,SELL,5.145876772199999,7000
2011-05-04,600550,SELL,19.735250214780002,1400
2011-05-04,000998,SELL,8.642066932350001,4100
2011-05-04,002009,SELL,15.32943683838,1100
2011-05-04,600694,SELL,21.05398947546,1400
2011-05-04,002073,SELL,20.603826489059998,1900
2011-05-04,600547,SELL,22.47306521922,1300
2011-05-04,000897,SELL,4.79895458166,5900
2011-05-04,002149,SELL,9.099813557520001,2900
2011-05-04,000518,SELL,8.04195,4900
2011-05-04,600610,SELL,7.01568701028,7000
2011-05-04,600789,SELL,6.5452847833800005,5400
2011-05-04,600059,SELL,9.6729156018,3100
2011-05-04,002259,SELL,4.09169815605,9000
2011-05-04,600563,SELL,17.7547890384,1800
2011-05-04,000869,SELL,56.397593952,600
2011-05-04,002080,SELL,5.72029759638,3900
2011-05-04,002192,SELL,13.80152773692,1500
2011-05-04,600416,SELL,13.05555204933,2500
2011-05-04,600516,SELL,4.62795952788,26600
2011-05-04,002304,SELL,43.534973448,3100
2011-05-04,000538,SELL,19.91634819552,1700
2011-05-04,601766,SELL,4.69216341972,9200
2011-05-04,002069,SELL,23.048503664760002,1300
2011-05-04,600283,SELL,8.335908547199999,5200
2011-05-04,000915,SELL,10.06015549428,4000
2011-05-04,600468,SELL,13.8259447155,2600
2011-05-04,000423,SELL,33.0540374754,1100
2011-05-04,000889,SELL,7.306547818319999,5100
2011-05-04,600081,SELL,9.92774783448,1400
2011-05-04,600549,SELL,21.5606532645,1200
2011-05-04,600131,SELL,8.35103009052,6200
2011-05-04,600132,SELL,42.35872379508,800
2011-05-04,600773,SELL,18.87943774392,1700
2011-05-04,600343,SELL,9.708429442409999,2600
2011-05-04,002079,SELL,9.64521995517,5700
2011-05-04,000656,BUY,3.22763656215,11900
2011-05-04,000928,BUY,5.2503233282499995,7300
2011-05-04,002190,BUY,20.801793011999997,1800
2011-05-04,600390,BUY,6.921439024499999,5500
2011-05-04,600248,BUY,7.0640339569799995,5400
2011-05-04,000890,BUY,6.5164577478,5800
2011-05-04,000532,BUY,9.33745066254,4100
2011-05-04,000506,BUY,13.211502303999998,2900
2011-05-04,000546,BUY,11.83395549336,3200
2011-05-04,000902,BUY,5.22256819084,7300
2011-05-04,000923,BUY,9.651972119789999,3900
2011-05-04,002180,BUY,14.302396908799999,2600
2011-05-04,000975,BUY,3.6961672047299996,10300
2011-05-04,002098,BUY,5.678703029999999,6700
2011-05-04,601991,BUY,5.1265905490799994,7400
2011-05-04,600979,BUY,4.92885040648,7700
2011-05-04,000034,BUY,5.593330582839999,6800
2011-05-04,601007,BUY,6.392799793379999,6000
2011-05-04,600326,BUY,8.474446580599999,4500
2011-05-04,600860,BUY,8.21821,4600
2011-05-04,600408,BUY,7.517509999999999,5100
2011-05-04,002006,BUY,21.419447949899997,1700
2011-05-04,000603,BUY,28.14617347542,1300
2011-05-04,002164,BUY,11.023282670399999,3400
2011-05-04,300075,BUY,4.696594502599999,8100
2011-05-04,600113,BUY,6.87280201608,5500
2011-05-04,600318,BUY,10.0021719798,3800
2011-05-04,000799,BUY,17.33551557738,2200
2011-05-04,000697,BUY,16.349404831759998,2300
2011-05-04,600072,BUY,18.752509775999997,2000
2011-05-04,000158,BUY,5.449020336759999,7000
2011-05-04,600728,BUY,5.0013139176,7600
2011-05-04,600668,BUY,7.4197027905,5100
2011-05-04,600135,BUY,16.05136254722,2300
2011-05-04,600843,BUY,13.855249868459998,2700
2011-05-04,600152,BUY,12.3673227678,3100
2011-05-04,600699,BUY,9.27698772,4100
2011-05-04,000995,BUY,15.885869999999997,2400
2011-05-04,600031,BUY,14.189940564799999,2700
2011-05-04,600667,BUY,3.9432254862,9700
2011-05-04,002204,BUY,7.58582083259,5000
2011-05-04,600757,BUY,6.273351083999999,6100
2011-05-04,000407,BUY,5.888772879989999,6500
2011-05-04,600505,BUY,13.2075191248,2900
2011-05-04,600158,BUY,6.674405177439999,5700
2011-05-04,002136,BUY,11.970550281689999,3200
2011-05-04,000818,BUY,6.821863808759999,5600
2011-05-04,300074,BUY,4.993895426519999,7600
2011-05-04,600160,BUY,11.502355164299999,3300
2011-05-04,002074,BUY,7.608723021899999,5000
2011-05-04,002232,BUY,11.285697453029998,3400
2011-05-04,600962,BUY,14.785981820609999,2500
2011-05-04,600038,BUY,22.605338756,1700
2011-05-04,000554,BUY,11.912867316349997,3200
2011-05-04,002163,BUY,9.200696985479999,4100
2011-05-04,000981,BUY,0.8474991525,45300
2011-05-04,002161,BUY,10.09912864961,3800
2011-05-04,002036,BUY,7.251537192899999,5200
2011-05-04,600322,BUY,4.863932613539999,7900
2011-05-04,000790,BUY,8.33057509284,4600
2011-05-04,600821,BUY,6.9298203974999995,5500
2011-05-04,000025,BUY,6.37078458016,6000
2011-05-04,600313,BUY,2.6473058411799997,14500
2011-05-04,000029,BUY,4.711411504799999,8100
2011-05-04,600094,BUY,5.604810291079999,6800
2011-05-04,600986,BUY,6.132275689539999,6200
2011-05-04,000882,BUY,5.25144194575,7300
2011-05-04,000816,BUY,8.281803129599998,4600
2011-05-04,600645,BUY,23.103079999999995,1600
2011-05-04,600143,BUY,7.7403815288799995,4900
2011-05-04,002077,BUY,12.470632214039998,3000
2011-08-02,600860,SELL,7.25274,4600
2011-08-02,600248,SELL,6.455199159179999,5400
2011-08-02,300074,SELL,6.04895343156,7600
2011-08-02,000799,SELL,18.656747457119998,2200
2011-08-02,600318,SELL,9.774828167219999,3800
2011-08-02,600094,SELL,5.59361186892,6800
2011-08-02,600668,SELL,8.918048974049999,5100
2011-08-02,000981,SELL,0.8458058475,45300
2011-08-02,600699,SELL,6.855339298500001,4100
2011-08-02,002098,SELL,5.69040748641,6700
2011-08-02,600143,SELL,8.0531615772,4900
2011-08-02,601007,SELL,5.928662682720001,6000
2011-08-02,002234,BUY,13.580062395899999,3400
2011-08-02,600562,BUY,7.696567338459999,6000
2011-08-02,600409,BUY,5.072223075919999,9200
2011-08-02,600176,BUY,4.250944698,11000
2011-08-02,600727,BUY,5.261833617039999,8800
2011-08-02,000659,BUY,6.6059118125,7000
2011-08-02,600802,BUY,10.405728533199998,4400
2011-08-02,000795,BUY,8.63802061122,5400
2011-08-02,002129,BUY,7.6815818579499995,6000
2011-08-02,000670,BUY,4.72472,9900
2011-11-01,000656,SELL,2.89062390258,11900
2011-11-01,002190,SELL,18.7583515713,1800
2011-11-01,000801,SELL,4.230894510360001,4600
2011-11-01,600390,SELL,5.539732642080001,5500
2011-11-01,600409,SELL,4.4564108283,9200
2011-11-01,000890,SELL,5.21245690542,5800
2011-11-01,000856,SELL,8.99738166195,14200
2011-11-01,002094,SELL,8.978929682399999,4600
2011-11-01,000762,SELL,17.62215295725,1300
2011-11-01,000532,SELL,10.574444790180001,4100
2011-11-01,000506,SELL,7.80393443382,2900
2011-11-01,000902,SELL,3.7364584713299998,7300
2011-11-01,000923,SELL,6.850286955900001,3900
2011-11-01,002180,SELL,8.2382590944,2600
2011-11-01,000975,SELL,3.26640260772,10300
2011-11-01,601991,SELL,3.58312432896,7400
2011-11-01,600979,SELL,5.012443578959999,7700
2011-11-01,000034,SELL,4.351084719839999,6800
2011-11-01,600061,SELL,4.49633788128,5100
2011-11-01,600566,SELL,6.14921121342,2500
2011-11-01,600326,SELL,6.041081871,4500
2011-11-01,600408,SELL,5.16483,5100
2011-11-01,002164,SELL,5.9982653304,3400
2011-11-01,601002,SELL,12.3015007854,4800
2011-11-01,300075,SELL,4.12987873725,8100
2011-11-01,600113,SELL,4.88436722352,5500
2011-11-01,600072,SELL,20.701832245200002,2000
2011-11-01,000697,SELL,13.876764484859999,2300
2011-11-01,000158,SELL,4.43518812225,7000
2011-11-01,600728,SELL,3.5817871075200003,7600
2011-11-01,600135,SELL,14.87161234116,2300
2011-11-01,600843,SELL,8.98450797852,2700
2011-11-01,600206,SELL,6.4280165490000005,4100
2011-11-01,600031,SELL,11.513987606879999,2700
2011-11-01,600757,SELL,6.260816916,6100
2011-11-01,000407,SELL,5.20872981624,6500
2011-11-01,600505,SELL,10.10869430688,2900
2011-11-01,600158,SELL,8.24196023955,5700
2011-11-01,000818,SELL,4.80693856968,5600
2011-11-01,600802,SELL,8.18301871008,4400
2011-11-01,600160,SELL,7.40480740038,3300
2011-11-01,002074,SELL,6.93227429649,5000
2011-11-01,002232,SELL,9.8637268995,3400
2011-11-01,600038,SELL,19.0801358649,1700
2011-11-01,000554,SELL,7.7976866079,3200
2011-11-01,002163,SELL,6.1795143,4100
2011-11-01,002161,SELL,8.44716700737,3800
2011-11-01,002036,SELL,7.33537855872,5200
2011-11-01,600322,SELL,3.65308718607,7900
2011-11-01,000790,SELL,7.70599495134,4600
2011-11-01,002234,SELL,13.115738132999999,3400
2011-11-01,600821,SELL,4.86884612016,5500
2011-11-01,600176,SELL,2.56216239288,11000
2011-11-01,000659,SELL,4.57108059375,7000
2011-11-01,600372,SELL,13.73508388728,2600
2011-11-01,600313,SELL,2.72445685596,14500
2011-11-01,000025,SELL,5.3129882534399995,6000
2011-11-01,000029,SELL,3.7783913265,8100
2011-11-01,600207,SELL,6.473520000000001,5200
2011-11-01,000816,SELL,6.2759137240800005,4600
2011-11-01,002077,SELL,9.66052436544,3000
2011-11-01,600330,SELL,7.47931082238,2200
2011-11-01,002134,BUY,10.030019999999999,1300
2011-11-01,000599,BUY,4.82484718716,2700
2011-11-01,002298,BUY,7.183858882199999,1800
2011-11-01,600604,BUY,3.6314897118499996,3700
2011-11-01,600770,BUY,11.47659490978,1100
2011-11-01,000850,BUY,5.813666738879999,2300
2011-11-01,000755,BUY,8.20098803524,1600
2011-11-01,000878,BUY,16.711546051199996,800
2011-11-01,002299,BUY,12.235043300479997,1000
2011-11-01,000552,BUY,3.03520306089,4400
2011-11-01,002011,BUY,12.042373142799999,1100
2011-11-01,600503,BUY,9.011112380269998,1400
2011-11-01,600775,BUY,6.022464568119999,2200
2011-11-01,000792,BUY,26.68843882705,500
2011-11-01,000703,BUY,9.482890306889999,1400
2011-11-01,000593,BUY,7.455278730899999,1800
2011-11-01,600111,BUY,14.637056994559998,900
2011-11-01,600860,BUY,5.975969999999999,2200
2011-11-01,600838,BUY,6.30688887829,2100
2011-11-01,002053,BUY,5.428429106099999,2400
2011-11-01,000799,BUY,19.817193355959997,600
2011-11-01,600456,BUY,22.847446862239998,500
2011-11-01,600640,BUY,9.039563032499998,1400
2011-11-01,000049,BUY,8.588283303599999,1500
2011-11-01,002059,BUY,4.658102979529999,2800
2011-11-01,000962,BUY,16.504763074799996,800
2011-11-01,600191,BUY,6.001952806849999,2200
2011-11-01,000722,BUY,8.122104190199998,1600
2011-11-01,600022,BUY,2.64778089576,5000
2011-11-01,600483,BUY,3.9662250127499994,3300
2011-11-01,600027,BUY,1.8081484420999998,7400
2011-11-01,300127,BUY,11.490769189899998,1100
2011-11-01,000862,BUY,8.88190988685,1500
2011-11-01,000876,BUY,7.910096954759999,1700
2011-11-01,000735,BUY,5.12258198452,2600
2011-11-01,600575,BUY,4.143802662999999,3200
2011-11-01,300005,BUY,6.099862688919999,2200
2011-11-01,600259,BUY,47.192301456299994,200
2011-11-01,000886,BUY,3.5862177951599996,3700
2011-11-01,600199,BUY,18.196221042999998,700
2011-11-01,000807,BUY,5.7754296599999995,2300
2011-11-01,002181,BUY,7.119328436219999,1800
2011-11-01,000758,BUY,8.835273446999999,1500
2011-11-01,600876,BUY,7.747739999999999,1700
2011-11-01,000998,BUY,9.888517939299998,1300
2011-11-01,002430,BUY,15.302044607849998,800
2011-11-01,600653,BUY,3.2532499999999995,4100
2011-11-01,002221,BUY,2.8097952882999997,4700
2011-11-01,000831,BUY,9.0685660065,1400
2011-11-01,600738,BUY,5.86458524652,2200
2011-11-01,600706,BUY,11.734616974079998,1100
2011-11-01,002073,BUY,16.405994404799998,800
2011-11-01,600779,BUY,18.684701735699996,700
2011-11-01,601005,BUY,3.4033999999999995,3900
2011-11-01,002469,BUY,6.1750748259199995,2100
2011-11-01,600764,BUY,6.80121166725,1900
2011-11-01,600773,BUY,15.239975750999998,800
2011-11-01,600094,BUY,5.643267810179999,2300
2011-11-01,600293,BUY,9.77250690416,1300
2011-11-01,000547,BUY,3.9452102289599993,3400
2011-11-01,600429,BUY,6.297697125719999,2100
2011-11-01,000596,BUY,35.43623082999999,300
2011-11-01,600855,BUY,9.32806256382,1400
2011-11-01,000717,BUY,2.9334209104199997,4500
2011-11-01,002140,BUY,18.20630097286,700
2012-02-01,600094,SELL,5.200238436119999,2300
2012-02-01,000722,SELL,8.1058762098,1600
2012-02-01,600132,BUY,16.44643778778,13900
2012-02-01,600851,BUY,5.736376245599999,40000
2012-05-03,000928,SELL,4.824104067,7300
2012-05-03,002134,SELL,7.3726199999999995,1300
2012-05-03,000599,SELL,4.152385098360001,2700
2012-05-03,600727,SELL,5.53591999854,8800
2012-05-03,600367,SELL,14.707506691079999,1500
2012-05-03,002298,SELL,8.747992660589999,1800
2012-05-03,600604,SELL,3.4133516316,3700
2012-05-03,600770,SELL,9.408837034709999,1100
2012-05-03,000850,SELL,5.18563125792,2300
2012-05-03,000755,SELL,7.85648920644,1600
2012-05-03,000878,SELL,17.680620001679998,800
2012-05-03,002299,SELL,11.12800874211,1000
2012-05-03,000546,SELL,7.75283795145,3200
2012-05-03,002011,SELL,10.031259199500001,1100
2012-05-03,600503,SELL,6.44621254479,1400
2012-05-03,000882,SELL,3.4919785060199997,7300
2012-05-03,600775,SELL,6.01043167188,2200
2012-05-03,000792,SELL,22.38380304075,500
2012-05-03,000703,SELL,9.51721282044,1400
2012-05-03,000593,SELL,7.0884069975,1800
2012-05-03,600860,SELL,4.94505,2200
2012-05-03,600562,SELL,5.4258531655499995,6000
2012-05-03,002006,SELL,12.5407166301,1700
2012-05-03,600838,SELL,5.8555677907799994,2100
2012-05-03,002053,SELL,4.49142366042,2400
2012-05-03,000603,SELL,22.835641579919997,1300
2012-05-03,000886,SELL,3.35137742784,3700
2012-05-03,002129,SELL,4.154981809050001,6000
2012-05-03,002059,SELL,5.16586093803,2800
2012-05-03,000962,SELL,16.8039708084,800
2012-05-03,600152,SELL,7.40996393868,3100
2012-05-03,600191,SELL,5.7840866235,2200
2012-05-03,000995,SELL,11.95803,2400
2012-05-03,600022,SELL,2.0955234789,5000
2012-05-03,600667,SELL,2.59892371476,9700
2012-05-03,002204,SELL,4.99363932204,5000
2012-05-03,600483,SELL,3.66347534751,3300
2012-05-03,600027,SELL,1.83946225644,7400
2012-05-03,300127,SELL,8.4600139176,1100
2012-05-03,000862,SELL,7.95693953556,1500
2012-05-03,000876,SELL,7.17511793976,1700
2012-05-03,000735,SELL,5.4428029488,2600
2012-05-03,600575,SELL,3.9831619509,3200
2012-05-03,300005,SELL,6.89363973972,2200
2012-05-03,600259,SELL,60.8025150216,200
2012-05-03,600456,SELL,20.47381905663,500
2012-05-03,002136,SELL,13.1399660808,3200
2012-05-03,000795,SELL,6.930694847520001,5400
2012-05-03,000807,SELL,6.162928902,2300
2012-05-03,600876,SELL,6.22377,1700
2012-05-03,000758,SELL,10.08987723279,1500
2012-05-03,000998,SELL,7.5338803782,1300
2012-05-03,002221,SELL,2.333005659,4700
2012-05-03,002430,SELL,12.33817532415,800
2012-05-03,600653,SELL,2.86713,4100
2012-05-03,000408,SELL,5.6735569238400005,4000
2012-05-03,600738,SELL,5.3714333098800005,2200
2012-05-03,600706,SELL,8.77510778832,1100
2012-05-03,002073,SELL,12.04803638352,800
2012-05-03,000524,SELL,7.03412977905,3000
2012-05-03,600779,SELL,21.803078376720002,700
2012-05-03,601005,SELL,3.26673,3900
2012-05-03,002469,SELL,4.67065083384,2100
2012-05-03,600132,SELL,18.38808953397,13900
2012-05-03,600764,SELL,6.50675568105,1900
2012-05-03,600773,SELL,13.7866995999,800
2012-05-03,600851,SELL,6.2861811264,40000
2012-05-03,600293,SELL,6.02982461952,1300
2012-05-03,600073,SELL,5.30222634612,2800
2012-05-03,600429,SELL,6.2085832419599996,2100
2012-05-03,000596,SELL,38.09919748518,300
2012-05-03,000717,SELL,2.43385899471,4500
2012-05-03,600645,SELL,26.003970000000002,1600
2012-05-03,002140,SELL,14.1838884135,700
2012-05-03,000656,BUY,3.4814956175999994,9600
2012-05-03,600166,BUY,3.6564069041499994,9100
2012-05-03,002146,BUY,4.024187417249999,8300
2012-05-03,002339,BUY,4.44568305181,7500
2012-05-03,600396,BUY,3.4638901597299996,9600
2012-05-03,600990,BUY,9.095721885249999,3600
2012-05-03,000970,BUY,13.40691476124,2400
2012-05-03,600885,BUY,3.0676323277599997,10900
2012-05-03,002311,BUY,7.829703281399999,4200
2012-05-03,300070,BUY,4.8569560039,6800
2012-05-03,600171,BUY,6.325034215499999,5200
2012-05-03,300155,BUY,4.0251473262,8300
2012-05-03,600011,BUY,3.3833745545599996,9800
2012-05-03,600121,BUY,7.8535341884999985,4200
2012-05-03,600803,BUY,7.738201721249999,4300
2012-05-03,601991,BUY,3.9463603379199994,8400
2012-05-03,600050,BUY,3.45371078052,9600
2012-05-03,600506,BUY,6.4816424672999995,5100
2012-05-03,600844,BUY,14.874859999999998,2200
2012-05-03,002414,BUY,1.3688303628999998,24400
2012-05-03,000525,BUY,11.118433376049998,3000
2012-05-03,600157,BUY,3.6295916056399995,9200
2012-05-03,600682,BUY,4.542746568359999,7300
2012-05-03,600039,BUY,1.2791745166199997,26100
2012-05-03,300204,BUY,11.732679158199998,2800
2012-05-03,600048,BUY,4.484782602299999,7400
2012-05-03,000537,BUY,6.1580076958399985,5400
2012-05-03,300075,BUY,3.7999756294499996,8800
2012-05-03,600211,BUY,5.21771658408,6400
2012-05-03,300013,BUY,3.3732514815999997,9900
2012-05-03,300058,BUY,2.5363513375199997,13100
2012-05-03,002304,BUY,64.461768371,500
2012-05-03,600850,BUY,12.454747845539998,2600
2012-05-03,600368,BUY,1.7447645214999998,19100
2012-05-03,300188,BUY,3.1163347214999995,10700
2012-05-03,600578,BUY,2.64787687164,12600
2012-05-03,000736,BUY,3.7269287054999998,8900
2012-05-03,600149,BUY,5.92592,5600
2012-05-03,002226,BUY,3.8460948325799995,8700
2012-05-03,600552,BUY,4.47118590919,7400
2012-05-03,600010,BUY,2.18173580625,15300
2012-05-03,600272,BUY,8.56630750976,3900
2012-05-03,000576,BUY,6.6486665044799995,5000
2012-05-03,600519,BUY,135.1343214221,200
2012-05-03,002004,BUY,3.2146121907899996,10400
2012-05-03,000683,BUY,3.29287562604,10100
2012-05-03,000739,BUY,2.5319658063699997,13200
2012-05-03,300201,BUY,1.4614900299999998,22900
2012-05-03,600988,BUY,3.3784699648699994,9900
2012-05-03,600702,BUY,27.418729157819996,1200
2012-05-03,300072,BUY,1.8129255143999996,18400
2012-05-03,600383,BUY,4.321910873279999,7700
2012-05-03,002145,BUY,1.77745155588,18800
2012-05-03,600694,BUY,16.46975297968,2000
2012-05-03,002096,BUY,12.920061854699998,2500
2012-05-03,002272,BUY,9.438081312659998,3500
2012-05-03,002116,BUY,3.9552987473999996,8400
2012-05-03,600698,BUY,4.86486,6800
2012-05-03,000539,BUY,3.3293524664399996,10000
2012-05-03,002107,BUY,2.3618784188999995,14100
2012-05-03,000601,BUY,2.9076997949999996,11500
2012-05-03,002456,BUY,2.21790076508,15000
2012-05-03,600170,BUY,1.6464131683999998,20300
2012-05-03,000582,BUY,4.66458857865,7100
2012-05-03,300146,BUY,6.377043672999999,5200
2012-05-03,000514,BUY,4.48722101828,7400
2012-05-03,000156,BUY,1.5720204499999997,21200
2012-05-03,600094,BUY,5.66249529846,5900
2012-05-03,002307,BUY,3.5681963417099998,9300
2012-05-03,300017,BUY,1.0240438208,32600
2012-05-03,000665,BUY,9.927473535979999,3300
2012-05-03,000922,BUY,5.13043880349,6500
2012-05-03,600052,BUY,4.777944391219999,7000
2012-05-03,002236,BUY,4.12517105,8100
2012-05-03,002016,BUY,4.085884802999999,8100
2012-08-01,300070,SELL,5.94447229728,6800
2012-08-01,600171,SELL,4.73940053532,5200
2012-08-01,600011,SELL,4.36105242216,9800
2012-08-01,600121,SELL,5.76382902138,4200
2012-08-01,600211,SELL,4.915822456800001,6400
2012-08-01,300075,SELL,4.047473075399999,8800
2012-08-01,300013,SELL,2.7615916439999997,9900
2012-08-01,600552,SELL,4.70171072286,7400
2012-08-01,600519,SELL,147.33015831405,200
2012-08-01,000739,SELL,2.7507279585599997,13200
2012-08-01,600199,SELL,22.02370896528,700
2012-08-01,600962,SELL,7.65864880488,2500
2012-08-01,000831,SELL,9.0504469935,1400
2012-08-01,002272,SELL,6.78652164504,3500
2012-08-01,000601,SELL,2.83224484008,11500
2012-08-01,002456,SELL,2.9800473696000003,15000
2012-08-01,000514,SELL,4.042681062210001,7400
2012-08-01,000156,SELL,1.56887955,21200
2012-08-01,002307,SELL,2.9890081098900003,9300
2012-08-01,300017,SELL,1.1825221941000001,32600
2012-08-01,000665,SELL,8.99266699134,3300
2012-08-01,600396,SELL,3.46169839644,9600
2012-08-01,600133,BUY,5.695396456749999,3700
2012-08-01,300054,BUY,3.4811770593599993,6000
2012-08-01,002353,BUY,20.395484929819997,1000
2012-08-01,002063,BUY,3.2846598384599996,6400
2012-08-01,002390,BUY,3.3377845000499997,6300
2012-08-01,300039,BUY,4.993558169599999,4200
2012-08-01,002310,BUY,7.165283645519999,2900
2012-08-01,002099,BUY,3.3770084548199995,6200
2012-08-01,300238,BUY,11.346774749309999,1800
2012-08-01,002594,BUY,4.42516236162,4700
2012-08-01,002400,BUY,2.3887687123299997,8800
2012-08-01,000888,BUY,9.3207679565,2200
2012-08-01,300024,BUY,4.58427507538,4600
2012-08-01,000915,BUY,8.204256059999999,2500
2012-08-01,002144,BUY,11.91765389815,1700
2012-08-01,002507,BUY,2.51633284903,8300
2012-08-01,002241,BUY,8.660361669959999,2400
2012-08-01,002250,BUY,10.743820167079999,1900
2012-08-01,002391,BUY,5.52856188885,3800
2012-08-01,600572,BUY,3.01042698957,7000
2012-08-01,002138,BUY,4.8594483537599995,4300
2012-08-01,002508,BUY,3.35839387884,6200
2012-08-01,600510,BUY,4.5319046773,4600
2012-08-01,000892,BUY,3.29329,6400
2012-08-01,300175,BUY,4.807525973249999,4300
2012-11-01,000656,SELL,2.6840003329799997,9600
2012-11-01,600166,SELL,2.76123086514,9100
2012-11-01,002146,SELL,3.79898036685,8300
2012-11-01,600990,SELL,8.66037383712,3600
2012-11-01,300054,SELL,4.9593441915,6000
2012-11-01,000970,SELL,11.980742265,2400
2012-11-01,002311,SELL,7.215826670279999,4200
2012-11-01,002353,SELL,21.443347058129998,1000
2012-11-01,000552,SELL,3.2197769999999997,4400
2012-11-01,300155,SELL,3.0238648083000004,8300
2012-11-01,002063,SELL,3.3639466260599997,6400
2012-11-01,002390,SELL,3.17584408689,6300
2012-11-01,300039,SELL,4.971523979520001,4200
2012-11-01,601991,SELL,3.13356741588,8400
2012-11-01,600050,SELL,2.84405324985,9600
2012-11-01,002310,SELL,7.113608710559999,2900
2012-11-01,002099,SELL,2.9822233514399996,6200
2012-11-01,600111,SELL,19.38026018016,900
2012-11-01,002414,SELL,1.30965494409,24400
2012-11-01,300238,SELL,9.72957555513,1800
2012-11-01,600039,SELL,1.29978133758,26100
2012-11-01,002304,SELL,55.99944993456,500
2012-11-01,600048,SELL,4.8008655288,7400
2012-11-01,002594,SELL,4.66588407537,4700
2012-11-01,002400,SELL,2.92826435445,8800
2012-11-01,600640,SELL,7.4694156075,1400
2012-11-01,600850,SELL,9.47454028569,2600
2012-11-01,000049,SELL,12.90232390086,1500
2012-11-01,000888,SELL,8.79160871088,2200
2012-11-01,300024,SELL,5.249429296020001,4600
2012-11-01,000915,SELL,8.924771694599999,2500
2012-11-01,002144,SELL,10.700069289930001,1700
2012-11-01,300188,SELL,3.47266108278,10700
2012-11-01,000736,SELL,3.7155463344,8900
2012-11-01,002226,SELL,3.8246578136999996,8700
2012-11-01,600010,SELL,2.0125439415,15300
2012-11-01,600272,SELL,9.24572216286,3900
2012-11-01,000576,SELL,6.30165020184,5000
2012-11-01,000683,SELL,2.3162340873600002,10100
2012-11-01,002507,SELL,2.70477626625,8300
2012-11-01,300201,SELL,1.287213498,22900
2012-11-01,002241,SELL,9.581872805729999,2400
2012-11-01,002181,SELL,4.82898563055,1800
2012-11-01,300072,SELL,2.26805559408,18400
2012-11-01,600383,SELL,3.50829231588,7700
2012-11-01,002250,SELL,11.57498969373,1900
2012-11-01,002145,SELL,1.75210781832,18800
2012-11-01,002391,SELL,5.48170892388,3800
2012-11-01,002096,SELL,10.08385527078,2500
2012-11-01,002116,SELL,4.6638601812900005,8400
2012-11-01,600698,SELL,4.8551400000000005,6800
2012-11-01,600572,SELL,2.93524150032,7000
2012-11-01,002107,SELL,2.12965245576,14100
2012-11-01,000539,SELL,3.73632009984,10000
2012-11-01,002138,SELL,5.8914084942,4300
2012-11-01,300175,SELL,4.56663615264,4300
2012-11-01,002508,SELL,3.55047880716,6200
2012-11-01,600170,SELL,1.66271776785,20300
2012-11-01,000582,SELL,5.58632246562,7100
2012-11-01,300146,SELL,7.0066805057999995,5200
2012-11-01,600510,SELL,4.49319189042,4600
2012-11-01,000892,SELL,3.7562399999999996,6400
2012-11-01,600094,SELL,5.0371313265,5900
2012-11-01,000547,SELL,3.5404025634900003,3400
2012-11-01,600986,SELL,3.53662751232,6200
2012-11-01,600855,SELL,7.59913403922,1400
2012-11-01,600368,SELL,1.49224520106,19100
2012-11-01,000922,SELL,5.09480930079,6500
2012-11-01,600052,SELL,3.43578490587,7000
2012-11-01,002016,SELL,6.06698788905,8100
2012-11-01,002271,BUY,2.17536894575,7300
2012-11-01,000665,BUY,7.1223293941799986,2200
2012-11-01,300026,BUY,3.0781129879499995,5100
2012-11-01,000545,BUY,2.3147822698,6900
2012-11-01,000409,BUY,7.763118543179999,2000
2012-11-01,000534,BUY,4.623901292009999,3400
2012-11-01,300122,BUY,4.853109110849999,3200
2012-11-01,002135,BUY,5.288601127809999,3000
2012-11-01,600622,BUY,2.2569953405999996,7000
2012-11-01,000426,BUY,5.694802263149999,2800
2012-11-01,000798,BUY,7.36773864827,2100
2012-11-01,600121,BUY,6.057289958719999,2600
2012-11-01,002376,BUY,7.078273732529999,2200
2012-11-01,000519,BUY,8.37274586148,1900
2012-11-01,000503,BUY,7.607599999999999,2100
2012-11-01,000792,BUY,16.27503039162,900
2012-11-01,600062,BUY,13.061768399679998,1200
2012-11-01,600452,BUY,0.9532910887499999,16700
2012-11-01,600562,BUY,6.79738010952,2300
2012-11-01,002037,BUY,12.4463260922,1200
2012-11-01,000607,BUY,5.000601565959999,3100
2012-11-01,600637,BUY,9.306561344079999,1700
2012-11-01,000543,BUY,2.71670774375,5800
2012-11-01,000697,BUY,13.026662048399999,1200
2012-11-01,000681,BUY,3.2604694122,4900
2012-11-01,002086,BUY,6.0300599759399995,2600
2012-11-01,002052,BUY,4.73875393992,3300
2012-11-01,002120,BUY,3.0783730377399996,5100
2012-11-01,600353,BUY,2.1350618288999996,7400
2012-11-01,002038,BUY,12.60988657929,1200
2012-11-01,600552,BUY,5.151356980769999,3100
2012-11-01,600315,BUY,29.151552830399996,500
2012-11-01,000963,BUY,8.01087149863,1900
2012-11-01,002286,BUY,5.912533506879999,2700
2012-11-01,000739,BUY,2.7302327051999997,5800
2012-11-01,002318,BUY,3.6902071206,4300
2012-11-01,600422,BUY,7.810874891819999,2000
2012-11-01,000404,BUY,4.201056339479999,3800
2012-11-01,300214,BUY,5.67753120935,2800
2012-11-01,600392,BUY,3.6387670519199995,4300
2012-11-01,600535,BUY,14.666074302879998,1000
2012-11-01,002049,BUY,7.00310939328,2200
2012-11-01,002262,BUY,5.972318952599999,2600
2012-11-01,600596,BUY,5.004979179199999,3100
2012-11-01,600230,BUY,11.022598767179998,1400
2012-11-01,000536,BUY,10.323150587749998,1500
2012-11-01,002374,BUY,4.205266665599999,3700
2012-11-01,600547,BUY,17.997391912499996,800
2012-11-01,002124,BUY,1.6404643254999998,9700
2012-11-01,300133,BUY,4.56609845692,3400
2012-11-01,600096,BUY,10.02969234267,1500
2012-11-01,002456,BUY,4.2432822431999995,3700
2012-11-01,600518,BUY,7.38024634347,2100
2012-11-01,002481,BUY,3.1052101079999996,5100
2012-11-01,000672,BUY,2.9692172309799996,5300
2012-11-01,600587,BUY,10.94284286095,1400
2012-11-01,600108,BUY,5.34302225457,2900
2012-11-01,600557,BUY,14.011831453619997,1100
2012-11-01,000791,BUY,3.8325571283999995,4100
2012-11-01,600583,BUY,4.18265035188,3800
2012-11-01,002051,BUY,13.831451353719999,1100
2012-11-01,002230,BUY,7.054002955999999,2200
2012-11-01,601607,BUY,8.353949844239999,1900
2012-11-01,002039,BUY,5.114979749879999,3100
2012-11-01,600594,BUY,9.15221400093,1700
2012-11-01,002421,BUY,2.16194210232,7300
2013-02-01,600682,SELL,4.21955745876,7300
2013-02-01,300204,SELL,13.1975476416,2800
2013-02-01,600108,SELL,7.041054727170001,2900
2013-02-01,002051,SELL,14.32588963014,1100
2013-02-01,002135,SELL,4.30841290437,3000
2013-02-01,601607,SELL,8.99467687944,1900
2013-02-01,002319,BUY,9.899510100479999,35100
2013-02-01,002571,BUY,11.786215641199998,29500
2013-02-01,002219,BUY,2.8079347295999995,123900
2013-02-01,600722,BUY,6.156149999999999,56500
2013-05-03,002271,SELL,2.33194547025,7300
2013-05-03,000665,SELL,7.19003670606,2200
2013-05-03,600133,SELL,4.5472136346,3700
2013-05-03,000409,SELL,13.599917778690001,2000
2013-05-03,000534,SELL,4.763223298710001,3400
2013-05-03,600885,SELL,3.5076356532,10900
2013-05-03,300122,SELL,5.8267305368999995,3200
2013-05-03,600622,SELL,2.54019833892,7000
2013-05-03,000426,SELL,4.45001897655,2800
2013-05-03,000798,SELL,7.75444763016,2100
2013-05-03,600121,SELL,5.3458107381,2600
2013-05-03,002376,SELL,7.1878599549899995,2200
2013-05-03,000503,SELL,14.985,2100
2013-05-03,002319,SELL,8.376203002410001,35100
2013-05-03,000792,SELL,14.274508103099999,900
2013-05-03,600722,SELL,4.90509,56500
2013-05-03,600062,SELL,11.896947623520001,1200
2013-05-03,600506,SELL,6.7372617942,5100
2013-05-03,600844,SELL,9.70029,2200
2013-05-03,600452,SELL,0.93293528085,16700
2013-05-03,600562,SELL,8.639855805689999,2300
2013-05-03,000525,SELL,12.717609260400002,3000
2013-05-03,002037,SELL,11.835211911030001,1200
2013-05-03,600157,SELL,2.97006620076,9200
2013-05-03,000537,SELL,4.6052025876,5400
2013-05-03,000799,SELL,17.74869988365,600
2013-05-03,000607,SELL,4.0769749939499995,3100
2013-05-03,600637,SELL,12.11752957077,1700
2013-05-03,300058,SELL,6.7477830624,13100
2013-05-03,000697,SELL,9.73163456406,1200
2013-05-03,000543,SELL,2.98023870807,5800
2013-05-03,000681,SELL,6.92204970132,4900
2013-05-03,002086,SELL,4.80843631044,2600
2013-05-03,000670,SELL,11.85813,9900
2013-05-03,002120,SELL,2.47027735989,5100
2013-05-03,600578,SELL,2.5850900822400003,12600
2013-05-03,600353,SELL,2.1503147128199998,7400
2013-05-03,002038,SELL,21.296667015,1200
2013-05-03,600149,SELL,7.10289,5600
2013-05-03,600552,SELL,6.167611674540001,3100
2013-05-03,000963,SELL,8.908762020300001,1900
2013-05-03,002286,SELL,6.594922635840001,2700
2013-05-03,002004,SELL,3.4475012478,10400
2013-05-03,002318,SELL,4.4512872969599995,4300
2013-05-03,000739,SELL,4.0547287125,5800
2013-05-03,600422,SELL,10.6946044902,2000
2013-05-03,000404,SELL,4.3479464212800005,3800
2013-05-03,600988,SELL,3.8972463824699997,9900
2013-05-03,600392,SELL,5.49365408676,4300
2013-05-03,300214,SELL,3.904655436,2800
2013-05-03,600702,SELL,14.585575234590001,1200
2013-05-03,002049,SELL,10.15972258752,2200
2013-05-03,002219,SELL,3.3903121941,123900
2013-05-03,002571,SELL,12.197790000000001,29500
2013-05-03,600694,SELL,17.1318066444,2000
2013-05-03,002262,SELL,6.968077447500001,2600
2013-05-03,600230,SELL,9.12068880138,1400
2013-05-03,000536,SELL,12.71264530932,1500
2013-05-03,002374,SELL,3.5014538412,3700
2013-05-03,600547,SELL,15.38935586937,800
2013-05-03,002124,SELL,1.32586458822,9700
2013-05-03,300133,SELL,7.69557214458,3400
2013-05-03,600096,SELL,8.65459924749,1500
2013-05-03,600518,SELL,7.82775226215,2100
2013-05-03,002481,SELL,3.692309994,5100
2013-05-03,000672,SELL,4.04963287344,5300
2013-05-03,600587,SELL,13.70931411285,1400
2013-05-03,600557,SELL,20.313566469629997,1100
2013-05-03,000791,SELL,3.56229461952,4100
2013-05-03,002230,SELL,9.51141996909,2200
2013-05-03,002039,SELL,4.9848243858,3100
2013-05-03,600594,SELL,12.245158753830001,1700
2013-05-03,002421,SELL,2.5766883324000003,7300
2013-05-03,600490,BUY,6.868832950979999,5000
2013-05-03,600203,BUY,6.344719451069999,5400
2013-05-03,000720,BUY,2.89289,12000
2013-05-03,600674,BUY,3.2468415979999996,10700
2013-05-03,000625,BUY,4.5266853631999995,7600
2013-05-03,600777,BUY,1.31430174876,26400
2013-05-03,000716,BUY,6.038363811479999,5700
2013-05-03,600332,BUY,28.043044519489996,1200
2013-05-03,002190,BUY,13.041916687799999,2600
2013-05-03,600795,BUY,1.86536462112,18600
2013-05-03,600604,BUY,4.09341127195,8500
2013-05-03,002061,BUY,2.7200881707999995,12700
2013-05-03,000977,BUY,4.241175038099999,8200
2013-05-03,600280,BUY,4.74508059025,7300
2013-05-03,300070,BUY,10.587114377839999,3200
2013-05-03,000902,BUY,3.53800163717,9800
2013-05-03,600120,BUY,2.2194395222999996,15600
2013-05-03,002353,BUY,38.99464471903,800
2013-05-03,002035,BUY,2.8876884036,12000
2013-05-03,600011,BUY,4.15988100528,8300
2013-05-03,002289,BUY,13.023058448399999,2600
2013-05-03,000712,BUY,7.196172203219999,4800
2013-05-03,600566,BUY,5.079455541159999,6800
2013-05-03,002635,BUY,12.6697245675,2700
2013-05-03,300251,BUY,4.9658516407499995,7000
2013-05-03,000050,BUY,11.476328914049997,3000
2013-05-03,600352,BUY,3.7392761406,9300
2013-05-03,000848,BUY,5.528270748,6200
2013-05-03,300075,BUY,6.792192757349999,5100
2013-05-03,600398,BUY,1.8075391834499999,19200
2013-05-03,600515,BUY,5.719990956679999,6000
2013-05-03,002016,BUY,6.206127727799999,5600
2013-05-03,000049,BUY,20.8199367376,1600
2013-05-03,002059,BUY,3.6729965071799993,9400
2013-05-03,600088,BUY,9.099653843279999,3800
2013-05-03,300057,BUY,9.58972620606,3600
2013-05-03,600135,BUY,8.426723745439999,4100
2013-05-03,600733,BUY,5.383847859389999,6400
2013-05-03,600580,BUY,3.7446403994999993,9200
2013-05-03,000690,BUY,3.5621631044999997,9700
2013-05-03,600478,BUY,6.609176994419999,5200
2013-05-03,300168,BUY,5.3997147204,6400
2013-05-03,002273,BUY,7.666439000219999,4500
2013-05-03,300074,BUY,6.94410741024,5000
2013-05-03,002241,BUY,13.753276707169999,2500
2013-05-03,600692,BUY,7.508314533719999,4600
2013-05-03,000100,BUY,2.07140878945,16700
2013-05-03,000595,BUY,3.128125,11100
2013-05-03,300083,BUY,5.526643192069999,6200
2013-05-03,000958,BUY,2.4223759559999998,14300
2013-05-03,600038,BUY,22.172933422639996,1500
2013-05-03,002649,BUY,6.891663378599999,5000
2013-05-03,002427,BUY,3.6781009865599996,9400
2013-05-03,300134,BUY,5.7602967421999995,6000
2013-05-03,000921,BUY,6.16834175958,5600
2013-05-03,000790,BUY,6.207365684519999,5600
2013-05-03,300228,BUY,19.835753897959997,1700
2013-05-03,600336,BUY,3.6423866478999996,9500
2013-05-03,002322,BUY,8.9602306794,3800
2013-05-03,002253,BUY,10.585297723,3200
2013-05-03,000899,BUY,4.42789082736,7800
2013-05-03,000582,BUY,7.024321624319999,4900
2013-05-03,002256,BUY,1.13126589576,30700
2013-05-03,000555,BUY,4.7549751449199995,7300
2013-05-03,600886,BUY,2.70132261399,12800
2013-05-03,600864,BUY,8.067027308339998,4300
2013-05-03,002316,BUY,7.957200451199999,4300
2013-05-03,002572,BUY,5.353287239299999,6400
2013-05-03,600389,BUY,9.382661077789997,3700
2013-05-03,300270,BUY,9.336582074819999,3700
2013-05-03,601058,BUY,1.8600327645899997,18700
2013-05-03,000657,BUY,5.5724710041,6200
2013-05-03,002047,BUY,2.71272907906,12800
2013-05-03,600256,BUY,7.063029373399999,4900
2013-05-03,002554,BUY,5.65614830781,6100
2013-08-01,000690,SELL,3.19409295975,9700
2013-08-01,300251,SELL,7.0057647225,7000
2013-08-01,300270,SELL,8.8130374407,3700
2013-08-01,300070,SELL,14.824251948959999,3200
2013-08-01,002353,SELL,43.534166955299995,800
2013-08-01,002649,SELL,9.220176034560001,5000
2013-08-01,600011,SELL,3.68285138208,8300
2013-08-01,002236,SELL,13.112095978800001,8100
2013-08-01,002685,BUY,3.0081881829999997,10500
2013-08-01,002287,BUY,11.724395632949998,2700
2013-08-01,000055,BUY,3.1015799814999996,10200
2013-08-01,300009,BUY,2.5396844372899996,12400
2013-08-01,300097,BUY,7.298180509619999,4300
2013-08-01,601633,BUY,9.55652754056,3300
2013-08-01,000955,BUY,3.3333299999999997,9500
2013-08-01,000536,BUY,12.95588668374,2400
2013-11-01,000720,SELL,2.51748,12000
2013-11-01,000625,SELL,5.04395611488,7600
2013-11-01,600674,SELL,4.195996753049999,10700
2013-11-01,600777,SELL,1.4509920355200001,26400
2013-11-01,002339,SELL,6.77621426274,7500
2013-11-01,300026,SELL,4.912391691000001,5100
2013-11-01,300097,SELL,5.783872118220001,4300
2013-11-01,002061,SELL,2.4416851507199997,12700
2013-11-01,600280,SELL,6.68387551392,7300
2013-11-01,000902,SELL,3.87621599391,9800
2013-11-01,600120,SELL,2.5940333400299997,15600
2013-11-01,600803,SELL,6.87152312847,4300
2013-11-01,600352,SELL,4.26454780338,9300
2013-11-01,000848,SELL,6.151770072,6200
2013-11-01,600515,SELL,5.13364794327,6000
2013-11-01,002059,SELL,4.2196133628000005,9400
2013-11-01,600580,SELL,4.8428268255,9200
2013-11-01,000595,SELL,2.652345,11100
2013-11-01,300083,SELL,4.12343112132,6200
2013-11-01,600535,SELL,22.5007821945,1000
2013-11-01,600596,SELL,5.79407148864,3100
2013-11-01,002427,SELL,3.5881754328,9400
2013-11-01,000921,SELL,7.62209201826,5600
2013-11-01,300228,SELL,21.7098409275,1700
2013-11-01,000582,SELL,6.73036236054,4900
2013-11-01,002256,SELL,1.84686213915,30700
2013-11-01,600864,SELL,8.7938031942,4300
2013-11-01,600583,SELL,6.290377026300001,3800
2013-11-01,600389,SELL,11.132411095350001,3700
2013-11-01,002554,SELL,6.021968343659999,6100
2013-11-01,600490,SELL,6.8435098398,5000
2013-11-01,000545,SELL,3.5583875005500003,6900
2013-11-01,000519,SELL,8.37697700763,1900
2013-11-01,002289,SELL,9.899333157600001,2600
2013-11-01,000712,SELL,10.131133605119999,4800
2013-11-01,000955,SELL,3.4165799999999997,9500
2013-11-01,300057,SELL,10.043160026759999,3600
2013-11-01,000958,SELL,2.2026439512000002,14300
2013-11-01,000536,SELL,14.843789352,2400
2013-11-01,002685,SELL,2.7106368497999997,10500
2013-11-01,002322,SELL,7.6670671581,3800
2013-11-01,002253,SELL,13.516483106879999,3200
2013-11-01,000899,SELL,4.11375588624,7800
2013-11-01,601633,SELL,11.11767537582,3300
2013-11-01,601058,SELL,1.9842726211200001,18700
2013-11-01,600203,SELL,6.35179945239,5400
2013-11-01,000716,SELL,5.301826026840001,5700
2013-11-01,600795,SELL,1.74094604127,18600
2013-11-01,000977,SELL,8.95058412633,8200
2013-11-01,000050,SELL,12.38524168068,3000
2013-11-01,000055,SELL,3.0218181570000002,10200
2013-11-01,600135,SELL,7.76256355611,4100
2013-11-01,600038,SELL,22.188379140269998,1500
2013-11-01,300134,SELL,5.05513228752,6000
2013-11-01,000790,SELL,5.60324170944,5600
2013-11-01,600336,SELL,5.6726343873000005,9500
2013-11-01,002316,SELL,8.68545976608,4300
2013-11-01,002572,SELL,7.139207685960001,6400
2013-11-01,600256,SELL,6.4491990453,4900
2013-11-01,002016,SELL,5.63928757749,5600
2013-11-01,600332,SELL,24.089587029270003,1200
2013-11-01,002190,SELL,16.81100388828,2600
2013-11-01,300009,SELL,2.16518750514,12400
2013-11-01,600604,SELL,4.0763449746000004,8500
2013-11-01,002635,SELL,9.71398378251,2700
2013-11-01,000049,SELL,20.593082663639997,1600
2013-11-01,002052,SELL,13.27671,3300
2013-11-01,600478,SELL,5.55320821302,5200
2013-11-01,600315,SELL,36.64613883834,500
2013-11-01,300168,SELL,8.11248891048,6400
2013-11-01,002273,SELL,6.340078575,4500
2013-11-01,600692,SELL,8.12024346816,4600
2013-11-01,000100,SELL,1.70286995547,16700
2013-11-01,002456,SELL,8.21341759077,3700
2013-11-01,002287,SELL,12.67758668304,2700
2013-11-01,600886,SELL,3.13086184416,12800
2013-11-01,002035,SELL,3.1757314396500003,12000
2013-11-01,002261,BUY,8.06750202258,3200
2013-11-01,600189,BUY,5.748094352,4600
2013-11-01,002416,BUY,10.807244848399998,2400
2013-11-01,600880,BUY,12.108751604949997,2100
2013-11-01,600526,BUY,9.25833527619,2800
2013-11-01,002129,BUY,8.039564743209999,3300
2013-11-01,000949,BUY,2.6923101004799994,9800
2013-11-01,300058,BUY,8.617927027709998,3000
2013-11-01,600872,BUY,9.2332955715,2800
2013-11-01,000681,BUY,12.755351548939998,2000
2013-11-01,600206,BUY,7.5382214908,3500
2013-11-01,600520,BUY,8.84884,3000
2013-11-01,002250,BUY,12.626398734949998,2100
2013-11-01,002432,BUY,8.8712763139,2900
2013-11-01,600151,BUY,8.886288410999999,2900
2013-11-01,002236,BUY,13.36091765008,1900
2013-11-01,000032,BUY,7.075302764529999,3700
2013-11-01,600633,BUY,14.048335000699998,1800
2013-11-01,002169,BUY,2.40643657254,11000
2013-11-01,600129,BUY,8.0202970848,3300
2013-11-01,300161,BUY,11.458977529999999,2300
2013-11-01,600597,BUY,17.97859023961,1400
2013-11-01,600505,BUY,8.868801491549998,2900
2013-11-01,300005,BUY,7.166111722769999,3700
2013-11-01,002107,BUY,2.88360678606,9200
2013-11-01,300133,BUY,12.541526247249998,2100
2013-11-01,300094,BUY,3.0554047323799995,8700
2013-11-01,300215,BUY,9.30848432514,2800
2013-11-01,002224,BUY,5.045339729429999,5200
2013-11-01,600073,BUY,8.386161884099998,3100
2013-11-01,002451,BUY,3.8547708198999997,6900
2013-11-01,002202,BUY,4.408871286819999,6000
2013-11-01,002566,BUY,13.666719666599999,1900
2013-11-01,300080,BUY,8.288258328349999,3200
2013-11-01,000503,BUY,19.49948,1300
2013-11-01,600110,BUY,5.369685431109999,4900
2013-11-01,000063,BUY,11.41075932997,2300
2013-11-01,002312,BUY,4.745237016519999,5600
2013-11-01,002184,BUY,4.301366209139999,6100
2013-11-01,600637,BUY,21.892633312549997,1200
2013-11-01,000572,BUY,4.1138173576499995,6400
2013-11-01,600588,BUY,3.4949280365999997,7600
2013-11-01,600648,BUY,27.41781096054,900
2013-11-01,002223,BUY,11.302335744699999,2300
2013-11-01,600222,BUY,6.15543924996,4300
2013-11-01,002296,BUY,11.097643557,2300
2013-11-01,600980,BUY,10.591433852999998,2500
2013-11-01,300061,BUY,2.9617305717999995,8900
2013-11-01,600405,BUY,4.999973378399999,5300
2013-11-01,600776,BUY,4.829660125289999,5500
2013-11-01,300315,BUY,10.041560729199999,2600
2013-11-01,600536,BUY,12.586654280199998,2100
2013-11-01,000025,BUY,4.6953290384,5600
2013-11-01,000156,BUY,18.707043355,1400
2013-11-01,002570,BUY,19.483878113699998,1300
2013-11-01,300239,BUY,5.251852916309999,5000
2013-11-01,002605,BUY,8.10216430023,3200
2013-11-01,000952,BUY,5.524792733459999,4800
2013-11-01,000532,BUY,16.00849492242,1600
2013-11-01,600359,BUY,8.5085,3100
2013-11-01,002075,BUY,2.2433340929999996,11800
2013-11-01,300071,BUY,6.745885996849999,3900
2013-11-01,300246,BUY,10.791912090959999,2400
2013-11-01,300002,BUY,8.6564714236,3000
2013-11-01,601999,BUY,5.9790834102999995,4400
2013-11-01,600416,BUY,6.086881110309999,4300
2013-11-01,300251,BUY,6.907126976749999,3800
2013-11-01,300077,BUY,10.803096303999999,2400
2013-11-01,600771,BUY,17.334956719079997,1500
2013-11-01,000538,BUY,35.29011285799999,700
2013-11-01,002594,BUY,12.120133535509998,2100
2013-11-01,000915,BUY,16.155452082769997,1600
2013-11-01,300056,BUY,8.319640329,3100
2013-11-01,300244,BUY,12.55455825624,2100
2013-11-01,300052,BUY,29.301783761249997,900
2013-11-01,002095,BUY,16.816919939819996,1500
2013-11-01,000159,BUY,7.136391862599999,3700
2013-11-01,002583,BUY,3.6172309172999997,7300
2013-11-01,600249,BUY,5.7011470516,4600
2014-02-10,002261,SELL,10.59355248336,3200
2014-02-10,300181,BUY,7.4635214653999995,59200
2014-02-10,002555,BUY,5.8417100742,75700
2014-05-06,600189,SELL,5.1107976864,4600
2014-05-06,002416,SELL,7.42582482192,2400
2014-05-06,600880,SELL,9.98337239424,2100
2014-05-06,600566,SELL,13.95345990267,6800
2014-05-06,600526,SELL,9.187741661399999,2800
2014-05-06,002129,SELL,6.0288226425,3300
2014-05-06,000949,SELL,2.92017138552,9800
2014-05-06,300058,SELL,9.28557017496,3000
2014-05-06,600872,SELL,9.49568087394,2800
2014-05-06,000681,SELL,18.379915446240002,2000
2014-05-06,600088,SELL,11.79545416857,3800
2014-05-06,600206,SELL,10.313395440839999,3500
2014-05-06,600520,SELL,12.41757,3000
2014-05-06,002250,SELL,11.72617541667,2100
2014-05-06,600151,SELL,6.966725830470001,2900
2014-05-06,000657,SELL,5.60311249878,6200
2014-05-06,002047,SELL,5.05429277787,12800
2014-05-06,002236,SELL,9.78351333336,1900
2014-05-06,000032,SELL,6.69579661089,3700
2014-05-06,600633,SELL,11.233156039559999,1800
2014-05-06,300181,SELL,5.40150789519,59200
2014-05-06,300075,SELL,11.2477593816,5100
2014-05-06,600129,SELL,8.0042725152,3300
2014-05-06,300161,SELL,11.422899666,2300
2014-05-06,600597,SELL,16.07239553598,1400
2014-05-06,600505,SELL,8.230455605700001,2900
2014-05-06,300005,SELL,8.828730132299999,3700
2014-05-06,300074,SELL,9.20093207778,5000
2014-05-06,002107,SELL,2.8848816306,9200
2014-05-06,300133,SELL,10.487313688499999,2100
2014-05-06,300094,SELL,3.90328287993,8700
2014-05-06,300215,SELL,6.5480337117,2800
2014-05-06,002224,SELL,5.06768490234,5200
2014-05-06,600073,SELL,6.66562134636,3100
2014-05-06,002451,SELL,7.7077461384,6900
2014-05-06,002202,SELL,5.19746609124,6000
2014-05-06,002566,SELL,11.53206270369,1900
2014-05-06,002555,SELL,4.98859934706,75700
2014-05-06,000503,SELL,17.75223,1300
2014-05-06,600110,SELL,4.8823889437800005,4900
2014-05-06,000063,SELL,9.71260930836,2300
2014-05-06,002312,SELL,7.03164132,5600
2014-05-06,002184,SELL,6.48643533174,6100
2014-05-06,600398,SELL,4.81493716308,19200
2014-05-06,600637,SELL,19.00110822165,1200
2014-05-06,000572,SELL,3.7593426942,6400
2014-05-06,600588,SELL,4.841503600049999,7600
2014-05-06,600648,SELL,20.0692174932,900
2014-05-06,002223,SELL,12.372001294319999,2300
2014-05-06,600222,SELL,6.52524989832,4300
2014-05-06,600733,SELL,5.53003197246,6400
2014-05-06,600405,SELL,6.48989656704,5300
2014-05-06,002241,SELL,13.527961497,2500
2014-05-06,300315,SELL,9.17878082121,2600
2014-05-06,600536,SELL,8.0731721466,2100
2014-05-06,000025,SELL,6.8097945888,5600
2014-05-06,000156,SELL,22.434977565,1400
2014-05-06,002570,SELL,13.64483336814,1300
2014-05-06,300239,SELL,4.6177283493,5000
2014-05-06,002605,SELL,12.46988873889,3200
2014-05-06,000952,SELL,5.9104853982,4800
2014-05-06,000532,SELL,14.27083270218,1600
2014-05-06,600359,SELL,7.40259,3100
2014-05-06,002075,SELL,2.5680948345,11800
2014-05-06,300071,SELL,7.95275232696,3900
2014-05-06,300246,SELL,14.2802748306,2400
2014-05-06,300002,SELL,7.90152960096,3000
2014-05-06,601999,SELL,5.79791986641,4400
2014-05-06,600416,SELL,8.63456889789,4300
2014-05-06,300251,SELL,7.0403610915,3800
2014-05-06,300077,SELL,11.502599885999999,2400
2014-05-06,600771,SELL,15.29314129026,1500
2014-05-06,000538,SELL,30.68289980658,700
2014-05-06,002594,SELL,14.4999376479,2100
2014-05-06,000915,SELL,14.965640418960001,1600
2014-05-06,300056,SELL,6.740820272160001,3100
2014-05-06,002095,SELL,16.64066768499,1500
2014-05-06,000555,SELL,10.8760622508,7300
2014-05-06,000159,SELL,8.00164510524,3700
2014-05-06,002583,SELL,4.570528896,7300
2014-05-06,600249,SELL,4.8515771664,4600
2014-05-06,300213,BUY,6.292935729079999,3000
2014-05-06,600460,BUY,5.40520567587,3400
2014-05-06,000923,BUY,6.084386287979999,3100
2014-05-06,000810,BUY,6.13052913473,3000
2014-05-06,000636,BUY,5.2021593624,3600
2014-05-06,002362,BUY,17.12711,1100
2014-05-06,000403,BUY,7.301995700999999,2500
2014-05-06,600515,BUY,4.9338310621599994,3800
2014-05-06,000777,BUY,9.43325383,2000
2014-05-06,000576,BUY,10.79916541704,1700
2014-05-06,600807,BUY,6.638557685759999,2800
2014-05-06,002520,BUY,11.279123335479998,1600
2014-05-06,002461,BUY,6.3693537908,2900
2014-05-06,002551,BUY,12.516890035649999,1500
2014-05-06,002265,BUY,8.0358216939,2300
2014-05-06,002180,BUY,7.596766937759999,2400
2014-05-06,002437,BUY,7.02369369702,2600
2014-05-06,002669,BUY,10.6203272175,1700
2014-05-06,600673,BUY,4.284933392739999,4400
2014-05-06,000756,BUY,3.7224374387199997,5000
2014-05-06,600602,BUY,6.576679109,2800
2014-05-06,600618,BUY,7.000241247999999,2700
2014-05-06,600149,BUY,10.150139999999999,1800
2014-05-06,300025,BUY,7.232677852399999,2600
2014-05-06,300011,BUY,10.26535595085,1800
2014-05-06,000958,BUY,2.8619923332,6600
2014-05-06,002346,BUY,6.428859116679999,2900
2014-05-06,002132,BUY,2.03408129925,9200
2014-05-06,000035,BUY,5.52404748896,3400
2014-05-06,002243,BUY,6.47692520475,2900
2014-05-06,000514,BUY,4.812717930019999,3900
2014-05-06,300174,BUY,4.97338456615,3800
2014-05-06,300137,BUY,7.325066228479999,2500
2014-05-06,600567,BUY,1.7507373483599997,10800
2014-05-06,002218,BUY,4.528634300189999,4100
2014-05-06,600629,BUY,5.1251187988,3600
2014-05-06,300221,BUY,3.3353706886499994,5600
2014-05-06,600732,BUY,3.63598303068,5200
2014-05-06,000607,BUY,4.18357414475,4500
2014-05-06,000592,BUY,4.34244196386,4300
2014-05-06,002103,BUY,5.1476750325,3600
2014-05-06,600483,BUY,3.6562601275199995,5100
2014-05-06,600383,BUY,5.2945256363999995,3500
2014-05-06,002571,BUY,15.06505,1200
2014-05-06,300134,BUY,15.871759783879998,1100
2014-05-06,000518,BUY,3.2432399999999997,5800
2014-05-06,002591,BUY,6.212124478559999,3000
2014-05-06,002194,BUY,7.393670734449999,2500
2014-05-06,300043,BUY,7.301790355859999,2500
2014-05-06,300067,BUY,3.2349345128099993,5800
2014-05-06,002178,BUY,4.744826966879999,3900
2014-05-06,002019,BUY,8.26800975,2200
2014-05-06,000029,BUY,3.7859556734999993,4900
2014-05-06,600255,BUY,3.3451375257299993,5600
2014-05-06,002182,BUY,2.3843877057,7900
2014-05-06,000959,BUY,2.4072077729699997,7800
2014-05-06,600604,BUY,5.1401631281,3600
2014-05-06,300229,BUY,6.777250379899999,2700
2014-05-06,002446,BUY,5.709452668919999,3300
2014-05-06,002363,BUY,6.432402456479999,2900
2014-05-06,000908,BUY,6.497697766559999,2900
2014-05-06,300004,BUY,17.84623702862,1000
2014-05-06,002252,BUY,8.68063724528,2100
2014-05-06,000567,BUY,1.7081149485399998,11000
2014-05-06,601218,BUY,3.7428490199099995,5000
2014-05-06,600843,BUY,9.8617352834,1900
2014-05-06,300126,BUY,7.371073709999999,2500
2014-05-06,300169,BUY,9.186821644,2000
2014-05-06,300168,BUY,9.700515644819998,1900
2014-05-06,002130,BUY,4.057941887999999,4600
2014-05-06,600692,BUY,8.28606823044,2200
2014-05-06,601798,BUY,11.0958591744,1700
2014-05-06,300254,BUY,12.564640588499998,1500
2014-05-06,002350,BUY,4.446177756019999,4200
2014-05-06,600446,BUY,8.210955752999999,2300
2014-05-06,002105,BUY,3.6378048006299992,5100
2014-05-06,002387,BUY,7.9585099994399995,2300
2014-05-06,600343,BUY,8.3810044318,2200
2014-05-06,601519,BUY,7.007,2600
2014-08-01,600483,SELL,3.84149435031,5100
2014-08-01,002182,SELL,2.9995542432,7900
2014-08-01,300221,SELL,4.23741921912,5600
2014-08-01,000576,SELL,11.9260202418,1700
2014-08-01,300043,SELL,6.4400534001,2500
2014-08-01,002019,SELL,10.239182568,2200
2014-08-01,000756,SELL,4.693305996,5000
2014-08-01,300229,SELL,7.159718424689999,2700
2014-08-01,002169,SELL,3.49436741472,11000
2014-08-01,601798,SELL,11.91450259098,1700
2014-08-01,300052,SELL,25.57488445506,900
2014-08-01,000636,SELL,6.38772569019,3600
2014-08-01,300174,SELL,5.971729263029999,3800
2014-08-01,000407,BUY,5.544194215559999,28400
2014-08-01,600379,BUY,6.3607461918,24800
2014-08-01,600711,BUY,4.34965593062,36200
2014-08-01,002590,BUY,5.758220307839999,27400
2014-08-01,300098,BUY,3.56480680556,44200
2014-08-01,300184,BUY,3.6488160708999997,43200
2014-08-01,002299,BUY,9.981366545149998,15800
2014-08-01,000546,BUY,6.689161949469999,23500
2014-08-01,002364,BUY,8.61424628064,18300
2014-08-01,603399,BUY,10.802910308189999,14600
2014-08-01,600961,BUY,9.4094,16700
2014-08-01,300267,BUY,8.671919255999999,18100
2014-08-01,000034,BUY,4.06609679476,38800
2014-11-03,002461,SELL,7.40731010517,2900
2014-11-03,300213,SELL,10.194547937309999,3000
2014-11-03,002551,SELL,15.59600132706,1500
2014-11-03,300137,SELL,10.22379928668,2500
2014-11-03,000959,SELL,3.34653129882,7800
2014-11-03,600604,SELL,6.15192279912,3600
2014-11-03,002364,SELL,9.625542941880001,18300
2014-11-03,600460,SELL,6.353785854000001,3400
2014-11-03,300184,SELL,4.1151978728100005,43200
2014-11-03,002180,SELL,12.832034121000001,2400
2014-11-03,300080,SELL,10.01399809788,3200
2014-11-03,000810,SELL,9.08708432949,3000
2014-11-03,600961,SELL,9.270719999999999,16700
2014-11-03,002299,SELL,11.203761014009999,15800
2014-11-03,600567,SELL,2.4311007656999997,10800
2014-11-03,300267,SELL,9.82777087152,18100
2014-11-03,000034,SELL,4.780982311920001,38800
2014-11-03,002218,SELL,4.9321820808,4100
2014-11-03,002437,SELL,8.0383737798,2600
2014-11-03,600629,SELL,6.95021766516,3600
2014-11-03,000403,SELL,9.424222044299999,2500
2014-11-03,002363,SELL,10.288553887259999,2900
2014-11-03,002669,SELL,15.712705166400001,1700
2014-11-03,000908,SELL,9.91164747096,2900
2014-11-03,300004,SELL,19.08336366387,1000
2014-11-03,600673,SELL,5.37625308528,4400
2014-11-03,600515,SELL,6.33758645961,3800
2014-11-03,600602,SELL,6.27286788297,2800
2014-11-03,000592,SELL,9.69223967838,4300
2014-11-03,600843,SELL,13.52548489608,1900
2014-11-03,002590,SELL,6.6526015392,27400
2014-11-03,002296,SELL,18.32845245075,2300
2014-11-03,600618,SELL,7.3902791232,2700
2014-11-03,000777,SELL,18.742369749119998,2000
2014-11-03,002103,SELL,5.5310091542999995,3600
2014-11-03,600149,SELL,11.80818,1800
2014-11-03,300126,SELL,13.3845876144,2500
2014-11-03,000407,SELL,6.24676849848,28400
2014-11-03,600980,SELL,18.0231772815,2500
2014-11-03,300168,SELL,17.084376022500003,1900
2014-11-03,300061,SELL,6.68639954736,8900
2014-11-03,600776,SELL,9.591433205760001,5500
2014-11-03,300244,SELL,16.444198201139997,2100
2014-11-03,300011,SELL,18.806963211,1800
2014-11-03,600711,SELL,6.96364722216,36200
2014-11-03,002130,SELL,5.802887304,4600
2014-11-03,600692,SELL,10.77723489708,2200
2014-11-03,300254,SELL,21.708378031859997,1500
2014-11-03,000958,SELL,6.6885163884,6600
2014-11-03,300098,SELL,4.60143220176,44200
2014-11-03,600383,SELL,5.3528591925899995,3500
2014-11-03,002571,SELL,12.63735,1200
2014-11-03,002432,SELL,24.9168063519,2900
2014-11-03,603399,SELL,9.8533858509,14600
2014-11-03,002132,SELL,3.57622194825,9200
2014-11-03,000035,SELL,6.4933168633200005,3400
2014-11-03,002243,SELL,8.0139348432,2900
2014-11-03,002350,SELL,6.18710486184,4200
2014-11-03,600446,SELL,13.8773981106,2300
2014-11-03,002591,SELL,11.234715588450001,3000
2014-11-03,002194,SELL,10.6958443491,2500
2014-11-03,002446,SELL,7.0979420728800005,3300
2014-11-03,600379,SELL,6.3480374082,24800
2014-11-03,300067,SELL,4.0419877662,5800
2014-11-03,000514,SELL,6.3956535444,3900
2014-11-03,002178,SELL,6.28727371272,3900
2014-11-03,002387,SELL,10.15245263475,2300
2014-11-03,600343,SELL,16.84730071512,2200
2014-11-03,601519,SELL,5.97402,2600
2014-11-03,600807,SELL,8.25398753022,2800
2014-11-03,002520,SELL,10.84787642484,1600
2014-11-03,002321,BUY,7.419069908249999,8400
2014-11-03,600006,BUY,5.255063813999999,11800
2014-11-03,300256,BUY,5.602954717359999,11100
2014-11-03,002134,BUY,9.209199999999997,6700
2014-11-03,600584,BUY,10.84835224473,5700
2014-11-03,600026,BUY,4.958984430399999,12500
2014-11-03,600126,BUY,3.8783306561999997,16000
2014-11-03,000680,BUY,3.8685387740999992,16100
2014-11-03,600812,BUY,6.59416693936,9400
2014-11-03,600367,BUY,10.687901684459998,5800
2014-11-03,002075,BUY,2.9163343209,21300
2014-11-03,300269,BUY,13.8460043722,4500
2014-11-03,002555,BUY,5.938386464009999,10500
2014-11-03,000798,BUY,10.168314406249998,6100
2014-11-03,002390,BUY,8.3244969808,7400
2014-11-03,002289,BUY,13.663865014799999,4500
2014-11-03,000712,BUY,18.08441080446,3400
2014-11-03,000868,BUY,6.1981146126899995,10000
2014-11-03,600844,BUY,7.117109999999999,8700
2014-11-03,600860,BUY,6.906899999999999,9000
2014-11-03,600822,BUY,10.834347183659998,5700
2014-11-03,300283,BUY,5.540634098999999,11200
2014-11-03,300138,BUY,4.637029717319999,13400
2014-11-03,300148,BUY,12.4076900948,5000
2014-11-03,000932,BUY,1.3420152345599998,46400
2014-11-03,000707,BUY,5.080676180579999,12200
2014-11-03,300092,BUY,7.11776959894,8700
2014-11-03,600728,BUY,5.806768967999999,10700
2014-11-03,300161,BUY,16.2042803923,3800
2014-11-03,600345,BUY,15.785192222799997,3900
2014-11-03,000670,BUY,12.522509999999999,4900
2014-11-03,600095,BUY,6.593340553799999,9400
2014-11-03,000852,BUY,13.498818933599999,4600
2014-11-03,000727,BUY,3.8888849999999993,16000
2014-11-03,000678,BUY,6.846839999999999,9100
2014-11-03,600667,BUY,4.4767091168799995,13900
2014-11-03,002189,BUY,31.820557608839994,1900
2014-11-03,600103,BUY,2.7252537912599997,22800
2014-11-03,600272,BUY,13.727555331489999,4500
2014-11-03,000735,BUY,7.053766719999999,8800
2014-11-03,300201,BUY,3.2151257638499997,19300
2014-11-03,600316,BUY,27.741284811239996,2200
2014-11-03,600702,BUY,13.240029802999999,4700
2014-11-03,000561,BUY,10.667447330539998,5800
2014-11-03,002480,BUY,11.214667003539999,5500
2014-11-03,002232,BUY,12.122365295039998,5100
2014-11-03,600606,BUY,6.287009728999999,9900
2014-11-03,002292,BUY,17.34023809518,3500
2014-11-03,002442,BUY,6.5853109322,9400
2014-11-03,002272,BUY,7.3883969159,8400
2014-11-03,000859,BUY,4.4246123721799995,14000
2014-11-03,002107,BUY,5.3905360509,11500
2014-11-03,601099,BUY,4.186718015479999,14800
2014-11-03,002468,BUY,9.840672211369998,6300
2014-11-03,002149,BUY,8.610339677939999,7200
2014-11-03,300222,BUY,8.777045277,7100
2014-11-03,000837,BUY,11.06102264267,5600
2014-11-03,300059,BUY,1.7971957002999999,34600
2014-11-03,002568,BUY,10.130994153279998,6100
2014-11-03,000156,BUY,22.731415706999996,2700
2014-11-03,300045,BUY,11.166448042749998,5500
2014-11-03,600556,BUY,9.53956751748,6500
2014-11-03,300136,BUY,5.362702625279999,11600
2014-11-03,002420,BUY,7.098777585899999,8700
2014-11-03,000935,BUY,6.22188798231,10000
2014-11-03,300101,BUY,12.626775661499998,4900
2014-11-03,300049,BUY,22.544517996,2700
2014-11-03,600645,BUY,32.252219999999994,1900
2014-11-03,600150,BUY,40.3133825094,1500
2014-11-03,300175,BUY,7.175927158399999,8600
2015-05-05,002321,SELL,10.260852696179999,8400
2015-05-05,600006,SELL,7.8944492484,11800
2015-05-05,300256,SELL,9.39468682908,11100
2015-05-05,600255,SELL,8.084866760279999,5600
2015-05-05,002134,SELL,14.06592,6700
2015-05-05,600026,SELL,9.636383410559999,12500
2015-05-05,600126,SELL,6.7966358607,16000
2015-05-05,000680,SELL,8.698563329399999,16100
2015-05-05,600812,SELL,8.589724736940001,9400
2015-05-05,600367,SELL,13.84915174524,5800
2015-05-05,002265,SELL,15.502893588,2300
2015-05-05,002075,SELL,10.04190928875,21300
2015-05-05,002555,SELL,8.8604296011,10500
2015-05-05,000546,SELL,9.581950617839999,23500
2015-05-05,000923,SELL,18.0773532513,3100
2015-05-05,000798,SELL,15.187141406250001,6100
2015-05-05,002362,SELL,31.53843,1100
2015-05-05,002289,SELL,18.519613848,4500
2015-05-05,000712,SELL,43.055396904599995,3400
2015-05-05,000868,SELL,10.81755815346,10000
2015-05-05,600844,SELL,9.85014,8700
2015-05-05,600860,SELL,11.418569999999999,9000
2015-05-05,600822,SELL,13.2288344235,5700
2015-05-05,300283,SELL,7.8949943028,11200
2015-05-05,300138,SELL,6.28108357905,13400
2015-05-05,300148,SELL,18.90966444696,5000
2015-05-05,600732,SELL,5.8213608719400005,5200
2015-05-05,000932,SELL,2.5844958570600003,46400
2015-05-05,000607,SELL,14.126963954939999,4500
2015-05-05,002252,SELL,16.7114437281,2100
2015-05-05,000707,SELL,7.1120284823699995,12200
2015-05-05,000567,SELL,4.9373375202,11000
2015-05-05,300092,SELL,11.69233676919,8700
2015-05-05,600728,SELL,12.0763803312,10700
2015-05-05,300161,SELL,29.1846917943,3800
2015-05-05,600345,SELL,20.062024693199998,3900
2015-05-05,601218,SELL,10.45725524703,5000
2015-05-05,000670,SELL,13.65633,4900
2015-05-05,600095,SELL,10.84297091526,9400
2015-05-05,000727,SELL,5.489505,16000
2015-05-05,000678,SELL,9.90009,9100
2015-05-05,600667,SELL,4.62576024936,13900
2015-05-05,002189,SELL,32.79347262108,1900
2015-05-05,600103,SELL,5.54365385694,22800
2015-05-05,300169,SELL,12.0884235759,2000
2015-05-05,600272,SELL,16.662576524219997,4500
2015-05-05,000735,SELL,9.14601994488,8800
2015-05-05,300201,SELL,5.44048697709,19300
2015-05-05,600316,SELL,38.61812078244,2200
2015-05-05,300025,SELL,9.925793920350001,2600
2015-05-05,600702,SELL,20.927699202150002,4700
2015-05-05,000561,SELL,13.95870769962,5800
2015-05-05,002480,SELL,16.5001347486,5500
2015-05-05,002292,SELL,28.428485857200002,3500
2015-05-05,002442,SELL,7.46078266908,9400
2015-05-05,300134,SELL,32.94862180659,1100
2015-05-05,002272,SELL,10.9383722784,8400
2015-05-05,000859,SELL,9.50105625318,14000
2015-05-05,002468,SELL,20.56835313792,6300
2015-05-05,002149,SELL,9.74973076974,7200
2015-05-05,000518,SELL,6.28371,5800
2015-05-05,300222,SELL,15.0888473487,7100
2015-05-05,000837,SELL,16.75213651458,5600
2015-05-05,002105,SELL,8.504156420909998,5100
2015-05-05,300059,SELL,11.29562545761,34600
2015-05-05,000156,SELL,33.730910324999996,2700
2015-05-05,300045,SELL,17.45832135285,5500
2015-05-05,000029,SELL,10.4022378495,4900
2015-05-05,300136,SELL,10.2407058432,11600
2015-05-05,000935,SELL,8.0750781387,10000
2015-05-05,300049,SELL,44.0070357132,2700
2015-05-05,600150,SELL,55.69884026514,1500
2015-05-05,300175,SELL,13.383467935199999,8600
2015-05-05,600590,BUY,11.387295879959998,5900
2015-05-05,000890,BUY,11.654088846399999,5800
2015-05-05,600990,BUY,43.400940382799995,1500
2015-05-05,002166,BUY,9.162601648199999,7400
2015-05-05,300085,BUY,52.17798229643999,1200
2015-05-05,000034,BUY,6.004508910399999,11200
2015-05-05,300032,BUY,27.929896444449998,2400
2015-05-05,300302,BUY,15.930444129599998,4200
2015-05-05,002465,BUY,13.664244073479997,4900
2015-05-05,002395,BUY,12.715060017659999,5300
2015-05-05,000697,BUY,34.35103015344,1900
2015-05-05,000408,BUY,15.978787624799999,4200
2015-05-05,000558,BUY,8.27177225875,8100
2015-05-05,600712,BUY,9.66423490032,7000
2015-05-05,002614,BUY,12.339411083999998,5400
2015-05-05,300033,BUY,60.68719451795,1100
2015-05-05,000936,BUY,12.660226829249998,5300
2015-05-05,300278,BUY,21.74768548953,3100
2015-05-05,600986,BUY,14.995815434599997,4500
2015-05-05,600429,BUY,10.6399449156,6300
2015-05-05,000731,BUY,12.30445587371,5500
2015-05-05,002640,BUY,10.427498040959998,6500
2015-05-05,600770,BUY,19.169149999999995,3500
2015-05-05,300120,BUY,12.15834642022,5500
2015-05-05,000799,BUY,17.144183306249996,3900
2015-05-05,600113,BUY,11.746668413479998,5700
2015-05-05,000652,BUY,10.371646284999999,6500
2015-05-05,600010,BUY,4.859423849279999,13900
2015-05-05,600158,BUY,25.169951626819998,2600
2015-05-05,002609,BUY,14.150870443709998,4700
2015-05-05,600202,BUY,12.599791284079998,5300
2015-05-05,002123,BUY,18.07853935888,3700
2015-05-05,600601,BUY,9.433326142239999,7100
2015-05-05,300055,BUY,34.913408930399996,1900
2015-05-05,002685,BUY,14.839521496799998,4500
2015-05-05,002307,BUY,12.006469074599998,5600
2015-05-05,002639,BUY,10.80131052,6200
2015-05-05,600346,BUY,4.1098819962199995,16500
2015-05-05,002576,BUY,30.035061456399998,2200
2015-05-05,002311,BUY,12.35652418,5400
2015-05-05,600171,BUY,18.564243898199997,3600
2015-05-05,600331,BUY,9.199189999999998,7300
2015-05-05,600798,BUY,8.702391417719998,7700
2015-05-05,600688,BUY,7.3622938388999986,9200
2015-05-05,600629,BUY,15.586390699879999,4300
2015-05-05,002184,BUY,24.458792698339998,2700
2015-05-05,002043,BUY,4.20414966972,16100
2015-05-05,300353,BUY,17.5084893984,3800
2015-05-05,002356,BUY,16.831546782049998,4000
2015-05-05,000592,BUY,12.010583424839998,5600
2015-05-05,300188,BUY,15.809210917499998,4200
2015-05-05,002103,BUY,12.82082877075,5200
2015-05-05,002204,BUY,7.935257450119999,8500
2015-05-05,601600,BUY,8.90974860776,7600
2015-05-05,600839,BUY,7.616860371119999,8900
2015-05-05,601126,BUY,9.466876819399998,7100
2015-05-05,600706,BUY,17.096408769439996,3900
2015-05-05,600610,BUY,13.303289999999997,5000
2015-05-05,002530,BUY,8.710161510049998,7700
2015-05-05,002657,BUY,99.85445469999999,600
2015-05-05,300071,BUY,11.743887975819998,5700
2015-05-05,300131,BUY,9.529301101319998,7100
2015-05-05,300077,BUY,28.489332321449996,2300
2015-05-05,300159,BUY,15.766236996509999,4300
2015-05-05,002594,BUY,19.327394085999998,3500
2015-05-05,600283,BUY,11.912543242599998,5600
2015-05-05,002086,BUY,11.396763478099999,5900
2015-05-05,002052,BUY,14.58457,4600
2015-05-05,000831,BUY,35.788624972099996,1800
2015-05-05,002161,BUY,15.261631384999998,4400
2015-05-05,600333,BUY,11.22375201948,6000
2015-05-05,600446,BUY,56.98759586519999,1100
2015-05-05,300345,BUY,8.22294625152,8200
2015-05-05,600343,BUY,26.00590960968,2600
2015-05-05,002079,BUY,10.1640435897,6600
2015-05-05,601519,BUY,27.147119999999997,2400
2015-05-05,600851,BUY,12.569412655799997,5300
2015-05-05,002172,BUY,11.291279999999999,6000
2015-05-05,000882,BUY,6.498476354369999,10400
2015-05-05,002077,BUY,17.066240871679998,3900
2015-08-03,002184,SELL,20.91420717768,2700
2015-08-03,600333,SELL,8.01348193656,6000
2015-08-03,600346,SELL,4.1016703438799995,16500
2015-08-03,000936,SELL,9.515975678819999,5300
2015-08-03,002568,SELL,21.483063431999998,6100
2015-08-03,300159,SELL,14.12219902464,4300
2015-08-03,002311,SELL,13.55342783517,5400
2015-08-03,002086,SELL,8.00908284006,5900
2015-08-03,000558,SELL,10.44487428039,8100
2015-08-03,002107,SELL,12.77844412464,11500
2015-08-03,600651,BUY,15.536665764619997,5000
2015-08-03,600320,BUY,6.081254499319999,12800
2015-08-03,600512,BUY,5.06697218027,15400
2015-08-03,300324,BUY,8.311944641,9400
2015-08-03,000682,BUY,5.7836609831,13500
2015-08-03,002195,BUY,5.4775616896,14300
2015-08-03,600127,BUY,8.078069999999999,9700
2015-08-03,601007,BUY,12.5599027554,6200
2015-08-03,000833,BUY,9.808272874399998,7900
2015-11-03,600651,SELL,12.52253131362,5000
2015-11-03,600320,SELL,4.66511309712,12800
2015-11-03,600584,SELL,13.915471798799999,5700
2015-11-03,000731,SELL,7.75660165398,5500
2015-11-03,000890,SELL,11.26610925336,5800
2015-11-03,002576,SELL,17.45831265156,2200
2015-11-03,002657,SELL,77.2325826075,600
2015-11-03,600990,SELL,35.968941054,1500
2015-11-03,002166,SELL,9.297959732999999,7400
2015-11-03,300071,SELL,11.012032784159999,5700
2015-11-03,300101,SELL,26.67679905744,4900
2015-11-03,600770,SELL,11.79819,3500
2015-11-03,300120,SELL,11.57397128316,5500
2015-11-03,300269,SELL,28.2513282921,4500
2015-11-03,000682,SELL,6.06786598008,13500
2015-11-03,600171,SELL,15.21731170575,3600
2015-11-03,600331,SELL,7.01298,7300
2015-11-03,002390,SELL,11.800962225000001,7400
2015-11-03,600688,SELL,5.3387807751,9200
2015-11-03,601007,SELL,8.70023504601,6200
2015-11-03,600629,SELL,9.9718645536,4300
2015-11-03,002465,SELL,13.6383863616,4900
2015-11-03,002395,SELL,11.4855694335,5300
2015-11-03,300077,SELL,18.1625058135,2300
2015-11-03,002043,SELL,7.37284329648,16100
2015-11-03,000799,SELL,14.545721138580001,3900
2015-11-03,600113,SELL,8.25713915544,5700
2015-11-03,002356,SELL,16.333732917000003,4000
2015-11-03,000697,SELL,20.65141209582,1900
2015-11-03,000652,SELL,6.45363105885,6500
2015-11-03,002594,SELL,20.70855845226,3500
2015-11-03,002195,SELL,5.46161755536,14300
2015-11-03,600283,SELL,7.73175314736,5600
2015-11-03,000592,SELL,9.64225391418,5600
2015-11-03,002052,SELL,11.23875,4600
2015-11-03,000852,SELL,10.387504058040001,4600
2015-11-03,300188,SELL,15.81104232081,4200
2015-11-03,002103,SELL,9.55633657752,5200
2015-11-03,002204,SELL,4.279096979639999,8500
2015-11-03,000833,SELL,7.9178821919999995,7900
2015-11-03,600010,SELL,2.69976850902,13900
2015-11-03,600158,SELL,19.82392098525,2600
2015-11-03,002609,SELL,16.1621960256,4700
2015-11-03,601600,SELL,4.688820745739999,7600
2015-11-03,600202,SELL,10.072343623950001,5300
2015-11-03,002123,SELL,19.4015088702,3700
2015-11-03,002232,SELL,14.1532783542,5100
2015-11-03,002346,SELL,12.27533625612,2900
2015-11-03,600606,SELL,9.997747245,9900
2015-11-03,600839,SELL,5.98347057996,8900
2015-11-03,000831,SELL,17.8635052134,1800
2015-11-03,000408,SELL,11.69169428232,4200
2015-11-03,600601,SELL,6.29860796712,7100
2015-11-03,601126,SELL,9.3724446735,7100
2015-11-03,300055,SELL,21.88494538776,1900
2015-11-03,601099,SELL,4.6554073326,14800
2015-11-03,600712,SELL,8.56529411202,7000
2015-11-03,002614,SELL,13.0671156042,5400
2015-11-03,600706,SELL,13.141985179679999,3900
2015-11-03,002161,SELL,14.41005104448,4400
2015-11-03,002530,SELL,14.70224600703,7700
2015-11-03,600512,SELL,4.42359511686,15400
2015-11-03,600343,SELL,25.89455856096,2600
2015-11-03,002079,SELL,7.50031500717,6600
2015-11-03,601519,SELL,14.00598,2400
2015-11-03,600851,SELL,10.910712046319999,5300
2015-11-03,002307,SELL,7.4596205124,5600
2015-11-03,002420,SELL,8.621252677440001,8700
2015-11-03,600986,SELL,14.04971972649,4500
2015-11-03,600429,SELL,6.97389396516,6300
2015-11-03,600127,SELL,6.5734200000000005,9700
2015-11-03,600645,SELL,51.80814,1900
2015-11-03,002077,SELL,11.3886,3900
2015-11-03,002321,BUY,9.582566423429999,2900
2015-11-03,002010,BUY,18.76542455788,1400
2015-11-03,300189,BUY,11.361349999999998,2400
2015-11-03,002439,BUY,31.582424193319998,800
2015-11-03,002707,BUY,20.869821472499996,1300
2015-11-03,300256,BUY,6.641891225969999,4100
2015-11-03,002190,BUY,37.489687235,700
2015-11-03,000762,BUY,16.9485932616,1600
2015-11-03,600576,BUY,19.008989999999997,1400
2015-11-03,000850,BUY,8.72436322758,3100
2015-11-03,002555,BUY,14.446950077559999,1900
2015-11-03,000428,BUY,8.78878,3100
2015-11-03,002235,BUY,12.943136906699998,2100
2015-11-03,600503,BUY,11.07143165128,2500
2015-11-03,002596,BUY,7.6436090730999995,3600
2015-11-03,002721,BUY,20.7391182999,1300
2015-11-03,002239,BUY,6.442997731169999,4300
2015-11-03,002289,BUY,27.007326746399997,1000
2015-11-03,000901,BUY,29.19634742024,900
2015-11-03,300292,BUY,9.597845056799999,2900
2015-11-03,002437,BUY,9.683101427999999,2800
2015-11-03,600984,BUY,5.646928487199999,4900
2015-11-03,300383,BUY,17.472429874899998,1500
2015-11-03,300291,BUY,28.16414182582,900
2015-11-03,300299,BUY,20.882194332999997,1300
2015-11-03,300242,BUY,17.621450346499998,1500
2015-11-03,600637,BUY,20.556470934999997,1300
2015-11-03,002252,BUY,21.7389523351,1200
2015-11-03,600515,BUY,11.04012472563,2500
2015-11-03,002044,BUY,10.57090951917,2600
2015-11-03,002059,BUY,11.362003903249999,2400
2015-11-03,600191,BUY,15.786950799619998,1700
2015-11-03,002506,BUY,11.52151,2400
2015-11-03,002174,BUY,29.299312942899995,900
2015-11-03,600797,BUY,12.714243141599999,2100
2015-11-03,002268,BUY,35.3539508322,700
2015-11-03,300036,BUY,18.8899585875,1400
2015-11-03,600478,BUY,12.559912164799998,2200
2015-11-03,002647,BUY,8.0792459748,3400
2015-11-03,300182,BUY,12.431832513099998,2200
2015-11-03,600763,BUY,38.452964790239996,700
2015-11-03,002074,BUY,26.80393340625,1000
2015-11-03,300150,BUY,10.98585488,2500
2015-11-03,000839,BUY,9.170037286409999,3000
2015-11-03,000875,BUY,8.6559849376,3200
2015-11-03,002183,BUY,21.586471907,1200
2015-11-03,002600,BUY,4.19049328698,6600
2015-11-03,600482,BUY,36.882719873999996,700
2015-11-03,300063,BUY,15.884416708159998,1700
2015-11-03,002263,BUY,4.0408659291,6800
2015-11-03,002279,BUY,14.85841841484,1800
2015-11-03,300316,BUY,10.530032392879999,2600
2015-11-03,002517,BUY,15.276991729999999,1800
2015-11-03,600751,BUY,10.084651296719999,2700
2015-11-03,002407,BUY,12.112934133299998,2200
2015-11-03,002036,BUY,10.1696889294,2700
2015-11-03,002067,BUY,10.694895551339998,2600
2015-11-03,601919,BUY,4.911196239949999,5600
2015-11-03,002526,BUY,3.5014218639399997,7900
2015-11-03,600435,BUY,15.120984278399998,1800
2015-11-03,600233,BUY,7.840413480899999,3500
2015-11-03,000025,BUY,48.70306048608,500
2015-11-03,300073,BUY,12.665446794,2100
2015-11-03,300136,BUY,17.2342476306,1600
2015-11-03,002316,BUY,15.263817609039998,1800
2015-11-03,000029,BUY,11.937445419899998,2300
2015-11-03,002583,BUY,10.2255618465,2700
2015-11-03,600666,BUY,10.264147673779998,2700
2016-02-02,002263,SELL,2.7915496560000004,6800
2016-02-02,002174,SELL,29.2407728571,900
2016-02-02,002639,SELL,8.3229938748,6200
2016-02-02,000034,SELL,18.2055116646,11200
2016-02-02,002099,BUY,8.150954811999998,26800
2016-02-02,002192,BUY,24.66563771672,8800
2016-02-02,002654,BUY,10.3566788325,21100
2016-02-02,300401,BUY,10.448493515459997,20900
2016-05-04,600590,SELL,10.5839142912,5900
2016-05-04,002321,SELL,9.82137483396,2900
2016-05-04,300189,SELL,6.5934,2400
2016-05-04,002439,SELL,22.81968081666,800
2016-05-04,002010,SELL,14.452341122069999,1400
2016-05-04,002707,SELL,22.051543402980002,1300
2016-05-04,300256,SELL,7.67522378331,4100
2016-05-04,002190,SELL,34.8094601955,700
2016-05-04,000762,SELL,21.882216719160002,1600
2016-05-04,002640,SELL,17.504213075190002,6500
2016-05-04,300085,SELL,31.74201386235,1200
2016-05-04,000850,SELL,4.64422810302,3100
2016-05-04,002555,SELL,13.38874887897,1900
2016-05-04,000428,SELL,7.47252,3100
2016-05-04,002235,SELL,13.30799469399,2100
2016-05-04,600798,SELL,4.92014270223,7700
2016-05-04,002596,SELL,10.0365892641,3600
2016-05-04,002721,SELL,21.01458380058,1300
2016-05-04,002239,SELL,4.706771327189999,4300
2016-05-04,002289,SELL,17.347149086399998,1000
2016-05-04,300292,SELL,8.106527118239999,2900
2016-05-04,300032,SELL,18.234032715,2400
2016-05-04,002437,SELL,9.58213502325,2800
2016-05-04,600984,SELL,5.7518447976,4900
2016-05-04,002099,SELL,8.429273129159998,26800
2016-05-04,300383,SELL,17.5436808579,1500
2016-05-04,300131,SELL,9.90804288915,7100
2016-05-04,300291,SELL,23.69105968554,900
2016-05-04,600637,SELL,15.50378015055,1300
2016-05-04,002252,SELL,20.075017267619998,1200
2016-05-04,002044,SELL,10.54978882083,2600
2016-05-04,002059,SELL,9.548374117949999,2400
2016-05-04,600191,SELL,15.90283896228,1700
2016-05-04,002506,SELL,7.64235,2400
2016-05-04,600797,SELL,10.83357783774,2100
2016-05-04,002268,SELL,21.07231806852,700
2016-05-04,600478,SELL,11.17378058445,2200
2016-05-04,002647,SELL,8.21471753952,3400
2016-05-04,300182,SELL,11.392173622800001,2200
2016-05-04,600763,SELL,21.64308341184,700
2016-05-04,300324,SELL,15.143987253599999,9400
2016-05-04,002074,SELL,29.5728600375,1000
2016-05-04,300150,SELL,10.493545170780001,2500
2016-05-04,000839,SELL,8.32935341889,3000
2016-05-04,000875,SELL,5.67148795488,3200
2016-05-04,002183,SELL,13.48944651054,1200
2016-05-04,601919,SELL,2.46544233975,5600
2016-05-04,002279,SELL,15.84845460108,1800
2016-05-04,300316,SELL,6.55155133056,2600
2016-05-04,002517,SELL,12.458632646249999,1800
2016-05-04,002526,SELL,3.4335357273000002,7900
2016-05-04,002407,SELL,25.262674737300003,2200
2016-05-04,002036,SELL,12.32506812447,2700
2016-05-04,002067,SELL,6.82078337901,2600
2016-05-04,300033,SELL,51.002653283010005,1100
2016-05-04,002685,SELL,9.86025695292,4500
2016-05-04,600446,SELL,30.73682268972,1100
2016-05-04,600435,SELL,11.753014221,1800
2016-05-04,600610,SELL,15.73425,5000
2016-05-04,300345,SELL,10.56511614816,8200
2016-05-04,600233,SELL,15.32415327723,3500
2016-05-04,600556,SELL,15.5236344264,6500
2016-05-04,300073,SELL,21.062220476220002,2100
2016-05-04,300136,SELL,19.517518944,1600
2016-05-04,002316,SELL,14.23637541396,1800
2016-05-04,000029,SELL,10.549057982399999,2300
2016-05-04,300278,SELL,13.48756469424,3100
2016-05-04,002172,SELL,11.33865,6000
2016-05-04,002583,SELL,9.5445091368,2700
2016-05-04,600666,SELL,11.48326591932,2700
2016-05-04,000882,SELL,4.40027779752,10400
2016-05-04,600490,BUY,7.374669742439999,4400
2016-05-04,002671,BUY,13.372763474069998,2400
2016-05-04,601069,BUY,22.90278448458,1400
2016-05-04,600990,BUY,43.76031956296,700
2016-05-04,002298,BUY,16.624313655949997,1900
2016-05-04,000409,BUY,9.439878037589999,3400
2016-05-04,000506,BUY,8.42842,3800
2016-05-04,600604,BUY,13.446550157039999,2400
2016-05-04,300070,BUY,15.809878604519998,2000
2016-05-04,300080,BUY,8.8088,3600
2016-05-04,000923,BUY,13.4048710796,2400
2016-05-04,002458,BUY,10.515917211799998,3000
2016-05-04,002299,BUY,19.203693809299995,1600
2016-05-04,002247,BUY,16.091526250799998,2000
2016-05-04,002362,BUY,24.864839999999997,1300
2016-05-04,601999,BUY,8.6440081728,3700
2016-05-04,002549,BUY,9.722179867399998,3300
2016-05-04,300359,BUY,27.853075029779998,1100
2016-05-04,600880,BUY,9.499957467,3400
2016-05-04,002395,BUY,17.231401186999996,1800
2016-05-04,002599,BUY,8.58145954666,3700
2016-05-04,002380,BUY,31.914834951999996,1000
2016-05-04,300288,BUY,36.17134445925,800
2016-05-04,002006,BUY,12.7716761172,2500
2016-05-04,600326,BUY,4.82925067625,6700
2016-05-04,002141,BUY,7.475578890779999,4300
2016-05-04,600416,BUY,12.148003367499998,2600
2016-05-04,002274,BUY,5.057511058599999,6400
2016-05-04,300249,BUY,10.842074042799998,2900
2016-05-04,600771,BUY,18.902403259739998,1700
2016-05-04,000560,BUY,8.11769090132,4000
2016-05-04,600072,BUY,15.0250996896,2100
2016-05-04,300159,BUY,12.350114416639999,2600
2016-05-04,300013,BUY,10.183089516599999,3100
2016-05-04,300377,BUY,14.956458046529997,2100
2016-05-04,600848,BUY,11.17342270044,2900
2016-05-04,002343,BUY,31.141882772,1000
2016-05-04,000670,BUY,11.25124,2800
2016-05-04,600531,BUY,7.292353668599999,4400
2016-05-04,002624,BUY,22.683722561499998,1400
2016-05-04,002103,BUY,15.34698357192,2100
2016-05-04,300209,BUY,19.3845107456,1600
2016-05-04,600178,BUY,8.972347213829998,3600
2016-05-04,300113,BUY,41.84306776649999,700
2016-05-04,300331,BUY,25.292042415639997,1200
2016-05-04,600692,BUY,14.767349036439997,2100
2016-05-04,600711,BUY,6.246067087259999,5200
2016-05-04,002466,BUY,30.38799735972,1000
2016-05-04,002546,BUY,9.405454378319998,3400
2016-05-04,600962,BUY,15.865849999999998,2000
2016-05-04,600216,BUY,11.22053164232,2800
2016-05-04,002272,BUY,10.80369562272,3000
2016-05-04,000408,BUY,11.321653543199998,2800
2016-05-04,600237,BUY,7.488918256819999,4300
2016-05-04,300065,BUY,13.562191442799998,2300
2016-05-04,300040,BUY,7.99346675127,4000
2016-05-04,002349,BUY,11.931058609469998,2700
2016-05-04,002468,BUY,27.5808009477,1100
2016-05-04,000524,BUY,11.985035782719999,2700
2016-05-04,300222,BUY,24.538868824469997,1300
2016-05-04,002234,BUY,26.411231186339997,1200
2016-05-04,002459,BUY,8.8964213338,3600
2016-05-04,002322,BUY,12.039024497499998,2600
2016-05-04,002173,BUY,18.155727019429996,1700
2016-05-04,600391,BUY,39.508645175999995,800
2016-05-04,300365,BUY,11.21336617401,2800
2016-05-04,600773,BUY,15.253894866209999,2100
2016-05-04,002558,BUY,29.230425223999998,1100
2016-05-04,002119,BUY,12.153688747199999,2600
2016-05-04,600313,BUY,4.958023920849999,6500
2016-05-04,300191,BUY,29.501851579199997,1100
2016-05-04,300215,BUY,10.1182829748,3200
2016-05-04,600986,BUY,12.893598317599999,2500
2016-05-04,002213,BUY,25.409952618049996,1200
2016-05-04,000952,BUY,14.343367918879999,2200
2016-05-04,300340,BUY,13.333500680499998,2400
2016-08-02,000506,SELL,7.78221,3800
2016-08-02,300377,SELL,14.50795600152,2100
2016-08-02,300070,SELL,17.349205328100002,2000
2016-08-02,002458,SELL,12.7743430698,3000
2016-08-02,300401,SELL,9.0748150011,20900
2016-08-02,002272,SELL,7.8619550751,3000
2016-08-02,300340,SELL,34.133326306200004,2400
2016-08-02,600880,SELL,7.991256234510001,3400
2016-08-02,002182,BUY,6.888695363549999,52400
2016-08-02,300279,BUY,14.517991648159999,24800
2016-08-02,002523,BUY,3.486107625,103600
2016-08-02,000980,BUY,9.418745896559999,38300
2016-08-02,300101,BUY,23.327465140979996,15400
2016-08-02,300153,BUY,20.710114465039997,17400
2016-08-02,300131,BUY,10.42671804174,34600
2016-11-01,002671,SELL,12.332298077279999,2400
2016-11-01,601069,SELL,24.54753932856,1400
2016-11-01,600990,SELL,41.837070550499995,700
2016-11-01,002298,SELL,14.829814500840001,1900
2016-11-01,000923,SELL,17.213704524540002,2400
2016-11-01,002362,SELL,25.69428,1300
2016-11-01,300359,SELL,25.4546771427,1100
2016-11-01,002395,SELL,14.88945340224,1800
2016-11-01,300302,SELL,29.96292126582,4200
2016-11-01,002380,SELL,29.01814779501,1000
2016-11-01,002006,SELL,11.86153684974,2500
2016-11-01,300249,SELL,15.2875539432,2900
2016-11-01,000560,SELL,7.7015819088,4000
2016-11-01,600515,SELL,8.650771698869999,2500
2016-11-01,600531,SELL,7.85323618272,4400
2016-11-01,300036,SELL,20.25959727285,1400
2016-11-01,002546,SELL,8.105925959999999,3400
2016-11-01,002600,SELL,4.860187667280001,6600
2016-11-01,600482,SELL,31.202729996040002,700
2016-11-01,600216,SELL,11.72891230704,2800
2016-11-01,000408,SELL,13.2623399844,2800
2016-11-01,300040,SELL,7.95110208885,4000
2016-11-01,002558,SELL,40.56152732055,1100
2016-11-01,600313,SELL,6.3826584525,6500
2016-11-01,600986,SELL,12.21849359568,2500
2016-11-01,600490,SELL,7.823010039120001,4400
2016-11-01,000901,SELL,19.274729516460003,900
2016-11-01,002599,SELL,10.82283706926,3700
2016-11-01,300288,SELL,29.67491229309,800
2016-11-01,002141,SELL,9.11088,4300
2016-11-01,600848,SELL,17.269015857840003,2900
2016-11-01,002654,SELL,13.071896278739999,21100
2016-11-01,300209,SELL,20.6489248056,1600
2016-11-01,600178,SELL,12.55174462107,3600
2016-11-01,600237,SELL,9.54564858621,4300
2016-11-01,300065,SELL,17.59330908,2300
2016-11-01,002349,SELL,10.356921531180001,2700
2016-11-01,300222,SELL,20.83258579077,1300
2016-11-01,002322,SELL,14.670042772499999,2600
2016-11-01,002213,SELL,25.967006740259997,1200
2016-11-01,300101,SELL,23.78674676268,15400
2016-11-01,300153,SELL,21.15142444296,17400
2016-11-01,300080,SELL,7.75224,3600
2016-11-01,002299,SELL,20.51371523052,1600
2016-11-01,600326,SELL,5.08247428815,6700
2016-11-01,300353,SELL,21.83246746821,3800
2016-11-01,300013,SELL,10.809463735980001,3100
2016-11-01,002343,SELL,30.7264832595,1000
2016-11-01,000670,SELL,7.55244,2800
2016-11-01,002103,SELL,15.14142167175,2100
2016-11-01,300113,SELL,31.227284237219997,700
2016-11-01,600711,SELL,7.11873360054,5200
2016-11-01,002466,SELL,27.03913415964,1000
2016-11-01,300063,SELL,12.4445174256,1700
2016-11-01,002234,SELL,28.10235102849,1200
2016-11-01,000025,SELL,45.33570179712,500
2016-11-01,002119,SELL,11.19310065504,2600
2016-11-01,300191,SELL,39.38608377072,1100
2016-11-01,002182,SELL,7.21455666156,52400
2016-11-01,002247,SELL,15.88257488664,2000
2016-11-01,601999,SELL,11.618507542320001,3700
2016-11-01,002192,SELL,26.141312270249998,8800
2016-11-01,600416,SELL,13.3851759255,2600
2016-11-01,300131,SELL,9.88851965193,34600
2016-11-01,002274,SELL,5.0954858136,6400
2016-11-01,300299,SELL,13.132971112769999,1300
2016-11-01,300242,SELL,18.78590563965,1500
2016-11-01,600072,SELL,14.644798502039999,2100
2016-11-01,300159,SELL,14.35634844084,2600
2016-11-01,002624,SELL,18.83722563828,1400
2016-11-01,300331,SELL,31.416681270599998,1200
2016-11-01,600692,SELL,15.35482312668,2100
2016-11-01,600962,SELL,16.473509999999997,2000
2016-11-01,600391,SELL,39.41235785034,800
2016-11-01,300365,SELL,14.7908488455,2800
2016-11-01,600773,SELL,15.490382201909998,2100
2016-11-01,002523,SELL,3.9634389936,103600
2016-11-01,002301,BUY,14.867305402949999,5000
2016-11-01,300164,BUY,8.006012114099999,9300
2016-11-01,600390,BUY,10.21981875915,7300
2016-11-01,002265,BUY,22.317799504,3300
2016-11-01,002645,BUY,10.4850787041,7100
2016-11-01,000589,BUY,4.0581428087199996,18400
2016-11-01,002640,BUY,19.942671048299996,3700
2016-11-01,002180,BUY,34.11899989498,2100
2016-11-01,300252,BUY,27.116866777,2700
2016-11-01,000617,BUY,10.189799680059998,7300
2016-11-01,300401,BUY,12.187590525109998,6100
2016-11-01,000628,BUY,15.125812701999998,4900
2016-11-01,002319,BUY,22.491193724999995,3300
2016-11-01,600110,BUY,12.0842285564,6200
2016-11-01,002545,BUY,8.3466961578,8900
2016-11-01,002722,BUY,63.13858752200999,1100
2016-11-01,000597,BUY,4.2833702912,17400
2016-11-01,300238,BUY,42.294604852499994,1700
2016-11-01,300221,BUY,21.700911632399997,3400
2016-11-01,300283,BUY,9.935544578959998,7500
2016-11-01,002164,BUY,9.495538011959999,7800
2016-11-01,002638,BUY,10.64063,7000
2016-11-01,600967,BUY,11.05460804448,6700
2016-11-01,600640,BUY,20.790375826219996,3600
2016-11-01,300308,BUY,13.235392019849998,5600
2016-11-01,002069,BUY,10.89088,6800
2016-11-01,600693,BUY,9.273388124,8000
2016-11-01,300069,BUY,45.1451,1600
2016-11-01,300405,BUY,14.137769645999999,5200
2016-11-01,002120,BUY,19.702792008899998,3800
2016-11-01,000678,BUY,11.551539999999997,6400
2016-11-01,000510,BUY,8.2018791855,9100
2016-11-01,002314,BUY,8.016417969559999,9300
2016-11-01,600339,BUY,5.6547053062499995,13200
2016-11-01,300022,BUY,8.74874,8500
2016-11-01,600103,BUY,4.780363207619999,15600
2016-11-01,300132,BUY,10.39900566705,7200
2016-11-01,000913,BUY,15.492249772999998,4800
2016-11-01,002313,BUY,24.657148435919996,3000
2016-11-01,000766,BUY,19.509489999999996,3800
2016-11-01,600215,BUY,8.03203416015,9300
2016-11-01,002491,BUY,18.53363621109,4000
2016-11-01,002480,BUY,12.051285145899998,6200
2016-11-01,002221,BUY,12.251100181319998,6100
2016-11-01,601177,BUY,10.901653783019999,6800
2016-11-01,002366,BUY,26.174432193909997,2800
2016-11-01,002350,BUY,9.834179355,7600
2016-11-01,002243,BUY,13.4294472312,5500
2016-11-01,300271,BUY,20.30516410923,3600
2016-11-01,002149,BUY,13.92050184525,5300
2016-11-01,002685,BUY,9.490930749299999,7800
2016-11-01,300343,BUY,12.473012211659999,6000
2016-11-01,000058,BUY,11.637200474899998,6400
2016-11-01,000877,BUY,5.64898158825,13200
2016-11-01,000420,BUY,4.04404,18500
2016-11-01,002352,BUY,43.998421767299995,1700
2016-11-01,300337,BUY,11.182679207699998,6700
2016-11-01,300317,BUY,21.8253891856,3400
2016-11-01,300143,BUY,12.474634972799999,6000
2016-11-01,300136,BUY,25.19824722415,2900
2016-11-01,002259,BUY,9.195367781599998,8100
2016-11-01,002383,BUY,14.592259571889997,5100
2016-11-01,600293,BUY,9.843036653449998,7600
2016-11-01,600267,BUY,13.29025364667,5600
2016-11-01,000935,BUY,32.08408488285,2300
2016-11-01,600127,BUY,6.766759999999999,11000
2016-11-01,000723,BUY,9.10161596344,8200
2016-11-01,300370,BUY,6.450335501609999,11600
2016-11-01,002636,BUY,19.0537229883,3900
2017-02-06,300401,SELL,13.08192467031,6100
2017-02-06,600257,BUY,10.239089760899999,111300
2017-05-03,002301,SELL,14.06372975244,5000
2017-05-03,300164,SELL,7.0044212872800005,9300
2017-05-03,600390,SELL,10.25397826749,7300
2017-05-03,600257,SELL,8.11713948525,111300
2017-05-03,600576,SELL,11.73825,1400
2017-05-03,002265,SELL,21.3783027975,3300
2017-05-03,002645,SELL,7.03075412808,7100
2017-05-03,000409,SELL,10.84914,3400
2017-05-03,002640,SELL,16.58404173762,3700
2017-05-03,000589,SELL,3.95277822504,18400
2017-05-03,600604,SELL,7.575309627479999,2400
2017-05-03,002180,SELL,24.75090490941,2100
2017-05-03,300252,SELL,16.464711807,2700
2017-05-03,000617,SELL,10.0751698449,7300
2017-05-03,000628,SELL,10.21630662684,4900
2017-05-03,002319,SELL,16.9095130605,3300
2017-05-03,002722,SELL,29.969003527469997,1100
2017-05-03,002545,SELL,8.0892674352,8900
2017-05-03,002549,SELL,7.1381501046,3300
2017-05-03,300238,SELL,25.66374088968,1700
2017-05-03,300221,SELL,13.657916412,3400
2017-05-03,300283,SELL,7.6709989823399996,7500
2017-05-03,002638,SELL,8.131860000000001,7000
2017-05-03,600967,SELL,13.49892583173,6700
2017-05-03,600640,SELL,17.36725514022,3600
2017-05-03,300308,SELL,16.77461446413,5600
2017-05-03,002069,SELL,9.98001,6800
2017-05-03,000980,SELL,13.860402243480001,38300
2017-05-03,300069,SELL,33.53643,1600
2017-05-03,300405,SELL,8.69564636928,5200
2017-05-03,002120,SELL,15.49362087,3800
2017-05-03,000510,SELL,9.25704710658,9100
2017-05-03,002314,SELL,6.70056480792,9300
2017-05-03,600339,SELL,6.78111808401,13200
2017-05-03,300022,SELL,7.25274,8500
2017-05-03,600103,SELL,3.3440271255,15600
2017-05-03,300132,SELL,8.25385866921,7200
2017-05-03,300279,SELL,13.602916626839999,24800
2017-05-03,000913,SELL,14.83470685359,4800
2017-05-03,002313,SELL,20.44684163106,3000
2017-05-03,000766,SELL,17.90208,3800
2017-05-03,600215,SELL,10.7196027669,9300
2017-05-03,002491,SELL,13.161235859729999,4000
2017-05-03,002480,SELL,8.88621714774,6200
2017-05-03,002221,SELL,11.08066540284,6100
2017-05-03,601177,SELL,9.02961940194,6800
2017-05-03,002366,SELL,23.36237537886,2800
2017-05-03,002350,SELL,7.526261205,7600
2017-05-03,600751,SELL,7.17616868796,2700
2017-05-03,002243,SELL,10.169406973440001,5500
2017-05-03,002468,SELL,24.413682948930003,1100
2017-05-03,000524,SELL,12.49147753848,2700
2017-05-03,002149,SELL,11.71955589282,5300
2017-05-03,002685,SELL,9.7551521829,7800
2017-05-03,300343,SELL,9.9105537258,6000
2017-05-03,300271,SELL,15.82155494766,3600
2017-05-03,002173,SELL,16.82166715434,1700
2017-05-03,000877,SELL,13.217719749299999,13200
2017-05-03,000420,SELL,3.57642,18500
2017-05-03,002352,SELL,45.30282590592,1700
2017-05-03,300337,SELL,9.06653860578,6700
2017-05-03,002459,SELL,7.8504386031,3600
2017-05-03,000058,SELL,8.211688651440001,6400
2017-05-03,300317,SELL,15.715412856,3400
2017-05-03,300143,SELL,9.95572638792,6000
2017-05-03,300215,SELL,10.6738335819,3200
2017-05-03,002259,SELL,8.58847071222,8100
2017-05-03,600293,SELL,9.31425205437,7600
2017-05-03,600267,SELL,11.45710821321,5600
2017-05-03,000952,SELL,14.46854439258,2200
2017-05-03,000935,SELL,21.5083238463,2300
2017-05-03,600127,SELL,6.473520000000001,11000
2017-05-03,000723,SELL,6.28339140891,8200
2017-05-03,300370,SELL,5.0321326302000005,11600
2017-05-03,002636,SELL,16.69364163801,3900
2017-05-03,300189,BUY,4.084079999999999,14500
2017-05-03,603333,BUY,8.18379033472,7200
2017-05-03,000034,BUY,15.957635093399999,3700
2017-05-03,002291,BUY,17.54753,3300
2017-05-03,000960,BUY,11.1223688576,5300
2017-05-03,300099,BUY,8.527978288829999,6900
2017-05-03,300223,BUY,21.43690504956,2700
2017-05-03,600406,BUY,7.969973631619999,7400
2017-05-03,600540,BUY,6.126119999999999,9600
2017-05-03,300036,BUY,18.785654637749996,3100
2017-05-03,000710,BUY,66.35629,800
2017-05-03,600309,BUY,18.18011970775,3200
2017-05-03,000968,BUY,13.72875439936,4300
2017-05-03,300194,BUY,7.5428983029399985,7800
2017-05-03,600698,BUY,10.540529999999999,5600
2017-05-03,600435,BUY,15.092337340079998,3900
2017-05-03,002558,BUY,52.13179046074999,1100
2017-05-03,600807,BUY,13.74373,4300
2017-05-03,600592,BUY,13.89994551946,4200
2017-05-03,000816,BUY,5.823133366049999,10100
2017-05-03,002601,BUY,10.8982407534,5400
2017-05-03,002054,BUY,12.48597956606,4700
2017-05-03,000155,BUY,9.969415195739998,5900
2017-05-03,601008,BUY,7.857873303279999,7500
2017-05-03,600217,BUY,7.399207315499999,8000
2017-05-03,300276,BUY,5.957610658999999,9900
2017-05-03,600155,BUY,17.0721676125,3400
2017-05-03,600586,BUY,4.5507391429499995,13000
2017-05-03,002246,BUY,16.68567862962,3500
2017-05-03,002670,BUY,12.077533988519999,4900
2017-05-03,002141,BUY,7.15715,8200
2017-05-03,600279,BUY,6.674925377119999,8800
2017-05-03,600582,BUY,3.6230802607999997,16300
2017-05-03,002040,BUY,14.194099919999998,4100
2017-05-03,002045,BUY,18.601916152819996,3100
2017-05-03,300011,BUY,18.916682344559998,3100
2017-05-03,600392,BUY,8.890434352799998,6600
2017-05-03,300072,BUY,29.616468881999996,1900
2017-05-03,000520,BUY,6.396389999999999,9200
2017-05-03,000837,BUY,8.472484490469999,6900
2017-05-03,300222,BUY,23.2587488133,2500
2017-05-03,600117,BUY,5.285279999999999,11200
2017-05-03,600258,BUY,16.9650268788,3400
2017-05-03,002307,BUY,13.272921862199999,4400
2017-05-03,002683,BUY,9.3123828798,6300
2017-05-03,300420,BUY,5.6236889709,10500
2017-05-03,002451,BUY,19.50268062743,3000
2017-05-03,002587,BUY,7.402799043639999,8000
2017-05-03,300141,BUY,13.085488415999999,4500
2017-05-03,002311,BUY,15.176708967419998,3900
2017-05-03,600798,BUY,5.341619182899999,11000
2017-05-03,002378,BUY,6.791000416199999,8700
2017-05-03,603616,BUY,29.272982739,2000
2017-05-03,600326,BUY,7.680626103149999,7700
2017-05-03,600055,BUY,12.067990704769999,4900
2017-05-03,600111,BUY,10.99388378088,5300
2017-05-03,002738,BUY,11.60082749826,5100
2017-05-03,002564,BUY,10.64063,5500
2017-05-03,600191,BUY,8.95390758262,6600
2017-05-03,300188,BUY,10.92686332738,5400
2017-05-03,600733,BUY,14.34739700394,4100
2017-05-03,002189,BUY,17.703367071389998,3300
2017-05-03,600184,BUY,20.06511771264,2900
2017-05-03,600876,BUY,20.91089,2800
2017-05-03,601118,BUY,5.68485642725,10400
2017-05-03,002279,BUY,13.490694817599998,4300
2017-05-03,300374,BUY,19.696390714,3000
2017-05-03,000518,BUY,7.9079,7400
2017-05-03,000425,BUY,3.14381892825,18800
2017-05-03,002572,BUY,26.029534931399997,2200
2017-05-03,300376,BUY,9.477288891069998,6200
2017-05-03,002791,BUY,24.544154915279996,2400
2017-05-03,600428,BUY,5.7761404901199995,10200
2017-05-03,600256,BUY,2.56890998364,23000
2017-05-03,600545,BUY,12.284844972399998,4800
2017-05-03,002075,BUY,14.891363567079999,3900
2017-05-03,600685,BUY,31.472258918099996,1800
2017-05-03,300355,BUY,9.373890155629999,6300
2017-05-03,002133,BUY,5.200966150379999,11300
2017-05-03,603588,BUY,10.567127971399998,5600
2017-05-03,600963,BUY,6.161947361569999,9600
2017-05-03,300201,BUY,8.4936299448,6900
2017-05-03,002272,BUY,7.23182161702,8100
2017-05-03,300257,BUY,20.150794463799997,2900
2017-05-03,601155,BUY,12.825952919779999,4600
2017-08-01,600698,SELL,10.96902,5600
2017-08-01,603333,SELL,6.9599931798600005,7200
2017-08-01,600406,SELL,8.470071649800001,7400
2017-08-01,600586,SELL,4.9984987977,13000
2017-08-01,300316,BUY,10.38187345195,29800
2017-08-01,300456,BUY,11.160086137199999,27700
2017-08-01,002415,BUY,24.44875264832,12600
2017-08-01,002427,BUY,23.921612745029996,12900
2017-11-01,300189,SELL,4.1958,14500
2017-11-01,000034,SELL,14.0693757408,3700
2017-11-01,002291,SELL,8.78121,3300
2017-11-01,300099,SELL,6.531826635,6900
2017-11-01,300223,SELL,25.909778286,2700
2017-11-01,600540,SELL,5.48451,9600
2017-11-01,300036,SELL,15.95683197522,3100
2017-11-01,000710,SELL,63.06687,800
2017-11-01,002427,SELL,26.27843973552,12900
2017-11-01,000968,SELL,14.193977094720001,4300
2017-11-01,300194,SELL,6.035234614109999,7800
2017-11-01,600435,SELL,13.1907417543,3900
2017-11-01,002558,SELL,35.72927496,1100
2017-11-01,600807,SELL,10.80918,4300
2017-11-01,600592,SELL,9.7679571651,4200
2017-11-01,000816,SELL,5.09623735131,10100
2017-11-01,002054,SELL,13.753019463749999,4700
2017-11-01,000155,SELL,9.949496284259999,5900
2017-11-01,601008,SELL,5.56076694672,7500
2017-11-01,600217,SELL,6.4526977431,8000
2017-11-01,300276,SELL,5.4237124983600005,9900
2017-11-01,600155,SELL,12.19566213,3400
2017-11-01,002246,SELL,13.2757225884,3500
2017-11-01,002670,SELL,14.554618452360002,4900
2017-11-01,002141,SELL,7.812180000000001,8200
2017-11-01,002164,SELL,9.6052966884,7800
2017-11-01,600279,SELL,5.95944986472,8800
2017-11-01,600582,SELL,3.57886946808,16300
2017-11-01,002040,SELL,11.16118981782,4100
2017-11-01,300456,SELL,14.09067718803,27700
2017-11-01,002045,SELL,16.5040422372,3100
2017-11-01,300011,SELL,13.8028708125,3100
2017-11-01,600392,SELL,14.5359197298,6600
2017-11-01,300072,SELL,26.81377182756,1900
2017-11-01,000520,SELL,4.995,9200
2017-11-01,000837,SELL,7.32284971011,6900
2017-11-01,300222,SELL,25.055460778679997,2500
2017-11-01,600117,SELL,5.594399999999999,11200
2017-11-01,600258,SELL,22.5042963768,3400
2017-11-01,002307,SELL,8.66374161597,4400
2017-11-01,002683,SELL,7.7199015708,6300
2017-11-01,300420,SELL,4.5731097126,10500
2017-11-01,002587,SELL,6.935733323999999,8000
2017-11-01,300141,SELL,13.59797437404,4500
2017-11-01,002311,SELL,17.86347416448,3900
2017-11-01,600798,SELL,5.7473693075700005,11000
2017-11-01,002378,SELL,7.7515906899600004,8700
2017-11-01,600110,SELL,11.12640030216,6200
2017-11-01,603616,SELL,19.296585099,2000
2017-11-01,600326,SELL,7.236728717309999,7700
2017-11-01,600055,SELL,13.659417109800001,4900
2017-11-01,600111,SELL,13.956170859,5300
2017-11-01,002738,SELL,13.51883117646,5100
2017-11-01,600693,SELL,11.120684184,8000
2017-11-01,002564,SELL,9.04095,5500
2017-11-01,600191,SELL,11.840937449759998,6600
2017-11-01,300188,SELL,10.3801810284,5400
2017-11-01,000678,SELL,8.03196,6400
2017-11-01,600733,SELL,14.31873087606,4100
2017-11-01,002189,SELL,17.39315935008,3300
2017-11-01,600184,SELL,19.41576234246,2900
2017-11-01,600876,SELL,22.42755,2800
2017-11-01,601118,SELL,6.1865796375899995,10400
2017-11-01,002279,SELL,12.042171464310002,4300
2017-11-01,300316,SELL,12.99264247188,29800
2017-11-01,300374,SELL,20.4311412072,3000
2017-11-01,000518,SELL,7.302689999999999,7400
2017-11-01,000425,SELL,3.09710354625,18800
2017-11-01,300136,SELL,48.29398002765,2900
2017-11-01,002572,SELL,27.957782042189997,2200
2017-11-01,300376,SELL,8.24404109661,6200
2017-11-01,002791,SELL,20.47526468955,2400
2017-11-01,600428,SELL,5.54222646576,10200
2017-11-01,600256,SELL,2.5343093538,23000
2017-11-01,600545,SELL,10.615267356750001,4800
2017-11-01,002415,SELL,31.35160536165,12600
2017-11-01,002075,SELL,14.86161059292,3900
2017-11-01,600503,SELL,7.0033442054399995,2500
2017-11-01,600685,SELL,25.88070844494,1800
2017-11-01,002133,SELL,4.42610188758,11300
2017-11-01,000597,SELL,4.842560592,17400
2017-11-01,600771,SELL,29.85055462494,1700
2017-11-01,603588,SELL,8.02401878916,5600
2017-11-01,300201,SELL,7.78408760052,6900
2017-11-01,002272,SELL,6.13330159896,8100
2017-11-01,300257,SELL,16.31811511044,2900
2017-11-01,601155,SELL,18.332780628240002,4600
2017-11-01,601012,BUY,9.251852850239999,7900
2017-11-01,002326,BUY,12.625675542479998,5800
2017-11-01,002061,BUY,8.097917727899999,9100
2017-11-01,600619,BUY,12.727538663839997,5700
2017-11-01,600280,BUY,8.468821501139999,8700
2017-11-01,300122,BUY,17.796895176059998,4100
2017-11-01,600787,BUY,8.999477567079998,8100
2017-11-01,000525,BUY,18.5509721397,3900
2017-11-01,000537,BUY,12.134970847999998,6000
2017-11-01,600303,BUY,9.759433053369998,7500
2017-11-01,600580,BUY,6.56943128842,11200
2017-11-01,603799,BUY,37.49816814744,1900
2017-11-01,002812,BUY,36.7175632824,2000
2017-11-01,002334,BUY,8.739907926749998,8400
2017-11-01,002067,BUY,6.42518690814,11400
2017-11-01,300266,BUY,18.356417979899998,4000
2017-11-01,000830,BUY,7.782648873999999,9400
2017-11-01,000338,BUY,6.3498719284,11600
2017-11-01,603288,BUY,22.090764695999997,3300
2017-11-01,600490,BUY,10.316639733399999,7100
2017-11-01,600308,BUY,4.073965896,18000
2017-11-01,002640,BUY,20.24637210596,3600
2017-11-01,600569,BUY,3.95913448931,18600
2017-11-01,603025,BUY,11.119056388439999,6600
2017-11-01,601225,BUY,4.531879492139999,16200
2017-11-01,300274,BUY,12.920754696849999,5700
2017-11-01,002335,BUY,12.448920103619999,5900
2017-11-01,300308,BUY,24.191003376539996,3000
2017-11-01,600345,BUY,26.260909294619996,2800
2017-11-01,603899,BUY,19.816727931,3700
2017-11-01,002768,BUY,16.045722572879995,4500
2017-11-01,600395,BUY,4.89324579744,15000
2017-11-01,600985,BUY,7.9298785565999985,9200
2017-11-01,600410,BUY,10.0261579418,7300
2017-11-01,600231,BUY,4.7787106567199995,15400
2017-11-01,601360,BUY,8.295059272499998,8800
2017-11-01,002068,BUY,10.122142530499998,7200
2017-11-01,300015,BUY,4.663906407159999,15800
2017-11-01,600171,BUY,11.710340581939999,6200
2017-11-01,600331,BUY,5.515509999999999,13300
2017-11-01,002677,BUY,12.355482259119999,5900
2017-11-01,600567,BUY,4.4311245778799995,16600
2017-11-01,600682,BUY,37.67843904825,1900
2017-11-01,300227,BUY,9.376267640739998,7800
2017-11-01,000786,BUY,18.7174605618,3900
2017-11-01,000797,BUY,7.704649502549999,9500
2017-11-01,603986,BUY,57.88974423231999,1200
2017-11-01,600519,BUY,511.09808517767993,100
2017-11-01,600288,BUY,10.57481778353,6900
2017-11-01,600438,BUY,8.135904776999999,9000
2017-11-01,600809,BUY,35.59953887489999,2000
2017-11-01,601600,BUY,7.571414520669999,9700
2017-11-01,002715,BUY,22.45737159666,3200
2017-11-01,600638,BUY,12.816315111599998,5700
2017-11-01,002073,BUY,8.2854275504,8800
2017-11-01,002149,BUY,10.307939692049999,7100
2017-11-01,000420,BUY,3.2432399999999997,22700
2017-11-01,002127,BUY,9.16777296435,8000
2017-11-01,600645,BUY,28.428399999999996,2500
2017-11-01,000723,BUY,7.852263509089999,9300
2017-11-01,300410,BUY,20.09632360736,3600
2017-11-01,300401,BUY,17.634595528549998,4100
2017-11-01,000951,BUY,9.23944859838,7900
2017-11-01,000333,BUY,37.094874016199995,1900
2017-11-01,600703,BUY,24.389878032519995,3000
2017-11-01,000932,BUY,4.36154951232,16800
2017-11-01,600516,BUY,12.112205104999997,6000
2017-11-01,000567,BUY,5.8002616071399995,12700
2017-11-01,300320,BUY,12.301801031519998,5900
2017-11-01,603027,BUY,4.8924641766,15000
2017-11-01,000886,BUY,6.8194530003599985,10800
2017-11-01,002562,BUY,10.54046935942,6900
2017-11-01,002507,BUY,11.292702421,6500
2017-11-01,600690,BUY,14.20540396275,5100
2017-11-01,002078,BUY,8.013587782199998,9100
2017-11-01,002313,BUY,26.68181953437,2700
2017-11-01,600276,BUY,29.257304876799996,2500
2017-11-01,300323,BUY,20.940724584779996,3500
2017-11-01,600779,BUY,40.723848165,1800
2017-11-01,002529,BUY,17.627609999999997,4100
2017-11-01,601678,BUY,5.665018058699999,13000
2017-11-01,002456,BUY,23.312092003199997,3100
2017-11-01,002008,BUY,44.465979157599996,1600
2017-11-01,300073,BUY,27.506625646499995,2600
2017-11-01,600293,BUY,9.04003481381,8100
2017-11-01,601003,BUY,5.561854738439999,13200
2017-11-01,600801,BUY,6.562771815599999,11200
2017-11-01,600966,BUY,5.667067406,13000
2017-11-01,002035,BUY,15.43179913275,4700
2018-02-01,000786,SELL,21.18171024684,3900
2018-02-01,600293,SELL,7.18616332332,8100
2018-02-01,300320,SELL,7.49797707744,5900
2018-02-01,603027,SELL,4.02466308822,15000
2018-02-01,300603,BUY,13.3692591032,6200
2018-02-01,603337,BUY,20.50492949505,4000
2018-02-01,603165,BUY,18.875532976299997,4400
2018-02-01,603660,BUY,17.123400694399997,4800
2018-05-03,601012,SELL,9.684390745169999,7900
2018-05-03,002326,SELL,7.7329029264299995,5800
2018-05-03,603337,SELL,25.00331362803,4000
2018-05-03,002061,SELL,6.95733445125,9100
2018-05-03,600619,SELL,9.79954972092,5700
2018-05-03,600280,SELL,8.94085371648,8700
2018-05-03,600787,SELL,7.7758093071,8100
2018-05-03,000960,SELL,13.301361803519999,5300
2018-05-03,000525,SELL,16.76990578752,3900
2018-05-03,000537,SELL,10.04984921088,6000
2018-05-03,600303,SELL,7.128432102330001,7500
2018-05-03,600580,SELL,6.579017926470001,11200
2018-05-03,002812,SELL,30.534310125,2000
2018-05-03,600309,SELL,29.87399905704,3200
2018-05-03,002334,SELL,6.732785015459999,8400
2018-05-03,002067,SELL,4.56374414754,11400
2018-05-03,300266,SELL,13.27815949905,4000
2018-05-03,000830,SELL,12.082904640359999,9400
2018-05-03,000338,SELL,6.16262768352,11600
2018-05-03,603288,SELL,27.611682678,3300
2018-05-03,002601,SELL,12.033437217300001,5400
2018-05-03,600490,SELL,8.54225403516,7100
2018-05-03,600308,SELL,3.2880158928,18000
2018-05-03,002640,SELL,20.19601009368,3600
2018-05-03,300603,SELL,13.858407410309999,6200
2018-05-03,600569,SELL,3.23768478429,18600
2018-05-03,603025,SELL,10.0499054346,6600
2018-05-03,601225,SELL,4.55159593791,16200
2018-05-03,300274,SELL,12.01283090424,5700
2018-05-03,002335,SELL,8.62809834492,5900
2018-05-03,600345,SELL,28.62300060774,2800
2018-05-03,603899,SELL,25.6674666402,3700
2018-05-03,002768,SELL,15.8552053236,4500
2018-05-03,600395,SELL,4.067345852730001,15000
2018-05-03,600231,SELL,3.04966871856,15400
2018-05-03,601360,SELL,34.62083451,8800
2018-05-03,002451,SELL,26.0583473682,3000
2018-05-03,002068,SELL,7.38757689813,7200
2018-05-03,600171,SELL,13.92426604575,6200
2018-05-03,600331,SELL,3.9060900000000003,13300
2018-05-03,002677,SELL,14.779066379760001,5900
2018-05-03,600567,SELL,3.8375080506,16600
2018-05-03,600682,SELL,32.4625961088,1900
2018-05-03,300227,SELL,7.97541952707,7800
2018-05-03,000797,SELL,5.426297470800001,9500
2018-05-03,603986,SELL,59.54144591304,1200
2018-05-03,600519,SELL,551.15384213232,100
2018-05-03,600288,SELL,9.06294364434,6900
2018-05-03,600438,SELL,10.273841874,9000
2018-05-03,600809,SELL,33.75655701264,2000
2018-05-03,601600,SELL,4.2965289702,9700
2018-05-03,002715,SELL,12.266570280869999,3200
2018-05-03,600638,SELL,10.239917452379999,5700
2018-05-03,002073,SELL,7.05483058752,8800
2018-05-03,002149,SELL,8.71579223325,7100
2018-05-03,000420,SELL,2.6973000000000003,22700
2018-05-03,600645,SELL,21.32865,2500
2018-05-03,000723,SELL,5.05976224293,9300
2018-05-03,603165,SELL,12.84897715101,4400
2018-05-03,300410,SELL,14.1395494968,3600
2018-05-03,000951,SELL,7.10027105157,7900
2018-05-03,300355,SELL,8.927504289269999,6300
2018-05-03,000333,SELL,38.572353036,1900
2018-05-03,600703,SELL,19.82227572216,3000
2018-05-03,000932,SELL,4.515020090369999,16800
2018-05-03,000567,SELL,4.8967009974,12700
2018-05-03,000886,SELL,5.23808962704,10800
2018-05-03,002562,SELL,6.42340721295,6900
2018-05-03,600690,SELL,14.77697665158,5100
2018-05-03,603660,SELL,18.286424830439998,4800
2018-05-03,600963,SELL,4.295438261999999,9600
2018-05-03,002078,SELL,9.47764761525,9100
2018-05-03,002313,SELL,27.10704475107,2700
2018-05-03,600276,SELL,35.80314453648,2500
2018-05-03,300323,SELL,18.11039631516,3500
2018-05-03,600779,SELL,37.065943433520005,1800
2018-05-03,002529,SELL,16.07391,4100
2018-05-03,601678,SELL,5.523978212279999,13000
2018-05-03,002456,SELL,17.60821623792,3100
2018-05-03,002008,SELL,45.682345925999996,1600
2018-05-03,300073,SELL,24.15746727108,2600
2018-05-03,600966,SELL,4.5245956752,13000
2018-05-03,002035,SELL,14.66088608835,4700
2018-05-03,002010,BUY,14.498249916149998,2900
2018-05-03,600777,BUY,3.2532499999999995,13000
2018-05-03,600248,BUY,4.2573357626799995,9900
2018-05-03,600727,BUY,9.04262665306,4600
2018-05-03,300470,BUY,22.180525296929996,1900
2018-05-03,300584,BUY,41.9258103264,1000
2018-05-03,000975,BUY,6.729074351999999,6200
2018-05-03,000636,BUY,13.214785674089999,3200
2018-05-03,600566,BUY,35.65371249439999,1100
2018-05-03,300618,BUY,107.22466245490999,300
2018-05-03,002001,BUY,10.9604566071,3800
2018-05-03,000560,BUY,6.922831235319999,6100
2018-05-03,000301,BUY,5.620395931149999,7500
2018-05-03,002755,BUY,14.431612295099999,2900
2018-05-03,300182,BUY,9.544326932139999,4400
2018-05-03,601106,BUY,3.7937899999999996,11100
2018-05-03,300434,BUY,10.872293832399999,3800
2018-05-03,300423,BUY,11.6085394425,3600
2018-05-03,002428,BUY,11.17891725951,3700
2018-05-03,603939,BUY,17.73430014356,2300
2018-05-03,300276,BUY,5.715337708079999,7400
2018-05-03,600378,BUY,10.4090541555,4000
2018-05-03,002626,BUY,14.91398083175,2800
2018-05-03,300427,BUY,14.625171080519998,2800
2018-05-03,002164,BUY,7.1836672107199995,5800
2018-05-03,600673,BUY,8.620024533119999,4900
2018-05-03,600641,BUY,9.817553665919998,4300
2018-05-03,000735,BUY,8.55151129833,4900
2018-05-03,300398,BUY,19.323632328,2100
2018-05-03,300523,BUY,40.1986537953,1000
2018-05-03,002389,BUY,16.021099654559997,2600
2018-05-03,300094,BUY,7.575018010559999,5500
2018-05-03,300554,BUY,50.868051954719995,800
2018-05-03,300572,BUY,28.463405580609997,1400
2018-05-03,603866,BUY,13.0960276447,3200
2018-05-03,002311,BUY,21.95002183374,1900
2018-05-03,300080,BUY,5.83583,7200
2018-05-03,300272,BUY,6.091595570059999,6900
2018-05-03,300571,BUY,52.67959096399999,800
2018-05-03,300003,BUY,32.923317336909996,1200
2018-05-03,002373,BUY,13.91464752678,3000
2018-05-03,300601,BUY,30.648759981839998,1300
2018-05-03,002422,BUY,29.429635435199998,1400
2018-05-03,300383,BUY,14.855651811,2800
2018-05-03,000786,BUY,19.22044077954,2200
2018-05-03,300226,BUY,26.9483015802,1500
2018-05-03,300347,BUY,38.64823358395999,1000
2018-05-03,002343,BUY,24.537445012079996,1700
2018-05-03,300188,BUY,17.070881517689998,2400
2018-05-03,300300,BUY,12.644617085099998,3300
2018-05-03,300428,BUY,13.308310765749997,3100
2018-05-03,300316,BUY,17.23606533649,2400
2018-05-03,000031,BUY,6.571860184889999,6400
2018-05-03,002423,BUY,13.13514717515,3200
2018-05-03,300121,BUY,11.083995602679998,3800
2018-05-03,300176,BUY,37.001500035499994,1100
2018-05-03,002679,BUY,14.681678031019999,2800
2018-05-03,000980,BUY,8.378884353839998,5000
2018-05-03,002016,BUY,12.483714993749999,3300
2018-05-03,002798,BUY,17.6662321836,2300
2018-05-03,300047,BUY,8.936403576099998,4700
2018-05-03,000534,BUY,12.549515378399999,3300
2018-05-03,000546,BUY,13.784682431519999,3000
2018-05-03,300107,BUY,9.19135702485,4600
2018-05-03,603638,BUY,8.73925804752,4800
2018-05-03,300251,BUY,10.501181691,4000
2018-05-03,000603,BUY,11.00389741451,3800
2018-05-03,600436,BUY,88.70194120787998,400
2018-05-03,600771,BUY,38.0409970941,1100
2018-05-03,300409,BUY,26.283287500469996,1600
2018-05-03,300513,BUY,17.636745436309997,2400
2018-05-03,300168,BUY,19.068968078159998,2200
2018-05-03,000818,BUY,13.514045524979998,3100
2018-05-03,603399,BUY,17.920397464969998,2300
2018-05-03,300559,BUY,9.600465875,4400
2018-05-03,002110,BUY,7.786419300659999,5400
2018-05-03,300365,BUY,12.800984356159999,3300
2018-05-03,600683,BUY,4.880156230949999,8600
2018-05-03,300059,BUY,5.6028713540799995,7500
2018-05-03,300413,BUY,20.146590163699997,2100
2018-05-03,000717,BUY,6.283422305159999,6700
2018-08-01,002507,SELL,20.02516614864,6500
2018-08-01,000818,SELL,11.25233325315,3100
2018-08-01,300572,SELL,29.10663423,1400
2018-08-01,300401,SELL,16.87383032895,4100
2018-08-01,300584,SELL,33.9223524912,1000
2018-08-01,600566,SELL,32.14846351584,1100
2018-08-01,000688,BUY,11.185920705959997,19300
2018-08-01,000537,BUY,8.44014836665,25600
2018-08-01,300357,BUY,21.11861888136,10200
2018-08-01,603369,BUY,17.938263593249996,12000
2018-08-01,600779,BUY,48.41955482363999,4400
2018-11-01,002010,SELL,7.5108972643200005,2900
2018-11-01,600248,SELL,3.58838338464,9900
2018-11-01,600727,SELL,5.2237785724200005,4600
2018-11-01,000688,SELL,11.391399198,19300
2018-11-01,300047,SELL,7.7708418795,4700
2018-11-01,300470,SELL,20.102072765040003,1900
2018-11-01,603939,SELL,14.364779511330001,2300
2018-11-01,300015,SELL,6.885399688020001,15800
2018-11-01,300554,SELL,18.22611598965,800
2018-11-01,000534,SELL,10.072380586949999,3300
2018-11-01,603866,SELL,11.35436752674,3200
2018-11-01,002311,SELL,18.70190888049,1900
2018-11-01,000546,SELL,8.71199580348,3000
2018-11-01,300272,SELL,4.35865344354,6900
2018-11-01,300571,SELL,36.7257606768,800
2018-11-01,000975,SELL,4.9185436528799995,6200
2018-11-01,300003,SELL,25.540338096,1200
2018-11-01,002626,SELL,9.77787212022,2800
2018-11-01,002373,SELL,12.494895636959999,3000
2018-11-01,300601,SELL,22.39180096482,1300
2018-11-01,002422,SELL,20.47687464798,1400
2018-11-01,300618,SELL,51.90084406314,300
2018-11-01,603638,SELL,7.737647856750001,4800
2018-11-01,002001,SELL,7.965774801449999,3800
2018-11-01,300383,SELL,12.812687487000002,2800
2018-11-01,300251,SELL,6.70434846048,4000
2018-11-01,000603,SELL,7.66882380969,3800
2018-11-01,600436,SELL,73.747691487,400
2018-11-01,002164,SELL,2.72727,5800
2018-11-01,600673,SELL,7.323505763399999,4900
2018-11-01,000786,SELL,11.852754081299999,2200
2018-11-01,300226,SELL,20.87869978062,1500
2018-11-01,000537,SELL,6.24069977328,25600
2018-11-01,300347,SELL,27.37021175064,1000
2018-11-01,600516,SELL,8.7142766004,6000
2018-11-01,600771,SELL,23.0718572478,1100
2018-11-01,603369,SELL,12.82935077703,12000
2018-11-01,000301,SELL,5.21049834594,7500
2018-11-01,000980,SELL,4.47552,5000
2018-11-01,002343,SELL,11.29869,1700
2018-11-01,600641,SELL,6.99048597654,4300
2018-11-01,300188,SELL,13.444003828709999,2400
2018-11-01,300409,SELL,11.92244115447,1600
2018-11-01,300513,SELL,11.73614174037,2400
2018-11-01,300300,SELL,10.60721904312,3300
2018-11-01,300168,SELL,11.05066735092,2200
2018-11-01,603799,SELL,18.53175351618,1900
2018-11-01,000735,SELL,8.98515276309,4900
2018-11-01,601003,SELL,5.8761559619999995,13200
2018-11-01,300182,SELL,4.90420784304,4400
2018-11-01,300523,SELL,38.32298379486,1000
2018-11-01,002389,SELL,10.497529442520001,2600
2018-11-01,603399,SELL,10.2305995596,2300
2018-11-01,601106,SELL,2.72727,11100
2018-11-01,300316,SELL,8.78652658809,2400
2018-11-01,000031,SELL,4.72626615285,6400
2018-11-01,300559,SELL,12.443372172,4400
2018-11-01,600779,SELL,25.16385993102,4400
2018-11-01,002110,SELL,7.85739291183,5400
2018-11-01,300121,SELL,7.970397624,3800
2018-11-01,600985,SELL,6.2484857395199995,9200
2018-11-01,300176,SELL,33.13392127164,1100
2018-11-01,300094,SELL,5.63739152544,5500
2018-11-01,600683,SELL,3.4224472269,8600
2018-11-01,600410,SELL,5.94653214537,7300
2018-11-01,300059,SELL,4.85737655121,7500
2018-11-01,002127,SELL,6.8452220259,8000
2018-11-01,002679,SELL,13.060663063200002,2800
2018-11-01,300413,SELL,17.76147106968,2100
2018-11-01,002383,SELL,12.597389999999999,5100
2018-11-01,300434,SELL,10.6660145088,3800
2018-11-01,000717,SELL,5.144883426540001,6700
2018-11-01,002428,SELL,5.30460131877,3700
2018-11-01,002016,SELL,7.484006502,3300
2018-11-01,300164,BUY,7.576100311779999,1900
2018-11-01,002015,BUY,4.617001469079999,3100
2018-11-01,300467,BUY,22.312289999999997,600
2018-11-01,002115,BUY,6.280036352589999,2300
2018-11-01,002377,BUY,4.636040919509999,3100
2018-11-01,300400,BUY,14.119583658179998,1000
2018-11-01,002007,BUY,15.262362215099998,900
2018-11-01,002075,BUY,14.891368692199999,900
2018-11-01,603826,BUY,7.05296215624,2000
2018-11-01,300120,BUY,5.51717144979,2600
2018-11-01,002353,BUY,18.71188077759,700
2018-11-01,600803,BUY,8.49624419644,1700
2018-11-01,000593,BUY,8.108099999999999,1800
2018-11-01,000703,BUY,8.67043784607,1600
2018-11-01,002478,BUY,4.3639542446499995,3300
2018-11-01,002414,BUY,2.1488065598999997,6800
2018-11-01,000860,BUY,25.9144746861,500
2018-11-01,600408,BUY,3.0330299999999997,4800
2018-11-01,000661,BUY,83.38962567936,100
2018-11-01,600593,BUY,24.884859999999996,500
2018-11-01,300243,BUY,6.615794495309999,2200
2018-11-01,600732,BUY,2.94107507694,4900
2018-11-01,001914,BUY,6.646639999999999,2200
2018-11-01,300437,BUY,12.013588486899998,1200
2018-11-01,600872,BUY,23.055952619699998,600
2018-11-01,600826,BUY,6.353464797679999,2300
2018-11-01,600588,BUY,14.1573966534,1000
2018-11-01,000778,BUY,3.6440933829299995,4000
2018-11-01,300673,BUY,21.50644032537,600
2018-11-01,600028,BUY,3.9168807677999995,3700
2018-11-01,600273,BUY,6.510473959989999,2200
2018-11-01,603338,BUY,24.835605945149997,500
2018-11-01,603726,BUY,14.919085341159999,900
2018-11-01,601918,BUY,3.1166591956499996,4700
2018-11-01,600808,BUY,3.1841703293399997,4600
2018-11-01,603606,BUY,5.010784718939999,2900
2018-11-01,600236,BUY,3.1662927496199997,4600
2018-11-01,000736,BUY,5.666327366699999,2500
2018-11-01,603225,BUY,13.576738375199998,1000
2018-11-01,300456,BUY,11.237729783279999,1300
2018-11-01,002228,BUY,3.7385883534999995,3900
2018-11-01,300132,BUY,12.159733185599999,1200
2018-11-01,600305,BUY,6.8398505174999995,2100
2018-11-01,600802,BUY,6.174394185959999,2300
2018-11-01,002179,BUY,14.992524466919999,900
2018-11-01,002841,BUY,51.6725994785,200
2018-11-01,601229,BUY,6.073407940599999,2400
2018-11-01,000422,BUY,2.5519872377999997,5700
2018-11-01,601857,BUY,5.830548884159999,2500
2018-11-01,601139,BUY,4.680255059479999,3100
2018-11-01,600596,BUY,7.134871423679999,2000
2018-11-01,000968,BUY,11.83802363744,1200
2018-11-01,002526,BUY,2.0219446847599998,7200
2018-11-01,600760,BUY,16.3978841026,800
2018-11-01,000520,BUY,2.9729699999999997,4900
2018-11-01,002025,BUY,24.612904155839995,500
2018-11-01,002685,BUY,5.646890289039999,2600
2018-11-01,600256,BUY,2.9754932407199997,4900
2018-11-01,000708,BUY,3.928736812,3700
2018-11-01,000629,BUY,3.95395,3700
2018-11-01,300146,BUY,14.699116281849998,900
2018-11-01,601336,BUY,37.7420168125,300
2018-11-01,300444,BUY,7.179585392979999,2000
2018-11-01,600425,BUY,2.77008593862,5300
2018-11-01,600389,BUY,10.56403186839,1300
2018-11-01,603288,BUY,27.98130967632,500
2018-11-01,603012,BUY,6.799707914999999,2100
2018-11-01,600810,BUY,7.44136329937,1900
2018-11-01,002602,BUY,10.57391510175,1300
2018-11-01,000935,BUY,13.421792383999998,1000
2018-11-01,000789,BUY,7.158093983039999,2000
2018-11-01,601186,BUY,8.654743697599999,1600
2018-11-01,000922,BUY,4.04714301992,3600
2018-11-01,600346,BUY,8.314681575199998,1700
2018-11-01,300461,BUY,22.882859999999997,600
2018-11-01,300458,BUY,6.510508764759999,2200
2019-02-01,300461,SELL,16.70328,600
2019-02-01,300684,BUY,17.43013677405,123900
2019-05-07,600777,SELL,2.3176799999999997,13000
2019-05-07,002115,SELL,8.48043530577,2300
2019-05-07,300400,SELL,15.3611057178,1000
2019-05-07,000636,SELL,11.28227390253,3200
2019-05-07,600803,SELL,8.21142174861,1700
2019-05-07,002414,SELL,3.4109926929,6800
2019-05-07,600593,SELL,32.81715,500
2019-05-07,300243,SELL,7.350358234050001,2200
2019-05-07,000560,SELL,5.67884662884,6100
2019-05-07,600872,SELL,32.95299097305,600
2019-05-07,002755,SELL,12.63135336264,2900
2019-05-07,600305,SELL,9.33390909765,2100
2019-05-07,002179,SELL,16.1483412942,900
2019-05-07,600596,SELL,6.53886626832,2000
2019-05-07,000968,SELL,10.69893099936,1200
2019-05-07,000629,SELL,3.38661,3700
2019-05-07,300146,SELL,17.6986947888,900
2019-05-07,601336,SELL,41.330181447,300
2019-05-07,300444,SELL,8.634015641700001,2000
2019-05-07,600389,SELL,10.708433936910001,1300
2019-05-07,603288,SELL,40.90135182588,500
2019-05-07,600810,SELL,9.43796571687,1900
2019-05-07,000789,SELL,7.13279318688,2000
2019-05-07,601186,SELL,7.7891303727,1600
2019-05-07,300423,SELL,14.07524493573,3600
2019-05-07,300164,SELL,6.283189281239999,1900
2019-05-07,300120,SELL,6.07871119401,2600
2019-05-07,300276,SELL,4.7596627728000005,7400
2019-05-07,002353,SELL,19.61606554875,700
2019-05-07,600378,SELL,11.937494915639999,4000
2019-05-07,300427,SELL,13.84028458128,2800
2019-05-07,002478,SELL,4.6318833801,3300
2019-05-07,000860,SELL,41.1222173193,500
2019-05-07,300308,SELL,22.5250258266,3000
2019-05-07,603338,SELL,32.76201673845,500
2019-05-07,601918,SELL,2.96618018067,4700
2019-05-07,300456,SELL,12.90376457874,1300
2019-05-07,300398,SELL,12.50564023161,2100
2019-05-07,002841,SELL,69.64082256690001,200
2019-05-07,601229,SELL,6.02649546201,2400
2019-05-07,300684,SELL,15.6795370677,123900
2019-05-07,000520,SELL,3.22677,4900
2019-05-07,002685,SELL,5.29197316956,2600
2019-05-07,600425,SELL,3.2065328573999996,5300
2019-05-07,603012,SELL,8.7224762925,2100
2019-05-07,002602,SELL,10.0577193129,1300
2019-05-07,000922,SELL,6.88940387982,3600
2019-05-07,600346,SELL,9.77652756612,1700
2019-05-07,300458,SELL,6.18330826224,2200
2019-05-07,002007,SELL,18.161583237000002,900
2019-05-07,300080,SELL,5.88411,7200
2019-05-07,000593,SELL,6.1938,1800
2019-05-07,000703,SELL,9.452697290549999,1600
2019-05-07,600408,SELL,2.6973000000000003,4800
2019-05-07,000661,SELL,136.12735859778,100
2019-05-07,300437,SELL,12.6948550374,1200
2019-05-07,600826,SELL,6.75219460644,2300
2019-05-07,600588,SELL,16.3475409951,1000
2019-05-07,300673,SELL,19.10138636313,600
2019-05-07,600028,SELL,3.3816426723000004,3700
2019-05-07,600808,SELL,2.59272592875,4600
2019-05-07,603606,SELL,6.73341858126,2900
2019-05-07,600236,SELL,3.4228102834799996,4600
2019-05-07,002228,SELL,3.6702024236999997,3900
2019-05-07,300132,SELL,12.5024898951,1200
2019-05-07,600802,SELL,6.32967847551,2300
2019-05-07,300428,SELL,10.11190322475,3100
2019-05-07,601857,SELL,5.14803117564,2500
2019-05-07,601139,SELL,4.54024924596,3100
2019-05-07,002423,SELL,9.7474123305,3200
2019-05-07,600760,SELL,13.62626997012,800
2019-05-07,002025,SELL,24.4482241032,500
2019-05-07,300357,SELL,25.96577441382,10200
2019-05-07,603225,SELL,11.93193612,1000
2019-05-07,600256,SELL,2.54628680436,4900
2019-05-07,300467,SELL,21.32865,600
2019-05-07,002798,SELL,18.27803941425,2300
2019-05-07,002377,SELL,4.95382686435,3100
2019-05-07,002075,SELL,7.77358286577,900
2019-05-07,603826,SELL,8.47337919894,2000
2019-05-07,300107,SELL,9.6554420928,4600
2019-05-07,001914,SELL,11.33865,2200
2019-05-07,000778,SELL,3.54173241231,4000
2019-05-07,600273,SELL,7.7941854925200005,2200
2019-05-07,603726,SELL,9.78470975574,900
2019-05-07,000736,SELL,6.2738095104000005,2500
2019-05-07,002526,SELL,2.37054839868,7200
2019-05-07,300365,SELL,14.257303305119999,3300
2019-05-07,000935,SELL,14.081656248,1000
2019-05-07,600801,SELL,12.80502703512,11200
2019-05-07,603333,BUY,8.394741635279999,4700
2019-05-07,002760,BUY,16.239318655559998,2400
2019-05-07,600866,BUY,4.227972869119999,9300
2019-05-07,002399,BUY,20.35594026466,1900
2019-05-07,600984,BUY,4.863360071569999,8100
2019-05-07,600067,BUY,4.1896906051,9400
2019-05-07,300130,BUY,14.642273646,2700
2019-05-07,600206,BUY,7.442800965599999,5300
2019-05-07,603313,BUY,13.579089523999999,2900
2019-05-07,300465,BUY,7.876625366609999,5000
2019-05-07,002443,BUY,5.460152237539999,7200
2019-05-07,603160,BUY,116.80757057969998,300
2019-05-07,300638,BUY,7.648943992689999,5100
2019-05-07,600871,BUY,2.42242,16300
2019-05-07,000936,BUY,8.34702180312,4700
2019-05-07,600592,BUY,8.34317811327,4700
2019-05-07,300702,BUY,17.591970215819998,2200
2019-05-07,600328,BUY,5.124599399919999,7700
2019-05-07,000999,BUY,14.700189954449998,2600
2019-05-07,002246,BUY,7.461982127599999,5300
2019-05-07,300546,BUY,20.364437493399997,1900
2019-05-07,600159,BUY,2.6384341183199997,15000
2019-05-07,603586,BUY,12.337284339379998,3200
2019-05-07,002607,BUY,10.976280865549999,3600
2019-05-07,600848,BUY,22.576573018999998,1700
2019-05-07,600728,BUY,10.362471118999999,3800
2019-05-07,603882,BUY,30.373069126399997,1300
2019-05-07,600149,BUY,6.2062,6300
2019-05-07,002793,BUY,12.6798187516,3100
2019-05-07,600517,BUY,7.321894389809999,5400
2019-05-07,603800,BUY,11.7227986876,3300
2019-05-07,600215,BUY,7.186096417499999,5500
2019-05-07,600202,BUY,4.636029848449999,8500
2019-05-07,000958,BUY,5.90382699907,6700
2019-05-07,300508,BUY,28.079122881809997,1400
2019-05-07,601099,BUY,3.6035999999999997,10900
2019-05-07,002489,BUY,3.2438782375999997,12200
2019-05-07,000877,BUY,8.28755579652,4700
2019-05-07,600587,BUY,12.077581015499998,3200
2019-05-07,600556,BUY,8.180991338519998,4800
2019-05-07,300609,BUY,35.147801969279996,1100
2019-05-07,600150,BUY,20.081078016999996,1900
2019-05-07,600026,BUY,5.476853041659999,7200
2019-05-07,603969,BUY,4.59508510461,8600
2019-05-07,000589,BUY,2.70774880376,14600
2019-05-07,600310,BUY,4.0807102336,9700
2019-05-07,300397,BUY,10.908001104,3600
2019-05-07,002099,BUY,7.7172063969,5100
2019-05-07,002797,BUY,6.079013740799999,6500
2019-05-07,300221,BUY,6.891291937529999,5700
2019-05-07,002738,BUY,7.820298485999999,5000
2019-05-07,600496,BUY,2.7120717924299997,14500
2019-05-07,600191,BUY,5.058749455759999,7800
2019-05-07,300686,BUY,14.971189132899998,2600
2019-05-07,300012,BUY,9.173743859279998,4300
2019-05-07,300483,BUY,19.712074882499998,2000
2019-05-07,603118,BUY,8.167443924639999,4800
2019-05-07,002232,BUY,7.788879738639999,5000
2019-05-07,603727,BUY,13.247477743499998,2900
2019-05-07,002698,BUY,7.483269163369999,5200
2019-05-07,002673,BUY,8.76291639223,4500
2019-05-07,600764,BUY,24.461968060529998,1600
2019-05-07,000811,BUY,5.7836475496799995,6800
2019-05-07,002605,BUY,9.085618842299999,4300
2019-05-07,603918,BUY,7.053862415599999,5600
2019-05-07,600570,BUY,23.707150406939995,1600
2019-05-07,300402,BUY,8.513580335259999,4600
2019-05-07,601992,BUY,2.9307741262799993,13500
2019-05-07,600266,BUY,6.1473343931999995,6400
2019-05-07,600626,BUY,7.630716843749999,5100
2019-05-07,002064,BUY,4.187069516629999,9400
2019-05-07,601858,BUY,9.292785401899998,4200
2019-05-07,002274,BUY,5.957799587739999,6600
2019-05-07,000686,BUY,7.86661876,5000
2019-05-07,300250,BUY,14.714699999999997,2600
2019-05-07,300092,BUY,6.585545946979999,6000
2019-05-07,300578,BUY,24.0702326865,1600
2019-05-07,300513,BUY,12.459035048459997,3100
2019-05-07,600456,BUY,18.7119939006,2100
2019-05-07,002313,BUY,20.310122002169997,1900
2019-05-07,600533,BUY,3.1706117843399997,12400
2019-05-07,002272,BUY,4.72661683494,8300
2019-05-07,000539,BUY,3.9178911872099995,10100
2019-05-07,601555,BUY,7.7636561001999995,5000
2019-05-07,300735,BUY,11.2013887986,3500
2019-05-07,000573,BUY,2.9017785196399997,13600
2019-05-07,300234,BUY,6.1752753562499985,6400
2019-05-07,600368,BUY,2.7517799509199996,14300
2019-05-07,600249,BUY,4.367256493599999,9000
2019-08-01,603727,SELL,16.603412607360003,2900
2019-08-01,600368,SELL,2.77189834698,14300
2019-08-01,603333,SELL,9.11531088468,4700
2019-08-01,300686,SELL,16.76294959068,2600
2019-08-01,600127,BUY,4.524519999999999,97000
2019-08-01,300581,BUY,5.253335937849999,83500
2019-08-01,002796,BUY,27.824403857249997,15700
2019-08-01,002106,BUY,6.872480935319999,63800
2019-11-01,002015,SELL,5.391285278040001,3100
2019-11-01,002760,SELL,17.64292445496,2400
2019-11-01,300122,SELL,30.31191673101,4100
2019-11-01,600866,SELL,3.8157036068699997,9300
2019-11-01,002399,SELL,15.5838394611,1900
2019-11-01,002796,SELL,24.2769242745,15700
2019-11-01,600067,SELL,3.60950373315,9400
2019-11-01,300130,SELL,15.6315014514,2700
2019-11-01,603313,SELL,12.74943544236,2900
2019-11-01,600206,SELL,9.78082464474,5300
2019-11-01,300465,SELL,10.13563944477,5000
2019-11-01,002443,SELL,5.6142609191999995,7200
2019-11-01,300638,SELL,9.867283259579999,5100
2019-11-01,600871,SELL,2.2177800000000003,16300
2019-11-01,300581,SELL,5.375939718960001,83500
2019-11-01,000708,SELL,9.1326586995,3700
2019-11-01,000936,SELL,6.5325924684,4700
2019-11-01,600127,SELL,4.13586,97000
2019-11-01,600592,SELL,13.49256903489,4700
2019-11-01,300702,SELL,22.49865116766,2200
2019-11-01,600328,SELL,5.240808045900001,7700
2019-11-01,000999,SELL,14.798070216900001,2600
2019-11-01,002246,SELL,7.48863283104,5300
2019-11-01,300546,SELL,21.64429467936,1900
2019-11-01,600159,SELL,2.359463175,15000
2019-11-01,603586,SELL,13.55284910448,3200
2019-11-01,600848,SELL,20.430182556810003,1700
2019-11-01,600728,SELL,9.47078588385,3800
2019-11-01,600149,SELL,5.22477,6300
2019-11-01,600517,SELL,6.4771015149,5400
2019-11-01,603800,SELL,12.22785385605,3300
2019-11-01,600215,SELL,6.4488807639,5500
2019-11-01,600202,SELL,4.735283976,8500
2019-11-01,300508,SELL,23.15403101178,1400
2019-11-01,601099,SELL,3.34665,10900
2019-11-01,002489,SELL,3.14221172292,12200
2019-11-01,000877,SELL,8.8415940555,4700
2019-11-01,600587,SELL,10.2778802316,3200
2019-11-01,300609,SELL,36.83181525606,1100
2019-11-01,603969,SELL,3.70363790475,8600
2019-11-01,000589,SELL,3.07052368272,14600
2019-11-01,600310,SELL,3.27923306442,9700
2019-11-01,002099,SELL,6.4462648823999995,5100
2019-11-01,002797,SELL,6.64593741,6500
2019-11-01,300221,SELL,5.1010777560600005,5700
2019-11-01,002106,SELL,7.45594954704,63800
2019-11-01,002738,SELL,7.00028794476,5000
2019-11-01,600732,SELL,5.099820354719999,4900
2019-11-01,600496,SELL,2.40322303134,14500
2019-11-01,600191,SELL,5.2175926845000005,7800
2019-11-01,603118,SELL,12.06071489232,4800
2019-11-01,002232,SELL,8.686779475049999,5000
2019-11-01,002698,SELL,8.7585835491,5200
2019-11-01,002673,SELL,8.18570052558,4500
2019-11-01,000811,SELL,5.12728371387,6800
2019-11-01,002605,SELL,11.516588763120001,4300
2019-11-01,603918,SELL,9.500404545539999,5600
2019-11-01,600570,SELL,31.56232773834,1600
2019-11-01,300402,SELL,9.29670803595,4600
2019-11-01,601992,SELL,2.6724764484,13500
2019-11-01,600266,SELL,5.41634582241,6400
2019-11-01,600626,SELL,6.3051100585199995,5100
2019-11-01,002064,SELL,4.6303581069,9400
2019-11-01,601858,SELL,9.8808749343,4200
2019-11-01,002274,SELL,5.41111445901,6600
2019-11-01,000686,SELL,7.44945384924,5000
2019-11-01,300250,SELL,13.55643,2600
2019-11-01,300092,SELL,6.64649760924,6000
2019-11-01,300578,SELL,24.86873303334,1600
2019-11-01,300513,SELL,12.999947139900002,3100
2019-11-01,600456,SELL,20.534874410159997,2100
2019-11-01,002313,SELL,18.631349999999998,1900
2019-11-01,600533,SELL,2.89445456808,12400
2019-11-01,000422,SELL,2.6681687604,5700
2019-11-01,002272,SELL,4.4925457572,8300
2019-11-01,000539,SELL,3.6603655704,10100
2019-11-01,601555,SELL,6.956890695449999,5000
2019-11-01,300735,SELL,16.532001999450003,3500
2019-11-01,000573,SELL,2.5920220833,13600
2019-11-01,300234,SELL,5.7301620021,6400
2019-11-01,600026,SELL,5.1512122513800005,7200
2019-11-01,300464,BUY,11.209453014759998,4500
2019-11-01,601069,BUY,14.254177547609999,3500
2019-11-01,603883,BUY,25.993724997239998,1900
2019-11-01,300474,BUY,35.88614321292,1400
2019-11-01,603708,BUY,22.77277888886,2200
2019-11-01,000403,BUY,14.4472253926,3500
2019-11-01,002414,BUY,4.8012662297599995,10500
2019-11-01,002655,BUY,12.894854973,3900
2019-11-01,600872,BUY,40.87922446608,1200
2019-11-01,600004,BUY,16.7333300134,3000
2019-11-01,002524,BUY,10.090079999999999,5000
2019-11-01,603129,BUY,27.070663579959998,1800
2019-11-01,300659,BUY,33.68684725405999,1500
2019-11-01,300529,BUY,32.327812216699996,1500
2019-11-01,002812,BUY,32.055416042649995,1500
2019-11-01,002552,BUY,18.451441548539997,2700
2019-11-01,603707,BUY,18.14409068472,2800
2019-11-01,600698,BUY,2.8528499999999997,17800
2019-11-01,002036,BUY,10.635513888999998,4700
2019-11-01,300162,BUY,8.05805,6300
2019-11-01,300469,BUY,16.506489999999996,3000
2019-11-01,300417,BUY,26.06347783039,1900
2019-11-01,002800,BUY,13.348205120249999,3800
2019-11-01,002180,BUY,27.448805884499997,1800
2019-11-01,002353,BUY,28.4752380913,1700
2019-11-01,600882,BUY,13.703689999999998,3700
2019-11-01,600161,BUY,14.991349332959999,3300
2019-11-01,600562,BUY,13.823897287199998,3600
2019-11-01,300492,BUY,16.97821374249,2900
2019-11-01,002660,BUY,7.696085236839999,6600
2019-11-01,000893,BUY,6.9705605969999995,7200
2019-11-01,000799,BUY,30.644779655489998,1600
2019-11-01,300482,BUY,35.56609098041999,1400
2019-11-01,603899,BUY,44.048896891999995,1100
2019-11-01,600095,BUY,7.924286009639999,6400
2019-11-01,300525,BUY,10.899907298279999,4600
2019-11-01,600763,BUY,69.703807173,700
2019-11-01,300523,BUY,40.226834247599996,1200
2019-11-01,300074,BUY,4.51451,11200
2019-11-01,300463,BUY,24.251986939179996,2000
2019-11-01,603520,BUY,21.217185989999997,2300
2019-11-01,300322,BUY,20.55663583974,2400
2019-11-01,300595,BUY,23.229222716699997,2100
2019-11-01,002916,BUY,76.464963575,600
2019-11-01,603127,BUY,15.618161278719997,3200
2019-11-01,300141,BUY,6.530723749549999,7700
2019-11-01,002007,BUY,24.2748477972,2000
2019-11-01,300015,BUY,13.187339225059999,3800
2019-11-01,603703,BUY,9.9244417272,5100
2019-11-01,002777,BUY,18.09737353424,2800
2019-11-01,300682,BUY,13.857792268319999,3600
2019-11-01,002821,BUY,85.48541251249999,500
2019-11-01,300653,BUY,30.785207052599997,1600
2019-11-01,300601,BUY,52.057647642,900
2019-11-01,002876,BUY,29.764947712499996,1700
2019-11-01,002114,BUY,7.36736,6900
2019-11-01,300552,BUY,38.99562797129999,1300
2019-11-01,300347,BUY,66.16948738399999,700
2019-11-01,300686,BUY,18.602158574999997,2700
2019-11-01,300537,BUY,19.297483775569997,2600
2019-11-01,603727,BUY,14.365530679499999,3500
2019-11-01,300253,BUY,12.714505123319999,3900
2019-11-01,002695,BUY,14.896909657629998,3400
2019-11-01,002194,BUY,16.6637713242,3000
2019-11-01,002642,BUY,6.005999999999999,8400
2019-11-01,300357,BUY,43.99399032028,1100
2019-11-01,300136,BUY,39.70733686919999,1200
2019-11-01,002205,BUY,13.832697278399998,3600
2019-11-01,603658,BUY,68.6263595017,700
2019-11-01,300579,BUY,25.975149700499998,1900
2019-11-01,300685,BUY,25.100813277539995,2000
2019-11-01,300277,BUY,7.861528935259999,6400
2019-11-01,002901,BUY,51.667051936499995,900
2019-11-01,300661,BUY,34.834675235359995,1400
2019-11-01,002902,BUY,24.343245216289997,2000
2019-11-01,600276,BUY,61.52017631759999,800
2019-11-01,002819,BUY,24.779535100319997,2000
2019-11-01,002690,BUY,22.478675118899996,2200
2019-11-01,002475,BUY,23.74580691483,2100
2019-11-01,600131,BUY,20.369530581399996,2400
2019-11-01,300345,BUY,12.47246,4000
2020-02-04,002205,SELL,6.9398407324799996,3600
2020-02-04,600004,SELL,14.1328205325,3000
2020-02-04,300755,BUY,16.007684893199997,9500
2020-02-04,300759,BUY,25.240340124999996,6000
2020-02-04,600519,BUY,859.937823745,100
2020-05-07,300464,SELL,10.17992520468,4500
2020-05-07,601069,SELL,13.58931064644,3500
2020-05-07,603883,SELL,29.190126654,1900
2020-05-07,300474,SELL,38.3278525812,1400
2020-05-07,603708,SELL,31.78801748268,2200
2020-05-07,600984,SELL,11.201876070840001,8100
2020-05-07,002414,SELL,9.5018705181,10500
2020-05-07,002655,SELL,9.15685323075,3900
2020-05-07,600872,SELL,45.236233205279994,1200
2020-05-07,002524,SELL,7.4225699999999994,5000
2020-05-07,603129,SELL,37.652227522560004,1800
2020-05-07,300659,SELL,61.809227301600004,1500
2020-05-07,002812,SELL,51.823166068889996,1500
2020-05-07,002552,SELL,14.53063220262,2700
2020-05-07,603707,SELL,25.021270043639998,2800
2020-05-07,603160,SELL,229.4755865082,300
2020-05-07,600698,SELL,2.41758,17800
2020-05-07,002036,SELL,10.882494612,4700
2020-05-07,300162,SELL,7.15284,6300
2020-05-07,300469,SELL,13.776209999999999,3000
2020-05-07,300417,SELL,18.87388748973,1900
2020-05-07,002800,SELL,10.1655106137,3800
2020-05-07,002180,SELL,30.069193387320002,1800
2020-05-07,002353,SELL,23.469968937599997,1700
2020-05-07,600161,SELL,19.86640534836,3300
2020-05-07,600562,SELL,14.213197575,3600
2020-05-07,300492,SELL,14.177876341589998,2900
2020-05-07,000799,SELL,32.3399448828,1600
2020-05-07,603899,SELL,46.17198915264,1100
2020-05-07,603882,SELL,62.5037770566,1300
2020-05-07,300525,SELL,10.10403017568,4600
2020-05-07,002793,SELL,13.858980946199999,3100
2020-05-07,600763,SELL,87.620525766,700
2020-05-07,300523,SELL,41.05075004811,1200
2020-05-07,300074,SELL,4.515479999999999,11200
2020-05-07,000958,SELL,3.9502312146,6700
2020-05-07,300463,SELL,34.602837525000005,2000
2020-05-07,603520,SELL,31.53632654556,2300
2020-05-07,600556,SELL,17.8325294202,4800
2020-05-07,300322,SELL,16.98216225858,2400
2020-05-07,300595,SELL,30.422355072120002,2100
2020-05-07,600150,SELL,18.1606895316,1900
2020-05-07,002916,SELL,127.364526981,600
2020-05-07,300141,SELL,8.23913769492,7700
2020-05-07,300015,SELL,15.47296708446,3800
2020-05-07,603703,SELL,13.39275887496,5100
2020-05-07,002777,SELL,23.35161114387,2800
2020-05-07,002821,SELL,124.25447739375,500
2020-05-07,300653,SELL,31.906895765399998,1600
2020-05-07,300397,SELL,26.2432376928,3600
2020-05-07,300601,SELL,81.3940302942,900
2020-05-07,002876,SELL,33.78357083178,1700
2020-05-07,002114,SELL,6.1438500000000005,6900
2020-05-07,300552,SELL,39.780186553440004,1300
2020-05-07,300347,SELL,74.62788616125,700
2020-05-07,300686,SELL,20.1492040266,2700
2020-05-07,300012,SELL,16.1422160256,4300
2020-05-07,600519,SELL,1109.344041504,100
2020-05-07,300483,SELL,17.1457192179,2000
2020-05-07,300537,SELL,15.4111189545,2600
2020-05-07,603727,SELL,14.5188832833,3500
2020-05-07,300253,SELL,19.61181277578,3900
2020-05-07,002695,SELL,21.194391862529997,3400
2020-05-07,002194,SELL,20.61712882341,3000
2020-05-07,002642,SELL,5.2947,8400
2020-05-07,600764,SELL,26.993338601039998,1600
2020-05-07,300357,SELL,50.919995113919995,1100
2020-05-07,300136,SELL,42.62952837942,1200
2020-05-07,603658,SELL,90.71973893052001,700
2020-05-07,300579,SELL,28.9179475056,1900
2020-05-07,300685,SELL,28.9851015843,2000
2020-05-07,300277,SELL,7.462162827539999,6400
2020-05-07,002901,SELL,83.680181055,900
2020-05-07,300755,SELL,24.571129275,9500
2020-05-07,300661,SELL,63.3914778672,1400
2020-05-07,002902,SELL,18.28316006847,2000
2020-05-07,600276,SELL,65.376710847,800
2020-05-07,002819,SELL,22.298370958350002,2000
2020-05-07,002690,SELL,26.23053146175,2200
2020-05-07,002475,SELL,34.918021435590006,2100
2020-05-07,600131,SELL,18.66684454992,2400
2020-05-07,300345,SELL,6.66333,4000
2020-05-07,600249,SELL,4.2697823436,9000
2020-05-07,603507,BUY,13.807617904079999,3900
2020-05-07,300097,BUY,10.450439999999999,5200
2020-05-07,300687,BUY,11.40292637484,4800
2020-05-07,600893,BUY,24.42058103485,2200
2020-05-07,002380,BUY,13.305855482919998,4100
2020-05-07,300223,BUY,99.43071883744999,500
2020-05-07,600526,BUY,5.09283649875,10800
2020-05-07,600540,BUY,4.48448,12300
2020-05-07,600877,BUY,6.056049999999999,9100
2020-05-07,300560,BUY,20.968765817999998,2600
2020-05-07,002532,BUY,4.88873190806,11200
2020-05-07,600305,BUY,13.962811262399997,3900
2020-05-07,002625,BUY,7.852719534659999,7000
2020-05-07,603090,BUY,14.093706727099999,3900
2020-05-07,002170,BUY,3.6082675428799993,15200
2020-05-07,300676,BUY,100.86590562047999,500
2020-05-07,600108,BUY,3.6264851122499993,15200
2020-05-07,601020,BUY,5.63002662222,9700
2020-05-07,603955,BUY,15.951325369979998,3400
2020-05-07,300740,BUY,8.93351130672,6100
2020-05-07,002271,BUY,19.601155263689996,2800
2020-05-07,002909,BUY,5.093424976639999,10800
2020-05-07,300363,BUY,24.8128048168,2200
2020-05-07,002041,BUY,13.035788045279999,4200
2020-05-07,300674,BUY,22.70338326256,2400
2020-05-07,002714,BUY,46.7943612136,1100
2020-05-07,300209,BUY,9.8335090854,5600
2020-05-07,000735,BUY,9.61270218909,5700
2020-05-07,002410,BUY,35.10411669765,1500
2020-05-07,002912,BUY,113.27685004635998,400
2020-05-07,300678,BUY,14.828168975619997,3700
2020-05-07,002263,BUY,2.27227,24200
2020-05-07,002030,BUY,10.4337231999,5200
2020-05-07,300643,BUY,12.867939584499998,4200
2020-05-07,600720,BUY,13.131002965079999,4200
2020-05-07,002332,BUY,12.053091260209998,4500
2020-05-07,600538,BUY,7.8077999999999985,7000
2020-05-07,002216,BUY,16.721814309199996,3200
2020-05-07,300709,BUY,52.15941500769999,1000
2020-05-07,002213,BUY,18.189639107639998,3000
2020-05-07,000688,BUY,17.339665903559997,3100
2020-05-07,300265,BUY,12.2091344375,4500
2020-05-07,300411,BUY,9.709699999999998,5600
2020-05-07,002311,BUY,40.29244150931999,1300
2020-05-07,002385,BUY,8.881310688249998,6200
2020-05-07,002312,BUY,4.541043386879999,12100
2020-05-07,600506,BUY,6.627729308199999,8300
2020-05-07,600055,BUY,14.576760598399998,3700
2020-05-07,300440,BUY,9.1597500995,6000
2020-05-07,300626,BUY,9.71719736988,5600
2020-05-07,603345,BUY,86.03529156222,600
2020-05-07,300284,BUY,7.997922782849999,6800
2020-05-07,603986,BUY,158.85155446159996,300
2020-05-07,603628,BUY,7.3639133567999995,7400
2020-05-07,000739,BUY,15.857431089499999,3400
2020-05-07,600988,BUY,8.11395359775,6700
2020-05-07,603456,BUY,18.74326767313,2900
2020-05-07,002163,BUY,6.926919999999999,7900
2020-05-07,601179,BUY,5.7412910555,9600
2020-05-07,300604,BUY,14.082764375679998,3900
2020-05-07,300030,BUY,9.60971107096,5700
2020-05-07,300191,BUY,16.919254352,3200
2020-05-07,002791,BUY,72.4870204058,700
2020-05-07,002845,BUY,14.70927862404,3700
2020-05-07,600359,BUY,7.877869999999999,7000
2020-05-07,603022,BUY,17.458729538249997,3100
2020-05-07,603105,BUY,8.827714896,6200
2020-05-07,600078,BUY,4.857969766649999,11300
2020-05-07,002133,BUY,2.7577212062399994,20000
2020-05-07,300103,BUY,9.053014530559999,6000
2020-05-07,002828,BUY,9.031566463919999,6100
2020-05-07,000815,BUY,7.107099999999999,7700
2020-05-07,001914,BUY,24.872591743999998,2200
2020-05-07,600186,BUY,2.69269,20400
2020-05-07,300056,BUY,5.83583,9400
2020-05-07,002028,BUY,19.32069907768,2800
2020-05-07,002758,BUY,8.93333374934,6100
2020-05-07,600246,BUY,7.776986136919999,7000
2020-05-07,600228,BUY,11.601589999999998,4700
2020-05-07,603356,BUY,16.78795113996,3200
2020-05-07,300234,BUY,6.527953031599999,8400
2020-05-07,002365,BUY,9.6829491759,5600
2020-05-07,002907,BUY,17.57280732207,3100
2020-05-07,300760,BUY,235.98746261089997,200
2020-08-03,002028,SELL,27.50198324724,2800
2020-08-03,603986,SELL,162.603629604,300
2020-08-03,002332,SELL,13.54305321018,4500
2020-08-03,603628,SELL,9.07046030016,7400
2020-08-03,600305,SELL,19.224937038780002,3900
2020-08-03,000688,SELL,23.66439363828,3100
2020-08-03,002007,SELL,62.648334154800004,2000
2020-08-03,600526,SELL,5.8765242433500005,10800
2020-08-03,000739,SELL,22.14142627014,3400
2020-08-03,603105,SELL,9.892982414699999,6200
2020-08-03,600988,SELL,18.44322064767,6700
2020-08-03,002625,SELL,21.3112213461,7000
2020-08-03,300678,SELL,15.925566492000002,3700
2020-08-03,600186,SELL,2.5874099999999998,20400
2020-08-03,300056,SELL,5.84415,9400
2020-08-03,002907,SELL,20.45363515074,3100
2020-08-03,002030,SELL,23.74616051955,5200
2020-08-03,688015,BUY,38.099759768069994,2500
2020-08-03,300685,BUY,41.4111111414,2300
2020-08-03,603161,BUY,8.713439734999998,11200
2020-08-03,002107,BUY,10.594328744999999,9200
2020-08-03,300601,BUY,138.55113001729998,700
2020-08-03,002568,BUY,26.192028802939998,3700
2020-08-03,002702,BUY,8.94386150658,10900
2020-08-03,603707,BUY,27.084667209599996,3600
2020-08-03,688002,BUY,79.766433747,1200
2020-08-03,002324,BUY,13.49770504082,7200
2020-08-03,300390,BUY,13.321303795799999,7300
2020-08-03,603988,BUY,17.49103343988,5500
2020-08-03,300502,BUY,19.25230532225,5000
2020-08-03,603929,BUY,13.976177014799998,6900
2020-08-03,603638,BUY,40.59353762463999,2400
2020-11-03,300097,SELL,12.96702,5200
2020-11-03,603507,SELL,13.09065877746,3900
2020-11-03,300687,SELL,17.10983967336,4800
2020-11-03,603988,SELL,12.24941293539,5500
2020-11-03,600893,SELL,37.671858432,2200
2020-11-03,000403,SELL,26.356638658319998,3500
2020-11-03,002380,SELL,15.47860204386,4100
2020-11-03,688015,SELL,43.14063253365,2500
2020-11-03,300223,SELL,73.13656567455,500
2020-11-03,600540,SELL,5.1748199999999995,12300
2020-11-03,300560,SELL,20.379251149199998,2600
2020-11-03,002532,SELL,6.0375142422,11200
2020-11-03,300529,SELL,71.7450865965,1500
2020-11-03,603707,SELL,22.48130163456,3600
2020-11-03,603090,SELL,15.976182705120001,3900
2020-11-03,002170,SELL,3.60110184345,15200
2020-11-03,300676,SELL,138.16865196108,500
2020-11-03,600108,SELL,3.16311606765,15200
2020-11-03,601020,SELL,7.25346002925,9700
2020-11-03,603955,SELL,16.5597023214,3400
2020-11-03,300740,SELL,18.685578237479998,6100
2020-11-03,002271,SELL,28.91174823108,2800
2020-11-03,300502,SELL,15.46043803605,5000
2020-11-03,002909,SELL,7.1452152324,10800
2020-11-03,603929,SELL,11.731770485999998,6900
2020-11-03,300363,SELL,35.426171367,2200
2020-11-03,002660,SELL,9.292113355229999,6600
2020-11-03,000893,SELL,7.943319229499999,7200
2020-11-03,300674,SELL,22.156487733600002,2400
2020-11-03,002607,SELL,42.4575,3600
2020-11-03,300390,SELL,10.39402864692,7300
2020-11-03,300482,SELL,53.69830119675,1400
2020-11-03,600095,SELL,12.327027033599999,6400
2020-11-03,002714,SELL,46.199371722660004,1100
2020-11-03,300209,SELL,9.7377852672,5600
2020-11-03,002410,SELL,49.547361221820005,1500
2020-11-03,002912,SELL,69.13551888639,400
2020-11-03,002263,SELL,2.4275700000000002,24200
2020-11-03,002107,SELL,8.246216529,9200
2020-11-03,300759,SELL,48.4223027265,6000
2020-11-03,300643,SELL,14.988411485099999,4200
2020-11-03,600720,SELL,12.6164265444,4200
2020-11-03,600538,SELL,6.30369,7000
2020-11-03,300709,SELL,44.3944395216,1000
2020-11-03,603127,SELL,35.130820513500005,3200
2020-11-03,300265,SELL,11.650362835140001,4500
2020-11-03,300411,SELL,13.59639,5600
2020-11-03,002311,SELL,57.30548299416,1300
2020-11-03,300682,SELL,16.07631511248,3600
2020-11-03,002385,SELL,8.08264391535,6200
2020-11-03,002312,SELL,6.05516373504,12100
2020-11-03,300601,SELL,102.75394865454,700
2020-11-03,600506,SELL,7.4508897519,8300
2020-11-03,600055,SELL,11.6932179771,3700
2020-11-03,300440,SELL,9.17782410888,6000
2020-11-03,300626,SELL,12.8046741084,5600
2020-11-03,603345,SELL,158.12212401558,600
2020-11-03,300284,SELL,6.79519592208,6800
2020-11-03,002702,SELL,7.703121168,10900
2020-11-03,603456,SELL,29.99616981399,2900
2020-11-03,601179,SELL,4.1923945089,9600
2020-11-03,300030,SELL,14.27678319573,5700
2020-11-03,002568,SELL,32.825694976470004,3700
2020-11-03,300191,SELL,17.63104152978,3200
2020-11-03,002791,SELL,132.7257120294,700
2020-11-03,300685,SELL,45.2471700375,2300
2020-11-03,600359,SELL,7.88211,7000
2020-11-03,603022,SELL,13.82554836225,3100
2020-11-03,600078,SELL,4.16829107646,11300
2020-11-03,603638,SELL,35.8632392616,2400
2020-11-03,002133,SELL,2.84250646818,20000
2020-11-03,300103,SELL,12.27874384512,6000
2020-11-03,002828,SELL,8.18738337105,6100
2020-11-03,000815,SELL,5.67432,7700
2020-11-03,001914,SELL,23.26821563286,2200
2020-11-03,002758,SELL,9.69368477184,6100
2020-11-03,600246,SELL,6.53346,7000
2020-11-03,600228,SELL,10.339649999999999,4700
2020-11-03,603356,SELL,12.917069999999999,3200
2020-11-03,603161,SELL,10.160976901949999,11200
2020-11-03,002324,SELL,11.90211541056,7200
2020-11-03,300234,SELL,7.0983349596,8400
2020-11-03,002365,SELL,9.858091140900001,5600
2020-11-03,300760,SELL,364.58306625573,200
2020-11-03,601888,BUY,183.09109244426,400
2020-11-03,300589,BUY,21.487398993059998,3900
2020-11-03,603267,BUY,82.69310902852999,1000
2020-11-03,300225,BUY,19.322608525219998,4300
2020-11-03,002706,BUY,18.69556496808,4400
2020-11-03,300713,BUY,23.9407592424,3500
2020-11-03,002741,BUY,12.952853893979999,6400
2020-11-03,300489,BUY,41.2412,2000
2020-11-03,300675,BUY,22.8415553366,3600
2020-11-03,002812,BUY,97.7533613056,800
2020-11-03,600316,BUY,33.146808895199996,2500
2020-11-03,300150,BUY,6.006947546599999,13900
2020-11-03,002625,BUY,19.484191326599998,4300
2020-11-03,600718,BUY,10.509335236399998,7900
2020-11-03,002847,BUY,54.90677912719999,1500
2020-11-03,600698,BUY,2.1121099999999995,39700
2020-11-03,002407,BUY,10.522409898,7900
2020-11-03,300033,BUY,91.04217036914999,900
2020-11-03,601865,BUY,41.39771905268999,2000
2020-11-03,300143,BUY,17.301121757919997,4800
2020-11-03,603288,BUY,85.29599878799999,900
2020-11-03,000547,BUY,20.02042697655,4100
2020-11-03,600409,BUY,6.3718566912,13100
2020-11-03,300289,BUY,7.7852992817599995,10700
2020-11-03,600470,BUY,3.8538499999999996,21700
2020-11-03,300542,BUY,17.450282639789997,4800
2020-11-03,300729,BUY,31.146176421359996,2600
2020-11-03,002151,BUY,56.62684727699999,1400
2020-11-03,603501,BUY,165.63458763851997,500
2020-11-03,300666,BUY,58.65097668429999,1400
2020-11-03,688122,BUY,36.15342138407999,2300
2020-11-03,601882,BUY,11.335736912499998,7300
2020-11-03,603185,BUY,41.557674178019994,2000
2020-11-03,300763,BUY,49.2498462456,1700
2020-11-03,300726,BUY,43.78763011623,1900
2020-11-03,002851,BUY,33.932884185199995,2400
2020-11-03,300724,BUY,106.78369968266,700
2020-11-03,300456,BUY,26.061538633129995,3200
2020-11-03,300662,BUY,56.70289825199999,1400
2020-11-03,600158,BUY,12.81519162924,6500
2020-11-03,600763,BUY,159.04248960599998,500
2020-11-03,300484,BUY,18.29729163262,4500
2020-11-03,300368,BUY,18.6632364919,4400
2020-11-03,002352,BUY,78.45568130399998,1000
2020-11-03,603678,BUY,46.07015212799999,1800
2020-11-03,300777,BUY,45.57079463936999,1800
2020-11-03,300101,BUY,16.5792500874,5000
2020-11-03,002068,BUY,5.25690980815,15900
2020-11-03,300015,BUY,27.777253503999997,3000
2020-11-03,002821,BUY,183.96352975,400
2020-11-03,002488,BUY,8.54529372697,9800
2020-11-03,603386,BUY,11.24366711468,7400
2020-11-03,002747,BUY,23.905117296059995,3500
2020-11-03,603486,BUY,67.108933892,1200
2020-11-03,603416,BUY,89.57176823594999,900
2020-11-03,002785,BUY,20.309489600399996,4100
2020-11-03,002903,BUY,15.523443936,5400
2020-11-03,300316,BUY,28.661855682459997,2900
2020-11-03,000981,BUY,1.1651639999999999,71900
2020-11-03,000897,BUY,2.30414669485,36400
2020-11-03,300722,BUY,36.62879219999999,2200
2020-11-03,300317,BUY,7.957949999999999,10500
2020-11-03,300124,BUY,50.714619795839994,1600
2020-11-03,603317,BUY,34.08005384784,2400
2020-11-03,300380,BUY,26.458237305499996,3100
2020-11-03,600480,BUY,6.0218195037,13900
2020-11-03,300277,BUY,12.689757720639998,6600
2020-11-03,600825,BUY,5.58790748516,15000
2020-11-03,603536,BUY,14.29486245187,5800
2020-11-03,300402,BUY,19.694508113279998,4200
2020-11-03,600503,BUY,3.5835799999999995,23400
2020-11-03,600436,BUY,217.2961126336,300
2020-11-03,000737,BUY,3.5207149477499993,23800
2020-11-03,603027,BUY,17.938642001279998,4600
2020-11-03,603233,BUY,47.02168318847999,1700
2020-11-03,002819,BUY,33.86098631916,2400
2020-11-03,002096,BUY,8.54835835854,9800
2020-11-03,300696,BUY,36.33681214163,2300
2020-11-03,002709,BUY,18.326730622199996,4500
2020-11-03,300318,BUY,17.017,4900
2020-11-03,002774,BUY,5.337308076099999,15700
2020-11-03,601100,BUY,75.07467967999999,1100
2020-11-03,600821,BUY,4.250289843799999,19700
2020-11-03,600132,BUY,89.99140850699999,900
2020-11-03,300623,BUY,27.539684972799996,3000
2021-02-02,002041,SELL,18.290709401580003,4200
2021-02-02,600470,SELL,3.97602,21700
2021-02-02,002819,SELL,29.77877096046,2400
2021-02-02,600503,SELL,3.47652,23400
2021-02-02,300489,SELL,22.00797,2000
2021-02-02,300617,BUY,38.9834388944,2600
2021-02-02,688100,BUY,19.117791452759995,5300
2021-02-02,688202,BUY,135.7676053734,700
2021-02-02,002967,BUY,34.39242290484,2900
2021-05-07,300589,SELL,13.87514348748,3900
2021-05-07,603267,SELL,110.03856552576,1000
2021-05-07,300225,SELL,18.727923589739998,4300
2021-05-07,002706,SELL,21.61373227236,4400
2021-05-07,300713,SELL,14.530095359999999,3500
2021-05-07,002741,SELL,13.7014010838,6400
2021-05-07,300675,SELL,15.16143593745,3600
2021-05-07,002812,SELL,123.75646422543001,800
2021-05-07,600316,SELL,30.5054464176,2500
2021-05-07,300150,SELL,3.6663303996,13900
2021-05-07,002625,SELL,17.93285261658,4300
2021-05-07,600718,SELL,8.83329714072,7900
2021-05-07,002847,SELL,53.25697113858,1500
2021-05-07,002407,SELL,15.419756808,7900
2021-05-07,300033,SELL,69.012524394,900
2021-05-07,601865,SELL,23.7037609116,2000
2021-05-07,300143,SELL,16.99004342952,4800
2021-05-07,603288,SELL,83.67394549679999,900
2021-05-07,000547,SELL,16.80735596985,4100
2021-05-07,600409,SELL,11.20795906176,13100
2021-05-07,300289,SELL,6.2595126216,10700
2021-05-07,688100,SELL,20.841072625440002,5300
2021-05-07,300542,SELL,10.58055997887,4800
2021-05-07,300729,SELL,17.53002389853,2600
2021-05-07,002151,SELL,39.966096807090004,1400
2021-05-07,603501,SELL,192.57248453022,500
2021-05-07,300666,SELL,39.303783173700005,1400
2021-05-07,688122,SELL,34.623562739040004,2300
2021-05-07,601882,SELL,15.47893991565,7300
2021-05-07,603185,SELL,62.451796689,2000
2021-05-07,300763,SELL,72.6296408568,1700
2021-05-07,300726,SELL,56.03424642324,1900
2021-05-07,002851,SELL,31.591148149080002,2400
2021-05-07,300724,SELL,97.40653401195,700
2021-05-07,300456,SELL,19.01184655257,3200
2021-05-07,300662,SELL,55.332058953600004,1400
2021-05-07,000735,SELL,8.23351310514,5700
2021-05-07,600158,SELL,11.69079107643,6500
2021-05-07,600763,SELL,214.012434339,500
2021-05-07,300484,SELL,9.887027036040001,4500
2021-05-07,300617,SELL,40.9632122835,2600
2021-05-07,002352,SELL,56.1882431124,1000
2021-05-07,002216,SELL,14.67471597462,3200
2021-05-07,603678,SELL,54.52236817488,1800
2021-05-07,300777,SELL,34.13651516415,1800
2021-05-07,300101,SELL,15.29398554516,5000
2021-05-07,002068,SELL,7.45085986182,15900
2021-05-07,300015,SELL,30.013130766059998,3000
2021-05-07,002821,SELL,204.9999222726,400
2021-05-07,002488,SELL,6.67728793809,9800
2021-05-07,603386,SELL,10.94000266638,7400
2021-05-07,002747,SELL,29.96776907316,3500
2021-05-07,603416,SELL,56.94549375375,900
2021-05-07,002785,SELL,18.23203539432,4100
2021-05-07,002903,SELL,13.0155522192,5400
2021-05-07,300316,SELL,35.88127838442,2900
2021-05-07,002163,SELL,17.49249,7900
2021-05-07,000981,SELL,1.072926,71900
2021-05-07,000897,SELL,2.0782480716,36400
2021-05-07,300722,SELL,22.034908035,2200
2021-05-07,300317,SELL,5.46453,10500
2021-05-07,300124,SELL,54.5867439147,1600
2021-05-07,603317,SELL,22.2901491384,2400
2021-05-07,300380,SELL,16.7266753812,3100
2021-05-07,002845,SELL,18.43860937356,3700
2021-05-07,600480,SELL,6.69179753397,13900
2021-05-07,002967,SELL,33.46468038144,2900
2021-05-07,300277,SELL,7.554374463599999,6600
2021-05-07,600825,SELL,4.67535100896,15000
2021-05-07,603536,SELL,8.543595852000001,5800
2021-05-07,300402,SELL,13.075035556320001,4200
2021-05-07,600436,SELL,313.35983740908,300
2021-05-07,000737,SELL,6.24331668375,23800
2021-05-07,603027,SELL,14.255057633040002,4600
2021-05-07,688002,SELL,87.71518676024999,1200
2021-05-07,603233,SELL,35.452992798720004,1700
2021-05-07,002096,SELL,6.8680064187,9800
2021-05-07,300696,SELL,30.631724613,2300
2021-05-07,002709,SELL,29.720991257999998,4500
2021-05-07,300318,SELL,7.8021899999999995,4900
2021-05-07,002774,SELL,4.7729226996,15700
2021-05-07,601100,SELL,76.05791610984001,1100
2021-05-07,600821,SELL,4.564543237650001,19700
2021-05-07,600132,SELL,128.5900744068,900
2021-05-07,300623,SELL,26.206163903700002,3000
2021-05-07,002010,BUY,5.439412578599999,11800
2021-05-07,002671,BUY,4.07407,15800
2021-05-07,002658,BUY,7.978420279829999,8100
2021-05-07,300122,BUY,130.410241962,400
2021-05-07,600280,BUY,4.224219999999999,15300
2021-05-07,300474,BUY,48.35108878599999,1300
2021-05-07,000628,BUY,8.43141210912,7600
2021-05-07,600787,BUY,4.79445450484,13400
2021-05-07,002176,BUY,8.528519999999999,7500
2021-05-07,600595,BUY,3.2750425707999997,19700
2021-05-07,600406,BUY,15.956041641539999,4000
2021-05-07,002638,BUY,1.84184,35100
2021-05-07,600515,BUY,6.5807004963699995,9800
2021-05-07,601949,BUY,6.355255756849999,10100
2021-05-07,000966,BUY,8.635884697439998,7400
2021-05-07,300489,BUY,18.228209999999997,3500
2021-05-07,000570,BUY,5.245653453039999,12300
2021-05-07,600853,BUY,2.4276690438,26600
2021-05-07,603392,BUY,102.60826450874998,600
2021-05-07,300083,BUY,12.222209999999999,5200
2021-05-07,000921,BUY,14.337058015279998,4500
2021-05-07,002614,BUY,13.9829222533,4600
2021-05-07,600130,BUY,3.2732699999999997,19700
2021-05-07,002210,BUY,2.8228199999999997,22900
2021-05-07,688198,BUY,110.27780731967998,500
2021-05-07,002554,BUY,2.63599079744,24500
2021-05-07,601008,BUY,3.5273593154799996,18300
2021-05-07,300565,BUY,14.003989999999998,4600
2021-05-07,603227,BUY,4.295837145599999,15000
2021-05-07,002723,BUY,11.185791877259998,5700
2021-05-07,300155,BUY,5.94339121376,10800
2021-05-07,002909,BUY,6.5000904968999995,9900
2021-05-07,300492,BUY,38.319443682519996,1600
2021-05-07,300363,BUY,49.72495925397,1300
2021-05-07,000893,BUY,12.7727034435,5000
2021-05-07,600157,BUY,1.6909299406999998,38200
2021-05-07,603038,BUY,8.978025056,7200
2021-05-07,002918,BUY,30.4300238242,2100
2021-05-07,002158,BUY,23.615758366199998,2700
2021-05-07,300390,BUY,19.423537403269997,3300
2021-05-07,603026,BUY,78.88466679092998,800
2021-05-07,600552,BUY,7.02084975592,9200
2021-05-07,300005,BUY,7.673549263379999,8400
2021-05-07,002841,BUY,116.41992141779998,500
2021-05-07,300354,BUY,13.048635599999999,4900
2021-05-07,300471,BUY,10.50049,6100
2021-05-07,300163,BUY,3.3933899999999997,19000
2021-05-07,002372,BUY,18.8593830425,3400
2021-05-07,300144,BUY,18.764469083359998,3400
2021-05-07,000881,BUY,11.06469728364,5800
2021-05-07,600538,BUY,7.45745,8600
2021-05-07,600150,BUY,16.834701483599996,3800
2021-05-07,603737,BUY,72.17693002519998,800
2021-05-07,603969,BUY,4.10117309602,15700
2021-05-07,603703,BUY,9.56469301788,6700
2021-05-07,002378,BUY,9.525529012999998,6700
2021-05-07,002312,BUY,6.95288385792,9300
2021-05-07,002876,BUY,50.689903263999994,1200
2021-05-07,300601,BUY,109.665433878,500
2021-05-07,601208,BUY,10.796729943999999,5900
2021-05-07,300012,BUY,32.016067283199995,2000
2021-05-07,002073,BUY,4.300759503039999,15000
2021-05-07,300747,BUY,48.574084388829995,1300
2021-05-07,600610,BUY,8.5085,7600
2021-05-07,002469,BUY,4.5797119968599995,14100
2021-05-07,688139,BUY,91.45527310919998,700
2021-05-07,688058,BUY,36.87688040036,1700
2021-05-07,002259,BUY,3.83383,16800
2021-05-07,603833,BUY,137.25294707124,400
2021-05-07,600025,BUY,5.0275755129599995,12800
2021-05-07,002791,BUY,182.50606758383998,300
2021-05-07,002297,BUY,7.03703,9100
2021-05-07,603801,BUY,19.885543677999998,3200
2021-05-07,002612,BUY,50.595627962879995,1200
2021-05-07,300442,BUY,23.709171245759997,2700
2021-05-07,002192,BUY,68.905111275,900
2021-05-07,002805,BUY,11.962647496799997,5400
2021-05-07,000888,BUY,5.64729669504,11400
2021-05-07,300142,BUY,55.85572956964,1100
2021-05-07,600784,BUY,5.084889609799999,12700
2021-05-07,600692,BUY,6.451367202279999,10000
2021-05-07,300436,BUY,34.6346,1800
2021-05-07,688369,BUY,37.900436574,1700
2021-05-07,603180,BUY,40.6284053175,1500
2021-05-07,601155,BUY,42.270681452999995,1500
2021-08-03,300747,SELL,52.950051945000006,1300
2021-08-03,603026,SELL,217.81425198572998,800
2021-08-03,300012,SELL,28.39719270168,2000
2021-08-03,600698,SELL,3.10689,39700
2021-08-03,600595,SELL,3.414849732,19700
2021-08-03,002841,SELL,98.61944794389,500
2021-08-03,300601,SELL,83.20312750608,500
2021-08-03,002210,SELL,2.47752,22900
2021-08-03,002638,SELL,1.86813,35100
2021-08-03,600280,SELL,2.8971,15300
2021-08-03,300390,SELL,41.41667601585,3300
2021-08-03,002791,SELL,216.18505853999997,300
2021-08-03,002297,SELL,8.57142,9100
2021-08-03,300471,SELL,18.0819,6100
2021-08-03,300489,SELL,24.92505,3500
2021-08-03,600787,SELL,4.90163422923,13400
2021-08-03,600481,BUY,8.90043950796,10000
2021-08-03,002254,BUY,19.225449343099996,4600
2021-08-03,300685,BUY,45.343516238019994,1900
2021-08-03,002415,BUY,53.117056512519994,1600
2021-08-03,300480,BUY,31.909842364399996,2700
2021-08-03,600288,BUY,12.02242194153,7400
2021-08-03,300059,BUY,22.470282334499995,3900
2021-08-03,300725,BUY,172.0714931936,500
2021-08-03,600976,BUY,42.091808458699994,2100
2021-08-03,002767,BUY,13.201734545999999,6700
2021-08-03,300101,BUY,29.583754960759997,3000
2021-08-03,002648,BUY,18.1709142615,4900
2021-08-03,300496,BUY,144.370188963,600
2021-08-03,300836,BUY,19.437161143399997,4500
2021-08-03,600779,BUY,93.31281655695999,900
2021-11-02,601888,SELL,208.1632547736,400
2021-11-02,002010,SELL,7.3974321629999995,11800
2021-11-02,002671,SELL,3.6963000000000004,15800
2021-11-02,002658,SELL,6.172609212,8100
2021-11-02,300122,SELL,82.92951970776,400
2021-11-02,000628,SELL,7.707381903,7600
2021-11-02,002648,SELL,17.438365179,4900
2021-11-02,600406,SELL,22.8393589788,4000
2021-11-02,600515,SELL,5.715326102850001,9800
2021-11-02,600877,SELL,16.70328,9100
2021-11-02,601949,SELL,4.870674130319999,10100
2021-11-02,000966,SELL,7.25080417776,7400
2021-11-02,600481,SELL,12.54628368747,10000
2021-11-02,000570,SELL,5.02029613854,12300
2021-11-02,600853,SELL,2.21379107292,26600
2021-11-02,603392,SELL,105.20431869168,600
2021-11-02,000921,SELL,9.9751604544,4500
2021-11-02,002614,SELL,9.28905399765,4600
2021-11-02,600130,SELL,3.35664,19700
2021-11-02,002554,SELL,3.12522109056,24500
2021-11-02,601008,SELL,3.264710022,18300
2021-11-02,300565,SELL,11.43855,4600
2021-11-02,603227,SELL,4.697359408530001,15000
2021-11-02,002723,SELL,14.186494305,5700
2021-11-02,300155,SELL,5.9285875779,10800
2021-11-02,002909,SELL,5.6842593507000005,9900
2021-11-02,600882,SELL,50.929019999999994,3700
2021-11-02,300492,SELL,26.130304888650002,1600
2021-11-02,000893,SELL,18.039407535000002,5000
2021-11-02,600157,SELL,1.67762468601,38200
2021-11-02,603038,SELL,10.83377656881,7200
2021-11-02,300480,SELL,22.96389597714,2700
2021-11-02,002918,SELL,17.84050307856,2100
2021-11-02,002158,SELL,22.13937030816,2700
2021-11-02,300496,SELL,133.59415481730002,600
2021-11-02,600552,SELL,8.1074380464,9200
2021-11-02,300005,SELL,8.40318028812,8400
2021-11-02,300354,SELL,34.1451827379,4900
2021-11-02,300163,SELL,3.31668,19000
2021-11-02,300368,SELL,9.86655448908,4400
2021-11-02,002372,SELL,15.28331503635,3400
2021-11-02,300144,SELL,12.2675236965,3400
2021-11-02,000881,SELL,8.8063310538,5800
2021-11-02,300101,SELL,26.55330043968,3000
2021-11-02,600150,SELL,24.179373373049998,3800
2021-11-02,603737,SELL,47.28043589634,800
2021-11-02,603969,SELL,3.7629217116,15700
2021-11-02,603703,SELL,11.32685025156,6700
2021-11-02,002378,SELL,6.03296924175,6700
2021-11-02,002312,SELL,15.26014090368,9300
2021-11-02,002876,SELL,50.54971040928,1200
2021-11-02,601208,SELL,15.7082324436,5900
2021-11-02,300836,SELL,16.09438623327,4500
2021-11-02,600288,SELL,10.93650788466,7400
2021-11-02,002254,SELL,16.41455593308,4600
2021-11-02,002073,SELL,7.0261524144,15000
2021-11-02,002469,SELL,4.68145923462,14100
2021-11-02,688139,SELL,88.2915879321,700
2021-11-02,688058,SELL,39.33042066954,1700
2021-11-02,603833,SELL,103.51889439309001,400
2021-11-02,600025,SELL,5.76959087376,12800
2021-11-02,603801,SELL,11.151116760959999,3200
2021-11-02,300685,SELL,40.01847953193,1900
2021-11-02,002415,SELL,44.87757743007,1600
2021-11-02,002612,SELL,35.2417592637,1200
2021-11-02,002767,SELL,12.7493872506,6700
2021-11-02,300442,SELL,20.3659384752,2700
2021-11-02,002805,SELL,27.146434591800002,5400
2021-11-02,000888,SELL,5.53302975168,11400
2021-11-02,300142,SELL,51.06049371468,1100
2021-11-02,600784,SELL,5.85152466795,12700
2021-11-02,300436,SELL,28.281689999999998,1800
2021-11-02,688369,SELL,38.9575136898,1700
2021-11-02,603180,SELL,25.633301139900002,1500
2021-11-02,600779,SELL,121.37084869896,900
2021-11-02,601155,SELL,31.59837,1500
2021-11-02,600976,SELL,39.54990685365,2100
2021-11-02,688200,BUY,172.68347457361,200
2021-11-02,300850,BUY,127.63367717099997,200
2021-11-02,600460,BUY,58.63339287805999,500
2021-11-02,300223,BUY,132.919148362,200
2021-11-02,002655,BUY,13.361053575869999,2600
2021-11-02,000733,BUY,105.93757955780998,300
2021-11-02,300587,BUY,11.926790475599999,2900
2021-11-02,000852,BUY,6.246239999999999,5600
2021-11-02,300659,BUY,35.045881270399995,1000
2021-11-02,000862,BUY,9.159149999999999,3800
2021-11-02,002453,BUY,16.43642,2100
2021-11-02,000554,BUY,4.871545608929999,7200
2021-11-02,688126,BUY,28.003923947999997,1200
2021-11-02,300681,BUY,31.449197679899996,1100
2021-11-02,300619,BUY,27.970226284,1200
2021-11-02,300475,BUY,19.9587629241,1700
2021-11-02,600435,BUY,10.53427005631,3300
2021-11-02,688356,BUY,258.47198269893,100
2021-11-02,002850,BUY,162.71926070399996,200
2021-11-02,603861,BUY,9.544401726859999,3600
2021-11-02,688065,BUY,106.75255808217,300
2021-11-02,688185,BUY,270.3661695735,100
2021-11-02,688037,BUY,86.9228752392,400
2021-11-02,002041,BUY,22.568273477749997,1500
2021-11-02,000799,BUY,197.68090966623998,100
2021-11-02,603185,BUY,132.25897159475,200
2021-11-02,603318,BUY,7.81277272776,4400
2021-11-02,600071,BUY,45.055009999999996,700
2021-11-02,002961,BUY,23.517384240349998,1400
2021-11-02,300048,BUY,6.13613,5700
2021-11-02,002240,BUY,57.31319390796999,600
2021-11-02,002575,BUY,4.414409999999999,7900
2021-11-02,300153,BUY,13.260565237919998,2600
2021-11-02,002451,BUY,8.032471787339999,4300
2021-11-02,002922,BUY,26.132144138099996,1300
2021-11-02,300037,BUY,73.52669323999999,400
2021-11-02,300682,BUY,32.510389711799995,1000
2021-11-02,002821,BUY,258.2099859739399,100
2021-11-02,600110,BUY,22.172339889699995,1500
2021-11-02,300106,BUY,11.271259999999998,3100
2021-11-02,300035,BUY,36.194283525399996,900
2021-11-02,000670,BUY,2.2522499999999996,15600
2021-11-02,600995,BUY,17.71758444456,1900
2021-11-02,000739,BUY,30.523916382959996,1100
2021-11-02,002785,BUY,29.19917,1200
2021-11-02,603456,BUY,46.18534348428,700
2021-11-02,600653,BUY,1.9419399999999998,18100
2021-11-02,603220,BUY,10.443769656319999,3300
2021-11-02,603055,BUY,17.2952864084,2000
2021-11-02,688005,BUY,74.26587314145999,400
2021-11-02,300343,BUY,27.1271,1200
2021-11-02,002779,BUY,9.710288838249998,3600
2021-11-02,300191,BUY,24.557476623679996,1400
2021-11-02,600163,BUY,7.994686169469999,4300
2021-11-02,002862,BUY,10.881699989159998,3200
2021-11-02,002297,BUY,10.4104,3300
2021-11-02,603032,BUY,32.71291925902,1000
2021-11-02,300772,BUY,34.20723104798999,1000
2021-11-02,300613,BUY,82.84337437375999,400
2021-11-02,600359,BUY,7.8978899999999985,4400
2021-11-02,300710,BUY,40.719952012739995,800
2021-11-02,300672,BUY,163.05172795911997,200
2021-11-02,300661,BUY,125.83869898599998,200
2021-11-02,300633,BUY,28.517360381509995,1200
2021-11-02,603659,BUY,56.44581892949999,600
2021-11-02,603777,BUY,12.281789159639999,2800
2021-11-02,002495,BUY,2.3735905993799995,14800
2021-11-02,300698,BUY,22.388757471079998,1500
2021-11-02,300736,BUY,12.8128,2700
2021-11-02,600962,BUY,8.378369999999999,4100
2021-11-02,300052,BUY,26.226199999999995,1300
2021-11-02,002709,BUY,74.09271869999999,400
2021-11-02,000993,BUY,16.569758084879997,2100
2021-11-02,002472,BUY,26.147310028839996,1300
2021-11-02,603613,BUY,51.102306795539995,600
2021-11-02,688099,BUY,108.64826932959998,300
2021-11-02,600821,BUY,11.59589946515,3000
2021-11-02,688388,BUY,82.15882775099999,400
2021-11-02,300769,BUY,222.07727942399998,100
2022-05-06,688200,SELL,96.66612343368001,200
2022-05-06,300850,SELL,65.13026753700001,200
2022-05-06,600460,SELL,40.40006575374,500
2022-05-06,300474,SELL,57.83713650846,1300
2022-05-06,002176,SELL,19.77021,7500
2022-05-06,300223,SELL,70.26679700586,200
2022-05-06,002655,SELL,8.760881199149999,2600
2022-05-06,000733,SELL,106.019362512,300
2022-05-06,300587,SELL,8.243209539,2900
2022-05-06,300659,SELL,18.43188051915,1000
2022-05-06,000862,SELL,6.1938,3800
2022-05-06,300083,SELL,9.47052,5200
2022-05-06,002453,SELL,10.27971,2100
2022-05-06,000554,SELL,4.63861528146,7200
2022-05-06,688126,SELL,21.0631062096,1200
2022-05-06,300619,SELL,27.8468070183,1200
2022-05-06,300475,SELL,18.1765714338,1700
2022-05-06,600435,SELL,7.90215979014,3300
2022-05-06,688356,SELL,169.72677158175,100
2022-05-06,002850,SELL,113.386951548,200
2022-05-06,603861,SELL,6.57449756136,3600
2022-05-06,688198,SELL,103.76769707136,500
2022-05-06,688065,SELL,60.57789305841,300
2022-05-06,300725,SELL,73.53666716256001,500
2022-05-06,688037,SELL,50.097567245040004,400
2022-05-06,300363,SELL,65.6506072764,1300
2022-05-06,002041,SELL,21.46384994472,1500
2022-05-06,000799,SELL,131.45223740877,100
2022-05-06,603185,SELL,54.79250789475,200
2022-05-06,603318,SELL,6.2027305005599995,4400
2022-05-06,600071,SELL,29.0709,700
2022-05-06,002961,SELL,14.57192773575,1400
2022-05-06,300048,SELL,4.94505,5700
2022-05-06,600538,SELL,5.994,8600
2022-05-06,002240,SELL,41.23244510118,600
2022-05-06,002213,SELL,9.25779661632,3000
2022-05-06,002575,SELL,4.18581,7900
2022-05-06,300153,SELL,7.075444373100001,2600
2022-05-06,002451,SELL,5.32107474885,4300
2022-05-06,002922,SELL,11.2447092348,1300
2022-05-06,300037,SELL,35.568230925239995,400
2022-05-06,300682,SELL,19.3720323762,1000
2022-05-06,002821,SELL,168.1093291932,100
2022-05-06,600110,SELL,8.55526062555,1500
2022-05-06,300106,SELL,8.16183,3100
2022-05-06,300035,SELL,24.24663658251,900
2022-05-06,000670,SELL,2.24775,15600
2022-05-06,600995,SELL,12.21187917672,1900
2022-05-06,603486,SELL,92.2120181775,1200
2022-05-06,000739,SELL,18.79652756709,1100
2022-05-06,002785,SELL,24.795180000000002,1200
2022-05-06,603456,SELL,41.14189184508,700
2022-05-06,600653,SELL,1.8181800000000001,18100
2022-05-06,603220,SELL,8.41679026452,3300
2022-05-06,688202,SELL,175.71590376444,700
2022-05-06,603055,SELL,8.96088982032,2000
2022-05-06,688005,SELL,55.52005422015,400
2022-05-06,300343,SELL,11.34864,1200
2022-05-06,300604,SELL,31.463590894019998,3900
2022-05-06,600610,SELL,13.23675,7600
2022-05-06,002779,SELL,14.6104424325,3600
2022-05-06,300191,SELL,19.77993994032,1400
2022-05-06,600163,SELL,6.94461087756,4300
2022-05-06,002259,SELL,2.3975999999999997,16800
2022-05-06,002297,SELL,6.44355,3300
2022-05-06,002862,SELL,7.11883095309,3200
2022-05-06,300772,SELL,12.206792988,1000
2022-05-06,300613,SELL,54.762139043999994,400
2022-05-06,600359,SELL,8.3916,4400
2022-05-06,300710,SELL,24.84617972922,800
2022-05-06,300672,SELL,59.01428360304,200
2022-05-06,300633,SELL,25.15442770269,1200
2022-05-06,603659,SELL,40.3803207585,600
2022-05-06,603777,SELL,11.475714398400001,2800
2022-05-06,002495,SELL,2.24991017766,14800
2022-05-06,300698,SELL,12.62060364312,1500
2022-05-06,300736,SELL,8.73126,2700
2022-05-06,300052,SELL,17.772209999999998,1300
2022-05-06,002709,SELL,34.992531441,400
2022-05-06,000993,SELL,13.82225367024,2100
2022-05-06,002472,SELL,20.440812486240002,1300
2022-05-06,603613,SELL,45.63814221396,600
2022-05-06,688099,SELL,101.1101058828,300
2022-05-06,600821,SELL,5.05327210956,3000
2022-05-06,300059,SELL,17.664884902529998,3900
2022-05-06,688388,SELL,32.0891779008,400
2022-05-06,300769,SELL,151.76048871888,100
2022-05-06,002060,BUY,5.95153762203,2700
2022-05-06,300654,BUY,4.39427252264,3700
2022-05-06,603333,BUY,8.281875802199998,1900
2022-05-06,300446,BUY,11.12486752377,1400
2022-05-06,002072,BUY,5.004999999999999,3200
2022-05-06,002476,BUY,4.73173701,3400
2022-05-06,300468,BUY,8.565821494229999,1900
2022-05-06,002613,BUY,5.066567485979999,3200
2022-05-06,600318,BUY,6.582349193419999,2400
2022-05-06,300149,BUY,9.63963,1700
2022-05-06,002486,BUY,2.6328718416,6200
2022-05-06,600481,BUY,9.63275415102,1700
2022-05-06,002693,BUY,6.056049999999999,2700
2022-05-06,600853,BUY,3.1416893507999997,5200
2022-05-06,603392,BUY,112.65815565003999,100
2022-05-06,600736,BUY,4.838858084059999,3300
2022-05-06,603090,BUY,24.6934491804,600
2022-05-06,603029,BUY,9.950128107919998,1600
2022-05-06,600313,BUY,9.003217713489999,1800
2022-05-06,603955,BUY,11.794920937799999,1300
2022-05-06,600467,BUY,2.45416198027,6600
2022-05-06,002692,BUY,3.4133090991999997,4800
2022-05-06,300289,BUY,5.853907899839999,2800
2022-05-06,688596,BUY,15.217167965999998,1000
2022-05-06,002265,BUY,12.653395254499998,1200
2022-05-06,600301,BUY,14.600948412049998,1100
2022-05-06,601599,BUY,3.22322,5000
2022-05-06,300900,BUY,14.773724325359998,1100
2022-05-06,300276,BUY,3.41341,4800
2022-05-06,688559,BUY,54.80440778812999,200
2022-05-06,300597,BUY,7.173398231999999,2200
2022-05-06,000893,BUY,37.449286875,400
2022-05-06,000819,BUY,9.074022607649999,1800
2022-05-06,300075,BUY,13.035863090249999,1200
2022-05-06,600279,BUY,3.8185024877999996,4300
2022-05-06,300399,BUY,9.030671569919999,1800
2022-05-06,002865,BUY,50.659112604099995,300
2022-05-06,300651,BUY,23.489067602,600
2022-05-06,002836,BUY,5.2592612072,3100
2022-05-06,688123,BUY,60.18486554079999,200
2022-05-06,300354,BUY,23.275227175199998,700
2022-05-06,601099,BUY,2.5825799999999997,6300
2022-05-06,000812,BUY,4.847571528799999,3300
2022-05-06,000881,BUY,7.950498355799999,2000
2022-05-06,600425,BUY,3.49082930196,4700
2022-05-06,002307,BUY,5.4362413605499995,3000
2022-05-06,600037,BUY,8.180009177339999,2000
2022-05-06,300534,BUY,8.63701992153,1900
2022-05-06,002405,BUY,12.133399808529997,1300
2022-05-06,600367,BUY,17.8898543824,900
2022-05-06,001979,BUY,12.658321035359998,1200
2022-05-06,000548,BUY,4.1108733666,3900
2022-05-06,000593,BUY,5.065059999999999,3200
2022-05-06,002627,BUY,4.38802858494,3700
2022-05-06,002696,BUY,5.366882510989999,3000
2022-05-06,000797,BUY,3.3877787743799996,4800
2022-05-06,688606,BUY,74.04942745199999,200
2022-05-06,002537,BUY,7.36736,2200
2022-05-06,600550,BUY,4.144139999999999,3900
2022-05-06,600449,BUY,11.097278312119998,1400
2022-05-06,600638,BUY,5.016048237199999,3200
2022-05-06,600547,BUY,17.970019067,900
2022-05-06,300706,BUY,17.584298962229997,900
2022-05-06,002383,BUY,5.805799999999999,2800
2022-05-06,603863,BUY,7.1471399999999985,2200
2022-05-06,002827,BUY,8.224239643619999,1900
2022-05-06,300810,BUY,16.29275052405,1000
2022-05-06,300579,BUY,21.7550918585,700
2022-05-06,603177,BUY,21.089763294599997,700
2022-05-06,002190,BUY,22.319776869389997,700
2022-05-06,600868,BUY,2.5634476667799997,6400
2022-05-06,600639,BUY,12.359611263999998,1300
2022-05-06,601212,BUY,2.62262,6200
2022-05-06,600078,BUY,10.515643838699999,1500
2022-05-06,600128,BUY,6.3361506208,2500
2022-05-06,000552,BUY,3.4704749279199993,4700
2022-05-06,300077,BUY,14.214199999999998,1100
2022-05-06,300004,BUY,5.345339999999999,3000
2022-05-06,002826,BUY,8.379649718439998,1900
2022-05-06,000965,BUY,7.051648473869999,2300
2022-05-06,000888,BUY,6.097579487999999,2600
2022-05-06,600657,BUY,6.334899871299999,2500
2022-05-06,603999,BUY,4.5477621189,3600
2022-05-06,000766,BUY,4.12412,3900
2022-05-06,603399,BUY,18.242625000599997,900
2022-05-06,300559,BUY,8.6947543683,1800
2022-05-06,000882,BUY,1.7317299999999998,9400
2022-08-02,002836,SELL,6.30110696562,3100
2022-08-02,600313,SELL,11.11934587365,1800
2022-08-02,300399,SELL,10.70264472192,1800
2022-08-02,688559,SELL,87.22612648008,200
2022-08-02,000548,SELL,4.29132549888,3900
2022-08-02,300887,BUY,23.447991526959996,20000
2022-08-02,600732,BUY,26.275313064,17800
2022-08-02,000892,BUY,3.4434399999999994,136200
2022-08-02,000670,BUY,2.2522499999999996,208300
2022-08-02,002805,BUY,38.47033990799999,12100
2022-11-01,603333,SELL,5.3908641396,1900
2022-11-01,002060,SELL,5.8564885491,2700
2022-11-01,300654,SELL,5.6585841516,3700
2022-11-01,002072,SELL,7.23276,3200
2022-11-01,002476,SELL,4.9409992547999995,3400
2022-11-01,300468,SELL,10.940523924599999,1900
2022-11-01,002613,SELL,4.49136975438,3200
2022-11-01,600318,SELL,6.7580248104,2400
2022-11-01,300149,SELL,10.26972,1700
2022-11-01,000852,SELL,6.02397,5600
2022-11-01,002693,SELL,8.25174,2700
2022-11-01,600853,SELL,2.79951000768,5200
2022-11-01,603392,SELL,88.1304305508,100
2022-11-01,600736,SELL,4.2824999232900005,3300
2022-11-01,603090,SELL,24.2993611152,600
2022-11-01,603029,SELL,13.536493106850001,1600
2022-11-01,300681,SELL,26.917213282560002,1100
2022-11-01,603955,SELL,18.83416745952,1300
2022-11-01,600467,SELL,2.36045420298,6600
2022-11-01,002692,SELL,3.8495298168,4800
2022-11-01,300289,SELL,6.24043204128,2800
2022-11-01,688185,SELL,211.03875,100
2022-11-01,688596,SELL,42.6606811155,1000
2022-11-01,600301,SELL,11.0701849338,1100
2022-11-01,601599,SELL,2.9670300000000003,5000
2022-11-01,300900,SELL,21.56552027262,1100
2022-11-01,300276,SELL,3.67632,4800
2022-11-01,300597,SELL,8.14414331439,2200
2022-11-01,000893,SELL,25.613965395,400
2022-11-01,000819,SELL,20.709058861349998,1800
2022-11-01,300075,SELL,17.256731074919998,1200
2022-11-01,600279,SELL,3.71315736576,4300
2022-11-01,300651,SELL,22.85975691045,600
2022-11-01,688123,SELL,74.00432174984999,200
2022-11-01,300354,SELL,42.62519717496,700
2022-11-01,601099,SELL,2.5874099999999998,6300
2022-11-01,000812,SELL,5.7264773904,3300
2022-11-01,000881,SELL,7.48393990866,2000
2022-11-01,000892,SELL,4.01598,136200
2022-11-01,600425,SELL,3.21431279967,4700
2022-11-01,002307,SELL,4.79822575122,3000
2022-11-01,600037,SELL,7.88777443989,2000
2022-11-01,300887,SELL,18.954515511,20000
2022-11-01,002405,SELL,12.12786,1300
2022-11-01,600367,SELL,17.21342243691,900
2022-11-01,001979,SELL,11.85293837682,1200
2022-11-01,000593,SELL,7.74225,3200
2022-11-01,002627,SELL,4.55377768398,3700
2022-11-01,002696,SELL,6.12839687859,3000
2022-11-01,000670,SELL,9.710280000000001,208300
2022-11-01,000797,SELL,2.5783402788000003,4800
2022-11-01,688606,SELL,60.39283136535,200
2022-11-01,002537,SELL,7.67232,2200
2022-11-01,600550,SELL,4.77522,3900
2022-11-01,600449,SELL,10.738397773079999,1400
2022-11-01,600638,SELL,4.86021492,3200
2022-11-01,600547,SELL,17.051088303540002,900
2022-11-01,300706,SELL,23.659497529289997,900
2022-11-01,002383,SELL,6.98301,2800
2022-11-01,603032,SELL,52.4008229238,1000
2022-11-01,603863,SELL,10.81917,2200
2022-11-01,002827,SELL,9.042795352799999,1900
2022-11-01,300810,SELL,18.35817141204,1000
2022-11-01,300579,SELL,26.393287293,700
2022-11-01,603177,SELL,12.9508548813,700
2022-11-01,002190,SELL,26.03585790018,700
2022-11-01,600639,SELL,8.716587007680001,1300
2022-11-01,601212,SELL,2.54745,6200
2022-11-01,600078,SELL,12.87932963814,1500
2022-11-01,600128,SELL,7.1867836224,2500
2022-11-01,000552,SELL,2.8938200832,4700
2022-11-01,002192,SELL,112.9916817135,900
2022-11-01,300661,SELL,86.1092892153,200
2022-11-01,300077,SELL,14.94504,1100
2022-11-01,300004,SELL,5.62437,3000
2022-11-01,002826,SELL,11.088852048,1900
2022-11-01,000965,SELL,4.092973799129999,2300
2022-11-01,000888,SELL,7.053266792880001,2600
2022-11-01,600657,SELL,4.18646188746,2500
2022-11-01,603999,SELL,4.78701043776,3600
2022-11-01,600692,SELL,5.3239341366,10000
2022-11-01,000766,SELL,5.46453,3900
2022-11-01,603399,SELL,14.65163703666,900
2022-11-01,300559,SELL,9.5765995143,1800
2022-11-01,000882,SELL,1.6183800000000002,9400
2022-11-01,000568,BUY,138.81726381523,200
2022-11-01,002426,BUY,2.4424399999999995,12700
2022-11-01,300711,BUY,10.50805958202,2900
2022-11-01,000798,BUY,9.369359999999999,3300
2022-11-01,300302,BUY,8.23823,3700
2022-11-01,300034,BUY,32.93111517696,900
2022-11-01,601777,BUY,4.264259999999999,7300
2022-11-01,000948,BUY,25.422522725599997,1200
2022-11-01,688776,BUY,171.57680628088,100
2022-11-01,300529,BUY,27.665734296199997,1100
2022-11-01,605117,BUY,61.03477064684999,500
2022-11-01,688063,BUY,212.80756989491996,100
2022-11-01,002468,BUY,10.877704437599998,2800
2022-11-01,605198,BUY,17.1665966472,1800
2022-11-01,603701,BUY,15.128184271199999,2000
2022-11-01,600313,BUY,9.692698315299998,3200
2022-11-01,301073,BUY,42.99887463872,700
2022-11-01,300416,BUY,26.430381357379996,1100
2022-11-01,603023,BUY,3.9840976975799993,7800
2022-11-01,688559,BUY,74.2588293447,400
2022-11-01,603366,BUY,6.321593798519999,4900
2022-11-01,688037,BUY,117.45036559255999,200
2022-11-01,300666,BUY,85.55802715459998,300
2022-11-01,688521,BUY,51.341289999999994,600
2022-11-01,300769,BUY,161.72556399999996,100
2022-11-01,603318,BUY,9.94213063844,3100
2022-11-01,688518,BUY,33.63956069474,900
2022-11-01,300008,BUY,4.1843057256,7400
2022-11-01,300763,BUY,184.72381902974996,100
2022-11-01,603683,BUY,8.720654943,3500
2022-11-01,300525,BUY,17.64779649633,1700
2022-11-01,688639,BUY,66.47790214065,400
2022-11-01,002891,BUY,19.066590392849996,1600
2022-11-01,000735,BUY,6.1998182446199985,5000
2022-11-01,603800,BUY,31.119701492879997,1000
2022-11-01,002389,BUY,23.59118717956,1300
2022-11-01,002908,BUY,11.890641142379998,2600
2022-11-01,300382,BUY,20.413280667779997,1500
2022-11-01,300521,BUY,10.700340650999998,2900
2022-11-01,300260,BUY,59.18969266209999,500
2022-11-01,600233,BUY,17.438421260259997,1700
2022-11-01,002518,BUY,47.728665274289995,600
2022-11-01,002535,BUY,2.16216,14400
2022-11-01,000596,BUY,176.608638206,100
2022-11-01,300049,BUY,21.78699201679,1400
2022-11-01,301035,BUY,63.69399792756,400
2022-11-01,000762,BUY,37.773933717519995,800
2022-11-01,300348,BUY,13.199869202519999,2300
2022-11-01,002729,BUY,30.871035345149995,1000
2022-11-01,603383,BUY,35.23836211896,800
2022-11-01,002197,BUY,11.011,2800
2022-11-01,003031,BUY,73.46034580885,400
2022-11-01,688138,BUY,21.408110193469998,1400
2022-11-01,601975,BUY,4.7079787755,6600
2022-11-01,300686,BUY,12.282269999999999,2500
2022-11-01,002725,BUY,9.347239001099998,3300
2022-11-01,300332,BUY,11.68409731489,2600
2022-11-01,300647,BUY,9.83983,3100
2022-11-01,600809,BUY,208.10817027,100
2022-11-01,000713,BUY,8.170652730239999,3800
2022-11-01,300604,BUY,59.58468515999999,500
2022-11-01,605188,BUY,8.276229962,3700
2022-11-01,002840,BUY,15.135259489349998,2000
2022-11-01,688161,BUY,54.66544010927999,500
2022-11-01,603658,BUY,66.87391510799999,400
2022-11-01,688700,BUY,75.17628593475,400
2022-11-01,603712,BUY,39.21337925504999,700
2022-11-01,600685,BUY,26.166622582099997,1100
2022-11-01,300633,BUY,56.18919659352999,500
2022-11-01,002653,BUY,22.003446464999996,1400
2022-11-01,688677,BUY,89.00702690879999,300
2022-11-01,600072,BUY,12.061032713729999,2500
2022-11-01,000995,BUY,15.014999999999999,2000
2022-11-01,688690,BUY,56.50174071541999,500
2022-11-01,300820,BUY,72.96319222192,400
2022-11-01,688369,BUY,51.62720562999999,600
2022-11-01,002374,BUY,4.314309999999999,7200
2022-11-01,300612,BUY,17.167149999999996,1800
2022-11-01,603613,BUY,84.13716303993,300
2022-11-01,300345,BUY,8.21821,3700
2022-11-01,002379,BUY,3.9268176947999995,7900
2022-11-01,300910,BUY,53.93195189381999,500
2022-11-01,600026,BUY,15.485970860359998,2000
2023-02-01,688369,SELL,54.515773656,600
2023-02-01,603383,SELL,39.840248151720004,800
2023-02-01,600313,SELL,11.129318381160001,3200
2023-02-01,603800,SELL,32.7285594792,1000
2023-02-01,001267,BUY,7.607640890849999,122200
2023-02-01,688212,BUY,71.14726552933999,13000
2023-02-01,688107,BUY,62.942879999999995,14700
2023-02-01,688032,BUY,418.32749486527996,2200
2023-02-01,688232,BUY,55.430068834139995,16700
2023-05-05,000568,SELL,197.76644579979,200
2023-05-05,300446,SELL,11.016573039359999,1400
2023-05-05,002426,SELL,2.0479499999999997,12700
2023-05-05,300711,SELL,10.745605338299999,2900
2023-05-05,000798,SELL,11.67831,3300
2023-05-05,688032,SELL,224.9503528716,2200
2023-05-05,300302,SELL,10.93905,3700
2023-05-05,300034,SELL,22.1914261602,900
2023-05-05,601777,SELL,3.50649,7300
2023-05-05,000948,SELL,19.102266612,1200
2023-05-05,688107,SELL,51.65829,14700
2023-05-05,688776,SELL,92.5474251348,100
2023-05-05,002486,SELL,3.1531336300799997,6200
2023-05-05,300529,SELL,26.444582786159998,1100
2023-05-05,600481,SELL,13.32398461806,1700
2023-05-05,605117,SELL,45.8369496675,500
2023-05-05,688063,SELL,159.5847861693,100
2023-05-05,002468,SELL,10.57080486375,2800
2023-05-05,605198,SELL,17.834760986400003,1800
2023-05-05,603701,SELL,12.03863503428,2000
2023-05-05,301073,SELL,34.5104246304,700
2023-05-05,300416,SELL,20.438350570620003,1100
2023-05-05,603023,SELL,3.7387561213800002,7800
2023-05-05,002265,SELL,13.19488735455,1200
2023-05-05,688559,SELL,44.8432770348,400
2023-05-05,603366,SELL,5.46712305435,4900
2023-05-05,688037,SELL,122.30981744031,200
2023-05-05,300666,SELL,69.77879672463,300
2023-05-05,688521,SELL,82.14777000000001,600
2023-05-05,300769,SELL,96.71730588,100
2023-05-05,603318,SELL,7.63176273786,3100
2023-05-05,688518,SELL,26.3464479792,900
2023-05-05,300008,SELL,4.5736545672,7400
2023-05-05,300763,SELL,110.247980661,100
2023-05-05,002865,SELL,92.89620418662,300
2023-05-05,603683,SELL,9.2215133559,3500
2023-05-05,300525,SELL,15.69131473824,1700
2023-05-05,688639,SELL,70.51034427479999,400
2023-05-05,002891,SELL,20.59566167205,1600
2023-05-05,688212,SELL,62.8556851962,13000
2023-05-05,002389,SELL,20.10026563398,1300
2023-05-05,002908,SELL,14.60485794258,2600
2023-05-05,300382,SELL,12.26361155256,1500
2023-05-05,300521,SELL,13.16174508,2900
2023-05-05,300260,SELL,37.33116283863,500
2023-05-05,600233,SELL,15.65308690434,1700
2023-05-05,002518,SELL,41.2421922243,600
2023-05-05,002535,SELL,3.0069899999999996,14400
2023-05-05,000596,SELL,265.04794124550006,100
2023-05-05,300534,SELL,11.22642690543,1900
2023-05-05,300049,SELL,27.86838031341,1400
2023-05-05,301035,SELL,55.0815318315,400
2023-05-05,000762,SELL,30.9617326746,800
2023-05-05,300348,SELL,11.45218558077,2300
2023-05-05,002729,SELL,17.9597206017,1000
2023-05-05,600732,SELL,21.697264616400002,17800
2023-05-05,002197,SELL,10.45953,2800
2023-05-05,003031,SELL,84.6017458677,400
2023-05-05,688138,SELL,21.17030856993,1400
2023-05-05,601975,SELL,3.2979407579999998,6600
2023-05-05,300686,SELL,9.0909,2500
2023-05-05,002725,SELL,8.61021394722,3300
2023-05-05,300332,SELL,11.88631790388,2600
2023-05-05,300647,SELL,6.6733199999999995,3100
2023-05-05,600809,SELL,212.4648752472,100
2023-05-05,000713,SELL,8.93233728144,3800
2023-05-05,300604,SELL,44.53976049516,500
2023-05-05,605188,SELL,7.6228019676,3700
2023-05-05,002840,SELL,16.10205018165,2000
2023-05-05,688161,SELL,51.11288469126,500
2023-05-05,603658,SELL,49.9116981402,400
2023-05-05,688700,SELL,42.025639293,400
2023-05-05,600868,SELL,2.77732655334,6400
2023-05-05,603712,SELL,31.1493021174,700
2023-05-05,688232,SELL,45.155514804480006,16700
2023-05-05,600685,SELL,25.59106747584,1100
2023-05-05,002805,SELL,19.73709067248,12100
2023-05-05,300633,SELL,51.2095816575,500
2023-05-05,002653,SELL,24.350627297699997,1400
2023-05-05,001267,SELL,6.120735337799999,122200
2023-05-05,688677,SELL,62.5018324032,300
2023-05-05,600072,SELL,25.016580787589998,2500
2023-05-05,000995,SELL,18.25173,2000
2023-05-05,688690,SELL,43.52285678679,500
2023-05-05,300820,SELL,73.70432354834999,400
2023-05-05,600962,SELL,11.42856,4100
2023-05-05,002374,SELL,4.50549,7200
2023-05-05,300612,SELL,22.42755,1800
2023-05-05,603613,SELL,38.73776099247,300
2023-05-05,002379,SELL,4.0179358422,7900
2023-05-05,300910,SELL,39.439036485,500
2023-05-05,600026,SELL,11.34695986182,2000
2023-05-05,300079,BUY,6.417541690559999,10700
2023-05-05,002104,BUY,8.633933708399999,7900
2023-05-05,300085,BUY,13.943929999999998,4900
2023-05-05,603110,BUY,25.301003227499997,2700
2023-05-05,688277,BUY,17.8178,3800
2023-05-05,688072,BUY,182.71205802849997,300
2023-05-05,601595,BUY,39.085428381999996,1700
2023-05-05,600088,BUY,13.725583551679998,5000
2023-05-05,601949,BUY,10.63554723231,6400
2023-05-05,002590,BUY,8.554493097149999,8000
2023-05-05,300875,BUY,34.59456,1900
2023-05-05,300465,BUY,14.134119999999998,4800
2023-05-05,000972,BUY,3.6136099999999995,19000
2023-05-05,300150,BUY,4.354349999999999,15700
2023-05-05,600718,BUY,11.061395735389999,6200
2023-05-05,688126,BUY,23.7109873,2900
2023-05-05,600754,BUY,48.346710091679995,1400
2023-05-05,300615,BUY,17.510751558299997,3900
2023-05-05,300045,BUY,8.51851,8000
2023-05-05,603533,BUY,28.48558715002,2400
2023-05-05,002778,BUY,14.06405,4800
2023-05-05,300461,BUY,22.742719999999995,3000
2023-05-05,002919,BUY,23.784855614519998,2800
2023-05-05,301213,BUY,26.6673415008,2500
2023-05-05,688290,BUY,63.62599443199999,1000
2023-05-05,603711,BUY,19.876469612999998,3400
2023-05-05,300624,BUY,107.23427714999998,600
2023-05-05,600498,BUY,18.79759656775,3600
2023-05-05,300001,BUY,20.1008546739,3400
2023-05-05,000652,BUY,4.16545990861,16500
2023-05-05,300674,BUY,17.44387552908,3900
2023-05-05,600640,BUY,12.68283048032,5400
2023-05-05,300399,BUY,13.677651187199999,5000
2023-05-05,000729,BUY,12.005619626,5700
2023-05-05,603598,BUY,11.39138,6000
2023-05-05,301001,BUY,25.728508705899998,2600
2023-05-05,300011,BUY,7.397389999999999,9200
2023-05-05,301221,BUY,34.46581876737999,1900
2023-05-05,002123,BUY,13.904975624539999,4900
2023-05-05,300065,BUY,14.474459999999999,4700
2023-05-05,300368,BUY,6.596589999999999,10400
2023-05-05,300144,BUY,12.673899838599999,5400
2023-05-05,603679,BUY,12.964449147649999,5300
2023-05-05,000899,BUY,7.628896074799999,9000
2023-05-05,002587,BUY,6.04186149567,11300
2023-05-05,603927,BUY,25.4168933018,2700
2023-05-05,688082,BUY,109.25443176647998,600
2023-05-05,688080,BUY,46.90477947154999,1400
2023-05-05,603466,BUY,14.620705199099998,4700
2023-05-05,688319,BUY,20.832802090099996,3300
2023-05-05,002299,BUY,19.74088503387,3400
2023-05-05,603383,BUY,39.58396854412,1700
2023-05-05,603000,BUY,21.456857822399996,3200
2023-05-05,300433,BUY,10.959557118509998,6200
2023-05-05,000607,BUY,6.06832618392,11300
2023-05-05,688579,BUY,15.290135020159997,4400
2023-05-05,301011,BUY,23.58144622834,2900
2023-05-05,300448,BUY,5.9124985919999995,11600
2023-05-05,002712,BUY,9.339329999999999,7300
2023-05-05,002017,BUY,11.759395647999998,5800
2023-05-05,300805,BUY,10.01493995502,6800
2023-05-05,688505,BUY,9.94725588857,6900
2023-05-05,002148,BUY,6.265668509099999,10900
2023-05-05,300579,BUY,31.771319579999997,2100
2023-05-05,603918,BUY,14.304939048399998,4800
2023-05-05,688568,BUY,23.647239235619995,2900
2023-05-05,300795,BUY,22.130285016839995,3100
2023-05-05,300277,BUY,7.301126332499999,9400
2023-05-05,002153,BUY,14.425155945199998,4700
2023-05-05,300047,BUY,7.73349641064,8800
2023-05-05,600570,BUY,45.47959736319999,1500
2023-05-05,600825,BUY,5.850741296399999,11700
2023-05-05,688336,BUY,12.865797944999999,5300
2023-05-05,002767,BUY,12.790354977399998,5300
2023-05-05,002112,BUY,9.886816960019997,6900
2023-05-05,002347,BUY,4.861439733149999,14100
2023-05-05,300870,BUY,42.90429803659999,1600
2023-05-05,600771,BUY,41.43138999999999,1600
2023-05-05,601766,BUY,6.25826799598,10900
2023-05-05,300698,BUY,24.923896527529998,2700
2023-05-05,688002,BUY,50.84835022266999,1300
2023-05-05,603999,BUY,8.43538952256,8100
2023-05-05,300513,BUY,12.887857832849999,5300
2023-05-05,300479,BUY,19.719699999999996,3400
2023-05-05,600894,BUY,5.699767913839999,12000
2023-05-05,688626,BUY,46.535367158279996,1400
2023-05-05,000555,BUY,12.3917879085,5500
2023-05-05,300538,BUY,14.928858944999998,4600
2023-05-05,600756,BUY,15.76454297418,4300
2023-08-01,300538,SELL,15.1254729864,4600
2023-08-01,688626,SELL,47.22896892483,1400
2023-08-01,688579,SELL,14.09590710288,4400
2023-08-01,688400,BUY,26.521347602749998,18300
2023-08-01,301153,BUY,36.079743659959995,13400
2023-08-01,301269,BUY,102.25389234059999,4700
2023-11-01,300079,SELL,5.4748050147,10700
2023-11-01,002104,SELL,7.8544009368,7900
2023-11-01,300085,SELL,11.95803,4900
2023-11-01,603110,SELL,32.903021082959995,2700
2023-11-01,688277,SELL,14.215770000000001,3800
2023-11-01,688072,SELL,167.15188185894002,300
2023-11-01,601595,SELL,18.22975735464,1700
2023-11-01,688400,SELL,23.4766283715,18300
2023-11-01,600088,SELL,12.11760290736,5000
2023-11-01,601949,SELL,8.10554481153,6400
2023-11-01,002590,SELL,12.38175559026,8000
2023-11-01,300875,SELL,32.5674,1900
2023-11-01,300465,SELL,10.439549999999999,4800
2023-11-01,000972,SELL,3.64635,19000
2023-11-01,300150,SELL,4.74525,15700
2023-11-01,600718,SELL,9.24940058076,6200
2023-11-01,688126,SELL,17.9444911464,2900
2023-11-01,600754,SELL,30.51711113121,1400
2023-11-01,300615,SELL,15.63569865,3900
2023-11-01,603533,SELL,18.77877111132,2400
2023-11-01,002778,SELL,13.766219999999999,4800
2023-11-01,300461,SELL,21.428549999999998,3000
2023-11-01,002919,SELL,23.5651134978,2800
2023-11-01,301213,SELL,29.81562315138,2500
2023-11-01,688290,SELL,40.89724068114,1000
2023-11-01,603711,SELL,15.57473711256,3400
2023-11-01,300624,SELL,55.77883590942,600
2023-11-01,600498,SELL,17.44001185068,3600
2023-11-01,300001,SELL,17.71225613388,3400
2023-11-01,000652,SELL,3.9629190140999997,16500
2023-11-01,300674,SELL,15.667858288169999,3900
2023-11-01,600640,SELL,10.21183945848,5400
2023-11-01,300399,SELL,12.60062719956,5000
2023-11-01,000729,SELL,9.88509108393,5700
2023-11-01,603598,SELL,9.66033,6000
2023-11-01,000735,SELL,5.61375065997,5000
2023-11-01,301001,SELL,26.175576222,2600
2023-11-01,300011,SELL,6.93306,9200
2023-11-01,301221,SELL,43.2756704106,1900
2023-11-01,002123,SELL,15.40030005423,4900
2023-11-01,300065,SELL,10.469520000000001,4700
2023-11-01,300368,SELL,7.2127799999999995,10400
2023-11-01,603679,SELL,16.6535742555,5300
2023-11-01,000899,SELL,7.6499955468000005,9000
2023-11-01,002587,SELL,6.1631686619999995,11300
2023-11-01,603927,SELL,20.63809146978,2700
2023-11-01,688082,SELL,116.19693086589,600
2023-11-01,688080,SELL,37.08875739672,1400
2023-11-01,603466,SELL,11.41844637375,4700
2023-11-01,688319,SELL,19.44820727505,3300
2023-11-01,002299,SELL,17.28298607364,3400
2023-11-01,603383,SELL,41.772237518429996,1700
2023-11-01,603000,SELL,32.0593363722,3200
2023-11-01,300433,SELL,12.62370607758,6200
2023-11-01,000607,SELL,4.48277671602,11300
2023-11-01,301011,SELL,20.3226935634,2900
2023-11-01,300448,SELL,5.42714641101,11600
2023-11-01,002712,SELL,5.51448,7300
2023-11-01,002017,SELL,10.208968812,5800
2023-11-01,300805,SELL,8.564263883279999,6800
2023-11-01,688505,SELL,9.79238277504,6900
2023-11-01,002148,SELL,6.05465247681,10900
2023-11-01,300579,SELL,26.87675879754,2100
2023-11-01,603918,SELL,19.80247214556,4800
2023-11-01,688568,SELL,21.57896799144,2900
2023-11-01,600570,SELL,30.1776928992,1500
2023-11-01,300277,SELL,8.1320410188,9400
2023-11-01,002153,SELL,10.540202706539999,4700
2023-11-01,300047,SELL,8.693484033779999,8800
2023-11-01,600825,SELL,4.2005421531,11700
2023-11-01,002767,SELL,14.96014671816,5300
2023-11-01,301153,SELL,32.03065919808,13400
2023-11-01,002112,SELL,9.88685658666,6900
2023-11-01,002347,SELL,5.32992548925,14100
2023-11-01,300870,SELL,32.911679455919995,1600
2023-11-01,600771,SELL,29.70027,1600
2023-11-01,601766,SELL,4.94932351221,10900
2023-11-01,688002,SELL,47.448752900849996,1300
2023-11-01,603999,SELL,5.881143209759999,8100
2023-11-01,300513,SELL,12.56368309065,5300
2023-11-01,300479,SELL,19.59039,3400
2023-11-01,600894,SELL,5.77528737156,12000
2023-11-01,301269,SELL,101.91033990774,4700
2023-11-01,300345,SELL,8.00199,3700
2023-11-01,000555,SELL,11.95783272747,5500
2023-11-01,600756,SELL,13.75856778987,4300
2023-11-01,601279,BUY,5.846627066279999,5600
2023-11-01,300926,BUY,21.2775198636,1500
2023-11-01,603050,BUY,9.123553629189999,3500
2023-11-01,688218,BUY,17.8614599163,1800
2023-11-01,688169,BUY,156.17362760999998,200
2023-11-01,605368,BUY,8.269091230399999,3900
2023-11-01,600593,BUY,16.396379999999997,1900
2023-11-01,600377,BUY,8.85798516603,3700
2023-11-01,603569,BUY,11.25304996816,2900
2023-11-01,603619,BUY,19.105844557799998,1700
2023-11-01,601137,BUY,14.80299029209,2200
2023-11-01,002413,BUY,5.805799999999999,5600
2023-11-01,002318,BUY,18.404136350599998,1700
2023-11-01,003003,BUY,10.572767205,3100
2023-11-01,000554,BUY,5.6883530704,5700
2023-11-01,300893,BUY,14.665809558399998,2200
2023-11-01,002867,BUY,12.082591320799999,2700
2023-11-01,600901,BUY,4.10759590241,7900
2023-11-01,600919,BUY,5.863561443739999,5500
2023-11-01,601128,BUY,5.0468912494,6400
2023-11-01,002154,BUY,5.387019177539999,6000
2023-11-01,300164,BUY,5.225219999999999,6200
2023-11-01,300985,BUY,28.123189564469996,1100
2023-11-01,300328,BUY,6.91691,4700
2023-11-01,603393,BUY,26.913317621189996,1200
2023-11-01,300084,BUY,7.12712,4500
2023-11-01,300815,BUY,14.29095805137,2200
2023-11-01,603390,BUY,8.4037108155,3900
2023-11-01,002370,BUY,4.884879999999999,6700
2023-11-01,300602,BUY,20.14519205699,1600
2023-11-01,300866,BUY,66.99856243079999,400
2023-11-01,002158,BUY,21.584010447999997,1500
2023-11-01,301061,BUY,19.5335971831,1600
2023-11-01,002654,BUY,14.76788579266,2200
2023-11-01,600933,BUY,19.897297099679996,1600
2023-11-01,002997,BUY,39.72637468799999,800
2023-11-01,001209,BUY,16.691092177759998,1900
2023-11-01,300965,BUY,55.771588873,500
2023-11-01,300827,BUY,20.095674498899996,1600
2023-11-01,603099,BUY,14.173103744799999,2300
2023-11-01,605377,BUY,10.153621878399997,3200
2023-11-01,002535,BUY,4.804799999999999,6800
2023-11-01,603505,BUY,21.628824216999995,1500
2023-11-01,601058,BUY,10.48606851292,3100
2023-11-01,603053,BUY,9.173914850099997,3500
2023-11-01,300779,BUY,23.556177604959995,1300
2023-11-01,002278,BUY,5.730736010999999,5700
2023-11-01,002270,BUY,11.382729357999999,2800
2023-11-01,603515,BUY,16.66316640989,1900
2023-11-01,002595,BUY,21.236843928299997,1500
2023-11-01,300859,BUY,25.836360049499998,1200
2023-11-01,603101,BUY,7.769133011639999,4200
2023-11-01,688379,BUY,19.431440708679997,1600
2023-11-01,600398,BUY,6.1656964068699995,5300
2023-11-01,300877,BUY,17.644680423369998,1800
2023-11-01,600826,BUY,6.001609784169999,5400
2023-11-01,603286,BUY,18.865870323299998,1700
2023-11-01,603197,BUY,60.75691702079999,500
2023-11-01,601126,BUY,12.8713252668,2500
2023-11-01,000897,BUY,2.1980981021999995,14900
2023-11-01,688578,BUY,37.460903349869994,800
2023-11-01,300478,BUY,11.741729999999999,2700
2023-11-01,002050,BUY,25.895375546039997,1200
2023-11-01,603871,BUY,8.125068541589998,4000
2023-11-01,300195,BUY,6.121942646819999,5300
2023-11-01,002988,BUY,19.385845479,1600
2023-11-01,002521,BUY,7.443236901099999,4400
2023-11-01,600285,BUY,13.992127549399997,2300
2023-11-01,301160,BUY,17.7744943376,1800
2023-11-01,688016,BUY,123.24972888227998,200
2023-11-01,002028,BUY,48.531187304599996,600
2023-11-01,601038,BUY,10.871339519039998,3000
2023-11-01,000550,BUY,14.721082576199997,2200
2023-11-01,603699,BUY,13.13467138984,2400
2023-11-01,601169,BUY,3.8930642851099995,8400
2023-11-01,300832,BUY,63.846904321199986,500
2023-11-01,603161,BUY,11.39478845505,2800
2023-11-01,605055,BUY,7.189298706589999,4500
2023-11-01,601577,BUY,6.426201862079999,5100
2023-11-01,601567,BUY,14.992004227199999,2100
2023-11-01,603688,BUY,56.303495227979994,500
2023-11-01,300611,BUY,10.05701368672,3200
2023-11-01,600012,BUY,9.03533997366,3600
2024-02-01,603053,SELL,8.18563719897,3500
2024-02-01,688410,BUY,11.154126984,150200
2024-05-07,688410,SELL,11.67451826553,150200
2024-05-07,002154,SELL,5.34964077423,6000
2024-05-07,601279,SELL,5.29908315246,5600
2024-05-07,300779,SELL,26.488495049940003,1300
2024-05-07,300164,SELL,4.515479999999999,6200
2024-05-07,300985,SELL,19.42020186849,1100
2024-05-07,300328,SELL,5.214779999999999,4700
2024-05-07,002278,SELL,4.452663879,5700
2024-05-07,300926,SELL,22.40459664633,1500
2024-05-07,002270,SELL,19.302816011850002,2800
2024-05-07,688336,SELL,16.7600566665,5300
2024-05-07,603393,SELL,33.571991832570006,1200
2024-05-07,603515,SELL,16.49250735363,1900
2024-05-07,300084,SELL,5.88411,4500
2024-05-07,688218,SELL,18.682968310019998,1800
2024-05-07,002595,SELL,26.85946129236,1500
2024-05-07,301160,SELL,20.29082390496,1800
2024-05-07,300815,SELL,13.25653982037,2200
2024-05-07,605368,SELL,11.198317473,3900
2024-05-07,603390,SELL,7.6342478602499995,3900
2024-05-07,002370,SELL,3.40659,6700
2024-05-07,300602,SELL,15.016592805570001,1600
2024-05-07,300859,SELL,29.16108023949,1200
2024-05-07,600593,SELL,20.92905,1900
2024-05-07,603101,SELL,5.34795553116,4200
2024-05-07,300866,SELL,63.437217282,400
2024-05-07,688379,SELL,15.89144213052,1600
2024-05-07,600377,SELL,10.25544933495,3700
2024-05-07,600398,SELL,7.55300151792,5300
2024-05-07,002158,SELL,19.650525304499997,1500
2024-05-07,300877,SELL,13.365955455209999,1800
2024-05-07,600826,SELL,5.85334337742,5400
2024-05-07,603569,SELL,8.692027791480001,2900
2024-05-07,603619,SELL,23.03894267532,1700
2024-05-07,688016,SELL,123.07938812928,200
2024-05-07,300698,SELL,35.89728300378,2700
2024-05-07,002654,SELL,10.31786352828,2200
2024-05-07,600933,SELL,17.89607289312,1600
2024-05-07,601137,SELL,17.48862971415,2200
2024-05-07,002997,SELL,29.07769096224,800
2024-05-07,001209,SELL,15.09121490877,1900
2024-05-07,300611,SELL,9.024380346240001,3200
2024-05-07,603286,SELL,19.17684620775,1700
2024-05-07,300965,SELL,28.264542165,500
2024-05-07,002413,SELL,4.42557,5600
2024-05-07,601038,SELL,17.73009279936,3000
2024-05-07,002318,SELL,22.818962635560002,1700
2024-05-07,003003,SELL,9.0401912595,3100
2024-05-07,300827,SELL,19.87159257594,1600
2024-05-07,603197,SELL,41.888630239200005,500
2024-05-07,300832,SELL,72.26224048494001,500
2024-05-07,000554,SELL,5.686708599,5700
2024-05-07,601126,SELL,15.43213973268,2500
2024-05-07,300144,SELL,9.89874970164,5400
2024-05-07,300893,SELL,15.59389521528,2200
2024-05-07,002867,SELL,13.2973321572,2700
2024-05-07,600901,SELL,4.37325206031,7900
2024-05-07,603099,SELL,20.63358272304,2300
2024-05-07,300478,SELL,9.88011,2700
2024-05-07,002050,SELL,21.65878439514,1200
2024-05-07,603161,SELL,11.08181575134,2800
2024-05-07,605377,SELL,11.7204234444,3200
2024-05-07,300045,SELL,21.4785,8000
2024-05-07,002535,SELL,3.92607,6800
2024-05-07,300195,SELL,4.9554333462599995,5300
2024-05-07,605055,SELL,5.0623689636,4500
2024-05-07,601577,SELL,7.11918070299,5100
2024-05-07,603505,SELL,24.7886357508,1500
2024-05-07,601567,SELL,30.575022871500003,2100
2024-05-07,603688,SELL,44.06265817506,500
2024-05-07,600919,SELL,6.74952429942,5500
2024-05-07,600012,SELL,11.57841037962,3600
2024-05-07,002988,SELL,19.0930595283,1600
2024-05-07,601128,SELL,5.39755187517,6400
2024-05-07,002444,BUY,24.586416494639998,2700
2024-05-07,688506,BUY,180.68049999999997,300
2024-05-07,600126,BUY,5.107511649239999,13300
2024-05-07,300761,BUY,21.317521745519997,3100
2024-05-07,603993,BUY,8.344104538769999,8100
2024-05-07,600589,BUY,3.95395,17200
2024-05-07,000975,BUY,17.8453275,3800
2024-05-07,600011,BUY,8.371748024639999,8100
2024-05-07,600737,BUY,8.995544978419998,7500
2024-05-07,301345,BUY,67.55923045872,1000
2024-05-07,002911,BUY,9.08463901345,7400
2024-05-07,300394,BUY,55.54780194964,1200
2024-05-07,002991,BUY,75.5498649906,900
2024-05-07,300857,BUY,31.867850174159997,2100
2024-05-07,301096,BUY,71.68267702596,900
2024-05-07,001309,BUY,72.74155596708,900
2024-05-07,600299,BUY,9.7087795805,7000
2024-05-07,000408,BUY,27.521860826459996,2400
2024-05-07,600707,BUY,8.145814356679999,8300
2024-05-07,601916,BUY,2.5916580689999997,26200
2024-05-07,002608,BUY,8.0895810996,8400
2024-05-07,688036,BUY,93.46192415559999,700
2024-05-07,002039,BUY,16.491559864779997,4100
2024-05-07,000620,BUY,1.7317299999999998,39200
2024-05-07,000725,BUY,4.385918697159999,15500
2024-05-07,603929,BUY,25.2442384194,2600
2024-05-07,002543,BUY,10.364130977199999,6500
2024-05-07,300492,BUY,52.987422327839994,1200
2024-05-07,002053,BUY,12.38945382675,5400
2024-05-07,600279,BUY,4.00274675801,16900
2024-05-07,688253,BUY,42.99675066686999,1500
2024-05-07,002155,BUY,12.367741335949999,5500
2024-05-07,302132,BUY,42.462419999999995,1600
2024-05-07,601500,BUY,6.634455427599999,10200
2024-05-07,002984,BUY,25.435987857279997,2600
2024-05-07,600066,BUY,22.309722495059997,3000
2024-05-07,688147,BUY,32.7558856625,2000
2024-05-07,002708,BUY,9.529519999999998,7100
2024-05-07,301004,BUY,55.5771521305,1200
2024-05-07,600150,BUY,35.955043504379994,1800
2024-05-07,000680,BUY,8.674036371,7800
2024-05-07,688187,BUY,47.01731380346,1400
2024-05-07,600795,BUY,4.738497363599999,14300
2024-05-07,300783,BUY,25.995456547059995,2600
2024-05-07,601991,BUY,3.03373358288,22400
2024-05-07,688159,BUY,43.95336376431,1500
2024-05-07,600506,BUY,10.079992022099999,6700
2024-05-07,600816,BUY,3.0330299999999997,22400
2024-05-07,603979,BUY,51.77930966207999,1300
2024-05-07,000883,BUY,5.4610042086599995,12400
2024-05-07,605319,BUY,14.611902234929998,4600
2024-05-07,000543,BUY,7.478246365589999,9000
2024-05-07,600221,BUY,1.3813799999999998,49200
2024-05-07,003000,BUY,14.103861571799998,4800
2024-05-07,688408,BUY,69.220159008,900
2024-05-07,600160,BUY,23.6348988876,2800
2024-05-07,601857,BUY,8.72922838788,7700
2024-05-07,300067,BUY,5.436682761509999,12500
2024-05-07,000791,BUY,5.923088471299999,11400
2024-05-07,600480,BUY,8.234122997099998,8200
2024-05-07,605333,BUY,29.25507886301,2300
2024-05-07,688062,BUY,36.29626,1800
2024-05-07,300791,BUY,22.252201571599997,3000
2024-05-07,600503,BUY,2.27227,29900
2024-05-07,600685,BUY,25.32492990027,2600
2024-05-07,003015,BUY,10.229923503799998,6600
2024-05-07,300251,BUY,9.298833523979999,7300
2024-05-07,688399,BUY,31.962386055599996,2100
2024-05-07,002653,BUY,30.560342312499994,2200
2024-05-07,603009,BUY,18.11462068416,3700
2024-05-07,000737,BUY,10.086896819999998,6700
2024-05-07,601766,BUY,6.687024784439999,10100
2024-05-07,300056,BUY,9.769759999999998,6900
2024-05-07,601702,BUY,19.530722601389996,3400
2024-05-07,300705,BUY,25.5311056,2600
2024-05-07,600654,BUY,2.4424399999999995,27800
2024-05-07,002130,BUY,13.968899444499998,4800
2024-05-07,000766,BUY,17.5175,3800
2024-05-07,300979,BUY,62.65359422321999,1000
2024-05-07,600518,BUY,1.9919899999999997,34100
2024-05-07,002371,BUY,234.36111899199997,200
2024-08-01,600011,SELL,7.0599786543,8100
2024-08-01,000620,SELL,1.5984,39200
2024-08-01,601702,SELL,16.210301951519998,3400
2024-08-01,688018,BUY,55.92386269469999,5900
2024-08-01,301291,BUY,32.17861086439999,10300
2024-08-01,600219,BUY,3.2079919171299998,104300
2024-11-01,002444,SELL,28.533026252160003,2700
2024-11-01,688506,SELL,186.12369,300
2024-11-01,600126,SELL,4.0459499999999995,13300
2024-11-01,603050,SELL,14.967260307450001,3500
2024-11-01,300761,SELL,20.4175753866,3100
2024-11-01,603993,SELL,7.56984684573,8100
2024-11-01,600589,SELL,4.20579,17200
2024-11-01,000975,SELL,17.353025604,3800
2024-11-01,600737,SELL,9.22932108036,7500
2024-11-01,301345,SELL,60.41366170416,1000
2024-11-01,688169,SELL,158.52892111128,200
2024-11-01,002911,SELL,10.2170574153,7400
2024-11-01,300394,SELL,62.925101810099996,1200
2024-11-01,002991,SELL,68.54336802,900
2024-11-01,300857,SELL,35.7243580818,2100
2024-11-01,301096,SELL,38.89107,900
2024-11-01,001309,SELL,56.532464946,900
2024-11-01,600299,SELL,10.73643646635,7000
2024-11-01,000408,SELL,28.2435679602,2400
2024-11-01,600707,SELL,7.1953376997600005,8300
2024-11-01,601916,SELL,2.59581414744,26200
2024-11-01,002608,SELL,7.4919120884999995,8400
2024-11-01,688036,SELL,87.53944540751999,700
2024-11-01,002039,SELL,14.913207814049999,4100
2024-11-01,000725,SELL,4.36022708832,15500
2024-11-01,603929,SELL,25.6067673003,2600
2024-11-01,002543,SELL,8.620362258750001,6500
2024-11-01,002053,SELL,11.8954654272,5400
2024-11-01,600279,SELL,4.28438214918,16900
2024-11-01,301061,SELL,35.34864651945,1600
2024-11-01,688253,SELL,41.515616246579995,1500
2024-11-01,002155,SELL,13.06781622288,5500
2024-11-01,601500,SELL,4.94505,10200
2024-11-01,002984,SELL,25.780411282499998,2600
2024-11-01,600066,SELL,20.60138587212,3000
2024-11-01,688147,SELL,25.623495285569998,2000
2024-11-01,002708,SELL,10.009979999999999,7100
2024-11-01,601058,SELL,14.05152385056,3100
2024-11-01,301004,SELL,78.945627348,1200
2024-11-01,600150,SELL,36.1082518038,1800
2024-11-01,000680,SELL,9.4460423022,7800
2024-11-01,688187,SELL,47.04396894,1400
2024-11-01,600795,SELL,4.53889272384,14300
2024-11-01,300783,SELL,26.284268081340002,2600
2024-11-01,601991,SELL,2.8646029296,22400
2024-11-01,688159,SELL,29.90515322169,1500
2024-11-01,301291,SELL,36.03187780425,10300
2024-11-01,600506,SELL,10.1596066236,6700
2024-11-01,600816,SELL,3.18681,22400
2024-11-01,603979,SELL,40.796184978,1300
2024-11-01,000883,SELL,4.73215311,12400
2024-11-01,605319,SELL,12.18340870569,4600
2024-11-01,000543,SELL,7.02899548848,9000
2024-11-01,600221,SELL,1.51848,49200
2024-11-01,003000,SELL,11.52664469712,4800
2024-11-01,688408,SELL,78.442892586,900
2024-11-01,600160,SELL,21.29254614,2800
2024-11-01,601857,SELL,7.638355498499999,7700
2024-11-01,000897,SELL,2.4246227501999997,14900
2024-11-01,688578,SELL,50.817856075200005,800
2024-11-01,688018,SELL,61.45428073347,5900
2024-11-01,603871,SELL,13.58763828048,4000
2024-11-01,000791,SELL,6.18763089528,11400
2024-11-01,600480,SELL,6.40120230009,8200
2024-11-01,605333,SELL,31.73028986808,2300
2024-11-01,300795,SELL,14.202402161219998,3100
2024-11-01,002521,SELL,8.84708870535,4400
2024-11-01,688062,SELL,22.12785,1800
2024-11-01,600285,SELL,19.69657947423,2300
2024-11-01,300791,SELL,19.77141561318,3000
2024-11-01,600503,SELL,2.33766,29900
2024-11-01,600685,SELL,24.97699384416,2600
2024-11-01,300251,SELL,8.309611370699999,7300
2024-11-01,603009,SELL,26.854076043,3700
2024-11-01,000737,SELL,9.80876939202,6700
2024-11-01,601766,SELL,8.09676125388,10100
2024-11-01,300056,SELL,14.875110000000001,6900
2024-11-01,600219,SELL,3.6636846480000003,104300
2024-11-01,002028,SELL,75.9330981927,600
2024-11-01,300705,SELL,22.229490967289998,2600
2024-11-01,600654,SELL,2.6173800000000003,27800
2024-11-01,000550,SELL,22.931003432609998,2200
2024-11-01,002130,SELL,19.12321180584,4800
2024-11-01,603699,SELL,21.03765894234,2400
2024-11-01,601169,SELL,5.1289585074,8400
2024-11-01,000766,SELL,14.8851,3800
2024-11-01,300979,SELL,61.36161424272,1000
2024-11-01,600518,SELL,1.97802,34100
2024-11-01,002371,SELL,285.7985778375,200
2024-11-01,002707,BUY,7.78778,4400
2024-11-01,688611,BUY,28.38557575854,1200
2024-11-01,600812,BUY,5.582538681719999,6100
2024-11-01,300996,BUY,10.112462359999999,3300
2024-11-01,600418,BUY,40.99095,800
2024-11-01,600619,BUY,12.006036372329998,2800
2024-11-01,300170,BUY,9.508469290319999,3600
2024-11-01,301327,BUY,59.18588675999999,500
2024-11-01,300302,BUY,18.198179999999997,1800
2024-11-01,000560,BUY,3.56356,9600
2024-11-01,300562,BUY,12.741104035659998,2600
2024-11-01,002741,BUY,13.1554054632,2600
2024-11-01,688041,BUY,126.874144397,200
2024-11-01,002494,BUY,4.054049999999999,8400
2024-11-01,002755,BUY,13.152556517099997,2600
2024-11-01,300241,BUY,6.02666547483,5600
2024-11-01,600316,BUY,38.68756491599999,800
2024-11-01,688617,BUY,253.94502551417997,100
2024-11-01,600130,BUY,6.61661,5100
2024-11-01,600495,BUY,4.05299198304,8400
2024-11-01,300417,BUY,14.109518713289997,2400
2024-11-01,300972,BUY,71.81795052432,400
2024-11-01,688380,BUY,28.965739502699996,1100
2024-11-01,300603,BUY,10.49048,3200
2024-11-01,300546,BUY,17.406920971439998,1900
2024-11-01,603390,BUY,9.386319862919999,3600
2024-11-01,301116,BUY,11.545066332799998,2900
2024-11-01,300310,BUY,8.768759999999999,3900
2024-11-01,301036,BUY,57.029444471999994,600
2024-11-01,002652,BUY,3.1531499999999997,10800
2024-11-01,301001,BUY,24.036932719799996,1400
2024-11-01,300493,BUY,14.971846889999998,2200
2024-11-01,300011,BUY,8.22822,4100
2024-11-01,002888,BUY,18.966143196,1800
2024-11-01,301326,BUY,63.32325999999999,500
2024-11-01,600684,BUY,3.6936899999999997,9200
2024-11-01,300222,BUY,8.398558107939998,4000
2024-11-01,002685,BUY,9.999989999999999,3400
2024-11-01,300322,BUY,15.8158,2100
2024-11-01,301021,BUY,24.35280876028,1400
2024-11-01,300215,BUY,6.036029999999999,5600
2024-11-01,003006,BUY,24.65943083604,1300
2024-11-01,300879,BUY,14.818361207649998,2300
2024-11-01,003026,BUY,27.402895519999998,1200
2024-11-01,000688,BUY,11.89406001784,2800
2024-11-01,300473,BUY,21.471449999999997,1500
2024-11-01,689009,BUY,43.3171122384,700
2024-11-01,300348,BUY,17.687987417099997,1900
2024-11-01,600688,BUY,2.9230545544199997,11700
2024-11-01,002488,BUY,11.76016223382,2900
2024-11-01,600830,BUY,11.153879797059998,3000
2024-11-01,300448,BUY,6.758253902399999,5000
2024-11-01,300766,BUY,15.625609999999998,2100
2024-11-01,600550,BUY,12.33232,2700
2024-11-01,300180,BUY,9.22922,3700
2024-11-01,300582,BUY,11.6412514218,2900
2024-11-01,300722,BUY,33.567019486,1000
2024-11-01,300604,BUY,43.8255590773,700
2024-11-01,002642,BUY,8.8088,3800
2024-11-01,300176,BUY,8.63067437232,3900
2024-11-01,002316,BUY,3.43343,10000
2024-11-01,300752,BUY,12.004743230479999,2800
2024-11-01,300380,BUY,43.63312582628999,700
2024-11-01,002530,BUY,7.942064129999999,4300
2024-11-01,002827,BUY,28.36909738663,1200
2024-11-01,001339,BUY,28.419749378019997,1200
2024-11-01,001236,BUY,12.2021737838,2800
2024-11-01,002606,BUY,10.294282398399998,3300
2024-11-01,300047,BUY,15.886917146099998,2100
2024-11-01,002364,BUY,7.245662924499999,4700
2024-11-01,300746,BUY,16.45644,2000
2024-11-01,688582,BUY,45.3675202981,700
2024-11-01,002021,BUY,2.8828799999999997,11900
2024-11-01,000995,BUY,13.793779999999998,2400
2024-11-01,688234,BUY,58.87881999999999,500
2024-11-01,300169,BUY,9.25925,3700
2024-11-01,603779,BUY,12.585349656879998,2700
2024-11-01,600276,BUY,46.409048125439995,700
2024-11-01,000839,BUY,3.7937899999999996,9000
2024-11-01,603893,BUY,86.94127942499999,300
2024-11-01,002523,BUY,3.0148279761599994,11300
2024-11-01,003001,BUY,27.399343871899994,1200
2024-11-01,002031,BUY,3.6336299999999997,9400
2025-05-07,002707,SELL,7.7922,4400
2025-05-07,688611,SELL,36.237068658,1200
2025-05-07,600812,SELL,5.9862751126200004,6100
2025-05-07,300996,SELL,10.420256013300001,3300
2025-05-07,600418,SELL,36.1638,800
2025-05-07,300170,SELL,19.646093360880002,3600
2025-05-07,301327,SELL,46.192295565900004,500
2025-05-07,300302,SELL,14.545440000000001,1800
2025-05-07,000560,SELL,3.26673,9600
2025-05-07,300562,SELL,14.39632528398,2600
2025-05-07,002741,SELL,15.72510621294,2600
2025-05-07,688041,SELL,150.3495587412,200
2025-05-07,002494,SELL,4.5954,8400
2025-05-07,002755,SELL,17.5017035772,2600
2025-05-07,300241,SELL,5.281375108230001,5600
2025-05-07,600316,SELL,36.4951826856,800
2025-05-07,688617,SELL,281.38560222051,100
2025-05-07,600130,SELL,2.75724,5100
2025-05-07,600495,SELL,4.12420574592,8400
2025-05-07,300417,SELL,11.60690963184,2400
2025-05-07,300972,SELL,159.19197212654998,400
2025-05-07,688380,SELL,27.658274689349998,1100
2025-05-07,300603,SELL,10.92906,3200
2025-05-07,300546,SELL,16.84480884948,1900
2025-05-07,603390,SELL,10.197603468719999,3600
2025-05-07,300492,SELL,48.57547935654,1200
2025-05-07,301116,SELL,11.059237851839999,2900
2025-05-07,300310,SELL,6.30369,3900
2025-05-07,301036,SELL,38.16282373524,600
2025-05-07,002652,SELL,2.93706,10800
2025-05-07,302132,SELL,68.30937469755,1600
2025-05-07,301001,SELL,29.75414211396,1400
2025-05-07,300493,SELL,20.68959671298,2200
2025-05-07,300011,SELL,7.2627299999999995,4100
2025-05-07,002888,SELL,17.4963709152,1800
2025-05-07,301326,SELL,60.18975,500
2025-05-07,600684,SELL,3.5464499999999997,9200
2025-05-07,300222,SELL,10.12383372231,4000
2025-05-07,002685,SELL,7.45254,3400
2025-05-07,300322,SELL,14.57541,2100
2025-05-07,301021,SELL,29.41558143354,1400
2025-05-07,300215,SELL,5.544449999999999,5600
2025-05-07,003006,SELL,31.139704764359998,1300
2025-05-07,300879,SELL,40.841326291499996,2300
2025-05-07,003026,SELL,21.42043416396,1200
2025-05-07,000688,SELL,11.86033736043,2800
2025-05-07,300473,SELL,27.682290000000002,1500
2025-05-07,300348,SELL,13.11481950255,1900
2025-05-07,600688,SELL,2.90729178801,11700
2025-05-07,002488,SELL,14.32930177458,2900
2025-05-07,600830,SELL,8.89133607369,3000
2025-05-07,300448,SELL,6.2884883368799995,5000
2025-05-07,300766,SELL,39.95001,2100
2025-05-07,300180,SELL,7.56243,3700
2025-05-07,300582,SELL,12.3845606424,2900
2025-05-07,300722,SELL,29.91348700956,1000
2025-05-07,300604,SELL,42.69187034505,700
2025-05-07,002642,SELL,7.68231,3800
2025-05-07,300176,SELL,6.4997659277999995,3900
2025-05-07,300067,SELL,5.4345973626,12500
2025-05-07,002316,SELL,3.6863099999999998,10000
2025-05-07,300752,SELL,13.25122907643,2800
2025-05-07,300380,SELL,49.59482398155,700
2025-05-07,002530,SELL,10.4255365275,4300
2025-05-07,002827,SELL,29.26602675792,1200
2025-05-07,001339,SELL,42.06892161735,1200
2025-05-07,001236,SELL,9.53261729055,2800
2025-05-07,002606,SELL,8.619491520359999,3300
2025-05-07,300047,SELL,17.6644762416,2100
2025-05-07,002364,SELL,15.512379992100001,4700
2025-05-07,300746,SELL,14.13585,2000
2025-05-07,003015,SELL,14.552494258680001,6600
2025-05-07,688399,SELL,28.509847134479998,2100
2025-05-07,002653,SELL,41.017143398399995,2200
2025-05-07,002021,SELL,2.27772,11900
2025-05-07,000995,SELL,12.96702,2400
2025-05-07,688234,SELL,60.89904,500
2025-05-07,300169,SELL,7.53246,3700
2025-05-07,603779,SELL,7.26277091904,2700
2025-05-07,600276,SELL,51.06493546848,700
2025-05-07,000839,SELL,2.71728,9000
2025-05-07,002523,SELL,3.59274992373,11300
2025-05-07,003001,SELL,29.457301711499998,1200
2025-05-07,002031,SELL,9.390600000000001,9400
2025-05-07,601069,BUY,16.52396680935,3800
2025-05-07,603011,BUY,11.611599999999997,5400
2025-05-07,688256,BUY,486.093892284,100
2025-05-07,688297,BUY,40.5603001804,1500
2025-05-07,002208,BUY,6.896889999999999,9100
2025-05-07,688696,BUY,122.29829151539998,500
2025-05-07,002716,BUY,3.6336299999999997,17300
2025-05-07,688400,BUY,29.274763517999997,2100
2025-05-07,688591,BUY,41.150895385599995,1500
2025-05-07,603666,BUY,37.297259999999994,1600
2025-05-07,688108,BUY,10.009999999999998,6200
2025-05-07,605300,BUY,13.746682749799998,4500
2025-05-07,300961,BUY,15.895879999999998,3900
2025-05-07,002614,BUY,6.27583671715,10000
2025-05-07,002802,BUY,15.218922769049998,4100
2025-05-07,300715,BUY,10.750739999999999,5800
2025-05-07,001266,BUY,24.376960607999997,2500
2025-05-07,603023,BUY,3.6736699999999995,17100
2025-05-07,301270,BUY,39.33565087452,1600
2025-05-07,300995,BUY,35.575684784639996,1700
2025-05-07,002342,BUY,4.83050766198,13000
2025-05-07,002289,BUY,9.939929999999999,6300
2025-05-07,603153,BUY,16.704516128299996,3700
2025-05-07,688288,BUY,34.6730620236,1800
2025-05-07,600360,BUY,6.33617438454,9900
2025-05-07,688716,BUY,41.123591118609994,1500
2025-05-07,688981,BUY,91.55145999999998,600
2025-05-07,600505,BUY,16.341075010259996,3800
2025-05-07,002609,BUY,10.554736192,5900
2025-05-07,002366,BUY,5.03503,12500
2025-05-07,002132,BUY,3.2508383908,19300
2025-05-07,300065,BUY,16.76675,3700
2025-05-07,688228,BUY,63.90423177137999,900
2025-05-07,688049,BUY,46.56856964759999,1300
2025-05-07,603375,BUY,34.5771434008,1800
2025-05-07,600292,BUY,12.511269670899999,5000
2025-05-07,301528,BUY,32.27643595175999,1900
2025-05-07,002639,BUY,8.4084,7400
2025-05-07,688522,BUY,35.880653308499994,1700
2025-05-07,002278,BUY,8.262173879959999,7600
2025-05-07,603193,BUY,36.79849472298999,1700
2025-05-07,301396,BUY,44.0338586688,1400
2025-05-07,688351,BUY,22.394079077369998,2800
2025-05-07,002361,BUY,5.978866393499999,10500
2025-05-07,002343,BUY,7.107099999999999,8800
2025-05-07,000592,BUY,2.99299,21000
2025-05-07,688577,BUY,33.19089773999999,1800
2025-05-07,603236,BUY,55.153181263179995,1100
2025-05-07,600649,BUY,4.4144505405,14200
2025-05-07,003010,BUY,24.642582864899996,2500
2025-05-07,300132,BUY,5.435429999999999,11500
2025-05-07,002923,BUY,12.394503060939998,5000
2025-05-07,002903,BUY,21.614829876639998,2900
2025-05-07,688536,BUY,156.07323731999998,400
2025-05-07,600610,BUY,11.8118,5300
2025-05-07,600764,BUY,28.672309465799998,2100
2025-05-07,300191,BUY,16.671067292879997,3700
2025-05-07,688568,BUY,37.17817155052,1600
2025-05-07,002967,BUY,17.53415031368,3500
2025-05-07,300277,BUY,12.702119149719998,4900
2025-05-07,688608,BUY,222.21783583999996,200
2025-05-07,300865,BUY,23.065519967489998,2700
2025-05-07,000599,BUY,4.61461,13600
2025-05-07,600128,BUY,9.62877727812,6500
2025-05-07,301079,BUY,28.612694630519997,2200
2025-05-07,688519,BUY,37.70077125815,1600
2025-05-07,000603,BUY,13.724396906219997,4500
2025-05-07,001267,BUY,8.23168762416,7600
2025-05-07,301180,BUY,13.713699999999998,4500
2025-05-07,688209,BUY,19.275036180399997,3200
2025-05-07,300989,BUY,16.67535643774,3700
2025-05-07,603999,BUY,6.129572048599999,10200
2025-05-07,000766,BUY,17.87786,3500
2025-05-07,300199,BUY,14.364349999999998,4300
2025-05-07,001255,BUY,28.451644221,2200
2025-05-07,300956,BUY,17.902462938359996,3500
2025-05-07,600391,BUY,25.44542,2400
2025-05-07,603068,BUY,34.1756039625,1800
2025-08-01,688981,SELL,88.20171,600
2025-08-01,000599,SELL,4.94505,13600
2025-08-01,001266,SELL,28.80353939823,2500
2025-08-01,688536,SELL,149.25137482440002,400
2025-08-01,603375,SELL,38.90360912832,1800
2025-08-01,002052,BUY,10.4104,35200
2025-08-01,688313,BUY,52.76823756204,6900
2025-08-01,688636,BUY,35.89143251693999,10200
2025-08-01,300779,BUY,122.21532064741999,3000
2025-08-01,688428,BUY,30.1301,12100
2025-08-01,301235,BUY,33.603158829239995,10900
2025-08-01,002549,BUY,11.777368603,31100
2025-11-03,601069,SELL,27.22989546738,3800
2025-11-03,603011,SELL,23.54643,5400
2025-11-03,600619,SELL,21.3346028412,2800
2025-11-03,688297,SELL,47.85901771536,1500
2025-11-03,002208,SELL,12.56742,9100
2025-11-03,688696,SELL,110.31191653113001,500
2025-11-03,002716,SELL,6.343649999999999,17300
2025-11-03,688400,SELL,39.26452944672,2100
2025-11-03,688591,SELL,46.18698056622,1500
2025-11-03,603666,SELL,32.667300000000004,1600
2025-11-03,688108,SELL,21.398580000000003,6200
2025-11-03,605300,SELL,11.855108144879999,4500
2025-11-03,300961,SELL,16.363619999999997,3900
2025-11-03,002802,SELL,13.087503396,4100
2025-11-03,002614,SELL,6.83917985412,10000
2025-11-03,300715,SELL,12.90708,5800
2025-11-03,603023,SELL,4.28571,17100
2025-11-03,688636,SELL,37.753228860120004,10200
2025-11-03,301270,SELL,37.738401522299995,1600
2025-11-03,300995,SELL,43.145680590539996,1700
2025-11-03,002342,SELL,7.97487408306,13000
2025-11-03,002289,SELL,34.4655,6300
2025-11-03,603153,SELL,18.94382808912,3700
2025-11-03,688288,SELL,28.0409983326,1800
2025-11-03,600360,SELL,8.33879517768,9900
2025-11-03,301235,SELL,30.507216925319998,10900
2025-11-03,688716,SELL,40.719775633830004,1500
2025-11-03,600505,SELL,13.9094321445,3800
2025-11-03,002609,SELL,9.751392346500001,5900
2025-11-03,002366,SELL,8.211780000000001,12500
2025-11-03,002132,SELL,3.77488789344,19300
2025-11-03,300065,SELL,20.11986,3700
2025-11-03,688228,SELL,179.82998999999998,900
2025-11-03,688049,SELL,54.36351161046,1300
2025-11-03,301528,SELL,45.44185332933,1900
2025-11-03,600292,SELL,13.8791630439,5000
2025-11-03,002639,SELL,11.30868,7400
2025-11-03,688522,SELL,28.016945009999997,1700
2025-11-03,688313,SELL,66.4017969348,6900
2025-11-03,300779,SELL,109.56571821639,3000
2025-11-03,002278,SELL,12.70643232852,7600
2025-11-03,689009,SELL,60.079860000000004,700
2025-11-03,603193,SELL,26.22655453266,1700
2025-11-03,301396,SELL,48.42073136943,1400
2025-11-03,688351,SELL,24.1560483714,2800
2025-11-03,002361,SELL,6.7332600000000005,10500
2025-11-03,002343,SELL,8.08191,8800
2025-11-03,000592,SELL,7.78221,21000
2025-11-03,688577,SELL,77.36977860417,1800
2025-11-03,603236,SELL,67.44442805999999,1100
2025-11-03,688428,SELL,24.29568,12100
2025-11-03,600649,SELL,4.6422478053,14200
2025-11-03,300132,SELL,7.15284,11500
2025-11-03,600550,SELL,8.871120000000001,2700
2025-11-03,002923,SELL,13.54644,5000
2025-11-03,002903,SELL,23.25672,2900
2025-11-03,600610,SELL,11.25873,5300
2025-11-03,600764,SELL,31.67215126488,2100
2025-11-03,300191,SELL,20.3483376936,3700
2025-11-03,688568,SELL,40.15962704313,1600
2025-11-03,002967,SELL,21.035398545,3500
2025-11-03,300277,SELL,14.6258616978,4900
2025-11-03,688608,SELL,168.61107398616,200
2025-11-03,300865,SELL,32.94762653286,2700
2025-11-03,600128,SELL,10.8766528596,6500
2025-11-03,301079,SELL,26.30872449045,2200
2025-11-03,688519,SELL,64.81502703305999,1600
2025-11-03,688582,SELL,63.778613673870005,700
2025-11-03,000603,SELL,23.0760040968,4500
2025-11-03,301180,SELL,15.8841,4500
2025-11-03,688209,SELL,21.05187169536,3200
2025-11-03,300989,SELL,17.71024430772,3700
2025-11-03,603999,SELL,6.86834313165,10200
2025-11-03,000766,SELL,28.071900000000003,3500
2025-11-03,001255,SELL,32.802053751360006,2200
2025-11-03,300956,SELL,18.2039883894,3500
2025-11-03,600391,SELL,26.62335,2400
2025-11-03,603068,SELL,37.922546992499996,1800
2025-11-03,688206,BUY,38.975560623999996,2400
2025-11-03,002326,BUY,19.43942,4800
2025-11-03,688629,BUY,76.44637,1200
2025-11-03,600460,BUY,31.8050147415,2900
2025-11-03,603988,BUY,27.380362009,3400
2025-11-03,300252,BUY,13.093079999999999,7100
2025-11-03,603917,BUY,15.722249462919999,5900
2025-11-03,300635,BUY,14.504489999999999,6400
2025-11-03,688661,BUY,47.655021654239995,1900
2025-11-03,688728,BUY,16.016,5800
2025-11-03,600515,BUY,4.96496,18900
2025-11-03,603186,BUY,46.989461518999995,2000
2025-11-03,688008,BUY,133.880084338,700
2025-11-03,002436,BUY,21.063984341399998,4400
2025-11-03,688613,BUY,23.513489999999997,4000
2025-11-03,603119,BUY,77.79730818859998,1200
2025-11-03,688498,BUY,337.11832658504,200
2025-11-03,688153,BUY,37.15711999999999,2500
2025-11-03,002407,BUY,27.725435337599997,3300
2025-11-03,300033,BUY,253.836950367,300
2025-11-03,688702,BUY,120.11999999999999,700
2025-11-03,002460,BUY,70.35911036153999,1300
2025-11-03,688213,BUY,105.0838797008,800
2025-11-03,002554,BUY,3.3733699999999995,27900
2025-11-03,301155,BUY,84.83210764027999,1100
2025-11-03,300785,BUY,35.6676817497,2600
2025-11-03,000970,BUY,13.844759478549998,6800
2025-11-03,300502,BUY,242.77032061281997,300
2025-11-03,000901,BUY,19.008121132,4900
2025-11-03,002670,BUY,20.8208,4500
2025-11-03,300499,BUY,27.655257069439998,3400
2025-11-03,688322,BUY,88.50841999999999,1000
2025-11-03,600641,BUY,18.44843,5100
2025-11-03,300803,BUY,142.83959529839998,600
2025-11-03,600071,BUY,21.681659999999997,4300
2025-11-03,688458,BUY,41.91186999999999,2200
2025-11-03,688333,BUY,75.19414804901999,1200
2025-11-03,300048,BUY,6.026019999999999,15600
2025-11-03,001270,BUY,45.87190130523,2000
2025-11-03,301021,BUY,42.08595536145,2200
2025-11-03,688390,BUY,61.561499999999995,1500
2025-11-03,000688,BUY,18.090545983509998,5200
2025-11-03,688319,BUY,25.11509,3700
2025-11-03,600118,BUY,42.995907514559995,2100
2025-11-03,300940,BUY,26.416389999999996,3500
2025-11-03,688345,BUY,39.061076964909994,2400
2025-11-03,600884,BUY,13.533519999999998,6900
2025-11-03,688295,BUY,25.681229033459996,3600
2025-11-03,688368,BUY,71.88837267612,1300
2025-11-03,002659,BUY,5.965959999999999,15700
2025-11-03,002747,BUY,25.21519,3700
2025-11-03,002564,BUY,8.89889,10500
2025-11-03,002196,BUY,11.00099,8500
2025-11-03,600808,BUY,4.054049999999999,23200
2025-11-03,688167,BUY,97.3354077696,900
2025-11-03,002725,BUY,15.365461331219999,6100
2025-11-03,688392,BUY,108.12688927039999,800
2025-11-03,688001,BUY,30.777145809409994,3000
2025-11-03,002121,BUY,8.858849999999999,10600
2025-11-03,600288,BUY,15.935919999999998,5900
2025-11-03,300655,BUY,16.609881288,5600
2025-11-03,300991,BUY,40.540499999999994,2300
2025-11-03,002785,BUY,36.636599999999994,2500
2025-11-03,000751,BUY,3.8663934308999997,24300
2025-11-03,603118,BUY,13.10926015399,7100
2025-11-03,002466,BUY,54.464409999999994,1700
2025-11-03,301095,BUY,76.54107925463998,1200
2025-11-03,603322,BUY,46.04599999999999,2000
2025-11-03,688048,BUY,70.12004999999999,1300
2025-11-03,300569,BUY,6.742372596959999,13900
2025-11-03,600115,BUY,4.804799999999999,19600
2025-11-03,600105,BUY,15.0825055381,6200
2025-11-03,300410,BUY,9.5095,9900
2025-11-03,688162,BUY,33.69629423159999,2700
2025-11-03,603103,BUY,15.914136718479998,5900
2025-11-03,600375,BUY,7.427419999999999,12600
2025-11-03,600478,BUY,7.517509999999999,12500
2025-11-03,688610,BUY,70.87402209887999,1300
2025-11-03,600962,BUY,22.30228,4200
2025-11-03,603083,BUY,102.39667282844998,900
2025-11-03,301178,BUY,45.24057638099999,2000
2025-11-03,688109,BUY,128.709718137,700
2025-11-03,300585,BUY,21.201179999999997,4400
2025-11-03,600869,BUY,7.764396559919999,12100
2025-11-03,002388,BUY,5.83583,16100
2025-11-03,002527,BUY,18.08807,5200
2026-02-03,300803,SELL,121.40067538241999,600
2026-02-03,002246,BUY,20.620792392199995,10900
2026-05-07,688206,SELL,35.273493198,2400
2026-05-07,002326,SELL,24.49548,4800
2026-05-07,688629,SELL,141.89795999999998,1200
2026-05-07,600460,SELL,29.548964956499997,2900
2026-05-07,603988,SELL,25.680132911250002,3400
2026-05-07,300252,SELL,15.75423,7100
2026-05-07,688256,SELL,1251.4281192,100
2026-05-07,603917,SELL,12.51519255972,5900
2026-05-07,300635,SELL,15.15483,6400
2026-05-07,688661,SELL,125.44847451144,1900
2026-05-07,688728,SELL,14.085899999999999,5800
2026-05-07,600515,SELL,3.47652,18900
2026-05-07,603186,SELL,86.50737193410001,2000
2026-05-07,688008,SELL,209.30312772963,700
2026-05-07,002436,SELL,32.3613460602,4400
2026-05-07,688613,SELL,21.22875,4000
2026-05-07,603119,SELL,67.76993147076,1200
2026-05-07,688153,SELL,32.697269999999996,2500
2026-05-07,002407,SELL,37.310822429400005,3300
2026-05-07,300033,SELL,246.99276,300
2026-05-07,688702,SELL,311.49819,700
2026-05-07,688213,SELL,90.51496662779999,800
2026-05-07,002554,SELL,3.34665,27900
2026-05-07,301155,SELL,60.796179523439996,1100
2026-05-07,300785,SELL,54.2601626229,2600
2026-05-07,000970,SELL,12.25082734956,6800
2026-05-07,300502,SELL,401.57581870350003,300
2026-05-07,002246,SELL,24.799402233539997,10900
2026-05-07,002670,SELL,12.83715,4500
2026-05-07,300499,SELL,44.371390194,3400
2026-05-07,688322,SELL,86.4135,1000
2026-05-07,600641,SELL,28.191779999999998,5100
2026-05-07,600071,SELL,20.06991,4300
2026-05-07,688458,SELL,38.0619,2200
2026-05-07,688333,SELL,92.08301006475,1200
2026-05-07,300048,SELL,6.6833100000000005,15600
2026-05-07,001270,SELL,152.51437112184001,2000
2026-05-07,301021,SELL,62.5687121565,2200
2026-05-07,688390,SELL,110.32956,1500
2026-05-07,000688,SELL,47.981970000000004,5200
2026-05-07,688319,SELL,34.965,3700
2026-05-07,600118,SELL,107.1751203972,2100
2026-05-07,300940,SELL,20.62935,3500
2026-05-07,688345,SELL,54.18014573988,2400
2026-05-07,600884,SELL,16.97301,6900
2026-05-07,688368,SELL,118.05943312926,1300
2026-05-07,002659,SELL,5.3346599999999995,15700
2026-05-07,002747,SELL,23.43654,3700
2026-05-07,002564,SELL,6.27372,10500
2026-05-07,002196,SELL,14.5854,8500
2026-05-07,600808,SELL,3.78621,23200
2026-05-07,688167,SELL,291.38829822179997,900
2026-05-07,002725,SELL,17.14061131092,6100
2026-05-07,003010,SELL,29.933608048379998,2500
2026-05-07,688392,SELL,141.685075098,800
2026-05-07,688001,SELL,56.75957199162,3000
2026-05-07,002121,SELL,7.14285,10600
2026-05-07,600288,SELL,15.30468,5900
2026-05-07,300655,SELL,14.922827235,5600
2026-05-07,300991,SELL,49.430519999999994,2300
2026-05-07,002785,SELL,53.566379999999995,2500
2026-05-07,000751,SELL,6.3214360362,24300
2026-05-07,603118,SELL,15.27520409541,7100
2026-05-07,002466,SELL,78.98094,1700
2026-05-07,301095,SELL,92.27991603167999,1200
2026-05-07,603322,SELL,36.063900000000004,2000
2026-05-07,300569,SELL,6.280971501240001,13900
2026-05-07,600115,SELL,4.52547,19600
2026-05-07,600105,SELL,47.4644096784,6200
2026-05-07,300410,SELL,10.349639999999999,9900
2026-05-07,002549,SELL,19.81218862935,31100
2026-05-07,688162,SELL,32.7865102704,2700
2026-05-07,001267,SELL,56.604568170600004,7600
2026-05-07,603103,SELL,21.25872,5900
2026-05-07,600375,SELL,5.2947,12600
2026-05-07,002052,SELL,11.218770000000001,35200
2026-05-07,600478,SELL,7.55244,12500
2026-05-07,300199,SELL,20.95902,4300
2026-05-07,603893,SELL,180.87894,300
2026-05-07,600962,SELL,22.637340000000002,4200
2026-05-07,603083,SELL,183.60660727233,900
2026-05-07,688109,SELL,96.04069002315,700
2026-05-07,300585,SELL,21.74823,4400
2026-05-07,600869,SELL,19.54196466381,12100
2026-05-07,002388,SELL,5.55444,16100
2026-05-07,002527,SELL,13.50648,5200
2026-05-07,688151,BUY,20.49359557245,5500
2026-05-07,002686,BUY,7.6388909396799995,15000
2026-05-07,688072,BUY,467.34649793831994,200
2026-05-07,603256,BUY,135.084864915,800
2026-05-07,600527,BUY,3.2108178602499997,35700
2026-05-07,003032,BUY,6.61661,17300
2026-05-07,301571,BUY,68.42804032063998,1600
2026-05-07,002812,BUY,87.08699999999999,1300
2026-05-07,002693,BUY,8.708699999999999,13100
2026-05-07,600316,BUY,36.868929076979995,3100
2026-05-07,000595,BUY,6.486479999999999,17600
2026-05-07,002309,BUY,4.72472,24200
2026-05-07,688063,BUY,80.21769205449998,1400
2026-05-07,301369,BUY,118.23033098876998,900
2026-05-07,002848,BUY,15.175159999999998,7500
2026-05-07,603618,BUY,32.65261999999999,3500
2026-05-07,601869,BUY,380.49010999999996,300
2026-05-07,603701,BUY,24.2869135509,4700
2026-05-07,000973,BUY,21.27662160624,5300
2026-05-07,300438,BUY,87.08978474195999,1300
2026-05-07,002800,BUY,17.18717,6600
2026-05-07,002151,BUY,42.532489999999996,2600
2026-05-07,603929,BUY,205.21577716639996,500
2026-05-07,600498,BUY,49.77220631383,2300
2026-05-07,300980,BUY,32.517385300399994,3500
2026-05-07,002289,BUY,40.35031,2800
2026-05-07,603991,BUY,118.61849999999998,900
2026-05-07,300291,BUY,6.53653,17500
2026-05-07,600345,BUY,50.94226137,2200
2026-05-07,300057,BUY,9.698679490499998,11800
2026-05-07,300651,BUY,33.7019608926,3400
2026-05-07,301349,BUY,43.479569733599995,2600
2026-05-07,300050,BUY,7.277269999999999,15700
2026-05-07,603738,BUY,42.00349231077999,2700
2026-05-07,688195,BUY,241.54964833999995,400
2026-05-07,002366,BUY,7.607599999999999,15000
2026-05-07,002240,BUY,61.871809999999996,1800
2026-05-07,301511,BUY,89.02668326551999,1200
2026-05-07,002213,BUY,38.87884,2900
2026-05-07,301025,BUY,11.488780853549999,9900
2026-05-07,301150,BUY,53.107502448,2100
2026-05-07,301200,BUY,185.46045108591,600
2026-05-07,000762,BUY,39.169129999999996,2900
2026-05-07,300265,BUY,19.01300660259,6000
2026-05-07,600110,BUY,11.421409999999998,10000
2026-05-07,000593,BUY,27.137109999999996,4200
2026-05-07,300383,BUY,17.20322972368,6600
2026-05-07,300313,BUY,8.72872,13100
2026-05-07,002628,BUY,5.605599999999999,20400
2026-05-07,301377,BUY,237.23699999999997,400
2026-05-07,603061,BUY,258.258,400
2026-05-07,300620,BUY,247.49117657263997,400
2026-05-07,002923,BUY,13.213199999999997,8600
2026-05-07,300497,BUY,19.909889999999997,5700
2026-05-07,688700,BUY,63.56733796413,1800
2026-05-07,600651,BUY,6.906899999999999,16500
2026-05-07,301128,BUY,135.6310971015,800
2026-05-07,603826,BUY,25.4627078706,4500
2026-05-07,300860,BUY,24.721936539299996,4600
2026-05-07,601999,BUY,7.277269999999999,15700
2026-05-07,688519,BUY,187.86920952799997,600
2026-05-07,002192,BUY,111.02018597669999,1000
2026-05-07,301265,BUY,26.817001421209994,4200
2026-05-07,301189,BUY,61.76524269915999,1800
2026-05-07,000908,BUY,7.057049999999999,16200
2026-05-07,000815,BUY,21.421399999999995,5300
2026-05-07,603829,BUY,28.690403641899994,3900
2026-05-07,300720,BUY,61.57466599283999,1800
2026-05-07,688353,BUY,113.41329999999998,1000
2026-05-07,000722,BUY,14.464449999999998,7900
2026-05-07,600032,BUY,10.43520596118,10900
2026-05-07,688331,BUY,129.129,800
2026-05-07,600692,BUY,8.08808,14100
2026-05-07,603615,BUY,20.867639352559998,5400
2026-05-07,002183,BUY,5.98598,19100
2026-05-07,301232,BUY,159.97325753408998,700
2026-05-07,603268,BUY,151.15099999999998,700
2026-05-07,301201,BUY,41.19927856043999,2700
2026-05-07,605299,BUY,25.905879999999996,4400
2026-05-07,688549,BUY,12.362349999999998,9200
