date,close,benchmark
2005-01-04,982.794,1.0
2005-01-05,992.564,1.0099410456311293
2005-01-06,983.174,1.0003866527471679
2005-01-07,983.958,1.0011843784150087
2005-01-10,993.879,1.0112790676377756
2005-01-11,997.135,1.0145920711766656
2005-01-12,996.748,1.0141982958788922
2005-01-13,996.877,1.0143295543114834
2005-01-14,988.306,1.0056084998483914
2005-01-17,967.452,0.984389404086716
2005-01-18,974.689,0.9917531039058032
2005-01-19,967.21,0.984143167337204
2005-01-20,956.245,0.9729862005669551
2005-01-21,982.604,0.9998066736264162
2005-01-24,998.133,1.0156075433915959
2005-01-25,997.775,1.0152432758034746
2005-01-26,989.928,1.0072588965744602
2005-01-27,974.631,0.9916940884864986
2005-01-28,969.209,0.9861771642887522
2005-01-31,954.879,0.9715962856916098
2005-02-01,955.951,0.9726870534415147
2005-02-02,1006.913,1.02454125686563
2005-02-03,993.215,1.0106034428374615
2005-02-04,1016.858,1.0346603662619023
2005-02-16,1023.584,1.0415041198867718
2005-02-17,1020.606,1.0384739833576517
2005-02-18,1006.055,1.0236682356628144
2005-02-21,1025.633,1.0435889921997896
2005-02-22,1046.744,1.0650695873194178
2005-02-23,1043.944,1.062220567077129
2005-02-24,1045.46,1.0637631080368826
2005-02-25,1046.761,1.0650868849423174
2005-02-28,1039.989,1.058196325984896
2005-03-01,1035.934,1.0540703341697242
2005-03-02,1021.32,1.0392004835194355
2005-03-03,1027.71,1.0457023547152302
2005-03-04,1023.667,1.041588572986811
2005-03-07,1029.871,1.0479011878379396
2005-03-08,1048.987,1.0673518560349373
2005-03-09,1046.544,1.0648660858735401
2005-03-10,1022.413,1.0403126189211576
2005-03-11,1027.429,1.045416435183772
2005-03-14,1031.026,1.0490764086878839
2005-03-15,1013.523,1.0312669796518905
2005-03-16,1003.065,1.0206258890469417
2005-03-17,992.863,1.0102452802927167
2005-03-18,978.665,0.9957987126498533
2005-03-21,981.893,0.9990832259863207
2005-03-22,964.024,0.980901389304371
2005-03-23,959.01,0.9757996080562152
2005-03-24,964.801,0.9816919924216062
2005-03-25,962.955,0.9798136740761544
2005-03-28,960.696,0.9775151252449649
2005-03-29,955.19,0.9719127304399499
2005-03-30,937.034,0.9534388691831656
2005-03-31,942.203,0.9586983640518766
2005-04-01,978.145,0.9952696088905711
2005-04-04,962.168,0.9790128958866253
2005-04-05,955.598,0.9723278733895404
2005-04-06,973.668,0.9907142290245973
2005-04-07,984.733,1.001972946517785
2005-04-08,1003.445,1.0210125417941096
2005-04-11,995.421,1.0128480637854933
2005-04-12,978.697,0.9958312728811939
2005-04-13,1000.9,1.0184229858953149
2005-04-14,986.975,1.0042541977260748
2005-04-15,974.082,0.9911354770175642
2005-04-18,963.772,0.9806449774825651
2005-04-19,965.886,0.982795987765493
2005-04-20,950.867,0.9675140466873017
2005-04-21,943.981,0.96050749190573
2005-04-22,939.101,0.9555420566263123
2005-04-25,930.07,0.9463529488377016
2005-04-26,937.083,0.9534887270374056
2005-04-27,926.604,0.9428262687806398
2005-04-28,942.073,0.958566088112056
2005-04-29,932.395,0.9487186531460307
2005-05-09,909.174,0.9250911177723917
2005-05-10,913.076,0.9290614309814672
2005-05-11,901.851,0.9176399123315772
2005-05-12,885.82,0.9013282539372443
2005-05-13,887.543,0.9030814188934813
2005-05-16,875.271,0.890594570174421
2005-05-17,881.462,0.8968939574315675
2005-05-18,883.196,0.8986583149673278
2005-05-19,884.171,0.899650384515982
2005-05-20,882.763,0.8982177343370025
2005-05-23,863.341,0.878455708927812
2005-05-24,868.456,0.883660258406136
2005-05-25,868.451,0.883655170869989
2005-05-26,857.331,0.8723404904791849
2005-05-27,849.508,0.8643805314236758
2005-05-30,855.612,0.8705913955518654
2005-05-31,855.946,0.8709312429664813
2005-06-01,837.532,0.8521948648445148
2005-06-02,818.379,0.8327065488800298
2005-06-03,818.033,0.8323544913786612
2005-06-06,838.997,0.8536855129355694
2005-06-07,837.282,0.8519404880371676
2005-06-08,905.773,0.9216305756852403
2005-06-09,912.604,0.9285811675691956
2005-06-10,894.556,0.9102171970931854
2005-06-13,892.959,0.9085922380478513
2005-06-14,883.537,0.8990052849325495
2005-06-15,866.834,0.8820098616800672
2005-06-16,879.237,0.8946300038461773
2005-06-17,880.345,0.8957574018563402
2005-06-20,906.255,0.9221210141698057
2005-06-21,896.166,0.9118553837325015
2005-06-22,900.646,0.9164138161201635
2005-06-23,893.572,0.9092159699794667
2005-06-24,898.301,0.9140277616672468
2005-06-27,916.043,0.9320803749310639
2005-06-28,903.716,0.9195375633143874
2005-06-29,898.898,0.9146352134831919
2005-06-30,878.686,0.8940693573627841
2005-07-01,859.494,0.874541358616353
2005-07-04,855.932,0.8709169978652699
2005-07-05,849.679,0.8645545251599013
2005-07-06,842.556,0.8573068211649645
2005-07-07,844.729,0.8595178643744265
2005-07-08,829.489,0.8440110541985402
2005-07-11,824.097,0.8385246552176753
2005-07-12,851.816,0.8667289381091053
2005-07-13,846.231,0.8610461602329684
2005-07-14,849.59,0.8644639670164856
2005-07-15,841.001,0.8557245974232647
2005-07-18,832.995,0.8475784345447774
2005-07-19,835.608,0.8502371809351705
2005-07-20,842.641,0.8573933092794624
2005-07-21,843.987,0.8587628740102198
2005-07-22,859.693,0.8747438425550014
2005-07-25,856.86,0.8718612445741427
2005-07-26,876.48,0.8918247364147522
2005-07-27,894.012,0.9096636731603978
2005-07-28,890.885,0.9064819280540989
2005-07-29,888.164,0.9037132908829317
2005-08-01,891.607,0.9072165682737175
2005-08-02,903.598,0.9194174974613194
2005-08-03,909.57,0.9254940506352298
2005-08-04,904.15,0.9199791614519421
2005-08-05,923.803,0.9399762310311215
2005-08-08,927.471,0.9437084475485199
2005-08-09,933.089,0.9494248031632265
2005-08-10,940.37,0.9568332733004068
2005-08-11,953.992,0.9706937567791419
2005-08-12,938.316,0.9547433134512421
2005-08-15,954.502,0.9712126854661302
2005-08-16,945.058,0.9616033471917818
2005-08-17,953.012,0.9696965996943407
2005-08-18,920.671,0.9367893983886756
2005-08-19,923.038,0.939197838000639
2005-08-22,931.673,0.9479840129264119
2005-08-23,923.414,0.9395804207188893
2005-08-24,930.651,0.9469441205379764
2005-08-25,930.118,0.9464017891847122
2005-08-26,928.258,0.944509225738049
2005-08-29,917.371,0.9334316245316923
2005-08-30,914.88,0.9308970140232846
2005-08-31,927.916,0.944161238265598
2005-09-01,944.559,0.9610956110843167
2005-09-02,947.871,0.9644655950280526
2005-09-05,952.717,0.9693964350616712
2005-09-06,936.61,0.9530074461179047
2005-09-07,952.758,0.9694381528580761
2005-09-08,955.282,0.9720063411050536
2005-09-09,949.065,0.9656804986599431
2005-09-12,949.506,0.9661292193481035
2005-09-13,963.774,0.9806470124970238
2005-09-14,970.193,0.9871783914024709
2005-09-15,969.598,0.9865729746009845
2005-09-16,967.495,0.9844331568975798
2005-09-19,971.136,0.9881379007197846
2005-09-20,961.919,0.9787595365865075
2005-09-21,944.408,0.960941967492679
2005-09-22,923.274,0.9394379697067747
2005-09-23,916.154,0.932193318233526
2005-09-26,918.485,0.9345651275852315
2005-09-27,904.214,0.9200442819146231
2005-09-28,903.719,0.9195406158360756
2005-09-29,915.975,0.9320111844394655
2005-09-30,917.392,0.9334529921835095
2005-10-10,907.321,0.9232056768763343
2005-10-11,919.72,0.9358217490135268
2005-10-12,923.485,0.9396526637321758
2005-10-13,916.499,0.9325443582276652
2005-10-14,904.828,0.9206690313534678
2005-10-17,897.623,0.9133378917657211
2005-10-18,902.366,0.9181639285547124
2005-10-19,898.744,0.914478517369866
2005-10-20,899.915,0.9156700183354802
2005-10-21,904.414,0.9202477833605007
2005-10-24,906.652,0.9225249645398731
2005-10-25,894.272,0.909928225040039
2005-10-26,875.82,0.8911531816433557
2005-10-27,875.849,0.8911826893530079
2005-10-28,867.729,0.8829205306503703
2005-10-31,876.282,0.8916232699833333
2005-11-01,872.865,0.8881464477805115
2005-11-02,882.478,0.8979277447766266
2005-11-03,874.575,0.8898863851427665
2005-11-04,878.361,0.8937386675132327
2005-11-07,877.278,0.8926367071838046
2005-11-08,881.524,0.8969570428797897
2005-11-09,879.252,0.8946452664546182
2005-11-10,862.968,0.8780761787312499
2005-11-11,864.79,0.8799300769031964
2005-11-14,862.149,0.8772428403103805
2005-11-15,856.635,0.8716323054475302
2005-11-16,863.119,0.8782298223228876
2005-11-17,862.658,0.8777607514901393
2005-11-18,882.241,0.8976865955632615
2005-11-21,883.871,0.8993451323471653
2005-11-22,869.617,0.8848415842994565
2005-11-23,876.229,0.8915693421001757
2005-11-24,881.493,0.8969255001556786
2005-11-25,884.105,0.8995832290388424
2005-11-28,880.167,0.895576285569509
2005-11-29,871.31,0.8865642240388117
2005-11-30,873.825,0.8891232547207248
2005-12-01,873.067,0.888351984240848
2005-12-02,869.936,0.8851661691056315
2005-12-05,859.61,0.8746593894549621
2005-12-06,866.075,0.8812375736929612
2005-12-07,873.838,0.8891364823147069
2005-12-08,874.056,0.8893582988907137
2005-12-09,887.358,0.9028931800560442
2005-12-12,888.518,0.9040734884421354
2005-12-13,889.101,0.9046666951568691
2005-12-14,898.153,0.9138771705972971
2005-12-15,896.434,0.9121280756699777
2005-12-16,902.561,0.9183623424644433
2005-12-19,902.91,0.9187174524874999
2005-12-20,907.318,0.9232026243546461
2005-12-21,903.144,0.918955549179177
2005-12-22,908.754,0.9246637647360485
2005-12-23,915.89,0.9319246963249674
2005-12-26,922.378,0.9385262832292424
2005-12-27,919.36,0.9354554464109468
2005-12-28,920.919,0.9370417401815639
2005-12-29,932.031,0.948348280514533
2005-12-30,923.451,0.9396180684863766
2006-01-04,941.428,0.9579097959491002
2006-01-05,959.134,0.9759257789526595
2006-01-06,970.032,0.9870145727385393
2006-01-09,975.253,0.9923269779831786
2006-01-10,978.154,0.9952787664556357
2006-01-11,973.477,0.990519885143784
2006-01-12,983.716,1.0009381416654966
2006-01-13,978.809,0.9959452336908854
2006-01-16,961.439,0.9782711331164008
2006-01-17,964.29,0.9811720462273884
2006-01-18,983.622,1.0008424959859339
2006-01-19,991.222,1.0085755509292893
2006-01-20,993.34,1.010730631241135
2006-01-23,996.162,1.0136020366424705
2006-01-24,999.093,1.016584350331809
2006-01-25,1009.597,1.0272722462693098
2006-02-06,1033.234,1.0513230646503742
2006-02-07,1029.937,1.0479683433150793
2006-02-08,1033.072,1.0511582284792131
2006-02-09,1019.599,1.0374493535776572
2006-02-10,1032.337,1.0504103606656126
2006-02-13,1031.614,1.0496747029387645
2006-02-14,1038.531,1.056712800444447
2006-02-15,1041.66,1.059896580565205
2006-02-16,1020.121,1.0379804923513982
2006-02-17,1020.368,1.0382318166370572
2006-02-20,1021.639,1.0395250683256105
2006-02-21,1038.816,1.0570027900048231
2006-02-22,1037.885,1.0560554907742619
2006-02-23,1041.373,1.0596045559903704
2006-02-24,1049.444,1.0678168568387678
2006-02-27,1047.845,1.066189862778975
2006-02-28,1053.01,1.0714452876187686
2006-03-01,1056.619,1.075117471209633
2006-03-02,1038.666,1.0568501639204146
2006-03-03,1041.677,1.0599138781881043
2006-03-06,1038.873,1.0570607879168983
2006-03-07,1014.973,1.0327423651345042
2006-03-08,1009.271,1.026940538912529
2006-03-09,1004.344,1.0219272807933302
2006-03-10,1008.897,1.0265599912087375
2006-03-13,1019.864,1.0377189929934452
2006-03-14,1018.272,1.0360991214842583
2006-03-15,1028.958,1.0469722037375078
2006-03-16,1027.616,1.0456067090356678
2006-03-17,1024.015,1.0419426655026385
2006-03-20,1037.659,1.0558255341404201
2006-03-21,1040.757,1.058977771537067
2006-03-22,1047.666,1.0660077289849144
2006-03-23,1048.537,1.0668939777817121
2006-03-24,1042.601,1.06085405486806
2006-03-27,1050.707,1.069101968469486
2006-03-28,1055.982,1.0744693191045123
2006-03-29,1065.294,1.0839443464245815
2006-03-30,1055.634,1.0741152265886849
2006-03-31,1061.088,1.0796647110177717
2006-04-03,1079.322,1.0982179378384482
2006-04-04,1089.371,1.1084428679865772
2006-04-05,1099.97,1.1192274271108698
2006-04-06,1103.237,1.1225516232292831
2006-04-07,1103.154,1.1224671701292437
2006-04-10,1117.91,1.137481506806106
2006-04-11,1123.308,1.142974010830347
2006-04-12,1117.073,1.1366298532551076
2006-04-13,1093.925,1.113076595909214
2006-04-14,1118.607,1.13819070934499
2006-04-17,1124.414,1.144099373826051
2006-04-18,1131.281,1.1510865959702643
2006-04-19,1138.241,1.158168446286811
2006-04-20,1134.381,1.1542408683813699
2006-04-21,1149.158,1.169276572710049
2006-04-24,1142.698,1.1627034760081971
2006-04-25,1141.93,1.1619220304560265
2006-04-26,1155.726,1.1759595601926753
2006-04-27,1155.268,1.175493541881615
2006-04-28,1172.347,1.1928715478523475
2006-05-08,1218.445,1.2397765961127154
2006-05-09,1251.611,1.2735232408826267
2006-05-10,1265.933,1.2880959794219338
2006-05-11,1255.035,1.277007185636054
2006-05-12,1296.257,1.318950868645922
2006-05-15,1352.155,1.3758274877543004
2006-05-16,1331.127,1.3544313457347115
2006-05-17,1335.523,1.3589043075151048
2006-05-18,1331.201,1.3545066412696862
2006-05-19,1366.097,1.39001357354644
2006-05-22,1373.674,1.3977232258235195
2006-05-23,1317.654,1.3407224708331553
2006-05-24,1308.242,1.3311456927901473
2006-05-25,1307.697,1.3305911513501303
2006-05-26,1331.02,1.3543224724611669
2006-05-29,1366.292,1.390211987456171
2006-05-30,1378.756,1.4028941975632738
2006-05-31,1365.451,1.3893562638762549
2006-06-01,1402.879,1.4274395244578213
2006-06-02,1390.116,1.4144530796891313
2006-06-05,1403.163,1.4277284965109678
2006-06-06,1399.142,1.4236370999415953
2006-06-07,1320.233,1.343346621977749
2006-06-08,1325.979,1.3491932185178177
2006-06-09,1294.185,1.316842593666628
2006-06-12,1297.67,1.3203886063610484
2006-06-13,1298.276,1.321005215742058
2006-06-14,1283.88,1.306357181667776
2006-06-15,1285.385,1.307888530048006
2006-06-16,1318.01,1.3410847034068176
2006-06-19,1334.893,1.3582632779605899
2006-06-20,1338.223,1.3616515770344548
2006-06-21,1333.532,1.3568784506213916
2006-06-22,1331.553,1.3548648038144313
2006-06-23,1339.446,1.3628959883759972
2006-06-26,1363.413,1.3872825841427603
2006-06-27,1363.896,1.387774040134555
2006-06-28,1362.885,1.3867453403256431
2006-06-29,1395.124,1.4195487558939106
2006-06-30,1393.963,1.4183674300005902
2006-07-03,1420.328,1.4451940081034276
2006-07-04,1411.013,1.4357159282616703
2006-07-05,1393.009,1.4173967281037532
2006-07-06,1418.675,1.4435120686532477
2006-07-07,1410.429,1.4351217040397073
2006-07-10,1412.124,1.4368463787935213
2006-07-11,1418.575,1.443410317930309
2006-07-12,1419.199,1.4440452424414476
2006-07-13,1346.088,1.3696542713935982
2006-07-14,1357.129,1.3808885687132806
2006-07-17,1372.254,1.3962783655577873
2006-07-18,1373.416,1.397460708958337
2006-07-19,1336.644,1.36004493311925
2006-07-20,1345.194,1.3687446199305247
2006-07-21,1356.033,1.3797733807898704
2006-07-24,1358.122,1.381898953392064
2006-07-25,1374.17,1.3982279094092964
2006-07-26,1371.295,1.3953025761248035
2006-07-27,1355.545,1.3792768372619288
2006-07-28,1341.393,1.3648770749516175
2006-07-31,1294.328,1.3169880972004306
2006-08-01,1282.057,1.3045022659885999
2006-08-02,1275.088,1.2974112581069888
2006-08-03,1271.744,1.2940087139319125
2006-08-04,1241.908,1.2636503682358662
2006-08-07,1224.102,1.2455326345093682
2006-08-08,1252.386,1.2743118089854029
2006-08-09,1251.298,1.2732047611198278
2006-08-10,1271.473,1.2937329694727482
2006-08-11,1275.654,1.297987167198823
2006-08-14,1245.721,1.2675301233015261
2006-08-15,1265.863,1.2880247539158767
2006-08-16,1283.567,1.306038701904977
2006-08-17,1271.627,1.2938896655860739
2006-08-18,1267.866,1.2900628208963425
2006-08-21,1270.562,1.2928060203867748
2006-08-22,1285.268,1.3077694817021674
2006-08-23,1285.68,1.3081886946806758
2006-08-24,1292.401,1.3150273607693983
2006-08-25,1295.437,1.3181165127178227
2006-08-28,1325.894,1.3491067304033195
2006-08-29,1330.155,1.3534423287077455
2006-08-30,1334.671,1.3580373913556656
2006-08-31,1338.694,1.362130822939497
2006-09-01,1318.099,1.3411752615502333
2006-09-04,1337.243,1.3606544199496537
2006-09-05,1340.682,1.364153627311522
2006-09-06,1346.367,1.3699381559105976
2006-09-07,1328.377,1.351633200853892
2006-09-08,1332.153,1.3554753081520645
2006-09-11,1338.755,1.36219289088049
2006-09-12,1347.639,1.3712324251063803
2006-09-13,1338.386,1.3618174307128452
2006-09-14,1338.278,1.3617075399320713
2006-09-15,1362.322,1.386172483755497
2006-09-18,1375.563,1.3996452969798352
2006-09-19,1378.309,1.402439371831737
2006-09-20,1378.459,1.4025919979161452
2006-09-21,1387.37,1.4116590048372293
2006-09-22,1374.852,1.3989218493397397
2006-09-25,1372.399,1.3964259041060485
2006-09-26,1357.646,1.3814146199508748
2006-09-27,1371.117,1.3951214598379722
2006-09-28,1387.002,1.4112845621768142
2006-09-29,1403.265,1.4278322822483656
2006-10-09,1436.074,1.4612156769373847
2006-10-10,1437.245,1.462407177902999
2006-10-11,1435.906,1.4610447357228473
2006-10-12,1426.5,1.4514740627232157
2006-10-13,1430.882,1.4559327794023977
2006-10-16,1418.517,1.4433513025110045
2006-10-17,1414.448,1.439211065594621
2006-10-18,1437.593,1.4627612704188264
2006-10-19,1439.377,1.464576503316056
2006-10-20,1440.182,1.4653955966357142
2006-10-23,1408.715,1.4333776966485345
2006-10-24,1440.054,1.4652653557103525
2006-10-25,1446.825,1.4721548971605445
2006-10-26,1456.095,1.4815871891769792
2006-10-27,1439.05,1.464243778452046
2006-10-30,1446.239,1.4715586379241226
2006-10-31,1464.473,1.490111864744799
2006-11-01,1479.409,1.5053093527229513
2006-11-02,1479.656,1.50556067700861
2006-11-03,1488.291,1.514346851934383
2006-11-06,1507.891,1.5342899936304049
2006-11-07,1516.104,1.5426467805053756
2006-11-08,1498.173,1.5244018583752037
2006-11-09,1524.714,1.5514075177504136
2006-11-10,1504.062,1.5303939584490747
2006-11-13,1475.779,1.5016158014802696
2006-11-14,1493.776,1.519927879087581
2006-11-15,1534.762,1.5616314303913128
2006-11-16,1533.288,1.5601316247351937
2006-11-17,1562.084,1.5894317629126755
2006-11-20,1593.158,1.621049782558705
2006-11-21,1612.249,1.640475013074968
2006-11-22,1624.028,1.6524602307299394
2006-11-23,1634.914,1.6635368144290665
2006-11-24,1636.58,1.6652319814732284
2006-11-27,1651.801,1.6807194590117562
2006-11-28,1644.014,1.672796130216505
2006-11-29,1667.142,1.696329037417811
2006-11-30,1714.358,1.7443716587606355
2006-12-01,1729.224,1.7594979212327304
2006-12-04,1780.736,1.8119117536330096
2006-12-05,1794.231,1.8256430136936124
2006-12-06,1779.411,1.8105635565540694
2006-12-07,1775.714,1.8068018323270187
2006-12-08,1711.584,1.741549093706311
2006-12-11,1789.924,1.8212606100566344
2006-12-12,1802.788,1.8343498230554929
2006-12-13,1803.856,1.8354365207764802
2006-12-14,1836.143,1.8682887766917584
2006-12-15,1867.636,1.900333131866902
2006-12-18,1916.108,1.949653742289839
2006-12-19,1921.444,1.9550831608658579
2006-12-20,1936.547,1.970450572551318
2006-12-21,1908.985,1.942406038294902
2006-12-22,1895.644,1.9288314743476254
2006-12-25,1939.104,1.9730523385368655
2006-12-26,1938.238,1.9721711772762147
2006-12-27,1982.877,2.017591682488904
2006-12-28,1979.933,2.0145961412055833
2006-12-29,2041.047,2.0767800780224546
2007-01-04,2067.092,2.1032810538118873
2007-01-05,2072.883,2.109173438177278
2007-01-08,2131.556,2.1688736398472113
2007-01-09,2200.086,2.23860341027723
2007-01-10,2255.966,2.2954617142554796
2007-01-11,2231.629,2.2706986408138428
2007-01-12,2173.747,2.2118032873623568
2007-01-15,2287.342,2.327387021084785
2007-01-16,2353.874,2.3950838120704847
2007-01-17,2308.931,2.3493539846600613
2007-01-18,2317.095,2.3576609136807916
2007-01-19,2396.093,2.438041949788053
2007-01-22,2491.313,2.5349289881704613
2007-01-23,2508.13,2.5520404072470937
2007-01-24,2536.428,2.5808338268243394
2007-01-25,2452.831,2.495773274969119
2007-01-26,2512.922,2.556916301890325
2007-01-29,2576.917,2.622031677035065
2007-01-30,2551.884,2.596560418561774
2007-01-31,2385.335,2.4270956070142877
2007-02-01,2395.172,2.437104825629786
2007-02-02,2298.003,2.3382346656573
2007-02-05,2271.797,2.3115698712039348
2007-02-06,2316.04,2.3565874435537864
2007-02-07,2369.787,2.4112754046117497
2007-02-08,2410.601,2.452803944672027
2007-02-09,2397.245,2.439214118116309
2007-02-12,2485.392,2.5289043278652494
2007-02-13,2522.63,2.5667942620732322
2007-02-14,2588.349,2.633663819681439
2007-02-15,2668.633,2.7153533700856944
2007-02-16,2676.735,2.7235972136582034
2007-02-26,2707.676,2.7550799048427237
2007-02-27,2457.492,2.5005158761653004
2007-02-28,2544.571,2.5891193881932533
2007-03-01,2473.544,2.51684890221145
2007-03-02,2508.729,2.552649894077497
2007-03-05,2475.606,2.51894700211845
2007-03-06,2520.293,2.5644163476781503
2007-03-07,2589.436,2.6347698500397847
2007-03-08,2627.63,2.673632521159063
2007-03-09,2611.393,2.657111256275476
2007-03-12,2616.172,2.6619739233247253
2007-03-13,2640.169,2.68639104430837
2007-03-14,2597.357,2.6428295248037736
2007-03-15,2645.546,2.6918621806807934
2007-03-16,2604.226,2.649818781962446
2007-03-19,2659.413,2.7059719534307294
2007-03-20,2672.771,2.719563815000906
2007-03-21,2702.597,2.7499119856246583
2007-03-22,2711.322,2.758789736201076
2007-03-23,2716.266,2.7638202919431745
2007-03-26,2764.034,2.8124245772766217
2007-03-27,2784.023,2.832763529284876
2007-03-28,2797.649,2.8466280827925283
2007-03-29,2783.305,2.832032959094174
2007-03-30,2781.784,2.830485330598274
2007-04-02,2850.107,2.900004477031809
2007-04-03,2888.115,2.938677891806421
2007-04-04,2911.821,2.9627989181863135
2007-04-05,2945.045,2.9966045783755293
2007-04-06,2972.008,3.0240396258015414
2007-04-09,3038.172,3.0913619741268263
2007-04-10,3081.568,3.1355177178533857
2007-04-11,3121.319,3.175964647728822
2007-04-12,3176.437,3.2320476111982774
2007-04-13,3169.233,3.2247174891177606
2007-04-16,3255.998,3.313001503875685
2007-04-17,3283.604,3.341090808450194
2007-04-18,3304.501,3.3623536570227333
2007-04-19,3150.303,3.205456077265429
2007-04-20,3289.282,3.3468682144986643
2007-04-23,3431.318,3.491390871332141
2007-04-24,3445.196,3.5055118366615994
2007-04-25,3448.281,3.5086508464642643
2007-04-26,3493.581,3.55474392395558
2007-04-27,3470.523,3.5312822422603314
2007-04-30,3558.709,3.6210121347912176
2007-05-08,3686.03,3.7505621727442375
2007-05-09,3701.277,3.7660761054707295
2007-05-10,3724.51,3.7897158509311213
2007-05-11,3702.612,3.7674344776219635
2007-05-14,3734.42,3.7997993475743645
2007-05-15,3604.636,3.66774318931536
2007-05-16,3700.287,3.7650687733136343
2007-05-17,3778.605,3.8447579045049114
2007-05-18,3776.629,3.842747310219639
2007-05-21,3831.443,3.898520951491361
2007-05-22,3870.489,3.938250538770078
2007-05-23,3938.945,4.007905013665122
2007-05-24,3919.748,3.988371927382544
2007-05-25,3985.252,4.0550227209364325
2007-05-28,4072.578,4.143877557250044
2007-05-29,4168.289,4.241264191682082
2007-05-30,3886.459,3.954500129223418
2007-05-31,3927.952,3.9967195566924505
2007-06-01,3803.954,3.8705506952626902
2007-06-04,3511.431,3.572906428000171
2007-06-05,3634.633,3.6982653536753376
2007-06-06,3677.58,3.7419642366559014
2007-06-07,3802.304,3.868871808334198
2007-06-08,3837.867,3.9050574179329547
2007-06-11,3931.862,4.000698009959361
2007-06-12,4036.109,4.106770086101462
2007-06-13,4118.268,4.190367462560822
2007-06-14,4075.821,4.147177333194953
2007-06-15,4099.381,4.171149803519355
2007-06-18,4227.569,4.301582020240255
2007-06-19,4253.0,4.327458246590842
2007-06-20,4157.599,4.230387039399915
2007-06-21,4197.28,4.2707627437692945
2007-06-22,4051.426,4.122355244334011
2007-06-25,3877.59,3.9454758576059685
2007-06-26,3928.213,3.996985126079321
2007-06-27,4040.484,4.111221680230038
2007-06-28,3858.522,3.9260740297559815
2007-06-29,3764.078,3.8299765769835794
2007-07-02,3757.655,3.823441128049215
2007-07-03,3832.227,3.899318677159201
2007-07-04,3743.582,3.8091217488100253
2007-07-05,3537.435,3.599365685993199
2007-07-06,3710.283,3.7752397755786054
2007-07-09,3821.302,3.888202410678128
2007-07-10,3775.621,3.8417216629324153
2007-07-11,3789.874,3.8562241934728947
2007-07-12,3816.921,3.883744711506175
2007-07-13,3820.124,3.8870037871619076
2007-07-16,3697.966,3.7627071390342226
2007-07-17,3789.651,3.8559972893607406
2007-07-18,3807.574,3.8742340714330776
2007-07-19,3806.997,3.87364696976172
2007-07-20,3971.884,4.041420684293962
2007-07-23,4156.723,4.22949570306697
2007-07-24,4161.352,4.2342057440318115
2007-07-25,4255.463,4.329964366896826
2007-07-26,4303.185,4.378521846897723
2007-07-27,4307.143,4.382549140511643
2007-07-30,4410.297,4.487509081252022
2007-07-31,4460.564,4.538656117151713
2007-08-01,4290.477,4.365591365026648
2007-08-02,4436.192,4.513857430957047
2007-08-03,4598.379,4.678883875969939
2007-08-06,4703.984,4.78633772692955
2007-08-07,4724.547,4.807260728087472
2007-08-08,4668.087,4.749812269916179
2007-08-09,4777.286,4.860923041858213
2007-08-10,4726.683,4.8094341235294475
2007-08-13,4721.192,4.803846991332874
2007-08-14,4795.568,4.8795251090258995
2007-08-15,4798.75,4.882762817029815
2007-08-16,4721.942,4.804610121754915
2007-08-17,4626.583,4.707581649867622
2007-08-20,4885.427,4.970957291151554
2007-08-21,4972.711,5.059769392161532
2007-08-22,5051.688,5.140129060616976
2007-08-23,5135.93,5.225845904635153
2007-08-24,5217.581,5.308926387421983
2007-08-27,5243.147,5.334939977248538
2007-08-28,5251.77,5.343713942087559
2007-08-29,5171.822,5.262366274112377
2007-08-30,5241.228,5.332987380875341
2007-08-31,5296.813,5.3895455202209215
2007-09-03,5419.169,5.514043634780025
2007-09-04,5360.333,5.454177579431701
2007-09-05,5363.251,5.457146665527059
2007-09-06,5412.037,5.506786773220024
2007-09-07,5294.795,5.387492190632015
2007-09-10,5377.222,5.47136225902885
2007-09-11,5124.092,5.213800654053647
2007-09-12,5202.856,5.293943593469232
2007-09-13,5349.97,5.443633152013545
2007-09-14,5397.278,5.491769384021474
2007-09-17,5498.908,5.595178643744264
2007-09-18,5476.839,5.572723276698881
2007-09-19,5419.268,5.514144367995735
2007-09-20,5494.915,5.591115737377314
2007-09-21,5468.098,5.563829246006793
2007-09-24,5513.895,5.610428024591116
2007-09-25,5454.615,5.550110196032943
2007-09-26,5361.021,5.454877624405521
2007-09-27,5427.657,5.522680236143078
2007-09-28,5580.813,5.678517573367359
2007-10-08,5653.136,5.75210674871845
2007-10-09,5675.927,5.775296755983451
2007-10-10,5685.759,5.785300887062803
2007-10-11,5760.078,5.860921006843754
2007-10-12,5737.221,5.837663844101612
2007-10-15,5821.447,5.923364408004119
2007-10-16,5877.202,5.9800955235786954
2007-10-17,5824.117,5.926081152306588
2007-10-18,5615.747,5.71406317091883
2007-10-19,5614.06,5.7123466362228505
2007-10-22,5472.677,5.568488411610164
2007-10-23,5540.09,5.637081626464957
2007-10-24,5588.014,5.685844642926188
2007-10-25,5333.792,5.427171920056493
2007-10-26,5394.807,5.489255123657654
2007-10-29,5508.357,5.604793069554759
2007-10-30,5596.068,5.694039646151686
2007-10-31,5688.543,5.788133627189421
2007-11-01,5605.232,5.703364082401806
2007-11-02,5472.93,5.5687458409392
2007-11-05,5360.305,5.454149089229279
2007-11-06,5317.549,5.410644550129529
2007-11-07,5350.629,5.444303689277712
2007-11-08,5093.669,5.182845031613949
2007-11-09,5040.525,5.1287706274153075
2007-11-12,4978.252,5.065407399719575
2007-11-13,4939.244,5.025716477715574
2007-11-14,5145.888,5.235978241625407
2007-11-15,5081.113,5.170069210841743
2007-11-16,5007.662,5.095332287335902
2007-11-19,4994.416,5.081854386575417
2007-11-20,5069.382,5.158132833533782
2007-11-21,4997.62,5.085114479738379
2007-11-22,4772.617,4.856172300604196
2007-11-23,4856.161,4.941178924576259
2007-11-26,4800.082,4.884118136659361
2007-11-27,4711.152,4.793631218749809
2007-11-28,4648.751,4.730137750128715
2007-11-29,4842.07,4.92684123020694
2007-11-30,4737.408,4.820346888564644
2007-12-03,4772.674,4.856230298516271
2007-12-04,4829.214,4.9137601572659175
2007-12-05,4965.947,5.052886973261945
2007-12-06,4971.055,5.058084400189664
2007-12-07,5041.35,5.129610070879554
2007-12-10,5133.562,5.22343644751596
2007-12-11,5140.0,5.229987159058765
2007-12-12,5077.39,5.1662810314267285
2007-12-13,4884.298,4.969808525489573
2007-12-14,4977.652,5.064796895381942
2007-12-17,4857.289,4.94232667273101
2007-12-18,4829.909,4.914467324790342
2007-12-19,4946.285,5.032880746117701
2007-12-20,5037.195,5.125382328341443
2007-12-21,5101.852,5.191171293272038
2007-12-24,5207.134,5.298296489396558
2007-12-25,5216.813,5.308144941869812
2007-12-26,5265.026,5.357202017920337
2007-12-27,5367.53,5.461500578961614
2007-12-28,5338.275,5.431733404965842
2008-01-02,5385.103,5.4793812335036645
2008-01-03,5422.034,5.516958792992224
2008-01-04,5483.65,5.579653518438248
2008-01-07,5556.593,5.6538735482715605
2008-01-08,5528.054,5.624834909452032
2008-01-09,5613.758,5.712039349039575
2008-01-10,5672.154,5.771457701206968
2008-01-11,5699.147,5.79892327384986
2008-01-14,5731.757,5.832104184600231
2008-01-15,5696.45,5.796179056852199
2008-01-16,5505.717,5.6021068504691724
2008-01-17,5365.624,5.4595612101823985
2008-01-18,5414.468,5.509260333294668
2008-01-21,5145.734,5.235821545512081
2008-01-22,4753.868,4.837095057560385
2008-01-23,4975.111,5.062211409512065
2008-01-24,5027.213,5.115225571177683
2008-01-25,5077.429,5.166320714208674
2008-01-28,4731.883,4.8147251611222694
2008-01-29,4762.083,4.845453879449813
2008-01-30,4710.652,4.793122465135115
2008-01-31,4620.401,4.70129142017554
2008-02-01,4571.945,4.651987089868273
2008-02-04,4950.124,5.036786956371325
2008-02-05,4921.829,5.007996589315767
2008-02-13,4816.084,4.900400287344041
2008-02-14,4880.252,4.965691691239467
2008-02-15,4813.311,4.897578739796946
2008-02-18,4910.992,4.996969863470881
2008-02-19,5020.753,5.108652474475831
2008-02-20,4908.717,4.99465503452402
2008-02-21,4876.03,4.961395775716986
2008-02-22,4702.241,4.784564211828725
2008-02-25,4519.783,4.598911877768892
2008-02-26,4515.533,4.594587472043989
2008-02-27,4639.768,4.720997482687115
2008-02-28,4622.056,4.702975394640179
2008-02-29,4674.55,4.756388419139718
2008-03-03,4790.744,4.874616654151327
2008-03-04,4671.148,4.752926859545338
2008-03-05,4628.724,4.709760132845744
2008-03-06,4685.03,4.767051894903713
2008-03-07,4621.685,4.702597899458076
2008-03-10,4431.589,4.50917384518017
2008-03-11,4441.184,4.518936827046156
2008-03-12,4309.648,4.385097996121263
2008-03-13,4198.96,4.2724721559146674
2008-03-14,4157.871,4.230663801366309
2008-03-17,3965.279,4.034700049043849
2008-03-18,3763.948,3.829844301043759
2008-03-19,3888.861,3.95694418158841
2008-03-20,4001.832,4.071892990799699
2008-03-21,4037.83,4.10852121604324
2008-03-24,3857.091,3.924617976910726
2008-03-25,3905.774,3.974153281359064
2008-03-26,3914.37,3.982899773502891
2008-03-27,3748.92,3.814553202400503
2008-03-28,3918.156,3.986752055873357
2008-03-31,3790.53,3.856891678215374
2008-04-01,3582.855,3.6455808643520413
2008-04-02,3547.977,3.6100922472054164
2008-04-03,3650.698,3.71461160731547
2008-04-07,3845.822,3.913151687942743
2008-04-08,3891.059,3.959180662478607
2008-04-09,3688.125,3.7526938503898073
2008-04-10,3754.715,3.820449656794812
2008-04-11,3783.728,3.849970594041071
2008-04-14,3536.327,3.5982382879830364
2008-04-15,3583.299,3.64603263756189
2008-04-16,3494.016,3.555186539600364
2008-04-17,3386.63,3.4459205082652113
2008-04-18,3272.499,3.3297913906678307
2008-04-21,3267.554,3.324759817418503
2008-04-22,3296.277,3.353985677568239
2008-04-23,3453.727,3.514192190835516
2008-04-24,3774.504,3.840585107357188
2008-04-25,3803.07,3.86965121887191
2008-04-28,3729.154,3.794441154504403
2008-04-29,3776.943,3.8430668074896674
2008-04-30,3959.119,4.028432204510813
2008-05-05,4055.779,4.126784453303541
2008-05-06,4010.888,4.081107536269045
2008-05-07,3821.319,3.8882197083010275
2008-05-08,3925.041,3.9937575931476994
2008-05-09,3878.924,3.946833212249973
2008-05-12,3904.92,3.973284330185166
2008-05-13,3851.687,3.9191193678431087
2008-05-14,3975.782,4.04538692747412
2008-05-15,3948.088,4.017208082263425
2008-05-16,3936.121,4.005031573249328
2008-05-19,3914.072,3.982596556348533
2008-05-20,3710.818,3.7757841419463287
2008-05-21,3783.049,3.849279706632316
2008-05-22,3711.444,3.776421101471926
2008-05-23,3675.147,3.7394886415667985
2008-05-26,3559.217,3.6215290284637476
2008-05-27,3576.197,3.63880630121877
2008-05-28,3676.23,3.7405906018962267
2008-05-29,3580.868,3.6435590774872457
2008-05-30,3611.33,3.674554382708889
2008-06-02,3625.826,3.6893041675061102
2008-06-03,3614.111,3.6773840703138196
2008-06-04,3546.916,3.609012672035035
2008-06-05,3512.138,3.573625805611349
2008-06-06,3489.502,3.5505935119669028
2008-06-10,3206.562,3.262700016483617
2008-06-11,3140.299,3.1952769349426227
2008-06-12,3084.633,3.138636377511462
2008-06-13,2979.117,3.031273084695267
2008-06-16,2952.242,3.0039275779054413
2008-06-17,2842.676,2.892443380810221
2008-06-18,2991.273,3.043641902575718
2008-06-19,2773.076,2.821624877644756
2008-06-20,2849.668,2.8995577913581077
2008-06-23,2789.941,2.8387851370683985
2008-06-24,2851.915,2.9018441301025444
2008-06-25,2969.537,3.0215253654377214
2008-06-26,2980.907,3.033094422635873
2008-06-27,2816.021,2.8653217256108605
2008-06-30,2791.819,2.8406960156451913
2008-07-01,2698.347,2.7455875798997553
2008-07-02,2699.597,2.7468594639364916
2008-07-03,2760.612,2.808942667537653
2008-07-04,2741.852,2.7898542319143176
2008-07-07,2882.763,2.933232193114732
2008-07-08,2901.841,2.9526441960370127
2008-07-09,3015.126,3.0679125025183307
2008-07-10,2973.728,3.02578973823609
2008-07-11,2953.498,3.0052055669855537
2008-07-14,2975.874,3.0279733087503584
2008-07-15,2852.979,2.902926757794614
2008-07-16,2745.596,2.79366377898115
2008-07-17,2718.068,2.765653839970533
2008-07-18,2815.462,2.864752939069632
2008-07-21,2911.051,2.962015437619684
2008-07-22,2904.743,2.9555970020166993
2008-07-23,2883.32,2.933798944641502
2008-07-24,2977.362,3.0294873595076894
2008-07-25,2939.202,2.9906592836342103
2008-07-28,2960.851,3.0126872976432497
2008-07-29,2905.63,2.9564995309291673
2008-07-30,2884.384,2.9348815723335715
2008-07-31,2805.21,2.8543214549539377
2008-08-01,2840.788,2.8905223271611344
2008-08-04,2773.15,2.8217001731797304
2008-08-05,2703.079,2.7504024241092235
2008-08-06,2721.693,2.769342303677068
2008-08-07,2720.442,2.768069402133102
2008-08-08,2591.462,2.6368313196865265
2008-08-11,2456.811,2.4998229537420866
2008-08-12,2444.155,2.486945382246941
2008-08-13,2444.672,2.487471433484535
2008-08-14,2443.512,2.486291125098444
2008-08-15,2447.615,2.4904659572606263
2008-08-18,2313.402,2.3539032594826588
2008-08-19,2348.472,2.3895872380173264
2008-08-20,2532.94,2.5772847616082313
2008-08-21,2443.979,2.486766300974568
2008-08-22,2404.928,2.4470316261597036
2008-08-25,2400.548,2.4425749444949805
2008-08-26,2331.532,2.3723506655514788
2008-08-27,2325.292,2.3660014204400923
2008-08-28,2335.865,2.3767595243764204
2008-08-29,2391.64,2.4335109900955847
2008-09-01,2309.171,2.3495981863951143
2008-09-02,2285.411,2.325422214624835
2008-09-03,2245.964,2.2852846069471324
2008-09-04,2251.146,2.290557329409826
2008-09-05,2183.432,2.2216578448789877
2008-09-08,2126.518,2.16374743842555
2008-09-09,2139.145,2.1765955022110433
2008-09-10,2143.176,2.1806970738527096
2008-09-11,2072.126,2.108403185204631
2008-09-12,2077.846,2.1142233265567354
2008-09-16,2000.651,2.035676855984062
2008-09-17,1929.135,1.9629088089670876
2008-09-18,1895.99,1.9291835318489938
2008-09-19,2073.113,2.1094074648400376
2008-09-22,2207.614,2.2462632047000697
2008-09-23,2123.478,2.160654216448208
2008-09-24,2138.853,2.1762983901000617
2008-09-25,2223.532,2.2624598847774817
2008-09-26,2243.657,2.2829372177689327
2008-10-06,2128.696,2.1659635691711587
2008-10-07,2102.448,2.13925603941416
2008-10-08,2022.881,2.058296041693376
2008-10-09,1995.297,2.030229122277914
2008-10-10,1906.96,1.9403455861553898
2008-10-13,1985.486,2.02024635885038
2008-10-14,1934.619,1.9684888186130562
2008-10-15,1914.356,1.9478710696239496
2008-10-16,1820.903,1.8527819665158722
2008-10-17,1833.262,1.865357338363889
2008-10-20,1896.733,1.9299395397204298
2008-10-21,1881.406,1.9143442064155867
2008-10-22,1833.323,1.865419406304882
2008-10-23,1834.78,1.8669019143381014
2008-10-24,1781.598,1.8127888448647427
2008-10-27,1654.671,1.6836397047601024
2008-10-28,1705.82,1.7356841820361133
2008-10-29,1658.223,1.6872538904388916
2008-10-30,1697.656,1.7273772530153826
2008-10-31,1663.66,1.692786077245079
2008-11-03,1653.542,1.6824909390981222
2008-11-04,1627.759,1.6562565502027893
2008-11-05,1691.42,1.7210320779329138
2008-11-06,1649.776,1.678659006872244
2008-11-07,1677.827,1.707201102163831
2008-11-10,1801.665,1.833207162436889
2008-11-11,1781.361,1.8125476956513777
2008-11-12,1801.823,1.8333679285791327
2008-11-13,1874.082,1.9068919834675426
2008-11-14,1943.654,1.9776819964305847
2008-11-17,1987.225,2.0220158039222866
2008-11-18,1839.819,1.8720291332669918
2008-11-19,1953.163,1.9873574726748433
2008-11-20,1932.428,1.9662594602734653
2008-11-21,1920.735,1.9543617482402211
2008-11-24,1837.642,1.8698140200286124
2008-11-25,1834.294,1.8664074058246185
2008-11-26,1843.495,1.8757694898422252
2008-11-27,1870.473,1.9032197998766782
2008-11-28,1829.924,1.861960899232189
2008-12-01,1864.205,1.8968420645628687
2008-12-02,1868.631,1.901345551560144
2008-12-03,1952.668,1.9868538065962957
2008-12-04,1982.928,2.017643575357603
2008-12-05,2013.175,2.048420116524928
2008-12-08,2095.036,2.1317142758299297
2008-12-09,2040.847,2.0765765765765765
2008-12-10,2096.393,2.1330950331402105
2008-12-11,2046.337,2.0821626912659217
2008-12-12,1960.38,1.994700822349343
2008-12-15,1975.034,2.0096113732888075
2008-12-16,1994.45,2.0293672936546217
2008-12-17,2001.42,2.036459319043462
2008-12-18,2045.102,2.0809060698376265
2008-12-19,2052.114,2.088040830530101
2008-12-22,2017.549,2.052870693146275
2008-12-23,1918.955,1.952550585371909
2008-12-24,1887.075,1.920112454898992
2008-12-25,1870.765,1.9035169119876598
2008-12-26,1862.096,1.8946961418160877
2008-12-29,1854.757,1.8872286562596028
2008-12-30,1833.435,1.8655333671145733
2008-12-31,1817.722,1.8495452760191862
2009-01-05,1882.959,1.9159243951428275
2009-01-06,1942.795,1.9768079577205397
2009-01-07,1931.178,1.9649875762367293
2009-01-08,1887.991,1.9210444915211122
2009-01-09,1918.365,1.9519502561065696
2009-01-12,1920.687,1.9543129078932104
2009-01-13,1876.185,1.9090318011709473
2009-01-14,1955.244,1.9894749052192016
2009-01-15,1954.874,1.9890984275443278
2009-01-16,1990.214,2.02505713303093
2009-01-19,2012.465,2.0476976863920617
2009-01-20,2025.19,2.060645465886035
2009-01-21,2021.71,2.057104540727762
2009-01-22,2044.551,2.080345423354233
2009-01-23,2032.682,2.0682686300486166
2009-02-02,2057.063,2.0930764738083467
2009-02-03,2108.91,2.145831171130471
2009-02-04,2166.414,2.2043419068492485
2009-02-05,2150.971,2.188628542705796
2009-02-06,2237.28,2.27644857416712
2009-02-09,2296.672,2.336880363534983
2009-02-10,2326.755,2.367490033516688
2009-02-11,2331.138,2.3719497677030996
2009-02-12,2318.343,2.3589307627030687
2009-02-13,2399.065,2.441065981273797
2009-02-16,2462.245,2.5053520880265854
2009-02-17,2385.293,2.4270528717106536
2009-02-18,2275.843,2.315686705454042
2009-02-19,2298.412,2.3386508261141192
2009-02-20,2344.32,2.385362548000904
2009-02-23,2410.481,2.4526818438045006
2009-02-24,2301.849,2.342147998461529
2009-02-25,2304.251,2.3445920508265212
2009-02-26,2190.185,2.2285290711990506
2009-02-27,2140.489,2.1779630319273418
2009-03-02,2164.666,2.2025633042122768
2009-03-03,2142.154,2.1796571814642745
2009-03-04,2285.149,2.325155627730735
2009-03-05,2304.919,2.3452717456557526
2009-03-06,2286.576,2.326607610547073
2009-03-09,2202.527,2.2410871454241685
2009-03-10,2240.782,2.2800118844844395
2009-03-11,2220.38,2.2592527019904476
2009-03-12,2215.7,2.2544907681569075
2009-03-13,2205.422,2.244032828853249
2009-03-16,2241.614,2.280858450499291
2009-03-17,2322.403,2.3630618420543876
2009-03-18,2332.652,2.3734902736483945
2009-03-19,2382.564,2.4242760944816513
2009-03-20,2379.838,2.4215023697743376
2009-03-23,2439.395,2.48210204783505
2009-03-24,2451.783,2.494706927392719
2009-03-25,2401.327,2.4433675826266747
2009-03-26,2479.789,2.523203234858984
2009-03-27,2498.931,2.5426803582439454
2009-03-30,2484.487,2.5279834838226525
2009-03-31,2507.789,2.5516934372818723
2009-04-01,2548.222,2.592834307087752
2009-04-02,2576.4,2.6215056257974716
2009-04-03,2570.503,2.6155053856657653
2009-04-07,2576.95,2.622065254773635
2009-04-08,2479.348,2.522754514170823
2009-04-09,2517.669,2.561746408708234
2009-04-10,2595.53,2.6409705390956804
2009-04-13,2656.518,2.7030262700016485
2009-04-14,2676.872,2.7237366121486293
2009-04-15,2686.99,2.7340317502955855
2009-04-16,2687.106,2.734149781134195
2009-04-17,2650.691,2.6970972553759993
2009-04-20,2707.667,2.755070747277659
2009-04-21,2675.442,2.7222815768106035
2009-04-22,2576.281,2.6213845424371742
2009-04-23,2593.564,2.6389701198827016
2009-04-24,2572.888,2.6179321404078575
2009-04-27,2513.292,2.557292779565199
2009-04-28,2518.531,2.562623499939967
2009-04-29,2605.37,2.6509828102328665
2009-04-30,2622.926,2.6688461671520174
2009-05-04,2714.301,2.7618208902374253
2009-05-05,2727.014,2.774756459644646
2009-05-06,2764.979,2.813386121608394
2009-05-07,2767.076,2.8155198342684224
2009-05-08,2789.219,2.8380504968487803
2009-05-11,2725.316,2.773028732369143
2009-05-12,2788.562,2.8373819945990717
2009-05-13,2814.005,2.8632704310364128
2009-05-14,2792.597,2.841487636269656
2009-05-15,2796.116,2.8450682442098754
2009-05-18,2810.573,2.85977834622515
2009-05-19,2840.084,2.8898060020716447
2009-05-20,2812.865,2.862110472794909
2009-05-21,2750.01,2.7981550558916726
2009-05-22,2740.677,2.788658660919786
2009-05-25,2752.716,2.8009084304543985
2009-05-26,2719.764,2.7673795322315766
2009-05-27,2759.712,2.808026911031203
2009-06-01,2858.342,2.9083836490658266
2009-06-02,2865.099,2.9152589454148075
2009-06-03,2939.387,2.9908475224716473
2009-06-04,2953.751,3.005462996314589
2009-06-05,2939.306,2.9907651043860666
2009-06-08,2948.478,3.0000976806940214
2009-06-09,2960.556,3.0123871330105803
2009-06-10,2989.595,3.041934525444803
2009-06-11,2961.629,3.0134789182677144
2009-06-12,2906.286,2.9571670156716463
2009-06-15,2966.192,3.018121803755416
2009-06-16,2961.22,3.013062757810894
2009-06-17,3010.588,3.063295054711364
2009-06-18,3057.428,3.1109550933359382
2009-06-19,3080.001,3.133923284024933
2009-06-22,3082.563,3.1365301375466275
2009-06-23,3083.895,3.137885457176173
2009-06-24,3120.73,3.1753653359707124
2009-06-25,3117.921,3.172507158163359
2009-06-26,3128.421,3.183190984071942
2009-06-29,3179.972,3.2356444992541675
2009-06-30,3166.474,3.2219101866718765
2009-07-01,3237.903,3.2945897105598934
2009-07-02,3282.359,3.339824011949605
2009-07-03,3327.135,3.385383915652721
2009-07-06,3374.753,3.4338355749017597
2009-07-07,3340.493,3.3989757772228972
2009-07-08,3352.269,3.4109579423561804
2009-07-09,3396.304,3.455763873202319
2009-07-10,3398.31,3.457804992704473
2009-07-13,3361.011,3.4198529905554977
2009-07-14,3454.753,3.515236153252869
2009-07-15,3493.305,3.5544630919602684
2009-07-16,3501.24,3.562537011825469
2009-07-17,3519.809,3.5814311035679913
2009-07-20,3591.123,3.6539936141246283
2009-07-21,3539.832,3.601804650822044
2009-07-22,3606.924,3.6700712458562017
2009-07-23,3651.969,3.715904859004023
2009-07-24,3667.556,3.731764744188508
2009-07-27,3743.626,3.8091665191281185
2009-07-28,3755.818,3.8215719672688278
2009-07-29,3558.508,3.6208076158381104
2009-07-30,3634.818,3.698453592512775
2009-07-31,3734.622,3.800004884034701
2009-08-03,3787.033,3.8533334554342007
2009-08-04,3786.615,3.852908137412316
2009-08-05,3740.936,3.8064294246810624
2009-08-06,3663.12,3.7272510821189386
2009-08-07,3555.095,3.617334863664206
2009-08-10,3544.539,3.6065940573507778
2009-08-11,3556.375,3.618637272917824
2009-08-12,3397.4,3.4568790611257296
2009-08-13,3440.82,3.501059225025794
2009-08-14,3344.462,3.403014263416342
2009-08-17,3140.271,3.1952484447402
2009-08-18,3171.986,3.2275186865202676
2009-08-19,3014.568,3.067344733484332
2009-08-20,3144.39,3.1994395570180525
2009-08-21,3203.624,3.2597105802436723
2009-08-24,3229.6,3.2861413480342776
2009-08-25,3109.83,3.1642745071703735
2009-08-26,3172.386,3.2279256894120234
2009-08-27,3156.301,3.2115590856273033
2009-08-28,3046.781,3.1001216938646348
2009-08-31,2830.271,2.879821203629652
2009-09-01,2843.7,2.8934853082131147
2009-09-02,2890.926,2.941538104628233
2009-09-03,3051.964,3.1053954338345573
2009-09-04,3077.142,3.13101423085611
2009-09-07,3104.208,3.1585540815267494
2009-09-08,3170.967,3.226481846653521
2009-09-09,3194.909,3.250843004739549
2009-09-10,3162.914,3.218287860935252
2009-09-11,3238.133,3.2948237372226528
2009-09-14,3293.394,3.351052204225911
2009-09-15,3302.642,3.360462111083299
2009-09-16,3258.236,3.3152786850550573
2009-09-17,3320.096,3.3782216822650524
2009-09-18,3199.689,3.2557066892960274
2009-09-21,3208.604,3.264777766246029
2009-09-22,3131.026,3.1858415904045
2009-09-23,3060.069,3.113642329928754
2009-09-24,3080.926,3.1348644782121178
2009-09-25,3058.528,3.112074351288266
2009-09-28,2972.643,3.024685742892203
2009-09-29,2972.286,3.0243224928113115
2009-09-30,3004.805,3.057410810403808
2009-10-09,3163.708,3.219095761675387
2009-10-12,3151.632,3.206808344373287
2009-10-13,3198.517,3.2545141708231835
2009-10-14,3227.399,3.283901814622393
2009-10-15,3239.643,3.29636017313903
2009-10-16,3241.709,3.2984623430749473
2009-10-19,3329.158,3.3874423327777743
2009-10-20,3377.574,3.4367059627958656
2009-10-21,3369.285,3.4282718453714613
2009-10-22,3347.32,3.405922299077935
2009-10-23,3413.252,3.4730085857260016
2009-10-26,3414.239,3.4740128653614084
2009-10-27,3314.722,3.372753598414317
2009-10-28,3329.327,3.3876142914995415
2009-10-29,3247.051,3.303897866694343
2009-10-30,3280.372,3.337802225084809
2009-11-02,3392.803,3.4522015803922286
2009-11-03,3435.425,3.495569773523241
2009-11-04,3453.888,3.5143560094994473
2009-11-05,3464.318,3.5249686099019737
2009-11-06,3483.021,3.5439990476132337
2009-11-09,3495.788,3.556989562410841
2009-11-10,3503.776,3.565117410159199
2009-11-11,3495.674,3.556873566586691
2009-11-12,3499.992,3.5612671628031918
2009-11-13,3518.722,3.580325073209645
2009-11-16,3625.798,3.689275677303687
2009-11-17,3628.354,3.691876425782005
2009-11-18,3630.229,3.6937842518371093
2009-11-19,3642.437,3.7062059800934883
2009-11-20,3631.013,3.69458197750495
2009-11-23,3665.509,3.7296819068899487
2009-11-24,3548.08,3.6101970504500436
2009-11-25,3629.629,3.693173747499476
2009-11-26,3485.773,3.5467992275085116
2009-11-27,3382.51,3.4417283784801294
2009-11-30,3511.669,3.5731485947207653
2009-12-01,3560.831,3.6231712851319813
2009-12-02,3597.329,3.660308263990216
2009-12-03,3590.876,3.6537422898389695
2009-12-04,3643.491,3.7072784327132644
2009-12-07,3668.832,3.7330630834132075
2009-12-08,3624.019,3.687465531942604
2009-12-09,3554.478,3.6167070617036736
2009-12-10,3577.237,3.6398645087373347
2009-12-11,3575.02,3.6376086952097797
2009-12-14,3612.753,3.6760022954963096
2009-12-15,3583.341,3.646075372865524
2009-12-16,3560.723,3.6230613943512067
2009-12-17,3480.153,3.541080836879346
2009-12-18,3391.735,3.4511148826712414
2009-12-21,3396.622,3.4560874405012645
2009-12-22,3305.543,3.3634138995557565
2009-12-23,3336.48,3.39489252071136
2009-12-24,3438.817,3.499021158045328
2009-12-25,3424.783,3.4847414615880847
2009-12-28,3478.433,3.539330724444797
2009-12-29,3500.737,3.5620252056890864
2009-12-30,3558.857,3.621162725861167
2009-12-31,3575.684,3.638284320010094
2010-01-04,3535.229,3.597121065045167
2010-01-05,3564.038,3.626434430816631
2010-01-06,3541.727,3.603732827021736
2010-01-07,3471.456,3.5322315765053514
2010-01-08,3480.13,3.5410574342130703
2010-01-11,3482.052,3.543013083107956
2010-01-12,3534.916,3.5968025852823686
2010-01-13,3421.144,3.4810387527803384
2010-01-14,3469.051,3.529784471618671
2010-01-15,3482.738,3.543711093067316
2010-01-18,3500.684,3.561971277805929
2010-01-19,3507.482,3.5688882919513145
2010-01-20,3394.434,3.453861134683362
2010-01-21,3408.574,3.4682486869069207
2010-01-22,3366.197,3.4251297830471086
2010-01-25,3328.014,3.386278304507354
2010-01-26,3242.797,3.2995693909405226
2010-01-27,3198.566,3.254564028677424
2010-01-28,3206.57,3.2627081565414526
2010-01-29,3204.155,3.2602508765824783
2010-02-01,3152.707,3.2079021646448798
2010-02-02,3146.189,3.201270052523723
2010-02-03,3230.715,3.2872758685950467
2010-02-04,3218.802,3.275154304971337
2010-02-05,3153.087,3.2082888173920474
2010-02-08,3150.988,3.20615306971756
2010-02-09,3169.19,3.2246737363068965
2010-02-10,3214.13,3.270400511195632
2010-02-11,3220.398,3.2767782465094415
2010-02-12,3251.278,3.3081988697529696
2010-02-22,3233.345,3.289951912608339
2010-02-23,3198.634,3.254633219169022
2010-02-24,3244.483,3.3012849081292726
2010-02-25,3292.128,3.349764040073505
2010-02-26,3281.666,3.3391188794396385
2010-03-01,3324.423,3.3826244360466178
2010-03-02,3311.236,3.3692065682126673
2010-03-03,3335.081,3.393469028097445
2010-03-04,3250.573,3.3074815271562503
2010-03-05,3259.764,3.3168334361015637
2010-03-08,3286.178,3.343709872058641
2010-03-09,3305.863,3.3637395018691607
2010-03-10,3279.694,3.3371123551832835
2010-03-11,3276.705,3.3340710260746405
2010-03-12,3233.126,3.289729078525103
2010-03-15,3183.183,3.238911714967735
2010-03-16,3203.971,3.260063655252271
2010-03-17,3273.916,3.331233198411875
2010-03-18,3267.555,3.324760834925732
2010-03-19,3293.871,3.3515375551743296
2010-03-22,3302.628,3.360447865982088
2010-03-23,3275.573,3.332919207890972
2010-03-24,3276.669,3.334034395814382
2010-03-25,3229.128,3.2856610846220065
2010-03-26,3275.002,3.332338211262991
2010-03-29,3358.54,3.417338730191678
2010-03-30,3366.708,3.4256497292413264
2010-03-31,3345.607,3.404179309193992
2010-04-01,3391.935,3.451318384117119
2010-04-02,3407.346,3.466999188029231
2010-04-06,3405.145,3.464759654617346
2010-04-07,3386.949,3.4462450930713864
2010-04-08,3346.744,3.4053362149138073
2010-04-09,3379.17,3.4383299043339703
2010-04-12,3351.478,3.410153094137734
2010-04-13,3391.716,3.451095550033883
2010-04-14,3403.707,3.463296479221485
2010-04-15,3394.574,3.4540035856954767
2010-04-16,3356.332,3.4150920742291873
2010-04-19,3176.423,3.232033366097066
2010-04-20,3173.374,3.2289309865546594
2010-04-21,3236.679,3.293344281711122
2010-04-22,3201.541,3.257591112684856
2010-04-23,3190.003,3.2458511142721673
2010-04-26,3171.997,3.227529879099791
2010-04-27,3108.409,3.162828629397412
2010-04-28,3097.353,3.151579069469289
2010-04-29,3060.064,3.113637242392607
2010-04-30,3067.365,3.121066062674375
2010-05-04,3019.449,3.0723111862709787
2010-05-05,3036.394,3.0895528462729724
2010-05-06,2896.856,2.9475719224985095
2010-05-07,2836.789,2.8864533157508085
2010-05-10,2858.233,2.9082727407778233
2010-05-11,2800.817,2.8498515456952322
2010-05-12,2818.16,2.867498173574523
2010-05-13,2886.911,2.937452813102237
2010-05-14,2868.023,2.9182341365535405
2010-05-17,2714.715,2.762242138230392
2010-05-18,2771.348,2.819866625152372
2010-05-19,2762.174,2.8105320138299583
2010-05-20,2726.022,2.773747092473092
2010-05-21,2768.791,2.8172648591668246
2010-05-24,2873.469,2.923775480924792
2010-05-25,2813.943,2.8632073455881906
2010-05-26,2813.944,2.8632083630954197
2010-05-27,2859.979,2.9100493084003363
2010-05-28,2850.302,2.9002028909415403
2010-05-31,2773.264,2.8218161690038808
2010-06-01,2744.162,2.792204673614206
2010-06-02,2757.527,2.8058036577349883
2010-06-03,2736.076,2.783977110157368
2010-06-04,2744.391,2.7924376827697364
2010-06-07,2695.715,2.742909500872004
2010-06-08,2699.336,2.7465938945496204
2010-06-09,2782.133,2.8308404406213303
2010-06-10,2750.023,2.7981682834856545
2010-06-11,2758.866,2.8071660999151398
2010-06-17,2742.733,2.7907506557834094
2010-06-18,2696.166,2.7433683966324582
2010-06-21,2780.663,2.829344704994129
2010-06-22,2783.72,2.8324552245943706
2010-06-23,2758.495,2.8067886047330366
2010-06-24,2757.498,2.805774150025336
2010-06-25,2736.287,2.7841918041827687
2010-06-28,2716.777,2.7643402381373923
2010-06-29,2592.019,2.637398071213296
2010-06-30,2563.07,2.6079422544297177
2010-07-01,2526.071,2.5702955044495592
2010-07-02,2534.105,2.5784701575304694
2010-07-05,2512.651,2.5566405574311606
2010-07-06,2562.902,2.6077713132151805
2010-07-07,2580.477,2.6256540027716895
2010-07-08,2575.921,2.621018239834594
2010-07-09,2647.104,2.6934474569441815
2010-07-12,2676.218,2.723071162420609
2010-07-13,2634.593,2.6807174239972973
2010-07-14,2653.609,2.700066341471356
2010-07-15,2608.519,2.654186940498212
2010-07-16,2616.128,2.6619291530066325
2010-07-19,2682.472,2.7294346526332074
2010-07-20,2741.503,2.7894991218912613
2010-07-21,2747.335,2.795433224053057
2010-07-22,2781.286,2.8299786119980386
2010-07-23,2793.076,2.841975022232533
2010-07-26,2811.055,2.8602687847097155
2010-07-27,2795.724,2.844669381375955
2010-07-28,2863.724,2.9138598729743976
2010-07-29,2877.976,2.928361386007648
2010-07-30,2868.846,2.919071545003327
2010-08-02,2917.275,2.968348402615401
2010-08-03,2865.971,2.9161462117188344
2010-08-04,2876.434,2.9267923898599304
2010-08-05,2850.829,2.9007391172514283
2010-08-06,2897.659,2.948388980803709
2010-08-09,2918.241,2.9693313145989904
2010-08-10,2832.638,2.8822296432416152
2010-08-11,2850.211,2.9001102977836655
2010-08-12,2816.386,2.8656931157495875
2010-08-13,2855.547,2.905539716359685
2010-08-16,2922.083,2.9732405773743023
2010-08-17,2942.291,2.9938023634657926
2010-08-18,2937.362,2.9887870703321346
2010-08-19,2955.395,3.007135778199704
2010-08-20,2898.333,2.949074780676317
2010-08-23,2896.192,2.946896297698195
2010-08-24,2911.827,2.9628050232296905
2010-08-25,2843.023,2.892796455818819
2010-08-26,2850.093,2.8999902319305977
2010-08-27,2858.566,2.9086115706852094
2010-08-30,2915.01,2.966043748740835
2010-08-31,2903.188,2.954014778275
2010-09-01,2884.042,2.9345335848611205
2010-09-02,2921.393,2.972538497386024
2010-09-03,2920.205,2.97132969879751
2010-09-06,2975.09,3.027175583082518
2010-09-07,2983.108,3.035333956047758
2010-09-08,2980.967,3.033155473069636
2010-09-09,2926.46,2.9776942065173375
2010-09-10,2932.554,2.983894895573233
2010-09-13,2962.319,3.0141809982559926
2010-09-14,2965.009,3.016918092703049
2010-09-15,2913.194,2.9641959556122646
2010-09-16,2857.789,2.9078209675679747
2010-09-17,2861.369,2.9114636434491867
2010-09-20,2849.828,2.89972059251481
2010-09-21,2857.476,2.907502487805176
2010-09-27,2905.029,2.9558880090843047
2010-09-28,2880.907,2.9313436996969866
2010-09-29,2874.812,2.9251419931338614
2010-09-30,2935.574,2.9869677674059876
2010-10-08,3044.233,3.0975290854441524
2010-10-11,3132.895,3.1877433114162277
2010-10-12,3172.726,3.2282716418700157
2010-10-13,3217.577,3.2739078586153356
2010-10-14,3224.14,3.2805857585618146
2010-10-15,3327.683,3.385941509614426
2010-10-18,3306.16,3.3640417015162893
2010-10-19,3375.674,3.434772699060027
2010-10-20,3396.879,3.4563489398592178
2010-10-21,3374.685,3.4337663844101614
2010-10-22,3378.655,3.437805888110835
2010-10-25,3481.081,3.542025083588219
2010-10-26,3466.084,3.526765527669074
2010-10-27,3403.872,3.4634643679143338
2010-10-28,3397.692,3.457176173236711
2010-10-29,3379.983,3.439157137711464
2010-11-01,3472.995,3.5337975201313805
2010-11-02,3463.131,3.5237608288206888
2010-11-03,3420.341,3.4802216944751394
2010-11-04,3480.505,3.541438999424091
2010-11-05,3520.798,3.5824374182178564
2010-11-08,3548.566,3.6106915589635262
2010-11-09,3523.954,3.585648671033808
2010-11-10,3499.111,3.5603707389341
2010-11-11,3509.975,3.571424937474181
2010-11-12,3291.833,3.349463875440835
2010-11-15,3314.893,3.372927592150542
2010-11-16,3169.538,3.2250278288227237
2010-11-17,3103.906,3.1582467943434738
2010-11-18,3147.962,3.2030740928414296
2010-11-19,3178.846,3.234498786113875
2010-11-22,3171.941,3.2274728986949452
2010-11-23,3107.176,3.1615740429835753
2010-11-24,3177.043,3.2326642205792875
2010-11-25,3223.484,3.2799182738193355
2010-11-26,3194.853,3.250786024334703
2010-11-29,3190.05,3.2458989371119484
2010-11-30,3136.985,3.1919049159844284
2010-12-01,3136.024,3.1909270915369854
2010-12-02,3155.059,3.210295341648403
2010-12-03,3158.156,3.2134465615378196
2010-12-06,3165.57,3.220990360136509
2010-12-07,3200.339,3.25636806899513
2010-12-08,3171.882,3.2274128657684114
2010-12-09,3123.366,3.178047485027381
2010-12-10,3161.977,3.2173344566613147
2010-12-13,3261.061,3.318153142978081
2010-12-14,3269.474,3.3267134312989297
2010-12-15,3247.644,3.3045012484813703
2010-12-16,3230.665,3.287224993233577
2010-12-17,3225.661,3.282133387057715
2010-12-20,3178.657,3.234306477247521
2010-12-21,3249.509,3.3063988994641806
2010-12-22,3215.453,3.2717466732601137
2010-12-23,3188.607,3.2444306741799402
2010-12-24,3162.955,3.218329578731657
2010-12-27,3099.709,3.1539763165017285
2010-12-28,3044.931,3.0982393054902655
2010-12-29,3061.83,3.1154341601597078
2010-12-30,3064.098,3.1177418665559617
2010-12-31,3128.261,3.1830281829152396
2011-01-04,3189.682,3.245524494451533
2011-01-05,3175.662,3.231259043095501
2011-01-06,3159.643,3.214959594787921
2011-01-07,3166.624,3.2220628127562847
2011-01-10,3108.187,3.1626027427924877
2011-01-11,3124.922,3.17963072627631
2011-01-12,3142.337,3.1973506146761173
2011-01-13,3141.284,3.1962791795635708
2011-01-14,3091.862,3.1459919372727145
2011-01-17,2974.35,3.02642262773277
2011-01-18,2977.648,3.029778366575295
2011-01-19,3044.851,3.098157904911915
2011-01-20,2944.713,2.9962667659753723
2011-01-21,2983.456,3.035688048563585
2011-01-24,2954.232,3.0059524172919247
2011-01-25,2938.654,2.990101689672505
2011-01-26,2978.431,3.030575074735906
2011-01-27,3026.466,3.0794510344996002
2011-01-28,3036.735,3.0898998162381948
2011-01-31,3076.508,3.1303691312726776
2011-02-01,3077.283,3.131157699375454
2011-02-09,3040.949,3.094187591702839
2011-02-10,3104.163,3.1585082937014266
2011-02-11,3120.956,3.1755952926045543
2011-02-14,3219.143,3.2755012749365586
2011-02-15,3217.671,3.274003504294898
2011-02-16,3248.527,3.305399707364921
2011-02-17,3245.907,3.302733838423922
2011-02-18,3211.876,3.26810704990059
2011-02-21,3257.908,3.314944942683818
2011-02-22,3163.578,3.218963485735566
2011-02-23,3174.742,3.230322936444464
2011-02-24,3190.935,3.2467994310099573
2011-02-25,3197.617,3.253598414316734
2011-02-28,3239.559,3.2962747025317616
2011-03-01,3254.893,3.3118771583872104
2011-03-02,3243.298,3.3000791620624463
2011-03-03,3221.718,3.278121356052235
2011-03-04,3270.666,3.3279262999163612
2011-03-07,3334.51,3.392888031469464
2011-03-08,3337.457,3.3958866252744726
2011-03-09,3338.858,3.3973121529028467
2011-03-10,3280.259,3.337687246767888
2011-03-11,3247.376,3.3042285565438947
2011-03-14,3262.92,3.320044688917515
2011-03-15,3203.961,3.2600534801799763
2011-03-16,3248.195,3.305061894964764
2011-03-17,3197.1,3.2530723630791396
2011-03-18,3215.685,3.271982734937332
2011-03-21,3207.11,3.2632576104453226
2011-03-22,3222.961,3.279386117538365
2011-03-23,3264.926,3.322085808419669
2011-03-24,3251.361,3.3082833228530086
2011-03-25,3294.484,3.352161287105945
2011-03-28,3290.571,3.3481797813173464
2011-03-29,3257.979,3.3150171856971045
2011-03-30,3256.08,3.313084939468495
2011-03-31,3223.288,3.2797188424023753
2011-04-01,3272.729,3.33002541733059
2011-04-06,3311.067,3.3690346094909005
2011-04-07,3324.419,3.3826203660177003
2011-04-08,3353.358,3.4120660077289853
2011-04-11,3333.427,3.391786071140036
2011-04-12,3326.771,3.3850135430212234
2011-04-13,3372.031,3.431065920223363
2011-04-14,3353.56,3.4122715441893217
2011-04-15,3358.944,3.417749803112351
2011-04-18,3359.438,3.4182524516836694
2011-04-19,3295.812,3.3535125367065732
2011-04-20,3295.758,3.3534575913161864
2011-04-21,3317.367,3.3754449050360504
2011-04-22,3299.942,3.3577148415639493
2011-04-25,3249.574,3.306465037434091
2011-04-26,3230.96,3.2875251578662468
2011-04-27,3209.503,3.26569250524525
2011-04-28,3161.776,3.2171299377082074
2011-04-29,3192.723,3.248618733936105
2011-05-03,3211.132,3.2673500245219245
2011-05-04,3129.028,3.1838086109601806
2011-05-05,3126.117,3.18084664741543
2011-05-06,3121.396,3.1760429957854854
2011-05-09,3129.759,3.1845524087448642
2011-05-10,3153.221,3.208425163360786
2011-05-11,3145.085,3.200146724542478
2011-05-12,3101.603,3.1559034751941915
2011-05-13,3128.093,3.1828572417007024
2011-05-16,3100.463,3.154743516952688
2011-05-17,3116.028,3.1705810169781254
2011-05-18,3139.379,3.194340828291585
2011-05-19,3120.639,3.175272742812838
2011-05-20,3121.596,3.176246497231363
2011-05-23,3022.98,3.0759040042979504
2011-05-24,3026.223,3.0792037802428585
2011-05-25,2990.343,3.042695620852386
2011-05-26,2978.381,3.0305241993744363
2011-05-27,2963.308,3.015187312905858
2011-05-30,2954.506,3.0062312142727774
2011-05-31,3001.556,3.054104929415524
2011-06-01,3004.173,3.056767745834834
2011-06-02,2955.705,3.0074512054408147
2011-06-03,2986.349,3.0386316969782072
2011-06-07,3004.262,3.05685830397825
2011-06-08,3008.652,3.061325160715267
2011-06-09,2951.889,3.003568397853467
2011-06-10,2961.932,3.0137872229582188
2011-06-13,2950.348,3.0020004192129783
2011-06-14,2993.559,3.045967924102101
2011-06-15,2963.119,3.0149950040395037
2011-06-16,2917.578,2.9686567073059056
2011-06-17,2892.157,2.9427906560276114
2011-06-20,2874.896,2.92522746374113
2011-06-21,2909.073,2.960002808319953
2011-06-22,2908.582,2.9595032122703233
2011-06-23,2957.629,3.009408889350159
2011-06-24,3027.47,3.0804726117579064
2011-06-27,3036.491,3.0896515444742234
2011-06-28,3041.734,3.0949863348779094
2011-06-29,3000.169,3.052693646888361
2011-06-30,3044.089,3.09738256440312
2011-07-01,3049.745,3.1031375852925436
2011-07-04,3121.98,3.176637220007448
2011-07-05,3122.5,3.1771663237667305
2011-07-06,3113.712,3.168224470234861
2011-07-07,3101.68,3.1559818232508543
2011-07-08,3109.183,3.163616179992959
2011-07-11,3113.206,3.1677096115767904
2011-07-12,3056.905,3.110422937054968
2011-07-13,3106.247,3.160628778767473
2011-07-14,3115.745,3.1702930624322083
2011-07-15,3128.889,3.183667177455296
2011-07-18,3122.6,3.1772680744896693
2011-07-19,3095.125,3.1493120633622103
2011-07-20,3091.567,3.1456917726400446
2011-07-21,3059.139,3.112696048205423
2011-07-22,3067.985,3.1216969171565965
2011-07-25,2968.289,3.0202555164154443
2011-07-26,2977.766,3.0298984324283627
2011-07-27,3000.052,3.052574598542523
2011-07-28,2981.002,3.033191085822665
2011-07-29,2972.079,3.024111868814828
2011-08-01,2977.721,3.02985264460304
2011-08-02,2956.383,3.00814107534234
2011-08-03,2954.87,3.006601586904275
2011-08-04,2960.309,3.012135808724921
2011-08-05,2897.417,2.9481427440541963
2011-08-08,2793.897,2.842810395667861
2011-08-09,2798.19,2.847178554203628
2011-08-10,2824.12,2.8735625166616807
2011-08-11,2866.924,2.917115896108442
2011-08-12,2875.365,2.9257046746317132
2011-08-15,2917.883,2.9689670470108687
2011-08-16,2897.581,2.9483096152398165
2011-08-17,2886.013,2.936539091610246
2011-08-18,2834.254,2.8838739349243077
2011-08-19,2807.664,2.856818417694858
2011-08-22,2777.787,2.8264183542024064
2011-08-23,2821.003,2.870390946627676
2011-08-24,2810.016,2.8592115946983805
2011-08-25,2903.837,2.954675140466873
2011-08-26,2901.216,2.9520082540186445
2011-08-29,2852.809,2.902753781565618
2011-08-30,2841.74,2.8914909940435125
2011-08-31,2846.776,2.896615160450715
2011-09-01,2834.535,2.8841598544557656
2011-09-02,2803.854,2.852941715150886
2011-09-05,2743.817,2.7918536336200668
2011-09-06,2723.303,2.7709804903163837
2011-09-07,2779.09,2.8277441661223004
2011-09-08,2756.105,2.8043567624547974
2011-09-09,2751.095,2.799259051235559
2011-09-13,2720.283,2.7679076184836293
2011-09-14,2733.108,2.7809571487005416
2011-09-15,2729.051,2.776829121870911
2011-09-16,2733.987,2.7818515375551747
2011-09-19,2679.27,2.726176594484704
2011-09-20,2689.845,2.736936733435491
2011-09-21,2771.011,2.819523725216068
2011-09-22,2685.688,2.7327069558829216
2011-09-23,2669.478,2.7162131636945284
2011-09-26,2610.919,2.6566289578487456
2011-09-27,2637.879,2.6840609527530694
2011-09-28,2610.59,2.656294197970277
2011-09-29,2588.185,2.633496948495819
2011-09-30,2581.351,2.6265433040901756
2011-10-10,2557.082,2.601849421140137
2011-10-11,2551.994,2.596672344357007
2011-10-12,2644.758,2.691060384984035
2011-10-13,2662.601,2.709215766478021
2011-10-14,2653.782,2.700242370222041
2011-10-17,2666.951,2.7136419229258624
2011-10-18,2592.209,2.63759139758688
2011-10-19,2583.081,2.6283035915970183
2011-10-20,2520.532,2.564659531905974
2011-10-21,2507.877,2.5517829779180583
2011-10-24,2576.669,2.6217793352421768
2011-10-25,2625.425,2.671388917718261
2011-10-26,2651.652,2.6980750798234423
2011-10-27,2657.478,2.704003076941862
2011-10-28,2709.017,2.7564443820373343
2011-10-31,2695.307,2.742494357922413
2011-11-01,2697.534,2.7447603465222623
2011-11-02,2742.39,2.790401650803729
2011-11-03,2744.301,2.792346107119091
2011-11-04,2763.746,2.8121315351945575
2011-11-07,2736.248,2.7841521214008225
2011-11-08,2727.71,2.7754646446763007
2011-11-09,2751.654,2.7998278377767876
2011-11-10,2699.588,2.746850306371427
2011-11-11,2695.002,2.7421840182174493
2011-11-14,2750.195,2.798343294729109
2011-11-15,2744.68,2.792731742359029
2011-11-16,2670.116,2.716862333306878
2011-11-17,2662.017,2.708621542256058
2011-11-18,2606.495,2.6521275058659293
2011-11-21,2609.687,2.6553753889421383
2011-11-22,2609.475,2.655159677409508
2011-11-23,2584.011,2.62924987332035
2011-11-24,2588.915,2.634239728773273
2011-11-25,2569.973,2.614966106834189
2011-11-28,2573.321,2.618372721038183
2011-11-29,2608.569,2.6542378158596818
2011-11-30,2521.52,2.5656648290486106
2011-12-01,2583.613,2.628844905443053
2011-12-02,2557.311,2.6020824302956673
2011-12-05,2521.385,2.565527465572643
2011-12-06,2516.341,2.5603951591076055
2011-12-07,2528.228,2.572490267543351
2011-12-08,2525.001,2.5692067717141134
2011-12-09,2503.461,2.547289665993077
2011-12-12,2477.692,2.5210695221989554
2011-12-13,2421.928,2.4643292490593143
2011-12-14,2397.48,2.439453232315216
2011-12-15,2340.788,2.381768712466702
2011-12-16,2390.129,2.431973536671978
2011-12-19,2384.408,2.4261523778126444
2011-12-20,2377.073,2.418688962285077
2011-12-21,2339.108,2.380059300321329
2011-12-22,2341.335,2.382325288921178
2011-12-23,2359.159,2.4004613377778052
2011-12-26,2335.702,2.3765936706980306
2011-12-27,2305.035,2.345389776494362
2011-12-28,2307.928,2.348333424908984
2011-12-29,2311.361,2.351826527227476
2011-12-30,2345.742,2.386809443281095
2012-01-04,2298.753,2.3389977960793416
2012-01-05,2276.385,2.3162381943723713
2012-01-06,2290.601,2.330703077145363
2012-01-09,2368.57,2.410037098313584
2012-01-10,2447.349,2.490195300337609
2012-01-11,2435.608,2.4782487479573545
2012-01-12,2435.219,2.477852937645122
2012-01-13,2394.334,2.4362521545715583
2012-01-16,2345.649,2.3867148151087614
2012-01-17,2460.601,2.5036793061414704
2012-01-18,2422.189,2.464594818446185
2012-01-19,2468.35,2.5115639696620042
2012-01-20,2504.086,2.547925608011445
2012-01-30,2460.72,2.5038003895017673
2012-01-31,2464.26,2.5074023650938044
2012-02-01,2428.994,2.4715189551421766
2012-02-02,2486.238,2.5297651389813125
2012-02-03,2506.09,2.5499646924991404
2012-02-06,2504.322,2.548165739717581
2012-02-07,2457.954,2.500985964505278
2012-02-08,2528.236,2.572498407601186
2012-02-09,2529.231,2.5735108272944283
2012-02-10,2533.624,2.577980736553133
2012-02-13,2531.981,2.5763089721752475
2012-02-14,2522.107,2.5662621057922617
2012-02-15,2549.607,2.5942435546004554
2012-02-16,2536.074,2.580473629265136
2012-02-17,2537.086,2.581503346581277
2012-02-20,2540.706,2.5851867227516654
2012-02-21,2562.453,2.607314452469185
2012-02-22,2597.476,2.642950608164071
2012-02-23,2606.256,2.651884321638105
2012-02-24,2648.017,2.6943764410446134
2012-02-27,2656.573,2.7030822328992645
2012-02-28,2662.463,2.7090753504803655
2012-02-29,2634.143,2.6802595457440725
2012-03-01,2633.345,2.67944757497502
2012-03-02,2679.934,2.726852219285018
2012-03-05,2662.698,2.7093144646792715
2012-03-06,2621.052,2.666939358604143
2012-03-07,2603.005,2.648576405635362
2012-03-08,2635.791,2.6819363976581054
2012-03-09,2664.302,2.7109465462752116
2012-03-12,2654.402,2.7008732247042615
2012-03-13,2681.073,2.728011160019292
2012-03-14,2605.106,2.6507141883243084
2012-03-15,2585.546,2.6308117469174617
2012-03-16,2623.52,2.6694505664462747
2012-03-19,2630.013,2.6760572408866965
2012-03-20,2584.445,2.629691471457905
2012-03-21,2587.793,2.633098085661899
2012-03-22,2583.747,2.628981251411791
2012-03-23,2552.94,2.5976349061960087
2012-03-26,2555.442,2.6001807092839395
2012-03-27,2547.143,2.591736416787241
2012-03-28,2474.9,2.5182286420145017
2012-03-29,2443.122,2.485894297278982
2012-03-30,2454.899,2.4978774799194947
2012-04-05,2512.832,2.5568247262396797
2012-04-06,2519.83,2.563945241830943
2012-04-09,2495.146,2.5388290933807087
2012-04-10,2519.788,2.563902506527309
2012-04-11,2520.036,2.5641548483201975
2012-04-12,2570.436,2.6154372126813965
2012-04-13,2580.454,2.625630600105414
2012-04-16,2574.044,2.619108378765031
2012-04-17,2541.883,2.586384328760656
2012-04-18,2599.908,2.6454251857459448
2012-04-19,2596.056,2.641505747898339
2012-04-20,2626.839,2.6728276729406164
2012-04-23,2606.038,2.6516625050620983
2012-04-24,2604.866,2.650469986589255
2012-04-25,2625.99,2.671963809302865
2012-04-26,2631.487,2.677557046542816
2012-04-27,2626.157,2.672133733010173
2012-05-02,2683.487,2.730467422471037
2012-05-03,2691.518,2.7386390230302586
2012-05-04,2715.879,2.7634265166454006
2012-05-07,2717.778,2.76535876287401
2012-05-08,2709.116,2.756545115253044
2012-05-09,2657.514,2.70403970720212
2012-05-10,2657.214,2.703734455033303
2012-05-11,2636.917,2.6830821107983973
2012-05-14,2615.534,2.661324753712375
2012-05-15,2617.374,2.6631969670144504
2012-05-16,2574.647,2.6197219356243524
2012-05-17,2613.942,2.659704882203188
2012-05-18,2573.976,2.6190391882734327
2012-05-21,2587.231,2.6325262465989825
2012-05-22,2627.525,2.673525682899977
2012-05-23,2616.869,2.6626831258636097
2012-05-24,2595.26,2.6406958121437456
2012-05-25,2573.103,2.6181509044621762
2012-05-28,2614.689,2.6604649601035413
2012-05-29,2650.854,2.6972631090543895
2012-05-30,2642.258,2.688516616910563
2012-05-31,2632.042,2.6781217630551266
2012-06-01,2632.998,2.6790944999664226
2012-06-04,2559.026,2.603827455194069
2012-06-05,2558.842,2.6036402338638616
2012-06-06,2557.401,2.602174005946312
2012-06-07,2542.184,2.5866905984367023
2012-06-08,2524.329,2.568523006855964
2012-06-11,2558.265,2.603053132192504
2012-06-12,2540.178,2.5846494789345478
2012-06-13,2580.636,2.6258157864211626
2012-06-14,2560.421,2.6052468777790665
2012-06-15,2568.054,2.613013510460992
2012-06-18,2581.212,2.6264018705852905
2012-06-19,2558.621,2.6034153647661666
2012-06-20,2552.611,2.5973001463175396
2012-06-21,2512.185,2.556166399062265
2012-06-25,2456.518,2.4995248241238754
2012-06-26,2454.915,2.497893760035165
2012-06-27,2447.195,2.4900386042242832
2012-06-28,2425.729,2.4681967940382217
2012-06-29,2461.612,2.5047080059503823
2012-07-02,2465.238,2.5083974871641463
2012-07-03,2468.721,2.511941464844108
2012-07-04,2464.919,2.5080729023579713
2012-07-05,2430.37,2.472919045089815
2012-07-06,2472.614,2.5159026204881187
2012-07-09,2416.036,2.4583340964637554
2012-07-10,2406.706,2.4488407540135575
2012-07-11,2425.572,2.4680370454032077
2012-07-12,2449.181,2.4920593735818493
2012-07-13,2450.633,2.493536794078922
2012-07-16,2399.731,2.44174364108857
2012-07-17,2414.201,2.456466970697827
2012-07-18,2414.335,2.456603316666565
2012-07-19,2424.322,2.466765161366472
2012-07-20,2398.455,2.44044530186387
2012-07-23,2365.431,2.406843143120532
2012-07-24,2375.992,2.417589036970108
2012-07-25,2360.083,2.4014015144577603
2012-07-26,2347.488,2.3885860109036074
2012-07-27,2349.108,2.3902343726152178
2012-07-30,2335.793,2.376686263855905
2012-07-31,2332.922,2.3737650006003292
2012-08-01,2358.651,2.3999444441052753
2012-08-02,2334.882,2.3757593147699314
2012-08-03,2353.737,2.394944413580059
2012-08-06,2385.611,2.427376439009599
2012-08-07,2388.873,2.4306955475918657
2012-08-08,2389.795,2.4316336892573625
2012-08-09,2411.7,2.453922185117125
2012-08-10,2399.751,2.441763991233158
2012-08-13,2351.931,2.3931067955237824
2012-08-14,2357.016,2.398280819785225
2012-08-15,2331.615,2.372435118651518
2012-08-16,2319.67,2.3602809947964682
2012-08-17,2313.476,2.3539785550176338
2012-08-20,2301.788,2.3420859305205366
2012-08-21,2313.703,2.354209529158705
2012-08-22,2295.586,2.3357753506838663
2012-08-23,2302.199,2.342504125991815
2012-08-24,2275.677,2.3155177992539637
2012-08-27,2228.204,2.2672136785531865
2012-08-28,2238.411,2.2775993748435583
2012-08-29,2214.814,2.253589256751669
2012-08-30,2211.37,2.250084961853654
2012-08-31,2204.868,2.2434691298481675
2012-09-03,2228.369,2.2673815672460353
2012-09-04,2204.407,2.2430000590154195
2012-09-05,2199.875,2.238388716251829
2012-09-06,2217.823,2.2566509360049003
2012-09-07,2317.179,2.3577463842880606
2012-09-10,2326.666,2.3673994753732726
2012-09-11,2311.89,2.3523647885518226
2012-09-12,2320.071,2.3606890151954527
2012-09-13,2298.461,2.3387006839683595
2012-09-14,2315.542,2.356080724953551
2012-09-17,2258.705,2.298248666556776
2012-09-18,2235.239,2.274371841911937
2012-09-19,2246.236,2.285561368913526
2012-09-20,2195.951,2.2343960178837072
2012-09-21,2199.063,2.2375625003815656
2012-09-24,2215.516,2.2543035468267005
2012-09-25,2210.154,2.248847673062717
2012-09-26,2184.891,2.2231423879266665
2012-09-27,2251.717,2.2911383260378066
2012-09-28,2293.106,2.3332519327549823
2012-10-08,2270.054,2.30979635610311
2012-10-09,2320.157,2.3607765208171805
2012-10-10,2324.117,2.3648058494455606
2012-10-11,2302.533,2.342843973406431
2012-10-12,2304.531,2.34487695285075
2012-10-15,2294.857,2.3350335879136424
2012-10-16,2298.162,2.338396449306772
2012-10-17,2300.803,2.341083685899588
2012-10-18,2336.077,2.3769752359090512
2012-10-19,2332.47,2.3733050873326453
2012-10-22,2341.592,2.3825867882791307
2012-10-23,2312.077,2.352555062403719
2012-10-24,2307.779,2.348181816331805
2012-10-25,2291.239,2.3313522467577132
2012-10-26,2247.907,2.287261623493835
2012-10-29,2235.854,2.2749976088580106
2012-10-30,2239.882,2.2790961279779895
2012-10-31,2254.82,2.2942956509706005
2012-11-01,2297.884,2.338113582297002
2012-11-02,2306.774,2.3471592215662693
2012-11-05,2301.88,2.34217954118564
2012-11-06,2292.206,2.3323361762485324
2012-11-07,2287.505,2.3275528747631755
2012-11-08,2245.405,2.2847158204059044
2012-11-09,2240.924,2.2801563705110124
2012-11-12,2251.848,2.2912716194848564
2012-11-13,2212.44,2.2511736945891
2012-11-14,2223.11,2.2620304967266796
2012-11-15,2193.623,2.2320272610536898
2012-11-16,2177.24,2.215357440114612
2012-11-19,2174.985,2.2130629613123403
2012-11-20,2164.881,2.202782068266595
2012-11-21,2194.896,2.233322547756702
2012-11-22,2177.546,2.215668797326805
2012-11-23,2192.676,2.2310636817074583
2012-11-26,2175.599,2.213687710751185
2012-11-27,2150.638,2.1882897127984093
2012-11-28,2129.161,2.166436710032825
2012-11-29,2115.676,2.152715625044516
2012-11-30,2139.661,2.177120535941408
2012-12-03,2108.85,2.1457701206967075
2012-12-04,2131.473,2.168789186747172
2012-12-05,2207.878,2.2465318266086283
2012-12-06,2203.602,2.242180965695761
2012-12-07,2246.757,2.2860914901800378
2012-12-10,2271.046,2.310805723274664
2012-12-11,2258.5,2.2980400775747514
2012-12-12,2267.767,2.3074693170694975
2012-12-13,2242.635,2.281897325380497
2012-12-14,2355.865,2.3971096689641977
2012-12-17,2366.7,2.408134359794626
2012-12-18,2368.12,2.4095792200603583
2012-12-19,2371.109,2.412620549169002
2012-12-20,2384.816,2.426567520762235
2012-12-21,2372.002,2.413529183124846
2012-12-24,2381.217,2.4229055122436645
2012-12-25,2448.395,2.4912596128995497
2012-12-26,2457.619,2.5006450995834326
2012-12-27,2444.594,2.4873920679206427
2012-12-28,2480.049,2.5234677867386246
2012-12-31,2522.952,2.5671218994010956
2013-01-04,2524.409,2.568604407434315
2013-01-07,2535.985,2.5803830711217204
2013-01-08,2525.33,2.569541531592582
2013-01-09,2526.126,2.5703514673471757
2013-01-10,2530.569,2.57487225196735
2013-01-11,2483.23,2.526704477235311
2013-01-14,2577.725,2.6228538228764116
2013-01-15,2595.856,2.641302246452461
2013-01-16,2577.092,2.6222097408002085
2013-01-17,2552.758,2.5974497198802595
2013-01-18,2595.439,2.640877945937806
2013-01-21,2610.898,2.6566075901969284
2013-01-22,2596.898,2.6423624889854844
2013-01-23,2607.456,2.6531053303133723
2013-01-24,2582.755,2.6279718842402375
2013-01-25,2571.674,2.6166968866313796
2013-01-28,2651.863,2.698289773848843
2013-01-29,2675.866,2.7227129998758643
2013-01-30,2688.711,2.735782880237364
2013-01-31,2686.882,2.733921859514812
2013-02-01,2743.324,2.7913520025559784
2013-02-04,2748.028,2.796138356563023
2013-02-05,2771.675,2.8201993500163822
2013-02-06,2775.844,2.824441337655704
2013-02-07,2759.87,2.8081876771734464
2013-02-08,2771.725,2.820250225377851
2013-02-18,2737.471,2.7853965327423653
2013-02-19,2685.606,2.732623520290112
2013-02-20,2702.635,2.749950650899375
2013-02-21,2610.549,2.6562524801738716
2013-02-22,2596.604,2.6420633418600437
2013-02-25,2604.96,2.650565632268817
2013-02-26,2567.595,2.612546474642702
2013-02-27,2594.677,2.6401026054290115
2013-02-28,2673.327,2.720129549020446
2013-03-01,2668.836,2.7155599240532604
2013-03-04,2545.715,2.590283416463674
2013-03-05,2622.807,2.66872508379172
2013-03-06,2650.202,2.6965996943408284
2013-03-07,2619.479,2.6653388197323142
2013-03-08,2606.927,2.6525670689890255
2013-03-11,2592.372,2.63775725126527
2013-03-12,2555.615,2.6003567380346237
2013-03-13,2527.486,2.5717352771791444
2013-03-14,2534.273,2.5786410987450066
2013-03-15,2539.873,2.5843391392295842
2013-03-18,2502.493,2.5463047189950285
2013-03-19,2525.097,2.5693044524081348
2013-03-20,2610.174,2.655870914962851
2013-03-21,2614.988,2.6607691947651286
2013-03-22,2618.308,2.6641473187667
2013-03-25,2613.097,2.658845088594355
2013-03-26,2575.05,2.6201319910377965
2013-03-27,2583.53,2.6287604523430144
2013-03-28,2499.302,2.5430578534260486
2013-03-29,2495.083,2.538764990425257
2013-04-01,2493.187,2.5368357967183357
2013-04-02,2486.391,2.529920817587409
2013-04-03,2483.547,2.527027027027027
2013-04-08,2472.299,2.515582105710861
2013-04-09,2489.43,2.5330130220575215
2013-04-10,2485.309,2.5288198747652104
2013-04-11,2477.876,2.521256743529163
2013-04-12,2462.112,2.505216759565077
2013-04-15,2436.818,2.479479931704915
2013-04-16,2459.592,2.5026526413470167
2013-04-17,2458.473,2.5015140507573306
2013-04-18,2464.851,2.508003711866373
2013-04-19,2533.827,2.5781872905206993
2013-04-22,2530.67,2.5749750201975186
2013-04-23,2449.471,2.492354450678372
2013-04-24,2495.579,2.539269674011034
2013-04-25,2467.875,2.511080653728045
2013-04-26,2447.306,2.4901515475267453
2013-05-02,2449.639,2.49252539189291
2013-05-03,2492.912,2.5365559822302535
2013-05-06,2525.983,2.570205963813373
2013-05-07,2529.938,2.574230204905606
2013-05-08,2542.798,2.5873153478755464
2013-05-09,2527.794,2.5720486694057962
2013-05-10,2540.836,2.5853189986914855
2013-05-13,2530.768,2.5750747359059987
2013-05-14,2493.338,2.5369894403099735
2013-05-15,2506.925,2.5508143110356802
2013-05-16,2552.709,2.5973998620260197
2013-05-17,2592.048,2.637427578922948
2013-05-20,2609.607,2.655293988363787
2013-05-21,2614.853,2.6606318312891615
2013-05-22,2618.034,2.6638685217858473
2013-05-23,2582.849,2.6280675299198
2013-05-24,2597.228,2.6426982663711827
2013-05-27,2599.587,2.645098565925311
2013-05-28,2644.359,2.690654399599509
2013-05-29,2642.561,2.6888249216010682
2013-05-30,2634.323,2.6804426970453625
2013-05-31,2606.426,2.6520572978671013
2013-06-03,2602.623,2.6481877178737356
2013-06-04,2565.666,2.6105837031972112
2013-06-05,2560.539,2.6053669436321347
2013-06-06,2527.845,2.572100562274495
2013-06-07,2484.16,2.527650758958642
2013-06-13,2399.937,2.441953247577824
2013-06-14,2416.771,2.4590819642773565
2013-06-17,2403.839,2.445923560786899
2013-06-18,2418.745,2.4610905235481697
2013-06-19,2400.765,2.442795743563758
2013-06-20,2321.466,2.36210843778045
2013-06-21,2317.394,2.357965148342379
2013-06-24,2171.21,2.209221871521397
2013-06-25,2165.421,2.203331522170465
2013-06-26,2168.297,2.2062578729621873
2013-06-27,2160.735,2.198563483293549
2013-06-28,2200.639,2.239166091775082
2013-07-01,2213.317,2.252066048429274
2013-07-02,2221.984,2.2608847835863872
2013-07-03,2203.828,2.2424109223296034
2013-07-04,2221.979,2.26087969605024
2013-07-05,2226.849,2.2658349562573643
2013-07-08,2163.619,2.2014979741431064
2013-07-09,2162.669,2.2005313422751867
2013-07-10,2224.065,2.263002216130746
2013-07-11,2326.688,2.3674218605323194
2013-07-12,2275.373,2.31520847705623
2013-07-15,2307.297,2.3476913778472395
2013-07-16,2317.848,2.3584270966245215
2013-07-17,2282.836,2.322802133509158
2013-07-18,2245.328,2.284637472349241
2013-07-19,2190.478,2.228827200817262
2013-07-22,2202.189,2.2407432279806345
2013-07-23,2265.845,2.305513668174612
2013-07-24,2249.151,2.2885274024871944
2013-07-25,2237.683,2.276858629580563
2013-07-26,2224.008,2.2629442182186703
2013-07-29,2175.97,2.214065205933288
2013-07-30,2189.388,2.227718117937228
2013-07-31,2193.021,2.231414721701598
2013-08-01,2245.364,2.284674102609499
2013-08-02,2247.263,2.2866063488381085
2013-08-05,2278.329,2.3182162284263033
2013-08-06,2293.641,2.3337962991227053
2013-08-07,2280.623,2.320550390010521
2013-08-08,2276.782,2.316642144742439
2013-08-09,2286.01,2.326031701455239
2013-08-12,2352.794,2.393984904262745
2013-08-13,2359.068,2.400368744619931
2013-08-14,2349.08,2.3902058824127943
2013-08-15,2321.576,2.362220363575683
2013-08-16,2304.144,2.344483177552976
2013-08-19,2331.43,2.3722468798140808
2013-08-20,2312.465,2.3529498552087214
2013-08-21,2308.589,2.34900599718761
2013-08-22,2303.932,2.3442674660203457
2013-08-23,2286.929,2.326966790599047
2013-08-26,2335.616,2.376506165076303
2013-08-27,2340.881,2.3818633406390353
2013-08-28,2328.056,2.368813810422123
2013-08-29,2318.311,2.3588982024717287
2013-08-30,2313.91,2.3544201531551883
2013-09-02,2320.344,2.360966794669076
2013-09-03,2354.502,2.395722806610541
2013-09-04,2350.699,2.391853226617175
2013-09-05,2341.735,2.3827322918129337
2013-09-06,2357.782,2.3990602303229367
2013-09-09,2440.609,2.483337301611528
2013-09-10,2474.894,2.518222536971125
2013-09-11,2482.889,2.5263575072700895
2013-09-12,2507.455,2.551353589867256
2013-09-13,2488.902,2.5324757782404044
2013-09-16,2478.39,2.5217797422450685
2013-09-17,2427.322,2.469817683054638
2013-09-18,2432.51,2.4750965105607077
2013-09-23,2472.288,2.515570913131338
2013-09-24,2443.885,2.486670655295006
2013-09-25,2429.03,2.4715555854024345
2013-09-26,2384.443,2.426187990565673
2013-09-27,2394.971,2.436900306676679
2013-09-30,2409.037,2.4512125633652624
2013-10-08,2441.811,2.4845603453012535
2013-10-09,2453.583,2.4965384404056192
2013-10-10,2429.317,2.471847609977269
2013-10-11,2468.508,2.511724735804248
2013-10-14,2472.542,2.5158293599676025
2013-10-15,2467.517,2.5107163861399235
2013-10-16,2421.371,2.463762497532545
2013-10-17,2413.33,2.455580721901029
2013-10-18,2426.054,2.4685274838877733
2013-10-21,2471.322,2.5145880011477484
2013-10-22,2445.891,2.48871177479716
2013-10-23,2418.491,2.460832076711905
2013-10-24,2400.511,2.4425372967274934
2013-10-25,2368.559,2.4100259057340603
2013-10-28,2365.954,2.4073752994015023
2013-10-29,2372.053,2.413581075993545
2013-10-30,2407.471,2.44961914704404
2013-10-31,2373.718,2.4152752255304772
2013-11-01,2384.96,2.426714041803267
2013-11-04,2380.454,2.422129154227641
2013-11-05,2383.769,2.4255021906930647
2013-11-06,2353.568,2.394772454858292
2013-11-07,2340.552,2.3815285807605666
2013-11-08,2307.945,2.3483507225318836
2013-11-11,2315.889,2.356433799962149
2013-11-12,2340.0,2.380966916769944
2013-11-13,2288.116,2.3281745716803317
2013-11-14,2304.501,2.3448464276338687
2013-11-15,2350.734,2.391888839370204
2013-11-18,2428.903,2.4714263619843018
2013-11-19,2412.163,2.4543932909643322
2013-11-20,2424.85,2.4673024051835886
2013-11-21,2409.989,2.452181230247641
2013-11-22,2397.962,2.439943670799781
2013-11-25,2388.629,2.4304472758278948
2013-11-26,2387.416,2.4292130395586464
2013-11-27,2414.481,2.456751872722056
2013-11-28,2439.53,2.4822394113110176
2013-11-29,2438.944,2.4816431520745956
2013-12-02,2418.788,2.4611342763590334
2013-12-03,2442.784,2.485550379835449
2013-12-04,2475.135,2.518467756213408
2013-12-05,2468.197,2.511408291055908
2013-12-06,2452.287,2.495219751036331
2013-12-09,2450.872,2.493779978306746
2013-12-10,2453.322,2.496272871018749
2013-12-11,2412.763,2.4550037953019657
2013-12-12,2410.015,2.4522076854356047
2013-12-13,2406.639,2.4487725810291883
2013-12-16,2367.923,2.409378771136169
2013-12-17,2356.376,2.397629615158416
2013-12-18,2357.226,2.3984944963033965
2013-12-19,2332.41,2.373244036898882
2013-12-20,2278.136,2.318019849531031
2013-12-23,2284.602,2.3245990512762593
2013-12-24,2288.248,2.328308882634611
2013-12-25,2305.11,2.345466089536566
2013-12-26,2265.334,2.3049937219803946
2013-12-27,2303.478,2.3438055177382036
2013-12-30,2299.458,2.3397151386760604
2013-12-31,2330.026,2.370818299664019
2014-01-02,2321.978,2.3626294014818976
2014-01-03,2290.779,2.3308841934321944
2014-01-06,2238.637,2.2778293314774003
2014-01-07,2238.001,2.277182196879509
2014-01-08,2241.911,2.281160650146419
2014-01-09,2222.221,2.2611259327997524
2014-01-10,2204.851,2.243451832225268
2014-01-13,2193.679,2.232084241458536
2014-01-14,2212.846,2.251586802524232
2014-01-15,2208.941,2.2476134367934684
2014-01-16,2211.844,2.2505672602803846
2014-01-17,2178.488,2.216627289136889
2014-01-20,2165.993,2.2039135363056754
2014-01-21,2187.41,2.2257054886374967
2014-01-22,2243.796,2.2830786512738173
2014-01-23,2231.889,2.2709631926934843
2014-01-24,2245.678,2.284993599879527
2014-01-27,2215.919,2.2547136022401437
2014-01-28,2219.855,2.2587185106950187
2014-01-29,2227.781,2.2667832729951547
2014-01-30,2202.45,2.2410087973675052
2014-02-07,2212.483,2.251217447399964
2014-02-10,2267.534,2.3072322378850503
2014-02-11,2285.562,2.3255758582164727
2014-02-12,2291.246,2.331359369308319
2014-02-13,2279.554,2.3194626747823044
2014-02-14,2295.575,2.335764158104343
2014-02-17,2311.647,2.3521175342950813
2014-02-18,2282.442,2.3224012356607795
2014-02-19,2308.656,2.349074170171979
2014-02-20,2287.436,2.3274826667643476
2014-02-21,2264.294,2.30393551446183
2014-02-24,2214.509,2.2532789170467056
2014-02-25,2157.909,2.195688007863296
2014-02-26,2163.405,2.2012802275960173
2014-02-27,2154.108,2.191820462884389
2014-02-28,2178.971,2.2171187451286842
2014-03-03,2190.37,2.2287173100364877
2014-03-04,2184.273,2.222513568458904
2014-03-05,2163.976,2.201861224223998
2014-03-06,2173.634,2.211688309045436
2014-03-07,2168.358,2.2063199409031804
2014-03-10,2097.787,2.1345134382179785
2014-03-11,2108.661,2.145577811830353
2014-03-12,2114.134,2.1511466288967984
2014-03-13,2140.333,2.1778043007995573
2014-03-14,2122.836,2.16000097680694
2014-03-17,2143.038,2.180556657855054
2014-03-18,2138.133,2.1755657848949017
2014-03-19,2120.87,2.1580005575939616
2014-03-20,2086.967,2.123504009995991
2014-03-21,2158.798,2.196592571790222
2014-03-24,2176.554,2.2146594301552516
2014-03-25,2174.44,2.2125084198723233
2014-03-26,2171.047,2.209056017843007
2014-03-27,2155.707,2.1934474569441815
2014-03-28,2151.965,2.1896399448918085
2014-03-31,2146.305,2.1838808539734673
2014-04-01,2163.115,2.200985150499494
2014-04-02,2180.727,2.218905487823491
2014-04-03,2165.008,2.2029112916847273
2014-04-04,2185.472,2.2237335596269414
2014-04-08,2237.316,2.2764852044273773
2014-04-09,2238.62,2.2778120338545005
2014-04-10,2273.761,2.313568255402455
2014-04-11,2270.666,2.3104190705274963
2014-04-14,2268.613,2.3083301281855606
2014-04-15,2229.463,2.2684947201549868
2014-04-16,2232.526,2.271611344798605
2014-04-17,2224.803,2.2637531364660344
2014-04-18,2224.479,2.2634234641237123
2014-04-21,2187.248,2.2255406524663357
2014-04-22,2196.795,2.2352547939853116
2014-04-23,2194.668,2.2330905561084013
2014-04-24,2190.474,2.2288231307883444
2014-04-25,2167.826,2.2057786270571453
2014-04-28,2134.969,2.1723463920211152
2014-04-29,2158.47,2.1962588294189826
2014-04-30,2158.659,2.1964511382853376
2014-05-05,2156.47,2.194223814960205
2014-05-06,2157.328,2.195096836163021
2014-05-07,2137.316,2.174734481488491
2014-05-08,2135.496,2.1728826183310033
2014-05-09,2133.911,2.171269869372422
2014-05-12,2180.054,2.2182207054581125
2014-05-13,2174.852,2.2129276328508314
2014-05-14,2172.372,2.210404214921947
2014-05-15,2144.084,2.181620970416995
2014-05-16,2145.952,2.1835216739214935
2014-05-19,2115.143,2.1521732936912517
2014-05-20,2115.771,2.152812288231308
2014-05-21,2135.905,2.1732987787878235
2014-05-22,2130.868,2.1681735948733913
2014-05-23,2148.414,2.186026776720249
2014-05-26,2155.976,2.193721166388887
2014-05-27,2147.28,2.184872923522122
2014-05-28,2169.352,2.2073313430891925
2014-05-29,2155.164,2.1928949505186237
2014-05-30,2156.464,2.194217709916829
2014-06-03,2149.918,2.1875571075932494
2014-06-04,2128.274,2.165534181120357
2014-06-05,2150.602,2.1882530825381514
2014-06-06,2134.716,2.17208896269208
2014-06-09,2134.281,2.1716463470472958
2014-06-10,2161.268,2.199105814646813
2014-06-11,2160.766,2.19859502601766
2014-06-12,2153.41,2.1911102428382754
2014-06-13,2176.242,2.2143419678996823
2014-06-16,2191.855,2.2302283082721304
2014-06-17,2169.674,2.207658980417056
2014-06-18,2160.239,2.198058799707772
2014-06-19,2126.907,2.1641432487377825
2014-06-20,2136.729,2.1741372047448397
2014-06-23,2134.11,2.1714723533110702
2014-06-24,2144.821,2.182370873245054
2014-06-25,2133.371,2.170720415468552
2014-06-26,2149.076,2.186700366506104
2014-06-27,2150.258,2.1879030600512417
2014-06-30,2165.118,2.20302321747996
2014-07-01,2164.559,2.202454430938732
2014-07-02,2170.867,2.208872866541717
2014-07-03,2180.192,2.218361121455768
2014-07-04,2178.695,2.216837913133373
2014-07-07,2176.289,2.2143897907394634
2014-07-08,2180.473,2.2186470409872263
2014-07-09,2148.71,2.1863279588601476
2014-07-10,2142.847,2.180362313974241
2014-07-11,2148.009,2.1856146862923462
2014-07-14,2171.758,2.209779465483102
2014-07-15,2174.976,2.213053803747276
2014-07-16,2170.868,2.208873884048946
2014-07-17,2157.068,2.1948322842833803
2014-07-18,2164.144,2.2020321654385353
2014-07-21,2166.295,2.204220823488951
2014-07-22,2192.698,2.231086066866505
2014-07-23,2197.833,2.236310966489417
2014-07-24,2237.015,2.2761789347513313
2014-07-25,2260.454,2.3000282867009774
2014-07-28,2323.897,2.364581997855095
2014-07-29,2331.369,2.3721848118730886
2014-07-30,2322.011,2.362662979220467
2014-07-31,2350.251,2.391397383378409
2014-08-01,2329.402,2.3701833751528807
2014-08-04,2375.62,2.417210524280775
2014-08-05,2369.353,2.410833806474195
2014-08-06,2363.221,2.4045944521435825
2014-08-07,2327.457,2.368204323591719
2014-08-08,2331.134,2.371945697674182
2014-08-11,2365.349,2.4067597075277223
2014-08-12,2357.052,2.3983174500454827
2014-08-13,2358.901,2.4001988209126224
2014-08-14,2335.945,2.376840924954772
2014-08-15,2360.635,2.401963178448383
2014-08-18,2374.562,2.4161340016320816
2014-08-19,2374.768,2.416343608121336
2014-08-20,2366.14,2.4075645557461685
2014-08-21,2354.244,2.3954602897453587
2014-08-22,2365.364,2.406774970136163
2014-08-25,2342.863,2.383880039967684
2014-08-26,2324.092,2.364780411764826
2014-08-27,2327.595,2.3683447395893746
2014-08-28,2311.278,2.3517420741274364
2014-08-29,2338.287,2.3792239268860005
2014-09-01,2355.317,2.396552075002493
2014-09-02,2386.46,2.4282403026473505
2014-09-03,2408.838,2.4510100794266148
2014-09-04,2426.224,2.4687004601167692
2014-09-05,2449.259,2.4921387391457417
2014-09-09,2445.224,2.488033097475158
2014-09-10,2432.433,2.475018162504045
2014-09-11,2423.454,2.4658819650913624
2014-09-12,2438.358,2.4810468928381737
2014-09-15,2437.189,2.4798574268870177
2014-09-16,2388.765,2.4305856568110915
2014-09-17,2401.326,2.443366565119445
2014-09-18,2408.664,2.450833033168701
2014-09-19,2425.211,2.467669725293398
2014-09-22,2378.92,2.4205682981377583
2014-09-23,2399.462,2.4414699316438644
2014-09-24,2441.864,2.484614273184411
2014-09-25,2436.965,2.479629505267635
2014-09-26,2437.201,2.479869636973771
2014-09-29,2447.799,2.490653178590834
2014-09-30,2450.988,2.493898009145355
2014-10-08,2478.383,2.5217726196944628
2014-10-09,2481.955,2.52540715551784
2014-10-10,2466.789,2.5099756408769287
2014-10-13,2454.946,2.4979253027592763
2014-10-14,2446.562,2.4893945221480798
2014-10-15,2463.874,2.5070096073032597
2014-10-16,2444.395,2.487189583981994
2014-10-17,2441.732,2.4844799622301315
2014-10-20,2454.711,2.4976861885603694
2014-10-21,2433.391,2.475992934429799
2014-10-22,2418.641,2.4609847027963134
2014-10-23,2395.936,2.437882201153039
2014-10-24,2390.706,2.4325606383433356
2014-10-27,2368.832,2.4103036852076833
2014-10-28,2416.653,2.4589618984242883
2014-10-29,2451.384,2.494300942008193
2014-10-30,2468.925,2.5121490363189034
2014-10-31,2508.325,2.5522388211568243
2014-11-03,2512.548,2.5565357541865334
2014-11-04,2513.172,2.557170678697672
2014-11-05,2503.448,2.547276438399095
2014-11-06,2506.067,2.5499412898328644
2014-11-07,2502.153,2.5459587665370362
2014-11-10,2565.73,2.610648823659892
2014-11-11,2558.612,2.603406207201102
2014-11-12,2594.318,2.639737320333661
2014-11-13,2579.75,2.6249142750159242
2014-11-14,2581.093,2.626280787224993
2014-11-17,2567.101,2.6120438260713845
2014-11-18,2541.416,2.5859091528845313
2014-11-19,2537.223,2.581642745071704
2014-11-20,2537.099,2.58151657417526
2014-11-21,2583.455,2.62868413930081
2014-11-24,2649.258,2.695639167516285
2014-11-25,2685.561,2.7325777324647893
2014-11-26,2723.018,2.770690500756008
2014-11-27,2754.49,2.802713488279334
2014-11-28,2808.819,2.857993638544802
2014-12-01,2819.812,2.8691790955174734
2014-12-02,2923.94,2.9751300882992773
2014-12-03,2967.549,3.0195025610656963
2014-12-04,3104.351,3.158699585060552
2014-12-05,3124.885,3.179593078508823
2014-12-08,3252.881,3.3098299338416797
2014-12-09,3106.913,3.1613064385822462
2014-12-10,3221.546,3.2779463448087798
2014-12-11,3183.012,3.2387377212315096
2014-12-12,3193.227,3.2491315575797164
2014-12-15,3217.228,3.273552748592279
2014-12-16,3303.402,3.361235416577635
2014-12-17,3360.598,3.4194327600697605
2014-12-18,3345.927,3.4045049115073964
2014-12-19,3383.167,3.4423968807298375
2014-12-22,3394.481,3.4539089575231436
2014-12-23,3324.924,3.383134207168542
2014-12-24,3230.385,3.2869400912093485
2014-12-25,3335.419,3.393812945540978
2014-12-26,3445.839,3.5061660938100965
2014-12-29,3455.455,3.5159504433279
2014-12-30,3457.554,3.518086191002387
2014-12-31,3533.705,3.5955703840275786
2015-01-05,3641.541,3.7052942936159563
2015-01-06,3641.059,3.704803855131391
2015-01-07,3643.79,3.7075826673748518
2015-01-08,3559.259,3.6215717637673817
2015-01-09,3546.723,3.6088162931397627
2015-01-12,3513.576,3.57508898100721
2015-01-13,3514.04,3.5755611043616464
2015-01-14,3502.423,3.563740722877836
2015-01-15,3604.121,3.667219173092225
2015-01-16,3635.146,3.6987873348840146
2015-01-19,3355.155,3.413894468220197
2015-01-20,3396.222,3.4556804376095096
2015-01-21,3548.885,3.6110161437697017
2015-01-22,3567.613,3.630072019161696
2015-01-23,3571.732,3.634263131439549
2015-01-26,3607.985,3.6711508210265835
2015-01-27,3574.931,3.637518137066364
2015-01-28,3525.323,3.587041638430841
2015-01-29,3481.798,3.5427546362716904
2015-01-30,3434.39,3.494516653540823
2015-02-02,3353.96,3.412678547081077
2015-02-03,3437.445,3.497625138126607
2015-02-04,3401.768,3.4613235327037
2015-02-05,3366.946,3.4258918959619207
2015-02-06,3312.42,3.370411296772264
2015-02-09,3345.921,3.40449880646402
2015-02-10,3406.943,3.4665891326157876
2015-02-11,3434.124,3.494245996617806
2015-02-12,3442.874,3.5031491848749585
2015-02-13,3469.828,3.530575074735906
2015-02-16,3499.483,3.560749251623433
2015-02-17,3522.322,3.5839880992354454
2015-02-25,3478.729,3.539631906584696
2015-02-26,3566.295,3.6287309446333618
2015-02-27,3572.843,3.6353935819713996
2015-03-02,3601.265,3.66431317244509
2015-03-03,3507.9,3.569313609973199
2015-03-04,3530.822,3.5926369106852505
2015-03-05,3496.344,3.5575552964303814
2015-03-06,3478.52,3.539419247573754
2015-03-09,3537.75,3.5996862007704564
2015-03-10,3520.611,3.5822471443659607
2015-03-11,3524.653,3.5863599085871503
2015-03-12,3592.844,3.6557447440664066
2015-03-13,3617.657,3.680992150949233
2015-03-16,3705.671,3.770547032236664
2015-03-17,3757.122,3.8228987966959505
2015-03-18,3846.055,3.9133887671271905
2015-03-19,3839.739,3.9069621914663704
2015-03-20,3892.574,3.960722185931131
2015-03-23,3972.061,4.041600783073564
2015-03-24,3973.046,4.042603027694511
2015-03-25,3940.412,4.009397696770636
2015-03-26,3949.999,4.019152538578786
2015-03-27,3971.697,4.041230410442067
2015-03-30,4088.178,4.159750670028511
2015-03-31,4051.204,4.1221293577290865
2015-04-01,4123.895,4.196092975740593
2015-04-02,4124.776,4.196989399609684
2015-04-03,4170.538,4.243552565440977
2015-04-07,4260.044,4.334625567514657
2015-04-08,4295.803,4.371010608530374
2015-04-09,4262.138,4.336756227652997
2015-04-10,4344.416,4.420474687472654
2015-04-13,4421.073,4.4984737391559175
2015-04-14,4438.184,4.51588430535799
2015-04-15,4380.513,4.457203645931904
2015-04-16,4513.546,4.592565685179194
2015-04-17,4596.136,4.67660160725442
2015-04-20,4521.919,4.601085273210866
2015-04-21,4619.164,4.700032763732787
2015-04-22,4739.814,4.822795010958553
2015-04-23,4740.892,4.823891883751834
2015-04-24,4702.641,4.78497121472048
2015-04-27,4807.592,4.891759615952071
2015-04-28,4741.861,4.8248778482571115
2015-04-29,4774.326,4.857911220459221
2015-04-30,4749.886,4.833043343772958
2015-05-04,4787.741,4.871561079941473
2015-05-05,4596.837,4.677314879822221
2015-05-06,4553.327,4.6330431402715115
2015-05-07,4470.089,4.548347873511641
2015-05-08,4558.404,4.6382090244751195
2015-05-11,4690.532,4.772650219679811
2015-05-12,4747.421,4.830535188452514
2015-05-13,4718.436,4.801042741408677
2015-05-14,4700.778,4.78307559875213
2015-05-15,4617.47,4.698309106486202
2015-05-18,4575.14,4.655238025466171
2015-05-19,4731.222,4.814052588843643
2015-05-20,4754.919,4.838164457658472
2015-05-21,4840.976,4.925728077297989
2015-05-22,4951.335,5.038019157626115
2015-05-25,5099.495,5.188773028732369
2015-05-26,5198.918,5.289936649999898
2015-05-27,5181.434,5.272146553601264
2015-05-28,4834.007,4.918637069416378
2015-05-29,4840.829,4.925578503735269
2015-06-01,5076.179,5.165048830171939
2015-06-02,5161.87,5.2522400421655
2015-06-03,5143.59,5.233640010012271
2015-06-04,5181.416,5.272128238471135
2015-06-05,5230.552,5.322124473694386
2015-06-08,5353.751,5.447480346847865
2015-06-09,5317.461,5.410555009493343
2015-06-10,5309.112,5.402059841635175
2015-06-11,5306.59,5.399493688402656
2015-06-12,5335.115,5.4285180821209735
2015-06-15,5221.167,5.312575168346571
2015-06-16,5064.821,5.1534919830605395
2015-06-17,5138.831,5.22879769310761
2015-06-18,4930.549,5.016869252356038
2015-06-19,4637.052,4.718233933052094
2015-06-23,4786.091,4.869882193012982
2015-06-24,4880.126,4.9655634853285635
2015-06-25,4706.516,4.788914055234362
2015-06-26,4336.195,4.412109760539848
2015-06-29,4191.549,4.264931409837667
2015-06-30,4472.998,4.551307802041933
2015-07-01,4253.021,4.327479614242659
2015-07-02,4107.996,4.179915628300539
2015-07-03,3885.917,3.9539486403050894
2015-07-06,3998.537,4.068540304478863
2015-07-07,3928.002,3.99677043205392
2015-07-08,3663.038,3.7271676465261288
2015-07-09,3897.626,3.965862632454004
2015-07-10,4106.556,4.178450417890219
2015-07-13,4211.812,4.285549158826774
2015-07-14,4112.149,4.184141335824191
2015-07-15,3966.759,4.036205959743344
2015-07-16,3997.355,4.067337610933726
2015-07-17,4151.496,4.224177192778955
2015-07-20,4160.612,4.233452788682063
2015-07-21,4166.006,4.238941222677387
2015-07-22,4157.16,4.229940353726213
2015-07-23,4250.805,4.325224818222334
2015-07-24,4176.279,4.2493940744449
2015-07-27,3818.731,3.8855863995913693
2015-07-28,3811.093,3.877814679373297
2015-07-29,3930.379,3.999189046738177
2015-07-30,3815.412,3.882209293097027
2015-07-31,3816.699,3.883518824901251
2015-08-03,3829.235,3.89627429552887
2015-08-04,3948.156,4.017277272755023
2015-08-05,3866.9,3.9345987053238014
2015-08-06,3831.852,3.89893711194818
2015-08-07,3906.945,3.9753447823246786
2015-08-10,4084.365,4.1558709149628505
2015-08-11,4066.669,4.137865107031585
2015-08-12,4016.126,4.086437239136584
2015-08-13,4075.463,4.146813065606832
2015-08-14,4073.54,4.144856399204716
2015-08-17,4077.872,4.149264240522429
2015-08-18,3825.412,3.892384365390916
2015-08-19,3886.136,3.9541714743883256
2015-08-20,3761.454,3.8273066380136633
2015-08-21,3589.536,3.6523788301515885
2015-08-24,3275.534,3.332879525109026
2015-08-25,3042.927,3.0962002210025705
2015-08-26,3025.692,3.0786634839040534
2015-08-27,3205.637,3.2617588222964327
2015-08-28,3342.286,3.4008001676851913
2015-08-31,3366.536,3.4254747179978713
2015-09-01,3362.083,3.4209437583054028
2015-09-02,3365.832,3.4247583929083816
2015-09-07,3250.485,3.3073919865200643
2015-09-08,3334.023,3.3923925054487514
2015-09-09,3399.305,3.458817412397715
2015-09-10,3357.561,3.4163425906141067
2015-09-11,3347.188,3.405787988123656
2015-09-14,3281.132,3.3385755305791447
2015-09-15,3152.232,3.2074188487109203
2015-09-16,3309.248,3.367183763840642
2015-09-17,3236.999,3.293669884024526
2015-09-18,3251.273,3.308193782216823
2015-09-21,3308.247,3.3661652391040238
2015-09-22,3339.03,3.3974871641463014
2015-09-23,3263.028,3.3201545796982885
2015-09-24,3284.999,3.3425102310351913
2015-09-25,3231.951,3.288533507530571
2015-09-28,3242.752,3.2995236031152
2015-09-29,3178.854,3.2345069261717105
2015-09-30,3202.948,3.2590227453566056
2015-10-08,3296.482,3.3541942665502638
2015-10-09,3340.116,3.3985921769974174
2015-10-12,3447.693,3.5080525522133836
2015-10-13,3445.043,3.5053561580555033
2015-10-14,3406.112,3.465743584108165
2015-10-15,3486.815,3.547859470041535
2015-10-16,3534.065,3.5959366866301585
2015-10-19,3534.182,3.5960557349759967
2015-10-20,3577.703,3.6403386671062297
2015-10-21,3473.254,3.534061054503792
2015-10-22,3524.534,3.5862388252268533
2015-10-23,3571.241,3.633763535389919
2015-10-26,3589.261,3.6520990156635063
2015-10-27,3592.879,3.6557803568194354
2015-10-28,3524.92,3.5866315830173976
2015-10-29,3533.306,3.5951643986430524
2015-10-30,3534.079,3.59595093173137
2015-11-02,3475.962,3.536816464080977
2015-11-03,3465.493,3.5261641808965054
2015-11-04,3628.538,3.692063647112213
2015-11-05,3705.97,3.770851266898251
2015-11-06,3793.374,3.8597854687757556
2015-11-09,3840.355,3.907588975919674
2015-11-10,3833.238,3.900347376968113
2015-11-11,3833.646,3.9007625199177043
2015-11-12,3795.324,3.861769607873064
2015-11-13,3746.242,3.8118283180401997
2015-11-16,3764.126,3.8300254173305905
2015-11-17,3758.387,3.824185943341128
2015-11-18,3715.58,3.780629511372678
2015-11-19,3774.969,3.8410582482188538
2015-11-20,3774.383,3.8404619889824314
2015-11-23,3753.335,3.819045496818255
2015-11-24,3753.889,3.8196091958233365
2015-11-25,3781.607,3.847812461207537
2015-11-26,3759.429,3.8252461858741507
2015-11-27,3556.992,3.6192650748783572
2015-11-30,3566.412,3.6288499929792
2015-12-01,3591.696,3.6545766457670683
2015-12-02,3721.955,3.7871161199600323
2015-12-03,3749.299,3.8149388376404416
2015-12-04,3677.592,3.741976446742654
2015-12-07,3687.607,3.7521667816449837
2015-12-08,3623.02,3.686449042220445
2015-12-09,3635.938,3.6995932006096903
2015-12-10,3623.084,3.686514162683126
2015-12-11,3608.059,3.6712261165615585
2015-12-14,3711.322,3.7762969655899408
2015-12-15,3694.388,3.7590664981674693
2015-12-16,3685.44,3.749961843478898
2015-12-17,3755.888,3.821643192774885
2015-12-18,3767.913,3.833878717208286
2015-12-21,3865.965,3.933647336064323
2015-12-22,3876.732,3.9446028364031527
2015-12-23,3866.381,3.9340706190717483
2015-12-24,3829.402,3.896444219236178
2015-12-25,3838.201,3.9053972653475704
2015-12-28,3727.632,3.7928925085012732
2015-12-29,3761.875,3.827735008557236
2015-12-30,3765.175,3.831092782414219
2015-12-31,3731.005,3.796324560386002
2016-01-04,3469.066,3.5297997342271117
2016-01-05,3478.78,3.539683799453395
2016-01-06,3539.808,3.6017802306485387
2016-01-07,3294.384,3.352059536383006
2016-01-08,3361.563,3.420414654546121
2016-01-11,3192.45,3.2483409544624813
2016-01-12,3215.71,3.2720081726180665
2016-01-13,3155.879,3.211129697576501
2016-01-14,3221.571,3.2779717824895145
2016-01-15,3118.73,3.1733303215119344
2016-01-18,3130.729,3.1855393907573712
2016-01-19,3223.125,3.279552988723985
2016-01-20,3174.378,3.229952563812966
2016-01-21,3081.345,3.1352908137412316
2016-01-22,3113.463,3.1679711109347433
2016-01-25,3128.886,3.1836641249336077
2016-01-26,2940.509,2.9919891655830217
2016-01-27,2930.352,2.981654344654119
2016-01-28,2853.756,2.903717360911849
2016-01-29,2946.09,2.997667873430241
2016-02-01,2901.048,2.9518373128041073
2016-02-02,2961.334,3.0131787536350445
2016-02-03,2948.639,3.0002614993579533
2016-02-04,2984.76,3.0370148779907082
2016-02-05,2963.789,3.0156767338831947
2016-02-15,2946.707,2.9982956753907737
2016-02-16,3037.035,3.090205068407011
2016-02-17,3063.32,3.1169502459314975
2016-02-18,3053.698,3.1071597913703175
2016-02-19,3051.585,3.1050097985946192
2016-02-22,3118.867,3.1734697200023607
2016-02-23,3089.363,3.1434491867064716
2016-02-24,3109.545,3.1639845176099977
2016-02-25,2918.75,2.969849225778749
2016-02-26,2948.031,2.9996428549624845
2016-02-29,2877.467,2.9278434748278888
2016-03-01,2930.694,2.98200233212657
2016-03-02,3051.333,3.104753386772813
2016-03-03,3058.422,3.111966495521951
2016-03-04,3093.889,3.148054424426686
2016-03-07,3104.84,3.1591971460957233
2016-03-08,3107.673,3.1620797440765815
2016-03-09,3071.907,3.1256875805102595
2016-03-10,3013.146,3.065897838204141
2016-03-11,3018.284,3.0711257903487406
2016-03-14,3065.69,3.119361738065149
2016-03-15,3074.78,3.128610878780294
2016-03-16,3090.033,3.144130916550162
2016-03-17,3124.204,3.1789001560856094
2016-03-18,3171.963,3.227495283853992
2016-03-21,3249.437,3.306325638943665
2016-03-22,3225.79,3.282264645490306
2016-03-23,3236.092,3.2927470049674703
2016-03-24,3181.851,3.237556395338189
2016-03-25,3197.817,3.2538019157626117
2016-03-28,3169.728,3.2252211551963077
2016-03-29,3135.41,3.1903023420981405
2016-03-30,3216.275,3.272583064202671
2016-03-31,3218.088,3.2744278048095534
2016-04-01,3221.895,3.2783014548318365
2016-04-05,3264.486,3.321638105238738
2016-04-06,3257.528,3.3145582899366497
2016-04-07,3209.29,3.26547577620539
2016-04-08,3185.726,3.241499235852071
2016-04-11,3230.096,3.2866460316200548
2016-04-12,3218.45,3.2747961424265917
2016-04-13,3261.383,3.318480780305944
2016-04-14,3275.832,3.3331827422633835
2016-04-15,3272.205,3.3294922435423904
2016-04-18,3228.453,3.284974267242169
2016-04-19,3238.303,3.294996713451649
2016-04-20,3181.026,3.236716951873943
2016-04-21,3160.603,3.2159364017281344
2016-04-22,3174.901,3.230484720093936
2016-04-25,3162.033,3.2173914370661603
2016-04-26,3179.16,3.234818283383903
2016-04-27,3165.916,3.2213424176378775
2016-04-28,3160.581,3.215914016569088
2016-04-29,3156.745,3.212010858837152
2016-05-03,3213.54,3.2698001819302926
2016-05-04,3209.461,3.265649769941615
2016-05-05,3213.92,3.2701868346774603
2016-05-06,3130.354,3.18515782554635
2016-05-09,3065.615,3.1192854250229445
2016-05-10,3069.112,3.122843647804118
2016-05-11,3082.809,3.136780444325057
2016-05-12,3090.137,3.144236737302019
2016-05-13,3074.935,3.128768592400849
2016-05-16,3095.309,3.149499284692418
2016-05-17,3086.025,3.1400527475747717
2016-05-18,3068.036,3.1217488100252955
2016-05-19,3062.5,3.1161158900033987
2016-05-20,3078.218,3.1321090686349327
2016-05-23,3087.222,3.1412707037283503
2016-05-24,3063.556,3.117190377637633
2016-05-25,3059.226,3.1127845713343794
2016-05-26,3064.211,3.1178568448728825
2016-05-27,3062.499,3.116114872496169
2016-05-30,3066.709,3.120398577931896
2016-05-31,3169.56,3.2250502139817705
2016-06-01,3160.547,3.2158794213232884
2016-06-02,3167.1,3.2225471461974737
2016-06-03,3189.325,3.245161244370641
2016-06-06,3178.788,3.234439770694571
2016-06-07,3177.054,3.2326754131588107
2016-06-08,3163.986,3.2193786286851567
2016-06-13,3066.341,3.120024135271481
2016-06-14,3075.983,3.1298349399772487
2016-06-15,3116.368,3.1709269694361177
2016-06-16,3094.675,3.1488541851089855
2016-06-17,3110.357,3.1648107334802615
2016-06-20,3112.674,3.1671682977307554
2016-06-21,3106.317,3.1607000042735303
2016-06-22,3133.961,3.188827974122756
2016-06-23,3117.317,3.171892583796808
2016-06-24,3077.156,3.1310284759573217
2016-06-27,3120.544,3.1751760796260458
2016-06-28,3136.401,3.1913106917624647
2016-06-29,3151.39,3.2065621076237747
2016-06-30,3153.921,3.2091374184213577
2016-07-01,3154.2,3.2094213029383574
2016-07-04,3204.696,3.2608013479935773
2016-07-05,3207.383,3.263535389918945
2016-07-06,3216.803,3.2731203080197884
2016-07-07,3209.954,3.2661514010057044
2016-07-08,3192.281,3.248168995740715
2016-07-11,3203.33,3.2594114331182324
2016-07-12,3273.182,3.330486348105503
2016-07-13,3282.868,3.3403419231293636
2016-07-14,3276.764,3.3341310590011743
2016-07-15,3276.278,3.3336365504876913
2016-07-18,3262.022,3.3191309674255236
2016-07-19,3248.234,3.3051015777467097
2016-07-20,3237.605,3.2942864934055356
2016-07-21,3252.523,3.309465666253559
2016-07-22,3225.162,3.2816256509502497
2016-07-25,3230.885,3.2874488448240426
2016-07-26,3269.588,3.32682942712308
2016-07-27,3218.243,3.2745855184301083
2016-07-28,3221.136,3.2775291668447304
2016-07-29,3203.93,3.2600219374558654
2016-08-01,3176.809,3.2324261238876106
2016-08-02,3189.053,3.2448844824042475
2016-08-03,3193.507,3.2494164596039457
2016-08-04,3201.289,3.25733470086305
2016-08-05,3205.11,3.2612225959865446
2016-08-08,3234.183,3.290804583666567
2016-08-09,3256.981,3.3140017134821744
2016-08-10,3243.341,3.30012291487331
2016-08-11,3233.36,3.28996717521678
2016-08-12,3294.234,3.3519069102985974
2016-08-15,3393.424,3.4528334523816793
2016-08-16,3378.245,3.4373887101467857
2016-08-17,3373.048,3.4321007250756517
2016-08-18,3364.485,3.423387810670395
2016-08-19,3365.02,3.4239321770381177
2016-08-22,3336.795,3.3952130354886174
2016-08-23,3341.83,3.40033618438859
2016-08-24,3329.863,3.3881596753744936
2016-08-25,3308.972,3.366902931845331
2016-08-26,3307.09,3.364987983239621
2016-08-29,3307.781,3.365691080735129
2016-08-30,3311.987,3.3699707161419385
2016-08-31,3327.794,3.386054452916888
2016-09-01,3301.577,3.3593784658840002
2016-09-02,3314.114,3.3721349540188483
2016-09-05,3319.68,3.377798399257627
2016-09-06,3342.626,3.401146120143184
2016-09-07,3340.817,3.3993054495652193
2016-09-08,3339.564,3.3980305130067947
2016-09-09,3318.044,3.3761337574303463
2016-09-12,3262.604,3.3197231566330276
2016-09-13,3260.333,3.317412397715086
2016-09-14,3238.73,3.2954311890385983
2016-09-19,3263.124,3.32025226039231
2016-09-20,3257.403,3.314431101532976
2016-09-21,3266.636,3.323825745781924
2016-09-22,3291.121,3.3487394102935104
2016-09-23,3275.667,3.3330148535705346
2016-09-26,3220.284,3.276662250685291
2016-09-27,3240.755,3.2974916411781106
2016-09-28,3230.89,3.2874539323601892
2016-09-29,3244.387,3.301187227435251
2016-09-30,3253.285,3.310241006762353
2016-10-10,3293.869,3.351535520159871
2016-10-11,3306.557,3.3644456518863564
2016-10-12,3300.01,3.357784032055548
2016-10-13,3302.646,3.360466181112217
2016-10-14,3305.848,3.36372423926072
2016-10-17,3277.879,3.3352655795619426
2016-10-18,3321.333,3.3794803387078067
2016-10-19,3316.241,3.3742991918957586
2016-10-20,3318.604,3.3767035614788043
2016-10-21,3327.74,3.385999507526501
2016-10-24,3367.578,3.4265349605308946
2016-10-25,3367.455,3.4264098071416798
2016-10-26,3354.8,3.413533253153764
2016-10-27,3345.695,3.4042688498301783
2016-10-28,3340.126,3.3986023520697115
2016-10-31,3336.278,3.394686984251023
2016-11-01,3359.052,3.417859693893125
2016-11-02,3333.352,3.3917097580978313
2016-11-03,3365.085,3.423998315008028
2016-11-04,3354.175,3.4128973111353957
2016-11-07,3356.592,3.415356626108829
2016-11-08,3371.118,3.4301369361229312
2016-11-09,3353.055,3.41175770303848
2016-11-10,3390.612,3.449972222052638
2016-11-11,3417.221,3.477047071919446
2016-11-14,3430.248,3.490302138596695
2016-11-15,3429.87,3.489917520863986
2016-11-16,3429.592,3.489634653854216
2016-11-17,3436.535,3.4966992065478624
2016-11-18,3417.455,3.477285168611123
2016-11-21,3441.111,3.5013553196295457
2016-11-22,3468.364,3.5290854441520807
2016-11-23,3474.729,3.5355618776671407
2016-11-24,3488.74,3.549818171458108
2016-11-25,3521.298,3.5829461718325506
2016-11-28,3535.081,3.596970473975218
2016-11-29,3564.04,3.6264364658310897
2016-11-30,3538.001,3.5999415950850335
2016-12-01,3565.036,3.627449903031561
2016-12-02,3528.955,3.5907372246879814
2016-12-05,3469.407,3.5301467041923336
2016-12-06,3459.153,3.5197131850621797
2016-12-07,3475.747,3.5365977000266584
2016-12-08,3470.143,3.5308955895131637
2016-12-09,3493.7,3.5548650073158767
2016-12-12,3409.179,3.4688642787807007
2016-12-13,3405.035,3.464647728822113
2016-12-14,3378.945,3.438100965207358
2016-12-15,3340.434,3.3989157442963633
2016-12-16,3346.031,3.4046107322592527
2016-12-19,3328.983,3.387264269012632
2016-12-20,3309.064,3.3669965425104342
2016-12-21,3338.536,3.3969845155749834
2016-12-22,3335.672,3.3940703748700134
2016-12-23,3307.599,3.36550589441938
2016-12-26,3322.401,3.380567036428794
2016-12-27,3316.385,3.3744457129367906
2016-12-28,3301.889,3.3596959281395695
2016-12-29,3297.765,3.3554997283255696
2016-12-30,3310.081,3.3680313473627232
2017-01-03,3342.227,3.4007401347586574
2017-01-04,3368.312,3.427281810837266
2017-01-05,3367.789,3.426749654556296
2017-01-06,3347.667,3.406275374086533
2017-01-09,3363.901,3.4227935864484316
2017-01-10,3358.271,3.4170650207469726
2017-01-11,3334.495,3.3928727688610225
2017-01-12,3317.624,3.3757064043940033
2017-01-13,3319.912,3.378034460934845
2017-01-16,3319.446,3.3775603025659495
2017-01-17,3326.356,3.384591277521027
2017-01-18,3339.365,3.397828029068146
2017-01-19,3329.289,3.3875756262248244
2017-01-20,3354.889,3.4136238112971795
2017-01-23,3364.081,3.422976737749722
2017-01-24,3364.451,3.4233532154245956
2017-01-25,3375.904,3.4350067257227863
2017-01-26,3387.961,3.4472748103875275
2017-02-03,3364.492,3.423394933221001
2017-02-06,3373.205,3.4322604737106657
2017-02-07,3365.685,3.4246088193456616
2017-02-08,3383.288,3.4425199991045936
2017-02-09,3396.292,3.4557516631155663
2017-02-10,3413.487,3.473247699924908
2017-02-13,3436.275,3.4964346546682217
2017-02-14,3435.804,3.4959554087631792
2017-02-15,3421.713,3.481617714393861
2017-02-16,3440.933,3.501174203342715
2017-02-17,3421.442,3.4813419699346966
2017-02-20,3471.393,3.5321674735498996
2017-02-21,3482.823,3.5437975811818143
2017-02-22,3489.757,3.550852976310397
2017-02-23,3473.323,3.53413126250262
2017-02-24,3473.852,3.5346695238269668
2017-02-27,3446.223,3.506556816586182
2017-02-28,3452.81,3.5132591367061665
2017-03-01,3458.438,3.518985667393167
2017-03-02,3435.096,3.495235013644772
2017-03-03,3427.863,3.487875383854602
2017-03-06,3446.484,3.5068223859730523
2017-03-07,3453.957,3.514426217498275
2017-03-08,3448.731,3.5091087247174895
2017-03-09,3426.944,3.486940294710794
2017-03-10,3427.892,3.4879048915642543
2017-03-13,3458.098,3.5186397149351745
2017-03-14,3456.693,3.5172101172778834
2017-03-15,3463.644,3.5242828100293653
2017-03-16,3481.507,3.542458541667939
2017-03-17,3445.805,3.5061314985642973
2017-03-20,3449.613,3.51000616609381
2017-03-21,3466.347,3.527033132070404
2017-03-22,3450.05,3.5104508167530533
2017-03-23,3461.978,3.5225876429852034
2017-03-24,3489.6,3.5506932276753824
2017-03-27,3478.039,3.5389298265964184
2017-03-28,3469.809,3.530555742098548
2017-03-29,3465.193,3.525858928727689
2017-03-30,3436.758,3.496926110660016
2017-03-31,3456.045,3.5165507725932392
2017-04-05,3503.893,3.5652364585050376
2017-04-06,3514.047,3.575568226912252
2017-04-07,3517.463,3.579044031607845
2017-04-10,3505.139,3.5665042725128564
2017-04-11,3517.328,3.5789066681318773
2017-04-12,3509.439,3.5708795535992284
2017-04-13,3514.566,3.576096313164305
2017-04-14,3486.504,3.5475430252931948
2017-04-17,3479.942,3.540866142853945
2017-04-18,3462.743,3.5233660360156858
2017-04-19,3445.876,3.506203741577584
2017-04-20,3461.548,3.522150114876566
2017-04-21,3466.787,3.5274808352513345
2017-04-24,3431.259,3.4913308384056068
2017-04-25,3440.974,3.50121592113912
2017-04-26,3445.183,3.5054986090676175
2017-04-27,3446.72,3.507062517679188
2017-04-28,3439.753,3.499973544812036
2017-05-02,3426.577,3.4865668695576084
2017-05-03,3413.128,3.4728824148295576
2017-05-04,3404.386,3.46398736663024
2017-05-05,3382.55,3.4417690787693047
2017-05-08,3358.813,3.4176165096653013
2017-05-09,3352.532,3.41122554675751
2017-05-10,3337.701,3.3961348970384435
2017-05-11,3356.646,3.4154115714992157
2017-05-12,3385.379,3.444647606721246
2017-05-15,3399.194,3.458704469095253
2017-05-16,3428.649,3.4886751445369018
2017-05-17,3409.966,3.46966505697023
2017-05-18,3398.113,3.4576045437802834
2017-05-19,3403.849,3.4634409652480582
2017-05-22,3411.239,3.4709603436732417
2017-05-23,3424.194,3.4841421498299745
2017-05-24,3424.167,3.484114677134781
2017-05-25,3485.658,3.5466822141771317
2017-05-26,3480.435,3.541367773918034
2017-05-31,3492.884,3.554034721416696
2017-06-01,3497.738,3.5589737015081493
2017-06-02,3486.507,3.547546077814883
2017-06-05,3468.753,3.5294812544643133
2017-06-06,3492.881,3.5540316688950075
2017-06-07,3533.871,3.595739290227657
2017-06-08,3560.978,3.623320858694701
2017-06-09,3576.17,3.6387788285235767
2017-06-12,3574.389,3.6369666481480354
2017-06-13,3582.267,3.6449825701011607
2017-06-14,3535.298,3.597191273043995
2017-06-15,3528.792,3.590571371009591
2017-06-16,3518.761,3.5803647559915914
2017-06-19,3553.665,3.61587982832618
2017-06-20,3546.494,3.608583283984233
2017-06-21,3587.955,3.6507701512219244
2017-06-22,3590.342,3.6531989409784758
2017-06-23,3622.883,3.6863096437300187
2017-06-26,3668.091,3.7323091105562303
2017-06-27,3674.715,3.7390490784437027
2017-06-28,3646.166,3.71000026455188
2017-06-29,3668.827,3.733057995877061
2017-06-30,3666.797,3.730992456201401
2017-07-03,3650.846,3.7147621983854195
2017-07-04,3619.984,3.6833598902720204
2017-07-05,3659.679,3.7237498397426116
2017-07-06,3660.096,3.724174140257267
2017-07-07,3655.929,3.7199341876324032
2017-07-10,3653.686,3.717651918916884
2017-07-11,3670.808,3.7350736776984803
2017-07-12,3658.823,3.7228788535542545
2017-07-13,3686.92,3.7514677541783934
2017-07-14,3703.094,3.767924916106529
2017-07-17,3663.557,3.7276957327781814
2017-07-18,3667.18,3.731382161470257
2017-07-19,3729.746,3.795043518784201
2017-07-20,3747.884,3.8134990649108564
2017-07-21,3728.597,3.7938744029776332
2017-07-24,3743.468,3.809005752985875
2017-07-25,3719.559,3.784678172638417
2017-07-26,3705.388,3.770259077690747
2017-07-27,3712.194,3.7771842318939677
2017-07-28,3721.891,3.7870509994973514
2017-07-31,3737.873,3.8033128000374443
2017-08-01,3770.382,3.836390942557647
2017-08-02,3760.852,3.8266940986615707
2017-08-03,3727.826,3.7930899049037743
2017-08-04,3707.579,3.772488436030338
2017-08-07,3726.794,3.792039837443045
2017-08-08,3732.212,3.797552691611874
2017-08-09,3731.044,3.7963642431679476
2017-08-10,3715.92,3.7809754638306705
2017-08-11,3647.35,3.711204993111476
2017-08-14,3694.683,3.759366662800139
2017-08-15,3706.056,3.7709387725199788
2017-08-16,3701.42,3.766221609004532
2017-08-17,3721.277,3.786426250058507
2017-08-18,3724.674,3.7898827221167406
2017-08-21,3740.994,3.806488440100367
2017-08-22,3752.298,3.8179903418213783
2017-08-23,3756.088,3.8218466942207625
2017-08-24,3734.645,3.800028286700977
2017-08-25,3795.754,3.862207135981701
2017-08-28,3842.711,3.909986222952114
2017-08-29,3834.537,3.9016691188590893
2017-08-30,3834.3,3.9014279696457246
2017-08-31,3822.092,3.889006241389345
2017-09-01,3830.538,3.8976001074487634
2017-09-04,3845.616,3.912942081453489
2017-09-05,3857.046,3.9245721890854033
2017-09-06,3849.449,3.9168421866637364
2017-09-07,3829.871,3.896921430126761
2017-09-08,3825.989,3.8929714670622735
2017-09-11,3825.645,3.8926214445753637
2017-09-12,3837.934,3.905125590917324
2017-09-13,3842.606,3.9098793846930286
2017-09-14,3829.955,3.8970069007340298
2017-09-15,3831.296,3.89837137792864
2017-09-18,3843.142,3.9104247685679807
2017-09-19,3832.116,3.899205733856739
2017-09-20,3842.435,3.9097053909568027
2017-09-21,3837.817,3.905006542571485
2017-09-22,3837.73,3.9049180194425284
2017-09-25,3817.791,3.8846299427957436
2017-09-26,3820.781,3.8876722894116162
2017-09-27,3821.2,3.88809862494073
2017-09-28,3822.538,3.8894600496136524
2017-09-29,3836.501,3.9036675030576093
2017-10-09,3882.207,3.950173688484057
2017-10-10,3889.863,3.9579637238322576
2017-10-11,3902.686,3.9710112190347115
2017-10-12,3912.953,3.981457965758847
2017-10-13,3921.001,3.9896468639409686
2017-10-16,3913.446,3.9819595968229353
2017-10-17,3913.068,3.981574979090227
2017-10-18,3944.162,4.013213348880844
2017-10-19,3931.249,4.000074278027745
2017-10-20,3926.852,3.9956002987401225
2017-10-23,3930.798,3.9996153822672906
2017-10-24,3959.395,4.028713036506124
2017-10-25,3976.949,4.046574358410816
2017-10-26,3993.575,4.063491433606636
2017-10-27,4021.967,4.092380498863444
2017-10-30,4009.721,4.079920105332349
2017-10-31,4006.717,4.0768635136152644
2017-11-01,3996.622,4.066591778134583
2017-11-02,3997.134,4.067112741836031
2017-11-03,3992.697,4.062598062259233
2017-11-06,4020.889,4.0912836260701635
2017-11-07,4054.246,4.125224614720888
2017-11-08,4048.005,4.118874352102272
2017-11-09,4075.899,4.147256698758845
2017-11-10,4111.911,4.183899169103596
2017-11-13,4128.073,4.20034412094498
2017-11-14,4099.351,4.171119278302472
2017-11-15,4073.669,4.144987657637308
2017-11-16,4105.012,4.176879386728043
2017-11-17,4120.85,4.192994666227104
2017-11-20,4143.833,4.216380034880148
2017-11-21,4217.701,4.2915412589006445
2017-11-22,4227.566,4.301578967718566
2017-11-23,4102.396,4.174217587815961
2017-11-24,4104.203,4.176056223379468
2017-11-27,4049.947,4.120850351141745
2017-11-28,4055.823,4.126829223621634
2017-11-29,4053.752,4.124721966149569
2017-11-30,4006.099,4.0762346941475025
2017-12-01,3998.136,4.068132284079878
2017-12-04,4018.857,4.0892160513800455
2017-12-05,4040.17,4.11090218296001
2017-12-06,4015.821,4.086126899431621
2017-12-07,3971.056,4.040578188308028
2017-12-08,4003.379,4.073467074483564
2017-12-11,4069.499,4.140744652490755
2017-12-12,4016.016,4.0863253133413515
2017-12-13,4050.092,4.120997889690006
2017-12-14,4026.151,4.096637749111207
2017-12-15,3980.855,4.050548741648809
2017-12-18,3985.291,4.055062403718378
2017-12-19,4035.329,4.105976430462539
2017-12-20,4030.489,4.101051695472297
2017-12-21,4067.848,4.139064748055035
2017-12-22,4054.598,4.125582777265633
2017-12-25,4041.54,4.112296167864272
2017-12-26,4053.622,4.124589690209749
2017-12-27,3991.207,4.061081976487443
2017-12-28,4018.897,4.089256751669221
2017-12-29,4030.854,4.101423085611023
2018-01-02,4087.401,4.158960066911275
2018-01-03,4111.392,4.183371082851544
2018-01-04,4128.811,4.201095041280268
2018-01-05,4138.75,4.211208045633164
2018-01-08,4160.159,4.23299185790715
2018-01-09,4189.297,4.262639983557083
2018-01-10,4207.813,4.281480147416447
2018-01-11,4205.586,4.279214158816599
2018-01-12,4225.001,4.298969061675184
2018-01-15,4225.239,4.2992112283957775
2018-01-16,4258.473,4.333027063657287
2018-01-17,4248.116,4.322488741282507
2018-01-18,4271.416,4.346196659727267
2018-01-19,4285.395,4.360420393286895
2018-01-22,4336.597,4.4125187984460625
2018-01-23,4382.612,4.459339393606392
2018-01-24,4389.885,4.466739723685737
2018-01-25,4365.079,4.4414994393535165
2018-01-26,4381.299,4.458003406614204
2018-01-29,4302.018,4.377334415961026
2018-01-30,4256.102,4.330614554016406
2018-01-31,4275.898,4.350757127129389
2018-02-01,4245.897,4.320230892740493
2018-02-02,4271.232,4.3460094383970596
2018-02-05,4274.146,4.348974454463499
2018-02-06,4148.885,4.2215204814030205
2018-02-07,4050.497,4.1214099801179085
2018-02-08,4012.047,4.082286827147907
2018-02-09,3840.652,3.9078911755668027
2018-02-12,3890.104,3.9582089430745406
2018-02-13,3935.632,4.004534012214157
2018-02-14,3966.961,4.03641149620368
2018-02-22,4052.733,4.1236851262828225
2018-02-23,4071.088,4.142361471478255
2018-02-26,4118.418,4.190520088645229
2018-02-27,4058.98,4.130041493944814
2018-02-28,4023.641,4.094083805965441
2018-03-01,4049.086,4.119974277417241
2018-03-02,4016.461,4.086778104058429
2018-03-05,4018.097,4.08844274588571
2018-03-06,4066.564,4.137758268772499
2018-03-07,4036.653,4.107323610034249
2018-03-08,4077.6,4.148987478556035
2018-03-09,4108.865,4.180799842082878
2018-03-12,4127.666,4.199929995502618
2018-03-13,4091.253,4.162879504758881
2018-03-14,4073.344,4.144656967787756
2018-03-15,4096.162,4.167874447747952
2018-03-16,4056.422,4.127438710452038
2018-03-19,4074.247,4.145575776815894
2018-03-20,4077.704,4.149093299307892
2018-03-21,4061.05,4.132147733909649
2018-03-22,4020.349,4.090734172166293
2018-03-23,3904.935,3.973299592793607
2018-03-26,3879.893,3.947819176755251
2018-03-27,3913.268,3.9817784805361045
2018-03-28,3842.715,3.909990292981032
2018-03-29,3894.049,3.9622230090944797
2018-03-30,3898.497,3.966748881250801
2018-04-02,3886.918,3.9549671650417078
2018-04-03,3862.479,3.930100305862673
2018-04-04,3854.862,3.9223499532964183
2018-04-09,3852.929,3.9203831118220096
2018-04-10,3927.172,3.995925901053527
2018-04-11,3938.343,4.00729247431303
2018-04-12,3898.635,3.966889297248457
2018-04-13,3871.144,3.9389170060053273
2018-04-16,3808.863,3.8755456382517597
2018-04-17,3748.641,3.814269317883504
2018-04-18,3766.282,3.832219162917153
2018-04-19,3811.843,3.8785778097953387
2018-04-20,3760.854,3.8266961336760295
2018-04-23,3766.325,3.832262915728016
2018-04-24,3843.488,3.910776826069349
2018-04-25,3828.701,3.895730946668376
2018-04-26,3755.494,3.8212422949265057
2018-04-27,3756.876,3.8226484899175213
2018-05-02,3763.646,3.8295370138604836
2018-05-03,3793.0,3.859404921071964
2018-05-04,3774.598,3.84068075303675
2018-05-07,3834.187,3.9013129913288034
2018-05-08,3878.676,3.9465808704570846
2018-05-09,3871.615,3.93939625191037
2018-05-10,3893.056,3.9612126244156967
2018-05-11,3872.838,3.9406406632519126
2018-05-14,3909.293,3.9777338892992837
2018-05-15,3924.097,3.9927970663231567
2018-05-16,3892.844,3.960996912883066
2018-05-17,3864.05,3.9316988097200434
2018-05-18,3903.063,3.971394819260191
2018-05-21,3921.242,3.989892083183251
2018-05-22,3906.208,3.974594879496619
2018-05-23,3854.582,3.922065051272189
2018-05-24,3827.217,3.8942209659399634
2018-05-25,3816.498,3.883314305948144
2018-05-28,3833.259,3.9003687446199304
2018-05-29,3804.009,3.8706066581603062
2018-05-30,3723.372,3.788557927704076
2018-05-31,3802.375,3.868944051347485
2018-06-01,3770.589,3.83660156655413
2018-06-04,3807.578,3.874238141461995
2018-06-05,3845.316,3.912636829284672
2018-06-06,3837.351,3.90453238420259
2018-06-07,3831.012,3.898082405875494
2018-06-08,3779.615,3.845785586806594
2018-06-11,3779.981,3.846157994452551
2018-06-12,3825.953,3.8929348368020156
2018-06-13,3788.339,3.8546623198757826
2018-06-14,3773.365,3.8394261666229137
2018-06-15,3753.433,3.819145212526735
2018-06-19,3621.116,3.6845117084556884
2018-06-20,3635.443,3.699089534531143
2018-06-21,3592.965,3.6558678624411627
2018-06-22,3608.904,3.672085910170392
2018-06-25,3560.477,3.622811087572777
2018-06-26,3531.111,3.592930970274544
2018-06-27,3459.262,3.5198240933501834
2018-06-28,3423.525,3.4834614374935136
2018-06-29,3510.984,3.572451602268634
2018-07-02,3407.963,3.467626989989764
2018-07-03,3409.28,3.468967047010869
2018-07-04,3363.747,3.422636890335106
2018-07-05,3342.437,3.400953811276829
2018-07-06,3365.122,3.4240359627755153
2018-07-09,3459.183,3.5197437102790614
2018-07-10,3467.515,3.5282215805143293
2018-07-11,3407.529,3.467185391852209
2018-07-12,3481.055,3.5419986284002545
2018-07-13,3492.689,3.5538363075069648
2018-07-16,3472.085,3.532871588552637
2018-07-17,3449.377,3.5097660343876744
2018-07-18,3431.322,3.4913949413610585
2018-07-19,3428.343,3.4883637873247086
2018-07-20,3492.893,3.5540438789817603
2018-07-23,3525.75,3.58747611401779
2018-07-24,3581.705,3.644410731038244
2018-07-25,3577.752,3.64038852496047
2018-07-26,3536.245,3.598154852390226
2018-07-27,3521.226,3.5828729113120352
2018-07-30,3515.079,3.576618294372982
2018-07-31,3517.656,3.579240410503117
2018-08-01,3447.388,3.5077422125084197
2018-08-02,3370.957,3.4299731174589994
2018-08-03,3315.283,3.373324419970004
2018-08-06,3273.272,3.3305779237561484
2018-08-07,3368.869,3.427848562364036
2018-08-08,3314.507,3.3725348343599983
2018-08-09,3397.529,3.4570103195583206
2018-08-10,3405.019,3.464631448706443
2018-08-13,3390.344,3.4496995301151614
2018-08-14,3372.913,3.431963361599684
2018-08-15,3291.976,3.349609378974638
2018-08-16,3276.727,3.334093411233687
2018-08-17,3229.619,3.2861606806716366
2018-08-20,3267.249,3.324449477713539
2018-08-21,3326.648,3.3848883896320086
2018-08-22,3307.954,3.365867109485813
2018-08-23,3320.025,3.378149439251766
2018-08-24,3325.334,3.3835513851325913
2018-08-27,3406.573,3.466212654940913
2018-08-28,3400.17,3.4596975561511365
2018-08-29,3386.573,3.445862510353136
2018-08-30,3351.094,3.4097623713616487
2018-08-31,3334.503,3.3928809089188583
2018-09-03,3321.824,3.3799799347574364
2018-09-04,3363.898,3.4227905339267437
2018-09-05,3298.141,3.3558823110438203
2018-09-06,3262.88,3.3200039886283395
2018-09-07,3277.643,3.335025447855807
2018-09-10,3230.068,3.286617541417632
2018-09-11,3224.211,3.2806580015751012
2018-09-12,3202.024,3.2580825686766506
2018-09-13,3236.566,3.2932293033942006
2018-09-14,3242.09,3.298850013329345
2018-09-17,3204.922,3.2610313046274193
2018-09-18,3269.431,3.3266696784880656
2018-09-19,3312.482,3.3704743822204857
2018-09-20,3310.125,3.368076117680816
2018-09-21,3410.485,3.470193143222283
2018-09-25,3379.804,3.438975003917403
2018-09-26,3417.241,3.477067422064034
2018-09-27,3403.59,3.4631774308756467
2018-09-28,3438.864,3.4990689808851094
2018-10-08,3290.898,3.3485125061813568
2018-10-09,3288.69,3.346265850218866
2018-10-10,3281.597,3.339048671440811
2018-10-11,3124.113,3.1788075629277346
2018-10-12,3170.726,3.2262366274112377
2018-10-15,3126.451,3.1811864948300457
2018-10-16,3100.973,3.1552624456396763
2018-10-17,3118.246,3.1728378480129105
2018-10-18,3044.391,3.0976898515863955
2018-10-19,3134.945,3.189829201236475
2018-10-22,3270.273,3.3275264195752112
2018-10-23,3183.425,3.2391579517172473
2018-10-24,3188.201,3.2440175662448083
2018-10-25,3194.308,3.250231482894686
2018-10-26,3173.635,3.22919655594153
2018-10-29,3076.888,3.1307557840198452
2018-10-30,3110.26,3.164712035279011
2018-10-31,3153.823,3.2090377027128776
2018-11-01,3177.033,3.2326540455069934
2018-11-02,3290.245,3.3478480739605656
2018-11-05,3262.835,3.3199582008030166
2018-11-06,3243.15,3.2999285709924973
2018-11-07,3221.91,3.278316717440277
2018-11-08,3212.773,3.2690197538853516
2018-11-09,3167.444,3.2228971686843835
2018-11-12,3205.14,3.261253121203426
2018-11-13,3237.382,3.294059589293382
2018-11-14,3204.942,3.2610516547720074
2018-11-15,3242.371,3.299135932860803
2018-11-16,3257.673,3.3147058284849114
2018-11-19,3294.603,3.3522823704662423
2018-11-20,3218.407,3.2747523896157285
2018-11-21,3226.491,3.282977918058108
2018-11-22,3214.427,3.2707027108427607
2018-11-23,3143.475,3.198508537903162
2018-11-26,3141.243,3.196237461767166
2018-11-27,3137.241,3.1921653978351516
2018-11-28,3178.932,3.2345862917356025
2018-11-29,3137.654,3.1925856283208893
2018-11-30,3172.69,3.228235011609758
2018-12-03,3260.95,3.3180401996756186
2018-12-04,3267.709,3.3249175310390577
2018-12-05,3252.004,3.3089375800015057
2018-12-06,3181.673,3.2373752790513577
2018-12-07,3181.564,3.2372643707633544
2018-12-10,3144.763,3.199819087214615
2018-12-11,3159.815,3.215134606031376
2018-12-12,3170.609,3.226117579065399
2018-12-13,3219.692,3.276059886405493
2018-12-14,3165.91,3.221336312594501
2018-12-17,3161.196,3.2165397835151617
2018-12-18,3128.426,3.183196071608089
2018-12-19,3091.125,3.1452420344446548
2018-12-20,3067.416,3.1211179555430744
2018-12-21,3029.395,3.0824313131744803
2018-12-24,3038.198,3.09138842931479
2018-12-25,3017.281,3.0701052305976635
2018-12-26,3002.032,3.054589262856713
2018-12-27,2990.505,3.042860457023547
2018-12-28,3010.653,3.063361192681274
2019-01-02,2969.535,3.0215233304232627
2019-01-03,2964.842,3.0167481689957407
2019-01-04,3035.874,3.0890237425136906
2019-01-07,3054.303,3.107775383244098
2019-01-08,3047.703,3.1010598355301315
2019-01-09,3078.475,3.1323705679928855
2019-01-10,3072.686,3.126480218641954
2019-01-11,3094.778,3.148958988353612
2019-01-14,3067.784,3.1214923982034892
2019-01-15,3127.99,3.1827524384560753
2019-01-16,3128.651,3.1834250107347013
2019-01-17,3111.416,3.165888273636184
2019-01-18,3168.173,3.223638931454608
2019-01-21,3185.636,3.2414076602014257
2019-01-22,3143.317,3.1983477717609183
2019-01-23,3141.053,3.196044135393582
2019-01-24,3158.781,3.2140825035561877
2019-01-25,3184.469,3.240220229264729
2019-01-28,3183.777,3.239516114261992
2019-01-29,3193.969,3.249886547943923
2019-01-30,3168.482,3.2239533411884893
2019-01-31,3201.633,3.2576847233499593
2019-02-01,3247.397,3.3042499241957115
2019-02-11,3306.472,3.364359163771859
2019-02-12,3330.335,3.388639938786765
2019-02-13,3397.027,3.4564995309291673
2019-02-14,3402.14,3.4617020453930323
2019-02-15,3338.704,3.3971554567895206
2019-02-18,3445.744,3.5060694306233047
2019-02-19,3439.607,3.4998249887565454
2019-02-20,3451.927,3.512360677822616
2019-02-21,3442.705,3.5029772261531917
2019-02-22,3520.118,3.581745513301872
2019-02-25,3729.483,3.794775914382872
2019-02-26,3684.693,3.749201765578545
2019-02-27,3678.392,3.7427904525261653
2019-02-28,3669.37,3.7336105023026187
2019-03-01,3749.714,3.815361103140638
2019-03-04,3794.104,3.8605282490532096
2019-03-05,3816.013,3.88282081494189
2019-03-06,3848.09,3.915459394338997
2019-03-07,3808.849,3.8755313931505486
2019-03-08,3657.579,3.721613074560895
2019-03-11,3729.954,3.795255160287914
2019-03-12,3755.351,3.821096791392703
2019-03-13,3724.194,3.789394318646634
2019-03-14,3698.485,3.7632352252862757
2019-03-15,3745.005,3.810569661597446
2019-03-18,3851.747,3.9191804182768717
2019-03-19,3833.962,3.901084052202191
2019-03-20,3835.439,3.9025869103799984
2019-03-21,3836.891,3.904064330877071
2019-03-22,3833.801,3.900920233538259
2019-03-25,3742.825,3.808351495837378
2019-03-26,3700.438,3.765222416905272
2019-03-27,3743.387,3.8089233349002947
2019-03-28,3728.395,3.793668866517297
2019-03-29,3872.341,3.940134962158906
2019-04-01,3973.928,4.043500469070833
2019-04-02,3971.285,4.040811197463558
2019-04-03,4022.156,4.092572807729799
2019-04-04,4062.23,4.133348392440328
2019-04-08,4057.228,4.1282588212789255
2019-04-09,4075.43,4.146779487868261
2019-04-10,4085.847,4.157378860676805
2019-04-11,3997.577,4.06756349753865
2019-04-12,3988.616,4.058445615256097
2019-04-15,3975.524,4.0451244106089375
2019-04-16,4085.789,4.157319845257501
2019-04-17,4087.239,4.158795230740115
2019-04-18,4072.075,4.143365751113661
2019-04-19,4120.607,4.1927474119703625
2019-04-22,4025.61,4.096087277700108
2019-04-23,4019.005,4.089366642449995
2019-04-24,4030.088,4.100643675073312
2019-04-25,3941.816,4.010826276920698
2019-04-26,3889.274,3.957364412074148
2019-04-29,3900.333,3.9686170245239594
2019-04-30,3913.211,3.981720482624029
2019-05-06,3684.616,3.7491234175218815
2019-05-07,3720.668,3.785806588155809
2019-05-08,3667.457,3.731664010972798
2019-05-09,3599.7,3.6627207736310967
2019-05-10,3730.451,3.7957608613809204
2019-05-13,3668.725,3.732954210139663
2019-05-14,3645.15,3.708966477206821
2019-05-15,3727.092,3.7923430545974033
2019-05-16,3743.963,3.8095094190644225
2019-05-17,3648.76,3.7126396783049147
2019-05-20,3617.792,3.6811295144252
2019-05-21,3666.776,3.730971088549584
2019-05-22,3649.379,3.7132695152799062
2019-05-23,3583.964,3.6467092798694334
2019-05-24,3593.913,3.6568324592946233
2019-05-27,3637.197,3.700874242211491
2019-05-28,3672.26,3.736551098195553
2019-05-29,3663.909,3.7280538953229265
2019-05-30,3641.183,3.704930026027835
2019-05-31,3629.789,3.6933365486561787
2019-06-03,3632.012,3.69559846722711
2019-06-04,3598.466,3.6614651697100307
2019-06-05,3597.105,3.660080342370833
2019-06-06,3564.677,3.6270846179362106
2019-06-10,3610.743,3.673957105965238
2019-06-11,3719.275,3.78438920058527
2019-06-12,3691.095,3.755715846861092
2019-06-13,3685.393,3.7499140206391166
2019-06-14,3654.879,3.7188658050415446
2019-06-17,3654.824,3.7188098421439286
2019-06-18,3667.618,3.7318278296367295
2019-06-19,3715.938,3.7809937789607995
2019-06-20,3828.518,3.895544742845398
2019-06-21,3833.938,3.901059632028686
2019-06-24,3841.265,3.9085149074984176
2019-06-25,3801.309,3.8678593886409565
2019-06-26,3794.331,3.860759223194281
2019-06-27,3834.817,3.9019540208833186
2019-06-28,3825.587,3.892562429156059
2019-07-01,3935.811,4.004716146008217
2019-07-02,3937.169,4.006097920825727
2019-07-03,3893.534,3.9616989928713444
2019-07-04,3873.101,3.9409082676532416
2019-07-05,3893.202,3.9613611804711875
2019-07-08,3802.789,3.869365299340452
2019-07-09,3793.129,3.8595361795045555
2019-07-10,3786.739,3.853034308308761
2019-07-11,3785.221,3.8514897323345485
2019-07-12,3808.731,3.875411327297481
2019-07-15,3824.187,3.891137919034915
2019-07-16,3806.844,3.8734912911556236
2019-07-17,3804.638,3.871246670207592
2019-07-18,3768.401,3.8343752607362274
2019-07-19,3807.955,3.874621741687475
2019-07-22,3781.683,3.8478897917569705
2019-07-23,3789.913,3.856263876254841
2019-07-24,3819.832,3.886706675050926
2019-07-25,3851.066,3.918487495853658
2019-07-26,3858.568,3.9261208350885335
2019-07-29,3854.27,3.92174758901662
2019-07-30,3870.317,3.9380755275266233
2019-07-31,3835.358,3.902504492294418
2019-08-01,3803.469,3.8700572042564363
2019-08-02,3747.437,3.813044239179319
2019-08-05,3675.688,3.740039112977898
2019-08-06,3636.328,3.699990028429152
2019-08-07,3621.431,3.684832223232946
2019-08-08,3669.293,3.7335321542459563
2019-08-09,3633.529,3.6971420256940926
2019-08-12,3699.104,3.7638650622612673
2019-08-13,3665.751,3.729928143639461
2019-08-14,3682.401,3.7468696390087852
2019-08-15,3694.0,3.7586717053624668
2019-08-16,3710.538,3.7754992399221
2019-08-19,3791.094,3.8574655522927492
2019-08-20,3787.732,3.854044692987544
2019-08-21,3781.757,3.8479650872919455
2019-08-22,3793.506,3.859919779730035
2019-08-23,3820.863,3.887755725004426
2019-08-26,3765.91,3.8318406502278197
2019-08-27,3816.945,3.883769131679681
2019-08-28,3802.584,3.869156710358427
2019-08-29,3790.186,3.856541655728464
2019-08-30,3799.586,3.866106223684719
2019-09-02,3848.319,3.915692403494527
2019-09-03,3853.61,3.9210760342452233
2019-09-04,3886.001,3.9540341109123585
2019-09-05,3925.323,3.994044530186387
2019-09-06,3948.507,4.0176344177925385
2019-09-09,3972.948,4.042503311986032
2019-09-10,3959.265,4.028580760566304
2019-09-11,3930.099,3.9989041447139484
2019-09-12,3972.379,4.0419243503725095
2019-09-16,3957.715,4.027003624360751
2019-09-17,3891.22,3.9593444811425385
2019-09-18,3910.083,3.9785377200105008
2019-09-19,3924.382,3.993087055883532
2019-09-20,3935.651,4.004553344851515
2019-09-23,3890.661,3.9587756946013104
2019-09-24,3901.075,3.9693720148881657
2019-09-25,3870.983,3.9387531873413963
2019-09-26,3841.138,3.9083856840802853
2019-09-27,3852.653,3.9201022798266982
2019-09-30,3814.528,3.8813098167062474
2019-10-08,3837.679,3.9048661265738294
2019-10-09,3843.239,3.9105234667692317
2019-10-10,3874.639,3.942473193772042
2019-10-11,3911.725,3.980208466881157
2019-10-14,3953.241,4.022451297016465
2019-10-15,3936.249,4.00516181417469
2019-10-16,3922.685,3.9913603461152594
2019-10-17,3925.221,3.9939407444489894
2019-10-18,3869.377,3.9371190707309975
2019-10-21,3880.839,3.9487817385942527
2019-10-22,3895.88,3.964086064831491
2019-10-23,3871.084,3.9388559555715643
2019-10-24,3870.667,3.938431655056909
2019-10-25,3896.792,3.965014031424693
2019-10-28,3926.585,3.995328624309876
2019-10-29,3910.226,3.9786832235443033
2019-10-30,3891.225,3.9593495686786855
2019-10-31,3886.751,3.9547972413344
2019-11-01,3952.387,4.0215823458425675
2019-11-04,3978.121,4.04776687688366
2019-11-05,4002.812,4.0728901478845
2019-11-06,3984.881,4.054645225754329
2019-11-07,3991.874,4.061760653809445
2019-11-08,3973.01,4.042566397434254
2019-11-11,3902.978,3.9713083311456927
2019-11-12,3903.688,3.972030761278559
2019-11-13,3899.981,3.9682588619792147
2019-11-14,3905.857,3.9742377344591033
2019-11-15,3877.089,3.9449660864840443
2019-11-18,3907.929,3.976346009438397
2019-11-19,3947.039,4.016140717179796
2019-11-20,3907.864,3.976279871468487
2019-11-21,3889.598,3.95769408441647
2019-11-22,3849.994,3.9173967281037534
2019-11-25,3878.206,3.946102642059272
2019-11-26,3891.653,3.959785061772864
2019-11-27,3875.618,3.9434693333496136
2019-11-28,3862.302,3.9299202070830717
2019-11-29,3828.67,3.895699403944265
2019-12-02,3836.058,3.90321674735499
2019-12-03,3851.087,3.9185088635054752
2019-12-04,3849.819,3.91721866433861
2019-12-05,3879.363,3.9472798979236745
2019-12-06,3902.385,3.9707049493586655
2019-12-09,3895.446,3.963644466693936
2019-12-10,3900.384,3.9686689173926584
2019-12-11,3902.749,3.9710753219901624
2019-12-12,3891.024,3.9591450497255782
2019-12-13,3968.221,4.0376935553127105
2019-12-16,3987.546,4.05735688252065
2019-12-17,4041.799,4.112559702236685
2019-12-18,4032.782,4.103384839549285
2019-12-19,4027.149,4.097653221326137
2019-12-20,4017.252,4.087582952276876
2019-12-23,3967.096,4.036548859679648
2019-12-24,3992.958,4.062863631646103
2019-12-25,3990.867,4.060736024029451
2019-12-26,4025.987,4.096470877925587
2019-12-27,4022.027,4.092441549297208
2019-12-30,4081.633,4.153091085212161
2019-12-31,4096.582,4.168301800784295
2020-01-02,4152.24,4.22493421815762
2020-01-03,4144.964,4.217530835556587
2020-01-06,4129.295,4.201587514779293
2020-01-07,4160.227,4.233061048398749
2020-01-08,4112.317,4.184312277038728
2020-01-09,4164.369,4.237275563342878
2020-01-10,4163.184,4.236069817276052
2020-01-13,4203.988,4.277588182264036
2020-01-14,4189.886,4.263239295315194
2020-01-15,4166.734,4.239681967940383
2020-01-16,4149.043,4.221681247545264
2020-01-17,4154.853,4.2275929645480135
2020-01-20,4185.83,4.259112285992792
2020-01-21,4114.308,4.186338133932441
2020-01-22,4131.931,4.204269663835961
2020-01-23,4003.901,4.073998213257305
2020-02-03,3688.357,3.7529299120670254
2020-02-04,3785.637,3.851913015341974
2020-02-05,3828.527,3.8955539004104627
2020-02-06,3899.775,3.9680492554899605
2020-02-07,3899.869,3.968144901169523
2020-02-10,3916.005,3.9845633978229418
2020-02-11,3952.464,4.02166069389923
2020-02-12,3984.432,4.054188365008334
2020-02-13,3959.918,4.029245192787095
2020-02-14,3987.734,4.057548173879775
2020-02-17,4077.424,4.148808397283663
2020-02-18,4057.51,4.128545758317613
2020-02-19,4051.31,4.122237213495402
2020-02-20,4144.656,4.217217443329935
2020-02-21,4149.49,4.2221360732768005
2020-02-24,4132.838,4.205192542893017
2020-02-25,4123.854,4.196051257944188
2020-02-26,4073.015,4.144322207909287
2020-02-27,4084.875,4.156389843649839
2020-02-28,3940.048,4.009027324139137
2020-03-02,4069.666,4.140914576198064
2020-03-03,4091.361,4.162989395539655
2020-03-04,4115.052,4.187095159311107
2020-03-05,4206.725,4.280373099550872
2020-03-06,4138.507,4.210960791376422
2020-03-09,3997.1325,4.067111215575187
2020-03-10,4082.7315,4.154208816903644
2020-03-11,4028.4289,4.098955528829032
2020-03-12,3950.9111,4.020080606922712
2020-03-13,3895.3128,3.9635089347309815
2020-03-16,3727.8398,3.7931039465035403
2020-03-17,3709.6822,3.774628457235189
2020-03-18,3636.2565,3.6999172766622506
2020-03-19,3589.0926,3.651927667446077
2020-03-20,3653.2239,3.7171817288261835
2020-03-23,3530.3058,3.59211167345344
2020-03-24,3625.1146,3.688580312863123
2020-03-25,3722.5181,3.787689078280901
2020-03-26,3698.0472,3.7627897606212493
2020-03-27,3710.0605,3.7750133802200665
2020-03-30,3674.1108,3.7384343005757055
2020-03-31,3686.1551,3.750689462898634
2020-04-01,3675.0758,3.739416195052066
2020-04-02,3734.5306,3.799911883873935
2020-04-03,3713.2183,3.778226464549031
2020-04-07,3798.0214,3.8645142318736174
2020-04-08,3780.3445,3.846527858330434
2020-04-09,3792.8105,3.8592121034519953
2020-04-10,3769.1782,3.8351660673549084
2020-04-13,3753.2566,3.818965724251471
2020-04-14,3825.6991,3.8926764917164736
2020-04-15,3797.3623,3.863843592858727
2020-04-16,3802.3806,3.868949749387969
2020-04-17,3839.4871,3.906705881395287
2020-04-20,3853.4551,3.920918422375391
2020-04-21,3808.0474,3.87471575935547
2020-04-22,3839.3834,3.9066003658956
2020-04-23,3829.7525,3.8968008555200786
2020-04-24,3796.9721,3.86344656153782
2020-04-27,3822.769,3.889695093783641
2020-04-28,3849.1465,3.916534390726846
2020-04-29,3867.032,3.9347330162780807
2020-04-30,3912.5772,3.9810755865420426
2020-05-06,3936.2539,4.005166799960114
2020-05-07,3924.8946,3.9936086300893168
2020-05-08,3963.6217,4.033013734312583
2020-05-11,3960.1803,4.029512084933364
2020-05-12,3960.2378,4.029570591599053
2020-05-13,3968.2529,4.037726013793328
2020-05-14,3925.2177,3.9939373866751327
2020-05-15,3912.8159,3.9813184655176976
2020-05-18,3922.9117,3.9915910150041616
2020-05-19,3956.2495,4.025512467516082
2020-05-20,3935.222,4.004116834250108
2020-05-21,3913.7949,3.982314605095269
2020-05-22,3824.064,3.8910127656456996
2020-05-25,3829.3245,3.8963653624259003
2020-05-26,3872.7701,3.9405715745110372
2020-05-27,3845.6135,3.9129395376854155
2020-05-28,3856.6324,3.9241513480953283
2020-05-29,3867.0232,3.934724062214462
2020-06-01,3971.3402,4.0408673638626205
2020-06-02,3983.5677,4.053308933509973
2020-06-03,3983.6477,4.0533903340883235
2020-06-04,3982.1851,4.0519021280146195
2020-06-05,4001.2509,4.071301717348702
2020-06-08,4021.9549,4.092368187025969
2020-06-09,4047.0293,4.117881570298557
2020-06-10,4039.7051,4.110429143849068
2020-06-11,3995.8846,4.065841468303632
2020-06-12,4003.0829,4.073165790592942
2020-06-15,3954.9883,4.024229187398377
2020-06-16,4014.5702,4.084854201389101
2020-06-17,4017.5941,4.08793104150005
2020-06-18,4044.3842,4.1151901619261
2020-06-19,4098.7095,4.1704665474148195
2020-06-22,4102.0459,4.173861358534952
2020-06-23,4121.7944,4.193955600054538
2020-06-24,4138.9895,4.211451738614603
2020-06-29,4109.7164,4.18166614773798
2020-06-30,4163.9637,4.236863167662807
2020-07-01,4247.7835,4.322150420128735
2020-07-02,4335.8445,4.411753124255948
2020-07-03,4419.5955,4.496970372224495
2020-07-06,4670.0949,4.751855322682068
2020-07-07,4698.1264,4.780377576582682
2020-07-08,4774.0042,4.857583786632804
2020-07-09,4840.7712,4.925519691817411
2020-07-10,4753.1333,4.836347494998953
2020-07-13,4852.9612,4.9379231049436605
2020-07-14,4806.6902,4.890842027932608
2020-07-15,4744.4687,4.827531201859189
2020-07-16,4516.2532,4.595320280750595
2020-07-17,4544.7007,4.624265817658635
2020-07-20,4680.3046,4.762243766241959
2020-07-21,4691.0425,4.773169657120413
2020-07-22,4714.4454,4.796982277059078
2020-07-23,4712.4357,4.7949373927801755
2020-07-24,4505.5906,4.584471008166513
2020-07-27,4528.45,4.607730612926005
2020-07-28,4568.2576,4.648235133710625
2020-07-29,4679.008,4.760924466368333
2020-07-30,4656.1506,4.737666896623301
2020-07-31,4695.0462,4.7772434508147175
2020-08-03,4771.3108,4.854843232661168
2020-08-04,4775.8024,4.859413468132691
2020-08-05,4777.1089,4.8607428413278875
2020-08-06,4762.7642,4.846147005374473
2020-08-07,4707.9262,4.790348943929247
2020-08-10,4724.8697,4.807589077670397
2020-08-11,4681.7837,4.7637487611849485
2020-08-12,4647.6446,4.729011980130118
2020-08-13,4635.7126,4.716871083869051
2020-08-14,4704.6288,4.78699381559106
2020-08-17,4815.2261,4.899527367891949
2020-08-18,4812.7564,4.897014430287528
2020-08-19,4740.6784,4.823674544207637
2020-08-20,4679.1544,4.761073429426716
2020-08-21,4718.8431,4.801456968601762
2020-08-24,4755.8491,4.839110841132527
2020-08-25,4761.9507,4.845319263243366
2020-08-26,4706.1302,4.788521500945264
2020-08-27,4731.3451,4.814177843983581
2020-08-28,4844.2652,4.929074862076895
2020-08-31,4816.2153,4.90053388604326
2020-09-01,4842.1223,4.926894445835038
2020-09-02,4843.887,4.92869004084274
2020-09-03,4817.0952,4.901429190654399
2020-09-04,4770.219,4.853732318268121
2020-09-07,4669.3677,4.751115391424856
2020-09-08,4694.3894,4.776575152066456
2020-09-09,4584.5887,4.664852146024498
2020-09-10,4581.9775,4.662195231147117
2020-09-11,4627.2826,4.708293497925302
2020-09-14,4651.0507,4.73247771150414
2020-09-15,4688.4826,4.770564940363902
2020-09-16,4657.3584,4.738895841854957
2020-09-17,4632.7142,4.713820190192452
2020-09-18,4737.0887,4.8200219985062995
2020-09-21,4691.4281,4.773562007908066
2020-09-22,4635.7608,4.716920127717508
2020-09-23,4652.3273,4.733776661233178
2020-09-24,4563.0657,4.642952337926361
2020-09-25,4570.0216,4.650030016463267
2020-09-28,4581.9085,4.662125023148289
2020-09-29,4591.7993,4.672188983652728
2020-09-30,4587.3953,4.667707881814501
2020-10-09,4681.1412,4.763095012790066
2020-10-12,4823.1578,4.907597929983292
2020-10-13,4839.201,4.923922001965824
2020-10-14,4807.1021,4.8912611391603935
2020-10-15,4798.7361,4.882748673679327
2020-10-16,4791.676,4.875564970889118
2020-10-19,4755.4879,4.8387433175212715
2020-10-20,4793.4672,4.8773875298383995
2020-10-21,4792.8284,4.876737546220267
2020-10-22,4777.9845,4.8616337706579404
2020-10-23,4718.4881,4.8010957535353285
2020-10-26,4691.2359,4.773366443018578
2020-10-27,4699.2792,4.781550558916721
2020-10-28,4737.2718,4.820208304080001
2020-10-29,4772.9198,4.856480401793254
2020-10-30,4695.3338,4.777536085893891
2020-11-02,4720.8313,4.8034799764752325
2020-11-03,4777.5608,4.861202652844849
2020-11-04,4813.6564,4.897930186793977
2020-11-05,4885.1118,4.97063657287285
2020-11-06,4885.7178,4.97125318225386
2020-11-09,4981.3497,5.068559331864053
2020-11-10,4953.8756,5.040604236493101
2020-11-11,4904.8981,4.990769276165707
2020-11-12,4908.463,4.994396587687755
2020-11-13,4856.8513,4.941881309816707
2020-11-16,4904.1716,4.990030057163556
2020-11-17,4894.786,4.980480141311404
2020-11-18,4891.6716,4.9773112167961955
2020-11-19,4927.9891,5.0142645355995255
2020-11-20,4943.2882,5.0298314804526685
2020-11-23,5005.0273,5.09265146103863
2020-11-24,4974.2855,5.061371457294204
2020-11-25,4910.7,4.996672751359898
2020-11-26,4919.5912,5.005719611637841
2020-11-27,4980.765,5.06796439538703
2020-11-30,4960.2519,5.047092167839852
2020-12-01,5067.0983,5.155809152274027
2020-12-02,5067.1447,5.155856364609471
2020-12-03,5057.0603,5.145595414705421
2020-12-04,5065.9163,5.154606458728889
2020-12-07,5022.2351,5.110160521940508
2020-12-08,5009.8786,5.097587693860565
2020-12-09,4942.6986,5.0292315581902205
2020-12-10,4940.5249,5.0270198027256985
2020-12-11,4889.6292,4.975233060030892
2020-12-14,4934.8352,5.021230491842645
2020-12-15,4945.1,5.031675000050876
2020-12-16,4953.867,5.040595485930928
2020-12-17,5017.4784,5.105320545302474
2020-12-18,4999.9678,5.087503383211538
2020-12-21,5046.8396,5.135195778566007
2020-12-22,4964.7727,5.051692114522474
2020-12-23,5007.1235,5.094784359692875
2020-12-24,5000.0154,5.087551816555657
2020-12-25,5042.0137,5.1302853904277
2020-12-28,5064.4147,5.153078569873239
2020-12-29,5042.9361,5.131223939096087
2020-12-30,5113.7105,5.203237402751747
2020-12-31,5211.2885,5.302523723181053
2021-01-04,5267.7181,5.359941249132575
2021-01-05,5368.5049,5.462492546759544
2021-01-06,5417.6677,5.512516051176544
2021-01-07,5513.6568,5.610185654369074
2021-01-08,5495.4306,5.591640364104787
2021-01-11,5441.1583,5.536417906499226
2021-01-12,5596.3525,5.694329126958447
2021-01-13,5577.9711,5.675625919572158
2021-01-14,5470.4563,5.5662288333058605
2021-01-15,5458.0812,5.55363707959145
2021-01-18,5518.5205,5.615134504280652
2021-01-19,5437.5234,5.5327193694711205
2021-01-20,5476.4336,5.572310779268087
2021-01-21,5564.9693,5.662396494077091
2021-01-22,5569.776,5.667287346076594
2021-01-25,5625.9232,5.724417527986537
2021-01-26,5512.9678,5.609484591888026
2021-01-27,5528.0034,5.624783423586225
2021-01-28,5377.1427,5.47128157070556
2021-01-29,5351.9646,5.445662671933285
2021-02-01,5417.6484,5.512496413287017
2021-02-02,5501.0915,5.597400370779635
2021-02-03,5485.2008,5.581231468649585
2021-02-04,5473.9475,5.569781154545104
2021-02-05,5483.414,5.579413386732113
2021-02-08,5564.5618,5.661981859881115
2021-02-09,5686.2502,5.785800686613879
2021-02-10,5807.7191,5.909396170509792
2021-02-18,5768.3814,5.869369776372261
2021-02-19,5778.842,5.8800135124960065
2021-02-22,5597.3327,5.695326487544694
2021-02-23,5579.6681,5.677352629340431
2021-02-24,5437.5683,5.5327650555457195
2021-02-25,5469.5584,5.565315213564593
2021-02-26,5336.7609,5.430192797269825
2021-03-01,5418.7837,5.5136515892445415
2021-03-02,5349.6301,5.443287301306277
2021-03-03,5452.2125,5.547665634914336
2021-03-04,5280.7058,5.373156327775709
2021-03-05,5262.7958,5.354932773297354
2021-03-08,5080.0246,5.168961755973276
2021-03-09,4970.9994,5.0580278267877095
2021-03-10,5003.6121,5.0912114848076
2021-03-11,5128.2156,5.217996446864755
2021-03-12,5146.3786,5.236477430672145
2021-03-15,5035.5441,5.123702525656445
2021-03-16,5079.3624,5.168287962685975
2021-03-17,5100.8581,5.190159992836749
2021-03-18,5141.7681,5.231786213591048
2021-03-19,5007.0907,5.094750985455751
2021-03-22,5057.152,5.145688720118357
2021-03-23,5009.2459,5.096943917036531
2021-03-24,4928.6853,5.014972924132626
2021-03-25,4926.3469,5.012593585227423
2021-03-26,5037.9899,5.126191144838084
2021-03-29,5046.8773,5.1352341385885545
2021-03-30,5094.7291,5.183923691027824
2021-03-31,5048.3607,5.13674350881263
2021-04-01,5110.7768,5.200252341792888
2021-04-02,5161.5569,5.251921460651977
2021-04-06,5140.3418,5.230334943029771
2021-04-07,5103.7428,5.193095195941368
2021-04-08,5112.2086,5.201709208643927
2021-04-09,5035.3374,5.123492206912131
2021-04-12,4947.7459,5.034367222429116
2021-04-13,4939.6438,5.026123277105884
2021-04-14,4980.6279,5.067824895145881
2021-04-15,4948.9741,5.035616924808251
2021-04-16,4966.1811,5.053125171704345
2021-04-19,5087.0165,5.17607606477044
2021-04-20,5083.3654,5.172361044125219
2021-04-21,5098.7449,5.188009796559604
2021-04-22,5089.2435,5.178342053370289
2021-04-23,5135.4534,5.225360960689626
2021-04-26,5077.2372,5.166125556322077
2021-04-27,5090.5195,5.179640392594989
2021-04-28,5119.2421,5.208865845741834
2021-04-29,5164.1692,5.254579494787311
2021-04-30,5123.489,5.213187097194325
2021-05-06,5061.1244,5.149730665836381
2021-05-07,4996.0527,5.083519740657757
2021-05-10,4992.422,5.079825477160015
2021-05-11,5023.0595,5.110999354900417
2021-05-12,5044.5481,5.132864160749862
2021-05-13,4992.9738,5.080386937649192
2021-05-14,5110.5901,5.200062373193162
2021-05-17,5184.9853,5.275760027024992
2021-05-18,5187.6013,5.278421825937073
2021-05-19,5172.272,5.262824152365603
2021-05-20,5186.412,5.277211704589162
2021-05-21,5134.1483,5.224033012004551
2021-05-24,5155.5875,5.245847552996864
2021-05-25,5318.478,5.411589814345631
2021-05-26,5320.5927,5.41374153688362
2021-05-27,5338.2329,5.431690567911485
2021-05-28,5321.0886,5.4142461187186735
2021-05-31,5331.5696,5.424910611989898
2021-06-01,5341.6798,5.435197813580466
2021-06-02,5289.9736,5.382586381276239
2021-06-03,5255.2855,5.3472909887524755
2021-06-04,5282.2772,5.374755238635971
2021-06-07,5277.6271,5.370023728268589
2021-06-08,5232.1165,5.323716363754765
2021-06-09,5236.4493,5.328125019078261
2021-06-10,5271.4661,5.363754866228324
2021-06-11,5224.703,5.316173073909691
2021-06-15,5166.5597,5.257011845819164
2021-06-16,5080.4909,5.16943621959434
2021-06-17,5101.8924,5.191212400564106
2021-06-18,5102.4657,5.1917957374587145
2021-06-21,5090.3854,5.1795039448755285
2021-06-22,5122.1583,5.211833100324178
2021-06-23,5147.3938,5.23751040401142
2021-06-24,5155.9738,5.246240616039577
2021-06-25,5239.9684,5.331705728769203
2021-06-28,5251.7604,5.343704174018157
2021-06-29,5190.5445,5.28141655321461
2021-06-30,5224.041,5.315499484123835
2021-07-01,5229.6642,5.321221130776134
2021-07-02,5081.1172,5.170073484372106
2021-07-05,5085.7924,5.174830534170946
2021-07-06,5083.1043,5.172095372987625
2021-07-07,5140.4899,5.230485635850442
2021-07-08,5088.2566,5.177337875485605
2021-07-09,5069.4361,5.158187880674892
2021-07-12,5132.7088,5.222568310347845
2021-07-13,5142.0991,5.232123008483976
2021-07-14,5083.0849,5.172075633347375
2021-07-15,5151.4626,5.241650437426358
2021-07-16,5094.7727,5.183968054343026
2021-07-19,5113.4945,5.203017621190199
2021-07-20,5108.9941,5.198438431655057
2021-07-21,5144.0428,5.234100737285739
2021-07-22,5151.7517,5.241944598766374
2021-07-23,5089.2282,5.178326485509679
2021-07-26,4925.299,5.011527339401747
2021-07-27,4751.313,4.834495326589296
2021-07-28,4760.4826,4.8438254608799
2021-07-29,4850.2746,4.935189470021184
2021-07-30,4811.1695,4.89539974806521
2021-08-02,4933.736,5.0201120478961005
2021-08-03,4934.4583,5.020846993367888
2021-08-04,4978.8479,5.066013732277567
2021-08-05,4948.6703,5.0353078061119625
2021-08-06,4921.5647,5.007727662155039
2021-08-09,4985.5627,5.072846089821469
2021-08-10,5043.148,5.131439548877995
2021-08-11,5015.3406,5.1031453183474875
2021-08-12,4973.3509,5.060420495037618
2021-08-13,4945.9829,5.032573357183703
2021-08-16,4941.0676,5.027572003899088
2021-08-17,4837.4034,4.922092930970274
2021-08-18,4894.2384,4.979922954352591
2021-08-19,4862.1394,4.947261989796438
2021-08-20,4769.2678,4.852764465391527
2021-08-23,4835.8782,4.920541028944011
2021-08-24,4888.3902,4.973972368573679
2021-08-25,4898.1572,4.98391036168312
2021-08-26,4801.6094,4.88567227720153
2021-08-27,4827.0433,4.911551454323083
2021-08-30,4813.2703,4.89753732725271
2021-08-31,4805.6099,4.8897428148727
2021-09-01,4869.4587,4.954709430460504
2021-09-02,4869.4113,4.9546612006178306
2021-09-03,4843.0624,4.927851004381386
2021-09-06,4933.7262,5.020102076325252
2021-09-07,4992.8294,5.080240009605268
2021-09-08,4972.1324,5.0591806624786075
2021-09-09,4970.0133,5.057024462908808
2021-09-10,5013.5219,5.101294777949398
2021-09-13,4991.6598,5.079049933149776
2021-09-14,4917.1617,5.00324757782404
2021-09-15,4867.3187,4.952531964989611
2021-09-16,4807.6978,4.891867268216941
2021-09-17,4855.9402,4.94095425898001
2021-09-22,4821.7675,4.906183289682273
2021-09-23,4853.1957,4.938161710388953
2021-09-24,4849.4277,4.934327743148615
2021-09-27,4877.3698,4.962759031902922
2021-09-28,4883.828,4.969330297091761
2021-09-29,4833.9281,4.918556788095979
2021-09-30,4866.3826,4.9515794764721806
2021-10-08,4929.9409,5.016250506209846
2021-10-11,4936.1918,5.0226108421500335
2021-10-12,4883.8369,4.969339352906102
2021-10-13,4940.1089,5.0265965197182725
2021-10-14,4913.6123,4.999636037664048
2021-10-15,4932.1084,5.018455953129547
2021-10-18,4874.7753,4.960119109396272
2021-10-19,4922.7232,5.008906444280287
2021-10-20,4910.1846,4.996148328133871
2021-10-21,4928.0156,5.014291499541104
2021-10-22,4959.7254,5.04655645028358
2021-10-25,4979.5235,5.0667011601617435
2021-10-26,4963.0984,5.049988502168308
2021-10-27,4898.1644,4.983917687735171
2021-10-28,4864.138,4.949295579745094
2021-10-29,4908.7701,4.994709064157901
2021-11-01,4890.6851,4.976307445914403
2021-11-02,4839.8457,4.924577988876611
2021-11-03,4821.1119,4.905516211942686
2021-11-04,4868.7419,4.953980081278478
2021-11-05,4842.3458,4.927121858700806
2021-11-08,4848.1795,4.933057690624892
2021-11-09,4846.7444,4.931597465999996
2021-11-10,4821.1925,4.9055982230253745
2021-11-11,4898.6529,4.984414740016728
2021-11-12,4888.3749,4.973956800713069
2021-11-15,4882.3777,4.967854606356978
2021-11-16,4883.3206,4.968814013923569
2021-11-17,4885.7544,4.971290423018456
2021-11-18,4837.6185,4.922311796775316
2021-11-19,4890.0575,4.975668858377238
2021-11-22,4912.399,4.99840149614263
2021-11-23,4913.3457,4.999364770236692
2021-11-24,4916.6579,5.0027349576818745
2021-11-25,4896.4416,4.982164726280381
2021-11-26,4860.1265,4.945213849494401
2021-11-29,4851.423,4.936357975323414
2021-11-30,4832.026,4.916621387594959
2021-12-01,4843.851,4.9286534105824815
2021-12-02,4856.163,4.941180959590717
2021-12-03,4901.0175,4.986820737611341
2021-12-06,4892.6209,4.978277136409054
2021-12-07,4922.1015,5.008273860035775
2021-12-08,4995.9298,5.083394689019266
2021-12-09,5078.6901,5.167603892575657
2021-12-10,5055.1172,5.143618296407996
2021-12-13,5083.8007,5.1728039650221715
2021-12-14,5049.6953,5.1381014739609725
2021-12-15,5005.8991,5.093538523841212
2021-12-16,5034.7321,5.122876309786181
2021-12-17,4954.7599,5.041504018136049
2021-12-20,4880.4178,4.965860393938099
2021-12-21,4913.4853,4.999506814245915
2021-12-22,4914.4544,5.000492880501915
2021-12-23,4948.7389,5.035377607107899
2021-12-24,4921.3449,5.00750401406602
2021-12-27,4919.3238,5.005447530204703
2021-12-28,4955.9644,5.0427296055938475
2021-12-29,4883.4804,4.968976611578825
2021-12-30,4921.5109,5.007672920266099
2021-12-31,4940.3733,5.026865548629723
2022-01-04,4917.7653,5.0038617451877
2022-01-05,4868.1202,4.953347497033967
2022-01-06,4818.2318,4.902585689371323
2022-01-07,4822.3689,4.9067952185300285
2022-01-10,4844.0451,4.928850908735707
2022-01-11,4797.7735,4.881769221220317
2022-01-12,4845.5787,4.930411357822697
2022-01-13,4765.9191,4.849357138932472
2022-01-14,4726.7317,4.809483676131519
2022-01-17,4767.2762,4.850737997993476
2022-01-18,4813.3472,4.89761557355865
2022-01-19,4780.3784,4.864069581214374
2022-01-20,4823.5091,4.907955380272977
2022-01-21,4779.3142,4.862986750020859
2022-01-24,4786.7377,4.870540214938227
2022-01-25,4678.4511,4.760357816592287
2022-01-26,4712.3109,4.794810407877948
2022-01-27,4619.8765,4.700757737633726
2022-01-28,4563.772,4.643671003282479
2022-02-07,4634.0899,4.715219974887922
2022-02-08,4608.7729,4.689459744361484
2022-02-09,4652.0609,4.7335055973072695
2022-02-10,4639.8625,4.721093637120292
2022-02-11,4601.3953,4.681952983025945
2022-02-14,4551.6878,4.631375242421097
2022-02-15,4600.1025,4.6806375496797905
2022-02-16,4617.9893,4.698837497990423
2022-02-17,4629.1649,4.710208751783181
2022-02-18,4651.2358,4.7326660520923
2022-02-21,4634.3141,4.71544810000875
2022-02-22,4574.1527,4.6542334405785954
2022-02-23,4623.0465,4.703983235550889
2022-02-24,4529.3189,4.608614724957621
2022-02-25,4573.4247,4.6534926953156
2022-02-28,4581.6459,4.661857825749853
2022-03-01,4619.6862,4.700564106007973
2022-03-02,4578.6007,4.658759312734917
2022-03-03,4551.6283,4.631314700740949
2022-03-04,4496.4301,4.575150133191696
2022-03-07,4352.7775,4.42898257417119
2022-03-08,4265.391,4.340066178670199
2022-03-09,4226.3463,4.30033791415088
2022-03-10,4292.8374,4.3679930890908985
2022-03-11,4306.5217,4.381916963270024
2022-03-14,4174.7577,4.24784614069683
2022-03-15,3983.812,4.053557510526113
2022-03-16,4156.081,4.2288424634257025
2022-03-17,4237.6956,4.3118859089493835
2022-03-18,4265.9017,4.340585819612249
2022-03-21,4258.7459,4.3333047413801875
2022-03-22,4255.295,4.32979342568229
2022-03-23,4276.5174,4.351387371107272
2022-03-24,4251.3061,4.32573469109498
2022-03-25,4174.5742,4.247659428120237
2022-03-28,4148.4663,4.221094451126075
2022-03-29,4134.1441,4.206521509085323
2022-03-30,4254.0989,4.328576385285217
2022-03-31,4222.5968,4.296522770794287
2022-04-01,4276.158,4.35102167900903
2022-04-06,4263.8411,4.3384891442153695
2022-04-07,4209.0998,4.282789475719225
2022-04-08,4230.7669,4.304835906609116
2022-04-11,4100.0703,4.171851171252572
2022-04-12,4179.9727,4.253152440898093
2022-04-13,4139.737,4.212212325268571
2022-04-14,4191.5684,4.264951149477917
2022-04-15,4188.7472,4.262080558082365
2022-04-18,4166.3844,4.239326247412988
2022-04-19,4134.9017,4.207292372562308
2022-04-20,4070.7889,4.1420571350659445
2022-04-21,3995.83,4.0657859124089075
2022-04-22,4013.2498,4.083510684843416
2022-04-25,3814.9127,3.8817012517373937
2022-04-26,3784.1198,3.8503692533735454
2022-04-27,3895.5361,3.9637361440953036
2022-04-28,3921.1073,3.9897550249594524
2022-04-29,4016.241,4.086554252467963
2022-05-05,4010.2102,4.080417869868965
2022-05-06,3908.815,3.9772475208436355
2022-05-09,3877.4364,3.9453195684955342
2022-05-10,3919.8684,3.9884944352529623
2022-05-11,3976.4231,4.046039251358881
2022-05-12,3958.74,4.028046569270875
2022-05-13,3988.6002,4.058429538641872
2022-05-16,3956.5378,4.025805814850314
2022-05-17,4005.8934,4.076025494661139
2022-05-18,3991.9069,4.061794129797292
2022-05-19,3999.5984,4.069620286652136
2022-05-20,4077.5998,4.148987275054589
2022-05-23,4053.9823,4.124956298064498
2022-05-24,3959.1541,4.028467919014565
2022-05-25,3983.1784,4.052912817945572
2022-05-26,3993.0446,4.062951747772169
2022-05-27,4001.2988,4.07135045594499
2022-05-30,4029.0179,4.0995548405871425
2022-05-31,4091.5176,4.1631487371717775
2022-06-01,4083.1772,4.154662319875783
2022-06-02,4089.5682,4.161165208578807
2022-06-06,4166.085,4.239021605748509
2022-06-07,4179.1285,4.252293461295042
2022-06-08,4219.8122,4.29368942016333
2022-06-09,4175.6747,4.248779194826179
2022-06-10,4238.9936,4.31320663333313
2022-06-13,4189.3527,4.2626966587097606
2022-06-14,4222.3114,4.2962323742310184
2022-06-15,4278.2178,4.353117540400125
2022-06-16,4250.0614,4.324468199846559
2022-06-17,4309.0444,4.384483828757603
2022-06-20,4330.4328,4.406246680382663
2022-06-21,4325.5657,4.4012943709465056
2022-06-22,4270.6227,4.345389471242193
2022-06-23,4343.8781,4.4199273703339665
2022-06-24,4394.7723,4.471712586767929
2022-06-27,4444.2639,4.522070647561951
2022-06-28,4490.5166,4.569133104190705
2022-06-29,4421.357,4.498762711209063
2022-06-30,4485.0108,4.563530912887136
2022-07-01,4466.7179,4.5449177548906485
2022-07-04,4496.0303,4.574743333801387
2022-07-05,4489.5383,4.5681376768681945
2022-07-06,4423.9698,4.50142125409801
2022-07-07,4443.4736,4.521266511598565
2022-07-08,4428.781,4.506316684880046
2022-07-11,4354.6167,4.430853973467481
2022-07-12,4313.6184,4.389137906824828
2022-07-13,4321.4617,4.397118521277093
2022-07-14,4322.0742,4.397741744455095
2022-07-15,4248.5273,4.322907242005955
2022-07-18,4292.5858,4.367737084271984
2022-07-19,4269.3401,4.344084416469779
2022-07-20,4283.8027,4.358800216525538
2022-07-21,4236.0578,4.310219435609089
2022-07-22,4238.2341,4.312433836592409
2022-07-25,4212.6441,4.286395826592348
2022-07-26,4245.9758,4.320311072310169
2022-07-27,4225.0357,4.299004369176044
2022-07-28,4225.6733,4.299653131785502
2022-07-29,4170.1019,4.24310883053824
2022-08-01,4188.6784,4.262010553584983
2022-08-02,4107.024,4.178926611273574
2022-08-03,4066.9754,4.13817687124667
2022-08-04,4101.5367,4.173343243853747
2022-08-05,4156.9111,4.229687096176819
2022-08-08,4148.0746,4.220695893544324
2022-08-09,4156.2907,4.229055834691705
2022-08-10,4109.7373,4.181687413639073
2022-08-11,4193.5428,4.266960115751623
2022-08-12,4191.152,4.264527459467599
2022-08-15,4185.6794,4.258959049404046
2022-08-16,4177.837,4.250979350708287
2022-08-17,4216.9586,4.290785861533546
2022-08-18,4180.0996,4.253281562565502
2022-08-19,4151.0738,4.223747601226707
2022-08-22,4181.3965,4.2546011676912965
2022-08-23,4161.0823,4.233931322332046
2022-08-24,4082.4195,4.153891354648075
2022-08-25,4116.2396,4.1883035508967295
2022-08-26,4107.5455,4.1794572412937
2022-08-29,4089.5205,4.161116673483965
2022-08-30,4075.7937,4.14714955524759
2022-08-31,4078.8402,4.150249391021924
2022-09-01,4043.7395,4.114534175015313
2022-09-02,4023.6131,4.094055417513742
2022-09-05,4015.4264,4.0857253910789035
2022-09-06,4052.2802,4.123224399009355
2022-09-07,4054.983,4.125974517548947
2022-09-08,4037.6839,4.1083725582370265
2022-09-09,4093.7874,4.165458275081044
2022-09-13,4111.1145,4.183088724595388
2022-09-14,4065.359,4.136532172561086
2022-09-15,4027.1186,4.097622289106364
2022-09-16,3932.6826,4.001532976391798
2022-09-19,3928.0001,3.996768498790184
2022-09-20,3932.8361,4.001689163751508
2022-09-21,3903.7348,3.9720783806168947
2022-09-22,3869.344,3.937085492992428
2022-09-23,3856.0212,3.9235294476767257
2022-09-26,3836.6773,3.9038468895821503
2022-09-27,3892.295,3.960438301414132
2022-09-28,3828.7098,3.895739900731995
2022-09-29,3827.1434,3.8941460774078798
2022-09-30,3804.8853,3.8714982997454195
2022-10-10,3720.9365,3.7860797888468998
2022-10-11,3727.6867,3.792948166146721
2022-10-12,3784.3064,3.8505591202225493
2022-10-13,3752.6729,3.8183718052816764
2022-10-14,3842.4698,3.9097408002083855
2022-10-17,3846.4119,3.9137519154573597
2022-10-18,3838.2667,3.905464115572541
2022-10-19,3776.5335,3.8426501382792324
2022-10-20,3754.9269,3.820665266576719
2022-10-21,3742.8929,3.8084205845782533
2022-10-24,3633.3733,3.696983599818477
2022-10-25,3627.4542,3.6909608727770014
2022-10-26,3656.9027,3.7209249344216593
2022-10-27,3631.1448,3.6947160849577836
2022-10-28,3541.3295,3.6033283678980537
2022-10-31,3508.7034,3.5701310752812896
2022-11-01,3634.1732,3.697797503851265
2022-11-02,3677.8051,3.742193277533237
2022-11-03,3647.8966,3.71176116256306
2022-11-04,3767.1746,3.833127389870105
2022-11-07,3775.2971,3.841392092340816
2022-11-08,3749.3251,3.8149653945791284
2022-11-09,3714.2704,3.7792969839050707
2022-11-10,3685.6885,3.7502146940254013
2022-11-11,3788.4387,3.854763765346553
2022-11-14,3794.0171,3.8604398276749756
2022-11-15,3865.9726,3.933655069119266
2022-11-16,3834.3899,3.9015194435456464
2022-11-17,3818.664,3.8855182266070005
2022-11-18,3801.5686,3.8681235335177058
2022-11-21,3769.1269,3.8351138692340414
2022-11-22,3769.5727,3.835567473956903
2022-11-23,3773.5287,3.8395927325563646
2022-11-24,3756.8082,3.8225795029273684
2022-11-25,3775.7764,3.8418797835558625
2022-11-28,3733.2424,3.7986011310610364
2022-11-29,3848.4224,3.9157976137420456
2022-11-30,3853.0365,3.920492493849169
2022-12-01,3894.7687,3.9629553090474707
2022-12-02,3870.9478,3.9387173710869217
2022-12-05,3946.8759,4.015974761750682
2022-12-06,3968.1979,4.037670050895712
2022-12-07,3958.4409,4.027742232858564
2022-12-08,3959.1798,4.028494068950359
2022-12-09,3998.2442,4.068242378362099
2022-12-12,3953.4433,4.02265713872897
2022-12-13,3945.6813,4.014759247614455
2022-12-14,3954.8857,4.024124791156641
2022-12-15,3951.9885,4.021176869211656
2022-12-16,3954.227,4.023454559144643
2022-12-19,3893.2207,3.9613802078563767
2022-12-20,3829.0173,3.8960527842050316
2022-12-21,3830.5384,3.8976005144516552
2022-12-22,3836.028,3.903186222138108
2022-12-23,3828.2188,3.895240304682365
2022-12-26,3843.4887,3.91077753832441
2022-12-27,3887.854,3.9559195518084156
2022-12-28,3871.2644,3.939039513875746
2022-12-29,3856.7007,3.9242208438390955
2022-12-30,3871.6338,3.9394153810462824
2023-01-03,3887.8992,3.955965543135184
2023-01-04,3892.9477,3.961102428382754
2023-01-05,3968.5782,4.0380570088950485
2023-01-06,3980.8888,4.050583133393163
2023-01-09,4013.1196,4.083378205402149
2023-01-10,4017.4737,4.087808533629632
2023-01-11,4010.0309,4.080235430822737
2023-01-12,4017.8692,4.088210957738855
2023-01-13,4074.3772,4.14570825625716
2023-01-16,4137.9643,4.210408590203033
2023-01-17,4137.2422,4.209673848232692
2023-01-18,4130.3143,4.202624659898208
2023-01-19,4156.0077,4.228767880145789
2023-01-20,4181.5267,4.254733647132563
2023-01-30,4201.345,4.274898910656761
2023-01-31,4156.8578,4.229632863041492
2023-02-01,4195.9332,4.269392365032754
2023-02-02,4181.1493,4.254349639904191
2023-02-03,4141.6319,4.21414039971754
2023-02-06,4086.8779,4.1584278088795825
2023-02-07,4094.2335,4.165912185056075
2023-02-08,4076.1411,4.14750303725908
2023-02-09,4130.8565,4.203176352317983
2023-02-10,4106.3097,4.17819980585962
2023-02-13,4143.574,4.216116500507736
2023-02-14,4145.2902,4.217862746414814
2023-02-15,4123.6893,4.1958836745035075
2023-02-16,4093.4876,4.165153226413674
2023-02-17,4034.507,4.105140039519981
2023-02-20,4133.4896,4.205855550603687
2023-02-21,4144.3536,4.216909749143768
2023-02-22,4106.9506,4.178851926242936
2023-02-23,4103.6463,4.1754897771048665
2023-02-24,4061.0457,4.132143358628563
2023-02-27,4043.8444,4.114640911523677
2023-02-28,4069.4587,4.140703646949412
2023-03-01,4126.9415,4.1991928115149255
2023-03-02,4117.7377,4.189827878477076
2023-03-03,4130.5513,4.202865809111574
2023-03-06,4109.0102,4.180947584132585
2023-03-07,4048.8519,4.119736078974841
2023-03-08,4034.1077,4.104733748883286
2023-03-09,4019.8505,4.090226944812443
2023-03-10,3967.1352,4.036588745963041
2023-03-13,4008.686,4.078866985349931
2023-03-14,3984.6956,4.054456579914
2023-03-15,3986.902,4.056701607864924
2023-03-16,3939.1505,4.0081141114007615
2023-03-17,3958.8194,4.028127359344888
2023-03-20,3939.077,4.008039324619402
2023-03-21,3982.3782,4.052098608660614
2023-03-22,3999.4427,4.069461860776521
2023-03-23,4039.0895,4.109802766398655
2023-03-24,4027.0457,4.097548112829342
2023-03-27,4012.4771,4.082724457007267
2023-03-28,3999.5147,4.069535121297037
2023-03-29,4006.144,4.076280481972824
2023-03-30,4038.5257,4.109229095822726
2023-03-31,4050.9257,4.121846185467148
2023-04-03,4090.5676,4.162182105303858
2023-04-04,4103.1052,4.174939203943044
2023-04-06,4096.64,4.1683608162036
2023-04-07,4123.2799,4.195467107043796
2023-04-10,4104.8118,4.176675681780719
2023-04-11,4100.1479,4.171930129813572
2023-04-12,4097.2876,4.169019753885351
2023-04-13,4068.9786,4.140215141728582
2023-04-14,4091.9988,4.163638361650559
2023-04-17,4149.3836,4.222027810507594
2023-04-18,4162.032,4.234897648947796
2023-04-19,4124.5589,4.196768498790184
2023-04-20,4113.0192,4.185026770615205
2023-04-21,4032.5672,4.1031662789964125
2023-04-24,3982.6429,4.052367942824234
2023-04-25,3962.6658,4.03204109915201
2023-04-26,3959.2323,4.028547488079903
2023-04-27,3988.4185,4.0582446575782924
2023-04-28,4029.0858,4.0996239293280174
2023-05-04,4030.2471,4.100805560473507
2023-05-05,4016.8774,4.087201794068747
2023-05-08,4062.6624,4.1337883625663165
2023-05-09,4027.8754,4.098392338577566
2023-05-10,3996.8695,4.066843611173857
2023-05-11,3990.6637,4.060529164809716
2023-05-12,3937.7622,4.006701506114201
2023-05-15,3998.8872,4.068896635510596
2023-05-16,3978.2054,4.047852754493821
2023-05-17,3960.165,4.0294965170727535
2023-05-18,3956.0701,4.025329926719129
2023-05-19,3944.5403,4.013598271865722
2023-05-22,3969.3277,4.038819630563475
2023-05-23,3913.1882,3.9816972834591993
2023-05-24,3859.0935,3.926655535137577
2023-05-25,3850.4996,3.9179111797589323
2023-05-26,3850.9511,3.9183705842730014
2023-05-29,3833.9416,3.9010632950547115
2023-05-30,3837.7531,3.904941523859527
2023-05-31,3798.5434,3.8650453706473584
2023-06-01,3806.8679,3.8735156095784062
2023-06-02,3861.8337,3.9294437084475486
2023-06-05,3844.2492,3.9115513525723604
2023-06-06,3808.1629,3.8748332814404645
2023-06-07,3789.3418,3.855682676125414
2023-06-08,3820.1867,3.8870675848651906
2023-06-09,3836.7026,3.9038726325150543
2023-06-12,3844.4324,3.911737759896784
2023-06-13,3864.9074,3.932571220418521
2023-06-14,3864.0247,3.9316730667871393
2023-06-15,3925.4994,3.9942240184616513
2023-06-16,3963.3509,4.032738193354864
2023-06-19,3930.9079,3.999727206311801
2023-06-20,3924.2377,3.9929402295903316
2023-06-21,3864.0323,3.931680799842083
2023-06-26,3809.6962,3.8763934252752863
2023-06-27,3845.4334,3.912756284633402
2023-06-28,3840.7986,3.9080403421266308
2023-06-29,3821.8435,3.888753390842842
2023-06-30,3842.4516,3.9097222815768107
2023-07-03,3892.8821,3.961035679908506
2023-07-04,3899.0133,3.967274220233335
2023-07-05,3868.8054,3.936537463598679
2023-07-06,3842.7547,3.9100306880180384
2023-07-07,3825.6988,3.892676186464305
2023-07-10,3844.3269,3.9116304128840835
2023-07-11,3869.4861,3.937230080769724
2023-07-12,3843.4369,3.9107248314499277
2023-07-13,3898.4229,3.9666734839651037
2023-07-14,3899.1027,3.967365185379642
2023-07-17,3867.1749,3.9348784180611602
2023-07-18,3854.9393,3.92242860660525
2023-07-19,3850.8663,3.918284299659949
2023-07-20,3823.6946,3.8906368984751634
2023-07-21,3821.91,3.8888210550735964
2023-07-24,3805.221,3.8718398769223255
2023-07-25,3915.1153,3.9836581216409543
2023-07-26,3907.0128,3.975413769314831
2023-07-27,3902.3458,3.9706650630752733
2023-07-28,3992.7376,4.062639373052746
2023-07-31,4014.6301,4.084915150072141
2023-08-01,3998.001,4.067994920603911
2023-08-02,3969.895,4.039396862414708
2023-08-03,4004.9839,4.075100071836011
2023-08-04,4020.5792,4.090968402330499
2023-08-07,3990.1531,4.06000962561839
2023-08-08,3979.7322,4.049406284531652
2023-08-09,3967.5652,4.037026274071677
2023-08-10,3975.7166,4.045320382501318
2023-08-11,3884.2538,3.95225632228117
2023-08-14,3855.9061,3.9234123325946233
2023-08-15,3846.5357,3.9138778828523577
2023-08-16,3818.3338,3.885182245719856
2023-08-17,3831.1008,3.898172760517464
2023-08-18,3784.0038,3.8502512225349363
2023-08-21,3729.555,3.7948491749033875
2023-08-22,3758.2271,3.8240232439351485
2023-08-23,3696.6339,3.761351717653954
2023-08-24,3723.4293,3.7886162308683202
2023-08-25,3709.1517,3.774088669649998
2023-08-28,3752.6194,3.8183173686449043
2023-08-29,3790.1067,3.856460967405173
2023-08-30,3788.5097,3.8548360083598396
2023-08-31,3765.2678,3.8311872070851063
2023-09-01,3791.4912,3.857869706164262
2023-09-04,3848.9517,3.9163361803185612
2023-09-05,3820.3174,3.8872005730600714
2023-09-06,3812.0283,3.878766353884944
2023-09-07,3758.4748,3.824275280475868
2023-09-08,3739.9927,3.8054696101115795
2023-09-11,3767.537,3.8334961344900353
2023-09-12,3760.6048,3.826442570874466
2023-09-13,3736.6513,3.8020697114553
2023-09-14,3733.5077,3.7988710757289934
2023-09-15,3708.7766,3.7737070026882544
2023-09-18,3727.711,3.7929728915723944
2023-09-19,3720.5021,3.7856377837064534
2023-09-20,3705.6898,3.7705661613725767
2023-09-21,3672.4448,3.736739133531544
2023-09-22,3738.9327,3.8043910524484277
2023-09-25,3714.6037,3.779636119064626
2023-09-26,3692.8928,3.7575451213580875
2023-09-27,3700.495,3.7652804148173473
2023-09-28,3689.5172,3.754110423954562
2023-10-09,3684.7272,3.7492365643257894
2023-10-10,3657.1259,3.721152042035259
2023-10-11,3667.5483,3.7317569093828413
2023-10-12,3702.3824,3.767200857962096
2023-10-13,3663.4104,3.7275465662183533
2023-10-16,3626.5972,3.690088869081415
2023-10-17,3639.4018,3.703117642150848
2023-10-18,3610.5767,3.6737878945129907
2023-10-19,3533.5445,3.5954070741172615
2023-10-20,3510.5889,3.572049585162303
2023-10-23,3474.2438,3.5350681831594417
2023-10-24,3487.1302,3.548180188320238
2023-10-25,3504.4576,3.565810943086751
2023-10-26,3514.1448,3.5756677391192864
2023-10-27,3562.3851,3.624752593117174
2023-10-30,3583.7718,3.646513714979945
2023-10-31,3572.5056,3.6350502750322042
2023-11-01,3571.0268,3.633545585341384
2023-11-02,3554.1889,3.6164129003636574
2023-11-03,3584.1364,3.64688469811578
2023-11-06,3632.6084,3.696205308538717
2023-11-07,3619.7593,3.683131256397577
2023-11-08,3611.0723,3.6742921710958756
2023-11-09,3612.8263,3.676076878776224
2023-11-10,3586.4893,3.6492787908758095
2023-11-13,3579.4141,3.6420797237264373
2023-11-14,3582.0584,3.64477031809311
2023-11-15,3607.2454,3.6703982726797273
2023-11-16,3572.3641,3.6349062977592452
2023-11-17,3568.0685,3.6305354937046825
2023-11-20,3576.3233,3.638934812381842
2023-11-21,3581.0674,3.6437619684287856
2023-11-22,3544.4162,3.606469107463009
2023-11-23,3561.5204,3.6238727546159213
2023-11-24,3538.0087,3.599949429890699
2023-11-27,3511.9424,3.57342678119728
2023-11-28,3518.5232,3.5801227927724426
2023-11-29,3488.3073,3.549377896079952
2023-11-30,3496.2028,3.5574116244095917
2023-12-01,3482.8813,3.543856901853288
2023-12-04,3460.138,3.520715429683128
2023-12-05,3394.2571,3.453681137654483
2023-12-06,3399.598,3.459115542015926
2023-12-07,3391.2823,3.450654257148497
2023-12-08,3399.4618,3.4589769575312834
2023-12-11,3419.4548,3.479319979568455
2023-12-12,3426.803,3.48679682619145
2023-12-13,3369.605,3.428597447684866
2023-12-14,3351.9639,3.410647500900494
2023-12-15,3341.5517,3.400053012126651
2023-12-18,3329.3657,3.3876536690293184
2023-12-19,3334.0412,3.3924110240803262
2023-12-20,3297.5022,3.355232327425686
2023-12-21,3330.8698,3.389184101653042
2023-12-22,3337.2281,3.3956537178696653
2023-12-25,3347.4508,3.406055389023539
2023-12-26,3324.7902,3.38299806470125
2023-12-27,3336.3572,3.3947675708235905
2023-12-28,3414.5403,3.4743194402896234
2023-12-29,3431.1099,3.491179128077705
2024-01-02,3386.3522,3.4456378447568867
2024-01-03,3378.2971,3.4374417222734364
2024-01-04,3347.0519,3.4056495053897358
2024-01-05,3329.1114,3.3873949169408846
2024-01-08,3286.0564,3.3435861431795475
2024-01-09,3292.4994,3.3501419422585
2024-01-10,3277.129,3.334502449139901
2024-01-11,3295.6717,3.35336978044229
2024-01-12,3284.1667,3.3416633597681713
2024-01-15,3280.9195,3.3383593102928995
2024-01-16,3300.8762,3.3586653968176448
2024-01-17,3229.082,3.2856142792894545
2024-01-18,3274.7286,3.3320600247864762
2024-01-19,3269.7763,3.327021023734374
2024-01-22,3218.9016,3.275255648691384
2024-01-23,3231.9329,3.2885150906497187
2024-01-24,3277.1089,3.3344819972445907
2024-01-25,3342.9189,3.401444148010672
2024-01-26,3333.8213,3.3921872742405834
2024-01-29,3303.9604,3.3618035926145255
2024-01-30,3245.0387,3.301850336896644
2024-01-31,3215.3518,3.2716437015284994
2024-02-01,3217.7109,3.2740441028333507
2024-02-02,3179.6276,3.2352940697643655
2024-02-05,3200.4218,3.2564523185937237
2024-02-06,3311.6922,3.3696707550107146
2024-02-07,3343.6303,3.4021680026536587
2024-02-08,3364.9297,3.423840296135304
2024-02-19,3403.8078,3.4633990439502074
2024-02-20,3410.8542,3.4705688068913734
2024-02-21,3456.8713,3.517391538816883
2024-02-22,3486.6747,3.5477167137772514
2024-02-23,3489.7416,3.550837306699064
2024-02-26,3453.3585,3.513817239421486
2024-02-27,3494.7874,3.5559714446771147
2024-02-28,3450.2598,3.5106642897697786
2024-02-29,3516.0826,3.577639464628396
2024-03-01,3537.8038,3.599740942659398
2024-03-04,3540.8686,3.6028593988160282
2024-03-05,3565.5143,3.6279365767393776
2024-03-06,3551.0481,3.613217113657593
2024-03-07,3529.7195,3.5915151089648494
2024-03-08,3544.9099,3.606971450782158
2024-03-11,3589.2635,3.6521015594315798
2024-03-12,3597.4939,3.660476050932342
2024-03-13,3572.361,3.6349031434868344
2024-03-14,3562.2229,3.6245875534445675
2024-03-15,3569.993,3.6324936863676416
2024-03-18,3603.528,3.666615791305197
2024-03-19,3577.6303,3.640264694330653
2024-03-20,3585.3838,3.64815393663372
2024-03-21,3581.0902,3.6437851675936157
2024-03-22,3545.0023,3.6070654684501533
2024-03-25,3525.7634,3.5874897486146637
2024-03-26,3543.7467,3.6057878863729327
2024-03-27,3502.7866,3.564110688506442
2024-03-28,3520.9648,3.5826071384237186
2024-03-29,3537.4843,3.599415849099608
2024-04-01,3595.6466,3.658596409827492
2024-04-02,3580.6759,3.64336361434848
2024-04-03,3567.8031,3.630265447286003
2024-04-08,3536.4077,3.598320400816448
2024-04-09,3533.4871,3.5953486692022945
2024-04-10,3504.7086,3.566066337401327
2024-04-11,3504.2447,3.565594315797614
2024-04-12,3475.8389,3.53669120894104
2024-04-15,3549.0759,3.6112103858997915
2024-04-16,3511.1146,3.5725844887127924
2024-04-17,3565.403,3.6278233281847467
2024-04-18,3569.8018,3.632299138985383
2024-04-19,3541.6619,3.603666587301103
2024-04-22,3530.9045,3.592720855031675
2024-04-23,3506.2249,3.56760918361325
2024-04-24,3521.6219,3.58327574242415
2024-04-25,3530.2813,3.59208674452632
2024-04-26,3584.2686,3.647019212571505
2024-04-29,3623.9124,3.687357065671952
2024-04-30,3604.3943,3.6674972578180167
2024-05-06,3657.8767,3.7219159864630837
2024-05-07,3659.0076,3.7230666853887997
2024-05-08,3630.2233,3.693778452045902
2024-05-09,3664.561,3.728717310036488
2024-05-10,3666.2771,3.730463454192842
2024-05-13,3664.6907,3.72884928072414
2024-05-14,3657.0454,3.721070132703293
2024-05-15,3626.0559,3.6895380924181467
2024-05-16,3640.3592,3.7040918035722643
2024-05-17,3677.9696,3.7423606574724713
2024-05-20,3690.9623,3.7555808236517523
2024-05-21,3676.1611,3.7405204956481213
2024-05-22,3684.451,3.7489555288290326
2024-05-23,3641.7917,3.705549382678364
2024-05-24,3601.4754,3.6645272559661537
2024-05-27,3635.7079,3.699359072196208
2024-05-28,3609.1724,3.67235900911076
2024-05-29,3613.5223,3.6767850638078787
2024-05-30,3594.3121,3.6572385464298725
2024-05-31,3579.9247,3.6425992629177633
2024-06-03,3588.7483,3.651577339706999
2024-06-04,3615.6714,3.6789717885945583
2024-06-05,3594.7936,3.6577284761608233
2024-06-06,3592.2454,3.655135664238894
2024-06-07,3574.1143,3.636687138912122
2024-06-11,3542.8771,3.6049030620862563
2024-06-12,3544.1225,3.606170265589737
2024-06-13,3526.1306,3.5878633772692954
2024-06-14,3541.5331,3.603535532369958
2024-06-17,3536.1986,3.5981076400547827
2024-06-18,3545.5902,3.607663660950311
2024-06-19,3528.749,3.590527618198727
2024-06-20,3503.2817,3.5646144563357125
2024-06-21,3495.6198,3.5568184176948576
2024-06-24,3476.8102,3.537679513712945
2024-06-25,3457.9023,3.5184405887703836
2024-06-26,3480.2648,3.5411945941875915
2024-06-27,3454.1175,3.5145895274085923
2024-06-28,3461.657,3.5222610231645697
2024-07-01,3478.1827,3.539076042385281
2024-07-02,3471.7857,3.5325670486388807
2024-07-03,3463.4141,3.524048885117329
2024-07-04,3445.8128,3.5061394351206867
2024-07-05,3431.0605,3.4911288632205735
2024-07-08,3401.7604,3.4613157996487565
2024-07-09,3439.8111,3.5000326619820634
2024-07-10,3428.9657,3.4889973890764496
2024-07-11,3468.169,3.5288870302423496
2024-07-12,3472.4014,3.5331935278400155
2024-07-15,3476.2467,3.5371061483891846
2024-07-16,3498.2827,3.5595279376959974
2024-07-17,3501.5836,3.5628866273094872
2024-07-18,3520.931,3.5825727466793653
2024-07-19,3539.0156,3.600973957919971
2024-07-22,3514.9249,3.5764614965089327
2024-07-23,3439.8779,3.5001006314649867
2024-07-24,3418.1663,3.4780089215033874
2024-07-25,3399.2716,3.4587834276562535
2024-07-26,3409.2931,3.468980376355574
2024-07-29,3390.742,3.4501044979924584
2024-07-30,3369.3821,3.428370645323435
2024-07-31,3442.0844,3.5023457611666333
2024-08-01,3419.2666,3.479128484707884
2024-08-02,3384.3919,3.443643225335116
2024-08-05,3343.3205,3.401852778913994
2024-08-06,3342.9789,3.401505198444435
2024-08-07,3341.489,3.3999892144233685
2024-08-08,3342.9369,3.401462463140801
2024-08-09,3331.6274,3.3899549651300274
2024-08-12,3325.8645,3.3840911727177825
2024-08-13,3334.3903,3.392766235854106
2024-08-14,3309.2389,3.3671745045248547
2024-08-15,3341.953,3.400461337777805
2024-08-16,3345.634,3.4042067818891852
2024-08-19,3356.9677,3.41573890357491
2024-08-20,3332.7034,3.3910498029088494
2024-08-21,3321.635,3.3797876258910824
2024-08-22,3313.1357,3.371139526696337
2024-08-23,3327.1905,3.385440387303952
2024-08-26,3324.2231,3.3824210363514635
2024-08-27,3305.3338,3.363201037043368
2024-08-28,3286.4956,3.344033032354695
2024-08-29,3277.6812,3.3350643166319696
2024-08-30,3321.4323,3.379581377175685
2024-09-02,3265.011,3.3221722965341667
2024-09-03,3273.4282,3.3307368583853787
2024-09-04,3252.1649,3.3091012969147147
2024-09-05,3257.7578,3.3147921130979636
2024-09-06,3231.3457,3.2879176104046217
2024-09-09,3192.9516,3.2488513360887428
2024-09-10,3195.7552,3.2517040193570574
2024-09-11,3186.1299,3.2419102070220207
2024-09-12,3172.4747,3.22801594230327
2024-09-13,3159.247,3.2145566619250827
2024-09-18,3171.0102,3.2265258029658304
2024-09-19,3196.0357,3.251989430134901
2024-09-20,3201.0497,3.257091211383057
2024-09-23,3212.7639,3.2690104945695637
2024-09-24,3351.909,3.4105916397536005
2024-09-25,3401.533,3.4610844185047935
2024-09-26,3545.3204,3.607389137499822
2024-09-27,3703.6849,3.768526161128375
2024-09-30,4017.8545,4.088196000382583
2024-10-08,4256.0962,4.330608652474476
2024-10-09,3955.9839,4.025242217595956
2024-10-10,3997.7879,4.067778089813328
2024-10-11,3887.167,3.9552205243418253
2024-10-14,3961.3424,4.030694530084636
2024-10-15,3855.9949,3.923502687236593
2024-10-16,3831.589,3.898669507546851
2024-10-17,3788.2217,3.8545429662777755
2024-10-18,3925.234,3.9939539720429713
2024-10-21,3935.1974,4.004091803572265
2024-10-22,3957.7755,4.027065183548129
2024-10-23,3973.2089,4.042768779622179
2024-10-24,3928.8334,3.9976163875644337
2024-10-25,3956.421,4.025686970005922
2024-10-28,3964.1569,4.033558304181751
2024-10-29,3924.649,3.993358730313779
2024-10-30,3889.4487,3.957542170587122
2024-10-31,3891.0396,3.959160922838357
2024-11-01,3890.0203,3.958123777719441
2024-11-04,3944.7619,4.013823751467754
2024-11-05,4044.5725,4.115381758537395
2024-11-06,4024.2831,4.094737147357432
2024-11-07,4145.6952,4.218274836842716
2024-11-08,4104.047,4.175897492251682
2024-11-11,4131.1312,4.203455861553897
2024-11-12,4085.743,4.157273039924949
2024-11-13,4110.8901,4.182860395973113
2024-11-14,4039.6191,4.1103416382273394
2024-11-15,3968.8308,4.0383140312211925
2024-11-18,3950.3806,4.0195408193375215
2024-11-19,3976.8912,4.046515546492958
2024-11-20,3985.7727,4.055552536950775
2024-11-21,3989.2979,4.059139453435817
2024-11-22,3865.6989,3.9333765773905824
2024-11-25,3848.0909,3.9154603100955034
2024-11-26,3840.1847,3.907415694438509
2024-11-27,3907.0447,3.9754462277954485
2024-11-28,3872.5505,3.940348129923463
2024-11-29,3916.5832,3.9851517205029743
2024-12-02,3947.632,4.016744098966823
2024-12-03,3951.8912,4.021077865758237
2024-12-04,3930.5568,3.999369959523562
2024-12-05,3921.5881,3.9902442424353426
2024-12-06,3973.1405,4.042699182127689
2024-12-09,3966.5708,4.036014464882773
2024-12-10,3995.6369,4.065589431762913
2024-12-11,3988.8308,4.058664175808969
2024-12-12,4028.5048,4.099032757627743
2024-12-13,3933.1808,4.002039898493479
2024-12-16,3911.8416,3.9803271082241043
2024-12-17,3922.0334,3.990697338404589
2024-12-18,3941.89,4.010901572455672
2024-12-19,3945.4635,4.014537634539893
2024-12-20,3927.7441,3.9965080169394605
2024-12-23,3933.5718,4.00243774382017
2024-12-24,3983.6882,4.053431543131114
2024-12-25,3985.6291,4.055406422912635
2024-12-26,3987.4801,4.057289828794234
2024-12-27,3981.0307,4.050727517669013
2024-12-30,3999.0549,4.069067271472964
2024-12-31,3934.9109,4.003800287751044
2025-01-02,3820.3952,3.887279735122518
2025-01-03,3775.1648,3.841257476134368
2025-01-06,3768.9697,3.834953917097581
2025-01-07,3796.1055,3.8625647897728315
2025-01-08,3789.2153,3.8555539614608962
2025-01-09,3779.8773,3.846052478952863
2025-01-10,3732.4806,3.797825994053688
2025-01-13,3722.513,3.787683888994031
2025-01-14,3820.5395,3.887426561415719
2025-01-15,3796.026,3.8624838979480947
2025-01-16,3800.3836,3.86691778745088
2025-01-17,3812.3429,3.8790864616593104
2025-01-20,3829.6764,3.896723423219922
2025-01-21,3832.6145,3.8997129612105894
2025-01-22,3797.0166,3.8634918406095276
2025-01-23,3803.7439,3.870336916993795
2025-01-24,3832.8637,3.8999665240121533
2025-01-27,3817.0802,3.883906698657094
2025-02-05,3795.0848,3.8615262201437943
2025-02-06,3842.8314,3.9101087308225324
2025-02-07,3892.7028,3.9608532408622765
2025-02-10,3901.0618,3.969358583792738
2025-02-11,3883.1352,3.9511181386943757
2025-02-12,3919.8617,3.9884876179545254
2025-02-13,3905.1398,3.973507978274186
2025-02-14,3939.0085,4.007969625374188
2025-02-17,3947.3983,4.016506307527315
2025-02-18,3912.7829,3.981284887779128
2025-02-19,3940.1602,4.009141488450275
2025-02-20,3928.8959,3.9976799817662707
2025-02-21,3978.444,4.048095531718753
2025-02-24,3969.7169,4.039215644377153
2025-02-25,3925.6505,3.994377763804012
2025-02-26,3959.9413,4.02926890070554
2025-02-27,3968.1159,4.037586615302901
2025-02-28,3890.0487,3.9581526749247553
2025-03-03,3888.4738,3.9565502027891912
2025-03-04,3885.2208,3.953240251771989
2025-03-05,3902.5706,3.97089379870044
2025-03-06,3956.2369,4.025499646924992
2025-03-07,3944.0143,4.013063063063063
2025-03-10,3928.8018,3.997584234335985
2025-03-11,3941.4157,4.010418968776773
2025-03-12,3927.2315,3.9959864427336758
2025-03-13,3911.5793,3.980060216077835
2025-03-14,4006.5567,4.076700407206394
2025-03-17,3996.7876,4.06676027733177
2025-03-18,4007.7229,4.077887024137307
2025-03-19,4010.168,4.0803749310638855
2025-03-20,3974.9918,4.044582893261456
2025-03-21,3914.6956,3.9832310738567798
2025-03-24,3934.8486,4.003736897050653
2025-03-25,3932.2951,4.001138692340409
2025-03-26,3919.3566,3.9879736750529613
2025-03-27,3932.4117,4.001257333683356
2025-03-28,3915.1662,3.9837099127589304
2025-03-31,3887.3056,3.955361550843819
2025-04-01,3887.6841,3.9557466773301426
2025-04-02,3884.3858,3.9523906332354493
2025-04-03,3861.5034,3.9291076258096815
2025-04-07,3589.4406,3.6522817599619044
2025-04-08,3650.759,3.7146736752564626
2025-04-09,3686.7943,3.751339853519659
2025-04-10,3735.1151,3.8005066168495127
2025-04-11,3750.5167,3.8161778561936686
2025-04-14,3759.1422,3.8249543648007616
2025-04-15,3761.2348,3.827083600428981
2025-04-16,3772.8204,3.838872032185789
2025-04-17,3772.2221,3.8382632576104454
2025-04-18,3772.523,3.8385694255357685
2025-04-21,3784.8806,3.8511433728736644
2025-04-22,3783.9522,3.8501987191619
2025-04-23,3786.8824,3.853180218845455
2025-04-24,3784.3574,3.850611013091248
2025-04-25,3786.9937,3.853293467400086
2025-04-28,3781.6188,3.847824467792844
2025-04-29,3775.0767,3.841167833747459
2025-04-30,3770.5705,3.8365827426703865
2025-05-06,3808.5424,3.8752194254340178
2025-05-07,3831.627,3.898708172821568
2025-05-08,3852.8963,3.9203498393356084
2025-05-09,3846.1566,3.9134921458616962
2025-05-12,3890.6096,3.9587233947297196
2025-05-13,3896.2583,3.9644709878163686
2025-05-14,3943.2108,4.012245496004249
2025-05-15,3907.1992,3.975603432662389
2025-05-16,3889.0854,3.957172510210685
2025-05-19,3877.1453,3.9450233721410592
2025-05-20,3898.1705,3.966416665140406
2025-05-21,3916.3807,3.984945675289023
2025-05-22,3913.8651,3.982386034102772
2025-05-23,3882.2741,3.950241963219149
2025-05-26,3860.1067,3.9276864734623937
2025-05-27,3839.3969,3.906614102243197
2025-05-28,3836.2366,3.903398474146159
2025-05-29,3858.6998,3.926254942541367
2025-05-30,3840.2323,3.907464127782628
2025-06-03,3852.0127,3.9194507699477206
2025-06-04,3868.7429,3.9364738693968424
2025-06-05,3877.5557,3.945440957108
2025-06-06,3873.9841,3.941806828287515
2025-06-09,3885.2459,3.9532657912034463
2025-06-10,3865.4652,3.9331387859510745
2025-06-11,3894.6252,3.9628092967600534
2025-06-12,3892.1992,3.9603408242215563
2025-06-13,3864.1822,3.9318333241757686
2025-06-16,3873.7951,3.9416145194211603
2025-06-17,3870.3786,3.9381382059719536
2025-06-18,3874.9708,3.942810802670753
2025-06-19,3843.0912,3.9103730792007276
2025-06-20,3846.6443,3.913988384137469
2025-06-23,3857.9016,3.9254427682708686
2025-06-24,3904.0342,3.9723830222813734
2025-06-25,3960.0662,4.02939598735849
2025-06-26,3946.0195,4.0151033685594335
2025-06-27,3921.7578,3.9904169134121696
2025-06-30,3936.0791,4.004988939696417
2025-07-01,3942.762,4.0117888387597
2025-07-02,3943.6849,4.012727896181703
2025-07-03,3968.0676,4.0375374697037225
2025-07-04,3982.2034,4.051920748396918
2025-07-07,3965.1746,4.0345938212891
2025-07-08,3998.4527,4.068454528619426
2025-07-09,3991.4006,4.061278965887053
2025-07-10,4010.0243,4.080228715275022
2025-07-11,4014.807,4.08509514710102
2025-07-14,4017.6678,4.088006031782856
2025-07-15,4019.0644,4.08942708237942
2025-07-16,4007.2019,4.077356902870795
2025-07-17,4034.491,4.105123759404311
2025-07-18,4058.5486,4.129602541326056
2025-07-21,4085.6072,4.157134862443198
2025-07-22,4118.9582,4.1910697460505455
2025-07-23,4119.7685,4.1918942321585195
2025-07-24,4149.0368,4.221674939000441
2025-07-25,4127.1634,4.199418596369128
2025-07-28,4135.8242,4.208231022981418
2025-07-29,4152.0247,4.224715148851133
2025-07-30,4151.2379,4.223914574163049
2025-07-31,4075.5912,4.146943510033639
2025-08-01,4054.9286,4.125919165155668
2025-08-04,4070.7023,4.1419690189398795
2025-08-05,4103.45,4.175290040435737
2025-08-06,4113.4852,4.1855009289841005
2025-08-07,4114.666,4.186702401520563
2025-08-08,4104.9669,4.176833497151998
2025-08-11,4122.5106,4.194684338732227
2025-08-12,4143.8252,4.216372098323759
2025-08-13,4176.5776,4.249697902103594
2025-08-14,4173.3131,4.246376249753255
2025-08-15,4202.3533,4.275924863196153
2025-08-18,4239.4125,4.313632867111521
2025-08-19,4223.3741,4.297313679163691
2025-08-20,4271.3958,4.346176106081234
2025-08-21,4288.0707,4.36314293738057
2025-08-22,4377.9977,4.454644309997822
2025-08-25,4469.2217,4.547465389491593
2025-08-26,4452.5905,4.530543023258181
2025-08-27,4386.1266,4.462915524514801
2025-08-28,4463.782,4.541930455415886
2025-08-29,4496.7591,4.575484893070166
2025-09-01,4523.7111,4.602908747916654
2025-09-02,4490.4528,4.569068187229471
2025-09-03,4459.8296,4.5379088598424495
2025-09-04,4365.2085,4.441631206539722
2025-09-05,4460.3249,4.538412831173165
2025-09-08,4467.5733,4.5457881305746675
2025-09-09,4436.2584,4.513924993437078
2025-09-10,4445.3649,4.523190923021508
2025-09-11,4548.0345,4.6276579832599705
2025-09-12,4521.998,4.601165656281988
2025-09-15,4533.0557,4.612416945972401
2025-09-16,4523.3367,4.602527793209971
2025-09-17,4551.023,4.630698803615
2025-09-18,4498.109,4.576858426079117
2025-09-19,4501.9195,4.580735637376703
2025-09-22,4522.608,4.601786335691916
2025-09-23,4519.7781,4.598906891983468
2025-09-24,4566.0708,4.646010048901398
2025-09-25,4593.4875,4.673906739357383
2025-09-26,4550.0487,4.629707446321406
2025-09-29,4620.0528,4.700937124158267
2025-09-30,4640.6935,4.721939185627915
2025-10-09,4709.482,4.79193198167673
2025-10-10,4616.8341,4.697662073639034
2025-10-13,4593.9785,4.674406335407014
2025-10-14,4539.0644,4.61853084166163
2025-10-15,4606.2879,4.686931238896452
2025-10-16,4618.4218,4.699277569867134
2025-10-17,4514.2345,4.593266238906627
2025-10-20,4538.2201,4.617671760307856
2025-10-21,4607.8715,4.688542563344913
2025-10-22,4592.57,4.672973176474419
2025-10-23,4606.3447,4.686989033307081
2025-10-24,4660.6835,4.742279155143398
2025-10-27,4716.0186,4.798583019432353
2025-10-28,4691.973,4.77411644759736
2025-10-29,4747.8378,4.830959285465724
2025-10-30,4709.911,4.792368492278138
2025-10-31,4640.6676,4.7219128321906725
2025-11-03,4653.4028,4.734870990258385
2025-11-04,4618.699,4.69955962287112
2025-11-05,4627.257,4.70826744974023
2025-11-06,4693.4032,4.775571686436832
2025-11-07,4678.7944,4.760707126824136
2025-11-10,4695.0507,4.77724802959725
2025-11-11,4652.1655,4.7336120285634635
2025-11-12,4645.9079,4.727244875324839
2025-11-13,4702.0738,4.784394084619971
2025-11-14,4628.1398,4.709165705122335
2025-11-17,4598.0525,4.678551659859544
2025-11-18,4568.1928,4.648169199242161
2025-11-19,4588.2922,4.668620484048539
2025-11-20,4564.9483,4.644867897036408
2025-11-21,4453.6076,4.531577929861192
2025-11-24,4448.0478,4.525920793167236
2025-11-25,4490.4047,4.569019245131737
2025-11-26,4517.6255,4.596716605921485
2025-11-27,4515.4027,4.594454890851999
2025-11-28,4526.6616,4.605910902996966
2025-12-01,4576.4856,4.656607183194037
2025-12-02,4554.3347,4.634068482306567
2025-12-03,4531.0486,4.610374707212295
2025-12-04,4546.5664,4.626164180896505
2025-12-05,4584.5368,4.664799337399292
2025-12-08,4621.7545,4.702668616210518
2025-12-09,4598.2232,4.6787253483436
2025-12-10,4591.8273,4.672217473855151
2025-12-11,4552.1848,4.631880943514104
2025-12-12,4580.95,4.66114974246892
2025-12-15,4552.0596,4.631753551608984
2025-12-16,4497.5545,4.576294218320421
2025-12-17,4579.875,4.660055922197327
2025-12-18,4552.7926,4.632499384408126
2025-12-19,4568.1781,4.648154241885889
2025-12-22,4611.6235,4.692360250469579
2025-12-23,4620.7341,4.70163035183365
2025-12-24,4634.0586,4.7151881269116425
2025-12-25,4642.5357,4.723813637445894
2025-12-26,4657.24,4.738775368998996
2025-12-29,4639.3721,4.7205946515749995
2025-12-30,4651.2818,4.732712857424852
2025-12-31,4629.9395,4.710996912883067
2026-01-05,4717.7457,4.800340356168231
2026-01-06,4790.6938,4.874565575288413
2026-01-07,4776.6658,4.8602919838745455
2026-01-08,4737.6536,4.820596788340181
2026-01-09,4758.9221,4.842237640848438
2026-01-12,4789.9155,4.873773649411779
2026-01-13,4761.0324,4.844384886354618
2026-01-14,4741.9306,4.824948666760277
2026-01-15,4751.4293,4.8346136626800735
2026-01-16,4731.8728,4.81471478254853
2026-01-19,4734.4556,4.817342800220596
2026-01-20,4718.8782,4.801492683105514
2026-01-21,4723.0692,4.805757055903882
2026-01-22,4723.7091,4.806408158779968
2026-01-23,4702.4966,4.784824286676558
2026-01-26,4706.964,4.7893698984731286
2026-01-27,4705.6918,4.7880754257759
2026-01-28,4717.9914,4.8005903576944915
2026-01-29,4753.8697,4.8370967873226745
2026-01-30,4706.3401,4.788735075712713
2026-02-02,4605.9799,4.686617846669801
2026-02-03,4660.1074,4.741692969228546
2026-02-04,4698.6832,4.7809441246080056
2026-02-05,4670.4188,4.752184893273667
2026-02-06,4643.5959,4.724892398610493
2026-02-09,4719.0559,4.801673494140176
2026-02-10,4724.2956,4.807004926770005
2026-02-11,4713.8185,4.796344401776975
2026-02-12,4719.578,4.80220473466464
2026-02-13,4660.4056,4.74199638988435
2026-02-24,4707.544,4.789960052666174
2026-02-25,4735.8858,4.818798039060067
2026-02-26,4726.8739,4.809628365659537
2026-02-27,4710.6469,4.793117275848244
2026-03-02,4728.6688,4.8114546893855685
2026-03-03,4655.8962,4.7374080427841445
2026-03-04,4602.6247,4.683203906413755
2026-03-05,4647.6921,4.729060311723515
2026-03-06,4660.439,4.742030374625812
2026-03-09,4615.4551,4.696258931169706
2026-03-10,4674.7562,4.756598229130418
2026-03-11,4704.4959,4.786858588880274
2026-03-12,4687.5601,4.76962628994479
2026-03-13,4669.14,4.750883705028724
2026-03-16,4671.5591,4.753345156767339
2026-03-17,4637.4392,4.718627911851313
2026-03-18,4658.3324,4.739886893896381
2026-03-19,4583.2511,4.663491128354467
2026-03-20,4567.0179,4.646973729998352
2026-03-23,4417.9971,4.495343988669039
2026-03-24,4474.7224,4.553062391508291
2026-03-25,4537.4656,4.616904051103283
2026-03-26,4477.5343,4.55592352008661
2026-03-27,4502.5698,4.581397322327976
2026-03-30,4491.95,4.570591599053311
2026-03-31,4450.0493,4.527957333886857
2026-04-01,4526.0668,4.605305689696925
2026-04-02,4478.9141,4.557327476561721
2026-04-03,4440.7889,4.518534809939824
2026-04-07,4440.6162,4.5183590864413095
2026-04-08,4595.556,4.676011453061373
2026-04-09,4566.2237,4.646165625756771
2026-04-10,4636.5655,4.717738915784996
2026-04-13,4646.1546,4.727495894358329
2026-04-14,4701.2837,4.783590152158031
2026-04-15,4685.2464,4.7672720834681535
2026-04-16,4736.6077,4.819532577528963
2026-04-17,4728.6716,4.8114575384058105
2026-04-20,4757.4419,4.840731526647497
2026-04-21,4767.997,4.8514714172044195
2026-04-22,4799.627,4.883655170869989
2026-04-23,4786.3273,4.870122629971286
2026-04-24,4769.3688,4.852867233621695
2026-04-27,4770.9469,4.8544729617803934
2026-04-28,4758.2083,4.841511344188101
2026-04-29,4810.3468,4.894562644867592
2026-04-30,4807.3069,4.891469524640972
2026-05-06,4877.0932,4.962477589403273
2026-05-07,4900.5098,4.98630414919098
2026-05-08,4871.9122,4.957205884447808
2026-05-11,4951.8366,5.038529539252376
2026-05-12,4948.0465,5.03467308510227
2026-05-13,4998.3417,5.0858488147058285
2026-05-14,4914.5971,5.00063807878355
2026-05-15,4859.5927,4.944670704135353
2026-05-18,4833.5237,4.918145308172415
2026-05-19,4852.8832,4.937843739379769
2026-05-20,4850.7,4.935622317596566
2026-05-21,4783.0976,4.866836386872529
2026-05-22,4845.0956,4.929919800080179
2026-05-25,4921.5974,5.00776093464144
2026-05-26,4947.8493,5.034472432676634
2026-05-27,4908.1714,4.994099882579666
2026-05-28,4914.2133,5.000247559508911
2026-05-29,4892.1213,4.977768789797252
2026-06-01,4844.2556,4.929065094007494
2026-06-02,4914.5591,5.000599413508834
2026-06-03,4938.8091,5.025273963821514
2026-06-04,4904.7454,4.99061390281178
2026-06-05,4816.9199,4.901250821637087
2026-06-08,4713.6358,4.796158503206166
2026-06-09,4801.8106,4.885876999656082
2026-06-10,4748.5932,4.831727910426804
2026-06-11,4722.4122,4.805088553654174
2026-06-12,4777.3206,4.860958247608349
2026-06-15,4891.7126,4.9773529345926
2026-06-16,4884.2322,4.96974157351388
2026-06-17,4931.3861,5.01772100765776
2026-06-18,4941.5986,5.028112300237893
2026-06-22,5059.6582,5.148238796736651
2026-06-23,4919.386,5.00551081915437
2026-06-24,4943.0197,5.029558279761577
2026-06-25,5020.1038,5.107991908782512
2026-06-26,4868.2205,4.953449553009075
2026-06-29,4926.921,5.013177736127815
2026-06-30,4979.4328,5.066608872256037
2026-07-01,4958.9773,5.045795253125273
2026-07-02,4812.2957,4.896545664706948
2026-07-03,4842.1737,4.926946745706629
2026-07-06,4841.998,4.926767969686424
2026-07-07,4792.2624,4.8761616371284315
2026-07-08,4755.5338,4.8387900211031
2026-07-09,4876.3125,4.961683221509289
2026-07-10,4780.7867,4.864485029416134
2026-07-13,4695.383,4.777586147249576
2026-07-14,4796.502,4.8804754607781495
2026-07-15,4786.7828,4.870586104514272
2026-07-16,4698.4344,4.780690968809334
2026-07-17,4529.0953,4.60838721034113
2026-07-20,4598.3208,4.678824657049189
2026-07-21,4739.2287,4.822199463977191
2026-07-22,4717.2442,4.799830076292692
2026-07-23,4728.0018,4.810776012063566
2026-07-24,4649.1917,4.730586165564707
2026-07-27,4702.4272,4.784753671674838
2026-07-28,4569.5235,4.649523196112309
2026-07-29,4600.2624,4.680800249085769
2026-07-30,4549.7201,4.629373093445828
2026-07-31,4588.1968,4.668523413858855
