date,cash,stock_value,total_value,close,ma120,ma250,target_position,overlay_total,overlay_stock,overlay_cash
2005-01-04,612323.5806641986,384507.93208700005,996831.5127511986,982.794,1067.2701416666666,1171.169448,0.3,996831.5127511986,299049.4538253596,697782.058925839
2005-01-05,612323.5806641986,391742.53816900006,1004066.1188331988,992.564,1066.4847166666666,1170.2903720000002,0.3,1004066.1188331988,301219.8356499596,702846.2831832392
2005-01-06,612323.5806641986,387941.285535,1000264.8661991986,983.174,1065.604675,1169.3868280000002,0.3,1000264.8661991986,300079.4598597596,700185.4063394391
2005-01-07,612323.5806641986,390025.549516,1002349.1301801986,983.958,1064.6042666666667,1168.488568,0.3,1002349.1301801986,300704.73905405955,701644.3911261391
2005-01-10,612323.5806641986,393323.33511700016,1005646.9157811988,993.879,1063.4466,1167.6670680000002,0.3,1005646.9157811988,301694.07473435963,703952.8410468391
2005-01-11,612323.5806641986,394506.0775099999,1006829.6581741986,997.135,1062.3018833333333,1166.827216,0.3,1006829.6581741986,302048.89745225955,704780.760721939
2005-01-12,612323.5806641986,396264.1394289999,1008587.7200931984,996.748,1061.2258166666666,1166.0352320000002,0.3,1008587.7200931984,302576.3160279595,706011.4040652388
2005-01-13,612323.5806641986,396848.277209,1009171.8578731986,996.877,1060.1526083333333,1165.204288,0.3,1009171.8578731986,302751.55736195954,706420.3005112391
2005-01-14,612323.5806641986,391667.748864,1003991.3295281986,988.306,1059.2396666666668,1164.1956440000001,0.3,1003991.3295281986,301197.39885845955,702793.930669739
2005-01-17,612323.5806641986,384105.301435,996428.8820991986,967.452,1058.121775,1163.060912,0.3,996428.8820991986,298928.66462975956,697500.2174694391
2005-01-18,612323.5806641986,389768.9459290001,1002092.5265931988,974.689,1057.1836166666667,1161.894596,0.3,1002092.5265931988,300627.75797795964,701464.7686152391
2005-01-19,612323.5806641986,386088.104436,998411.6851001986,967.21,1056.2153833333334,1160.626084,0.3,998411.6851001986,299523.50553005957,698888.179570139
2005-01-20,612323.5806641986,381036.7619909999,993360.3426551984,956.245,1055.1047583333334,1159.38544,0.3,993360.3426551984,298008.1027965595,695352.239858639
2005-01-21,612323.5806641986,386415.3339779998,998738.9146421984,982.604,1054.0917333333334,1158.1371199999999,0.3,998738.9146421984,299621.6743926595,699117.2402495388
2005-01-24,612323.5806641986,394743.252706,1007066.8333701984,998.133,1053.3372000000002,1156.9569159999999,0.3,1007066.8333701984,302120.0500110595,704946.7833591389
2005-01-25,612323.5806641986,392124.219891,1004447.8005551988,997.775,1052.6474083333333,1155.836172,0.3,1004447.8005551988,301334.3401665596,703113.4603886392
2005-01-26,612323.5806641986,388664.0138649999,1000987.5945291984,989.928,1051.9502833333333,1154.7014199999999,0.3,1000987.5945291984,300296.2783587595,700691.3161704389
2005-01-27,612323.5806641986,381724.135932,994047.7165961984,974.631,1050.87595,1153.4627600000001,0.3,994047.7165961984,298214.3149788595,695833.4016173389
2005-01-28,612323.5806641986,374951.94996100006,987275.5306251989,969.209,1049.8792416666665,1152.091808,0.3,987275.5306251989,296182.6591875596,691092.8714376392
2005-01-31,612323.5806641986,362627.60251899983,974951.1831831984,954.879,1048.7678916666666,1150.785988,0.3,974951.1831831984,292485.35495495953,682465.828228239
2005-02-01,402176.1012494244,569184.6622450001,971360.7634944244,955.951,1047.621825,1149.380724,0.3,971360.7634944244,291408.2290483273,679952.5344460971
2005-02-02,402176.1012494244,599807.7756650001,1001983.8769144244,1006.913,1046.8578833333333,1148.124392,0.3,1001983.8769144244,300595.1630743273,701388.7138400971
2005-02-03,402176.1012494244,590195.0461520002,992371.1474014246,993.215,1046.0840333333333,1146.701796,0.3,992371.1474014246,297711.3442204274,694659.8031809973
2005-02-04,402176.1012494244,599854.6685029999,1002030.7697524244,1016.858,1045.6010416666666,1145.353824,0.3,1002030.7697524244,300609.23092572734,701421.538826697
2005-02-16,402176.1012494244,606128.7341370002,1008304.8353864246,1023.584,1045.1538666666668,1144.0592759999997,0.3,1008304.8353864246,302491.45061592734,705813.3847704972
2005-02-17,402176.1012494244,607687.0361630002,1009863.1374124244,1020.606,1044.7622833333332,1142.6663360000002,0.3,1009863.1374124244,302958.9412237273,706904.1961886971
2005-02-18,402176.1012494244,599183.6091099998,1001359.7103594242,1006.055,1044.2084916666668,1141.238308,0.3,1001359.7103594242,300407.91310782725,700951.797251597
2005-02-21,402176.1012494244,608295.9271730002,1010472.0284224246,1025.633,1043.8235416666666,1139.921844,0.3,1010472.0284224246,303141.60852672736,707330.4198956972
2005-02-22,402176.1012494244,624403.430355,1026579.5316044244,1046.744,1043.7197583333334,1138.7261879999999,0.6,1026579.5316044244,615947.7189626546,410631.81264176976
2005-02-23,402176.1012494244,627372.6295620002,1029548.7308114246,1043.944,1043.5840500000002,1137.5326240000002,0.6,1029548.7308114246,617729.2384868547,411819.49232456984
2005-02-24,402176.1012494244,631235.24931,1033411.3505594244,1045.46,1043.56945,1136.221264,0.6,1033411.3505594244,620046.8103356546,413364.5402237697
2005-02-25,402176.1012494244,630319.789018,1032495.8902674244,1046.761,1043.4639583333333,1134.886848,0.6,1032495.8902674244,619497.5341604546,412998.35610696976
2005-02-28,402176.1012494244,626849.4445960001,1029025.5458454244,1039.989,1043.3344833333333,1133.4813840000002,0.3,1029025.5458454244,308707.66375362733,720317.8820917971
2005-03-01,402176.1012494244,621748.5933069999,1023924.6945564244,1035.934,1043.208975,1132.081208,0.3,1023924.6945564244,307177.4083669273,716747.2861894971
2005-03-02,402176.1012494244,614849.7119520003,1017025.8132014248,1021.32,1043.0596583333333,1130.602108,0.3,1017025.8132014248,305107.7439604274,711918.0692409973
2005-03-03,402176.1012494244,618437.483667,1020613.5849164244,1027.71,1042.9710416666667,1129.2759919999999,0.3,1020613.5849164244,306184.0754749273,714429.509441497
2005-03-04,402176.1012494244,613525.2314629998,1015701.3327124242,1023.667,1042.7018500000001,1127.945404,0.3,1015701.3327124242,304710.39981372724,710990.932898697
2005-03-07,402176.1012494244,616593.1921740001,1018769.2934234244,1029.871,1042.6169833333333,1126.7471199999998,0.3,1018769.2934234244,305630.7880270273,713138.5053963971
2005-03-08,402176.1012494244,629420.321097,1031596.4223464244,1048.987,1042.6471333333334,1125.5996160000002,0.6,1031596.4223464244,618957.8534078547,412638.56893856975
2005-03-09,402176.1012494244,631786.954172,1033963.0554214244,1046.544,1042.6721916666668,1124.379352,0.6,1033963.0554214244,620377.8332528546,413585.2221685698
2005-03-10,402176.1012494244,616915.0723619999,1019091.1736114244,1022.413,1042.5284,1123.001348,0.3,1019091.1736114244,305727.3520834273,713363.821527997
2005-03-11,402176.1012494244,619062.8961480003,1021238.9973974248,1027.429,1042.4112666666667,1121.6582879999999,0.3,1021238.9973974248,306371.6992192274,714867.2981781974
2005-03-14,402176.1012494244,618483.183531,1020659.2847804244,1031.026,1042.4064333333333,1120.4175320000002,0.3,1020659.2847804244,306197.7854341273,714461.4993462971
2005-03-15,402176.1012494244,609510.986527,1011687.0877764244,1013.523,1042.4144916666667,1119.072232,0.3,1011687.0877764244,303506.1263329273,708180.9614434971
2005-03-16,402176.1012494244,602229.8491929999,1004405.9504424244,1003.065,1042.313775,1117.71746,0.3,1004405.9504424244,301321.7851327273,703084.1653096972
2005-03-17,402176.1012494244,594919.194308,997095.2955574244,992.863,1042.3104416666667,1116.419728,0.3,997095.2955574244,299128.5886672273,697966.7068901971
2005-03-18,402176.1012494244,581994.7161310001,984170.8173804244,978.665,1041.9376,1115.07772,0.3,984170.8173804244,295251.2452141273,688919.5721662971
2005-03-21,402176.1012494244,582968.8427760002,985144.9440254244,981.893,1041.2343583333334,1113.6253359999998,0.3,985144.9440254244,295543.4832076273,689601.4608177971
2005-03-22,402176.1012494244,569333.7671879998,971509.8684374242,964.024,1040.2852666666668,1112.05006,0.3,971509.8684374242,291452.96053122723,680056.907906197
2005-03-23,402176.1012494244,569130.3608840001,971306.4621334244,959.01,1039.0039583333335,1110.452044,0.3,971306.4621334244,291391.9386400273,679914.523493397
2005-03-24,402176.1012494244,574878.7450339999,977054.8462834244,964.801,1037.4429166666666,1108.752544,0.3,977054.8462834244,293116.4538850273,683938.3923983971
2005-03-25,402176.1012494244,574538.3075369999,976714.4087864244,962.955,1035.938725,1107.0229040000002,0.3,976714.4087864244,293014.3226359273,683700.0861504972
2005-03-28,402176.1012494244,573746.711882,975922.8131314244,960.696,1034.6102916666666,1105.2736200000002,0.3,975922.8131314244,292776.8439394273,683145.9691919971
2005-03-29,402176.1012494244,567840.017123,970016.1183724244,955.19,1032.9208083333333,1103.6057280000002,0.3,970016.1183724244,291004.8355117273,679011.282860697
2005-03-30,402176.1012494244,551090.092816,953266.1940654244,937.034,1031.2629833333333,1101.7795800000001,0.3,953266.1940654244,285979.8582196273,667286.3358457971
2005-03-31,402176.1012494244,555561.9658979998,957738.0671474242,942.203,1029.714275,1099.950192,0.3,957738.0671474242,287321.4201442273,670416.6470031969
2005-04-01,402176.1012494244,576585.7267199999,978761.8279694244,978.145,1028.3959916666668,1098.304692,0.3,978761.8279694244,293628.5483908273,685133.279578597
2005-04-04,402176.1012494244,566592.8429080002,968768.9441574246,962.168,1027.047325,1096.611868,0.3,968768.9441574246,290630.6832472274,678138.2609101972
2005-04-05,402176.1012494244,559411.8075800001,961587.9088294244,955.598,1025.766275,1094.890812,0.3,961587.9088294244,288476.3726488273,673111.536180597
2005-04-06,402176.1012494244,568229.4615130001,970405.5627624243,973.668,1024.44755,1093.2395760000002,0.3,970405.5627624243,291121.66882872727,679283.8939336971
2005-04-07,402176.1012494244,575229.3784530001,977405.4797024244,984.733,1023.2675583333333,1091.691708,0.3,977405.4797024244,293221.6439107273,684183.835791697
2005-04-08,402176.1012494244,586744.176363,988920.2776124245,1003.445,1022.4333750000001,1090.217292,0.3,988920.2776124245,296676.08328372735,692244.1943286972
2005-04-11,402176.1012494244,585626.013421,987802.1146704244,995.421,1021.5270666666668,1088.65916,0.3,987802.1146704244,296340.6344011273,691461.480269297
2005-04-12,402176.1012494244,573151.79453,975327.8957794243,978.697,1020.8484833333333,1086.98742,0.3,975327.8957794243,292598.3687338273,682729.5270455971
2005-04-13,402176.1012494244,586301.5824839999,988477.6837334244,1000.9,1020.3423,1085.367348,0.3,988477.6837334244,296543.30512002733,691934.378613397
2005-04-14,402176.1012494244,578271.2354450001,980447.3366944244,986.975,1019.704825,1083.707368,0.3,980447.3366944244,294134.2010083273,686313.1356860971
2005-04-15,402176.1012494244,565320.247929,967496.3491784245,974.082,1018.9335416666667,1081.961984,0.3,967496.3491784245,290248.9047535273,677247.4444248972
2005-04-18,402176.1012494244,557494.4662520003,959670.5675014248,963.772,1018.1074583333333,1080.181976,0.3,959670.5675014248,287901.17025042744,671769.3972509974
2005-04-19,402176.1012494244,558237.706658,960413.8079074244,965.886,1017.406775,1078.434436,0.3,960413.8079074244,288124.14237222733,672289.6655351971
2005-04-20,402176.1012494244,550266.6825059999,952442.7837554244,950.867,1016.4711416666668,1076.7568,0.3,952442.7837554244,285732.8351266273,666709.9486287972
2005-04-21,402176.1012494244,545833.6404979998,948009.7417474242,943.981,1015.5944000000001,1075.074,0.3,948009.7417474242,284402.92252422724,663606.819223197
2005-04-22,402176.1012494244,539269.8462890002,941445.9475384246,939.101,1014.593125,1073.415084,0.3,941445.9475384246,282433.78426152735,659012.1632768973
2005-04-25,402176.1012494244,526449.166106,928625.2673554244,930.07,1013.4296666666668,1071.807064,0.3,928625.2673554244,278587.5802066273,650037.6871487971
2005-04-26,402176.1012494244,534194.6199590001,936370.7212084244,937.083,1012.3330416666668,1070.279988,0.3,936370.7212084244,280911.21636252734,655459.5048458971
2005-04-27,402176.1012494244,528416.391751,930592.4930004244,926.604,1011.3022500000001,1068.6620759999998,0.3,930592.4930004244,279177.7479001273,651414.745100297
2005-04-28,402176.1012494244,538763.0272199999,940939.1284694244,942.073,1010.4992916666667,1067.18236,0.3,940939.1284694244,282281.7385408273,658657.3899285971
2005-04-29,402176.1012494244,530103.012725,932279.1139744244,932.395,1009.6381416666667,1065.707596,0.3,932279.1139744244,279683.7341923273,652595.3797820972
2005-05-09,402176.1012494244,514994.97334,917171.0745894244,909.174,1008.4254833333333,1064.185676,0.3,917171.0745894244,275151.3223768273,642019.752212597
2005-05-10,547779.1157370226,368939.65080700006,916718.7665440226,913.076,1007.4284250000001,1062.65224,0.3,916718.7665440226,275015.62996320677,641703.1365808158
2005-05-11,547779.1157370226,367954.8218780001,915733.9376150226,901.851,1006.3288166666666,1061.1544159999999,0.3,915733.9376150226,274720.1812845068,641013.7563305158
2005-05-12,547779.1157370226,365106.19655100006,912885.3122880226,885.82,1005.087275,1059.5899000000002,0.3,912885.3122880226,273865.5936864068,639019.7186016159
2005-05-13,547779.1157370226,369161.008244,916940.1239810224,887.543,1003.84005,1058.082696,0.3,916940.1239810224,275082.03719430673,641858.0867867157
2005-05-16,547779.1157370226,362761.040749,910540.1564860226,875.271,1002.1649666666667,1056.5513320000002,0.3,910540.1564860226,273162.04694580677,637378.1095402159
2005-05-17,547779.1157370226,369130.150452,916909.2661890228,881.462,1000.5915583333334,1055.1427800000001,0.3,916909.2661890228,275072.77985670685,641836.486332316
2005-05-18,547779.1157370226,373844.32164200005,921623.4373790226,883.196,999.0130333333333,1053.7166840000002,0.3,921623.4373790226,276487.03121370677,645136.4061653158
2005-05-19,547779.1157370226,373128.6838950001,920907.7996320226,884.171,997.3419083333334,1052.427024,0.3,920907.7996320226,276272.33988960675,644635.4597424159
2005-05-20,547779.1157370226,370313.774446,918092.8901830226,882.763,995.6595,1051.107776,0.3,918092.8901830226,275427.8670549068,642665.0231281158
2005-05-23,547779.1157370226,358224.20827,906003.3240070228,863.341,993.900725,1049.601076,0.3,906003.3240070228,271800.9972021068,634202.3268049159
2005-05-24,547779.1157370226,366534.196926,914313.3126630224,868.456,992.0959083333333,1048.136588,0.3,914313.3126630224,274293.99379890674,640019.3188641157
2005-05-25,547779.1157370226,368006.8133009999,915785.9290380224,868.451,990.2382416666667,1046.781348,0.3,915785.9290380224,274735.7787114067,641050.1503266157
2005-05-26,547779.1157370226,365124.7516500001,912903.8673870226,857.331,988.263075,1045.429916,0.3,912903.8673870226,273871.16021610674,639032.7071709158
2005-05-27,547779.1157370226,362010.755773,909789.8715100226,849.508,986.3016499999999,1043.9895119999999,0.3,909789.8715100226,272936.9614530068,636852.9100570157
2005-05-30,547779.1157370226,366359.8905110001,914139.0062480228,855.612,984.4511583333334,1042.573644,0.3,914139.0062480228,274241.70187440683,639897.3043736159
2005-05-31,547779.1157370226,365025.4615409999,912804.5772780224,855.946,982.6145166666666,1041.1905760000002,0.3,912804.5772780224,273841.3731834067,638963.2040946158
2005-06-01,547779.1157370226,356166.93434099987,903946.0500780224,837.532,980.6357333333333,1039.7038519999999,0.3,903946.0500780224,271183.8150234067,632762.2350546157
2005-06-02,547779.1157370226,354853.4798570001,902632.5955940228,818.379,978.6109583333333,1038.1742120000001,0.3,902632.5955940228,270789.77867820684,631842.8169158159
2005-06-03,547779.1157370226,354093.1981740001,901872.3139110226,818.033,976.5711166666666,1036.735496,0.3,901872.3139110226,270561.69417330675,631310.6197377159
2005-06-06,547779.1157370226,358477.143029,906256.2587660224,838.997,974.7448416666667,1035.359432,0.3,906256.2587660224,271876.8776298067,634379.3811362158
2005-06-07,547779.1157370226,359236.67621800007,907015.7919550226,837.282,972.9216833333334,1033.873832,0.3,907015.7919550226,272104.73758650676,634911.0543685158
2005-06-08,547779.1157370226,387869.824757,935648.9404940226,905.773,971.6503416666667,1032.69004,0.3,935648.9404940226,280694.68214820675,654954.2583458158
2005-06-09,547779.1157370226,393954.7188790001,941733.8346160228,912.604,970.419925,1031.513092,0.3,941733.8346160228,282520.1503848068,659213.684231216
2005-06-10,547779.1157370226,387146.9374810001,934926.0532180228,894.556,969.1397166666667,1030.194896,0.3,934926.0532180228,280477.81596540683,654448.237252616
2005-06-13,547779.1157370226,388659.904755,936439.0204920226,892.959,967.8379083333333,1028.919004,0.3,936439.0204920226,280931.7061476068,655507.3143444159
2005-06-14,547779.1157370226,381960.299685,929739.4154220226,883.537,966.3712916666667,1027.678936,0.3,929739.4154220226,278921.8246266068,650817.5907954158
2005-06-15,547779.1157370226,371373.477539,919152.5932760226,866.834,964.898625,1026.375168,0.3,919152.5932760226,275745.7779828068,643406.8152932158
2005-06-16,547779.1157370226,374516.187263,922295.3030000228,879.237,963.5801666666666,1025.187064,0.3,922295.3030000228,276688.5909000068,645606.712100016
2005-06-17,547779.1157370226,374360.6831280001,922139.7988650228,880.345,962.2972666666667,1024.0671200000002,0.3,922139.7988650228,276641.93965950684,645497.859205516
2005-06-20,547779.1157370226,385414.97404000006,933194.0897770226,906.255,961.2003666666667,1023.141956,0.3,933194.0897770226,279958.2269331068,653235.8628439158
2005-06-21,547779.1157370226,381115.606918,928894.7226550226,896.166,960.0578166666668,1022.1685799999999,0.3,928894.7226550226,278668.4167965068,650226.3058585159
2005-06-22,547779.1157370226,382247.765748,930026.8814850226,900.646,959.0382333333332,1021.209052,0.3,930026.8814850226,279008.0644455068,651018.8170395158
2005-06-23,547779.1157370226,376370.836533,924149.9522700226,893.572,958.073225,1020.321716,0.3,924149.9522700226,277244.98568100674,646904.9665890159
2005-06-24,547779.1157370226,377936.036678,925715.1524150224,898.301,957.1580749999999,1019.375328,0.3,925715.1524150224,277714.5457245067,648000.6066905156
2005-06-27,547779.1157370226,387468.4297430002,935247.5454800228,916.043,956.174825,1018.475128,0.3,935247.5454800228,280574.2636440068,654673.281836016
2005-06-28,547779.1157370226,381041.5332970001,928820.6490340226,903.716,955.2432083333334,1017.623976,0.3,928820.6490340226,278646.19471020676,650174.4543238159
2005-06-29,547779.1157370226,379654.1182610002,927433.2339980229,898.898,954.2640416666667,1016.805956,0.3,927433.2339980229,278229.97019940685,649203.263798616
2005-06-30,547779.1157370226,369334.760356,917113.8760930226,878.686,953.1493833333333,1015.883136,0.3,917113.8760930226,275134.1628279068,641979.7132651159
2005-07-01,547779.1157370226,351729.9093310001,899509.0250680228,859.494,951.8893583333333,1014.8415839999999,0.3,899509.0250680228,269852.7075204068,629656.317547616
2005-07-04,547779.1157370226,345232.8278160001,893011.9435530227,855.932,950.6427333333334,1013.824036,0.3,893011.9435530227,267903.5830659068,625108.3604871159
2005-07-05,547779.1157370226,342168.104828,889947.2205650227,849.679,949.3568166666666,1012.82314,0.3,889947.2205650227,266984.1661695068,622963.0543955159
2005-07-06,547779.1157370226,340468.71970799984,888247.8354450224,842.556,948.0447833333333,1011.865532,0.3,888247.8354450224,266474.3506335067,621773.4848115158
2005-07-07,547779.1157370226,341951.880962,889730.9966990226,844.729,946.8942416666666,1010.966424,0.3,889730.9966990226,266919.29900970677,622811.6976893158
2005-07-08,547779.1157370226,330185.79353699984,877964.9092740224,829.489,945.5352833333333,1009.945912,0.3,877964.9092740224,263389.4727822067,614575.4364918157
2005-07-11,547779.1157370226,325604.555778,873383.6715150226,824.097,944.2096416666667,1008.92836,0.3,873383.6715150226,262015.10145450677,611368.5700605159
2005-07-12,547779.1157370226,337265.47905400005,885044.5947910226,851.816,943.1084583333334,1007.886068,0.3,885044.5947910226,265513.3784373068,619531.2163537159
2005-07-13,547779.1157370226,334653.1951519999,882432.3108890224,846.231,941.8780583333333,1006.811212,0.3,882432.3108890224,264729.6932667067,617702.6176223157
2005-07-14,547779.1157370226,334031.36357800016,881810.4793150227,849.59,940.6485166666668,1005.7439079999999,0.3,881810.4793150227,264543.1437945068,617267.3355205159
2005-07-15,547779.1157370226,324897.8211300001,872676.9368670227,841.001,939.3506249999999,1004.622776,0.3,872676.9368670227,261803.08106010678,610873.8558069159
2005-07-18,547779.1157370226,315538.886989,863318.0027260226,832.995,937.9849416666668,1003.51226,0.3,863318.0027260226,258995.40081780677,604322.6019082158
2005-07-19,547779.1157370226,317482.6673119999,865261.7830490225,835.608,936.7124583333333,1002.402584,0.3,865261.7830490225,259578.53491470675,605683.2481343158
2005-07-20,547779.1157370226,318903.333659,866682.4493960226,842.641,935.6723666666668,1001.345488,0.3,866682.4493960226,260004.73481880676,606677.7145772158
2005-07-21,547779.1157370226,318838.7826839999,866617.8984210226,843.987,934.5831833333334,1000.388724,0.3,866617.8984210226,259985.36952630675,606632.5288947158
2005-07-22,547779.1157370226,327041.676375,874820.7921120226,859.693,933.6872083333333,999.480236,0.3,874820.7921120226,262446.23763360677,612374.5544784159
2005-07-25,547779.1157370226,325959.4506619999,873738.5663990225,856.86,932.859,998.55256,0.3,873738.5663990225,262121.56991970673,611616.9964793157
2005-07-26,547779.1157370226,335944.2343259999,883723.3500630225,876.48,931.9746333333334,997.642452,0.3,883723.3500630225,265117.0050189067,618606.3450441158
2005-07-27,547779.1157370226,343853.163082,891632.2788190226,894.012,931.1069583333333,996.687304,0.3,891632.2788190226,267489.68364570674,624142.5951733158
2005-07-28,547779.1157370226,342566.725877,890345.8416140226,890.885,930.2162083333334,995.7128399999999,0.3,890345.8416140226,267103.75248420675,623242.0891298158
2005-07-29,547779.1157370226,341037.804968,888816.9207050225,888.164,929.368175,994.761992,0.3,888816.9207050225,266645.07621150673,622171.8444935158
2005-08-01,547779.1157370226,344754.788748,892533.9044850226,891.607,928.6763083333333,993.825772,0.3,892533.9044850226,267760.1713455068,624773.7331395159
2005-08-02,447914.8726706378,455718.37023300014,903633.242903638,903.598,928.12955,993.048728,0.3,903633.242903638,271089.9728710914,632543.2700325467
2005-08-03,447914.8726706378,462554.5193900001,910469.392060638,909.57,927.751975,992.280612,0.3,910469.392060638,273140.8176181914,637328.5744424467
2005-08-04,447914.8726706378,457459.3395119999,905374.2121826377,904.15,927.3203,991.54814,0.3,905374.2121826377,271612.2636547913,633761.9485278464
2005-08-05,447914.8726706378,470913.0213229999,918827.8939936378,923.803,926.6277166666666,990.90976,0.3,918827.8939936378,275648.36819809134,643179.5257955464
2005-08-08,447914.8726706378,476169.61865500006,924084.4913256378,927.471,926.07985,990.2615639999999,0.6,924084.4913256378,554450.6947953827,369633.7965302551
2005-08-09,447914.8726706378,487514.67851999984,935429.5511906376,933.089,925.381775,989.5772519999999,0.6,935429.5511906376,561257.7307143826,374171.82047625503
2005-08-10,447914.8726706378,496212.8966149999,944127.7692856377,940.37,924.688325,988.984024,0.6,944127.7692856377,566476.6615713825,377651.1077142551
2005-08-11,447914.8726706378,500400.671001,948315.5436716378,953.992,924.1332083333333,988.477792,0.6,948315.5436716378,568989.3262029827,379326.2174686551
2005-08-12,447914.8726706378,490675.7646390001,938590.637309638,938.316,923.5687166666667,987.936724,0.6,938590.637309638,563154.3823857828,375436.2549238552
2005-08-15,447914.8726706378,505369.9325049999,953284.8051756376,954.502,922.9759583333333,987.340528,0.6,953284.8051756376,571970.8831053826,381313.92207025504
2005-08-16,447914.8726706378,507094.3722380001,955009.2449086378,945.058,922.1285750000001,986.7655040000001,0.6,955009.2449086378,573005.5469451827,382003.6979634551
2005-08-17,447914.8726706378,521283.98949700006,969198.8621676378,953.012,921.3708083333332,986.224588,0.6,969198.8621676378,581519.3173005827,387679.54486705514
2005-08-18,447914.8726706378,504588.3241130001,952503.196783638,920.671,920.3309,985.533356,0.6,952503.196783638,571501.9180701828,381001.2787134552
2005-08-19,447914.8726706378,509570.9096230001,957485.782293638,923.038,919.299875,984.831164,0.6,957485.782293638,574491.4693761828,382994.3129174552
2005-08-22,447914.8726706378,512472.6878399999,960387.5605106376,931.673,918.3972416666668,984.2135480000001,0.6,960387.5605106376,576232.5363063825,384155.0242042551
2005-08-23,447914.8726706378,499486.83055499993,947401.7032256378,923.414,917.459575,983.607936,0.6,947401.7032256378,568441.0219353826,378960.68129025516
2005-08-24,447914.8726706378,504267.5368420001,952182.409512638,930.651,916.704,983.02156,0.6,952182.409512638,571309.4457075828,380872.96380505525
2005-08-25,447914.8726706378,513528.117941,961442.9906116376,930.118,915.8907333333333,982.4716480000001,0.6,961442.9906116376,576865.7943669825,384577.19624465506
2005-08-26,447914.8726706378,521028.8850479999,968943.7577186376,928.258,915.0956583333333,981.89464,0.6,968943.7577186376,581366.2546311825,387577.50308745506
2005-08-29,447914.8726706378,516953.9202910001,964868.792961638,917.371,914.1581583333333,981.276816,0.6,964868.792961638,578921.2757769828,385947.5171846552
2005-08-30,447914.8726706378,512537.28253700014,960452.155207638,914.88,913.0406,980.699544,0.6,960452.155207638,576271.2931245829,384180.8620830552
2005-08-31,447914.8726706378,520546.579663,968461.4523336376,927.916,912.0520333333334,980.170292,0.6,968461.4523336376,581076.8714001826,387384.580933455
2005-09-01,447914.8726706378,536228.3312139998,984143.2038846376,944.559,911.40325,979.7596799999999,0.6,984143.2038846376,590485.9223307825,393657.28155385505
2005-09-02,447914.8726706378,538960.546543,986875.4192136378,947.871,910.7402666666668,979.313484,0.6,986875.4192136378,592125.2515281826,394750.1676854552
2005-09-05,447914.8726706378,548168.3705819999,996083.2432526376,952.717,910.0876916666667,978.902248,0.6,996083.2432526376,597649.9459515825,398433.29730105505
2005-09-06,447914.8726706378,532094.048798,980008.9214686378,936.61,909.44675,978.444708,0.6,980008.9214686378,588005.3528811827,392003.5685874551
2005-09-07,447914.8726706378,547043.613206,994958.4858766376,952.758,909.027525,978.098788,0.6,994958.4858766376,596975.0915259826,397983.394350655
2005-09-08,447914.8726706378,548542.269756,996457.1424266378,955.282,908.7143500000001,977.7665400000001,0.6,996457.1424266378,597874.2854559827,398582.85697065515
2005-09-09,447914.8726706378,540089.321596,988004.1942666378,949.065,908.4676833333334,977.33892,0.6,988004.1942666378,592802.5165599827,395201.6777066551
2005-09-12,447914.8726706378,543435.6146589998,991350.4873296376,949.506,908.1977916666667,976.976724,0.6,991350.4873296376,594810.2923977826,396540.1949318551
2005-09-13,447914.8726706378,557353.938155,1005268.8108256378,963.774,908.1957083333333,976.650344,0.6,1005268.8108256378,603161.2864953827,402107.5243302551
2005-09-14,447914.8726706378,563881.4959219999,1011796.3685926376,970.193,908.2889,976.3569679999999,0.6,1011796.3685926376,607077.8211555826,404718.54743705504
2005-09-15,447914.8726706378,565867.027687,1013781.9003576378,969.598,908.328875,976.076688,0.6,1013781.9003576378,608269.1402145827,405512.7601430551
2005-09-16,447914.8726706378,565675.759335,1013590.6320056376,967.495,908.3667083333333,975.780728,0.6,1013590.6320056376,608154.3792033825,405436.2528022551
2005-09-19,447914.8726706378,575897.1001389999,1023811.9728096375,971.136,908.4537083333332,975.538848,0.6,1023811.9728096375,614287.1836857825,409524.78912385507
2005-09-20,447914.8726706378,575721.8936849999,1023636.7663556376,961.919,908.5097833333334,975.3362999999999,0.6,1023636.7663556376,614182.0598133826,409454.706542255
2005-09-21,447914.8726706378,566394.0936459999,1014308.9663166376,944.408,908.5712333333335,975.053328,0.6,1014308.9663166376,608585.3797899826,405723.586526655
2005-09-22,447914.8726706378,540915.0781540001,988829.950824638,923.274,908.4134916666667,974.773372,0.6,988829.950824638,593297.9704947828,395531.9803298552
2005-09-23,447914.8726706378,532029.8162130001,979944.688883638,916.154,907.8969,974.344364,0.6,979944.688883638,587966.8133301828,391977.8755534552
2005-09-26,447914.8726706378,537608.7213600001,985523.594030638,918.485,907.5328750000001,973.7531759999999,0.6,985523.594030638,591314.1564183828,394209.4376122552
2005-09-27,447914.8726706378,519723.59305600007,967638.465726638,904.214,907.104675,973.058372,0.3,967638.465726638,290291.53971799137,677346.9260086466
2005-09-28,447914.8726706378,517501.656291,965416.5289616378,903.719,906.5217666666666,972.2221800000001,0.3,965416.5289616378,289624.9586884913,675791.5702731465
2005-09-29,447914.8726706378,532053.9300320002,979968.802702638,915.975,905.9487833333333,971.2775760000001,0.6,979968.802702638,587981.2816215828,391987.52108105517
2005-09-30,447914.8726706378,528352.9870520001,976267.859722638,917.392,905.2316750000001,970.373312,0.6,976267.859722638,585760.7158335828,390507.14388905524
2005-10-10,447914.8726706378,513982.9111700001,961897.783840638,907.321,904.4975083333334,969.522164,0.6,961897.783840638,577138.6703043828,384759.1135362552
2005-10-11,447914.8726706378,528907.9478389999,976822.8205096376,919.72,904.0060333333333,968.569332,0.6,976822.8205096376,586093.6923057826,390729.128203855
2005-10-12,447914.8726706378,534700.08157,982614.9542406378,923.485,903.3609083333334,967.71938,0.6,982614.9542406378,589568.9725443827,393045.98169625516
2005-10-13,447914.8726706378,532266.1468000001,980181.019470638,916.499,902.7736083333333,966.873184,0.6,980181.019470638,588108.6116823828,392072.40778825525
2005-10-14,447914.8726706378,524791.257836,972706.1305066376,904.828,902.1964916666667,965.94714,0.6,972706.1305066376,583623.6783039826,389082.452202655
2005-10-17,447914.8726706378,526721.242039,974636.1147096378,897.623,901.64525,965.0416,0.3,974636.1147096378,292390.83441289136,682245.2802967464
2005-10-18,447914.8726706378,535563.5196820002,983478.392352638,902.366,901.1159166666665,964.2137680000001,0.6,983478.392352638,590087.0354115828,393391.35694105516
2005-10-19,447914.8726706378,533181.230996,981096.1036666378,898.744,900.6815583333333,963.281084,0.3,981096.1036666378,294328.83109999134,686767.2725666465
2005-10-20,447914.8726706378,533665.6679730002,981580.540643638,899.915,900.3143416666666,962.375416,0.3,981580.540643638,294474.1621930914,687106.3784505466
2005-10-21,447914.8726706378,537567.3513620001,985482.224032638,904.414,900.0252833333333,961.5788840000001,0.6,985482.224032638,591289.3344195827,394192.8896130553
2005-10-24,447914.8726706378,540074.0777449999,987988.9504156376,906.652,899.8301333333333,960.7887799999999,0.6,987988.9504156376,592793.3702493826,395195.580166255
2005-10-25,447914.8726706378,523762.494661,971677.3673316378,894.272,899.4733749999999,960.1253600000001,0.3,971677.3673316378,291503.2101994913,680174.1571321464
2005-10-26,447914.8726706378,506683.3411159999,954598.2137866376,875.82,899.0501750000001,959.3820719999999,0.3,954598.2137866376,286379.4641359913,668218.7496506464
2005-10-27,447914.8726706378,501009.868124,948924.7407946376,875.849,898.4983083333334,958.6315800000001,0.3,948924.7407946376,284677.42223839124,664247.3185562463
2005-10-28,447914.8726706378,485190.091424,933104.9640946378,867.729,897.9594249999999,957.835952,0.3,933104.9640946378,279931.4892283913,653173.4748662465
2005-10-31,447914.8726706378,488158.699793,936073.5724636378,876.282,897.685325,957.0894720000001,0.3,936073.5724636378,280822.0717390913,655251.5007245465
2005-11-01,492122.3415953778,436632.29095,928754.6325453778,872.865,897.3502333333332,956.3810599999999,0.3,928754.6325453778,278626.38976361335,650128.2427817645
2005-11-02,492122.3415953778,443421.129611,935543.4712063778,882.478,897.1887916666667,955.6584,0.3,935543.4712063778,280663.0413619133,654880.4298444645
2005-11-03,492122.3415953778,439236.385141,931358.726736378,874.575,897.0950833333334,954.9599400000001,0.3,931358.726736378,279407.6180209134,651951.1087154646
2005-11-04,492122.3415953778,441731.809469,933854.1510643776,878.361,897.0185666666667,954.2363679999999,0.3,933854.1510643776,280156.24531931325,653697.9057450644
2005-11-07,492122.3415953778,443174.151903,935296.4934983776,877.278,897.0352916666667,953.46674,0.3,935296.4934983776,280588.9480495133,654707.5454488643
2005-11-08,492122.3415953778,444996.2051149999,937118.5467103778,881.524,897.0358083333333,952.7181240000001,0.3,937118.5467103778,281135.5640131133,655982.9826972645
2005-11-09,492122.3415953778,443389.0798740001,935511.4214693778,879.252,897.0029416666667,952.033936,0.3,935511.4214693778,280653.42644081335,654857.9950285645
2005-11-10,492122.3415953778,429778.0837699999,921900.4253653776,862.968,896.82625,951.332096,0.3,921900.4253653776,276570.12760961324,645330.2977557643
2005-11-11,492122.3415953778,430618.6130110001,922740.954606378,864.79,896.6764750000001,950.648324,0.3,922740.954606378,276822.2863819134,645918.6682244646
2005-11-14,492122.3415953778,429547.2335329997,921669.5751283776,862.149,896.6665416666667,949.878148,0.3,921669.5751283776,276500.8725385133,645168.7025898644
2005-11-15,492122.3415953778,426402.5405579999,918524.8821533776,856.635,896.5680333333333,949.1737959999999,0.3,918524.8821533776,275557.4646460133,642967.4175073644
2005-11-16,492122.3415953778,427213.134045,919335.4756403778,863.119,896.5236,948.4910560000001,0.3,919335.4756403778,275800.64269211335,643534.8329482644
2005-11-17,492122.3415953778,427187.316038,919309.6576333778,862.658,896.5679916666667,947.802468,0.3,919309.6576333778,275792.8972900133,643516.7603433644
2005-11-18,492122.3415953778,438216.9663599999,930339.3079553776,882.241,896.8407666666667,947.182592,0.3,930339.3079553776,279101.79238661326,651237.5155687644
2005-11-21,492122.3415953778,440691.9684160002,932814.310011378,883.871,897.0762583333333,946.412952,0.3,932814.310011378,279844.2930034134,652970.0170079647
2005-11-22,492122.3415953778,432834.0365920001,924956.378187378,869.617,897.1901833333334,945.610336,0.3,924956.378187378,277486.9134562134,647469.4647311646
2005-11-23,492122.3415953778,437559.879118,929682.2207133778,876.229,897.5126583333333,944.8247759999999,0.3,929682.2207133778,278904.66621401336,650777.5544993645
2005-11-24,492122.3415953778,437498.0819289999,929620.4235243776,881.493,898.0386083333334,944.011924,0.3,929620.4235243776,278886.1270573133,650734.2964670644
2005-11-25,492122.3415953778,436764.78181500005,928887.123410378,884.105,898.5892083333333,943.2097359999999,0.3,928887.123410378,278666.1370231134,650220.9863872647
2005-11-28,492122.3415953778,434682.5898300001,926804.931425378,880.167,898.9322916666666,942.432828,0.3,926804.931425378,278041.4794276134,648763.4519977646
2005-11-29,492122.3415953778,428689.7393769999,920812.0809723776,871.31,899.2158583333334,941.577932,0.3,920812.0809723776,276243.62429171323,644568.4566806643
2005-11-30,492122.3415953778,426357.567997,918479.9095923778,873.825,898.949625,940.7077479999999,0.3,918479.9095923778,275543.9728777133,642935.9367146646
2005-12-01,492122.3415953778,425597.742544,917720.0841393778,873.067,898.62015,939.8226119999999,0.3,917720.0841393778,275316.02524181333,642404.0588975644
2005-12-02,492122.3415953778,421468.11336,913590.4549553778,869.936,898.4149833333333,938.96284,0.3,913590.4549553778,274077.13648661337,639513.3184687644
2005-12-05,492122.3415953778,410125.86521399993,902248.2068093778,859.61,898.137075,938.090596,0.3,902248.2068093778,270674.4620428133,631573.7447665645
2005-12-06,492122.3415953778,411223.1634980001,903345.505093378,866.075,897.9915583333333,937.2495240000001,0.3,903345.505093378,271003.6515280134,632341.8535653646
2005-12-07,492122.3415953778,414870.956856,906993.2984513778,873.838,898.0499249999999,936.444932,0.3,906993.2984513778,272097.98953541333,634895.3089159644
2005-12-08,492122.3415953778,414158.421346,906280.7629413778,874.056,898.00675,935.695748,0.3,906280.7629413778,271884.22888241336,634396.5340589645
2005-12-09,492122.3415953778,419543.797505,911666.1391003778,887.358,898.0651916666667,934.993924,0.3,911666.1391003778,273499.8417301133,638166.2973702645
2005-12-12,492122.3415953778,422254.5039710001,914376.845566378,888.518,897.9173833333333,934.315396,0.3,914376.845566378,274313.0536699134,640063.7918964645
2005-12-13,492122.3415953778,422196.8874360001,914319.229031378,889.101,897.8585083333332,933.647556,0.3,914319.229031378,274295.7687094134,640023.4603219647
2005-12-14,492122.3415953778,426117.8136410002,918240.155236378,898.153,897.8377333333334,933.006832,0.6,918240.155236378,550944.0931418268,367296.06209455116
2005-12-15,492122.3415953778,424688.8547860002,916811.196381378,896.434,897.8615833333333,932.351552,0.3,916811.196381378,275043.3589144134,641767.8374669646
2005-12-16,492122.3415953778,427244.1795870001,919366.5211823778,902.561,897.8970833333333,931.769072,0.6,919366.5211823778,551619.9127094267,367746.6084729511
2005-12-19,492122.3415953778,427430.57977800025,919552.921373378,902.91,897.7876416666666,931.1840080000001,0.6,919552.921373378,551731.7528240267,367821.1685493513
2005-12-20,492122.3415953778,428612.4961359999,920734.8377313776,907.318,897.8176583333333,930.5751560000001,0.6,920734.8377313776,552440.9026388265,368293.93509255105
2005-12-21,492122.3415953778,425648.3307830001,917770.672378378,903.144,897.8530416666667,930.0135160000001,0.6,917770.672378378,550662.4034270268,367108.2689513512
2005-12-22,492122.3415953778,428371.7282040001,920494.069799378,908.754,898.1036083333333,929.498724,0.6,920494.069799378,552296.4418796268,368197.6279197512
2005-12-23,492122.3415953778,433097.8529980002,925220.194593378,915.89,898.573575,929.025112,0.6,925220.194593378,555132.1167560267,370088.07783735124
2005-12-26,492122.3415953778,435196.0008,927318.3423953778,922.378,899.1272916666666,928.5630920000001,0.6,927318.3423953778,556391.0054372266,370927.3369581512
2005-12-27,492122.3415953778,433793.6586619999,925916.0002573776,919.36,899.7079666666666,928.107444,0.6,925916.0002573776,555549.6001544265,370366.4001029511
2005-12-28,492122.3415953778,434730.287422,926852.629017378,920.919,900.3609916666667,927.699136,0.6,926852.629017378,556111.5774104268,370741.05160695117
2005-12-29,492122.3415953778,439785.73231700016,931908.073912378,932.031,901.0885083333334,927.389768,1.0,931908.073912378,931908.073912378,0.0
2005-12-30,492122.3415953778,436267.528512,928389.870107378,923.451,901.871525,927.051096,0.6,928389.870107378,557033.9220644268,371355.9480429512
2006-01-04,492122.3415953778,441553.814909,933676.1565043776,941.428,902.8492833333332,926.680676,1.0,933676.1565043776,933676.1565043776,0.0
2006-01-05,492122.3415953778,448639.336711,940761.6783063778,959.134,903.7436,926.4551720000001,1.0,940761.6783063778,940761.6783063778,0.0
2006-01-06,492122.3415953778,453980.8896290001,946103.231224378,970.032,904.7752750000001,926.269708,1.0,946103.231224378,946103.231224378,0.0
2006-01-09,492122.3415953778,459767.197015,951889.5386103778,975.253,905.8224666666666,926.1209399999999,1.0,951889.5386103778,951889.5386103778,0.0
2006-01-10,492122.3415953778,458845.788476,950968.1300713778,978.154,906.9654083333334,925.990768,1.0,950968.1300713778,950968.1300713778,0.0
2006-01-11,492122.3415953778,455222.04193099984,947344.3835263776,973.477,908.1360916666666,925.8625680000001,1.0,947344.3835263776,947344.3835263776,0.0
2006-01-12,492122.3415953778,464088.312899,956210.6544943778,983.716,909.370325,925.781476,1.0,956210.6544943778,956210.6544943778,0.0
2006-01-13,492122.3415953778,464578.81037,956701.151965378,978.809,910.5050583333334,925.696712,1.0,956701.151965378,956701.151965378,0.0
2006-01-16,492122.3415953778,455749.7530309997,947872.0946263776,961.439,911.483825,925.611292,1.0,947872.0946263776,947872.0946263776,0.0
2006-01-17,492122.3415953778,455975.682639,948098.0242343778,964.29,912.3554666666666,925.498196,1.0,948098.0242343778,948098.0242343778,0.0
2006-01-18,492122.3415953778,464525.82710999984,956648.1687053776,983.622,913.4118166666667,925.499988,1.0,956648.1687053776,956648.1687053776,0.0
2006-01-19,492122.3415953778,469088.9977459997,961211.3393413776,991.222,914.3679999999999,925.529044,1.0,961211.3393413776,961211.3393413776,0.0
2006-01-20,492122.3415953778,470613.4890699998,962735.8306653776,993.34,915.1957333333335,925.526888,1.0,962735.8306653776,962735.8306653776,0.0
2006-01-23,492122.3415953778,472109.0787559999,964231.4203513776,996.162,916.0730416666667,925.5229959999999,1.0,964231.4203513776,964231.4203513776,0.0
2006-01-24,492122.3415953778,470979.976458,963102.3180533778,999.093,916.9974500000001,925.532376,1.0,963102.3180533778,963102.3180533778,0.0
2006-01-25,492122.3415953778,469555.4299619998,961677.7715573777,1009.597,917.9807000000001,925.5832559999999,1.0,961677.7715573777,961677.7715573777,0.0
2006-02-06,492122.3415953778,479651.198621,971773.5402163778,1033.234,919.061,925.762968,1.0,971773.5402163778,971773.5402163778,0.0
2006-02-07,1025.4847398791462,968769.07219,969794.556929879,1029.937,920.0640583333334,926.0129079999999,1.0,969794.556929879,969794.556929879,0.0
2006-02-08,1025.4847398791462,968480.522411,969506.007150879,1033.072,921.1384083333334,926.24644,1.0,969506.007150879,969506.007150879,0.0
2006-02-09,1025.4847398791462,955777.7954289998,956803.280168879,1019.599,921.9367083333333,926.4559959999999,1.0,956803.280168879,956803.280168879,0.0
2006-02-10,1025.4847398791462,964726.871833,965752.3565728792,1032.337,922.8105916666666,926.760364,1.0,965752.3565728792,965752.3565728792,0.0
2006-02-13,1025.4847398791462,955269.368364,956294.853103879,1031.614,923.6316333333333,926.956404,1.0,956294.853103879,956294.853103879,0.0
2006-02-14,1025.4847398791462,962201.895463,963227.3802028792,1038.531,924.4496416666666,927.1179960000001,1.0,963227.3802028792,963227.3802028792,0.0
2006-02-15,1025.4847398791462,956948.436075,957973.9208148792,1041.66,925.1802083333333,927.293536,1.0,957973.9208148792,957973.9208148792,0.0
2006-02-16,1025.4847398791462,929850.6801809998,930876.164920879,1020.121,925.8619166666667,927.414308,1.0,930876.164920879,930876.164920879,0.0
2006-02-17,1025.4847398791462,920806.389036,921831.8737758792,1020.368,926.4108,927.5972559999999,1.0,921831.8737758792,921831.8737758792,0.0
2006-02-20,1025.4847398791462,918148.540599,919174.0253388792,1021.639,927.0489749999999,927.8069760000001,1.0,919174.0253388792,919174.0253388792,0.0
2006-02-21,1025.4847398791462,929753.600527,930779.0852668792,1038.816,927.7640083333334,928.142724,1.0,930779.0852668792,930779.0852668792,0.0
2006-02-22,1025.4847398791462,933369.288094,934394.7728338792,1037.885,928.7407916666667,928.4704600000001,1.0,934394.7728338792,934394.7728338792,0.0
2006-02-23,1025.4847398791462,927283.24494,928308.729679879,1041.373,929.7269166666667,928.6083000000001,1.0,928308.729679879,928308.729679879,0.0
2006-02-24,1025.4847398791462,933754.385945,934779.8706848792,1049.444,930.7083416666666,928.833216,1.0,934779.8706848792,934779.8706848792,0.0
2006-02-27,1025.4847398791462,925486.9409020002,926512.4256418792,1047.845,931.7452666666667,928.957164,1.0,926512.4256418792,926512.4256418792,0.0
2006-02-28,1025.4847398791462,927999.72445,929025.209189879,1053.01,932.7649250000001,929.074868,1.0,929025.209189879,929025.209189879,0.0
2006-03-01,1025.4847398791462,936216.275618,937241.7603578792,1056.619,933.8191,929.21892,1.0,937241.7603578792,937241.7603578792,0.0
2006-03-02,1025.4847398791462,916510.6684130002,917536.1531528792,1038.666,934.7391666666666,929.349364,1.0,917536.1531528792,917536.1531528792,0.0
2006-03-03,1025.4847398791462,918326.898972,919352.3837118793,1041.677,935.7750500000001,929.41354,1.0,919352.3837118793,919352.3837118793,0.0
2006-03-06,1025.4847398791462,917111.325395,918136.8101348792,1038.873,936.808325,929.382056,1.0,918136.8101348792,918136.8101348792,0.0
2006-03-07,1025.4847398791462,889761.201449,890786.6861888792,1014.973,937.5337999999999,929.266172,1.0,890786.6861888792,890786.6861888792,0.0
2006-03-08,1025.4847398791462,885433.164741,886458.6494808792,1009.271,938.0730666666667,929.121416,1.0,886458.6494808792,886458.6494808792,0.0
2006-03-09,1025.4847398791462,877304.3604489998,878329.845188879,1004.344,938.543675,928.951748,1.0,878329.845188879,878329.845188879,0.0
2006-03-10,1025.4847398791462,879134.1959289999,880159.6806688791,1008.897,939.0118416666667,928.82738,1.0,880159.6806688791,880159.6806688791,0.0
2006-03-13,1025.4847398791462,892539.41089,893564.8956298792,1019.864,939.705625,928.7631000000001,1.0,893564.8956298792,893564.8956298792,0.0
2006-03-14,1025.4847398791462,892625.701047,893651.1857868792,1018.272,940.251575,928.7509080000001,1.0,893651.1857868792,893651.1857868792,0.0
2006-03-15,1025.4847398791462,904867.3230479998,905892.8077878788,1028.958,940.8655416666666,928.7559,1.0,905892.8077878788,905892.8077878788,0.0
2006-03-16,1025.4847398791462,907006.136939,908031.6216788793,1027.616,941.5201333333333,928.771696,1.0,908031.6216788793,908031.6216788793,0.0
2006-03-17,1025.4847398791462,905547.305278,906572.7900178792,1024.015,942.1410416666666,928.748272,1.0,906572.7900178792,906572.7900178792,0.0
2006-03-20,1025.4847398791462,905634.208101,906659.6928408792,1037.659,942.75675,928.70296,1.0,906659.6928408792,906659.6928408792,0.0
2006-03-21,1025.4847398791462,911016.097862,912041.582601879,1040.757,943.3447833333333,928.679812,1.0,912041.582601879,912041.582601879,0.0
2006-03-22,1025.4847398791462,918789.479174,919814.9639138792,1047.666,943.9953499999999,928.780824,1.0,919814.9639138792,919814.9639138792,0.0
2006-03-23,1025.4847398791462,923083.718039,924109.2027788792,1048.537,944.6707,928.8652559999999,1.0,924109.2027788792,924109.2027788792,0.0
2006-03-24,1025.4847398791462,919493.570562,920519.0553018792,1042.601,945.2662416666667,928.911556,1.0,920519.0553018792,920519.0553018792,0.0
2006-03-27,1025.4847398791462,930727.770191,931753.2549308792,1050.707,946.0061416666666,929.060292,1.0,931753.2549308792,931753.2549308792,0.0
2006-03-28,1025.4847398791462,932475.8484059998,933501.333145879,1055.982,946.935925,929.2719599999999,1.0,933501.333145879,933501.333145879,0.0
2006-03-29,1025.4847398791462,934505.2754049998,935530.760144879,1065.294,948.1194250000001,929.561684,1.0,935530.760144879,935530.760144879,0.0
2006-03-30,1025.4847398791462,925256.94386,926282.4285998791,1055.634,949.2817583333333,929.86956,1.0,926282.4285998791,926282.4285998791,0.0
2006-03-31,1025.4847398791462,931505.416231,932530.9009708792,1061.088,950.4701166666667,930.1863400000001,1.0,932530.9009708792,932530.9009708792,0.0
2006-04-03,1025.4847398791462,949470.219951,950495.7046908792,1079.322,951.9293500000001,930.647532,1.0,950495.7046908792,950495.7046908792,0.0
2006-04-04,1025.4847398791462,956837.9459780002,957863.4307178792,1089.371,953.4764500000001,931.168976,1.0,957863.4307178792,957863.4307178792,0.0
2006-04-05,1025.4847398791462,961756.818441,962782.3031808792,1099.97,955.0097416666667,931.709652,1.0,962782.3031808792,962782.3031808792,0.0
2006-04-06,1025.4847398791462,962354.9525830004,963380.4373228794,1103.237,956.55845,932.2707800000001,1.0,963380.4373228794,963380.4373228794,0.0
2006-04-07,1025.4847398791462,971356.266793,972381.7515328792,1103.154,958.1903916666666,932.8406120000001,1.0,972381.7515328792,972381.7515328792,0.0
2006-04-10,1025.4847398791462,990674.443479,991699.9282188792,1117.91,959.8419749999999,933.4914920000001,1.0,991699.9282188792,991699.9282188792,0.0
2006-04-11,1025.4847398791462,992942.351779,993967.8365188792,1123.308,961.5071666666666,934.236588,1.0,993967.8365188792,993967.8365188792,0.0
2006-04-12,1025.4847398791462,992430.246574,993455.7313138793,1117.073,963.1786166666667,934.9360680000001,1.0,993455.7313138793,993455.7313138793,0.0
2006-04-13,1025.4847398791462,974464.972292,975490.4570318792,1093.925,964.754425,935.399188,1.0,975490.4570318792,975490.4570318792,0.0
2006-04-14,1025.4847398791462,999946.2344009998,1000971.719140879,1118.607,966.5959583333333,936.024944,1.0,1000971.719140879,1000971.719140879,0.0
2006-04-17,1025.4847398791462,1012826.721055,1013852.2057948792,1124.414,968.4463583333334,936.700208,1.0,1013852.2057948792,1013852.2057948792,0.0
2006-04-18,1025.4847398791462,1016195.4569600002,1017220.9416998794,1131.281,970.3841666666667,937.33066,1.0,1017220.9416998794,1017220.9416998794,0.0
2006-04-19,1025.4847398791462,1026572.4765470002,1027597.9612868794,1138.241,972.3702166666667,937.944692,1.0,1027597.9612868794,1027597.9612868794,0.0
2006-04-20,1025.4847398791462,1013267.140198,1014292.6249378792,1134.381,974.2866083333333,938.468436,1.0,1014292.6249378792,1014292.6249378792,0.0
2006-04-21,1025.4847398791462,1016360.137842,1017385.6225818791,1149.158,976.3074916666667,939.0833839999999,1.0,1017385.6225818791,1017385.6225818791,0.0
2006-04-24,1025.4847398791462,1013786.029398,1014811.5141378792,1142.698,978.3777083333333,939.7393880000001,1.0,1014811.5141378792,1014811.5141378792,0.0
2006-04-25,1025.4847398791462,1020359.615141,1021385.099880879,1141.93,980.5952916666666,940.303508,1.0,1021385.099880879,1021385.099880879,0.0
2006-04-26,1025.4847398791462,1037980.113463,1039005.5982028792,1155.726,982.9275999999999,940.9785120000001,1.0,1039005.5982028792,1039005.5982028792,0.0
2006-04-27,1025.4847398791462,1057223.632074,1058249.1168138792,1155.268,985.3237583333333,941.7032559999999,1.0,1058249.1168138792,1058249.1168138792,0.0
2006-04-28,1025.4847398791462,1069511.714003,1070537.198742879,1172.347,987.7909666666667,942.537556,1.0,1070537.198742879,1070537.198742879,0.0
2006-05-08,1025.4847398791462,1106658.472146,1107683.9568858792,1218.445,990.6708,943.5477920000001,1.0,1107683.9568858792,1107683.9568858792,0.0
2006-05-09,204536.01348981267,952958.156235,1157494.1697248125,1251.611,993.7469083333333,944.750768,1.0,1157494.1697248125,1157494.1697248125,0.0
2006-05-10,204536.01348981267,969411.7359509998,1173947.7494408125,1265.933,997.008225,946.038576,1.0,1173947.7494408125,1173947.7494408125,0.0
2006-05-11,204536.01348981267,960312.744245,1164848.7577348128,1255.035,1000.1471750000001,947.302312,1.0,1164848.7577348128,1164848.7577348128,0.0
2006-05-12,204536.01348981267,988761.089407,1193297.1028968128,1296.257,1003.6386666666666,948.7670599999999,1.0,1193297.1028968128,1193297.1028968128,0.0
2006-05-15,204536.01348981267,1035337.3404840002,1239873.353973813,1352.155,1007.5605916666667,950.427348,1.0,1239873.353973813,1239873.353973813,0.0
2006-05-16,204536.01348981267,1001607.4790690006,1206143.4925588132,1331.127,1011.3262166666666,952.04544,1.0,1206143.4925588132,1206143.4925588132,0.0
2006-05-17,204536.01348981267,1017035.9619250004,1221571.975414813,1335.523,1015.264175,953.6192400000001,1.0,1221571.975414813,1221571.975414813,0.0
2006-05-18,204536.01348981267,1022557.660758,1227093.6742478125,1331.201,1019.1509333333332,955.214464,1.0,1227093.6742478125,1227093.6742478125,0.0
2006-05-19,204536.01348981267,1052430.2727500002,1256966.2862398128,1366.097,1023.3505,957.042156,1.0,1256966.2862398128,1256966.2862398128,0.0
2006-05-22,204536.01348981267,1069844.8409320002,1274380.8544218128,1373.674,1027.6591583333334,958.884548,1.0,1274380.8544218128,1274380.8544218128,0.0
2006-05-23,204536.01348981267,1023754.28479,1228290.2982798126,1317.654,1031.44695,960.54776,1.0,1228290.2982798126,1228290.2982798126,0.0
2006-05-24,204536.01348981267,1012094.6726730004,1216630.6861628129,1308.242,1035.1601500000002,962.237448,1.0,1216630.6861628129,1216630.6861628129,0.0
2006-05-25,204536.01348981267,1024641.4083959996,1229177.4218858124,1307.697,1038.7056166666666,963.9180639999998,1.0,1229177.4218858124,1229177.4218858124,0.0
2006-05-26,204536.01348981267,1042721.6457209998,1247257.6592108123,1331.02,1042.4318583333334,965.7410600000001,1.0,1247257.6592108123,1247257.6592108123,0.0
2006-05-29,204536.01348981267,1069376.0923660004,1273912.105855813,1366.292,1046.5708166666668,967.68038,1.0,1273912.105855813,1273912.105855813,0.0
2006-05-30,204536.01348981267,1085154.948638,1289690.962127813,1378.756,1050.7585416666666,969.6626200000001,1.0,1289690.962127813,1289690.962127813,0.0
2006-05-31,204536.01348981267,1081537.9006930003,1286073.914182813,1365.451,1054.791525,971.5877399999999,1.0,1286073.914182813,1286073.914182813,0.0
2006-06-01,204536.01348981267,1114586.948645,1319122.9621348125,1402.879,1059.1146416666666,973.6682040000001,1.0,1319122.9621348125,1319122.9621348125,0.0
2006-06-02,204536.01348981267,1113462.025455,1317998.0389448127,1390.116,1063.3642166666666,975.775304,1.0,1317998.0389448127,1317998.0389448127,0.0
2006-06-05,204536.01348981267,1126948.946771,1331484.960260813,1403.163,1067.796325,977.9141320000001,1.0,1331484.960260813,1331484.960260813,0.0
2006-06-06,204536.01348981267,1119863.0486859998,1324399.0621758124,1399.142,1072.1739666666667,980.0368960000001,1.0,1324399.0621758124,1324399.0621758124,0.0
2006-06-07,204536.01348981267,1052288.479036,1256824.4925258127,1320.233,1075.9003500000001,981.8885040000001,1.0,1256824.4925258127,1256824.4925258127,0.0
2006-06-08,204536.01348981267,1055430.7917520003,1259966.805241813,1325.979,1079.7007083333333,983.794388,1.0,1259966.805241813,1259966.805241813,0.0
2006-06-09,204536.01348981267,1035542.622698,1240078.6361878123,1294.185,1083.3221666666666,985.5486800000001,1.0,1240078.6361878123,1240078.6361878123,0.0
2006-06-12,204536.01348981267,1035753.3814630004,1240289.394952813,1297.67,1086.9187916666667,987.315576,1.0,1240289.394952813,1240289.394952813,0.0
2006-06-13,204536.01348981267,1032043.408589,1236579.4220788127,1298.276,1090.455775,989.158552,1.0,1236579.4220788127,1236579.4220788127,0.0
2006-06-14,204536.01348981267,1022992.7413259994,1227528.754815812,1283.88,1093.870975,991.0205559999999,1.0,1227528.754815812,1227528.754815812,0.0
2006-06-15,204536.01348981267,1023954.432673,1228490.4461628126,1285.385,1097.1878666666667,992.8899640000001,1.0,1228490.4461628126,1228490.4461628126,0.0
2006-06-16,204536.01348981267,1045227.077663,1249763.0911528126,1318.01,1100.7669666666666,994.806016,1.0,1249763.0911528126,1249763.0911528126,0.0
2006-06-19,204536.01348981267,1051152.9463149996,1255688.9598048122,1334.893,1104.4819,996.7964599999999,1.0,1255688.9598048122,1255688.9598048122,0.0
2006-06-20,204536.01348981267,1057644.728851,1262180.7423408127,1338.223,1108.14915,998.52626,1.0,1262180.7423408127,1262180.7423408127,0.0
2006-06-21,204536.01348981267,1058063.092694,1262599.1061838125,1333.532,1111.7916333333335,1000.2099720000001,1.0,1262599.1061838125,1262599.1061838125,0.0
2006-06-22,204536.01348981267,1058413.6834780003,1262949.696967813,1331.553,1115.3665666666666,1001.95796,1.0,1262949.696967813,1262949.696967813,0.0
2006-06-23,204536.01348981267,1069022.0691029995,1273558.082592812,1339.446,1119.0043666666666,1003.7439079999999,1.0,1273558.082592812,1273558.082592812,0.0
2006-06-26,204536.01348981267,1085932.7177660004,1290468.731255813,1363.413,1122.805158333333,1005.663412,1.0,1290468.731255813,1290468.731255813,0.0
2006-06-27,204536.01348981267,1088477.3378240005,1293013.351313813,1363.896,1126.6447583333331,1007.65166,1.0,1293013.351313813,1293013.351313813,0.0
2006-06-28,204536.01348981267,1087401.339992,1291937.3534818126,1362.885,1130.4291833333334,1009.586252,1.0,1291937.3534818126,1291937.3534818126,0.0
2006-06-29,204536.01348981267,1105765.4365559998,1310301.4500458124,1395.124,1134.4227999999998,1011.6453679999998,1.0,1310301.4500458124,1310301.4500458124,0.0
2006-06-30,204536.01348981267,1102864.4426390005,1307400.456128813,1393.963,1138.3526749999999,1013.5962000000001,1.0,1307400.456128813,1307400.456128813,0.0
2006-07-03,204536.01348981267,1121461.2531550005,1325997.2666448131,1420.328,1142.5274083333336,1015.6928480000001,1.0,1325997.2666448131,1325997.2666448131,0.0
2006-07-04,204536.01348981267,1118815.289064,1323351.3025538125,1411.013,1146.611525,1017.734316,1.0,1323351.3025538125,1323351.3025538125,0.0
2006-07-05,204536.01348981267,1109756.831518,1314292.8450078126,1393.009,1150.4530083333334,1019.732064,1.0,1314292.8450078126,1314292.8450078126,0.0
2006-07-06,204536.01348981267,1140472.0123750002,1345008.0258648128,1418.675,1154.579875,1021.81356,1.0,1345008.0258648128,1345008.0258648128,0.0
2006-07-07,204536.01348981267,1140106.8576210004,1344642.871110813,1410.429,1158.4882166666669,1023.791104,1.0,1344642.871110813,1344642.871110813,0.0
2006-07-10,204536.01348981267,1150324.3355340003,1354860.349023813,1412.124,1162.2631333333334,1025.824736,1.0,1354860.349023813,1354860.349023813,0.0
2006-07-11,204536.01348981267,1156054.865071,1360590.878560813,1418.575,1166.0009916666668,1027.903444,1.0,1360590.878560813,1360590.878560813,0.0
2006-07-12,204536.01348981267,1149657.3786759998,1354193.3921658124,1419.199,1169.7005416666666,1030.065496,1.0,1354193.3921658124,1354193.3921658124,0.0
2006-07-13,204536.01348981267,1080889.057502,1285425.0709918125,1346.088,1172.7666583333335,1032.011872,1.0,1285425.0709918125,1285425.0709918125,0.0
2006-07-14,204536.01348981267,1087900.4015730002,1292436.4150628129,1357.129,1175.963758333333,1034.01666,1.0,1292436.4150628129,1292436.4150628129,0.0
2006-07-17,204536.01348981267,1109990.671684,1314526.6851738126,1372.254,1179.201575,1036.10696,1.0,1314526.6851738126,1314526.6851738126,0.0
2006-07-18,204536.01348981267,1114652.532162,1319188.5456518126,1373.416,1182.4899666666668,1038.2304,1.0,1319188.5456518126,1319188.5456518126,0.0
2006-07-19,204536.01348981267,1084234.188201,1288770.2016908126,1336.644,1185.6166750000002,1040.1980600000002,1.0,1288770.2016908126,1288770.2016908126,0.0
2006-07-20,204536.01348981267,1087486.636327,1292022.6498168125,1345.194,1188.790875,1042.26088,1.0,1292022.6498168125,1292022.6498168125,0.0
2006-07-21,204536.01348981267,1097717.212486,1302253.2259758126,1356.033,1191.8943,1044.388624,1.0,1302253.2259758126,1302253.2259758126,0.0
2006-07-24,204536.01348981267,1100756.9696240004,1305292.983113813,1358.122,1194.9517999999998,1046.413848,1.0,1305292.983113813,1305292.983113813,0.0
2006-07-25,204536.01348981267,1114152.785025,1318688.7985148127,1374.17,1198.1253833333333,1048.5256040000002,1.0,1318688.7985148127,1318688.7985148127,0.0
2006-07-26,204536.01348981267,1115770.3147940007,1320306.3282838133,1371.295,1201.2514916666667,1050.6124240000001,1.0,1320306.3282838133,1320306.3282838133,0.0
2006-07-27,204536.01348981267,1099966.448938,1304502.4624278126,1355.545,1204.221925,1052.6706,1.0,1304502.4624278126,1304502.4624278126,0.0
2006-07-28,204536.01348981267,1092709.096505,1297245.1099948126,1341.393,1206.9868916666667,1054.7041920000001,1.0,1297245.1099948126,1297245.1099948126,0.0
2006-07-31,204536.01348981267,1053647.2199630002,1258183.2334528128,1294.328,1209.162675,1056.539072,1.0,1258183.2334528128,1258183.2334528128,0.0
2006-08-01,177091.93782185658,1061551.773071,1238643.7108928566,1282.057,1211.263675,1058.296736,1.0,1238643.7108928566,1238643.7108928566,0.0
2006-08-02,177091.93782185658,1052388.0849649997,1229480.0227868562,1275.088,1213.280475,1060.02114,1.0,1229480.0227868562,1229480.0227868562,0.0
2006-08-03,177091.93782185658,1048864.5803439994,1225956.518165856,1271.744,1215.3816833333333,1061.6693440000001,1.0,1225956.518165856,1225956.518165856,0.0
2006-08-04,177091.93782185658,1013172.0489669996,1190263.9867888563,1241.908,1217.1281083333333,1063.209536,1.0,1190263.9867888563,1190263.9867888563,0.0
2006-08-07,177091.93782185658,988323.352794,1165415.2906158566,1224.102,1218.732175,1064.6000240000003,1.0,1165415.2906158566,1165415.2906158566,0.0
2006-08-08,177091.93782185658,1020221.059969,1197312.9977908568,1252.386,1220.5142999999998,1066.03352,1.0,1197312.9977908568,1197312.9977908568,0.0
2006-08-09,177091.93782185658,1022146.228088,1199238.1659098566,1251.298,1222.2612833333335,1067.475172,1.0,1199238.1659098566,1199238.1659098566,0.0
2006-08-10,177091.93782185658,1039559.953979,1216651.891800857,1271.473,1224.3558833333334,1069.008408,1.0,1216651.891800857,1216651.891800857,0.0
2006-08-11,177091.93782185658,1044204.09769,1221296.035511857,1275.654,1226.4832666666666,1070.5445960000002,1.0,1221296.035511857,1221296.035511857,0.0
2006-08-14,177091.93782185658,1020712.4484420002,1197804.386263857,1245.721,1228.3506166666666,1071.913088,1.0,1197804.386263857,1197804.386263857,0.0
2006-08-15,177091.93782185658,1038622.1876579998,1215714.1254798565,1265.863,1230.242675,1073.33826,1.0,1215714.1254798565,1215714.1254798565,0.0
2006-08-16,177091.93782185658,1052918.564911,1230010.502732857,1283.567,1232.2900249999998,1074.8559280000002,1.0,1230010.502732857,1230010.502732857,0.0
2006-08-17,177091.93782185658,1042773.426042,1219865.3638638563,1271.627,1234.2088083333333,1076.247224,1.0,1219865.3638638563,1219865.3638638563,0.0
2006-08-18,177091.93782185658,1038383.9161329996,1215475.8539548563,1267.866,1236.0289916666666,1077.608804,1.0,1215475.8539548563,1215475.8539548563,0.0
2006-08-21,177091.93782185658,1046489.6782160002,1223581.6160378568,1270.562,1237.8849666666667,1078.958696,1.0,1223581.6160378568,1223581.6160378568,0.0
2006-08-22,177091.93782185658,1058068.4240839998,1235160.3619058563,1285.268,1239.82045,1080.338288,1.0,1235160.3619058563,1235160.3619058563,0.0
2006-08-23,177091.93782185658,1055573.861469,1232665.7992908568,1285.68,1241.7292916666665,1081.66504,1.0,1232665.7992908568,1232665.7992908568,0.0
2006-08-24,177091.93782185658,1063333.125008,1240425.0628298568,1292.401,1243.84375,1083.08138,1.0,1240425.0628298568,1240425.0628298568,0.0
2006-08-25,177091.93782185658,1066225.49742,1243317.4352418566,1295.437,1245.9584166666668,1084.4451199999999,1.0,1243317.4352418566,1243317.4352418566,0.0
2006-08-28,177091.93782185658,1086343.6431150006,1263435.580936857,1325.894,1248.3502583333334,1085.968464,1.0,1263435.580936857,1263435.580936857,0.0
2006-08-29,177091.93782185658,1089643.735458,1266735.6732798568,1330.155,1250.976775,1087.4770359999998,1.0,1266735.6732798568,1266735.6732798568,0.0
2006-08-30,177091.93782185658,1097823.194699,1274915.1325208563,1334.671,1253.6884416666664,1089.1330360000002,1.0,1274915.1325208563,1274915.1325208563,0.0
2006-08-31,177091.93782185658,1105745.8960070005,1282837.8338288572,1338.694,1256.4746916666668,1090.79566,1.0,1282837.8338288572,1282837.8338288572,0.0
2006-09-01,177091.93782185658,1083617.9791880003,1260709.917009857,1318.099,1259.0513749999998,1092.341364,1.0,1260709.917009857,1260709.917009857,0.0
2006-09-04,177091.93782185658,1104745.997467,1281837.9352888567,1337.243,1261.6961999999999,1093.99668,1.0,1281837.9352888567,1281837.9352888567,0.0
2006-09-05,177091.93782185658,1106122.911333,1283214.8491548563,1340.682,1264.38295,1095.636804,1.0,1283214.8491548563,1283214.8491548563,0.0
2006-09-06,177091.93782185658,1111677.0485710003,1288768.986392857,1346.367,1267.028025,1097.3017999999997,1.0,1288768.986392857,1288768.986392857,0.0
2006-09-07,177091.93782185658,1097062.377913,1274154.3157348568,1328.377,1269.5343666666665,1098.902276,1.0,1274154.3157348568,1274154.3157348568,0.0
2006-09-08,177091.93782185658,1100336.3220050004,1277428.2598268571,1332.153,1272.1021833333334,1100.561404,1.0,1277428.2598268571,1277428.2598268571,0.0
2006-09-11,177091.93782185658,1104413.170254,1281505.1080758567,1338.755,1274.6113166666667,1102.256904,1.0,1281505.1080758567,1281505.1080758567,0.0
2006-09-12,177091.93782185658,1107224.440186,1284316.378007857,1347.639,1277.168666666667,1103.9357959999998,1.0,1284316.378007857,1284316.378007857,0.0
2006-09-13,177091.93782185658,1093011.9358660004,1270103.8736878568,1338.386,1279.5913333333333,1105.5111039999997,1.0,1270103.8736878568,1270103.8736878568,0.0
2006-09-14,177091.93782185658,1093165.6723059996,1270257.610127856,1338.278,1282.0058416666666,1107.072732,1.0,1270257.610127856,1270257.610127856,0.0
2006-09-15,177091.93782185658,1108797.9159989995,1285889.8538208562,1362.322,1284.6701833333334,1108.711152,1.0,1285889.8538208562,1285889.8538208562,0.0
2006-09-18,177091.93782185658,1126744.4439900003,1303836.3818118568,1375.563,1287.3773166666665,1110.466964,1.0,1303836.3818118568,1303836.3818118568,0.0
2006-09-19,177091.93782185658,1130414.411,1307506.3488218563,1378.309,1290.0633750000002,1112.169168,1.0,1307506.3488218563,1307506.3488218563,0.0
2006-09-20,177091.93782185658,1137686.524695,1314778.4625168564,1378.459,1292.6730833333334,1113.8618760000002,1.0,1314778.4625168564,1314778.4625168564,0.0
2006-09-21,177091.93782185658,1138704.2953080002,1315796.2331298566,1387.37,1295.43755,1115.6150960000002,1.0,1315796.2331298566,1315796.2331298566,0.0
2006-09-22,177091.93782185658,1125452.0027180004,1302543.940539857,1374.852,1298.05225,1117.3164800000002,1.0,1302543.940539857,1302543.940539857,0.0
2006-09-25,177091.93782185658,1128619.171249,1305711.1090708566,1372.399,1300.4945583333333,1118.95098,1.0,1305711.1090708566,1305711.1090708566,0.0
2006-09-26,177091.93782185658,1127782.9638530002,1304874.901674857,1357.646,1302.7301833333333,1120.500792,1.0,1304874.901674857,1304874.901674857,0.0
2006-09-27,177091.93782185658,1135882.9975209998,1312974.9353428562,1371.117,1304.9897416666668,1122.106868,1.0,1312974.9353428562,1312974.9353428562,0.0
2006-09-28,177091.93782185658,1145475.030254,1322566.9680758566,1387.002,1307.3544499999998,1123.784896,1.0,1322566.9680758566,1322566.9680758566,0.0
2006-09-29,177091.93782185658,1152576.188051,1329668.1258728565,1403.265,1309.8553749999999,1125.513412,1.0,1329668.1258728565,1329668.1258728565,0.0
2006-10-09,177091.93782185658,1174055.6895390002,1351147.6273608566,1436.074,1312.5067416666666,1127.410032,1.0,1351147.6273608566,1351147.6273608566,0.0
2006-10-10,177091.93782185658,1177330.427743,1354422.365564857,1437.245,1315.1228833333332,1129.3813799999998,1.0,1354422.365564857,1354422.365564857,0.0
2006-10-11,177091.93782185658,1180446.479244,1357538.4170658565,1435.906,1317.779825,1131.431908,1.0,1357538.4170658565,1357538.4170658565,0.0
2006-10-12,177091.93782185658,1161046.429308,1338138.3671298567,1426.5,1320.5512833333335,1133.4732920000001,1.0,1338138.3671298567,1338138.3671298567,0.0
2006-10-13,177091.93782185658,1165330.655619,1342422.5934408563,1430.882,1323.1535749999998,1135.52288,1.0,1342422.5934408563,1342422.5934408563,0.0
2006-10-16,177091.93782185658,1156552.7546849998,1333644.6925068563,1418.517,1325.6044333333334,1137.580092,1.0,1333644.6925068563,1333644.6925068563,0.0
2006-10-17,177091.93782185658,1152891.160039,1329983.0978608564,1414.448,1327.9641583333334,1139.6230080000003,1.0,1329983.0978608564,1329983.0978608564,0.0
2006-10-18,177091.93782185658,1166435.833954,1343527.7717758566,1437.593,1330.4587583333334,1141.70948,1.0,1343527.7717758566,1343527.7717758566,0.0
2006-10-19,177091.93782185658,1168625.0857309997,1345717.0235528564,1439.377,1333.0003916666667,1143.7974199999999,1.0,1345717.0235528564,1345717.0235528564,0.0
2006-10-20,177091.93782185658,1165602.614987,1342694.5528088566,1440.182,1335.4255916666666,1145.928864,1.0,1342694.5528088566,1342694.5528088566,0.0
2006-10-23,177091.93782185658,1122081.699896,1299173.6377178566,1408.715,1337.6424000000002,1147.884844,1.0,1299173.6377178566,1299173.6377178566,0.0
2006-10-24,177091.93782185658,1143500.0437530002,1320591.981574857,1440.054,1340.1267666666668,1149.95112,1.0,1320591.981574857,1320591.981574857,0.0
2006-10-25,177091.93782185658,1141324.9321690002,1318416.8699908569,1446.825,1342.5525916666666,1152.072424,1.0,1318416.8699908569,1318416.8699908569,0.0
2006-10-26,177091.93782185658,1138115.656084,1315207.5939058564,1456.095,1345.0594833333334,1154.277492,1.0,1315207.5939058564,1315207.5939058564,0.0
2006-10-27,177091.93782185658,1120750.4313889996,1297842.369210856,1439.05,1347.2820083333331,1156.4432000000002,1.0,1297842.369210856,1297842.369210856,0.0
2006-10-30,177091.93782185658,1126232.6767890002,1303324.6146108569,1446.239,1349.1802916666666,1158.618692,1.0,1303324.6146108569,1303324.6146108569,0.0
2006-10-31,177091.93782185658,1142870.850075,1319962.787896857,1464.473,1350.9541416666664,1160.881608,1.0,1319962.787896857,1319962.787896857,0.0
2006-11-01,13249.028497063686,1316563.917871,1329812.9463680638,1479.409,1352.7331083333333,1163.199584,1.0,1329812.9463680638,1329812.9463680638,0.0
2006-11-02,13249.028497063686,1315274.1605699996,1328523.1890670634,1479.656,1354.60495,1165.5005520000002,1.0,1328523.1890670634,1328523.1890670634,0.0
2006-11-03,13249.028497063686,1317699.3439439998,1330948.3724410636,1488.291,1356.2052333333334,1167.827108,1.0,1330948.3724410636,1330948.3724410636,0.0
2006-11-06,13249.028497063686,1317967.7079069992,1331216.736404063,1507.891,1357.5030333333334,1170.281584,1.0,1331216.736404063,1331216.736404063,0.0
2006-11-07,13249.028497063686,1310316.477486,1323565.5059830635,1516.104,1359.0445083333334,1172.8427199999999,1.0,1323565.5059830635,1323565.5059830635,0.0
2006-11-08,13249.028497063686,1305578.185891,1318827.2143880636,1498.173,1360.399925,1175.332016,1.0,1318827.2143880636,1318827.2143880636,0.0
2006-11-09,13249.028497063686,1315007.656417,1328256.6849140637,1524.714,1362.0125333333333,1177.9599559999997,1.0,1328256.6849140637,1328256.6849140637,0.0
2006-11-10,13249.028497063686,1284872.8751039994,1298121.9036010632,1504.062,1363.1622416666667,1180.471076,1.0,1298121.9036010632,1298121.9036010632,0.0
2006-11-13,13249.028497063686,1248272.9245009993,1261521.952998063,1475.779,1364.0131166666665,1182.8827319999998,1.0,1261521.952998063,1261521.952998063,0.0
2006-11-14,13249.028497063686,1263738.8058079998,1276987.8343050636,1493.776,1365.4808,1185.327924,1.0,1276987.8343050636,1276987.8343050636,0.0
2006-11-15,13249.028497063686,1289534.394245,1302783.422742064,1534.762,1367.3684666666666,1187.968672,1.0,1302783.422742064,1302783.422742064,0.0
2006-11-16,13249.028497063686,1280554.1088139997,1293803.1373110637,1533.288,1369.2483916666667,1190.58838,1.0,1293803.1373110637,1293803.1373110637,0.0
2006-11-17,13249.028497063686,1295403.5701010004,1308652.5985980642,1562.084,1371.1739249999998,1193.327604,1.0,1308652.5985980642,1308652.5985980642,0.0
2006-11-20,13249.028497063686,1293420.7301220004,1306669.7586190642,1593.158,1373.0644750000001,1196.17414,1.0,1306669.7586190642,1306669.7586190642,0.0
2006-11-21,13249.028497063686,1303276.677363,1316525.705860064,1612.249,1375.0102499999998,1199.1061280000001,1.0,1316525.705860064,1316525.705860064,0.0
2006-11-22,13249.028497063686,1318266.5396010005,1331515.568098064,1624.028,1377.1650583333333,1202.150368,1.0,1331515.568098064,1331515.568098064,0.0
2006-11-23,13249.028497063686,1320180.9787570003,1333430.007254064,1634.914,1379.0986833333334,1205.230864,1.0,1333430.007254064,1333430.007254064,0.0
2006-11-24,13249.028497063686,1344196.0953699993,1357445.123867063,1636.58,1381.1525499999998,1208.328588,1.0,1357445.123867063,1357445.123867063,0.0
2006-11-27,13249.028497063686,1372909.3201219998,1386158.3486190636,1651.801,1383.2245333333333,1211.509252,1.0,1386158.3486190636,1386158.3486190636,0.0
2006-11-28,13249.028497063686,1377215.1158259998,1390464.1443230635,1644.014,1385.2651333333333,1214.6328320000002,1.0,1390464.1443230635,1390464.1443230635,0.0
2006-11-29,13249.028497063686,1398133.8279070004,1411382.8564040642,1667.142,1388.1560416666664,1217.8507680000002,1.0,1411382.8564040642,1411382.8564040642,0.0
2006-11-30,13249.028497063686,1425154.125275,1438403.1537720638,1714.358,1391.3925333333332,1221.179236,1.0,1438403.1537720638,1438403.1537720638,0.0
2006-12-01,13249.028497063686,1434603.447037,1447852.4755340638,1729.224,1395.0178583333334,1224.5606480000001,1.0,1447852.4755340638,1447852.4755340638,0.0
2006-12-04,13249.028497063686,1454406.0785580005,1467655.1070550643,1780.736,1399.0434083333332,1228.2051239999998,1.0,1467655.1070550643,1467655.1070550643,0.0
2006-12-05,13249.028497063686,1463923.283774,1477172.3122710637,1794.231,1403.1763666666666,1231.877132,1.0,1477172.3122710637,1477172.3122710637,0.0
2006-12-06,13249.028497063686,1435737.6247149997,1448986.6532120637,1779.411,1407.3057916666667,1235.468804,1.0,1448986.6532120637,1448986.6532120637,0.0
2006-12-07,13249.028497063686,1415066.683142,1428315.711639064,1775.714,1411.3918666666664,1239.03524,1.0,1428315.711639064,1428315.711639064,0.0
2006-12-08,13249.028497063686,1366466.609581,1379715.6380780635,1711.584,1414.67165,1242.360908,1.0,1379715.6380780635,1379715.6380780635,0.0
2006-12-11,13249.028497063686,1408540.0889349992,1421789.117432063,1789.924,1418.463575,1246.035364,1.0,1421789.117432063,1421789.117432063,0.0
2006-12-12,13249.028497063686,1405667.938999,1418916.9674960638,1802.788,1422.33495,1249.751216,1.0,1418916.9674960638,1418916.9674960638,0.0
2006-12-13,13249.028497063686,1412513.5446800005,1425762.573177064,1803.856,1426.2543166666665,1253.474372,1.0,1425762.573177064,1425762.573177064,0.0
2006-12-14,13249.028497063686,1443414.4221769995,1456663.4506740633,1836.143,1430.4592333333335,1257.3392,1.0,1456663.4506740633,1456663.4506740633,0.0
2006-12-15,13249.028497063686,1473277.239193,1486526.267690064,1867.636,1434.8608166666668,1261.371304,1.0,1486526.267690064,1486526.267690064,0.0
2006-12-18,13249.028497063686,1510669.306451999,1523918.3349490624,1916.108,1439.4666083333334,1265.571436,1.0,1523918.3349490624,1523918.3349490624,0.0
2006-12-19,13249.028497063686,1515166.1245679995,1528415.1530650635,1921.444,1444.1128416666666,1269.76186,1.0,1528415.1530650635,1528415.1530650635,0.0
2006-12-20,13249.028497063686,1531071.0259569995,1544320.0544540635,1936.547,1448.8933583333333,1274.011824,1.0,1544320.0544540635,1544320.0544540635,0.0
2006-12-21,13249.028497063686,1513171.425705,1526420.4542020638,1908.985,1453.1755333333335,1278.098332,1.0,1526420.4542020638,1526420.4542020638,0.0
2006-12-22,13249.028497063686,1497060.016561,1510309.045058064,1895.644,1457.3562083333334,1282.126836,1.0,1510309.045058064,1510309.045058064,0.0
2006-12-25,13249.028497063686,1515512.7808950003,1528761.809392064,1939.104,1461.6793416666665,1286.326848,1.0,1528761.809392064,1528761.809392064,0.0
2006-12-26,13249.028497063686,1498123.649891,1511372.6783880638,1938.238,1466.0728833333335,1290.487188,1.0,1511372.6783880638,1511372.6783880638,0.0
2006-12-27,13249.028497063686,1516878.8332620005,1530127.8617590645,1982.877,1470.98845,1294.83296,1.0,1530127.8617590645,1530127.8617590645,0.0
2006-12-28,13249.028497063686,1497252.8878630004,1510501.9163600642,1979.933,1475.6656,1299.142448,1.0,1510501.9163600642,1510501.9163600642,0.0
2006-12-29,13249.028497063686,1518423.341977,1531672.3704740638,2041.047,1480.92075,1303.694996,1.0,1531672.3704740638,1531672.3704740638,0.0
2007-01-04,13249.028497063686,1510779.5374549995,1524028.5659520633,2067.092,1486.3788166666666,1308.3340920000003,1.0,1524028.5659520633,1524028.5659520633,0.0
2007-01-05,13249.028497063686,1540149.1991840007,1553398.2276810645,2072.883,1491.8313833333334,1313.013048,1.0,1553398.2276810645,1553398.2276810645,0.0
2007-01-08,13249.028497063686,1603464.1110740004,1616713.1395710642,2131.556,1497.767691666667,1317.9042559999998,1.0,1616713.1395710642,1616713.1395710642,0.0
2007-01-09,13249.028497063686,1646519.4068250002,1659768.435322064,2200.086,1504.8843416666666,1323.04104,1.0,1659768.435322064,1659768.435322064,0.0
2007-01-10,13249.028497063686,1691348.6179730005,1704597.6464700643,2255.966,1512.3746500000002,1328.375392,1.0,1704597.6464700643,1704597.6464700643,0.0
2007-01-11,13249.028497063686,1688293.2049510009,1701542.233448065,2231.629,1519.5361083333332,1333.6244680000002,1.0,1701542.233448065,1701542.233448065,0.0
2007-01-12,13249.028497063686,1644878.6406849998,1658127.6691820635,2173.747,1526.2055333333333,1338.63578,1.0,1658127.6691820635,1658127.6691820635,0.0
2007-01-15,13249.028497063686,1735688.7825650002,1748937.811062064,2287.342,1534.1280166666666,1344.057024,1.0,1748937.811062064,1748937.811062064,0.0
2007-01-16,13249.028497063686,1813973.820664,1827222.849161064,2353.874,1542.5336833333336,1349.778716,1.0,1827222.849161064,1827222.849161064,0.0
2007-01-17,13249.028497063686,1802715.1618670009,1815964.1903640644,2308.931,1550.4745,1355.2487279999998,1.0,1815964.1903640644,1815964.1903640644,0.0
2007-01-18,13249.028497063686,1852354.5909170008,1865603.6194140648,2317.095,1558.4659416666666,1360.6805720000002,1.0,1865603.6194140648,1865603.6194140648,0.0
2007-01-19,13249.028497063686,1924229.989585,1937479.018082064,2396.093,1566.9819666666665,1366.384816,1.0,1937479.018082064,1937479.018082064,0.0
2007-01-22,13249.028497063686,2001230.874782,2014479.903279064,2491.313,1576.3154500000003,1372.449056,1.0,2014479.903279064,2014479.903279064,0.0
2007-01-23,13249.028497063686,1989151.525817,2002400.554314064,2508.13,1585.9203249999998,1378.56896,1.0,2002400.554314064,2002400.554314064,0.0
2007-01-24,13249.028497063686,1998473.5339030004,2011722.562400064,2536.428,1595.87895,1384.820764,1.0,2011722.562400064,2011722.562400064,0.0
2007-01-25,13249.028497063686,1901778.568072,1915027.5965690636,2452.831,1605.5331416666668,1390.697224,1.0,1915027.5965690636,1915027.5965690636,0.0
2007-01-26,13249.028497063686,1930999.430369,1944248.4588660635,2512.922,1615.79035,1396.833676,1.0,1944248.4588660635,1944248.4588660635,0.0
2007-01-29,13249.028497063686,1985993.11619,1999242.144687064,2576.917,1626.6389249999997,1403.295588,1.0,1999242.144687064,1999242.144687064,0.0
2007-01-30,13249.028497063686,1971254.3982340004,1984503.426731064,2551.884,1637.3067583333334,1409.6459639999998,1.0,1984503.426731064,1984503.426731064,0.0
2007-01-31,13249.028497063686,1868584.7397000005,1881833.7681970643,2385.335,1646.8353166666668,1415.2528160000002,1.0,1881833.7681970643,1881833.7681970643,0.0
2007-02-01,105644.91437617956,1798065.8359909998,1903710.7503671795,2395.172,1656.5942333333332,1420.868616,1.0,1903710.7503671795,1903710.7503671795,0.0
2007-02-02,105644.91437617956,1759126.8804450005,1864771.79482118,2298.003,1665.3077083333333,1426.0872680000002,1.0,1864771.79482118,1864771.79482118,0.0
2007-02-05,105644.91437617956,1774546.5274429996,1880191.441819179,2271.797,1673.8118666666667,1431.1898079999999,1.0,1880191.441819179,1880191.441819179,0.0
2007-02-06,105644.91437617956,1796649.405077,1902294.31945318,2316.04,1682.5165916666665,1436.4575960000002,1.0,1902294.31945318,1902294.31945318,0.0
2007-02-07,105644.91437617956,1833353.1999999995,1938998.114376179,2369.787,1691.6343666666667,1441.8983560000001,1.0,1938998.114376179,1938998.114376179,0.0
2007-02-08,105644.91437617956,1870752.3327760005,1976397.24715218,2410.601,1701.3417,1447.4078240000001,1.0,1976397.24715218,1976397.24715218,0.0
2007-02-09,105644.91437617956,1864477.085337,1970121.99971318,2397.245,1710.7698833333334,1452.8770559999998,1.0,1970121.99971318,1970121.99971318,0.0
2007-02-12,105644.91437617956,1915577.3551619996,2021222.2695381788,2485.392,1720.7850916666669,1458.686336,1.0,2021222.2695381788,2021222.2695381788,0.0
2007-02-13,105644.91437617956,1937783.854622,2043428.76899818,2522.63,1731.2101166666664,1464.69846,1.0,2043428.76899818,2043428.76899818,0.0
2007-02-14,105644.91437617956,1984002.0919810005,2089647.00635718,2588.349,1742.2141416666668,1470.9225079999999,1.0,2089647.00635718,2089647.00635718,0.0
2007-02-15,105644.91437617956,2045821.875081,2151466.789457179,2668.633,1753.8647333333333,1477.4705840000001,1.0,2151466.789457179,2151466.789457179,0.0
2007-02-16,105644.91437617956,2064454.467755,2170099.38213118,2676.735,1765.4602916666665,1484.0233999999998,1.0,2170099.38213118,2170099.38213118,0.0
2007-02-26,105644.91437617956,2105209.667388,2210854.5817641797,2707.676,1777.3102583333334,1490.687464,1.0,2210854.5817641797,2210854.5817641797,0.0
2007-02-27,105644.91437617956,1916267.377354,2021912.2917301792,2457.492,1787.0193499999998,1496.436948,1.0,2021912.2917301792,2021912.2917301792,0.0
2007-02-28,105644.91437617956,1980556.4993030007,2086201.41367918,2544.571,1797.4288,1502.53376,1.0,2086201.41367918,2086201.41367918,0.0
2007-03-01,105644.91437617956,1912372.7879930004,2018017.70236918,2473.544,1806.9925499999997,1508.3413799999998,1.0,2018017.70236918,2018017.70236918,0.0
2007-03-02,105644.91437617956,1942458.585493,2048103.4998691797,2508.729,1816.8139999999999,1514.221032,1.0,2048103.4998691797,2048103.4998691797,0.0
2007-03-05,105644.91437617956,1955064.4435390008,2060709.3579151805,2475.606,1826.3217916666667,1519.971916,1.0,2060709.3579151805,2060709.3579151805,0.0
2007-03-06,105644.91437617956,1964551.495577,2070196.4099531795,2520.293,1836.1684500000001,1525.887596,1.0,2070196.4099531795,2070196.4099531795,0.0
2007-03-07,105644.91437617956,2018446.89954,2124091.81391618,2589.436,1846.762925,1532.047564,1.0,2124091.81391618,2124091.81391618,0.0
2007-03-08,105644.91437617956,2054907.5109709988,2160552.4253471782,2627.63,1857.51615,1538.3667039999998,1.0,2160552.4253471782,2160552.4253471782,0.0
2007-03-09,105644.91437617956,2049147.8103660007,2154792.72474218,2611.393,1868.1054083333331,1544.600236,1.0,2154792.72474218,2154792.72474218,0.0
2007-03-12,105644.91437617956,2072175.4667990007,2177820.3811751804,2616.172,1878.6871166666667,1550.8384480000002,1.0,2177820.3811751804,2177820.3811751804,0.0
2007-03-13,105644.91437617956,2095173.965977,2200818.88035318,2640.169,1889.6187166666668,1557.24446,1.0,2200818.88035318,2200818.88035318,0.0
2007-03-14,105644.91437617956,2072050.9584910008,2177695.87286718,2597.357,1900.1620833333332,1563.46718,1.0,2177695.87286718,2177695.87286718,0.0
2007-03-15,105644.91437617956,2114083.8460119995,2219728.760388179,2645.546,1911.052008333333,1569.8938719999999,1.0,2219728.760388179,2219728.760388179,0.0
2007-03-16,105644.91437617956,2072781.1678510003,2178426.08222718,2604.226,1921.5235666666665,1576.250884,1.0,2178426.08222718,2178426.08222718,0.0
2007-03-19,105644.91437617956,2095289.035779,2200933.950155179,2659.413,1932.532125,1582.851452,1.0,2200933.950155179,2200933.950155179,0.0
2007-03-20,105644.91437617956,2121705.3914880008,2227350.3058641804,2672.771,1943.6529,1589.5251600000001,1.0,2227350.3058641804,2227350.3058641804,0.0
2007-03-21,105644.91437617956,2154248.305126,2259893.2195021794,2702.597,1954.8218583333332,1596.29996,1.0,2259893.2195021794,2259893.2195021794,0.0
2007-03-22,105644.91437617956,2159134.1681050006,2264779.0824811803,2711.322,1965.9531833333333,1603.065792,1.0,2264779.0824811803,2264779.0824811803,0.0
2007-03-23,105644.91437617956,2173938.6087310007,2279583.5231071804,2716.266,1977.1028249999997,1609.857768,1.0,2279583.5231071804,2279583.5231071804,0.0
2007-03-26,105644.91437617956,2225751.2649250003,2331396.17930118,2764.034,1988.6492833333334,1616.7980719999998,1.0,2331396.17930118,2331396.17930118,0.0
2007-03-27,105644.91437617956,2258022.4101000004,2363667.32447618,2784.023,2000.288058333333,1623.8237,1.0,2363667.32447618,2363667.32447618,0.0
2007-03-28,105644.91437617956,2235972.8381230007,2341617.7524991804,2797.649,2012.1447,1630.918236,1.0,2341617.7524991804,2341617.7524991804,0.0
2007-03-29,105644.91437617956,2178718.24159,2284363.1559661794,2783.305,2023.9022499999999,1637.90082,1.0,2284363.1559661794,2284363.1559661794,0.0
2007-03-30,105644.91437617956,2191012.955041,2296657.86941718,2781.784,2035.7700666666667,1644.864928,1.0,2296657.86941718,2296657.86941718,0.0
2007-04-02,105644.91437617956,2228004.9857230005,2333649.90009918,2850.107,2048.0949833333334,1652.0746920000001,1.0,2333649.90009918,2333649.90009918,0.0
2007-04-03,105644.91437617956,2267893.183569,2373538.09794518,2888.115,2060.6042583333337,1659.433004,1.0,2373538.09794518,2373538.09794518,0.0
2007-04-04,105644.91437617956,2296104.790845,2401749.7052211794,2911.821,2073.1755583333334,1666.9098840000001,1.0,2401749.7052211794,2401749.7052211794,0.0
2007-04-05,105644.91437617956,2336064.4559670007,2441709.3703431804,2945.045,2085.7503166666665,1674.487236,1.0,2441709.3703431804,2441709.3703431804,0.0
2007-04-06,105644.91437617956,2382215.455967,2487860.3703431794,2972.008,2098.5400083333334,1682.1513400000001,1.0,2487860.3703431794,2487860.3703431794,0.0
2007-04-09,105644.91437617956,2440732.070713999,2546376.985090179,3038.172,2111.892225,1690.042852,1.0,2546376.985090179,2546376.985090179,0.0
2007-04-10,105644.91437617956,2458913.926226999,2564558.840603179,3081.568,2125.684458333333,1698.146588,1.0,2564558.840603179,2564558.840603179,0.0
2007-04-11,105644.91437617956,2489631.379736,2595276.29411218,3121.319,2139.7714333333333,1706.3875119999998,1.0,2595276.29411218,2595276.29411218,0.0
2007-04-12,105644.91437617956,2559150.0522749987,2664794.9666511784,3176.437,2154.4207666666666,1714.7759720000001,1.0,2664794.9666511784,2664794.9666511784,0.0
2007-04-13,105644.91437617956,2543801.012656,2649445.92703218,3169.233,2169.0439749999996,1723.09542,1.0,2649445.92703218,2649445.92703218,0.0
2007-04-16,105644.91437617956,2609284.1940739998,2714929.108450179,3255.998,2184.19735,1731.7195319999998,1.0,2714929.108450179,2714929.108450179,0.0
2007-04-17,105644.91437617956,2652050.995628,2757695.910004179,3283.604,2199.565908333333,1740.441,1.0,2757695.910004179,2757695.910004179,0.0
2007-04-18,105644.91437617956,2692044.3797059995,2797689.294082179,3304.501,2215.1019,1749.246388,1.0,2797689.294082179,2797689.294082179,0.0
2007-04-19,105644.91437617956,2546798.048734001,2652442.9631101806,3150.303,2229.6151333333332,1757.3759599999998,1.0,2652442.9631101806,2652442.9631101806,0.0
2007-04-20,105644.91437617956,2660037.715623,2765682.62999918,3289.282,2245.0253666666667,1766.0398559999999,1.0,2765682.62999918,2765682.62999918,0.0
2007-04-23,105644.91437617956,2764963.7171999994,2870608.631576179,3431.318,2261.5628083333336,1775.2968360000002,1.0,2870608.631576179,2870608.631576179,0.0
2007-04-24,105644.91437617956,2778549.0699789994,2884193.984355179,3445.196,2278.1386500000003,1784.70192,1.0,2884193.984355179,2884193.984355179,0.0
2007-04-25,105644.91437617956,2763374.783957999,2869019.698334179,3448.281,2294.8822416666667,1794.0206160000002,1.0,2869019.698334179,2869019.698334179,0.0
2007-04-26,105644.91437617956,2789844.1087760003,2895489.02315218,3493.581,2311.9434249999995,1803.497284,1.0,2895489.02315218,2895489.02315218,0.0
2007-04-27,105644.91437617956,2750529.241116,2856174.15549218,3470.523,2328.6605083333334,1812.854252,1.0,2856174.15549218,2856174.15549218,0.0
2007-04-30,105644.91437617956,2849574.168631,2955219.08300718,3558.709,2345.9880083333333,1822.536124,1.0,2955219.08300718,2955219.08300718,0.0
2007-05-08,105644.91437617956,2966347.9836049997,3071992.897981179,3686.03,2364.374458333333,1832.74272,1.0,3071992.897981179,3071992.897981179,0.0
2007-05-09,1181567.8272663853,1859213.803307,3040781.630573385,3701.277,2382.8160083333337,1842.951196,1.0,3040781.630573385,3040781.630573385,0.0
2007-05-10,1181567.8272663853,1883170.2932450003,3064738.1205113856,3724.51,2401.2878333333338,1853.278444,1.0,3064738.1205113856,3064738.1205113856,0.0
2007-05-11,1181567.8272663853,1878180.62076,3059748.448026385,3702.612,2419.5087333333336,1863.521172,1.0,3059748.448026385,3059748.448026385,0.0
2007-05-14,1181567.8272663853,1881529.7079440008,3063097.535210386,3734.42,2438.144125,1873.835948,1.0,3063097.535210386,3063097.535210386,0.0
2007-05-15,1181567.8272663853,1838025.020109,3019592.847375385,3604.636,2455.4768083333333,1883.63342,1.0,3019592.847375385,3019592.847375385,0.0
2007-05-16,1181567.8272663853,1878668.7018240008,3060236.529090386,3700.287,2473.778683333333,1893.74518,1.0,3060236.529090386,3060236.529090386,0.0
2007-05-17,1181567.8272663853,1920049.0217930009,3101616.849059386,3778.605,2492.9689000000003,1903.98582,1.0,3101616.849059386,3101616.849059386,0.0
2007-05-18,1181567.8272663853,1927515.200986,3109083.0282523856,3776.629,2511.992675,1914.085892,1.0,3109083.0282523856,3109083.0282523856,0.0
2007-05-21,1181567.8272663853,1983089.071913,3164656.899179385,3831.443,2531.1316833333335,1924.3479320000001,1.0,3164656.899179385,3164656.899179385,0.0
2007-05-22,1181567.8272663853,2029347.8698720003,3210915.697138386,3870.489,2550.6083583333334,1934.8097480000001,1.0,3210915.697138386,3210915.697138386,0.0
2007-05-23,1181567.8272663853,2080835.6970580008,3262403.5243243864,3938.945,2570.4155333333333,1945.3805,1.0,3262403.5243243864,3262403.5243243864,0.0
2007-05-24,1181567.8272663853,2067635.360511,3249203.187777385,3919.748,2589.8037833333333,1955.650872,1.0,3249203.187777385,3249203.187777385,0.0
2007-05-25,1181567.8272663853,2095171.0324170005,3276738.8596833856,3985.252,2609.578808333333,1966.267372,1.0,3276738.8596833856,3276738.8596833856,0.0
2007-05-28,1181567.8272663853,2154731.111233001,3336298.9384993864,4072.578,2629.9833916666666,1977.215592,1.0,3336298.9384993864,3336298.9384993864,0.0
2007-05-29,1181567.8272663853,2190153.590771,3371721.418037385,4168.289,2651.09485,1988.563944,1.0,3371721.418037385,3371721.418037385,0.0
2007-05-30,1181567.8272663853,2010932.722356,3192500.549622385,3886.459,2669.843841666667,1998.645392,1.0,3192500.549622385,3192500.549622385,0.0
2007-05-31,1181567.8272663853,1952571.003152,3134138.8304183846,3927.952,2688.8117666666667,2008.862504,1.0,3134138.8304183846,3134138.8304183846,0.0
2007-06-01,1181567.8272663853,1842913.1637190003,3024480.990985386,3803.954,2706.811266666666,2018.8077039999998,1.0,3024480.990985386,3024480.990985386,0.0
2007-06-04,1181567.8272663853,1682765.2278349998,2864333.0551013853,3511.431,2722.1803416666667,2027.62046,1.0,2864333.0551013853,2864333.0551013853,0.0
2007-06-05,1181567.8272663853,1693976.273583,2875544.1008493854,3634.633,2738.182633333333,2036.9282039999998,1.0,2875544.1008493854,2875544.1008493854,0.0
2007-06-06,1181567.8272663853,1739692.7387869998,2921260.566053385,3677.58,2754.4189333333334,2046.314444,1.0,2921260.566053385,2921260.566053385,0.0
2007-06-07,1181567.8272663853,1809581.124956,2991148.952222385,3802.304,2771.2653333333337,2056.058492,1.0,2991148.952222385,2991148.952222385,0.0
2007-06-08,1181567.8272663853,1843663.8568520008,3025231.684118386,3837.867,2788.295633333333,2065.894936,1.0,3025231.684118386,3025231.684118386,0.0
2007-06-11,1181567.8272663853,1885799.843932,3067367.671198385,3931.862,2806.2327250000003,2076.16058,1.0,3067367.671198385,3067367.671198385,0.0
2007-06-12,1181567.8272663853,1935043.26182,3116611.089086385,4036.109,2825.0693499999998,2086.6935,1.0,3116611.089086385,3116611.089086385,0.0
2007-06-13,1181567.8272663853,1988855.5990880004,3170423.426354386,4118.268,2845.12505,2097.606108,1.0,3170423.426354386,3170423.426354386,0.0
2007-06-14,1181567.8272663853,1973056.1333920013,3154623.9606583863,4075.821,2864.1741916666665,2108.29674,1.0,3154623.9606583863,3154623.9606583863,0.0
2007-06-15,1181567.8272663853,1982395.7189710003,3163963.546237386,4099.381,2883.3124666666668,2119.097696,1.0,3163963.546237386,3163963.546237386,0.0
2007-06-18,1181567.8272663853,2037613.6310060008,3219181.458272386,4227.569,2903.5100749999997,2130.72704,1.0,3219181.458272386,3219181.458272386,0.0
2007-06-19,1181567.8272663853,2053071.5021140005,3234639.3293803856,4253.0,2923.65055,2142.4351239999996,1.0,3234639.3293803856,3234639.3293803856,0.0
2007-06-20,1181567.8272663853,2001258.772638,3182826.5999043854,4157.599,2942.7335749999997,2153.88878,1.0,3182826.5999043854,3182826.5999043854,0.0
2007-06-21,1181567.8272663853,2006638.563018,3188206.390284385,4197.28,2961.7433416666668,2165.4872199999995,1.0,3188206.390284385,3188206.390284385,0.0
2007-06-22,1181567.8272663853,1888662.781387,3070230.608653385,4051.426,2979.4931916666665,2176.4998200000005,1.0,3070230.608653385,3070230.608653385,0.0
2007-06-25,1181567.8272663853,1780163.0217449998,2961730.849011385,3877.59,2995.6685500000003,2186.87466,1.0,2961730.849011385,2961730.849011385,0.0
2007-06-26,1181567.8272663853,1799997.601316,2981565.428582385,3928.213,3012.4954500000003,2197.445972,1.0,2981565.428582385,2981565.428582385,0.0
2007-06-27,1181567.8272663853,1845304.140485,3026871.9677513856,4040.484,3030.3691166666667,2208.335868,1.0,3026871.9677513856,3026871.9677513856,0.0
2007-06-28,1181567.8272663853,1732109.865994,2913677.693260385,3858.522,3046.3642666666665,2218.4303840000002,1.0,2913677.693260385,2913677.693260385,0.0
2007-06-29,1181567.8272663853,1648760.250582999,2830328.0778493844,3764.078,3061.5795999999996,2228.133804,1.0,2830328.0778493844,2830328.0778493844,0.0
2007-07-02,1181567.8272663853,1664353.51962,2845921.346886385,3757.655,3076.369416666667,2237.830296,1.0,2845921.346886385,2845921.346886385,0.0
2007-07-03,1181567.8272663853,1703014.6939829993,2884582.5212493846,3832.227,3091.8052000000002,2247.832992,1.0,2884582.5212493846,2884582.5212493846,0.0
2007-07-04,1181567.8272663853,1664088.9269859996,2845656.754252385,3743.582,3105.9929916666665,2257.4495359999996,1.0,2845656.754252385,2845656.754252385,0.0
2007-07-05,1181567.8272663853,1557750.6365959996,2739318.4638623847,3537.435,3118.24585,2266.1456239999998,1.0,2739318.4638623847,2739318.4638623847,0.0
2007-07-06,1181567.8272663853,1644304.0421199994,2825871.8693863847,3710.283,3131.8908500000002,2275.531172,1.0,2825871.8693863847,2825871.8693863847,0.0
2007-07-09,1181567.8272663853,1694977.1951639997,2876545.022430385,3821.302,3145.972066666667,2285.3648399999997,1.0,2876545.022430385,2876545.022430385,0.0
2007-07-10,1181567.8272663853,1646472.017814,2828039.845080385,3775.621,3159.101525,2294.886828,1.0,2828039.845080385,2828039.845080385,0.0
2007-07-11,1181567.8272663853,1661814.0278219995,2843381.855088385,3789.874,3171.884091666667,2304.470472,1.0,2843381.855088385,2843381.855088385,0.0
2007-07-12,1181567.8272663853,1673496.1411440007,2855063.968410386,3816.921,3185.094858333333,2314.056844,1.0,2855063.968410386,2855063.968410386,0.0
2007-07-13,1181567.8272663853,1671945.608916,2853513.4361823853,3820.124,3198.8146666666667,2323.6932880000004,1.0,2853513.4361823853,2853513.4361823853,0.0
2007-07-16,1181567.8272663853,1620159.2124949996,2801727.039761385,3697.966,3210.5698666666667,2332.9131159999997,1.0,2801727.039761385,2801727.039761385,0.0
2007-07-17,1181567.8272663853,1649277.4232219995,2830845.2504883846,3789.651,3222.534675,2342.39702,1.0,2830845.2504883846,2830845.2504883846,0.0
2007-07-18,1181567.8272663853,1647066.6682310004,2828634.495497386,3807.574,3235.023366666667,2351.9856,1.0,2828634.495497386,2828634.495497386,0.0
2007-07-19,1181567.8272663853,1657008.5701539998,2838576.397420385,3806.997,3247.439216666666,2361.565092,1.0,2838576.397420385,2838576.397420385,0.0
2007-07-20,1181567.8272663853,1718290.5292699996,2899858.3565363847,3971.884,3260.570808333333,2371.7783280000003,1.0,2899858.3565363847,2899858.3565363847,0.0
2007-07-23,1181567.8272663853,1804934.052808,2986501.880074385,4156.723,3274.449225,2382.728424,1.0,2986501.880074385,2986501.880074385,0.0
2007-07-24,1181567.8272663853,1809726.925355001,2991294.752621386,4161.352,3288.226075,2393.98948,1.0,2991294.752621386,2991294.752621386,0.0
2007-07-25,1181567.8272663853,1850644.801108,3032212.6283743847,4255.463,3302.5513666666666,2405.582816,1.0,3032212.6283743847,3032212.6283743847,0.0
2007-07-26,1181567.8272663853,1887652.869572,3069220.6968383854,4303.185,3317.970983333333,2417.30654,1.0,3069220.6968383854,3069220.6968383854,0.0
2007-07-27,1181567.8272663853,1930342.541363,3111910.3686293853,4307.143,3332.922825,2429.041448,1.0,3111910.3686293853,3111910.3686293853,0.0
2007-07-30,1181567.8272663853,1974722.079462,3156289.906728385,4410.297,3348.2009916666666,2441.33606,1.0,3156289.906728385,3156289.906728385,0.0
2007-07-31,1181567.8272663853,2011225.302853,3192793.130119385,4460.564,3364.106658333333,2453.79754,1.0,3192793.130119385,3192793.130119385,0.0
2007-08-01,1103131.365666614,1933485.3531840004,3036616.7188506145,4290.477,3379.9828416666664,2465.5353159999995,1.0,3036616.7188506145,3036616.7188506145,0.0
2007-08-02,1103131.365666614,2006006.6463120007,3109138.0119786146,4436.192,3396.991341666667,2477.847596,1.0,3109138.0119786146,3109138.0119786146,0.0
2007-08-03,1103131.365666614,2054424.191267,3157555.556933614,4598.379,3416.1611416666665,2490.744432,1.0,3157555.556933614,3157555.556933614,0.0
2007-08-06,1103131.365666614,2097876.955115001,3201008.320781615,4703.984,3436.4293666666667,2504.0751880000003,1.0,3201008.320781615,3201008.320781615,0.0
2007-08-07,1103131.365666614,2098142.365586,3201273.731252614,4724.547,3456.500258333333,2517.551196,1.0,3201273.731252614,3201273.731252614,0.0
2007-08-08,1103131.365666614,2050193.661161,3153325.026827614,4668.087,3475.6527583333327,2530.8579720000002,1.0,3153325.026827614,3153325.026827614,0.0
2007-08-09,1103131.365666614,2069148.257379,3172279.623045613,4777.286,3495.3751333333335,2544.789804,1.0,3172279.623045613,3172279.623045613,0.0
2007-08-10,1103131.365666614,2033845.699935,3136977.0656016143,4726.683,3514.787116666667,2558.5683080000003,1.0,3136977.0656016143,3136977.0656016143,0.0
2007-08-13,1103131.365666614,2027391.452263,3130522.8179296143,4721.192,3533.4187833333335,2572.3527240000003,1.0,3130522.8179296143,3130522.8179296143,0.0
2007-08-14,1103131.365666614,2072351.4495140004,3175482.8151806146,4795.568,3552.3599333333336,2586.44802,1.0,3175482.8151806146,3175482.8151806146,0.0
2007-08-15,1103131.365666614,2064053.6577150004,3167185.023381614,4798.75,3570.779941666667,2600.675388,1.0,3167185.023381614,3167185.023381614,0.0
2007-08-16,1103131.365666614,2063405.98986,3166537.355526614,4721.942,3587.8908500000002,2614.6667479999996,1.0,3166537.355526614,3166537.355526614,0.0
2007-08-17,1103131.365666614,2038340.351149,3141471.716815614,4626.583,3604.139583333333,2628.1635360000005,1.0,3141471.716815614,3141471.716815614,0.0
2007-08-20,1103131.365666614,2118280.681341,3221412.047007614,4885.427,3622.2875083333333,2642.7000519999997,1.0,3221412.047007614,3221412.047007614,0.0
2007-08-21,1103131.365666614,2136844.6601730003,3239976.025839614,4972.711,3643.247666666667,2657.5050039999996,1.0,3239976.025839614,3239976.025839614,0.0
2007-08-22,1103131.365666614,2171993.400844999,3275124.766511613,5051.688,3664.1403083333335,2672.60914,1.0,3275124.766511613,3275124.766511613,0.0
2007-08-23,1103131.365666614,2202809.549252999,3305940.914919613,5135.93,3686.3268583333333,2688.1699759999997,1.0,3305940.914919613,3305940.914919613,0.0
2007-08-24,1103131.365666614,2224084.143183,3327215.508849614,5217.581,3708.900625,2703.976848,1.0,3327215.508849614,3327215.508849614,0.0
2007-08-27,1103131.365666614,2228452.277799,3331583.643465614,5243.147,3731.9634666666666,2719.815168,1.0,3331583.643465614,3331583.643465614,0.0
2007-08-28,1103131.365666614,2223596.0091870003,3326727.3748536143,5251.77,3754.725775,2735.73574,1.0,3326727.3748536143,3326727.3748536143,0.0
2007-08-29,1103131.365666614,2191510.970579,3294642.336245614,5171.822,3776.2456583333333,2751.351564,1.0,3294642.336245614,3294642.336245614,0.0
2007-08-30,1103131.365666614,2248804.513464001,3351935.879130615,5241.228,3798.0256416666666,2767.2342280000003,1.0,3351935.879130615,3351935.879130615,0.0
2007-08-31,1103131.365666614,2274655.3495379994,3377786.7152046133,5296.813,3820.404141666667,2783.280408,1.0,3377786.7152046133,3377786.7152046133,0.0
2007-09-03,1103131.365666614,2334854.2211440005,3437985.5868106144,5419.169,3843.76245,2799.814364,1.0,3437985.5868106144,3437985.5868106144,0.0
2007-09-04,1103131.365666614,2315732.08855,3418863.454216614,5360.333,3866.430483333333,2816.086092,1.0,3418863.454216614,3418863.454216614,0.0
2007-09-05,1103131.365666614,2334041.0895199995,3437172.4551866134,5363.251,3889.4795999999997,2832.3573480000005,1.0,3437172.4551866134,3437172.4551866134,0.0
2007-09-06,1103131.365666614,2364780.403764,3467911.7694306136,5412.037,3912.5336916666665,2848.7019200000004,1.0,3467911.7694306136,3467911.7694306136,0.0
2007-09-07,1103131.365666614,2305036.4637429984,3408167.8294096123,5294.795,3934.9550999999997,2864.56048,1.0,3408167.8294096123,3408167.8294096123,0.0
2007-09-10,1103131.365666614,2345918.95494,3449050.320606614,5377.222,3957.603508333333,2880.7306840000006,1.0,3449050.320606614,3449050.320606614,0.0
2007-09-11,1103131.365666614,2189975.327091001,3293106.692757615,5124.092,3978.031183333333,2895.872276,1.0,3293106.692757615,3293106.692757615,0.0
2007-09-12,1103131.365666614,2198685.82114,3301817.1868066136,5202.856,3998.866675,2911.411304,1.0,3301817.1868066136,3301817.1868066136,0.0
2007-09-13,1103131.365666614,2239852.2529,3342983.6185666136,5349.97,4020.8554083333333,2927.462212,1.0,3342983.6185666136,3342983.6185666136,0.0
2007-09-14,1103131.365666614,2278190.354518,3381321.720184613,5397.278,4043.197175,2943.6885960000004,1.0,3381321.720184613,3381321.720184613,0.0
2007-09-17,1103131.365666614,2319180.256274,3422311.6219406133,5498.908,4065.9877916666665,2960.2987599999997,1.0,3422311.6219406133,3422311.6219406133,0.0
2007-09-18,1103131.365666614,2333965.4181240005,3437096.7837906145,5476.839,4088.4279250000004,2976.892608,1.0,3437096.7837906145,3437096.7837906145,0.0
2007-09-19,1103131.365666614,2297004.213771,3400135.579437613,5419.268,4110.27475,2993.2410680000003,1.0,3400135.579437613,3400135.579437613,0.0
2007-09-20,1103131.365666614,2322669.243917001,3425800.609583615,5494.915,4132.871499999999,3009.8657080000003,1.0,3425800.609583615,3425800.609583615,0.0
2007-09-21,1103131.365666614,2315550.596342,3418681.9620086136,5468.098,4155.25745,3026.3475439999997,1.0,3418681.9620086136,3418681.9620086136,0.0
2007-09-24,1103131.365666614,2322686.2528170003,3425817.618483614,5513.895,4177.455683333333,3043.04958,1.0,3425817.618483614,3425817.618483614,0.0
2007-09-25,1103131.365666614,2294976.8343720003,3398108.200038614,5454.615,4198.843183333333,3059.514928,1.0,3398108.200038614,3398108.200038614,0.0
2007-09-26,1103131.365666614,2263545.490614,3366676.856280613,5361.021,4219.253183333333,3075.5097240000005,1.0,3366676.856280613,3366676.856280613,0.0
2007-09-27,1103131.365666614,2298153.136787001,3401284.502453615,5427.657,4239.941616666667,3091.7181,1.0,3401284.502453615,3401284.502453615,0.0
2007-09-28,1103131.365666614,2350120.426285,3453251.791951614,5580.813,4261.681658333333,3108.528116,1.0,3453251.791951614,3453251.791951614,0.0
2007-10-08,1103131.365666614,2348551.374772,3451682.7404386136,5653.136,4283.473025,3125.626824,1.0,3451682.7404386136,3451682.7404386136,0.0
2007-10-09,1103131.365666614,2383917.472601,3487048.838267614,5675.927,4305.092683333333,3142.7810520000003,1.0,3487048.838267614,3487048.838267614,0.0
2007-10-10,1103131.365666614,2374918.285025,3478049.650691614,5685.759,4326.463016666667,3160.0246799999995,1.0,3478049.650691614,3478049.650691614,0.0
2007-10-11,1103131.365666614,2347797.4720390006,3450928.8377056145,5760.078,4347.993358333333,3177.575396,1.0,3450928.8377056145,3450928.8377056145,0.0
2007-10-12,1103131.365666614,2299873.9326920006,3403005.2983586146,5737.221,4369.3932583333335,3195.093696,1.0,3403005.2983586146,3403005.2983586146,0.0
2007-10-15,1103131.365666614,2311890.182000001,3415021.547666615,5821.447,4390.772,3212.895016,1.0,3415021.547666615,3415021.547666615,0.0
2007-10-16,1103131.365666614,2323996.4519490004,3427127.8176156143,5877.202,4412.385316666667,3230.8558160000002,1.0,3427127.8176156143,3427127.8176156143,0.0
2007-10-17,1103131.365666614,2333396.401973,3436527.7676396137,5824.117,4433.382116666666,3248.539224,1.0,3436527.7676396137,3436527.7676396137,0.0
2007-10-18,1103131.365666614,2272700.5601310004,3375831.9257976143,5615.747,4453.927483333334,3265.2579159999996,1.0,3375831.9257976143,3375831.9257976143,0.0
2007-10-19,1103131.365666614,2263084.2199270003,3366215.5855936143,5614.06,4473.300633333333,3281.965176,1.0,3366215.5855936143,3366215.5855936143,0.0
2007-10-22,1103131.365666614,2215294.708190001,3318426.0738566155,5472.677,4490.311958333334,3298.11226,1.0,3318426.0738566155,3318426.0738566155,0.0
2007-10-23,1103131.365666614,2199231.565528,3302362.9311946137,5540.09,4507.769408333334,3314.56662,1.0,3302362.9311946137,3302362.9311946137,0.0
2007-10-24,1103131.365666614,2169089.944317,3272221.309983614,5588.014,4525.600516666667,3331.1951480000002,1.0,3272221.309983614,3272221.309983614,0.0
2007-10-25,1103131.365666614,2010322.473900001,3113453.839566615,5333.792,4540.935608333332,3346.856248,1.0,3113453.839566615,3113453.839566615,0.0
2007-10-26,1103131.365666614,1972669.859049,3075801.2247156138,5394.807,4556.971308333334,3362.777684,1.0,3075801.2247156138,3075801.2247156138,0.0
2007-10-29,1103131.365666614,1990491.701524,3093623.067190614,5508.357,4573.2183749999995,3379.0607400000004,1.0,3093623.067190614,3093623.067190614,0.0
2007-10-30,1103131.365666614,2037764.7641000005,3140896.129766614,5596.068,4589.135358333334,3395.6875039999995,1.0,3140896.129766614,3140896.129766614,0.0
2007-10-31,1103131.365666614,2108535.9465350006,3211667.3122016145,5688.543,4605.695908333333,3412.680948,1.0,3211667.3122016145,3211667.3122016145,0.0
2007-11-01,1124320.132584998,1977991.366198,3102311.498782998,5605.232,4621.368591666667,3429.4670159999996,1.0,3102311.498782998,3102311.498782998,0.0
2007-11-02,1124320.132584998,1934631.3490220003,3058951.4816069985,5472.93,4636.121241666667,3445.59852,1.0,3058951.4816069985,3058951.4816069985,0.0
2007-11-05,1124320.132584998,1935597.3940310003,3059917.5266159982,5360.305,4649.670283333334,3461.2524399999998,1.0,3059917.5266159982,3059917.5266159982,0.0
2007-11-06,1124320.132584998,1946184.51401,3070504.646594997,5317.549,4663.944558333334,3476.698256,1.0,3070504.646594997,3070504.646594997,0.0
2007-11-07,1124320.132584998,1944570.3134950004,3068890.4460799983,5350.629,4677.697408333333,3492.344572,1.0,3068890.4460799983,3068890.4460799983,0.0
2007-11-08,1124320.132584998,1863647.084223,2987967.216807998,5093.669,4688.656275,3506.9342920000004,1.0,2987967.216807998,2987967.216807998,0.0
2007-11-09,1124320.132584998,1838247.521533,2962567.6541179977,5040.525,4699.188741666667,3521.2385,1.0,2962567.6541179977,2962567.6541179977,0.0
2007-11-12,1124320.132584998,1808523.275049,2932843.407633997,4978.252,4708.745483333333,3535.2338720000002,1.0,2932843.407633997,2932843.407633997,0.0
2007-11-13,1124320.132584998,1814100.059484,2938420.192068998,4939.244,4717.651775,3549.072224,1.0,2938420.192068998,2938420.192068998,0.0
2007-11-14,1124320.132584998,1877100.1417140004,3001420.2742989985,5145.888,4727.709633333333,3563.702612,1.0,3001420.2742989985,3001420.2742989985,0.0
2007-11-15,1124320.132584998,1845756.222962,2970076.355546998,5081.113,4737.387675,3577.9955,1.0,2970076.355546998,2970076.355546998,0.0
2007-11-16,1124320.132584998,1844434.162572,2968754.295156998,5007.662,4745.907758333333,3591.9617319999998,1.0,2968754.295156998,2968754.295156998,0.0
2007-11-19,1124320.132584998,1877403.5757339995,3001723.708318997,4994.416,4753.589741666667,3605.946704,1.0,3001723.708318997,3001723.708318997,0.0
2007-11-20,1124320.132584998,1916392.304746,3040712.437330997,5069.382,4761.098849999999,3620.125376,1.0,3040712.437330997,3040712.437330997,0.0
2007-11-21,1124320.132584998,1887315.576232,3011635.7088169977,4997.62,4770.358525,3634.099608,1.0,3011635.7088169977,3011635.7088169977,0.0
2007-11-22,1124320.132584998,1814894.2891650004,2939214.4217499983,4772.617,4777.397400000001,3647.28696,0.3,2939214.4217499983,881764.3265249995,2057450.095224999
2007-11-23,1124320.132584998,1850644.595718,2974964.728302997,4856.161,4786.165791666667,3660.7365,1.0,2974964.728302997,2974964.728302997,0.0
2007-11-26,1124320.132584998,1837704.662591,2962024.795175998,4800.082,4796.904550000001,3673.79778,1.0,2962024.795175998,2962024.795175998,0.0
2007-11-27,1124320.132584998,1817480.344348,2941800.476932998,4711.152,4805.875541666667,3686.509236,0.3,2941800.476932998,882540.1430798994,2059260.3338530986
2007-11-28,1124320.132584998,1802623.945284,2926944.077868998,4648.751,4813.968633333334,3698.855904,0.3,2926944.077868998,878083.2233606994,2048860.8545082987
2007-11-29,1124320.132584998,1848046.287277,2972366.419861998,4842.07,4822.633350000001,3711.851552,1.0,2972366.419861998,2972366.419861998,0.0
2007-11-30,1124320.132584998,1821556.9553610005,2945877.087945998,4737.408,4830.129524999999,3724.3521880000003,0.3,2945877.087945998,883763.1263837995,2062113.9615621986
2007-12-03,1124320.132584998,1842142.023197,2966462.1557819974,4772.674,4837.136291666667,3736.9467720000002,0.3,2966462.1557819974,889938.6467345991,2076523.5090473983
2007-12-04,1124320.132584998,1858082.638181,2982402.770765997,4829.214,4843.745500000001,3749.7239720000002,0.3,2982402.770765997,894720.8312297991,2087681.939536198
2007-12-05,1124320.132584998,1891413.0687659995,3015733.201350997,4965.947,4850.809491666666,3763.04144,1.0,3015733.201350997,3015733.201350997,0.0
2007-12-06,1124320.132584998,1905698.528712,3030018.661296998,4971.055,4858.269775,3776.3184560000004,1.0,3030018.661296998,3030018.661296998,0.0
2007-12-07,1124320.132584998,1942612.57371,3066932.7062949976,5041.35,4866.119516666667,3789.9078000000004,1.0,3066932.7062949976,3066932.7062949976,0.0
2007-12-10,1124320.132584998,1997709.911204,3122030.043788998,5133.562,4873.669458333333,3803.77348,1.0,3122030.043788998,3122030.043788998,0.0
2007-12-11,1124320.132584998,2022047.336936,3146367.4695209977,5140.0,4881.061124999999,3817.476048,1.0,3146367.4695209977,3146367.4695209977,0.0
2007-12-12,1124320.132584998,2031954.7655479992,3156274.898132997,5077.39,4888.72605,3830.868712,1.0,3156274.898132997,3156274.898132997,0.0
2007-12-13,1124320.132584998,1964544.872458001,3088865.0050429986,4884.298,4894.4511999999995,3843.28296,0.3,3088865.0050429986,926659.5015128995,2162205.503530099
2007-12-14,1124320.132584998,2011552.403318,3135872.535902997,4977.652,4902.16975,3856.0166440000003,1.0,3135872.535902997,3135872.535902997,0.0
2007-12-17,1124320.132584998,1998232.189408,3122552.321992998,4857.289,4910.333908333333,3868.328156,0.3,3122552.321992998,936765.6965978994,2185786.6253950987
2007-12-18,1124320.132584998,1973548.4864000008,3097868.6189849987,4829.909,4917.848041666666,3880.5449360000002,0.3,3097868.6189849987,929360.5856954996,2168508.033289499
2007-12-19,1124320.132584998,2010053.328125,3134373.460709997,4946.285,4925.396383333334,3893.48374,1.0,3134373.460709997,3134373.460709997,0.0
2007-12-20,1124320.132584998,2034767.699202,3159087.8317869976,5037.195,4935.218658333334,3906.472824,1.0,3159087.8317869976,3159087.8317869976,0.0
2007-12-21,1124320.132584998,2061077.314116,3185397.446700998,5101.852,4946.366775,3919.6690799999997,1.0,3185397.446700998,3185397.446700998,0.0
2007-12-24,1124320.132584998,2100472.8998060008,3224793.0323909987,5207.134,4958.445766666667,3933.282192,1.0,3224793.0323909987,3224793.0323909987,0.0
2007-12-25,1124320.132584998,2121726.3652129997,3246046.497797997,5216.813,4969.983983333334,3946.804872,1.0,3246046.497797997,3246046.497797997,0.0
2007-12-26,1124320.132584998,2157673.327186,3281993.459770997,5265.026,4982.662683333333,3960.3944319999996,1.0,3281993.459770997,3281993.459770997,0.0
2007-12-27,1124320.132584998,2179099.242624,3303419.3752089976,5367.53,4997.913475,3974.20012,1.0,3303419.3752089976,3303419.3752089976,0.0
2007-12-28,1124320.132584998,2170656.876504,3294977.0090889977,5338.275,5011.480075,3987.867444,1.0,3294977.0090889977,3294977.0090889977,0.0
2008-01-02,1124320.132584998,2222645.3393750004,3346965.4719599984,5385.103,5024.51175,4001.661668,1.0,3346965.4719599984,3346965.4719599984,0.0
2008-01-03,1124320.132584998,2261079.805297,3385399.937881998,5422.034,5038.2318583333345,4015.7138640000003,1.0,3385399.937881998,3385399.937881998,0.0
2008-01-04,1124320.132584998,2277671.015483,3401991.148067998,5483.65,5052.346658333333,4030.065888,1.0,3401991.148067998,3401991.148067998,0.0
2008-01-07,1124320.132584998,2299295.1635849997,3423615.296169997,5556.593,5066.843924999999,4044.535844,1.0,3423615.296169997,3423615.296169997,0.0
2008-01-08,1124320.132584998,2257653.540954999,3381973.673539997,5528.054,5081.076675,4058.895108,1.0,3381973.673539997,3381973.673539997,0.0
2008-01-09,1124320.132584998,2301351.627271999,3425671.759856997,5613.758,5097.041608333334,4073.4186320000003,1.0,3425671.759856997,3425671.759856997,0.0
2008-01-10,1124320.132584998,2312609.819043,3436929.9516279977,5672.154,5112.729133333332,4088.1875160000004,1.0,3436929.9516279977,3436929.9516279977,0.0
2008-01-11,1124320.132584998,2295378.6138150007,3419698.7463999987,5699.147,5128.492241666666,4102.819916,1.0,3419698.7463999987,3419698.7463999987,0.0
2008-01-14,1124320.132584998,2319141.590511,3443461.7230959977,5731.757,5144.531908333333,4117.4785759999995,1.0,3443461.7230959977,3443461.7230959977,0.0
2008-01-15,1124320.132584998,2331390.605073,3455710.7376579978,5696.45,5158.9032916666665,4131.972844,1.0,3455710.7376579978,3455710.7376579978,0.0
2008-01-16,1124320.132584998,2287624.198031,3411944.330615998,5505.717,5170.144908333333,4145.469488,1.0,3411944.330615998,3411944.330615998,0.0
2008-01-17,1124320.132584998,2238521.6107499995,3362841.743334997,5365.624,5180.180508333334,4158.13164,1.0,3362841.743334997,3362841.743334997,0.0
2008-01-18,1124320.132584998,2258645.0459450004,3382965.1785299983,5414.468,5189.838883333333,4170.765648,1.0,3382965.1785299983,3382965.1785299983,0.0
2008-01-21,1124320.132584998,2165740.464794,3290060.597378998,5145.734,5196.860125,4182.422068,0.3,3290060.597378998,987018.1792136994,2303042.4181652986
2008-01-22,1124320.132584998,1993088.21206,3117408.3446449977,4753.868,5200.582833333333,4192.742552,0.3,3117408.3446449977,935222.5033934993,2182185.8412514986
2008-01-23,1124320.132584998,2077916.0129039995,3202236.145488997,4975.111,5205.289616666666,4203.493628,0.3,3202236.145488997,960670.8436466991,2241565.301842298
2008-01-24,1124320.132584998,2128487.932667999,3252808.065252997,5027.213,5210.0116916666675,4214.186984,0.3,3252808.065252997,975842.419575899,2276965.645677098
2008-01-25,1124320.132584998,2136695.575782,3261015.708366997,5077.429,5216.569625,4225.260976,0.3,3261015.708366997,978304.712510099,2282710.995856898
2008-01-28,1124320.132584998,2004086.816725,3128406.9493099977,4731.883,5219.033716666668,4234.920128,0.3,3128406.9493099977,938522.0847929993,2189884.8645169986
2008-01-29,1124320.132584998,2028034.3936810005,3152354.5262659984,4762.083,5220.397916666667,4244.384088000001,0.3,3152354.5262659984,945706.3578797994,2206648.168386199
2008-01-30,1124320.132584998,2036057.5855040003,3160377.7180889985,4710.652,5220.453483333334,4253.261444,0.3,3160377.7180889985,948113.3154266995,2212264.402662299
2008-01-31,1124320.132584998,1967637.8221580004,3091957.9547429984,4620.401,5219.5856,4261.710528,0.3,3091957.9547429984,927587.3864228994,2164370.568320099
2008-02-01,1045998.5670791408,1957078.4873139996,3003077.05439314,4571.945,5218.784416666666,4269.852596,0.3,3003077.05439314,900923.116317942,2102153.938075198
2008-02-04,1045998.5670791408,2112854.454621,3158853.021700141,4950.124,5220.2247333333335,4279.841768,0.3,3158853.021700141,947655.9065100423,2211197.115190099
2008-02-05,1045998.5670791408,2106606.0987900007,3152604.665869141,4921.829,5221.850950000001,4289.477395999999,0.3,3152604.665869141,945781.3997607422,2206823.266108399
2008-02-13,1045998.5670791408,2085394.8184679996,3131393.38554714,4816.084,5222.641716666667,4298.434064,0.3,3131393.38554714,939418.015664142,2191975.369882998
2008-02-14,1045998.5670791408,2120751.835602,3166750.4026811407,4880.252,5223.347416666667,4307.747536000001,0.3,3166750.4026811407,950025.1208043422,2216725.2818767987
2008-02-15,1045998.5670791408,2100483.821379999,3146482.38845914,4813.311,5223.468758333333,4317.4594400000005,0.3,3146482.38845914,943944.716537742,2202537.671921398
2008-02-18,1045998.5670791408,2149068.052299,3195066.6193781407,4910.992,5225.044175,4327.52272,0.3,3195066.6193781407,958519.9858134422,2236546.6335646985
2008-02-19,1045998.5670791408,2200521.9776149997,3246520.54469414,5020.753,5228.328925,4338.41372,0.3,3246520.54469414,973956.1634082419,2272564.3812858984
2008-02-20,1045998.5670791408,2170148.394785,3216146.961864141,4908.717,5228.523008333333,4348.961399999999,0.3,3216146.961864141,964844.0885592422,2251302.873304899
2008-02-21,1045998.5670791408,2187740.3990870006,3233738.966166141,4876.03,5227.717333333333,4359.201359999999,0.3,3233738.966166141,970121.6898498422,2263617.2763162986
2008-02-22,1045998.5670791408,2133309.420229,3179307.987308141,4702.241,5224.805275000001,4368.531176,0.3,3179307.987308141,953792.3961924422,2225515.5911156987
2008-02-25,1045998.5670791408,2057702.655937,3103701.2230161405,4519.783,5219.670716666666,4376.967903999999,0.3,3103701.2230161405,931110.3669048421,2172590.8561112983
2008-02-26,1045998.5670791408,2054014.468947,3100013.0360261407,4515.533,5213.820316666666,4385.441056,0.3,3100013.0360261407,930003.9108078422,2170009.1252182983
2008-02-27,1045998.5670791408,2099684.1497029997,3145682.71678214,4639.768,5208.792158333334,4394.05856,0.3,3145682.71678214,943704.815034642,2201977.901747498
2008-02-28,1045998.5670791408,2100180.46185,3146179.028929141,4622.056,5203.544541666667,4402.4562639999995,0.3,3146179.028929141,943853.7086787422,2202325.3202503985
2008-02-29,1045998.5670791408,2123500.458511001,3169499.025590142,4674.55,5199.400608333333,4410.801068,0.3,3169499.025590142,950849.7076770425,2218649.317913099
2008-03-03,1045998.5670791408,2189803.188543,3235801.7556221406,4790.744,5195.646575000001,4419.289512,0.3,3235801.7556221406,970740.5266866421,2265061.2289354987
2008-03-04,1045998.5670791408,2175367.7761880006,3221366.3432671414,4671.148,5190.4327,4427.267164,0.3,3221366.3432671414,966409.9029801424,2254956.440286999
2008-03-05,1045998.5670791408,2193009.3931990005,3239007.9602781413,4628.724,5183.845658333334,4434.951356,0.3,3239007.9602781413,971702.3880834423,2267305.572194699
2008-03-06,1045998.5670791408,2210848.983501,3256847.5505801407,4685.03,5178.218133333333,4443.861507999999,0.3,3256847.5505801407,977054.2651740422,2279793.2854060987
2008-03-07,1045998.5670791408,2176414.1366680004,3222412.703747141,4621.685,5172.038416666666,4452.169964,0.3,3222412.703747141,966723.8111241423,2255688.892622999
2008-03-10,1045998.5670791408,2098529.813326,3144528.3804051406,4431.589,5163.868016666666,4460.002143999999,0.3,3144528.3804051406,943358.5141215421,2201169.8662835984
2008-03-11,1045998.5670791408,2122339.1140219998,3168337.68110114,4441.184,5156.754591666667,4467.7319640000005,0.3,3168337.68110114,950501.304330342,2217836.376770798
2008-03-12,1045998.5670791408,2075657.198030001,3121655.765109142,4309.648,5147.858141666667,4475.068131999999,0.3,3121655.765109142,936496.7295327425,2185159.0355763994
2008-03-13,1045998.5670791408,2000418.830765,3046417.3978441404,4198.96,5140.148708333333,4481.782800000001,0.3,3046417.3978441404,913925.2193532421,2132492.1784908986
2008-03-14,1045998.5670791408,1986485.763906,3032484.330985141,4157.871,5131.4405,4488.056539999999,0.3,3032484.330985141,909745.2992955423,2122739.0316895987
2008-03-17,1045998.5670791408,1848516.755644,2894515.322723141,3965.279,5119.901408333333,4493.407136,0.3,2894515.322723141,868354.5968169422,2026160.7259061988
2008-03-18,1045998.5670791408,1720304.160702,2766302.7277811407,3763.948,5106.290325,4498.017356,0.3,2766302.7277811407,829890.8183343422,1936411.9094467985
2008-03-19,1045998.5670791408,1780921.2019350005,2826919.769014141,3888.861,5092.8732666666665,4503.108112000001,0.3,2826919.769014141,848075.9307042423,1978843.8383098987
2008-03-20,1045998.5670791408,1838242.9202140009,2884241.4872931414,4001.832,5080.581541666667,4508.554764,0.3,2884241.4872931414,865272.4461879424,2018969.0411051991
2008-03-21,1045998.5670791408,1861592.2702910004,2907590.837370141,4037.83,5069.069558333333,4514.316655999999,0.3,2907590.837370141,872277.2512110423,2035313.5861590987
2008-03-24,1045998.5670791408,1799407.342551,2845405.9096301408,3857.091,5055.421025,4519.1628359999995,0.3,2845405.9096301408,853621.7728890422,1991784.1367410985
2008-03-25,1045998.5670791408,1820550.775305,2866549.342384141,3905.774,5042.401658333333,4524.369028000001,0.3,2866549.342384141,859964.8027152423,2006584.5396688986
2008-03-26,1045998.5670791408,1820203.896675,2866202.463754141,3914.37,5029.072283333333,4529.388856,0.3,2866202.463754141,859860.7391262422,2006341.7246278985
2008-03-27,1045998.5670791408,1733621.4514219998,2779620.0185011406,3748.92,5014.8581583333325,4533.6934519999995,0.3,2779620.0185011406,833886.0055503421,1945734.0129507985
2008-03-28,1045998.5670791408,1786127.5931969995,2832126.160276141,3918.156,5002.834283333334,4538.555688,0.3,2832126.160276141,849637.8480828423,1982488.3121932987
2008-03-31,1045998.5670791408,1722075.2865709995,2768073.85365014,3790.53,4989.191558333333,4542.87252,0.3,2768073.85365014,830422.156095042,1937651.6975550982
2008-04-01,1045998.5670791408,1586298.2518420003,2632296.818921141,3582.855,4972.541908333334,4546.338875999999,0.3,2632296.818921141,789689.0456763422,1842607.7732447986
2008-04-02,1045998.5670791408,1513608.263347,2559606.8304261407,3547.977,4954.998916666666,4549.474648,0.3,2559606.8304261407,767882.0491278422,1791724.7812982984
2008-04-03,1045998.5670791408,1542158.708402,2588157.2754811407,3650.698,4938.122008333333,4552.941347999999,0.3,2588157.2754811407,776447.1826443422,1811710.0928367986
2008-04-07,1045998.5670791408,1636334.404472,2682332.971551141,3845.822,4922.7892,4557.13404,0.3,2682332.971551141,804699.8914653423,1877633.0800857986
2008-04-08,1045998.5670791408,1671381.5182940008,2717380.0853731413,3891.059,4907.214041666667,4561.5650559999995,0.3,2717380.0853731413,815214.0256119424,1902166.059761199
2008-04-09,1045998.5670791408,1587989.8262780008,2633988.3933571414,3688.125,4890.1382416666665,4565.19042,0.3,2633988.3933571414,790196.5180071424,1843791.875349999
2008-04-10,1045998.5670791408,1629729.79625,2675728.3633291405,3754.715,4872.915475,4568.808852,0.3,2675728.3633291405,802718.5089987421,1873009.8543303984
2008-04-11,1045998.5670791408,1653793.0662029998,2699791.6332821404,3783.728,4855.469858333334,4572.391304,0.3,2699791.6332821404,809937.4899846421,1889854.143297498
2008-04-14,1045998.5670791408,1552410.6125750002,2598409.179654141,3536.327,4836.404941666667,4574.889327999999,0.3,2598409.179654141,779522.7538962422,1818886.4257578987
2008-04-15,1045998.5670791408,1582975.1879590005,2628973.7550381413,3583.299,4819.467874999999,4577.442343999999,0.3,2628973.7550381413,788692.1265114424,1840281.6285266988
2008-04-16,1045998.5670791408,1546231.9127030002,2592230.479782141,3494.016,4801.800841666667,4579.530376000001,0.3,2592230.479782141,777669.1439346422,1814561.3358474986
2008-04-17,1045998.5670791408,1494125.256598001,2540123.8236771417,3386.63,4784.4171166666665,4580.924208,0.3,2540123.8236771417,762037.1471031425,1778086.6765739992
2008-04-18,1045998.5670791408,1436162.0252919998,2482160.5923711406,3272.499,4765.520525,4581.687932,0.3,2482160.5923711406,744648.1777113421,1737512.4146597986
2008-04-21,1045998.5670791408,1434512.2133609997,2480510.7804401405,3267.554,4746.183358333333,4582.272872,0.3,2480510.7804401405,744153.2341320422,1736357.5463080984
2008-04-22,1045998.5670791408,1413042.404522,2459040.9716011407,3296.277,4729.204066666667,4582.752232,0.3,2459040.9716011407,737712.2914803422,1721328.6801207985
2008-04-23,1045998.5670791408,1478223.8930279992,2524222.46010714,3453.727,4713.0284,4583.890208000001,0.3,2524222.46010714,757266.7380321419,1766955.7220749978
2008-04-24,1045998.5670791408,1603698.2091800002,2649696.776259141,3774.504,4698.579625,4585.964232,0.3,2649696.776259141,794909.0328777423,1854787.7433813987
2008-04-25,1045998.5670791408,1618336.8122919996,2664335.37937114,3803.07,4683.637975,4588.042096,0.3,2664335.37937114,799300.613811342,1865034.765559798
2008-04-28,1045998.5670791408,1595745.6681440002,2641744.235223141,3729.154,4667.3097333333335,4589.740707999999,0.3,2641744.235223141,792523.2705669423,1849220.9646561989
2008-04-29,1045998.5670791408,1614989.6108640002,2660988.1779431407,3776.943,4652.073991666666,4592.247268,0.3,2660988.1779431407,798296.4533829422,1862691.7245601984
2008-04-30,1045998.5670791408,1676231.0712850003,2722229.638364141,3959.119,4639.4589,4594.926616,0.3,2722229.638364141,816668.8915092422,1905560.7468548985
2008-05-05,1045998.5670791408,1724091.4059019992,2770089.97298114,4055.779,4628.587849999999,4597.42446,0.3,2770089.97298114,831026.991894342,1939062.981086798
2008-05-06,2014356.6752974328,740703.4653689996,2755060.140666432,4010.888,4617.699008333333,4599.687228,0.3,2755060.140666432,826518.0421999296,1928542.0984665025
2008-05-07,2014356.6752974328,699635.5357289995,2713992.211026432,3821.319,4604.954758333333,4601.17938,0.3,2713992.211026432,814197.6633079295,1899794.5477185026
2008-05-08,2014356.6752974328,719645.876803,2734002.5521004326,3925.041,4595.216191666666,4602.90522,0.3,2734002.5521004326,820200.7656301297,1913801.7864703028
2008-05-09,2014356.6752974328,717226.0476510001,2731582.722948433,3878.924,4585.536183333333,4604.538824,0.3,2731582.722948433,819474.8168845299,1912107.9060639031
2008-05-12,2014356.6752974328,727058.2366699998,2741414.911967432,3904.92,4576.5917500000005,4605.923667999999,0.3,2741414.911967432,822424.4735902296,1918990.4383772025
2008-05-13,2014356.6752974328,719653.8122069995,2734010.487504432,3851.687,4567.528775000001,4606.586296,0.3,2734010.487504432,820203.1462513296,1913807.3412531023
2008-05-14,2014356.6752974328,744281.3612539996,2758638.036551432,3975.782,4557.7778916666675,4607.684316,0.3,2758638.036551432,827591.4109654296,1931046.6255860026
2008-05-15,2014356.6752974328,741226.7739579998,2755583.4492554325,3948.088,4548.336016666667,4608.578627999999,0.3,2755583.4492554325,826675.0347766298,1928908.4144788026
2008-05-16,2014356.6752974328,737184.330423,2751541.005720433,3936.121,4539.406508333333,4609.512664,0.3,2751541.005720433,825462.3017161299,1926078.704004303
2008-05-19,2014356.6752974328,736225.6272849998,2750582.3025824325,3914.072,4530.403641666667,4610.231272,0.3,2750582.3025824325,825174.6907747297,1925407.6118077028
2008-05-20,2014356.6752974328,691644.0612920001,2706000.7365894327,3710.818,4519.082275,4610.656,0.3,2706000.7365894327,811800.2209768298,1894200.515612603
2008-05-21,2014356.6752974328,708463.7267280002,2722820.402025433,3783.049,4508.96085,4610.987048000001,0.3,2722820.402025433,816846.1206076298,1905974.281417803
2008-05-22,2014356.6752974328,700817.4997289996,2715174.175026432,3711.444,4500.117741666666,4610.718404,0.3,2715174.175026432,814552.2525079296,1900621.9225185025
2008-05-23,2014356.6752974328,688148.9740239999,2702505.649321432,3675.147,4490.275958333334,4610.312476,0.3,2702505.649321432,810751.6947964296,1891753.9545250027
2008-05-26,2014356.6752974328,662513.1372360002,2676869.8125334326,3559.217,4479.935416666666,4609.223572,0.3,2676869.8125334326,803060.9437600297,1873808.8687734029
2008-05-27,2014356.6752974328,672006.2852430003,2686362.960540433,3576.197,4470.477458333333,4608.046404,0.3,2686362.960540433,805908.8881621299,1880454.072378303
2008-05-28,2014356.6752974328,690383.5692670001,2704740.2445644327,3676.23,4462.373116666667,4606.995543999999,0.3,2704740.2445644327,811422.0733693298,1893318.1711951029
2008-05-29,2014356.6752974328,674032.0921130003,2688388.767410433,3580.868,4451.8631,4605.640023999999,0.3,2688388.767410433,806516.6302231299,1881872.137187303
2008-05-30,2014356.6752974328,681517.2530870001,2695873.9283844326,3611.33,4442.479116666667,4604.144336,0.3,2695873.9283844326,808762.1785153297,1887111.7498691028
2008-06-02,2014356.6752974328,686018.2577379999,2700374.9330354324,3625.826,4432.92205,4602.357328000001,0.3,2700374.9330354324,810112.4799106297,1890262.4531248026
2008-06-03,2014356.6752974328,680489.4454780001,2694846.120775433,3614.111,4422.796191666666,4600.140616,0.3,2694846.120775433,808453.8362326298,1886392.284542803
2008-06-04,2014356.6752974328,670685.423247,2685042.098544433,3546.916,4410.970933333334,4598.782444,0.3,2685042.098544433,805512.6295633299,1879529.468981103
2008-06-05,2014356.6752974328,666688.693373,2681045.368670433,3512.138,4398.813291666666,4597.119188,0.3,2681045.368670433,804313.6106011298,1876731.758069303
2008-06-06,2014356.6752974328,661621.7120399998,2675978.387337432,3489.502,4385.881225,4595.86138,0.3,2675978.387337432,802793.5162012295,1873184.8711362022
2008-06-10,2014356.6752974328,603284.9816679996,2617641.656965432,3206.562,4369.822891666667,4594.641904,0.3,2617641.656965432,785292.4970896296,1832349.1598758027
2008-06-11,2014356.6752974328,585016.160625,2599372.8359224326,3140.299,4353.158716666667,4592.664568,0.3,2599372.8359224326,779811.8507767298,1819560.985145703
2008-06-12,2014356.6752974328,578763.5909800001,2593120.2662774324,3084.633,4336.552408333333,4590.292780000001,0.3,2593120.2662774324,777936.0798832297,1815184.1863942028
2008-06-13,2014356.6752974328,553887.4256450001,2568244.100942433,2979.117,4320.6759,4587.000032000001,0.3,2568244.100942433,770473.2302827298,1797770.870659703
2008-06-16,2014356.6752974328,544236.807681,2558593.4829784324,2952.242,4303.797483333334,4583.457531999999,0.3,2558593.4829784324,767578.0448935297,1791015.4380849027
2008-06-17,2014356.6752974328,512890.3245279999,2527246.9998254324,2842.676,4287.009041666666,4579.100788000001,0.3,2527246.9998254324,758174.0999476297,1769072.8998778027
2008-06-18,2014356.6752974328,542686.9445389998,2557043.6198364324,2991.273,4271.687075,4574.9214440000005,0.3,2557043.6198364324,767113.0859509297,1789930.5338855027
2008-06-19,2014356.6752974328,494668.75180100015,2509025.427098433,2773.076,4253.577,4569.540676,0.3,2509025.427098433,752707.6281295299,1756317.7989689033
2008-06-20,2014356.6752974328,505138.2595599999,2519494.9348574327,2849.668,4235.3476083333335,4564.636064,0.3,2519494.9348574327,755848.4804572298,1763646.454400203
2008-06-23,2014356.6752974328,493842.4033479999,2508199.0786454324,2789.941,4216.081683333333,4559.398303999999,0.3,2508199.0786454324,752459.7235936297,1755739.3550518027
2008-06-24,2014356.6752974328,508479.7485040001,2522836.423801433,2851.915,4196.4548583333335,4553.8956880000005,0.3,2522836.423801433,756850.9271404298,1765985.496661003
2008-06-25,2014356.6752974328,534900.4982900003,2549257.173587433,2969.537,4177.727558333334,4548.761836,0.3,2549257.173587433,764777.1520762299,1784480.0215112031
2008-06-26,2014356.6752974328,541288.5043869999,2555645.179684432,2980.907,4158.693233333333,4544.055068,0.3,2555645.179684432,766693.5539053297,1788951.6257791026
2008-06-27,2014356.6752974328,503790.46483400016,2518147.140131433,2816.021,4137.430658333334,4538.530032000001,0.3,2518147.140131433,755444.1420394299,1762702.9980920032
2008-06-30,2014356.6752974328,503403.6839370001,2517760.3592344327,2791.819,4116.210191666667,4533.491604000001,0.3,2517760.3592344327,755328.1077703298,1762432.2514641029
2008-07-01,2014356.6752974328,488246.485594,2502603.1608914323,2698.347,4093.8205583333333,4528.774632000001,0.3,2502603.1608914323,750780.9482674297,1751822.2126240027
2008-07-02,2014356.6752974328,494114.532817,2508471.2081144326,2699.597,4071.1335833333337,4523.860167999999,0.3,2508471.2081144326,752541.3624343298,1755929.8456801027
2008-07-03,2014356.6752974328,513625.7506259998,2527982.425923432,2760.612,4048.4415999999997,4518.740680000001,0.3,2527982.425923432,758394.7277770296,1769587.6981464026
2008-07-04,2014356.6752974328,512564.7797660001,2526921.4550634325,2741.852,4024.985425,4514.274,0.3,2526921.4550634325,758076.4365190297,1768845.018544403
2008-07-07,2014356.6752974328,543461.30118,2557817.9764774325,2882.763,4002.9413333333337,4510.74874,0.3,2557817.9764774325,767345.3929432298,1790472.5835342028
2008-07-08,2014356.6752974328,552901.4803859999,2567258.1556834327,2901.841,3980.342025,4507.325484,0.3,2567258.1556834327,770177.4467050298,1797080.708978403
2008-07-09,2014356.6752974328,572081.3176869999,2586437.9929844327,3015.126,3958.200125,4504.0570800000005,0.3,2586437.9929844327,775931.3978953297,1810506.595089103
2008-07-10,2014356.6752974328,562971.341683,2577328.0169804324,2973.728,3935.4882999999995,4500.977664,0.3,2577328.0169804324,773198.4050941297,1804129.6118863027
2008-07-11,2014356.6752974328,557751.0876590001,2572107.7629564325,2953.498,3912.3361416666667,4498.6419160000005,0.3,2572107.7629564325,771632.3288869298,1800475.4340695026
2008-07-14,2014356.6752974328,563874.2473510001,2578230.9226484327,2975.874,3889.664675,4495.704279999999,0.3,2578230.9226484327,773469.2767945298,1804761.645853903
2008-07-15,2014356.6752974328,547338.6284160002,2561695.3037134325,2852.979,3867.558525,4491.830988,0.3,2561695.3037134325,768508.5911140298,1793186.7125994028
2008-07-16,2014356.6752974328,518308.439633,2532665.1149304328,2745.596,3845.7249583333332,4487.7108880000005,0.3,2532665.1149304328,759799.5344791298,1772865.580451303
2008-07-17,2014356.6752974328,510132.961164,2524489.636461433,2718.068,3823.254958333333,4483.423664,0.3,2524489.636461433,757346.8909384299,1767142.7455230032
2008-07-18,2014356.6752974328,532442.1007589999,2546798.7760564326,2815.462,3803.8360249999996,4479.417828000001,0.3,2546798.7760564326,764039.6328169297,1782759.1432395028
2008-07-21,2014356.6752974328,555321.6802450002,2569678.3555424325,2911.051,3788.479216666667,4475.781536,0.3,2569678.3555424325,770903.5066627298,1798774.8488797029
2008-07-22,2014356.6752974328,558289.9838329998,2572646.6591304326,2904.743,3771.22615,4472.608644,0.3,2572646.6591304326,771793.9977391298,1800852.661391303
2008-07-23,2014356.6752974328,555318.491526,2569675.166823433,2883.32,3753.3603749999997,4468.983319999999,0.3,2569675.166823433,770902.5500470299,1798772.616776403
2008-07-24,2014356.6752974328,571844.0877249996,2586200.763022432,2977.362,3735.8598166666666,4465.662471999999,0.3,2586200.763022432,775860.2289067296,1810340.5341157024
2008-07-25,2014356.6752974328,564109.5392460001,2578466.214543433,2939.202,3720.9208083333338,4462.1912919999995,0.3,2578466.214543433,773539.8643630298,1804926.350180403
2008-07-28,2014356.6752974328,571557.99517,2585914.6704674326,2960.851,3705.9105416666666,4458.14716,0.3,2585914.6704674326,775774.4011402298,1810140.2693272028
2008-07-29,2014356.6752974328,562522.8193739994,2576879.494671432,2905.63,3690.868691666666,4453.142788000001,0.3,2576879.494671432,773063.8484014295,1803815.6462700022
2008-07-30,2014356.6752974328,560870.951507,2575227.626804433,2884.384,3676.4018833333334,4448.0349160000005,0.3,2575227.626804433,772568.2880413298,1802659.338763103
2008-07-31,2014356.6752974328,542584.7882990001,2556941.4635964325,2805.21,3661.679091666667,4442.233903999999,0.3,2556941.4635964325,767082.4390789297,1789859.0245175026
2008-08-01,1649639.6822376293,918156.055955,2567795.738192629,2840.788,3644.101291666667,4436.384316000001,0.3,2567795.738192629,770338.7214577887,1797457.0167348403
2008-08-04,1649639.6822376293,892560.5185640003,2542200.2008016296,2773.15,3626.1956333333333,4430.248344,0.3,2542200.2008016296,762660.0602404888,1779540.1405611406
2008-08-05,1649639.6822376293,871639.6393939999,2521279.321631629,2703.079,3608.5872583333335,4423.419472,0.3,2521279.321631629,756383.7964894887,1764895.5251421402
2008-08-06,1649639.6822376293,872137.0088029997,2521776.691040629,2721.693,3590.599266666666,4416.463988,0.3,2521776.691040629,756533.0073121887,1765243.6837284402
2008-08-07,1649639.6822376293,871952.3529659997,2521592.035203629,2720.442,3573.1586916666665,4410.183848,0.3,2521592.035203629,756477.6105610888,1765114.4246425405
2008-08-08,1649639.6822376293,824659.7390570001,2474299.4212946296,2591.462,3553.8292750000005,4402.8049280000005,0.3,2474299.4212946296,742289.8263883889,1732009.5949062407
2008-08-11,1649639.6822376293,773207.9353479998,2422847.617585629,2456.811,3532.4630916666665,4394.2386559999995,0.3,2422847.617585629,726854.2852756887,1695993.3323099404
2008-08-12,1649639.6822376293,765272.6987059998,2414912.380943629,2444.155,3511.9250749999997,4385.19934,0.3,2414912.380943629,724473.7142830887,1690438.6666605403
2008-08-13,1649639.6822376293,768931.1102189999,2418570.792456629,2444.672,3491.6637583333336,4376.079839999999,0.3,2418570.792456629,725571.2377369887,1692999.5547196404
2008-08-14,1649639.6822376293,772998.8941909999,2422638.576428629,2443.512,3472.8410166666663,4367.18154,0.3,2422638.576428629,726791.5729285887,1695847.0035000402
2008-08-15,1649639.6822376293,773741.6673479999,2423381.349585629,2447.615,3455.5729499999998,4357.862856000001,0.3,2423381.349585629,727014.4048756887,1696366.9447099403
2008-08-18,1649639.6822376293,734691.131895,2384330.8141326294,2313.402,3437.221858333333,4348.209732000001,0.3,2384330.8141326294,715299.2442397889,1669031.5698928405
2008-08-19,1649639.6822376293,738285.6924630002,2387925.3747006296,2348.472,3418.127725,4338.718852,0.3,2387925.3747006296,716377.6124101889,1671547.7622904407
2008-08-20,1649639.6822376293,794777.5458589998,2444417.228096629,2532.94,3400.718425,4329.668340000001,0.3,2444417.228096629,733325.1684289887,1711092.0596676404
2008-08-21,1649639.6822376293,769723.7509310001,2419363.433168629,2443.979,3382.130333333333,4320.249256,0.3,2419363.433168629,725809.0299505887,1693554.4032180405
2008-08-22,1649639.6822376293,753586.980866,2403226.6631036294,2404.928,3362.2485333333334,4310.9812,0.3,2403226.6631036294,720967.9989310888,1682258.6641725404
2008-08-25,1649639.6822376293,749900.4887650001,2399540.171002629,2400.548,3343.326866666667,4302.07706,0.3,2399540.171002629,719862.0513007888,1679678.1197018404
2008-08-26,1649639.6822376293,720843.4894400004,2370483.171677629,2331.532,3324.1836,4291.8614800000005,0.3,2370483.171677629,711144.9515032887,1659338.2201743403
2008-08-27,1649639.6822376293,718192.111296,2367831.7935336293,2325.292,3304.5191166666673,4281.271804,0.3,2367831.7935336293,710349.5380600888,1657482.2554735406
2008-08-28,1649639.6822376293,712544.2322549999,2362183.914492629,2335.865,3285.470616666667,4270.408512,0.3,2362183.914492629,708655.1743477887,1653528.7401448404
2008-08-29,1649639.6822376293,734064.6374469998,2383704.3196846293,2391.64,3268.4710416666667,4259.431352,0.3,2383704.3196846293,715111.2959053888,1668593.0237792404
2008-09-01,1649639.6822376293,715480.910934,2365120.593171629,2309.171,3250.7042666666666,4247.797712,0.3,2365120.593171629,709536.1779514888,1655584.4152201405
2008-09-02,1649639.6822376293,710671.804753,2360311.486990629,2285.411,3233.835625,4235.966768,0.3,2360311.486990629,708093.4460971887,1652218.0408934406
2008-09-03,1649639.6822376293,703356.838479,2352996.520716629,2245.964,3217.5606583333333,4223.943544,0.3,2352996.520716629,705898.9562149887,1647097.5645016404
2008-09-04,1649639.6822376293,704977.7233569998,2354617.405594629,2251.146,3201.6712833333336,4212.26084,0.3,2354617.405594629,706385.2216783887,1648232.18391624
2008-09-05,1649639.6822376293,680342.916359,2329982.598596629,2183.432,3186.8225583333333,4200.029656,0.3,2329982.598596629,698994.7795789888,1630987.8190176403
2008-09-08,1649639.6822376293,655167.0238320001,2304806.7060696296,2126.518,3173.1773083333333,4187.348476,0.3,2304806.7060696296,691442.0118208888,1613364.6942487408
2008-09-09,1649639.6822376293,661761.4271189999,2311401.109356629,2139.145,3158.5963416666664,4174.22838,0.3,2311401.109356629,693420.3328069887,1617980.7765496406
2008-09-10,1649639.6822376293,665041.400956,2314681.083193629,2143.176,3143.1075416666667,4161.359752,0.3,2314681.083193629,694404.3249580887,1620276.7582355402
2008-09-11,1649639.6822376293,653172.0077569999,2302811.689994629,2072.126,3126.726675,4148.1952519999995,0.3,2302811.689994629,690843.5069983887,1611968.1829962404
2008-09-12,1649639.6822376293,655673.9637799999,2305313.646017629,2077.846,3111.8996333333334,4134.858488,0.3,2305313.646017629,691594.0938052888,1613719.5522123403
2008-09-16,1649639.6822376293,643205.510692,2292845.192929629,2000.651,3096.0236083333334,4121.681912,0.3,2292845.192929629,687853.5578788886,1604991.63505074
2008-09-17,1649639.6822376293,625365.1556590002,2275004.837896629,1929.135,3079.479983333333,4107.889564,0.3,2275004.837896629,682501.4513689886,1592503.3865276403
2008-09-18,1649639.6822376293,606198.6780140002,2255838.3602516297,1895.99,3064.0389,4094.977156,0.3,2255838.3602516297,676751.5080754888,1579086.852176141
2008-09-19,1649639.6822376293,665367.484076,2315007.1663136296,2073.113,3048.663541666667,4082.458184,0.3,2315007.1663136296,694502.1498940889,1620505.0164195406
2008-09-22,1649639.6822376293,693166.6941180001,2342806.3763556294,2207.614,3035.472575,4069.8887600000003,0.3,2342806.3763556294,702841.9129066888,1639964.4634489408
2008-09-23,1649639.6822376293,658156.7917620002,2307796.4739996297,2123.478,3023.3111,4056.79356,0.3,2307796.4739996297,692338.9421998889,1615457.5317997409
2008-09-24,1649639.6822376293,663137.5112909998,2312777.193528629,2138.853,3011.5683999999997,4043.35334,0.3,2312777.193528629,693833.1580585886,1618944.0354700403
2008-09-25,1649639.6822376293,684012.062683,2333651.744920629,2223.532,2999.67535,4030.340112,0.3,2333651.744920629,700095.5234761887,1633556.2214444405
2008-09-26,1649639.6822376293,700450.5500360001,2350090.2322736294,2243.657,2986.3239750000002,4017.6376679999994,0.3,2350090.2322736294,705027.0696820888,1645063.1625915407
2008-10-06,1649639.6822376293,676094.2295070001,2325733.911744629,2128.696,2971.637616666667,4004.172792,0.3,2325733.911744629,697720.1735233887,1628013.7382212402
2008-10-07,1649639.6822376293,666280.5976160001,2315920.2798536294,2102.448,2958.4236416666668,3990.7101920000005,0.3,2315920.2798536294,694776.0839560888,1621144.1958975405
2008-10-08,1649639.6822376293,647671.8264289999,2297311.508666629,2022.881,2943.9916916666666,3976.7461359999998,0.3,2297311.508666629,689193.4525999887,1608118.0560666402
2008-10-09,1649639.6822376293,638383.524609,2288023.2068466293,1995.297,2929.0881,3962.908864,0.3,2288023.2068466293,686406.9620539887,1601616.2447926407
2008-10-10,1649639.6822376293,605628.3944300001,2255268.076667629,1906.96,2915.510041666667,3949.0926199999994,0.3,2255268.076667629,676580.4230002888,1578687.6536673405
2008-10-13,1649639.6822376293,616015.8348000001,2265655.517037629,1985.486,2902.194933333333,3935.323936,0.3,2265655.517037629,679696.6551112888,1585958.8619263405
2008-10-14,1649639.6822376293,596516.61174,2246156.2939776294,1934.619,2889.199958333333,3920.7391599999996,0.3,2246156.2939776294,673846.8881932888,1572309.4057843406
2008-10-15,1649639.6822376293,586325.7679800001,2235965.4502176293,1914.356,2876.9310083333335,3905.78404,0.3,2235965.4502176293,670789.6350652887,1565175.8151523406
2008-10-16,1649639.6822376293,549401.77847,2199041.460707629,1820.903,2864.834375,3890.363944,0.3,2199041.460707629,659712.4382122887,1539329.0224953406
2008-10-17,1649639.6822376293,555499.0363039998,2205138.718541629,1833.262,2852.8819416666665,3874.9539560000003,0.3,2205138.718541629,661541.6155624887,1543597.1029791404
2008-10-20,1649639.6822376293,572429.0103060001,2222068.6925436296,1896.733,2841.219075,3859.500576,0.3,2222068.6925436296,666620.6077630889,1555448.0847805408
2008-10-21,1649639.6822376293,570638.3306049999,2220278.012842629,1881.406,2828.1164,3844.077316,0.3,2220278.012842629,666083.4038527887,1554194.6089898404
2008-10-22,1649639.6822376293,562892.373292,2212532.0555296293,1833.323,2811.939891666667,3828.12482,0.3,2212532.0555296293,663759.6166588888,1548772.4388707406
2008-10-23,1649639.6822376293,569398.354236,2219038.036473629,1834.78,2795.5374749999996,3811.9551319999996,0.3,2219038.036473629,665711.4109420887,1553326.6255315403
2008-10-24,1649639.6822376293,562279.952038,2211919.634275629,1781.598,2779.3078416666667,3795.7850559999997,0.3,2211919.634275629,663575.8902826888,1548343.7439929405
2008-10-27,1649639.6822376293,525930.5839669999,2175570.266204629,1654.671,2761.6222416666665,3779.940752,0.3,2175570.266204629,652671.0798613887,1522899.1863432406
2008-10-28,1649639.6822376293,537685.7149669998,2187325.397204629,1705.82,2742.8447499999997,3764.307792,0.3,2187325.397204629,656197.6191613887,1531127.7780432403
2008-10-29,1649639.6822376293,522304.569398,2171944.251635629,1658.223,2722.865116666667,3749.0499760000002,0.3,2171944.251635629,651583.2754906887,1520360.9761449406
2008-10-30,1649639.6822376293,526064.398797,2175704.081034629,1697.656,2703.5881833333333,3733.6802399999997,0.3,2175704.081034629,652711.2243103887,1522992.8567242404
2008-10-31,1649639.6822376293,515972.78656200005,2165612.468799629,1663.66,2685.6076916666666,3717.982824,0.3,2165612.468799629,649683.7406398886,1515928.72815974
2008-11-03,1580767.9843623645,568038.2857329999,2148806.270095364,1653.542,2666.6785333333332,3703.261824,0.3,2148806.270095364,644641.8810286092,1504164.3890667548
2008-11-04,1580767.9843623645,555053.5667479999,2135821.551110364,1627.759,2647.9188249999997,3688.1936319999995,0.3,2135821.551110364,640746.4653331091,1495075.0857772548
2008-11-05,1580767.9843623645,576425.873631,2157193.8579933643,1691.42,2629.472991666667,3672.925884,0.3,2157193.8579933643,647158.1573980093,1510035.7005953551
2008-11-06,1580767.9843623645,567205.8483639999,2147973.832726364,1649.776,2611.1237333333333,3657.140716,0.3,2147973.832726364,644392.1498179092,1503581.682908455
2008-11-07,1580767.9843623645,575394.9526970001,2156162.9370593643,1677.827,2591.974108333334,3641.097852,0.3,2156162.9370593643,646848.8811178092,1509314.0559415552
2008-11-10,1580767.9843623645,621877.9041759997,2202645.888538364,1801.665,2574.08725,3625.8835839999997,0.3,2202645.888538364,660793.7665615091,1541852.1219768547
2008-11-11,1580767.9843623645,621488.6211109996,2202256.605473364,1781.361,2556.1309166666665,3611.117308,0.3,2202256.605473364,660676.9816420091,1541579.6238313545
2008-11-12,1580767.9843623645,638262.6002929999,2219030.584655364,1801.823,2538.5288416666667,3596.8833799999998,0.3,2219030.584655364,665709.1753966092,1553321.409258755
2008-11-13,1580767.9843623645,667421.2916950001,2248189.2760573644,1874.082,2523.2227083333337,3583.109512,0.3,2248189.2760573644,674456.7828172093,1573732.4932401553
2008-11-14,1580767.9843623645,706853.683799,2287621.6681613643,1943.654,2507.894416666667,3569.4816119999996,0.3,2287621.6681613643,686286.5004484092,1601335.167712955
2008-11-17,1580767.9843623645,740760.4897520001,2321528.4741143645,1987.225,2493.5259250000004,3557.0558359999995,0.3,2321528.4741143645,696458.5422343094,1625069.931880055
2008-11-18,1580767.9843623645,688123.5537449999,2268891.5381073644,1839.819,2478.231525,3544.253012,0.3,2268891.5381073644,680667.4614322094,1588224.0766751552
2008-11-19,1580767.9843623645,736265.1938999997,2317033.178262364,1953.163,2464.8477416666665,3532.1526559999998,0.3,2317033.178262364,695109.9534787092,1621923.2247836548
2008-11-20,1580767.9843623645,730644.5536400003,2311412.5380023643,1932.428,2451.1496666666667,3520.125392,0.3,2311412.5380023643,693423.7614007093,1617988.776601655
2008-11-21,1580767.9843623645,723830.6744390002,2304598.6588013647,1920.735,2436.5205416666663,3507.22478,0.3,2304598.6588013647,691379.5976404094,1613219.0611609553
2008-11-24,1580767.9843623645,691776.7257660002,2272544.7101283646,1837.642,2421.9936583333333,3494.2508959999996,0.3,2272544.7101283646,681763.4130385093,1590781.2970898552
2008-11-25,1580767.9843623645,690500.6198499997,2271268.604212364,1834.294,2407.185025,3481.5574239999996,0.3,2271268.604212364,681380.5812637092,1589888.0229486548
2008-11-26,1580767.9843623645,693618.0540100003,2274386.038372365,1843.495,2392.332266666667,3468.95374,0.3,2274386.038372365,682315.8115117095,1592070.2268606555
2008-11-27,1580767.9843623645,709213.4998489999,2289981.4842113643,1870.473,2377.80195,3456.1581039999996,0.3,2289981.4842113643,686994.4452634093,1602987.038947955
2008-11-28,1580767.9843623645,694785.6734079997,2275553.657770364,1829.924,2363.4936833333336,3443.4873199999997,0.3,2275553.657770364,682666.0973311092,1592887.5604392549
2008-12-01,1580767.9843623645,722587.014434,2303354.9987963643,1864.205,2349.760908333333,3431.853672,0.3,2303354.9987963643,691006.4996389092,1612348.499157455
2008-12-02,1580767.9843623645,730070.597567,2310838.581929364,1868.631,2336.2536499999997,3419.9035519999998,0.3,2310838.581929364,693251.5745788091,1617587.0073505547
2008-12-03,1580767.9843623645,761683.0711089999,2342451.0554713644,1952.668,2325.8045333333334,3408.5138960000004,0.3,2342451.0554713644,702735.3166414093,1639715.738829955
2008-12-04,1580767.9843623645,771350.9956820002,2352118.9800443645,1982.928,2316.159775,3397.601,0.3,2352118.9800443645,705635.6940133093,1646483.2860310553
2008-12-05,1580767.9843623645,788202.8028179999,2368970.787180364,2013.175,2307.230958333333,3387.058696,0.3,2368970.787180364,710691.2361541092,1658279.551026255
2008-12-08,1580767.9843623645,824157.0532689998,2404925.037631364,2095.036,2299.863616666667,3376.07056,0.3,2404925.037631364,721477.5112894092,1683447.5263419547
2008-12-09,1580767.9843623645,811682.1313960002,2392450.115758365,2040.847,2292.2686583333334,3365.2843159999998,0.3,2392450.115758365,717735.0347275095,1674715.0810308554
2008-12-10,1580767.9843623645,832311.8641310005,2413079.8484933646,2096.393,2286.0496333333335,3354.5791919999997,0.3,2413079.8484933646,723923.9545480093,1689155.8939453554
2008-12-11,1580767.9843623645,808285.372829,2389053.3571913643,2046.337,2278.175166666667,3343.447684,0.3,2389053.3571913643,716716.0071574092,1672337.3500339552
2008-12-12,1580767.9843623645,767882.8702230002,2348650.8545853645,1960.38,2271.4027,3331.425416,0.3,2348650.8545853645,704595.2563756093,1644055.598209755
2008-12-15,1580767.9843623645,777078.2590279998,2357846.243390364,1975.034,2264.1140833333334,3319.441332,0.3,2357846.243390364,707353.8730171092,1650492.3703732549
2008-12-16,1580767.9843623645,795336.3127759998,2376104.297138364,1994.45,2257.4849916666667,3307.2537319999997,0.3,2376104.297138364,712831.2891415092,1663273.0079968548
2008-12-17,1580767.9843623645,805699.0799989997,2386467.064361364,2001.42,2250.3975333333333,3294.7251640000004,0.3,2386467.064361364,715940.1193084092,1670526.9450529548
2008-12-18,1580767.9843623645,823754.4841249998,2404522.468487364,2045.102,2242.693908333333,3282.345572,0.3,2404522.468487364,721356.7405462092,1683165.7279411545
2008-12-19,1580767.9843623645,830374.6474390001,2411142.6318013645,2052.114,2234.953966666667,3270.2444680000003,0.3,2411142.6318013645,723342.7895404093,1687799.8422609551
2008-12-22,1580767.9843623645,822329.0519800001,2403097.0363423643,2017.549,2228.3000333333334,3258.777472,0.3,2403097.0363423643,720929.1109027093,1682167.9254396548
2008-12-23,1580767.9843623645,769341.1671909996,2350109.151553364,1918.955,2221.026166666667,3246.542684,0.3,2350109.151553364,705032.7454660091,1645076.4060873548
2008-12-24,1580767.9843623645,753350.1619190001,2334118.1462813644,1887.075,2214.265566666667,3234.661828,0.3,2334118.1462813644,700235.4438844093,1633882.702396955
2008-12-25,1580767.9843623645,750377.2545030001,2331145.2388653643,1870.765,2207.358633333333,3222.8252519999996,0.3,2331145.2388653643,699343.5716596093,1631801.6672057551
2008-12-26,1580767.9843623645,741601.8639160004,2322369.8482783646,1862.096,2199.871,3210.488496,0.3,2322369.8482783646,696710.9544835094,1625658.893794855
2008-12-29,1580767.9843623645,742450.3488229997,2323218.333185364,1854.757,2192.4785416666664,3197.7587439999998,0.3,2323218.333185364,696965.4999556092,1626252.8332297548
2008-12-30,1580767.9843623645,737875.2497489997,2318643.234111364,1833.435,2183.734141666667,3184.685076,0.3,2318643.234111364,695592.9702334092,1623050.2638779548
2008-12-31,1580767.9843623645,727304.421263,2308072.4056253643,1817.722,2174.6998166666663,3171.127428,0.3,2308072.4056253643,692421.7216876092,1615650.683937755
2009-01-05,1580767.9843623645,762468.7717899999,2343236.7561523644,1882.959,2165.2650916666666,3157.792012,0.3,2343236.7561523644,702971.0268457093,1640265.729306655
2009-01-06,1580767.9843623645,792857.9052289999,2373625.889591364,1942.795,2156.673983333333,3144.503088,0.3,2373625.889591364,712087.7668774092,1661538.1227139551
2009-01-07,1580767.9843623645,793930.0969019998,2374698.081264364,1931.178,2148.15465,3130.75768,0.3,2374698.081264364,712409.4243793092,1662288.656885055
2009-01-08,1580767.9843623645,776705.3588910002,2357473.3432533643,1887.991,2139.0889583333333,3116.956544,0.3,2357473.3432533643,707242.0029760093,1650231.3402773552
2009-01-09,1580767.9843623645,795980.3380609998,2376748.322423364,1918.365,2131.3005083333333,3103.0895920000003,0.3,2376748.322423364,713024.4967270092,1663723.8256963547
2009-01-12,1580767.9843623645,803299.7678549996,2384067.752217364,1920.687,2124.426266666667,3089.0842039999998,0.3,2384067.752217364,715220.3256652092,1668847.4265521548
2009-01-13,1580767.9843623645,784566.1848219997,2365334.169184364,1876.185,2117.410575,3074.654344,0.3,2365334.169184364,709600.2507553091,1655733.9184290548
2009-01-14,1580767.9843623645,820599.9854380003,2401367.9698003647,1955.244,2110.2420916666665,3060.248948,0.3,2401367.9698003647,720410.3909401094,1680957.5788602554
2009-01-15,1580767.9843623645,830130.894189,2410898.8785513644,1954.874,2102.2739500000002,3045.956228,0.3,2410898.8785513644,723269.6635654093,1687629.214985955
2009-01-16,1580767.9843623645,838532.1420589997,2419300.126421364,1990.214,2094.652875,3031.462052,0.3,2419300.126421364,725790.0379264092,1693510.0884949549
2009-01-19,1580767.9843623645,841264.3240999995,2422032.308462364,2012.465,2087.39575,3016.823296,0.3,2422032.308462364,726609.6925387093,1695422.6159236548
2009-01-20,1580767.9843623645,848810.5173609996,2429578.501723364,2025.19,2079.4609833333334,3002.1274679999997,0.3,2429578.501723364,728873.5505170092,1700704.951206355
2009-01-21,1580767.9843623645,853429.0955859999,2434197.0799483643,2021.71,2071.815216666667,2987.28728,0.3,2434197.0799483643,730259.1239845093,1703937.9559638551
2009-01-22,1580767.9843623645,872913.7679130001,2453681.7522753645,2044.551,2064.1793833333336,2972.679684,0.3,2453681.7522753645,736104.5256826093,1717577.2265927552
2009-01-23,1580767.9843623645,866418.4243039996,2447186.408666364,2032.682,2056.9048166666666,2958.787544,0.3,2447186.408666364,734155.9225999091,1713030.4860664548
2009-02-02,1580767.9843623645,885240.6060389999,2466008.590401364,2057.063,2050.010475,2945.5533000000005,0.6,2466008.590401364,1479605.1542408185,986403.4361605456
2009-02-03,1275303.7761579049,1226724.558168,2502028.334325905,2108.91,2044.2079750000003,2932.331068,0.6,2502028.334325905,1501217.0005955428,1000811.3337303621
2009-02-04,1275303.7761579049,1246868.311856,2522172.088013905,2166.414,2038.5881916666667,2920.4137880000003,0.6,2522172.088013905,1513303.252808343,1008868.8352055622
2009-02-05,1275303.7761579049,1226715.969892,2502019.746049905,2150.971,2033.4033666666664,2910.0022,0.6,2502019.746049905,1501211.8476299432,1000807.898419962
2009-02-06,1275303.7761579049,1301831.0961039998,2577134.8722619046,2237.28,2029.5217083333332,2899.0508760000002,0.6,2577134.8722619046,1546280.9233571428,1030853.9489047618
2009-02-09,1275303.7761579049,1370546.336075,2645850.112232905,2296.672,2025.9798666666668,2888.1287119999997,0.6,2645850.112232905,1587510.0673397428,1058340.044893162
2009-02-10,1275303.7761579049,1407588.8678329997,2682892.643990905,2326.755,2022.699141666667,2877.126016,0.6,2682892.643990905,1609735.586394543,1073157.057596362
2009-02-11,1275303.7761579049,1416431.732124,2691735.5082819047,2331.138,2020.529775,2867.5230360000005,0.6,2691735.5082819047,1615041.304969143,1076694.2033127618
2009-02-12,1275303.7761579049,1474377.795107,2749681.571264905,2318.343,2019.3758750000002,2857.7480760000003,0.6,2749681.571264905,1649808.942758943,1099872.628505962
2009-02-13,1275303.7761579049,1512448.523531,2787752.299688905,2399.065,2019.0001249999998,2848.501728,0.6,2787752.299688905,1672651.379813343,1115100.919875562
2009-02-16,1275303.7761579049,1521166.063927,2796469.840084905,2462.245,2019.1465666666668,2839.869104,0.6,2796469.840084905,1677881.9040509427,1118587.936033962
2009-02-17,1275303.7761579049,1446048.9075269997,2721352.6836849046,2385.293,2018.6614083333332,2831.1224960000004,0.6,2721352.6836849046,1632811.6102109428,1088541.0734739618
2009-02-18,1275303.7761579049,1407841.374399,2683145.150556905,2275.843,2017.229975,2820.425372,0.6,2683145.150556905,1609887.090334143,1073258.0602227622
2009-02-19,1275303.7761579049,1430804.164973,2706107.941130905,2298.412,2017.1050583333333,2809.9317040000005,0.6,2706107.941130905,1623664.764678543,1082443.176452362
2009-02-20,1275303.7761579049,1503151.880546,2778455.6567039047,2344.32,2017.0704583333331,2800.044648,0.6,2778455.6567039047,1667073.3940223427,1111382.262681562
2009-02-23,1275303.7761579049,1527446.6406019998,2802750.4167599045,2410.481,2016.0499666666665,2790.1655640000004,0.6,2802750.4167599045,1681650.2500559427,1121100.1667039618
2009-02-24,1275303.7761579049,1530034.442113,2805338.218270905,2301.849,2014.8655499999998,2780.119716,0.6,2805338.218270905,1683202.9309625428,1122135.287308362
2009-02-25,1275303.7761579049,1483227.9262240003,2758531.702381905,2304.251,2014.026575,2769.692752,0.6,2758531.702381905,1655119.0214291431,1103412.680952762
2009-02-26,1275303.7761579049,1368868.9212540002,2644172.697411905,2190.185,2012.2735500000001,2758.37048,0.6,2644172.697411905,1586503.618447143,1057669.0789647622
2009-02-27,1275303.7761579049,1320069.7426110003,2595373.518768905,2140.489,2010.681525,2747.297568,0.6,2595373.518768905,1557224.1112613431,1038149.4075075621
2009-03-02,1275303.7761579049,1335868.776116,2611172.552273905,2164.666,2009.342975,2736.452112,0.6,2611172.552273905,1566703.531364343,1044469.020909562
2009-03-03,1275303.7761579049,1329448.40047,2604752.176627905,2142.154,2007.728716666667,2726.211764,0.6,2604752.176627905,1562851.305976743,1041900.870651162
2009-03-04,1275303.7761579049,1407691.9824529998,2682995.7586109047,2285.149,2006.8412916666668,2717.273228,0.6,2682995.7586109047,1609797.4551665427,1073198.303444362
2009-03-05,1275303.7761579049,1446795.217235,2722098.9933929048,2304.919,2006.8058583333334,2708.430772,0.6,2722098.9933929048,1633259.3960357427,1088839.597357162
2009-03-06,1275303.7761579049,1423633.8326020003,2698937.608759905,2286.576,2006.8155666666669,2699.018004,0.6,2698937.608759905,1619362.565255943,1079575.0435039622
2009-03-09,1275303.7761579049,1333003.3376449998,2608307.1138029047,2202.527,2006.4535916666669,2689.3398880000004,0.6,2608307.1138029047,1564984.2682817427,1043322.845521162
2009-03-10,1275303.7761579049,1367394.5443689998,2642698.3205269044,2240.782,2006.3672249999997,2679.604816,0.6,2642698.3205269044,1585618.9923161427,1057079.3282107618
2009-03-11,1275303.7761579049,1359227.760561,2634531.536718905,2220.38,2006.675125,2669.3233600000003,0.6,2634531.536718905,1580718.922031343,1053812.614687562
2009-03-12,1275303.7761579049,1374138.7957990002,2649442.571956905,2215.7,2007.4183083333335,2659.501568,0.6,2649442.571956905,1589665.543174143,1059777.0287827621
2009-03-13,1275303.7761579049,1359406.939101,2634710.7152589047,2205.422,2007.9706166666665,2649.8083600000004,0.6,2634710.7152589047,1580826.4291553427,1053884.286103562
2009-03-16,1275303.7761579049,1372433.323797,2647737.099954905,2241.614,2008.7909333333334,2640.034696,0.6,2647737.099954905,1588642.259972943,1059094.839981962
2009-03-17,1275303.7761579049,1431695.9738419994,2706999.749999904,2322.403,2010.8765749999998,2630.837568,0.6,2706999.749999904,1624199.8499999424,1082799.8999999617
2009-03-18,1275303.7761579049,1458226.650823,2733530.426980905,2332.652,2012.9999583333333,2622.4418200000005,0.6,2733530.426980905,1640118.2561885428,1093412.170792362
2009-03-19,1275303.7761579049,1492380.815246,2767684.591403905,2382.564,2016.1825666666666,2614.2073400000004,0.6,2767684.591403905,1660610.7548423428,1107073.836561562
2009-03-20,1275303.7761579049,1493911.568061,2769215.344218905,2379.838,2019.938425,2606.4881,0.6,2769215.344218905,1661529.206531343,1107686.137687562
2009-03-23,1275303.7761579049,1543105.5562229997,2818409.332380905,2439.395,2024.4668,2599.44984,0.6,2818409.332380905,1691045.599428543,1127363.732952362
2009-03-24,1275303.7761579049,1555240.649478,2830544.425635905,2451.783,2027.6223833333336,2592.6254879999997,0.6,2830544.425635905,1698326.6553815429,1132217.7702543621
2009-03-25,1275303.7761579049,1500773.1051859998,2776076.881343905,2401.327,2029.2366583333335,2586.3696800000002,0.6,2776076.881343905,1665646.1288063428,1110430.752537562
2009-03-26,1275303.7761579049,1541232.7529530006,2816536.5291109057,2479.789,2032.2059166666666,2581.233044,0.6,2816536.5291109057,1689921.9174665434,1126614.6116443623
2009-03-27,1275303.7761579049,1546242.7964219998,2821546.5725799045,2498.931,2035.2065666666667,2575.673324,0.6,2821546.5725799045,1692927.9435479427,1128618.6290319618
2009-03-30,1275303.7761579049,1553191.898609,2828495.6747669047,2484.487,2037.3811916666666,2569.6039439999995,0.6,2828495.6747669047,1697097.4048601429,1131398.2699067618
2009-03-31,1275303.7761579049,1564647.5819980006,2839951.3581559053,2507.789,2039.5822916666666,2563.4837799999996,0.6,2839951.3581559053,1703970.814893543,1135980.5432623622
2009-04-01,1275303.7761579049,1586985.4917440005,2862289.2679019053,2548.222,2043.0783416666666,2558.248304,0.6,2862289.2679019053,1717373.560741143,1144915.7071607623
2009-04-02,1275303.7761579049,1625078.4558329992,2900382.231990904,2576.4,2047.0279416666667,2552.930808,1.0,2900382.231990904,2900382.231990904,0.0
2009-04-03,1275303.7761579049,1652951.6489189996,2928255.4250769047,2570.503,2051.5914583333333,2547.55534,1.0,2928255.4250769047,2928255.4250769047,0.0
2009-04-07,1275303.7761579049,1652765.3206079998,2928069.0967659047,2576.95,2056.4385666666667,2542.86746,1.0,2928069.0967659047,2928069.0967659047,0.0
2009-04-08,1275303.7761579049,1586047.62471,2861351.400867905,2479.348,2061.2084666666665,2537.112228,0.6,2861351.400867905,1716810.840520743,1144540.560347162
2009-04-09,1275303.7761579049,1624981.039818,2900284.815975905,2517.669,2065.643325,2532.020784,0.6,2900284.815975905,1740170.889585543,1160113.926390362
2009-04-10,1275303.7761579049,1670348.5000629998,2945652.2762209047,2595.53,2071.150916666667,2528.071484,1.0,2945652.2762209047,2945652.2762209047,0.0
2009-04-13,1275303.7761579049,1704399.665441,2979703.4415989053,2656.518,2077.3356,2524.505648,1.0,2979703.4415989053,2979703.4415989053,0.0
2009-04-14,1275303.7761579049,1719375.2391999995,2994679.0153579046,2676.872,2084.468675,2520.610344,1.0,2994679.0153579046,2994679.0153579046,0.0
2009-04-15,1275303.7761579049,1726494.7817739998,3001798.5579319047,2686.99,2091.583075,2515.9750160000003,1.0,3001798.5579319047,3001798.5579319047,0.0
2009-04-16,1275303.7761579049,1739382.0878240005,3014685.8639819054,2687.106,2098.169516666667,2511.159204,1.0,3014685.8639819054,3014685.8639819054,0.0
2009-04-17,1275303.7761579049,1685653.4703689998,2960957.2465269044,2650.691,2104.580225,2507.0094679999997,1.0,2960957.2465269044,2960957.2465269044,0.0
2009-04-20,1275303.7761579049,1715626.7160490002,2990930.492206905,2707.667,2111.8664249999997,2502.821276,1.0,2990930.492206905,2990930.492206905,0.0
2009-04-21,1275303.7761579049,1718400.3443400003,2993704.120497905,2675.442,2118.8719416666668,2498.388132,1.0,2993704.120497905,2993704.120497905,0.0
2009-04-22,1275303.7761579049,1622153.9067879997,2897457.6829459043,2576.281,2125.4943,2494.547948,1.0,2897457.6829459043,2897457.6829459043,0.0
2009-04-23,1275303.7761579049,1620891.8257779996,2896195.6019359045,2593.564,2133.3184083333335,2490.589008,1.0,2896195.6019359045,2896195.6019359045,0.0
2009-04-24,1275303.7761579049,1596299.8636909996,2871603.6398489047,2572.888,2140.543975,2486.904496,1.0,2871603.6398489047,2871603.6398489047,0.0
2009-04-27,1275303.7761579049,1534250.345897,2809554.1220549047,2513.292,2147.66955,2483.411144,1.0,2809554.1220549047,2809554.1220549047,0.0
2009-04-28,1275303.7761579049,1556243.6522219996,2831547.4283799045,2518.531,2154.510175,2480.3952719999997,1.0,2831547.4283799045,2831547.4283799045,0.0
2009-04-29,1275303.7761579049,1590996.2096400005,2866299.9857979054,2605.37,2162.3577583333335,2477.7465359999997,1.0,2866299.9857979054,2866299.9857979054,0.0
2009-04-30,1275303.7761579049,1606541.014373,2881844.790530905,2622.926,2170.4359583333335,2475.0531319999996,1.0,2881844.790530905,2881844.790530905,0.0
2009-05-04,1275303.7761579049,1662934.5661419998,2938238.3422999047,2714.301,2179.490475,2472.095428,1.0,2938238.3422999047,2938238.3422999047,0.0
2009-05-05,1158216.7525434364,1818558.811665,2976775.5642084363,2727.014,2188.120425,2467.905468,1.0,2976775.5642084363,2976775.5642084363,0.0
2009-05-06,1158216.7525434364,1847317.307056,3005534.0595994364,2764.979,2197.413783333333,2463.753104,1.0,3005534.0595994364,3005534.0595994364,0.0
2009-05-07,1158216.7525434364,1827029.1931969991,2985245.9457404357,2767.076,2206.490858333333,2459.904792,1.0,2985245.9457404357,2985245.9457404357,0.0
2009-05-08,1158216.7525434364,1847327.6799900003,3005544.4325334365,2789.219,2214.7204750000005,2455.953896,1.0,3005544.4325334365,3005544.4325334365,0.0
2009-05-11,1158216.7525434364,1788945.1919189997,2947161.9444624363,2725.316,2222.586766666667,2451.0186839999997,1.0,2947161.9444624363,2947161.9444624363,0.0
2009-05-12,1158216.7525434364,1834029.2256540004,2992245.978197437,2788.562,2230.8095916666666,2445.9498160000003,1.0,2992245.978197437,2992245.978197437,0.0
2009-05-13,1158216.7525434364,1845291.452824,3003508.2053674366,2814.005,2238.6422833333336,2441.162284,1.0,3003508.2053674366,3003508.2053674366,0.0
2009-05-14,1158216.7525434364,1849309.250512,3007526.003055436,2792.597,2245.716808333333,2437.047396,1.0,3007526.003055436,3007526.003055436,0.0
2009-05-15,1158216.7525434364,1855601.4263520008,3013818.178895437,2796.116,2252.4575666666665,2432.531696,1.0,3013818.178895437,3013818.178895437,0.0
2009-05-18,1158216.7525434364,1864558.6735610005,3022775.4261044366,2810.573,2260.5471833333336,2428.258292,1.0,3022775.4261044366,3022775.4261044366,0.0
2009-05-19,1158216.7525434364,1890672.034353,3048888.786896436,2840.084,2267.9381916666666,2423.9989480000004,1.0,3048888.786896436,3048888.786896436,0.0
2009-05-20,1158216.7525434364,1889689.792613,3047906.545156436,2812.865,2275.2751666666663,2419.84366,1.0,3047906.545156436,3047906.545156436,0.0
2009-05-21,1158216.7525434364,1857342.14346,3015558.8960034363,2750.01,2282.1857916666663,2414.940572,1.0,3015558.8960034363,3015558.8960034363,0.0
2009-05-22,1158216.7525434364,1860324.766507999,3018541.5190514354,2740.677,2289.7110833333336,2410.1109280000005,1.0,3018541.5190514354,3018541.5190514354,0.0
2009-05-25,1158216.7525434364,1870899.929219,3029116.6817624364,2752.716,2297.3646,2405.3773079999996,1.0,3029116.6817624364,3029116.6817624364,0.0
2009-05-26,1158216.7525434364,1867106.5000870004,3025323.252630437,2719.764,2304.6668416666666,2400.600076,1.0,3025323.252630437,3025323.252630437,0.0
2009-05-27,1158216.7525434364,1870076.1241590008,3028292.876702437,2759.712,2312.077166666667,2396.795652,1.0,3028292.876702437,3028292.876702437,0.0
2009-06-01,1158216.7525434364,1896114.826009,3054331.578552436,2858.342,2320.647316666667,2393.096824,1.0,3054331.578552436,3054331.578552436,0.0
2009-06-02,1158216.7525434364,1908796.516664,3067013.269207436,2865.099,2328.9881,2389.7114439999996,1.0,3067013.269207436,3067013.269207436,0.0
2009-06-03,1158216.7525434364,1927643.7541630005,3085860.5067064366,2939.387,2337.9110666666666,2386.7684039999995,1.0,3085860.5067064366,3085860.5067064366,0.0
2009-06-04,1158216.7525434364,1915072.525619,3073289.278162437,2953.751,2346.2534250000003,2384.34654,1.0,3073289.278162437,3073289.278162437,0.0
2009-06-05,1158216.7525434364,1925650.3503250005,3083867.102868437,2939.306,2354.2232416666666,2381.7989759999996,1.0,3083867.102868437,3083867.102868437,0.0
2009-06-08,1158216.7525434364,1921655.6979390008,3079872.4504824374,2948.478,2362.0174333333334,2378.887968,1.0,3079872.4504824374,3079872.4504824374,0.0
2009-06-09,1158216.7525434364,1940735.332463,3098952.0850064363,2960.556,2369.2301,2376.40672,1.0,3098952.0850064363,3098952.0850064363,0.0
2009-06-10,1158216.7525434364,1955519.2478470004,3113736.0003904365,2989.595,2377.136333333334,2373.91978,1.0,3113736.0003904365,3113736.0003904365,0.0
2009-06-11,1158216.7525434364,1945736.1863720005,3103952.9389154366,2961.629,2384.346633333333,2371.262992,1.0,3103952.9389154366,3103952.9389154366,0.0
2009-06-12,1158216.7525434364,1907450.948055,3065667.7005984364,2906.286,2391.512875,2368.4316919999997,1.0,3065667.7005984364,3065667.7005984364,0.0
2009-06-15,1158216.7525434364,1933218.6778890004,3091435.430432437,2966.192,2399.8946416666663,2366.108796,1.0,3091435.430432437,3091435.430432437,0.0
2009-06-16,1158216.7525434364,1924353.922379,3082570.6749224365,2961.22,2408.1128583333334,2363.905124,1.0,3082570.6749224365,3082570.6749224365,0.0
2009-06-17,1158216.7525434364,1956504.877413001,3114721.6299564373,3010.588,2416.5806749999997,2361.9894679999998,1.0,3114721.6299564373,3114721.6299564373,0.0
2009-06-18,1158216.7525434364,1959871.239421,3118087.9919644366,3057.428,2425.380741666667,2361.392932,1.0,3118087.9919644366,3118087.9919644366,0.0
2009-06-19,1158216.7525434364,1956066.639418,3114283.3919614363,3080.001,2434.0049,2361.15174,1.0,3114283.3919614363,3114283.3919614363,0.0
2009-06-22,1158216.7525434364,1943158.8902040003,3101375.6427474367,3082.563,2442.591975,2361.14346,1.0,3101375.6427474367,3101375.6427474367,0.0
2009-06-23,1158216.7525434364,1939201.5942420005,3097418.346785437,3083.895,2451.4781916666666,2361.562572,1.0,3097418.346785437,3097418.346785437,0.0
2009-06-24,1158216.7525434364,1956047.9842060008,3114264.736749437,3120.73,2461.492983333333,2362.236524,1.0,3114264.736749437,3114264.736749437,0.0
2009-06-25,1158216.7525434364,1957251.002844,3115467.7553874366,3117.921,2471.7500333333332,2363.337504,1.0,3115467.7553874366,3115467.7553874366,0.0
2009-06-26,1158216.7525434364,1970319.0016010003,3128535.7541444367,3128.421,2482.2304999999997,2363.8860959999997,1.0,3128535.7541444367,3128535.7541444367,0.0
2009-06-29,1158216.7525434364,1986635.511153,3144852.2636964363,3179.972,2493.2128,2365.5136799999996,1.0,3144852.2636964363,3144852.2636964363,0.0
2009-06-30,1158216.7525434364,1969751.7750379995,3127968.527581436,3166.474,2504.1437749999996,2366.780904,1.0,3127968.527581436,3127968.527581436,0.0
2009-07-01,1158216.7525434364,1997530.908841,3155747.6613844363,3237.903,2515.847675,2368.5727520000005,1.0,3155747.6613844363,3155747.6613844363,0.0
2009-07-02,1158216.7525434364,2018460.240609,3176676.993152436,3282.359,2528.0529833333335,2370.294528,1.0,3176676.993152436,3176676.993152436,0.0
2009-07-03,1158216.7525434364,2042551.517180001,3200768.2697234373,3327.135,2540.0877833333334,2371.72492,1.0,3200768.2697234373,3200768.2697234373,0.0
2009-07-06,1158216.7525434364,2043449.707521,3201666.4600644363,3374.753,2552.020766666667,2373.300304,1.0,3201666.4600644363,3201666.4600644363,0.0
2009-07-07,1158216.7525434364,2040119.3940550005,3198336.146598437,3340.493,2563.7650583333334,2375.398192,1.0,3198336.146598437,3198336.146598437,0.0
2009-07-08,1158216.7525434364,2076722.5091260003,3234939.2616694365,3352.269,2575.9673749999997,2377.639992,1.0,3234939.2616694365,3234939.2616694365,0.0
2009-07-09,1158216.7525434364,2104876.589846,3263093.3423894364,3396.304,2588.2835333333333,2380.4318200000002,1.0,3263093.3423894364,3263093.3423894364,0.0
2009-07-10,1158216.7525434364,2118624.1182119986,3276840.870755435,3398.31,2600.5970583333333,2383.226672,1.0,3276840.870755435,3276840.870755435,0.0
2009-07-13,1158216.7525434364,2144656.0698399995,3302872.822383436,3361.011,2612.9706083333335,2385.628268,1.0,3302872.822383436,3302872.822383436,0.0
2009-07-14,1158216.7525434364,2176983.292331,3335200.044874436,3454.753,2625.466516666667,2388.479872,1.0,3335200.044874436,3335200.044874436,0.0
2009-07-15,1158216.7525434364,2192522.480314,3350739.232857436,3493.305,2638.286775,2390.92204,1.0,3350739.232857436,3350739.232857436,0.0
2009-07-16,1158216.7525434364,2190619.882276,3348836.6348194364,3501.24,2650.8786583333335,2393.3196359999997,1.0,3348836.6348194364,3348836.6348194364,0.0
2009-07-17,1158216.7525434364,2207825.2328119995,3366041.985355436,3519.809,2663.439858333333,2395.3383679999997,1.0,3366041.985355436,3366041.985355436,0.0
2009-07-20,1158216.7525434364,2238718.4962960007,3396935.248839437,3591.123,2676.4893,2397.8079479999997,1.0,3396935.248839437,3396935.248839437,0.0
2009-07-21,1158216.7525434364,2195027.363920999,3353244.116464436,3539.832,2689.140316666667,2400.153284,1.0,3353244.116464436,3353244.116464436,0.0
2009-07-22,1158216.7525434364,2237898.1526610004,3396114.9052044367,3606.924,2702.1600916666666,2402.6774840000003,1.0,3396114.9052044367,3396114.9052044367,0.0
2009-07-23,1158216.7525434364,2266801.2776999995,3425018.030243436,3651.969,2715.6541500000003,2405.8734440000003,1.0,3425018.030243436,3425018.030243436,0.0
2009-07-24,1158216.7525434364,2251289.088918001,3409505.8414614373,3667.556,2729.074925,2409.561284,1.0,3409505.8414614373,3409505.8414614373,0.0
2009-07-27,1158216.7525434364,2292505.3435430005,3450722.096086437,3743.626,2742.6975583333333,2413.6635159999996,1.0,3450722.096086437,3450722.096086437,0.0
2009-07-28,1158216.7525434364,2315254.9546359987,3473471.707179435,3755.818,2755.9425916666664,2417.42494,1.0,3473471.707179435,3473471.707179435,0.0
2009-07-29,1158216.7525434364,2171523.226499,3329739.979042436,3558.508,2767.6720666666665,2420.014768,1.0,3329739.979042436,3329739.979042436,0.0
2009-07-30,1158216.7525434364,2188140.3624070003,3346357.1149504366,3634.818,2779.3182166666666,2422.935068,1.0,3346357.1149504366,3346357.1149504366,0.0
2009-07-31,1158216.7525434364,2250991.061140999,3409207.813684436,3734.622,2791.3011333333334,2426.3402759999994,1.0,3409207.813684436,3409207.813684436,0.0
2009-08-03,308502.478195115,3152299.1839809995,3460801.6621761145,3787.033,2803.4701166666664,2429.57896,1.0,3460801.6621761145,3460801.6621761145,0.0
2009-08-04,308502.478195115,3180070.9720329987,3488573.4502281137,3786.615,2815.5990916666665,2432.968612,1.0,3488573.4502281137,3488573.4502281137,0.0
2009-08-05,308502.478195115,3168640.19531,3477142.673505115,3740.936,2827.4540333333334,2436.088952,1.0,3477142.673505115,3477142.673505115,0.0
2009-08-06,308502.478195115,3148168.399534,3456670.877729115,3663.12,2837.9878249999997,2439.118912,1.0,3456670.877729115,3456670.877729115,0.0
2009-08-07,308502.478195115,3048985.4020070005,3357487.8802021155,3555.095,2847.094908333333,2441.8017559999994,1.0,3357487.8802021155,3357487.8802021155,0.0
2009-08-10,308502.478195115,3047841.718451,3356344.196646115,3544.539,2856.755291666667,2444.7590720000003,1.0,3356344.196646115,3356344.196646115,0.0
2009-08-11,308502.478195115,3078330.126745,3386832.604940115,3556.375,2867.426391666667,2447.6214200000004,1.0,3386832.604940115,3386832.604940115,0.0
2009-08-12,308502.478195115,2949039.3849570006,3257541.863152116,3397.4,2876.584625,2450.11842,1.0,3257541.863152116,3257541.863152116,0.0
2009-08-13,308502.478195115,2960905.645562999,3269408.123758114,3440.82,2885.722125,2453.069384,1.0,3269408.123758114,3269408.123758114,0.0
2009-08-14,308502.478195115,2843455.0742179984,3151957.5524131134,3344.462,2893.5053,2455.56046,1.0,3151957.5524131134,3151957.5524131134,0.0
2009-08-17,308502.478195115,2642587.479759,2951089.9579541152,3140.271,2900.49215,2457.239776,1.0,2951089.9579541152,2951089.9579541152,0.0
2009-08-18,308502.478195115,2677541.100524,2986043.578719115,3171.986,2907.723275,2459.5618719999998,1.0,2986043.578719115,2986043.578719115,0.0
2009-08-19,308502.478195115,2543490.6050890004,2851993.0832841154,3014.568,2914.5931333333338,2461.7929000000004,1.0,2851993.0832841154,2851993.0832841154,0.0
2009-08-20,308502.478195115,2632666.962659,2941169.440854115,3144.39,2922.9589750000005,2464.5938400000005,1.0,2941169.440854115,2941169.440854115,0.0
2009-08-21,308502.478195115,2705490.19408,3013992.672275115,3203.624,2931.616958333333,2467.629648,1.0,3013992.672275115,3013992.672275115,0.0
2009-08-24,308502.478195115,2768961.400634,3077463.878829115,3229.6,2940.6790083333335,2470.774,1.0,3077463.878829115,3077463.878829115,0.0
2009-08-25,308502.478195115,2729362.225877,3037864.7040721145,3109.83,2947.55135,2473.42286,1.0,3037864.7040721145,3037864.7040721145,0.0
2009-08-26,308502.478195115,2833956.3162139994,3142458.7944091144,3172.386,2954.780241666667,2476.858796,1.0,3142458.7944091144,3142458.7944091144,0.0
2009-08-27,308502.478195115,2853473.3159539998,3161975.7941491143,3156.301,2962.02795,2480.090112,1.0,3161975.7941491143,3161975.7941491143,0.0
2009-08-28,308502.478195115,2794276.9209760004,3102779.399171116,3046.781,2969.0634,2482.145476,1.0,3102779.399171116,3102779.399171116,0.0
2009-08-31,308502.478195115,2604312.120884,2912814.599079115,2830.271,2973.9758083333336,2483.690644,0.3,2912814.599079115,873844.3797237345,2038970.2193553804
2009-09-01,308502.478195115,2564503.426594,2873005.904789115,2843.7,2979.1701416666665,2485.4457319999997,0.3,2873005.904789115,861901.7714367345,2011104.1333523802
2009-09-02,308502.478195115,2581539.091078,2890041.569273115,2890.926,2984.7970250000003,2487.4072440000004,0.3,2890041.569273115,867012.4707819346,2023029.0984911807
2009-09-03,308502.478195115,2705503.258895,3014005.737090115,3051.964,2991.8515416666664,2490.2889720000003,1.0,3014005.737090115,3014005.737090115,0.0
2009-09-04,308502.478195115,2750885.560326999,3059388.038522114,3077.142,2998.8142749999997,2493.296372,1.0,3059388.038522114,3059388.038522114,0.0
2009-09-07,308502.478195115,2782964.842684,3091467.320879115,3104.208,3005.3293166666667,2496.369744,1.0,3091467.320879115,3091467.320879115,0.0
2009-09-08,308502.478195115,2834939.63874,3143442.116935115,3170.967,3012.315275,2499.487052,1.0,3143442.116935115,3143442.116935115,0.0
2009-09-09,308502.478195115,2859584.859265,3168087.3374601146,3194.909,3019.084816666667,2503.030004,1.0,3168087.3374601146,3168087.3374601146,0.0
2009-09-10,308502.478195115,2828954.449346,3137456.927541115,3162.914,3025.61045,2506.540016,1.0,3137456.927541115,3137456.927541115,0.0
2009-09-11,308502.478195115,2874847.005189,3183349.4833841147,3238.133,3032.2666,2510.5086920000003,1.0,3183349.4833841147,3183349.4833841147,0.0
2009-09-14,308502.478195115,2945956.541561,3254459.0197561146,3293.394,3039.280025,2514.6776839999998,1.0,3254459.0197561146,3254459.0197561146,0.0
2009-09-15,308502.478195115,2979878.641871999,3288381.120067114,3302.642,3046.7909833333333,2519.1545239999996,1.0,3288381.120067114,3288381.120067114,0.0
2009-09-16,308502.478195115,2985155.464097,3293657.9422921147,3258.236,3053.2780416666665,2523.6813960000004,1.0,3293657.9422921147,3293657.9422921147,0.0
2009-09-17,308502.478195115,3044622.202769999,3353124.680965114,3320.096,3060.121083333333,2528.4052,1.0,3353124.680965114,3353124.680965114,0.0
2009-09-18,308502.478195115,2971489.1257080003,3279991.6039031157,3199.689,3066.0811000000003,2532.631252,1.0,3279991.6039031157,3279991.6039031157,0.0
2009-09-21,308502.478195115,3003951.4452169994,3312453.9234121144,3208.604,3071.921225,2537.1771639999997,1.0,3312453.9234121144,3312453.9234121144,0.0
2009-09-22,308502.478195115,2940998.5637429995,3249501.0419381144,3131.026,3076.7779250000003,2541.389884,1.0,3249501.0419381144,3249501.0419381144,0.0
2009-09-23,308502.478195115,2845075.218662,3153577.696857115,3060.069,3080.8084999999996,2545.627556,0.3,3153577.696857115,946073.3090571344,2207504.38779998
2009-09-24,308502.478195115,2832463.392862,3140965.871057115,3080.926,3085.062025,2550.2347200000004,0.3,3140965.871057115,942289.7613171345,2198676.1097399807
2009-09-25,308502.478195115,2797532.6128900005,3106035.0910851154,3058.528,3089.075175,2554.884872,0.3,3106035.0910851154,931810.5273255346,2174224.5637595807
2009-09-28,308502.478195115,2707300.1666669995,3015802.6448621145,2972.643,3093.1859666666664,2558.482992,0.3,3015802.6448621145,904740.7934586343,2111061.8514034804
2009-09-29,308502.478195115,2664489.9913580003,2972992.469553116,2972.286,3096.9744416666667,2561.54168,0.3,2972992.469553116,891897.7408659348,2081094.7286871811
2009-09-30,308502.478195115,2684191.486872,2992693.9650671147,3004.805,3100.3850666666667,2565.066988,0.3,2992693.9650671147,897808.1895201344,2094885.7755469803
2009-10-09,308502.478195115,2802900.826077,3111403.304272115,3163.708,3104.61165,2569.166408,1.0,3111403.304272115,3111403.304272115,0.0
2009-10-12,308502.478195115,2819489.363073,3127991.841268115,3151.632,3108.5679833333334,2572.8788080000004,1.0,3127991.841268115,3127991.841268115,0.0
2009-10-13,308502.478195115,2865709.309944,3174211.788139115,3198.517,3112.8307083333334,2576.698248,1.0,3174211.788139115,3174211.788139115,0.0
2009-10-14,308502.478195115,2903731.683095,3212234.161290115,3227.399,3117.33315,2581.09306,1.0,3212234.161290115,3212234.161290115,0.0
2009-10-15,308502.478195115,2910938.7952380003,3219441.273433116,3239.643,3122.2410833333333,2585.64184,1.0,3219441.273433116,3219441.273433116,0.0
2009-10-16,308502.478195115,2934006.085315999,3242508.563511114,3241.709,3126.6914333333334,2590.5171520000004,1.0,3242508.563511114,3242508.563511114,0.0
2009-10-19,308502.478195115,2992935.9857999994,3301438.4639951144,3329.158,3132.139066666667,2595.8525959999997,1.0,3301438.4639951144,3301438.4639951144,0.0
2009-10-20,308502.478195115,3053340.500713,3361842.9789081146,3377.574,3138.816508333334,2601.735052,1.0,3361842.9789081146,3361842.9789081146,0.0
2009-10-21,308502.478195115,3038849.900927,3347352.3791221147,3369.285,3145.28085,2607.2702480000003,1.0,3347352.3791221147,3347352.3791221147,0.0
2009-10-22,308502.478195115,3043201.451476,3351703.9296711152,3347.32,3151.7344500000004,2612.921052,1.0,3351703.9296711152,3351703.9296711152,0.0
2009-10-23,308502.478195115,3080719.7272140007,3389222.205409116,3413.252,3159.2341166666665,2618.916636,1.0,3389222.205409116,3389222.205409116,0.0
2009-10-26,308502.478195115,3078890.011807,3387392.490002115,3414.239,3166.6983499999997,2625.28998,1.0,3387392.490002115,3387392.490002115,0.0
2009-10-27,308502.478195115,3003426.263994,3311928.742189115,3314.722,3172.6096166666666,2631.21582,1.0,3311928.742189115,3311928.742189115,0.0
2009-10-28,308502.478195115,3022479.8984819995,3330982.3766771145,3329.327,3178.496291666667,2636.946196,1.0,3330982.3766771145,3330982.3766771145,0.0
2009-10-29,308502.478195115,2970570.8574630003,3279073.335658116,3247.051,3182.935875,2642.408776,1.0,3279073.335658116,3279073.335658116,0.0
2009-10-30,308502.478195115,3019797.444832001,3328299.923027116,3280.372,3187.5471916666665,2648.196972,1.0,3328299.923027116,3328299.923027116,0.0
2009-11-02,308502.478195115,3097795.3585530003,3406297.8367481157,3392.803,3192.7790583333335,2654.4290640000004,1.0,3406297.8367481157,3406297.8367481157,0.0
2009-11-03,589700.7397173942,2908950.1930290004,3498650.9327463945,3435.425,3198.3486333333335,2661.044372,1.0,3498650.9327463945,3498650.9327463945,0.0
2009-11-04,589700.7397173942,2919105.643826002,3508806.383543396,3453.888,3203.887541666666,2668.2412400000003,1.0,3508806.383543396,3508806.383543396,0.0
2009-11-05,589700.7397173942,2941224.5021380004,3530925.2418553946,3464.318,3210.0458916666666,2675.275232,1.0,3530925.2418553946,3530925.2418553946,0.0
2009-11-06,589700.7397173942,2970662.102125,3560362.841842394,3483.021,3215.83305,2682.574424,1.0,3560362.841842394,3560362.841842394,0.0
2009-11-09,589700.7397173942,2980595.745117999,3570296.4848353933,3495.788,3221.514575,2689.766952,1.0,3570296.4848353933,3570296.4848353933,0.0
2009-11-10,589700.7397173942,2990254.3176710005,3579955.0573883946,3503.776,3227.4410666666668,2697.1274160000003,1.0,3579955.0573883946,3579955.0573883946,0.0
2009-11-11,589700.7397173942,2991417.922253001,3581118.661970395,3495.674,3233.270716666667,2704.4959440000002,1.0,3581118.661970395,3581118.661970395,0.0
2009-11-12,589700.7397173942,3007029.142686,3596729.882403394,3499.992,3239.0158749999996,2711.984876,1.0,3596729.882403394,3596729.882403394,0.0
2009-11-13,589700.7397173942,3021787.850267,3611488.5899843937,3518.722,3244.671191666667,2719.2940839999997,1.0,3611488.5899843937,3611488.5899843937,0.0
2009-11-16,589700.7397173942,3102149.106025,3691849.8457423938,3625.798,3251.4456333333337,2727.1981720000003,1.0,3691849.8457423938,3691849.8457423938,0.0
2009-11-17,589700.7397173942,3105995.92985,3695696.669567394,3628.354,3258.7651666666666,2735.0002799999997,1.0,3695696.669567394,3695696.669567394,0.0
2009-11-18,589700.7397173942,3113876.595747,3703577.3354643937,3630.229,3266.1780999999996,2742.3145360000003,1.0,3703577.3354643937,3703577.3354643937,0.0
2009-11-19,589700.7397173942,3152241.382183999,3741942.121901393,3642.437,3273.5924416666667,2749.75884,1.0,3741942.121901393,3741942.121901393,0.0
2009-11-20,589700.7397173942,3171163.870946001,3760864.610663395,3631.013,3281.1861833333332,2757.0756,1.0,3760864.610663395,3760864.610663395,0.0
2009-11-23,589700.7397173942,3210778.770017,3800479.509734394,3665.509,3288.734491666667,2764.241308,1.0,3800479.509734394,3800479.509734394,0.0
2009-11-24,589700.7397173942,3081082.853832999,3670783.593550393,3548.08,3294.482308333333,2770.659012,1.0,3670783.593550393,3670783.593550393,0.0
2009-11-25,589700.7397173942,3171414.0380349983,3761114.777752393,3629.629,3300.8533916666665,2777.228628,1.0,3761114.777752393,3761114.777752393,0.0
2009-11-26,589700.7397173942,3061515.650526,3651216.3902433934,3485.773,3305.406608333333,2783.812444,1.0,3651216.3902433934,3651216.3902433934,0.0
2009-11-27,589700.7397173942,2995173.1531300005,3584873.8928473946,3382.51,3308.9795999999997,2789.5298319999997,1.0,3584873.8928473946,3584873.8928473946,0.0
2009-11-30,589700.7397173942,3113711.6825119997,3703412.4222293934,3511.669,3313.7492916666665,2795.8467960000003,1.0,3703412.4222293934,3703412.4222293934,0.0
2009-12-01,589700.7397173942,3177728.955768001,3767429.695485395,3560.831,3318.852233333333,2802.40718,1.0,3767429.695485395,3767429.695485395,0.0
2009-12-02,589700.7397173942,3226488.8107270026,3816189.5504443967,3597.329,3324.158675,2809.445928,1.0,3816189.5504443967,3816189.5504443967,0.0
2009-12-03,589700.7397173942,3246042.555568002,3835743.295285396,3590.876,3329.1693499999997,2816.472256,1.0,3835743.295285396,3835743.295285396,0.0
2009-12-04,589700.7397173942,3201287.811270999,3790988.550988393,3643.491,3334.8515333333335,2823.6722400000003,1.0,3790988.550988393,3790988.550988393,0.0
2009-12-07,589700.7397173942,3249945.2871290003,3839646.0268463935,3668.832,3341.206083333333,2830.865676,1.0,3839646.0268463935,3839646.0268463935,0.0
2009-12-08,589700.7397173942,3230481.4682780006,3820182.2079953942,3624.019,3346.6879750000003,2838.0420560000002,1.0,3820182.2079953942,3820182.2079953942,0.0
2009-12-09,589700.7397173942,3177814.6759629985,3767515.4156803926,3554.478,3351.6317916666667,2844.803148,1.0,3767515.4156803926,3767515.4156803926,0.0
2009-12-10,589700.7397173942,3215921.4757929994,3805622.2155103935,3577.237,3356.3538666666664,2851.637572,1.0,3805622.2155103935,3805622.2155103935,0.0
2009-12-11,589700.7397173942,3224208.016313,3813908.7560303938,3575.02,3360.6671333333334,2858.12698,1.0,3813908.7560303938,3813908.7560303938,0.0
2009-12-14,589700.7397173942,3237188.174004,3826888.913721394,3612.753,3365.106733333333,2864.64628,1.0,3826888.913721394,3826888.913721394,0.0
2009-12-15,589700.7397173942,3234509.030487003,3824209.770204397,3583.341,3369.2798833333336,2870.926944,1.0,3824209.770204397,3824209.770204397,0.0
2009-12-16,589700.7397173942,3216473.489244,3806174.2289613937,3560.723,3373.2534499999997,2876.789692,1.0,3806174.2289613937,3806174.2289613937,0.0
2009-12-17,589700.7397173942,3130692.787130001,3720393.526847395,3480.153,3376.2486416666666,2882.5469160000002,1.0,3720393.526847395,3720393.526847395,0.0
2009-12-18,589700.7397173942,3021595.7944630017,3611296.534180396,3391.735,3378.530425,2887.728284,1.0,3611296.534180396,3611296.534180396,0.0
2009-12-21,589700.7397173942,3045335.009374,3635035.749091394,3396.622,3380.7654333333335,2893.1294239999997,1.0,3635035.749091394,3635035.749091394,0.0
2009-12-22,589700.7397173942,2950373.223174,3540073.9628913943,3305.543,3381.8118583333335,2898.510076,0.3,3540073.9628913943,1062022.1888674183,2478051.774023976
2009-12-23,589700.7397173942,2979231.5428840006,3568932.2826013947,3336.48,3383.228575,2903.95586,0.3,3568932.2826013947,1070679.6847804184,2498252.5978209763
2009-12-24,589700.7397173942,3086069.890698999,3675770.630416393,3438.817,3384.9028583333334,2909.7333280000003,1.0,3675770.630416393,3675770.630416393,0.0
2009-12-25,589700.7397173942,3105673.314457,3695374.0541743934,3424.783,3386.089725,2915.42678,1.0,3695374.0541743934,3695374.0541743934,0.0
2009-12-28,589700.7397173942,3156723.5616589994,3746424.3013763935,3478.433,3387.3505416666667,2921.1601039999996,1.0,3746424.3013763935,3746424.3013763935,0.0
2009-12-29,589700.7397173942,3178370.8421130003,3768071.5818303945,3500.737,3388.4004083333334,2926.954596,1.0,3768071.5818303945,3768071.5818303945,0.0
2009-12-30,589700.7397173942,3177977.6702790014,3767678.409996396,3558.857,3390.2201083333334,2933.119828,1.0,3767678.409996396,3767678.409996396,0.0
2009-12-31,589700.7397173942,3201495.329693001,3791196.0694103953,3575.684,3392.0819,2939.746744,1.0,3791196.0694103953,3791196.0694103953,0.0
2010-01-04,589700.7397173942,3195896.5067100013,3785597.2464273954,3535.229,3393.2396083333338,2946.3393600000004,1.0,3785597.2464273954,3785597.2464273954,0.0
2010-01-05,589700.7397173942,3224148.1668690005,3813848.906586394,3564.038,3394.620675,2953.112452,1.0,3813848.906586394,3813848.906586394,0.0
2010-01-06,589700.7397173942,3232165.533535002,3821866.273252396,3541.727,3396.1266416666667,2959.8309759999997,1.0,3821866.273252396,3821866.273252396,0.0
2010-01-07,589700.7397173942,3172970.3480390008,3762671.087756395,3471.456,3396.265833333333,2966.297772,1.0,3762671.087756395,3762671.087756395,0.0
2010-01-08,589700.7397173942,3206543.1430980004,3796243.8828153946,3480.13,3396.1560416666666,2972.8845519999995,1.0,3796243.8828153946,3796243.8828153946,0.0
2010-01-11,589700.7397173942,3219110.598250001,3808811.3379673953,3482.052,3395.996141666667,2979.541872,1.0,3808811.3379673953,3808811.3379673953,0.0
2010-01-12,589700.7397173942,3280420.779908001,3870121.519625395,3534.916,3396.122033333333,2986.1497,1.0,3870121.519625395,3870121.519625395,0.0
2010-01-13,589700.7397173942,3224311.3385670003,3814012.0782843945,3421.144,3394.7055416666667,2992.0630960000003,1.0,3814012.0782843945,3814012.0782843945,0.0
2010-01-14,589700.7397173942,3287765.74308,3877466.482797394,3469.051,3394.1157,2998.214588,1.0,3877466.482797394,3877466.482797394,0.0
2010-01-15,589700.7397173942,3304610.655075999,3894311.394793393,3482.738,3393.0808166666666,3004.5935759999998,1.0,3894311.394793393,3894311.394793393,0.0
2010-01-18,589700.7397173942,3351954.7644690005,3941655.5041863946,3500.684,3391.8201083333333,3010.922852,1.0,3941655.5041863946,3941655.5041863946,0.0
2010-01-19,589700.7397173942,3349349.405596,3939050.145313394,3507.482,3390.4861583333336,3017.270032,1.0,3939050.145313394,3939050.145313394,0.0
2010-01-20,589700.7397173942,3236824.298292,3826525.038009394,3394.434,3387.576225,3023.343028,1.0,3826525.038009394,3826525.038009394,0.0
2010-01-21,589700.7397173942,3248932.9986630003,3838633.7383803935,3408.574,3384.6825249999997,3029.1563480000004,1.0,3838633.7383803935,3838633.7383803935,0.0
2010-01-22,589700.7397173942,3159201.294635999,3748902.034353393,3366.197,3383.0799333333334,3034.8016399999997,0.3,3748902.034353393,1124670.6103060178,2624231.424047375
2010-01-25,589700.7397173942,3110859.588235,3700560.327952394,3328.014,3380.5232333333333,3040.15284,0.3,3700560.327952394,1110168.0983857182,2590392.2295666756
2010-01-26,589700.7397173942,3000595.740506999,3590296.4802243933,3242.797,3376.424691666667,3045.074168,0.3,3590296.4802243933,1077088.944067318,2513207.5361570753
2010-01-27,589700.7397173942,2965854.531736001,3555555.271453395,3198.566,3371.5208000000002,3049.7676720000004,0.3,3555555.271453395,1066666.5814360185,2488888.6900173766
2010-01-28,589700.7397173942,2997953.419177,3587654.158894394,3206.57,3366.6870916666667,3054.5071120000002,0.3,3587654.158894394,1076296.2476683182,2511357.911226076
2010-01-29,589700.7397173942,3017219.742321,3606920.482038394,3204.155,3362.2139166666666,3059.145528,0.3,3606920.482038394,1082076.1446115181,2524844.3374268757
2010-02-01,589700.7397173942,2977474.750287,3567175.4900043937,3152.707,3357.960475,3063.6256280000002,0.3,3567175.4900043937,1070152.6470013182,2497022.8430030756
2010-02-02,639904.2190436068,2893752.946672999,3533657.1657166057,3146.189,3354.5529250000004,3067.9821319999996,0.3,3533657.1657166057,1060097.1497149817,2473560.016001624
2010-02-03,639904.2190436068,2945607.777243999,3585511.9962876057,3230.715,3351.9377250000002,3072.4693520000005,0.3,3585511.9962876057,1075653.5988862817,2509858.397401324
2010-02-04,639904.2190436068,2959294.950038998,3599199.169082605,3218.802,3349.1246166666665,3076.6789039999994,0.3,3599199.169082605,1079759.7507247813,2519439.4183578235
2010-02-05,639904.2190436068,2888863.496246,3528767.7152896062,3153.087,3347.088675,3080.6873680000003,0.3,3528767.7152896062,1058630.3145868818,2470137.4007027242
2010-02-08,639904.2190436068,2886418.521162999,3526322.7402066058,3150.988,3344.6734083333336,3084.3422,0.3,3526322.7402066058,1057896.8220619818,2468425.9181446237
2010-02-09,639904.2190436068,2882455.483008001,3522359.702051608,3169.19,3343.212808333333,3087.832272,0.3,3522359.702051608,1056707.9106154824,2465651.7914361255
2010-02-10,639904.2190436068,2931663.948489,3571568.1675326065,3214.13,3343.8283,3091.3817719999997,0.3,3571568.1675326065,1071470.450259782,2500097.7172728246
2010-02-11,639904.2190436068,2932258.162702,3572162.3817456067,3220.398,3344.2317333333335,3094.938812,0.3,3572162.3817456067,1071648.714523682,2500513.6672219248
2010-02-12,639904.2190436068,3066765.984981001,3706670.204024608,3251.278,3346.2043166666667,3098.6705519999996,0.3,3706670.204024608,1112001.0612073822,2594669.1428172253
2010-02-22,639904.2190436068,3074439.809450001,3714344.028493608,3233.345,3346.9456083333334,3102.007672,0.3,3714344.028493608,1114303.2085480823,2600040.8199455254
2010-02-23,639904.2190436068,3086537.512759001,3726441.731802608,3198.634,3346.9040250000003,3104.9532280000003,0.3,3726441.731802608,1117932.5195407823,2608509.212261826
2010-02-24,639904.2190436068,3143833.45508,3783737.674123607,3244.483,3347.02805,3108.389988,0.3,3783737.674123607,1135121.302237082,2648616.3718865253
2010-02-25,639904.2190436068,3200950.199132,3840854.418175607,3292.128,3348.5472,3112.455128,0.3,3840854.418175607,1152256.325452682,2688598.092722925
2010-02-26,639904.2190436068,3208726.589106,3848630.808149607,3281.666,3349.457866666666,3116.388144,0.3,3848630.808149607,1154589.242444882,2694041.5657047248
2010-03-01,639904.2190436068,3245983.226924999,3885887.445968606,3324.423,3350.8588833333333,3120.308556,0.3,3885887.445968606,1165766.2337905818,2720121.2121780245
2010-03-02,639904.2190436068,3257370.784806,3897275.0038496074,3311.236,3353.062675,3123.911576,0.3,3897275.0038496074,1169182.5011548821,2728092.502694725
2010-03-03,639904.2190436068,3282666.9807279995,3922571.1997716064,3335.081,3357.2694249999995,3128.0445040000004,0.3,3922571.1997716064,1176771.3599314818,2745799.8398401244
2010-03-04,639904.2190436068,3176900.415569,3816804.634612607,3250.573,3360.6600333333336,3131.829792,0.3,3816804.634612607,1145041.390383782,2671763.244228825
2010-03-05,639904.2190436068,3184099.779586,3824003.998629607,3259.764,3363.733683333333,3136.108108,0.3,3824003.998629607,1147201.199588882,2676802.7990407245
2010-03-08,639904.2190436068,3217836.671215001,3857740.890258608,3286.178,3365.685466666667,3140.690864,0.3,3857740.890258608,1157322.2670775824,2700418.6231810255
2010-03-09,639904.2190436068,3225461.022602001,3865365.241645608,3305.863,3367.591475,3145.2556520000003,0.3,3865365.241645608,1159609.5724936824,2705755.6691519255
2010-03-10,639904.2190436068,3190512.8870970006,3830417.106140608,3279.694,3369.0538583333337,3149.8058120000005,0.3,3830417.106140608,1149125.1318421823,2681291.974298426
2010-03-11,639904.2190436068,3191462.3095830004,3831366.5286266073,3276.705,3369.9350083333334,3153.772036,0.3,3831366.5286266073,1149409.9585879822,2681956.570038625
2010-03-12,639904.2190436068,3149312.308625001,3789216.527668608,3233.126,3370.2534833333334,3157.484864,0.3,3789216.527668608,1136764.9583005824,2652451.5693680253
2010-03-15,639904.2190436068,3126223.911968,3766128.131011606,3183.183,3370.4223916666665,3161.071292,0.3,3766128.131011606,1129838.4393034817,2636289.6917081242
2010-03-16,639904.2190436068,3146747.09378,3786651.312823607,3203.971,3370.1377083333336,3165.077068,0.3,3786651.312823607,1135995.393847082,2650655.918976525
2010-03-17,639904.2190436068,3224538.323875,3864442.542918607,3273.916,3369.9753916666664,3169.2096039999997,0.3,3864442.542918607,1159332.762875582,2705109.780043025
2010-03-18,639904.2190436068,3240245.822561001,3880150.041604608,3267.555,3369.683,3173.398304,0.3,3880150.041604608,1164045.0124813823,2716105.0291232252
2010-03-19,639904.2190436068,3260373.024497001,3900277.243540608,3293.871,3369.979958333334,3177.710988,0.3,3900277.243540608,1170083.1730621823,2730194.0704784254
2010-03-22,639904.2190436068,3272231.993293001,3912136.212336608,3302.628,3369.8343916666663,3182.099812,0.3,3912136.212336608,1173640.8637009824,2738495.348635626
2010-03-23,639904.2190436068,3262037.608806,3901941.827849607,3275.573,3370.4667583333335,3186.235648,0.3,3901941.827849607,1170582.548354882,2731359.279494725
2010-03-24,639904.2190436068,3278774.0880019995,3918678.3070456064,3276.669,3371.033966666667,3190.0527119999997,0.3,3918678.3070456064,1175603.492113682,2743074.8149319245
2010-03-25,639904.2190436068,3241241.900684,3881146.119727607,3229.128,3371.851483333333,3193.6386159999997,0.3,3881146.119727607,1164343.835918282,2716802.2838093247
2010-03-26,639904.2190436068,3285070.980722999,3924975.199766606,3275.002,3373.642591666667,3197.2083679999996,0.3,3924975.199766606,1177492.5599299818,2747482.6398366243
2010-03-29,639904.2190436068,3329810.268559002,3969714.4876026087,3358.54,3375.9560416666664,3201.123176,0.3,3969714.4876026087,1190914.3462807825,2778800.1413218263
2010-03-30,639904.2190436068,3345159.1180679994,3985063.3371116063,3366.708,3378.5242083333333,3204.8324279999997,0.3,3985063.3371116063,1195519.0011334817,2789544.3359781243
2010-03-31,639904.2190436068,3357656.0704060006,3997560.289449608,3345.607,3381.6322416666667,3208.407724,0.3,3997560.289449608,1199268.0868348824,2798292.2026147256
2010-04-01,639904.2190436068,3417540.250024,4057444.469067607,3391.935,3385.1293166666665,3212.370156,1.0,4057444.469067607,4057444.469067607,0.0
2010-04-02,639904.2190436068,3418419.068796001,4058323.287839608,3407.346,3388.4838250000003,3216.080384,1.0,4058323.287839608,4058323.287839608,0.0
2010-04-06,639904.2190436068,3423949.25471,4063853.473753607,3405.145,3390.4958,3219.7052400000002,1.0,4063853.473753607,4063853.473753607,0.0
2010-04-07,639904.2190436068,3430381.746099,4070285.965142607,3386.949,3392.4567749999997,3223.315088,0.3,4070285.965142607,1221085.7895427821,2849200.175599825
2010-04-08,639904.2190436068,3428979.532907999,4068883.751951606,3346.744,3393.692,3226.6709080000005,0.3,4068883.751951606,1220665.1255854818,2848218.6263661245
2010-04-09,639904.2190436068,3459287.979276999,4099192.198320606,3379.17,3394.9567583333333,3229.9946999999997,0.3,4099192.198320606,1229757.6594961816,2869434.538824424
2010-04-12,639904.2190436068,3469235.988284,4109140.207327607,3351.478,3395.888716666667,3233.0950119999998,0.3,4109140.207327607,1232742.062198282,2876398.145129325
2010-04-13,639904.2190436068,3432409.7342360006,4072313.953279608,3391.716,3397.138775,3236.379864,0.3,4072313.953279608,1221694.1859838823,2850619.7672957256
2010-04-14,639904.2190436068,3466133.1499139997,4106037.368957606,3403.707,3397.7600166666666,3239.686892,1.0,4106037.368957606,4106037.368957606,0.0
2010-04-15,639904.2190436068,3448659.596867,4088563.815910607,3394.574,3397.901683333333,3243.347796,0.3,4088563.815910607,1226569.144773182,2861994.671137425
2010-04-16,639904.2190436068,3430927.364545,4070831.583588606,3356.332,3397.793741666667,3246.702448,0.3,4070831.583588606,1221249.4750765818,2849582.1085120244
2010-04-19,639904.2190436068,3267114.219455001,3907018.438498608,3176.423,3396.3696,3249.0260200000002,0.3,3907018.438498608,1172105.5315495823,2734912.9069490256
2010-04-20,639904.2190436068,3285830.882619,3925735.1016626074,3173.374,3394.3706166666666,3251.093444,0.3,3925735.1016626074,1177720.5304987822,2748014.571163825
2010-04-21,639904.2190436068,3379898.202919,4019802.421962607,3236.679,3392.89095,3253.332672,0.3,4019802.421962607,1205940.7265887822,2813861.695373825
2010-04-22,639904.2190436068,3377893.642236,4017797.861279607,3201.541,3391.947775,3255.3908759999995,0.3,4017797.861279607,1205339.358383882,2812458.502895725
2010-04-23,639904.2190436068,3366850.899206999,4006755.118250606,3190.003,3390.7867416666672,3257.4024640000002,0.3,4006755.118250606,1202026.5354751819,2804728.5827754242
2010-04-26,639904.2190436068,3353348.683326,3993252.902369607,3171.997,3390.1612916666663,3259.487688,0.3,3993252.902369607,1197975.870710882,2795277.031658725
2010-04-27,639904.2190436068,3273462.085134999,3913366.304178606,3108.409,3388.7282666666665,3261.090656,0.3,3913366.304178606,1174009.8912535817,2739356.412925024
2010-04-28,639904.2190436068,3266162.809947,3906067.028990607,3097.353,3386.266183333333,3262.7783,0.3,3906067.028990607,1171820.108697182,2734246.9202934247
2010-04-29,639904.2190436068,3166206.2180810007,3806110.437124608,3060.064,3383.138175,3264.713432,0.3,3806110.437124608,1141833.1311373825,2664277.305987226
2010-04-30,639904.2190436068,3106709.252105999,3746613.4711496057,3067.365,3379.91715,3266.608636,0.3,3746613.4711496057,1123984.0413448818,2622629.4298047237
2010-05-04,639904.2190436068,3089668.338223,3729572.557266607,3019.449,3376.2099083333333,3268.39488,0.3,3729572.557266607,1118871.767179982,2610700.790086625
2010-05-05,2541677.744026633,1310429.0724149996,3852106.816441633,3036.394,3372.4880166666667,3270.487288,0.3,3852106.816441633,1155632.0449324897,2696474.771509143
2010-05-06,2541677.744026633,1279533.8107610005,3821211.554787634,2896.856,3367.4969166666665,3272.000588,0.3,3821211.554787634,1146363.4664362902,2674848.0883513438
2010-05-07,2541677.744026633,1260668.426335,3802346.1703616334,2836.789,3361.9386916666667,3272.926264,0.3,3802346.1703616334,1140703.85110849,2661642.3192531434
2010-05-10,2541677.744026633,1229426.0777500002,3771103.8217766336,2858.233,3356.6266833333334,3273.8674920000003,0.3,3771103.8217766336,1131331.14653299,2639772.6752436436
2010-05-11,2541677.744026633,1185363.2549460002,3727040.998972634,2800.817,3350.800225,3274.2135559999997,0.3,3727040.998972634,1118112.29969179,2608928.699280844
2010-05-12,2541677.744026633,1149690.6798009996,3691368.423827633,2818.16,3344.9622083333334,3274.57814,0.3,3691368.423827633,1107410.5271482898,2583957.8966793427
2010-05-13,2541677.744026633,1181113.5091989995,3722791.253225633,2886.911,3338.8048166666663,3275.065868,0.3,3722791.253225633,1116837.3759676898,2605953.877257943
2010-05-14,2541677.744026633,1192164.0835669998,3733841.827593633,2868.023,3332.4687249999997,3275.4696559999998,0.3,3733841.827593633,1120152.5482780898,2613689.2793155434
2010-05-17,2541677.744026633,1121814.3151500002,3663492.0591766336,2714.715,3324.8394416666665,3275.17164,0.3,3663492.0591766336,1099047.61775299,2564444.4414236434
2010-05-18,2541677.744026633,1131081.5977909998,3672759.341817633,2771.348,3317.580366666667,3275.3557680000004,0.3,3672759.341817633,1101827.8025452897,2570931.539272343
2010-05-19,2541677.744026633,1134818.421561,3676496.1655876334,2762.174,3310.340041666667,3275.250216,0.3,3676496.1655876334,1102948.84967629,2573547.3159113433
2010-05-20,2541677.744026633,1111483.84051,3653161.5845366335,2726.022,3302.510983333333,3274.898284,0.3,3653161.5845366335,1095948.47536099,2557213.1091756434
2010-05-21,2541677.744026633,1136004.7538660003,3677682.497892634,2768.791,3296.0169083333335,3274.80306,0.3,3677682.497892634,1103304.74936779,2574377.7485248437
2010-05-24,2541677.744026633,1186608.1310269998,3728285.875053633,2873.469,3289.715575,3275.1124720000003,0.3,3728285.875053633,1118485.76251609,2609800.1125375433
2010-05-25,2541677.744026633,1183848.354321,3725526.098347633,2813.943,3284.1169916666668,3275.125952,0.3,3725526.098347633,1117657.82950429,2607868.2688433435
2010-05-26,2541677.744026633,1186531.1642620002,3728208.9082886335,2813.944,3279.378941666667,3275.021392,0.3,3728208.9082886335,1118462.67248659,2609746.235802043
2010-05-27,2541677.744026633,1211992.8287270002,3753670.5727536334,2859.979,3273.948191666667,3275.209848,0.3,3753670.5727536334,1126101.17182609,2627569.4009275436
2010-05-28,2541677.744026633,1217208.3378189998,3758886.081845633,2850.302,3268.0271166666666,3275.611016,0.3,3758886.081845633,1127665.82455369,2631220.2572919433
2010-05-31,2541677.744026633,1179877.1379309995,3721554.8819576334,2773.264,3261.159908333333,3275.7413639999995,0.3,3721554.8819576334,1116466.46458729,2605088.4173703436
2010-06-01,2541677.744026633,1158408.3472240006,3700086.091250634,2744.162,3254.103958333333,3275.707148,0.3,3700086.091250634,1110025.82737519,2590060.2638754435
2010-06-02,2541677.744026633,1181607.473776,3723285.2178026335,2757.527,3246.720925,3275.8581999999997,0.3,3723285.2178026335,1116985.56534079,2606299.6524618436
2010-06-03,2541677.744026633,1165763.641302,3707441.3853286337,2736.076,3238.947958333333,3275.763656,0.3,3707441.3853286337,1112232.4155985902,2595208.969730044
2010-06-04,2541677.744026633,1172709.4238840002,3714387.1679106336,2744.391,3231.6177249999996,3275.307852,0.3,3714387.1679106336,1114316.15037319,2600071.017537444
2010-06-07,2541677.744026633,1165535.634596,3707213.3786226334,2695.715,3224.461366666667,3274.630316,0.3,3707213.3786226334,1112164.01358679,2595049.365035843
2010-06-08,2541677.744026633,1183701.841214,3725379.585240633,2699.336,3217.145525,3273.6701120000002,0.3,3725379.585240633,1117613.87557219,2607765.7096684435
2010-06-09,2541677.744026633,1213031.437193,3754709.1812196337,2782.133,3210.5381333333335,3272.98364,0.3,3754709.1812196337,1126412.75436589,2628296.4268537434
2010-06-10,2541677.744026633,1215315.9573449995,3756993.701371633,2750.023,3203.348716666667,3272.2265079999997,0.3,3756993.701371633,1127098.1104114898,2629895.590960143
2010-06-11,2541677.744026633,1203402.7089719998,3745080.4529986335,2758.866,3196.478091666667,3271.46806,0.3,3745080.4529986335,1123524.13589959,2621556.317099043
2010-06-17,2541677.744026633,1190152.7124690004,3731830.456495634,2742.733,3189.661508333333,3270.5967680000003,0.3,3731830.456495634,1119549.13694869,2612281.3195469435
2010-06-18,2541677.744026633,1138043.550438,3679721.294464634,2696.166,3183.1282833333335,3269.4230519999996,0.3,3679721.294464634,1103916.38833939,2575804.9061252438
2010-06-21,2541677.744026633,1169810.3470480002,3711488.0910746334,2780.663,3178.0360166666665,3268.699188,0.3,3711488.0910746334,1113446.42732239,2598041.6637522434
2010-06-22,2541677.744026633,1180315.960776,3721993.704802633,2783.72,3172.9285,3268.208924,0.3,3721993.704802633,1116598.11144079,2605395.593361843
2010-06-23,2541677.744026633,1176912.2098689997,3718589.953895633,2758.495,3168.3697666666662,3267.378136,0.3,3718589.953895633,1115576.9861686898,2603012.967726943
2010-06-24,2541677.744026633,1175693.4128090006,3717371.156835634,2757.498,3163.5449166666667,3266.563248,0.3,3717371.156835634,1115211.34705069,2602159.8097849437
2010-06-25,2541677.744026633,1156544.2807590002,3698222.0247856337,2736.287,3157.6904999999997,3265.4660440000002,0.3,3698222.0247856337,1109466.60743569,2588755.417349944
2010-06-28,2541677.744026633,1133971.632765,3675649.3767916337,2716.777,3151.79045,3264.10344,0.3,3675649.3767916337,1102694.81303749,2572954.5637541437
2010-06-29,2541677.744026633,1062495.986291,3604173.7303176336,2592.019,3144.4036666666666,3262.151512,0.3,3604173.7303176336,1081252.11909529,2522921.6112223435
2010-06-30,2541677.744026633,1037089.4010799996,3578767.145106633,2563.07,3136.589775,3260.07354,0.3,3578767.145106633,1073630.14353199,2505137.001574643
2010-07-01,2541677.744026633,1023973.618339,3565651.362365633,2526.071,3127.9832249999995,3257.842244,0.3,3565651.362365633,1069695.4087096897,2495955.9536559433
2010-07-02,2541677.744026633,1020999.7752369996,3562677.519263633,2534.105,3119.3034,3255.4957440000003,0.3,3562677.519263633,1068803.2557790899,2493874.263484543
2010-07-05,2541677.744026633,1013870.50348,3555548.2475066334,2512.651,3110.7819166666663,3253.0746639999998,0.3,3555548.2475066334,1066664.47425199,2488883.773254643
2010-07-06,2541677.744026633,1042613.9747770004,3584291.718803634,2562.902,3102.4391166666665,3250.812588,0.3,3584291.718803634,1075287.5156410902,2509004.2031625435
2010-07-07,2541677.744026633,1054192.6197939997,3595870.363820633,2580.477,3094.4287,3248.414608,0.3,3595870.363820633,1078761.1091461899,2517109.254674443
2010-07-08,2541677.744026633,1047293.20937,3588970.9533966333,2575.921,3086.9659083333336,3246.052396,0.3,3588970.9533966333,1076691.28601899,2512279.6673776433
2010-07-09,2541677.744026633,1078146.2363320002,3619823.9803586337,2647.104,3080.024025,3243.6892,0.3,3619823.9803586337,1085947.19410759,2533876.786251044
2010-07-12,2541677.744026633,1089309.5483539994,3630987.292380633,2676.218,3073.3087416666667,3241.264636,0.3,3630987.292380633,1089296.1877141898,2541691.104666443
2010-07-13,2541677.744026633,1075918.826585,3617596.570611634,2634.593,3065.80605,3238.494468,0.3,3617596.570611634,1085278.97118349,2532317.599428144
2010-07-14,2541677.744026633,1090684.725795,3632362.469821634,2653.609,3059.409925,3235.609892,0.3,3632362.469821634,1089708.74094649,2542653.7288751435
2010-07-15,2541677.744026633,1065809.009535,3607486.7535616336,2608.519,3052.2388250000004,3232.681996,0.3,3607486.7535616336,1082246.02606849,2525240.7274931436
2010-07-16,2541677.744026633,1071879.8246189996,3613557.568645633,2616.128,3045.017075,3229.737432,0.3,3613557.568645633,1084067.2705936898,2529490.298051943
2010-07-19,2541677.744026633,1097550.6499490002,3639228.3939756337,2682.472,3038.198641666667,3226.882104,0.3,3639228.3939756337,1091768.51819269,2547459.8757829433
2010-07-20,2541677.744026633,1130257.9469109997,3671935.6909376327,2741.503,3031.815483333333,3224.254876,0.3,3671935.6909376327,1101580.7072812899,2570354.983656343
2010-07-21,2541677.744026633,1131915.8777340003,3673593.621760634,2747.335,3026.422991666667,3221.8001719999997,0.3,3673593.621760634,1102078.0865281902,2571515.5352324434
2010-07-22,2541677.744026633,1150883.5315650003,3692561.275591634,2781.286,3021.195591666667,3219.106304,0.3,3692561.275591634,1107768.3826774901,2584792.8929141443
2010-07-23,2541677.744026633,1148845.315539,3690523.0595656335,2793.076,3016.419583333334,3216.305388,0.3,3690523.0595656335,1107156.91786969,2583366.1416959437
2010-07-26,2541677.744026633,1166098.9712480002,3707776.715274634,2811.055,3012.1115916666668,3213.544648,0.3,3707776.715274634,1112333.0145823902,2595443.700692244
2010-07-27,2541677.744026633,1159819.4998569998,3701497.243883633,2795.724,3008.385983333333,3210.6483080000003,0.3,3701497.243883633,1110449.17316509,2591048.070718543
2010-07-28,2541677.744026633,1183972.6611380002,3725650.405164634,2863.724,3005.595633333333,3207.738712,0.3,3725650.405164634,1117695.12154939,2607955.2836152436
2010-07-29,2541677.744026633,1197177.428129,3738855.1721556336,2877.976,3002.8573499999998,3205.0912879999996,0.3,3738855.1721556336,1121656.5516466901,2617198.6205089437
2010-07-30,2541677.744026633,1194363.6772270005,3736041.4212536337,2868.846,3000.0631083333337,3202.1389759999997,0.3,3736041.4212536337,1120812.4263760902,2615228.9948775433
2010-08-02,2541677.744026633,1212806.8135750005,3754484.5576016335,2917.275,2998.1011750000002,3199.2002,0.3,3754484.5576016335,1126345.36728049,2628139.1903211437
2010-08-03,1813948.7061504475,1905889.049383,3719837.755533448,2865.971,2995.766025,3195.9938600000005,0.3,3719837.755533448,1115951.3266600342,2603886.4288734137
2010-08-04,1813948.7061504475,1923616.992443,3737565.698593448,2876.434,2992.8136833333333,3192.5250920000003,0.3,3737565.698593448,1121269.7095780342,2616295.9890154134
2010-08-05,1813948.7061504475,1943875.427057,3757824.133207448,2850.829,2989.7472416666665,3188.905136,0.3,3757824.133207448,1127347.2399622344,2630476.8932452137
2010-08-06,1813948.7061504475,1982349.995988,3796298.702138447,2897.659,2987.6186749999997,3186.26174,0.3,3796298.702138447,1138889.6106415342,2657409.0914969128
2010-08-09,1813948.7061504475,2014311.063108,3828259.769258447,2918.241,2985.6791166666667,3183.3954320000003,0.3,3828259.769258447,1148477.9307775341,2679781.838480913
2010-08-10,1813948.7061504475,1956624.8872460003,3770573.593396448,2832.638,2982.8745166666663,3179.7874960000004,0.3,3770573.593396448,1131172.0780189345,2639401.5153775136
2010-08-11,1813948.7061504475,1984495.254484,3798443.960634447,2850.211,2979.841858333333,3176.040208,0.3,3798443.960634447,1139533.188190334,2658910.772444113
2010-08-12,1813948.7061504475,1963790.243761,3777738.9499114472,2816.386,2976.4750916666667,3172.159292,0.3,3777738.9499114472,1133321.684973434,2644417.264938013
2010-08-13,1813948.7061504475,1987074.4052009997,3801023.111351447,2855.547,2973.1773333333335,3168.617736,0.3,3801023.111351447,1140306.933405434,2660716.1779460134
2010-08-16,1813948.7061504475,2031287.3334759995,3845236.039626447,2922.083,2970.5834833333333,3165.653588,0.3,3845236.039626447,1153570.811887934,2691665.2277385127
2010-08-17,1813948.7061504475,2045958.486088,3859907.1922384473,2942.291,2968.447291666667,3163.2023720000007,0.3,3859907.1922384473,1157972.1576715342,2701935.034566913
2010-08-18,1813948.7061504475,2058668.967083,3872617.673233448,2937.362,2965.88795,3160.773664,0.3,3872617.673233448,1161785.3019700344,2710832.3712634137
2010-08-19,1813948.7061504475,2055477.628291,3869426.334441447,2955.395,2963.0818416666666,3158.369744,0.3,3869426.334441447,1160827.900332434,2708598.434109013
2010-08-20,1813948.7061504475,2016738.108439,3830686.8145894473,2898.333,2959.8874,3156.373476,0.3,3830686.8145894473,1149206.044376834,2681480.770212613
2010-08-23,1813948.7061504475,2034562.931451,3848511.6376014473,2896.192,2956.318808333333,3154.194964,0.3,3848511.6376014473,1154553.4912804342,2693958.146321013
2010-08-24,1813948.7061504475,2067464.897034,3881413.603184447,2911.827,2952.9904,3152.4644240000002,0.3,3881413.603184447,1164424.080955334,2716989.522229113
2010-08-25,1813948.7061504475,2021238.508812,3835187.214962447,2843.023,2948.889916666667,3151.275432,0.3,3835187.214962447,1150556.164488734,2684631.0504737133
2010-08-26,1813948.7061504475,2041013.288981,3854961.995131448,2850.093,2945.552583333333,3149.98786,0.3,3854961.995131448,1156488.5985394344,2698473.3965920135
2010-08-27,1813948.7061504475,2046432.3948620004,3860381.101012448,2858.566,2942.2092666666667,3149.363852,0.3,3860381.101012448,1158114.3303037344,2702266.7707087137
2010-08-30,1813948.7061504475,2102148.8465070003,3916097.552657448,2915.01,2939.1162,3148.446332,0.3,3916097.552657448,1174829.2657972344,2741268.2868602136
2010-08-31,1813948.7061504475,2132852.061461,3946800.767611447,2903.188,2935.760575,3147.244588,0.3,3946800.767611447,1184040.230283434,2762760.5373280128
2010-09-01,1813948.7061504475,2099297.488058999,3913246.194209446,2884.042,2932.4634749999996,3145.862356,0.3,3913246.194209446,1173973.858262834,2739272.335946612
2010-09-02,1813948.7061504475,2150490.7006840003,3964439.406834448,2921.393,2929.502541666667,3145.108608,0.3,3964439.406834448,1189331.8220503344,2775107.584784114
2010-09-03,1813948.7061504475,2173365.603574,3987314.3097244473,2920.205,2926.8948666666665,3144.099884,0.3,3987314.3097244473,1196194.2929173342,2791120.016807113
2010-09-06,1813948.7061504475,2157978.981252,3971927.687402448,2975.09,2925.1607583333334,3143.37504,0.6,3971927.687402448,2383156.612441469,1588771.0749609792
2010-09-07,1813948.7061504475,2181325.766069,3995274.472219448,2983.108,2923.3202333333334,3143.120348,0.6,3995274.472219448,2397164.683331669,1598109.7888877792
2010-09-08,1813948.7061504475,2208969.533987,4022918.240137448,2980.967,2920.878991666667,3143.723132,0.6,4022918.240137448,2413750.9440824687,1609167.2960549793
2010-09-09,1813948.7061504475,2187232.458293,4001181.1644434473,2926.46,2918.036533333333,3144.054172,0.6,4001181.1644434473,2400708.6986660683,1600472.465777379
2010-09-10,1813948.7061504475,2216237.808908,4030186.515058448,2932.554,2915.0255583333333,3144.220684,0.6,4030186.515058448,2418111.909035069,1612074.6060233791
2010-09-13,1813948.7061504475,2250164.6740490007,4064113.380199448,2962.319,2912.1896500000003,3143.8621040000003,0.6,4064113.380199448,2438468.028119669,1625645.3520797794
2010-09-14,1813948.7061504475,2259489.974042,4073438.6801924473,2965.009,2909.601616666667,3143.4135720000004,0.6,4073438.6801924473,2444063.2081154683,1629375.472076979
2010-09-15,1813948.7061504475,2227317.0619189995,4041265.768069447,2913.194,2906.572658333333,3142.6495160000004,0.6,4041265.768069447,2424759.4608416683,1616506.3072277787
2010-09-16,1813948.7061504475,2173382.731332,3987331.437482448,2857.789,2903.4781666666668,3141.396804,0.3,3987331.437482448,1196199.4312447342,2791132.0062377136
2010-09-17,1813948.7061504475,2161252.029545,3975200.735695447,2861.369,2900.0312249999997,3140.0626439999996,0.3,3975200.735695447,1192560.220708634,2782640.514986813
2010-09-20,1813948.7061504475,2132028.0247919997,3945976.730942447,2849.828,2895.7919583333337,3138.8103,0.3,3945976.730942447,1183793.019282734,2762183.711659713
2010-09-21,1813948.7061504475,2124561.7981430003,3938510.504293448,2857.476,2891.5483583333335,3137.287672,0.3,3938510.504293448,1181553.1512880344,2756957.3530054134
2010-09-27,1813948.7061504475,2185817.853898,3999766.560048447,2905.029,2887.8768750000004,3135.7342120000003,0.6,3999766.560048447,2399859.936029068,1599906.6240193788
2010-09-28,1813948.7061504475,2193218.4852340003,4007167.191384448,2880.907,2883.618308333333,3134.047272,0.3,4007167.191384448,1202150.1574153344,2805017.0339691136
2010-09-29,1813948.7061504475,2165145.164558,3979093.870708447,2874.812,2879.180525,3132.513576,0.3,3979093.870708447,1193728.161212534,2785365.7094959132
2010-09-30,1813948.7061504475,2193209.375213,4007158.081363447,2935.574,2875.2674333333334,3130.975488,0.6,4007158.081363447,2404294.848818068,1602863.232545379
2010-10-08,1813948.7061504475,2251258.4379259995,4065207.144076447,3044.233,2872.4114666666665,3130.3536639999998,0.6,4065207.144076447,2439124.286445868,1626082.8576305788
2010-10-11,1813948.7061504475,2268993.849751,4082942.5559014464,3132.895,2870.629391666667,3130.0508280000004,1.0,4082942.5559014464,4082942.5559014464,0.0
2010-10-12,1813948.7061504475,2280878.339505,4094827.045655447,3172.726,2868.9090250000004,3130.217628,1.0,4094827.045655447,4094827.045655447,0.0
2010-10-13,1813948.7061504475,2274437.7963359994,4088386.502486447,3217.577,2867.7931833333337,3130.8476600000004,1.0,4088386.502486447,4088386.502486447,0.0
2010-10-14,1813948.7061504475,2207702.097798,4021650.803948447,3224.14,2866.396716666667,3131.4205159999997,1.0,4021650.803948447,4021650.803948447,0.0
2010-10-15,1813948.7061504475,2223625.1617,4037573.867850447,3327.683,2865.7631833333335,3132.497136,1.0,4037573.867850447,4037573.867850447,0.0
2010-10-18,1813948.7061504475,2181690.571171,3995639.277321447,3306.16,2865.0264,3133.831204,1.0,3995639.277321447,3995639.277321447,0.0
2010-10-19,1813948.7061504475,2251047.7673619995,4064996.473512447,3375.674,2865.1875833333334,3135.444756,1.0,4064996.473512447,4064996.473512447,0.0
2010-10-20,1813948.7061504475,2259899.566015,4073848.272165448,3396.879,2867.0247166666663,3137.013052,1.0,4073848.272165448,4073848.272165448,0.0
2010-10-21,1813948.7061504475,2290224.0933120004,4104172.799462448,3374.685,2868.7023083333333,3137.85696,1.0,4104172.799462448,4104172.799462448,0.0
2010-10-22,1813948.7061504475,2314948.2813540003,4128896.987504448,3378.655,2869.885441666667,3138.765052,1.0,4128896.987504448,4128896.987504448,0.0
2010-10-25,1813948.7061504475,2370907.544309,4184856.250459448,3481.081,2872.2149416666666,3139.895308,1.0,4184856.250459448,4184856.250459448,0.0
2010-10-26,1813948.7061504475,2391069.945346,4205018.651496448,3466.084,2874.515616666666,3140.850048,1.0,4205018.651496448,4205018.651496448,0.0
2010-10-27,1813948.7061504475,2373702.0463829995,4187650.752533447,3403.872,2876.4479083333335,3141.506964,1.0,4187650.752533447,4187650.752533447,0.0
2010-10-28,1813948.7061504475,2378899.606788,4192848.312938447,3397.692,2878.8586,3142.1308959999997,1.0,4192848.312938447,4192848.312938447,0.0
2010-10-29,1813948.7061504475,2420256.652371001,4234205.358521448,3379.983,2881.21385,3142.334196,1.0,4234205.358521448,4234205.358521448,0.0
2010-11-01,1813948.7061504475,2489042.548316999,4302991.254467446,3472.995,2884.6549416666667,3142.7158799999997,1.0,4302991.254467446,4302991.254467446,0.0
2010-11-02,826347.7038537161,3448720.1568019995,4275067.860655716,3463.131,2887.9529916666665,3143.091264,1.0,4275067.860655716,4275067.860655716,0.0
2010-11-03,826347.7038537161,3376515.19645,4202862.900303716,3420.341,2891.2937583333332,3143.3833480000003,1.0,4202862.900303716,4202862.900303716,0.0
2010-11-04,826347.7038537161,3484555.079152999,4310902.783006715,3480.505,2894.9946833333333,3143.6523600000005,1.0,4310902.783006715,4310902.783006715,0.0
2010-11-05,826347.7038537161,3514254.438374001,4340602.142227718,3520.798,2900.1942,3144.078596,1.0,4340602.142227718,4340602.142227718,0.0
2010-11-08,826347.7038537161,3555956.131243,4382303.835096715,3548.566,2906.1256750000002,3145.013972,1.0,4382303.835096715,4382303.835096715,0.0
2010-11-09,826347.7038537161,3569660.191866,4396007.895719716,3523.954,2911.6733499999996,3145.79248,1.0,4396007.895719716,4396007.895719716,0.0
2010-11-10,826347.7038537161,3614102.433865,4440450.137718717,3499.111,2917.492466666667,3146.80072,1.0,4440450.137718717,4440450.137718717,0.0
2010-11-11,826347.7038537161,3567940.9821379995,4394288.685991716,3509.975,2923.2575916666665,3147.719132,1.0,4394288.685991716,4394288.685991716,0.0
2010-11-12,826347.7038537161,3336287.288567,4162634.992420716,3291.833,2926.6319416666665,3147.315252,1.0,4162634.992420716,4162634.992420716,0.0
2010-11-15,826347.7038537161,3406159.2532340004,4232506.957087716,3314.893,2930.355858333334,3146.833124,1.0,4232506.957087716,4232506.957087716,0.0
2010-11-16,826347.7038537161,3282417.381774,4108765.085627716,3169.538,2934.1460500000003,3145.695724,1.0,4108765.085627716,4108765.085627716,0.0
2010-11-17,826347.7038537161,3162657.143788999,3989004.847642715,3103.906,2936.9173666666666,3144.2540759999997,0.6,3989004.847642715,2393402.908585629,1595601.9390570861
2010-11-18,826347.7038537161,3215138.4385980004,4041486.1424517166,3147.962,2940.1322666666665,3142.9138399999997,1.0,4041486.1424517166,4041486.1424517166,0.0
2010-11-19,826347.7038537161,3295055.089819,4121402.793672716,3178.846,2943.9058,3141.646072,1.0,4121402.793672716,4121402.793672716,0.0
2010-11-22,826347.7038537161,3348405.4324600017,4174753.136313718,3171.941,2947.265383333333,3140.3187319999997,1.0,4174753.136313718,4174753.136313718,0.0
2010-11-23,826347.7038537161,3287928.115780998,4114275.819634714,3107.176,2949.2129416666667,3138.7647399999996,0.6,4114275.819634714,2468565.491780828,1645710.327853886
2010-11-24,826347.7038537161,3375741.848410001,4202089.552263716,3177.043,2952.2387750000003,3137.472944,1.0,4202089.552263716,4202089.552263716,0.0
2010-11-25,826347.7038537161,3394318.100587,4220665.804440716,3223.484,2955.6516083333336,3136.291992,1.0,4220665.804440716,4220665.804440716,0.0
2010-11-26,826347.7038537161,3378293.129900001,4204640.833753717,3194.853,2958.4422250000002,3134.5682119999997,1.0,4204640.833753717,4204640.833753717,0.0
2010-11-29,826347.7038537161,3387046.294736,4213393.998589715,3190.05,2961.2734583333336,3132.814996,1.0,4213393.998589715,4213393.998589715,0.0
2010-11-30,826347.7038537161,3312195.5901059997,4138543.2939597154,3136.985,2964.304466666667,3130.84202,1.0,4138543.2939597154,4138543.2939597154,0.0
2010-12-01,826347.7038537161,3311369.64111,4137717.344963716,3136.024,2967.5699833333333,3128.8163680000002,1.0,4137717.344963716,4137717.344963716,0.0
2010-12-02,826347.7038537161,3318594.070941,4144941.774794716,3155.059,2970.8827499999998,3126.9125520000002,1.0,4144941.774794716,4144941.774794716,0.0
2010-12-03,826347.7038537161,3311659.449223002,4138007.153076718,3158.156,2974.4000833333334,3124.8831399999995,1.0,4138007.153076718,4138007.153076718,0.0
2010-12-06,826347.7038537161,3258116.5525009995,4084464.256354716,3165.57,2977.9099083333335,3123.3531000000003,1.0,4084464.256354716,4084464.256354716,0.0
2010-12-07,826347.7038537161,3291629.7674159985,4117977.471269714,3200.339,2982.115108333333,3121.63594,1.0,4117977.471269714,4117977.471269714,0.0
2010-12-08,826347.7038537161,3299639.375028,4125987.078881717,3171.882,2986.052991666667,3120.380376,1.0,4125987.078881717,4125987.078881717,0.0
2010-12-09,826347.7038537161,3243934.239771998,4070281.943625714,3123.366,2988.8966,3119.3437999999996,1.0,4070281.943625714,4070281.943625714,0.0
2010-12-10,826347.7038537161,3294058.7167220004,4120406.420575717,3161.977,2992.3295500000004,3117.945032,1.0,4120406.420575717,4120406.420575717,0.0
2010-12-13,826347.7038537161,3376980.580856,4203328.284709716,3261.061,2996.514508333333,3116.745952,1.0,4203328.284709716,4203328.284709716,0.0
2010-12-14,826347.7038537161,3427787.498539,4254135.202392716,3269.474,3000.904016666667,3115.4345319999998,1.0,4254135.202392716,4254135.202392716,0.0
2010-12-15,826347.7038537161,3423868.099932001,4250215.803785717,3247.644,3005.499666666667,3114.0616040000004,1.0,4250215.803785717,4250215.803785717,0.0
2010-12-16,826347.7038537161,3420296.698648,4246644.402501715,3230.665,3009.2496833333335,3112.4103,1.0,4246644.402501715,4246644.402501715,0.0
2010-12-17,826347.7038537161,3439269.1253619995,4265616.829215716,3225.661,3012.9325250000006,3110.6376160000004,1.0,4265616.829215716,4265616.829215716,0.0
2010-12-20,826347.7038537161,3412637.689563999,4238985.393417715,3178.657,3016.433875,3108.856168,1.0,4238985.393417715,4238985.393417715,0.0
2010-12-21,826347.7038537161,3431352.997500999,4257700.701354715,3249.509,3020.533966666667,3107.6362919999997,1.0,4257700.701354715,4257700.701354715,0.0
2010-12-22,826347.7038537161,3407164.14,4233511.843853716,3215.453,3024.5270166666664,3106.189156,1.0,4233511.843853716,4233511.843853716,0.0
2010-12-23,826347.7038537161,3344598.828026,4170946.531879716,3188.607,3028.4589333333333,3104.6435039999997,1.0,4170946.531879716,4170946.531879716,0.0
2010-12-24,826347.7038537161,3294247.183104,4120594.886957716,3162.955,3033.2167333333337,3102.844312,1.0,4120594.886957716,4120594.886957716,0.0
2010-12-27,826347.7038537161,3188086.0999540007,4014433.803807717,3099.709,3037.688725,3100.909784,0.6,4014433.803807717,2408660.28228463,1605773.5215230868
2010-12-28,826347.7038537161,3117578.530533999,3943926.2343877153,3044.931,3042.012558333334,3098.8466160000003,0.6,3943926.2343877153,2366355.740632629,1577570.4937550863
2010-12-29,826347.7038537161,3182945.978977001,4009293.682830717,3061.83,3046.4102666666663,3097.173324,0.6,4009293.682830717,2405576.2096984303,1603717.4731322867
2010-12-30,826347.7038537161,3195712.3068329995,4022060.010686716,3064.098,3051.0056583333335,3095.862776,0.6,4022060.010686716,2413236.0064120297,1608824.0042746863
2010-12-31,826347.7038537161,3287123.3982370007,4113471.102090717,3128.261,3055.7169833333332,3094.789332,1.0,4113471.102090717,4113471.102090717,0.0
2011-01-04,826347.7038537161,3336689.115841,4163036.819694716,3189.682,3060.7936916666667,3094.325888,1.0,4163036.819694716,4163036.819694716,0.0
2011-01-05,826347.7038537161,3338723.595115,4165071.298968716,3175.662,3065.7915333333335,3093.682616,1.0,4165071.298968716,4165071.298968716,0.0
2011-01-06,826347.7038537161,3337633.003224,4163980.707077716,3159.643,3070.0626916666665,3092.56592,1.0,4163980.707077716,4163980.707077716,0.0
2011-01-07,826347.7038537161,3310336.604093001,4136684.307946717,3166.624,3074.149408333333,3091.533284,1.0,4136684.307946717,4136684.307946717,0.0
2011-01-10,826347.7038537161,3233116.92173,4059464.625583716,3108.187,3078.096025,3090.0523000000003,1.0,4059464.625583716,4059464.625583716,0.0
2011-01-11,826347.7038537161,3204450.8453370007,4030798.549190717,3124.922,3082.0236333333332,3088.54904,1.0,4030798.549190717,4030798.549190717,0.0
2011-01-12,826347.7038537161,3217705.575756001,4044053.279609717,3142.337,3086.4721166666664,3086.88296,1.0,4044053.279609717,4044053.279609717,0.0
2011-01-13,826347.7038537161,3217450.563868,4043798.267721716,3141.284,3090.8484166666667,3085.14536,1.0,4043798.267721716,4043798.267721716,0.0
2011-01-14,826347.7038537161,3156021.294962,3982368.998815716,3091.862,3094.26,3083.371892,0.3,3982368.998815716,1194710.6996447146,2787658.299171001
2011-01-17,826347.7038537161,3032093.321877999,3858441.0257317154,2974.35,3096.2003916666667,3081.01314,0.3,3858441.0257317154,1157532.3077195145,2700908.7180122007
2011-01-18,826347.7038537161,3036016.533968,3862364.237821716,2977.648,3098.1196666666665,3078.756824,0.3,3862364.237821716,1158709.2713465148,2703654.966475201
2011-01-19,826347.7038537161,3131160.346712,3957508.050565716,3044.851,3100.3160416666665,3077.050404,0.3,3957508.050565716,1187252.4151697147,2770255.635396001
2011-01-20,826347.7038537161,3019154.7958439994,3845502.499697716,2944.713,3101.579683333333,3074.908736,0.3,3845502.499697716,1153650.7499093148,2691851.749788401
2011-01-21,826347.7038537161,3042521.919996001,3868869.623849717,2983.456,3103.0163583333333,3072.914352,0.3,3868869.623849717,1160660.8871549151,2708208.7366948016
2011-01-24,826347.7038537161,2968064.774866999,3794412.4787207153,2954.232,3104.3372583333335,3070.5916160000006,0.3,3794412.4787207153,1138323.7436162145,2656088.735104501
2011-01-25,826347.7038537161,2902430.070815,3728777.774668716,2938.654,3104.961675,3068.6616559999998,0.3,3728777.774668716,1118633.3324006146,2610144.4422681015
2011-01-26,826347.7038537161,2965023.7383780004,3791371.4422317166,2978.431,3105.7987999999996,3066.699176,0.3,3791371.4422317166,1137411.432669515,2653960.009562202
2011-01-27,826347.7038537161,3020530.9348830017,3846878.638736718,3026.466,3107.1123,3064.874088,0.3,3846878.638736718,1154063.5916210152,2692815.0471157026
2011-01-28,826347.7038537161,3059123.8961950005,3885471.6000487166,3036.735,3108.1077999999998,3063.0182919999997,0.3,3885471.6000487166,1165641.480014615,2719830.1200341014
2011-01-31,826347.7038537161,3120237.9194159987,3946585.623269715,3076.508,3109.862275,3061.2943960000002,0.3,3946585.623269715,1183975.6869809143,2762609.9362888006
2011-02-01,358687.6095272234,3627137.486807999,3985825.096335222,3077.283,3111.5360166666665,3060.025792,0.3,3985825.096335222,1195747.5289005665,2790077.5674346555
2011-02-09,358687.6095272234,3607913.445857001,3966601.055384224,3040.949,3113.12035,3058.555292,0.3,3966601.055384224,1189980.3166152672,2776620.7387689566
2011-02-10,358687.6095272234,3697587.925072999,4056275.534600222,3104.163,3114.841216666667,3057.5071560000006,0.3,4056275.534600222,1216882.6603800666,2839392.874220155
2011-02-11,358687.6095272234,3721437.6892380007,4080125.298765224,3120.956,3116.530508333333,3056.678924,1.0,4080125.298765224,4080125.298765224,0.0
2011-02-14,358687.6095272234,3777374.811786,4136062.421313224,3219.143,3119.7513833333337,3056.5843079999995,1.0,4136062.421313224,4136062.421313224,0.0
2011-02-15,358687.6095272234,3825918.5875110016,4184606.197038225,3217.671,3122.81355,3056.660728,1.0,4184606.197038225,4184606.197038225,0.0
2011-02-16,358687.6095272234,3883654.477216001,4242342.086743224,3248.527,3126.414725,3056.828556,1.0,4242342.086743224,4242342.086743224,0.0
2011-02-17,358687.6095272234,3931310.5171990017,4289998.126726225,3245.907,3129.667725,3056.995564,1.0,4289998.126726225,4289998.126726225,0.0
2011-02-18,358687.6095272234,3899977.007321,4258664.616848223,3211.876,3132.0826666666667,3057.2322400000003,1.0,4258664.616848223,4258664.616848223,0.0
2011-02-21,358687.6095272234,3985633.639167,4344321.248694223,3257.908,3134.7128083333328,3057.679116,1.0,4344321.248694223,4344321.248694223,0.0
2011-02-22,358687.6095272234,3887926.23083,4246613.840357224,3163.578,3136.597941666667,3057.410568,1.0,4246613.840357224,4246613.840357224,0.0
2011-02-23,358687.6095272234,3926944.150392,4285631.759919223,3174.742,3138.4258333333332,3057.234328,1.0,4285631.759919223,4285631.759919223,0.0
2011-02-24,358687.6095272234,3937574.624508,4296262.234035223,3190.935,3140.864183333333,3057.3857199999998,1.0,4296262.234035223,4296262.234035223,0.0
2011-02-25,358687.6095272234,3936754.2345850016,4295441.844112225,3197.617,3143.3760583333337,3057.572236,1.0,4295441.844112225,4295441.844112225,0.0
2011-02-28,358687.6095272234,3977498.905016,4336186.514543223,3239.559,3146.1071583333332,3057.853712,1.0,4336186.514543223,4336186.514543223,0.0
2011-03-01,358687.6095272234,4002880.539887,4361568.149414223,3254.893,3149.539408333333,3058.016764,1.0,4361568.149414223,4361568.149414223,0.0
2011-03-02,358687.6095272234,3987408.107161,4346095.716688224,3243.298,3152.816116666667,3058.108364,1.0,4346095.716688224,4346095.716688224,0.0
2011-03-03,358687.6095272234,3921023.476335,4279711.085862223,3221.718,3155.8423833333336,3057.9901240000004,1.0,4279711.085862223,4279711.085862223,0.0
2011-03-04,358687.6095272234,3947229.138232,4305916.747759223,3270.666,3158.806183333333,3058.139408,1.0,4305916.747759223,4305916.747759223,0.0
2011-03-07,358687.6095272234,3989754.3693,4348441.978827223,3334.51,3162.4005333333334,3058.682912,1.0,4348441.978827223,4348441.978827223,0.0
2011-03-08,358687.6095272234,4021044.399878001,4379732.009405225,3337.457,3166.1789916666667,3059.054808,1.0,4379732.009405225,4379732.009405225,0.0
2011-03-09,358687.6095272234,4045967.083377001,4404654.692904225,3338.858,3169.6578666666665,3059.2417279999995,1.0,4404654.692904225,4404654.692904225,0.0
2011-03-10,358687.6095272234,4014520.894469,4373208.503996224,3280.259,3172.658316666667,3059.2361,1.0,4373208.503996224,4373208.503996224,0.0
2011-03-11,358687.6095272234,4002029.000125,4360716.609652223,3247.376,3174.9273666666663,3058.927912,1.0,4360716.609652223,4360716.609652223,0.0
2011-03-14,358687.6095272234,4019099.579097001,4377787.188624225,3262.92,3177.259133333333,3058.734648,1.0,4377787.188624225,4377787.188624225,0.0
2011-03-15,358687.6095272234,3996661.766997999,4355349.376525222,3203.961,3179.1174166666665,3058.210168,1.0,4355349.376525222,4355349.376525222,0.0
2011-03-16,358687.6095272234,4062290.941564,4420978.551091224,3248.195,3181.7985416666666,3058.200656,1.0,4420978.551091224,4420978.551091224,0.0
2011-03-17,358687.6095272234,3982795.578033,4341483.187560223,3197.1,3184.0030916666665,3057.95,1.0,4341483.187560223,4341483.187560223,0.0
2011-03-18,358687.6095272234,3994102.157543,4352789.767070224,3215.685,3186.1144750000003,3057.668028,1.0,4352789.767070224,4352789.767070224,0.0
2011-03-21,358687.6095272234,3952608.8799259993,4311296.489453223,3207.11,3188.131983333333,3057.2730159999996,1.0,4311296.489453223,4311296.489453223,0.0
2011-03-22,358687.6095272234,3952198.506923,4310886.116450223,3222.961,3190.7133750000003,3057.0460839999996,1.0,4310886.116450223,4310886.116450223,0.0
2011-03-23,358687.6095272234,4000235.531836999,4358923.141364222,3264.926,3194.106183333334,3056.998968,1.0,4358923.141364222,4358923.141364222,0.0
2011-03-24,358687.6095272234,3992523.9528230014,4351211.562350225,3251.361,3197.356116666667,3057.071908,1.0,4351211.562350225,4351211.562350225,0.0
2011-03-25,358687.6095272234,4026504.259806,4385191.869333223,3294.484,3201.061583333333,3057.5171119999995,1.0,4385191.869333223,4385191.869333223,0.0
2011-03-28,358687.6095272234,4027242.669821,4385930.279348224,3290.571,3204.670708333333,3057.863512,1.0,4385930.279348224,4385930.279348224,0.0
2011-03-29,358687.6095272234,3963625.649254999,4322313.258782223,3257.979,3207.6119583333334,3057.799764,1.0,4322313.258782223,4322313.258782223,0.0
2011-03-30,358687.6095272234,3931160.408821998,4289848.018349222,3256.08,3210.7384,3057.753864,1.0,4289848.018349222,4289848.018349222,0.0
2011-03-31,358687.6095272234,3884356.395410002,4243044.004937226,3223.288,3213.6423666666665,3057.471532,1.0,4243044.004937226,4243044.004937226,0.0
2011-04-01,358687.6095272234,3907055.899024001,4265743.508551224,3272.729,3216.4519916666663,3057.3519359999996,1.0,4265743.508551224,4265743.508551224,0.0
2011-04-06,358687.6095272234,3898655.654671,4257343.264198224,3311.067,3218.6756083333335,3057.493912,1.0,4257343.264198224,4257343.264198224,0.0
2011-04-07,358687.6095272234,3919440.369226999,4278127.978754222,3324.419,3220.2716416666667,3057.684912,1.0,4278127.978754222,4278127.978754222,0.0
2011-04-08,358687.6095272234,3965353.5244839983,4324041.134011222,3353.358,3221.7769083333333,3058.1818319999998,1.0,4324041.134011222,4324041.134011222,0.0
2011-04-11,358687.6095272234,3959923.7905990006,4318611.400126224,3333.427,3222.7423249999997,3058.415532,1.0,4318611.400126224,4318611.400126224,0.0
2011-04-12,358687.6095272234,3928189.28546,4286876.894987223,3326.771,3223.597583333333,3058.2884559999998,1.0,4286876.894987223,4286876.894987223,0.0
2011-04-13,358687.6095272234,3958426.038600999,4317113.648128223,3372.031,3223.96715,3058.309748,1.0,4317113.648128223,4317113.648128223,0.0
2011-04-14,358687.6095272234,3964850.160360999,4323537.769888222,3353.56,3224.36215,3058.34156,1.0,4323537.769888222,4323537.769888222,0.0
2011-04-15,358687.6095272234,3958367.209663,4317054.819190224,3358.944,3224.2227333333335,3058.2095959999997,1.0,4317054.819190224,4317054.819190224,0.0
2011-04-18,358687.6095272234,3964183.388095,4322870.997622223,3359.438,3223.910725,3058.0179639999997,1.0,4322870.997622223,4322870.997622223,0.0
2011-04-19,358687.6095272234,3918117.650490999,4276805.260018223,3295.812,3223.2534500000006,3057.5806319999997,1.0,4276805.260018223,4276805.260018223,0.0
2011-04-20,358687.6095272234,3952598.513677001,4311286.123204224,3295.758,3222.5626416666664,3057.2158680000002,1.0,4311286.123204224,4311286.123204224,0.0
2011-04-21,358687.6095272234,3977736.393900001,4336424.003427224,3317.367,3221.1983583333335,3057.09836,1.0,4336424.003427224,4336424.003427224,0.0
2011-04-22,358687.6095272234,3950214.274647998,4308901.884175221,3299.942,3219.813841666667,3056.781448,1.0,4308901.884175221,4308901.884175221,0.0
2011-04-25,358687.6095272234,3890678.8639710015,4249366.473498225,3249.574,3218.528025,3056.373832,1.0,4249366.473498225,4249366.473498225,0.0
2011-04-26,358687.6095272234,3838387.7852500007,4197075.394777224,3230.96,3217.138591666667,3055.7308080000003,1.0,4197075.394777224,4197075.394777224,0.0
2011-04-27,358687.6095272234,3786175.739296001,4144863.348823224,3209.503,3215.717925,3054.953992,0.3,4144863.348823224,1243459.0046469672,2901404.344176257
2011-04-28,358687.6095272234,3669797.467444,4028485.076971223,3161.776,3213.1244333333334,3054.0227999999997,0.3,4028485.076971223,1208545.523091367,2819939.553879856
2011-04-29,358687.6095272234,3726751.178036,4085438.787563223,3192.723,3210.871033333334,3053.368364,0.3,4085438.787563223,1225631.6362689668,2859807.151294256
2011-05-03,358687.6095272234,3765375.705313999,4124063.3148412234,3211.132,3209.127625,3053.5071999999996,1.0,4124063.3148412234,4124063.3148412234,0.0
2011-05-04,714802.7399927364,3294002.8775950004,4008805.617587737,3129.028,3206.19865,3053.329816,0.3,4008805.617587737,1202641.685276321,2806163.9323114157
2011-05-05,714802.7399927364,3295782.248496,4010584.988488737,3126.117,3202.9096416666666,3052.887568,0.3,4010584.988488737,1203175.496546621,2807409.491942116
2011-05-06,714802.7399927364,3314769.8655130006,4029572.605505737,3121.396,3199.3498916666663,3052.566988,0.3,4029572.605505737,1208871.781651721,2820700.823854016
2011-05-09,714802.7399927364,3349340.4185980004,4064143.158590737,3129.759,3196.0649333333336,3052.326012,0.3,4064143.158590737,1219242.947577221,2844900.2110135155
2011-05-10,714802.7399927364,3380238.5830380004,4095041.3230307368,3153.221,3193.1825166666667,3052.2509080000004,0.3,4095041.3230307368,1228512.396909221,2866528.9261215157
2011-05-11,714802.7399927364,3395039.1499900008,4109841.889982737,3145.085,3190.1417666666666,3052.397612,0.3,4109841.889982737,1232952.5669948212,2876889.322987916
2011-05-12,714802.7399927364,3337261.427841,4052064.167833736,3101.603,3188.5565166666665,3052.414612,0.3,4052064.167833736,1215619.2503501207,2836444.9174836157
2011-05-13,714802.7399927364,3388391.548516,4103194.288508736,3128.093,3186.9998499999997,3052.686728,0.3,4103194.288508736,1230958.2865526208,2872236.0019561155
2011-05-16,714802.7399927364,3394068.9228840005,4108871.662876737,3100.463,3186.424225,3052.81912,0.3,4108871.662876737,1232661.498863021,2876210.164013716
2011-05-17,714802.7399927364,3367177.269417,4081980.009409736,3116.028,3186.525241666667,3053.205436,0.3,4081980.009409736,1224594.0028229207,2857386.006586815
2011-05-18,714802.7399927364,3372431.258497999,4087233.998490736,3139.379,3186.4537166666673,3053.617376,0.3,4087233.998490736,1226170.1995472207,2861063.798943515
2011-05-19,714802.7399927364,3374844.0999330007,4089646.839925737,3120.639,3185.968658333333,3054.512508,0.3,4089646.839925737,1226894.051977721,2862752.787948016
2011-05-20,714802.7399927364,3358512.228523001,4073314.9685157374,3121.596,3185.549116666667,3055.6517360000003,0.3,4073314.9685157374,1221994.490554721,2851320.4779610164
2011-05-23,714802.7399927364,3222542.825046,3937345.565038736,3022.98,3184.847483333333,3056.310724,0.3,3937345.565038736,1181203.6695116207,2756141.895527115
2011-05-24,714802.7399927364,3217273.8351660017,3932076.575158738,3026.223,3183.5906499999996,3057.2123479999996,0.3,3932076.575158738,1179622.9725476215,2752453.6026111166
2011-05-25,714802.7399927364,3192017.001929001,3906819.741921737,2990.343,3181.647808333333,3057.9010799999996,0.3,3906819.741921737,1172045.922576521,2734773.819345216
2011-05-26,714802.7399927364,3155459.77657,3870262.516562736,2978.381,3179.8438749999996,3058.26696,0.3,3870262.516562736,1161078.7549688208,2709183.7615939155
2011-05-27,714802.7399927364,3041376.9346500007,3756179.674642737,2963.308,3177.9543583333334,3058.6481,0.3,3756179.674642737,1126853.9023928212,2629325.7722499156
2011-05-30,714802.7399927364,2964996.163768001,3679798.903760737,2954.506,3176.4337,3059.6072639999998,0.3,3679798.903760737,1103939.671128221,2575859.232632516
2011-05-31,714802.7399927364,3030101.941402001,3744904.681394737,3001.556,3175.3131333333336,3060.528096,0.3,3744904.681394737,1123471.4044184212,2621433.2769763162
2011-06-01,714802.7399927364,3063151.792298,3777954.532290736,3004.173,3174.05575,3061.496092,0.3,3777954.532290736,1133386.3596872208,2644568.1726035154
2011-06-02,714802.7399927364,3026828.203511001,3741630.943503738,2955.705,3172.3686583333333,3062.414824,0.3,3741630.943503738,1122489.2830511213,2619141.6604526164
2011-06-03,714802.7399927364,3090490.810167001,3805293.5501597375,2986.349,3170.87515,3063.2850559999997,0.3,3805293.5501597375,1141588.0650479211,2663705.4851118163
2011-06-07,714802.7399927364,3127105.92393,3841908.663922736,3004.262,3169.241175,3063.808228,0.3,3841908.663922736,1152572.5991768208,2689336.064745915
2011-06-08,714802.7399927364,3171488.19029,3886290.930282736,3008.652,3167.8809249999995,3064.587064,0.3,3886290.930282736,1165887.2790848208,2720403.6511979154
2011-06-09,714802.7399927364,3095505.055575002,3810307.7955677374,2951.889,3166.45195,3065.138844,0.3,3810307.7955677374,1143092.3386703213,2667215.456897416
2011-06-10,714802.7399927364,3114999.941968,3829802.681960736,2961.932,3164.784908333333,3065.546656,0.3,3829802.681960736,1148940.8045882208,2680861.8773725154
2011-06-13,714802.7399927364,3111468.481447001,3826271.221439738,2950.348,3162.1956333333333,3065.94684,0.3,3826271.221439738,1147881.3664319213,2678389.8550078166
2011-06-14,714802.7399927364,3158959.639752,3873762.379744737,2993.559,3159.8963416666666,3066.82802,0.3,3873762.379744737,1162128.713923421,2711633.6658213157
2011-06-15,714802.7399927364,3129755.557379,3844558.297371736,2963.119,3157.5253,3067.703848,0.3,3844558.297371736,1153367.4892115206,2691190.808160215
2011-06-16,714802.7399927364,3048881.228350001,3763683.968342737,2917.578,3154.916241666667,3068.344052,0.3,3763683.968342737,1129105.190502821,2634578.777839916
2011-06-17,714802.7399927364,3014938.485500001,3729741.225492737,2892.157,3152.1370416666664,3068.9683760000003,0.3,3729741.225492737,1118922.367647821,2610818.8578449157
2011-06-20,714802.7399927364,2987391.0141520007,3702193.754144737,2874.896,3149.6057,3069.4903959999997,0.3,3702193.754144737,1110658.126243421,2591535.6279013157
2011-06-21,714802.7399927364,3031879.4420839995,3746682.182076736,2909.073,3146.7687333333333,3070.343828,0.3,3746682.182076736,1124004.6546230207,2622677.527453715
2011-06-22,714802.7399927364,3036346.0999860005,3751148.839978737,2908.582,3144.2114750000005,3071.180812,0.3,3751148.839978737,1125344.651993621,2625804.1879851157
2011-06-23,714802.7399927364,3088252.5541860024,3803055.2941787383,2957.629,3142.2866583333334,3071.882796,0.3,3803055.2941787383,1140916.5882536215,2662138.705925117
2011-06-24,714802.7399927364,3149774.108981001,3864576.8489737376,3027.47,3141.1576166666664,3072.992584,0.3,3864576.8489737376,1159373.0546921212,2705203.7942816163
2011-06-27,714802.7399927364,3192011.034001003,3906813.7739937394,3036.491,3140.6308,3074.103084,0.3,3906813.7739937394,1172044.1321981219,2734769.6417956175
2011-06-28,714802.7399927364,3202671.430534,3917474.170526736,3041.734,3140.604158333333,3075.299088,0.3,3917474.170526736,1175242.2511580207,2742231.919368715
2011-06-29,714802.7399927364,3150070.916699,3864873.656691737,3000.169,3140.090316666667,3076.5151,0.3,3864873.656691737,1159462.097007521,2705411.559684216
2011-06-30,714802.7399927364,3190115.8244220004,3904918.564414737,3044.089,3139.9235750000003,3077.568804,0.3,3904918.564414737,1171475.569324421,2733442.995090316
2011-07-01,714802.7399927364,3218640.593024,3933443.333016736,3049.745,3139.269275,3078.632904,0.3,3933443.333016736,1180032.9999050207,2753410.3331117155
2011-07-04,714802.7399927364,3291417.337134001,4006220.077126737,3121.98,3138.7050916666662,3080.086844,0.3,4006220.077126737,1201866.0231380211,2804354.053988716
2011-07-05,714802.7399927364,3332692.3597059995,4047495.099698736,3122.5,3138.2620749999996,3081.546852,0.3,4047495.099698736,1214248.5299096208,2833246.5697891153
2011-07-06,714802.7399927364,3339830.9562200005,4054633.696212737,3113.712,3137.8793166666665,3083.0565519999996,0.3,4054633.696212737,1216390.108863821,2838243.5873489156
2011-07-07,714802.7399927364,3333883.654294001,4048686.394286737,3101.68,3137.3381166666663,3084.596164,0.3,4048686.394286737,1214605.918286021,2834080.476000716
2011-07-08,714802.7399927364,3339410.136020001,4054212.8760127374,3109.183,3137.3464166666668,3086.66482,0.3,4054212.8760127374,1216263.8628038212,2837949.0132089164
2011-07-11,714802.7399927364,3357561.895853,4072364.6358457366,3113.206,3137.2487833333334,3088.865364,0.3,4072364.6358457366,1221709.390753721,2850655.2450920157
2011-07-12,714802.7399927364,3305174.5521610007,4019977.292153737,3056.905,3136.53685,3090.9887000000003,0.3,4019977.292153737,1205993.187646121,2813984.104507616
2011-07-13,714802.7399927364,3364658.4878809988,4079461.227873735,3106.247,3136.244875,3093.277268,0.3,4079461.227873735,1223838.3683621206,2855622.859511615
2011-07-14,714802.7399927364,3390994.712389001,4105797.4523817375,3115.745,3136.4438999999998,3095.689644,0.3,4105797.4523817375,1231739.2357145213,2874058.2166672163
2011-07-15,714802.7399927364,3404426.7919240003,4119229.5319167366,3128.889,3137.731725,3097.9535920000003,0.3,4119229.5319167366,1235768.8595750208,2883460.6723417155
2011-07-18,714802.7399927364,3410173.7371789995,4124976.477171736,3122.6,3138.9396583333337,3100.122084,0.3,4124976.477171736,1237492.9431515208,2887483.5340202153
2011-07-19,714802.7399927364,3389752.2667530007,4104555.006745737,3095.125,3139.3586083333334,3102.1989,0.3,4104555.006745737,1231366.502023721,2873188.504722016
2011-07-20,714802.7399927364,3387696.746342002,4102499.4863347374,3091.567,3140.5823916666664,3103.976752,0.3,4102499.4863347374,1230749.8459004213,2871749.6404343164
2011-07-21,714802.7399927364,3344132.8578180014,4058935.597810738,3059.139,3141.2130833333335,3105.508436,0.3,4058935.597810738,1217680.6793432212,2841254.9184675165
2011-07-22,714802.7399927364,3365425.449042,4080228.189034736,3067.985,3142.161025,3107.242004,0.3,4080228.189034736,1224068.4567104208,2856159.7323243152
2011-07-25,714802.7399927364,3215443.493954,3930246.233946736,2968.289,3142.407983333333,3108.500724,0.3,3930246.233946736,1179073.8701840208,2751172.363762715
2011-07-26,714802.7399927364,3237676.126965,3952478.866957736,2977.766,3142.4024416666666,3109.977712,0.3,3952478.866957736,1185743.6600873207,2766735.2068704152
2011-07-27,714802.7399927364,3279485.9930529995,3994288.733045736,3000.052,3142.182325,3111.513408,0.3,3994288.733045736,1198286.6199137208,2796002.113132015
2011-07-28,714802.7399927364,3259382.403146,3974185.143138737,2981.002,3141.7178833333332,3112.707528,0.3,3974185.143138737,1192255.542941621,2781929.600197116
2011-07-29,714802.7399927364,3224377.723443,3939180.463435737,2972.079,3140.8476416666667,3113.629832,0.3,3939180.463435737,1181754.139030721,2757426.324405016
2011-08-01,714802.7399927364,3242380.8248000005,3957183.564792737,2977.721,3140.017958333333,3114.5513760000003,0.3,3957183.564792737,1187155.069437821,2770028.495354916
2011-08-02,705930.8821551115,3230209.502609001,3936140.384764113,2956.383,3139.3132416666663,3115.251764,0.3,3936140.384764113,1180842.1154292338,2755298.2693348792
2011-08-03,705930.8821551115,3236549.320438,3942480.202593112,2954.87,3138.069133333333,3115.89894,0.3,3942480.202593112,1182744.0607779336,2759736.141815178
2011-08-04,705930.8821551115,3266436.0294220005,3972366.911577112,2960.309,3136.730408333334,3116.495956,0.3,3972366.911577112,1191710.0734731336,2780656.8381039784
2011-08-05,705930.8821551115,3184148.3758600005,3890079.258015112,2897.417,3134.049358333333,3116.902728,0.3,3890079.258015112,1167023.7774045335,2723055.4806105783
2011-08-08,705930.8821551115,3014681.028484,3720611.910639112,2793.897,3130.5179083333337,3116.6234200000004,0.3,3720611.910639112,1116183.5731917336,2604428.3374473783
2011-08-09,705930.8821551115,2999620.379939,3705551.262094112,2798.19,3126.7651,3116.304276,0.3,3705551.262094112,1111665.3786282337,2593885.8834658787
2011-08-10,705930.8821551115,3041163.7332830005,3747094.615438112,2824.12,3123.2502083333334,3116.125372,0.3,3747094.615438112,1124128.3846314335,2622966.2308066785
2011-08-11,705930.8821551115,3084990.822913,3790921.705068112,2866.924,3120.3756083333337,3115.923968,0.3,3790921.705068112,1137276.5115204335,2653645.193547678
2011-08-12,705930.8821551115,3124764.1001240006,3830694.982279112,2875.365,3117.18775,3115.961544,0.3,3830694.982279112,1149208.4946837337,2681486.4875953784
2011-08-15,705930.8821551115,3172008.677327,3877939.559482111,2917.883,3115.140291666666,3116.12734,0.3,3877939.559482111,1163381.8678446333,2714557.691637478
2011-08-16,705930.8821551115,3151736.5059240013,3857667.388079113,2897.581,3112.8306166666666,3116.3143480000003,0.3,3857667.388079113,1157300.2164237339,2700367.1716553792
2011-08-17,705930.8821551115,3141106.765039001,3847037.6471941127,2886.013,3110.2896000000005,3116.2677640000006,0.3,3847037.6471941127,1154111.2941582338,2692926.353035879
2011-08-18,705930.8821551115,3107200.2822950003,3813131.164450112,2834.254,3107.2615749999995,3115.9318160000003,0.3,3813131.164450112,1143939.3493350334,2669191.8151150784
2011-08-19,705930.8821551115,3071095.292911,3777026.175066112,2807.664,3103.6624500000003,3115.83192,0.3,3777026.175066112,1133107.8525198335,2643918.3225462786
2011-08-22,705930.8821551115,3050269.729978,3756200.612133111,2777.787,3099.6865666666663,3115.542224,0.3,3756200.612133111,1126860.1836399331,2629340.4284931775
2011-08-23,705930.8821551115,3102026.4002850004,3807957.282440112,2821.003,3096.1674416666665,3115.5606920000005,0.3,3807957.282440112,1142387.1847320336,2665570.097708078
2011-08-24,705930.8821551115,3099989.8216950013,3805920.703850113,2810.016,3092.7365916666668,3115.378568,0.3,3805920.703850113,1141776.211155034,2664144.492695079
2011-08-25,705930.8821551115,3151373.2402629987,3857304.1224181103,2903.837,3089.6796833333337,3115.305584,0.3,3857304.1224181103,1157191.236725433,2700112.8856926775
2011-08-26,705930.8821551115,3156416.8880880005,3862347.770243112,2901.216,3086.0689,3115.141284,0.3,3862347.770243112,1158704.3310729335,2703643.4391701785
2011-08-29,705930.8821551115,3139737.868417001,3845668.750572112,2852.809,3082.0301666666664,3114.8030719999997,0.3,3845668.750572112,1153700.6251716334,2691968.1254004785
2011-08-30,705930.8821551115,3110203.521323999,3816134.4034791104,2841.74,3077.887516666667,3114.348452,0.3,3816134.4034791104,1144840.321043733,2671294.0824353774
2011-08-31,705930.8821551115,3095805.834547,3801736.716702112,2846.776,3074.275158333333,3114.1422239999997,0.3,3801736.716702112,1140521.0150106335,2661215.7016914785
2011-09-01,705930.8821551115,3071985.746707,3777916.628862112,2834.535,3070.834816666667,3113.8955960000003,0.3,3777916.628862112,1133374.9886586335,2644541.6402034783
2011-09-02,705930.8821551115,3040588.413283001,3746519.2954381127,2803.854,3067.009266666667,3113.463704,0.3,3746519.2954381127,1123955.7886314339,2622563.506806679
2011-09-05,705930.8821551115,2955174.238782,3661105.120937111,2743.817,3063.1747333333333,3113.06688,0.3,3661105.120937111,1098331.5362811333,2562773.584655978
2011-09-06,705930.8821551115,2935268.8684910014,3641199.750646113,2723.303,3058.8006333333333,3112.5597199999997,0.3,3641199.750646113,1092359.925193834,2548839.8254522793
2011-09-07,705930.8821551115,3000066.0064680004,3705996.888623112,2779.09,3055.3172166666673,3112.241816,0.3,3705996.888623112,1111799.0665869336,2594197.8220361783
2011-09-08,705930.8821551115,2970222.3167100013,3676153.198865113,2756.105,3051.487383333333,3111.606196,0.3,3676153.198865113,1102845.9596595338,2573307.2392055793
2011-09-09,705930.8821551115,2960475.605248001,3666406.487403113,2751.095,3047.687258333333,3110.997824,0.3,3666406.487403113,1099921.946220934,2566484.541182179
2011-09-13,705930.8821551115,2915546.198185,3621477.080340112,2720.283,3043.4982749999995,3110.342788,0.3,3621477.080340112,1086443.1241020337,2535033.9562380784
2011-09-14,705930.8821551115,2956738.516479001,3662669.398634112,2733.108,3039.0664583333332,3109.5896479999997,0.3,3662669.398634112,1098800.8195902335,2563868.5790438782
2011-09-15,705930.8821551115,2964032.3395910016,3669963.221746113,2729.051,3034.7138750000004,3108.825032,0.3,3669963.221746113,1100988.9665238338,2568974.2552222796
2011-09-16,705930.8821551115,2980207.575616999,3686138.457772111,2733.987,3030.0430666666666,3107.86062,0.3,3686138.457772111,1105841.5373316333,2580296.920440478
2011-09-19,705930.8821551115,2920618.2632040004,3626549.145359112,2679.27,3024.9488916666664,3106.645268,0.3,3626549.145359112,1087964.7436077336,2538584.4017513786
2011-09-20,705930.8821551115,2937969.674725999,3643900.556881111,2689.845,3020.214441666666,3105.48078,0.3,3643900.556881111,1093170.1670643333,2550730.389816778
2011-09-21,705930.8821551115,3024175.2626130013,3730106.144768113,2771.011,3016.1722000000004,3104.858984,0.3,3730106.144768113,1119031.843430434,2611074.301337679
2011-09-22,705930.8821551115,2949538.844407,3655469.726562111,2685.688,3011.6922,3103.87152,0.3,3655469.726562111,1096640.9179686334,2558828.808593478
2011-09-23,705930.8821551115,2917360.7033009985,3623291.58545611,2669.478,3006.6651083333336,3102.700156,0.3,3623291.58545611,1086987.4756368329,2536304.109819277
2011-09-26,705930.8821551115,2870667.525736,3576598.4078911114,2610.919,3000.8305416666667,3101.283796,0.3,3576598.4078911114,1072979.5223673333,2503618.8855237784
2011-09-27,705930.8821551115,2870262.698056,3576193.580211112,2637.879,2995.109375,3100.182536,0.3,3576193.580211112,1072858.0740633334,2503335.5061477786
2011-09-28,705930.8821551115,2818850.7721130005,3524781.654268112,2610.59,2988.9196416666664,3099.1937399999997,0.3,3524781.654268112,1057434.4962804336,2467347.1579876784
2011-09-29,705930.8821551115,2708021.611860001,3413952.494015113,2588.185,2982.7092916666666,3098.101004,0.3,3413952.494015113,1024185.7482045338,2389766.745810579
2011-09-30,705930.8821551115,2703546.7254500007,3409477.6076051123,2581.351,2976.4974583333333,3097.027096,0.3,3409477.6076051123,1022843.2822815336,2386634.325323579
2011-10-10,705930.8821551115,2688632.09309,3394562.975245112,2557.082,2969.7062166666665,3095.82552,0.3,3394562.975245112,1018368.8925735336,2376194.0826715785
2011-10-11,705930.8821551115,2680933.610424,3386864.492579112,2551.994,2963.0265,3094.41338,0.3,3386864.492579112,1016059.3477737335,2370805.1448053783
2011-10-12,705930.8821551115,2772913.046111,3478843.928266111,2644.758,2957.07495,3093.4687840000006,0.3,3478843.928266111,1043653.1784798332,2435190.749786278
2011-10-13,705930.8821551115,2801350.7414430003,3507281.623598112,2662.601,2951.267975,3092.61994,0.3,3507281.623598112,1052184.4870794334,2455097.1365186786
2011-10-14,705930.8821551115,2792741.839866,3498672.722021112,2653.782,2945.917725,3091.492772,0.3,3498672.722021112,1049601.8166063337,2449070.9054147787
2011-10-17,705930.8821551115,2812317.764324,3518248.646479112,2666.951,2940.677666666667,3089.983644,0.3,3518248.646479112,1055474.5939437335,2462774.0525353784
2011-10-18,705930.8821551115,2726933.743663,3432864.6258181115,2592.209,2934.6346833333328,3087.8208999999997,0.3,3432864.6258181115,1029859.3877454334,2403005.238072678
2011-10-19,705930.8821551115,2723440.031782001,3429370.9139371123,2583.081,2928.6608416666663,3085.4623199999996,0.3,3429370.9139371123,1028811.2741811336,2400559.6397559787
2011-10-20,705930.8821551115,2643127.5569830006,3349058.439138112,2520.532,2922.5854916666663,3082.67414,0.3,3349058.439138112,1004717.5317414335,2344340.907396679
2011-10-21,705930.8821551115,2585915.91109,3291846.793245112,2507.877,2916.5598000000005,3079.809088,0.3,3291846.793245112,987554.0379735336,2304292.755271578
2011-10-24,705930.8821551115,2625486.581121002,3331417.4632761134,2576.669,2911.286183333333,3076.805032,0.3,3331417.4632761134,999425.2389828339,2331992.2242932795
2011-10-25,705930.8821551115,2695039.717506,3400970.599661112,2625.425,2906.8165916666667,3074.082092,0.3,3400970.599661112,1020291.1798983335,2380679.419762778
2011-10-26,705930.8821551115,2712616.3002830003,3418547.182438112,2651.652,2902.3076666666666,3071.186004,0.3,3418547.182438112,1025564.1547314335,2392983.0277066785
2011-10-27,705930.8821551115,2713881.795356999,3419812.6775121107,2657.478,2897.6938833333334,3068.2284000000004,0.3,3419812.6775121107,1025943.8032536332,2393868.8742584772
2011-10-28,705930.8821551115,2764667.8390960004,3470598.721251112,2709.017,2894.1937916666666,3065.565728,0.3,3470598.721251112,1041179.6163753335,2429419.1048757783
2011-10-31,705930.8821551115,2785543.2718119994,3491474.153967111,2695.307,2890.603708333333,3062.8323359999995,0.3,3491474.153967111,1047442.2461901333,2444031.907776978
2011-11-01,1891164.4793603215,1599306.8438909992,3490471.323251321,2697.534,2887.0715250000003,3059.698148,0.3,3490471.323251321,1047141.3969753962,2443329.926275925
2011-11-02,1891164.4793603215,1614811.056582,3505975.5359423216,2742.39,2883.84345,3056.803372,0.3,3505975.5359423216,1051792.6607826964,2454182.875159625
2011-11-03,1891164.4793603215,1623164.469249,3514328.948609322,2744.301,2880.4357833333333,3054.165088,0.3,3514328.948609322,1054298.6845827964,2460030.2640265254
2011-11-04,1891164.4793603215,1637711.0400869995,3528875.519447321,2763.746,2877.2579583333336,3051.629304,0.3,3528875.519447321,1058662.6558341964,2470212.863613125
2011-11-07,1891164.4793603215,1632827.4872789993,3523991.9666393213,2736.248,2874.2133333333336,3049.054364,0.3,3523991.9666393213,1057197.5899917963,2466794.376647525
2011-11-08,1891164.4793603215,1615114.0289460004,3506278.508306322,2727.71,2870.8768083333334,3046.0732239999998,0.3,3506278.508306322,1051883.5524918966,2454394.955814426
2011-11-09,1891164.4793603215,1637130.3190310004,3528294.798391322,2751.654,2867.9700666666668,3043.227316,0.3,3528294.798391322,1058488.4395173965,2469806.3588739256
2011-11-10,1891164.4793603215,1613584.6176690003,3504749.0970293223,2699.588,2864.499733333333,3040.344304,0.3,3504749.0970293223,1051424.7291087967,2453324.3679205254
2011-11-11,1891164.4793603215,1615545.4962859992,3506709.9756463207,2695.002,2860.7965916666662,3037.202292,0.3,3506709.9756463207,1052012.9926938962,2454696.9829524243
2011-11-14,1891164.4793603215,1655525.677031,3546690.1563913217,2750.195,2857.7095583333335,3034.1198799999997,0.3,3546690.1563913217,1064007.0469173964,2482683.109473925
2011-11-15,1891164.4793603215,1667363.136765001,3558527.616125323,2744.68,2854.5685916666666,3030.904336,0.3,3558527.616125323,1067558.2848375968,2490969.331287726
2011-11-16,1891164.4793603215,1636412.6278219996,3527577.107182321,2670.116,2851.6280583333337,3027.488984,0.3,3527577.107182321,1058273.1321546964,2469303.9750276245
2011-11-17,1891164.4793603215,1646180.792298,3537345.271658322,2662.017,2848.5930083333337,3024.140608,0.3,3537345.271658322,1061203.5814974965,2476141.6901608254
2011-11-18,1891164.4793603215,1599496.4614350002,3490660.940795322,2606.495,2845.394275,3020.526688,0.3,3490660.940795322,1047198.2822385966,2443462.6585567254
2011-11-21,1891164.4793603215,1597341.7853329997,3488506.2646933217,2609.687,2842.321825,3017.798104,0.3,3488506.2646933217,1046551.8794079964,2441954.3852853253
2011-11-22,1891164.4793603215,1599755.516900999,3490919.996261321,2609.475,2839.373216666667,3014.976432,0.3,3490919.996261321,1047275.9988783962,2443643.997382925
2011-11-23,1891164.4793603215,1597631.284487,3488795.7638473217,2584.011,2836.2857583333334,3012.634324,0.3,3488795.7638473217,1046638.7291541965,2442157.034693125
2011-11-24,1891164.4793603215,1601071.5968709996,3492236.0762313213,2588.915,2832.8470833333336,3010.5743600000005,0.3,3492236.0762313213,1047670.8228693963,2444565.253361925
2011-11-25,1891164.4793603215,1594647.7717830008,3485812.2511433223,2569.973,2829.22875,3008.262404,0.3,3485812.2511433223,1045743.6753429966,2440068.5758003257
2011-11-28,1891164.4793603215,1589647.0087239996,3480811.4880843214,2573.321,2826.0422166666667,3005.840304,0.3,3480811.4880843214,1044243.4464252964,2436568.041659025
2011-11-29,1891164.4793603215,1606076.05944,3497240.538800321,2608.569,2822.8940500000003,3003.586816,0.3,3497240.538800321,1049172.1616400962,2448068.377160225
2011-11-30,1891164.4793603215,1543984.9051479998,3435149.384508321,2521.52,2818.8712,3001.2441919999997,0.3,3435149.384508321,1030544.8153524962,2404604.569155825
2011-12-01,1891164.4793603215,1569816.9023619993,3460981.381722321,2583.613,2815.3292083333336,2998.8704719999996,0.3,3460981.381722321,1038294.4145166962,2422686.9672056246
2011-12-02,1891164.4793603215,1536547.1440130002,3427711.623373322,2557.311,2812.0410583333332,2996.20578,0.3,3427711.623373322,1028313.4870119966,2399398.1363613256
2011-12-05,1891164.4793603215,1485644.1418169995,3376808.6211773213,2521.385,2808.369833333333,2993.511908,0.3,3376808.6211773213,1013042.5863531963,2363766.034824125
2011-12-06,1891164.4793603215,1475439.0441379996,3366603.5234983214,2516.341,2804.7531083333333,2990.817072,0.3,3366603.5234983214,1009981.0570494963,2356622.466448825
2011-12-07,1891164.4793603215,1477569.925589,3368734.4049493214,2528.228,2800.8753500000003,2988.382044,0.3,3368734.4049493214,1010620.3214847964,2358114.083464525
2011-12-08,1891164.4793603215,1479056.0053589991,3370220.484719321,2525.001,2797.224366666667,2985.937952,0.3,3370220.484719321,1011066.1454157963,2359154.3393035247
2011-12-09,1891164.4793603215,1463164.2569419995,3354328.7363023213,2503.461,2793.7733916666666,2983.33156,0.3,3354328.7363023213,1006298.6208906963,2348030.1154116252
2011-12-12,1891164.4793603215,1443959.081861,3335123.561221322,2477.692,2790.319516666667,2980.609704,0.3,3335123.561221322,1000537.0683663966,2334586.4928549253
2011-12-13,1891164.4793603215,1382339.271568001,3273503.750928323,2421.928,2786.5447833333333,2977.635136,0.3,3273503.750928323,982051.1252784968,2291452.625649826
2011-12-14,1891164.4793603215,1351477.991703999,3242642.4710643208,2397.48,2782.281508333333,2974.4237000000003,0.3,3242642.4710643208,972792.7413192962,2269849.729745025
2011-12-15,1891164.4793603215,1303008.8214609998,3194173.3008213216,2340.788,2777.5498916666666,2971.0993239999993,0.3,3194173.3008213216,958251.9902463964,2235921.310574925
2011-12-16,1891164.4793603215,1328693.1264570002,3219857.6058173217,2390.129,2772.8207249999996,2968.166376,0.3,3219857.6058173217,965957.2817451964,2253900.3240721254
2011-12-19,1891164.4793603215,1320486.497662,3211650.977022322,2384.408,2767.461875,2965.0561,0.3,3211650.977022322,963495.2931066966,2248155.6839156253
2011-12-20,1891164.4793603215,1328745.1715179994,3219909.6508783214,2377.073,2761.966725,2961.520148,0.3,3219909.6508783214,965972.8952634963,2253936.755614825
2011-12-21,1891164.4793603215,1290282.909274001,3181447.3886343227,2339.108,2756.111508333334,2957.7986840000003,0.3,3181447.3886343227,954434.2165902967,2227013.1720440257
2011-12-22,1891164.4793603215,1268488.865671,3159653.345031322,2341.335,2750.621225,2954.173448,0.3,3159653.345031322,947896.0035093966,2211757.3415219253
2011-12-23,1891164.4793603215,1279679.217877,3170843.697237322,2359.159,2744.913475,2950.687424,0.3,3170843.697237322,951253.1091711966,2219590.5880661253
2011-12-26,1891164.4793603215,1270765.0286440002,3161929.5080043217,2335.702,2738.963116666667,2947.127588,0.3,3161929.5080043217,948578.8524012965,2213350.655603025
2011-12-27,1891164.4793603215,1239700.9054199995,3130865.3847803213,2305.035,2732.155241666667,2943.6331,0.3,3130865.3847803213,939259.6154340963,2191605.769346225
2011-12-28,1891164.4793603215,1237058.4371289993,3128222.916489321,2307.928,2725.367141666667,2939.866776,0.3,3128222.916489321,938466.8749467962,2189756.0415425245
2011-12-29,1891164.4793603215,1240026.1134919997,3131190.592852321,2311.361,2718.6808833333334,2936.250408,0.3,3131190.592852321,939357.1778556963,2191833.414996625
2011-12-30,1891164.4793603215,1258055.6485350006,3149220.1278953226,2345.742,2712.3814,2932.8789480000005,0.3,3149220.1278953226,944766.0383685967,2204454.089526726
2012-01-04,1891164.4793603215,1225017.9582890004,3116182.437649322,2298.753,2705.6278166666666,2929.4221399999997,0.3,3116182.437649322,934854.7312947967,2181327.7063545254
2012-01-05,1891164.4793603215,1179325.266499,3070489.7458593217,2276.385,2698.654308333333,2926.128844,0.3,3070489.7458593217,921146.9237577965,2149342.822101525
2012-01-06,1891164.4793603215,1180944.62672,3072109.1060803216,2290.601,2692.2684416666666,2923.111524,0.3,3072109.1060803216,921632.7318240964,2150476.3742562253
2012-01-09,1891164.4793603215,1230467.9673879996,3121632.4467483214,2368.57,2686.1211333333335,2920.3384840000003,0.3,3121632.4467483214,936489.7340244964,2185142.712723825
2012-01-10,1891164.4793603215,1279377.8169959998,3170542.2963563213,2447.349,2680.5511666666666,2917.8714879999998,0.3,3170542.2963563213,951162.6889068964,2219379.607449425
2012-01-11,1891164.4793603215,1287563.440661,3178727.9200213216,2435.608,2674.7738249999998,2915.100876,0.3,3178727.9200213216,953618.3760063965,2225109.544014925
2012-01-12,1891164.4793603215,1292568.671931999,3183733.151292321,2435.219,2669.04565,2912.083024,0.3,3183733.151292321,955119.9453876961,2228613.2059046244
2012-01-13,1891164.4793603215,1264550.6021340005,3155715.081494322,2394.334,2663.205725,2908.957712,0.3,3155715.081494322,946714.5244482965,2209000.5570460255
2012-01-16,1891164.4793603215,1218535.0396810004,3109699.519041322,2345.649,2656.9897416666668,2905.701736,0.3,3109699.519041322,932909.8557123967,2176789.6633289256
2012-01-17,1891164.4793603215,1284870.418058999,3176034.8974193214,2460.601,2652.0019249999996,2902.8776439999997,0.3,3176034.8974193214,952810.4692257964,2223224.428193525
2012-01-18,1891164.4793603215,1267065.1054499994,3158229.584810321,2422.189,2646.6202916666666,2900.133652,0.3,3158229.584810321,947468.8754430963,2210760.709367225
2012-01-19,1891164.4793603215,1275500.034962,3166664.514322322,2468.35,2642.4541333333336,2897.507364,0.3,3166664.514322322,949999.3542966965,2216665.1600256255
2012-01-20,1891164.4793603215,1282527.7381309995,3173692.2174913213,2504.086,2638.5068,2894.9543599999997,0.3,3173692.2174913213,952107.6652473963,2221584.5522439247
2012-01-30,1891164.4793603215,1278904.0574140004,3170068.5367743224,2460.72,2634.012366666667,2892.232104,0.3,3170068.5367743224,951020.5610322966,2219047.9757420258
2012-01-31,1891164.4793603215,1292969.1130309997,3184133.592391321,2464.26,2629.7061833333337,2889.721696,0.3,3184133.592391321,955240.0777173962,2228893.514673925
2012-02-01,1457861.2972145716,1732571.2064260002,3190432.503640572,2428.994,2625.180475,2887.5402719999997,0.3,3190432.503640572,957129.7510921715,2233302.7525484003
2012-02-02,1457861.2972145716,1752719.4742130004,3210580.771427572,2486.238,2621.0847833333332,2885.5746320000003,0.3,3210580.771427572,963174.2314282715,2247406.5399993
2012-02-03,1457861.2972145716,1775317.1908060005,3233178.488020572,2506.09,2617.3323416666667,2883.419588,0.3,3233178.488020572,969953.5464061715,2263224.9416144006
2012-02-06,1457861.2972145716,1795375.7022080005,3253236.999422572,2504.322,2613.5777749999997,2881.6580240000003,0.3,3253236.999422572,975971.0998267715,2277265.899595801
2012-02-07,1457861.2972145716,1769008.9909579996,3226870.288172571,2457.954,2609.3914833333333,2879.5560160000005,0.3,3226870.288172571,968061.0864517712,2258809.2017208
2012-02-08,1457861.2972145716,1823481.85147,3281343.1486845715,2528.236,2606.314975,2877.852032,0.3,3281343.1486845715,984402.9446053714,2296940.2040792
2012-02-09,1457861.2972145716,1845166.780166,3303028.0773805715,2529.231,2604.109425,2876.21434,0.3,3303028.0773805715,990908.4232141714,2312119.6541664
2012-02-10,1457861.2972145716,1882815.1231619995,3340676.420376571,2533.624,2601.9047083333335,2874.435112,0.3,3340676.420376571,1002202.9261129713,2338473.4942635996
2012-02-13,1457861.2972145716,1907958.572590001,3365819.8698045723,2531.981,2599.4702166666666,2872.457172,0.3,3365819.8698045723,1009745.9609413716,2356073.908863201
2012-02-14,1457861.2972145716,1916311.986752,3374173.283966572,2522.107,2596.5967416666667,2870.3986600000003,0.3,3374173.283966572,1012251.9851899715,2361921.2987766005
2012-02-15,1457861.2972145716,1944728.3719900008,3402589.669204572,2549.607,2593.8820916666664,2868.291056,0.3,3402589.669204572,1020776.9007613716,2381812.7684432007
2012-02-16,1457861.2972145716,1937806.7683520005,3395668.065566572,2536.074,2590.70035,2866.12622,0.3,3395668.065566572,1018700.4196699716,2376967.6458966006
2012-02-17,1457861.2972145716,1962720.8703519995,3420582.1675665714,2537.086,2587.696225,2864.110768,0.3,3420582.1675665714,1026174.6502699713,2394407.5172966
2012-02-20,1457861.2972145716,1958750.684203999,3416611.9814185705,2540.706,2584.8186666666666,2861.85694,0.3,3416611.9814185705,1024983.5944255712,2391628.3869929994
2012-02-21,1457861.2972145716,1996509.4127919995,3454370.7100065714,2562.453,2582.5536583333333,2859.6229280000002,0.3,3454370.7100065714,1036311.2130019714,2418059.4970046002
2012-02-22,1457861.2972145716,2045143.751023,3503005.0482375715,2597.476,2580.8020916666665,2857.13626,0.6,3503005.0482375715,2101803.0289425426,1401202.0192950289
2012-02-23,1457861.2972145716,2085348.509419,3543209.806633572,2606.256,2579.372666666667,2854.6906,0.6,3543209.806633572,2125925.8839801433,1417283.9226534287
2012-02-24,1457861.2972145716,2079443.745262,3537305.042476571,2648.017,2577.9311166666666,2852.28856,0.6,3537305.042476571,2122383.0254859426,1414922.0169906286
2012-02-27,1457861.2972145716,2082907.988682001,3540769.2858965723,2656.573,2576.6524249999998,2849.931224,0.6,3540769.2858965723,2124461.571537943,1416307.7143586292
2012-02-28,1457861.2972145716,2072719.046445,3530580.3436595714,2662.463,2574.6409750000003,2847.733572,0.6,3530580.3436595714,2118348.206195743,1412232.1374638285
2012-02-29,1457861.2972145716,2075205.4998,3533066.7970145717,2634.143,2572.4153666666666,2845.238512,0.6,3533066.7970145717,2119840.078208743,1413226.7188058286
2012-03-01,1457861.2972145716,2068850.083039,3526711.380253571,2633.345,2570.5865,2843.1175799999996,0.6,3526711.380253571,2116026.8281521425,1410684.5521014286
2012-03-02,1457861.2972145716,2100538.666586,3558399.963800572,2679.934,2569.2381166666664,2841.138348,0.6,3558399.963800572,2135039.978280343,1423359.9855202287
2012-03-05,1457861.2972145716,2108202.911438,3566064.208652572,2662.698,2567.7041333333336,2839.0254000000004,0.6,3566064.208652572,2139638.525191543,1426425.6834610286
2012-03-06,1457861.2972145716,2083067.161337,3540928.4585515712,2621.052,2565.9251083333334,2836.7191399999997,0.6,3540928.4585515712,2124557.0751309427,1416371.3834206285
2012-03-07,1457861.2972145716,2087816.12221,3545677.419424572,2603.005,2564.2513666666664,2834.1729239999995,0.6,3545677.419424572,2127406.451654743,1418270.967769829
2012-03-08,1457861.2972145716,2107613.6945739994,3565474.991788571,2635.791,2563.3511500000004,2831.6965160000004,0.6,3565474.991788571,2139284.9950731425,1426189.9967154283
2012-03-09,1457861.2972145716,2125010.7194020003,3582872.016616572,2664.302,2562.8594749999997,2829.3805319999997,0.6,3582872.016616572,2149723.2099699434,1433148.8066466288
2012-03-12,1457861.2972145716,2132196.4642,3590057.761414572,2654.402,2561.820408333333,2827.1112679999997,0.6,3590057.761414572,2154034.656848743,1436023.104565829
2012-03-13,1457861.2972145716,2149752.493434,3607613.790648571,2681.073,2561.1951416666666,2824.752896,0.6,3607613.790648571,2164568.2743891426,1443045.5162594286
2012-03-14,1457861.2972145716,2085921.866032,3543783.163246572,2605.106,2559.9785666666667,2821.83528,0.6,3543783.163246572,2126269.8979479433,1417513.2652986287
2012-03-15,1457861.2972145716,2051477.623877,3509338.9210915715,2585.546,2558.8557583333336,2818.8276360000004,0.6,3509338.9210915715,2105603.352654943,1403735.5684366287
2012-03-16,1457861.2972145716,2092804.6553520008,3550665.9525665725,2623.52,2557.942525,2815.966284,0.6,3550665.9525665725,2130399.5715399436,1420266.381026629
2012-03-19,1457861.2972145716,2103133.354879,3560994.652093572,2630.013,2557.1172083333336,2813.3653,0.6,3560994.652093572,2136596.7912561432,1424397.8608374288
2012-03-20,1457861.2972145716,2065360.7577570009,3523222.054971572,2584.445,2555.8710250000004,2810.7135760000006,0.6,3523222.054971572,2113933.2329829433,1409288.8219886287
2012-03-21,1457861.2972145716,2058971.307054,3516832.604268572,2587.793,2555.1087166666666,2808.0130679999997,0.6,3516832.604268572,2110099.562561143,1406733.0417074286
2012-03-22,1457861.2972145716,2043820.684896,3501681.982110572,2583.747,2554.2245666666668,2805.5322119999996,0.6,3501681.982110572,2101009.189266343,1400672.792844229
2012-03-23,1457861.2972145716,1998343.158593,3456204.4558075718,2552.94,2552.4073083333333,2802.751192,0.6,3456204.4558075718,2073722.6734845429,1382481.782323029
2012-03-26,1457861.2972145716,1994277.013222,3452138.310436572,2555.442,2551.3219249999997,2800.18456,0.6,3452138.310436572,2071282.9862619431,1380855.3241746288
2012-03-27,1457861.2972145716,2012892.7168220005,3470754.014036572,2547.143,2550.302466666667,2797.510392,0.3,3470754.014036572,1041226.2042109716,2429527.8098256006
2012-03-28,1457861.2972145716,1931588.024961,3389449.322175571,2474.9,2549.168975,2794.581552,0.3,3389449.322175571,1016834.7966526713,2372614.5255229
2012-03-29,1457861.2972145716,1872868.0989570003,3330729.396171572,2443.122,2547.5460000000003,2791.462196,0.3,3330729.396171572,999218.8188514716,2331510.5773201007
2012-03-30,1457861.2972145716,1844165.694235,3302026.991449571,2454.899,2546.248575,2788.222088,0.3,3302026.991449571,990608.0974348714,2311418.8940147
2012-04-05,1457861.2972145716,1897329.3151310007,3355190.612345573,2512.832,2545.6206333333334,2785.267972,0.3,3355190.612345573,1006557.1837036719,2348633.4286419014
2012-04-06,1457861.2972145716,1917644.7442000003,3375506.041414572,2519.83,2545.1079583333335,2782.1693560000003,0.3,3375506.041414572,1012651.8124243715,2362854.2289902004
2012-04-09,1457861.2972145716,1904098.1426820003,3361959.439896572,2495.146,2544.5918250000004,2778.987656,0.3,3361959.439896572,1008587.8319689715,2353371.6079276004
2012-04-10,1457861.2972145716,1914348.481523,3372209.778737571,2519.788,2544.323441666667,2776.034892,0.3,3372209.778737571,1011662.9336212713,2360546.8451162996
2012-04-11,1457861.2972145716,1914914.060762,3372775.357976572,2520.036,2543.2840916666664,2773.090716,0.3,3372775.357976572,1011832.6073929716,2360942.7505836003
2012-04-12,1457861.2972145716,1966028.7558990004,3423890.0531135723,2570.436,2542.51605,2770.4793080000004,0.6,3423890.0531135723,2054334.0318681432,1369556.021245429
2012-04-13,1457861.2972145716,1984855.2670420008,3442716.564256572,2580.454,2541.9049833333333,2767.710208,0.6,3442716.564256572,2065629.9385539433,1377086.6257026289
2012-04-16,1457861.2972145716,1983630.5250470005,3441491.822261572,2574.044,2541.1307583333332,2764.762116,0.6,3441491.822261572,2064895.093356943,1376596.728904629
2012-04-17,1457861.2972145716,1975412.0954200004,3433273.392634572,2541.883,2540.7113750000003,2761.631972,0.6,3433273.392634572,2059964.035580743,1373309.357053829
2012-04-18,1457861.2972145716,1977127.002327999,3434988.2995425705,2599.908,2540.8516000000004,2758.6181720000004,0.6,3434988.2995425705,2060992.9797255422,1373995.3198170282
2012-04-19,1457861.2972145716,1970362.961331,3428224.258545571,2596.056,2541.480966666667,2755.668688,0.6,3428224.258545571,2056934.5551273425,1371289.7034182285
2012-04-20,1457861.2972145716,1982112.5274459997,3439973.8246605718,2626.839,2542.4723166666663,2752.86896,0.6,3439973.8246605718,2063984.294796343,1375989.5298642288
2012-04-23,1457861.2972145716,1929153.2815980003,3387014.578812572,2606.038,2542.717058333333,2749.804988,0.6,3387014.578812572,2032208.7472875433,1354805.831525029
2012-04-24,1457861.2972145716,1890101.581423999,3347962.8786385707,2604.866,2542.5457333333334,2746.8102120000003,0.6,3347962.8786385707,2008777.7271831422,1339185.1514554285
2012-04-25,1457861.2972145716,1916703.5955960008,3374564.892810572,2625.99,2542.3318833333333,2743.878396,0.6,3374564.892810572,2024738.9356863431,1349825.9571242288
2012-04-26,1457861.2972145716,1910522.659615,3368383.956829571,2631.487,2542.1152916666665,2740.966592,0.6,3368383.956829571,2021030.3740977426,1347353.5827318286
2012-04-27,1457861.2972145716,1893129.472238,3350990.7694525714,2626.157,2541.4247916666664,2738.287972,0.6,3350990.7694525714,2010594.4616715428,1340396.3077810286
2012-05-02,1457861.2972145716,1909814.707097,3367676.004311572,2683.487,2541.3262916666667,2735.8388879999998,0.6,3367676.004311572,2020605.602586943,1347070.4017246289
2012-05-03,653969.6206158209,2744786.5518560004,3398756.1724718213,2691.518,2541.276158333333,2733.335492,0.6,3398756.1724718213,2039253.7034830926,1359502.4689887287
2012-05-04,653969.6206158209,2782944.655285001,3436914.2759008217,2715.879,2541.0552333333335,2730.9992399999996,0.6,3436914.2759008217,2062148.565540493,1374765.7103603287
2012-05-07,653969.6206158209,2812187.3585570008,3466156.9791728216,2717.778,2540.834208333333,2728.8720559999997,0.6,3466156.9791728216,2079694.187503693,1386462.7916691287
2012-05-08,653969.6206158209,2813047.69503,3467017.315645821,2709.116,2540.3789583333332,2726.7846799999998,0.6,3467017.315645821,2080210.3893874926,1386806.9262583284
2012-05-09,653969.6206158209,2779632.265548,3433601.886163821,2657.514,2539.7228416666667,2724.576724,0.6,3433601.886163821,2060161.1316982924,1373440.7544655285
2012-05-10,653969.6206158209,2790515.2129979995,3444484.8336138204,2657.214,2539.135375,2722.5584759999997,0.6,3444484.8336138204,2066690.9001682922,1377793.9334455281
2012-05-11,653969.6206158209,2765462.631578998,3419432.2521948195,2636.917,2538.1792333333333,2720.335252,0.6,3419432.2521948195,2051659.3513168916,1367772.900877928
2012-05-14,653969.6206158209,2763331.4369090004,3417301.0575248213,2615.534,2537.478783333333,2717.95286,0.6,3417301.0575248213,2050380.6345148927,1366920.4230099285
2012-05-15,653969.6206158209,2771351.838455,3425321.459070821,2617.374,2536.8318833333333,2715.906244,0.6,3425321.459070821,2055192.8754424923,1370128.5836283285
2012-05-16,653969.6206158209,2740707.501838,3394677.1224538204,2574.647,2535.3689833333333,2713.7003640000003,0.6,3394677.1224538204,2036806.273472292,1357870.8489815283
2012-05-17,653969.6206158209,2771808.9938389994,3425778.6144548203,2613.942,2534.2795,2711.6705480000005,0.6,3425778.6144548203,2055467.168672892,1370311.4457819283
2012-05-18,653969.6206158209,2731232.281297999,3385201.90191382,2573.976,2533.478333333333,2709.4474159999995,0.6,3385201.90191382,2031121.1411482918,1354080.760765528
2012-05-21,653969.6206158209,2742842.309429,3396811.930044821,2587.231,2532.8551166666666,2707.1834559999998,0.6,3396811.930044821,2038087.1580268925,1358724.7720179285
2012-05-22,653969.6206158209,2783211.6598610007,3437181.2804768216,2627.525,2533.0303666666664,2705.113216,0.6,3437181.2804768216,2062308.768286093,1374872.5121907287
2012-05-23,653969.6206158209,2788825.423068,3442795.043683821,2616.869,2533.0902166666665,2703.1742799999997,0.6,3442795.043683821,2065677.0262102925,1377118.0174735284
2012-05-24,653969.6206158209,2771767.0426699994,3425736.6632858203,2595.26,2532.971758333333,2701.042948,0.6,3425736.6632858203,2055441.9979714921,1370294.6653143282
2012-05-25,653969.6206158209,2741443.791741001,3395413.412356822,2573.103,2532.880858333333,2698.933508,0.6,3395413.412356822,2037248.047414093,1358165.3649427288
2012-05-28,653969.6206158209,2781127.650445,3435097.2710608207,2614.689,2533.095641666667,2696.928152,0.6,3435097.2710608207,2061058.3626364924,1374038.9084243283
2012-05-29,653969.6206158209,2816389.092388,3470358.7130038207,2650.854,2533.76965,2694.974052,0.6,3470358.7130038207,2082215.2278022924,1388143.4852015283
2012-05-30,653969.6206158209,2827942.6452330006,3481912.265848821,2642.258,2534.344125,2693.060528,0.6,3481912.265848821,2089147.3595092925,1392764.9063395285
2012-05-31,653969.6206158209,2832241.8872450003,3486211.507860821,2632.042,2534.539733333333,2691.102312,0.6,3486211.507860821,2091726.9047164926,1394484.6031443286
2012-06-01,653969.6206158209,2830775.8827090003,3484745.503324821,2632.998,2535.468716666667,2689.542384,0.6,3484745.503324821,2090847.3019948925,1393898.2013299286
2012-06-04,653969.6206158209,2750074.0302689997,3404043.65088482,2559.026,2535.2638250000005,2687.6735960000005,0.6,3404043.65088482,2042426.190530892,1361617.4603539282
2012-06-05,653969.6206158209,2750577.11866,3404546.739275821,2558.842,2535.2765833333333,2685.947592,0.6,3404546.739275821,2042728.0435654926,1361818.6957103284
2012-06-06,653969.6206158209,2751771.800565,3405741.421180821,2557.401,2535.576716666667,2684.2636719999996,0.6,3405741.421180821,2043444.8527084924,1362296.5684723286
2012-06-07,653969.6206158209,2748712.0864079986,3402681.7070238194,2542.184,2535.792075,2682.579176,0.6,3402681.7070238194,2041609.0242142915,1361072.682809528
2012-06-08,653969.6206158209,2747406.2356139994,3401375.8562298203,2524.329,2535.7595833333335,2680.858468,0.3,3401375.8562298203,1020412.756868946,2380963.0993608744
2012-06-11,653969.6206158209,2794196.938448,3448166.5590638206,2558.265,2536.0367833333335,2679.085304,0.6,3448166.5590638206,2068899.9354382923,1379266.6236255283
2012-06-12,653969.6206158209,2801499.048671001,3455468.669286822,2540.178,2536.342758333333,2677.229324,0.6,3455468.669286822,2073281.2015720932,1382187.4677147288
2012-06-13,653969.6206158209,2845263.848418,3499233.469033821,2580.636,2537.200625,2675.729048,0.6,3499233.469033821,2099540.0814202926,1399693.3876135284
2012-06-14,653969.6206158209,2833411.674208,3487381.2948238207,2560.421,2538.3547333333336,2674.025336,0.6,3487381.2948238207,2092428.7768942923,1394952.5179295284
2012-06-15,653969.6206158209,2827544.9122980004,3481514.5329138213,2568.054,2539.776183333334,2672.2805040000003,0.6,3481514.5329138213,2088908.7197482926,1392605.8131655287
2012-06-18,653969.6206158209,2853250.420547,3507220.0411628205,2581.212,2541.779716666667,2670.5707440000006,0.6,3507220.0411628205,2104332.024697692,1402888.0164651284
2012-06-19,653969.6206158209,2831397.0359230004,3485366.6565388213,2558.621,2543.1838166666666,2668.997672,0.6,3485366.6565388213,2091219.9939232927,1394146.6626155286
2012-06-20,653969.6206158209,2819179.718697,3473149.3393128207,2552.611,2544.585508333333,2667.360388,0.6,3473149.3393128207,2083889.6035876924,1389259.7357251283
2012-06-21,653969.6206158209,2789323.396529999,3443293.01714582,2512.185,2545.7114416666664,2665.607736,0.3,3443293.01714582,1032987.905143746,2410305.112002074
2012-06-25,653969.6206158209,2725715.7916319994,3379685.4122478203,2456.518,2546.689858333333,2663.459572,0.3,3379685.4122478203,1013905.623674346,2365779.788573474
2012-06-26,653969.6206158209,2731916.9346030005,3385886.5552188214,2454.915,2547.6363583333336,2661.426756,0.3,3385886.5552188214,1015765.9665656463,2370120.588653175
2012-06-27,653969.6206158209,2744579.575507,3398549.196122821,2447.195,2548.369991666667,2659.545224,0.3,3398549.196122821,1019564.7588368462,2378984.4372859746
2012-06-28,653969.6206158209,2721878.472404,3375848.0930198207,2425.729,2549.1202166666667,2657.679512,0.3,3375848.0930198207,1012754.4279059462,2363093.6651138747
2012-06-29,653969.6206158209,2755968.4890169986,3409938.1096328194,2461.612,2550.425025,2656.0263760000003,0.3,3409938.1096328194,1022981.4328898458,2386956.6767429737
2012-07-02,653969.6206158209,2797927.697735,3451897.318350821,2465.238,2551.7359416666663,2654.2510359999997,0.3,3451897.318350821,1035569.1955052462,2416328.1228455747
2012-07-03,653969.6206158209,2813222.506075,3467192.126690821,2468.721,2553.047275,2652.4915920000003,0.3,3467192.126690821,1040157.6380072462,2427034.488683575
2012-07-04,653969.6206158209,2803874.8877110006,3457844.508326821,2464.919,2554.0404166666663,2650.520752,0.3,3457844.508326821,1037353.3524980462,2420491.155828775
2012-07-05,653969.6206158209,2762286.3704599994,3416255.9910758203,2430.37,2555.137225,2648.132352,0.3,3416255.9910758203,1024876.797322746,2391379.1937530744
2012-07-06,653969.6206158209,2827074.1737629995,3481043.7943788203,2472.614,2556.772466666667,2645.876844,0.3,3481043.7943788203,1044313.1383136461,2436730.6560651744
2012-07-09,653969.6206158209,2791670.757131001,3445640.377746822,2416.036,2557.817758333333,2643.374052,0.3,3445640.377746822,1033692.1133240465,2411948.2644227752
2012-07-10,653969.6206158209,2782111.957355001,3436081.5779708223,2406.706,2558.1355583333334,2641.0002000000004,0.3,3436081.5779708223,1030824.4733912466,2405257.104579576
2012-07-11,653969.6206158209,2801858.4611970005,3455828.0818128213,2425.572,2557.954083333333,2638.526132,0.3,3455828.0818128213,1036748.4245438464,2419079.657268975
2012-07-12,653969.6206158209,2837738.274732,3491707.8953478206,2449.181,2558.0671916666665,2636.1238759999997,0.3,3491707.8953478206,1047512.3686043462,2444195.5267434744
2012-07-13,653969.6206158209,2830329.177032001,3484298.7976478217,2450.633,2558.1956416666667,2633.438488,0.3,3484298.7976478217,1045289.6392943464,2439009.1583534754
2012-07-16,653969.6206158209,2752902.939732,3406872.5603478206,2399.731,2558.240616666667,2630.547412,0.3,3406872.5603478206,1022061.7681043461,2384810.7922434746
2012-07-17,653969.6206158209,2768518.634415,3422488.255030821,2414.201,2558.8118833333333,2627.7493680000002,0.3,3422488.255030821,1026746.4765092463,2395741.778521575
2012-07-18,653969.6206158209,2780825.1209860006,3434794.741601821,2414.335,2558.426333333334,2624.999988,0.3,3434794.741601821,1030438.4224805463,2404356.3191212746
2012-07-19,653969.6206158209,2796551.9587580008,3450521.5793738216,2424.322,2558.4441083333336,2622.260544,0.3,3450521.5793738216,1035156.4738121465,2415365.105561675
2012-07-20,653969.6206158209,2785578.922804001,3439548.5434198217,2398.455,2557.86165,2619.40154,0.3,3439548.5434198217,1031864.5630259465,2407683.9803938754
2012-07-23,653969.6206158209,2762453.215021,3416422.83563682,2365.431,2556.7061916666667,2616.635644,0.3,3416422.83563682,1024926.850691046,2391495.984945774
2012-07-24,653969.6206158209,2780993.8185979994,3434963.4392138203,2375.992,2556.000125,2613.714624,0.3,3434963.4392138203,1030489.031764146,2404474.4074496743
2012-07-25,653969.6206158209,2766513.1006890005,3420482.7213048213,2360.083,2555.131983333333,2610.691976,0.3,3420482.7213048213,1026144.8163914464,2394337.904913375
2012-07-26,653969.6206158209,2751879.321021999,3405848.94163782,2347.488,2554.452766666667,2607.566372,0.3,3405848.94163782,1021754.682491346,2384094.2591464743
2012-07-27,653969.6206158209,2735438.8891230007,3389408.509738821,2349.108,2553.3100166666673,2604.472404,0.3,3389408.509738821,1016822.5529216463,2372585.956817175
2012-07-30,653969.6206158209,2677992.275150001,3331961.895765822,2335.793,2551.890875,2601.4350759999998,0.3,3331961.895765822,999588.5687297465,2332373.3270360753
2012-07-31,653969.6206158209,2645707.86433,3299677.4849458206,2332.922,2550.4625416666668,2598.400496,0.3,3299677.4849458206,989903.2454837462,2309774.2394620744
2012-08-01,800446.6879838094,2545138.864876,3345585.5528598097,2358.651,2549.6350166666666,2595.598544,0.3,3345585.5528598097,1003675.6658579429,2341909.887001867
2012-08-02,800446.6879838094,2530241.976002,3330688.6639858093,2334.882,2548.0237333333334,2592.666132,0.3,3330688.6639858093,999206.5991957427,2331482.0647900663
2012-08-03,800446.6879838094,2592529.330368,3392976.018351809,2353.737,2546.5612833333334,2590.2079240000003,0.3,3392976.018351809,1017892.8055055427,2375083.2128462666
2012-08-06,800446.6879838094,2668364.6462450013,3468811.334228811,2385.611,2545.3278416666662,2587.839304,0.3,3468811.334228811,1040643.4002686432,2428167.9339601677
2012-08-07,800446.6879838094,2701198.223147001,3501644.9111308106,2388.873,2544.135275,2585.394588,0.3,3501644.9111308106,1050493.473339243,2451151.4377915673
2012-08-08,800446.6879838094,2682688.7266059997,3483135.414589809,2389.795,2543.032675,2583.0297600000004,0.3,3483135.414589809,1044940.6243769426,2438194.790212866
2012-08-09,800446.6879838094,2729850.101477,3530296.789460809,2411.7,2541.8834500000003,2580.788244,0.3,3530296.789460809,1059089.0368382426,2471207.752622566
2012-08-10,800446.6879838094,2715301.35729,3515748.0452738097,2399.751,2540.747425,2578.476364,0.3,3515748.0452738097,1054724.413582143,2461023.631691667
2012-08-13,800446.6879838094,2669348.377044,3469795.065027809,2351.931,2539.2044666666666,2576.058556,0.3,3469795.065027809,1040938.5195083426,2428856.545519466
2012-08-14,800446.6879838094,2688538.420272001,3488985.108255811,2357.016,2537.673716666666,2573.6671399999996,0.3,3488985.108255811,1046695.5324767432,2442289.575779068
2012-08-15,800446.6879838094,2665601.8280959995,3466048.516079809,2331.615,2535.750066666667,2571.152364,0.3,3466048.516079809,1039814.5548239427,2426233.961255866
2012-08-16,800446.6879838094,2637843.819535,3438290.507518809,2319.67,2533.435016666667,2568.841376,0.3,3438290.507518809,1031487.1522556426,2406803.355263166
2012-08-17,800446.6879838094,2640539.6473400006,3440986.33532381,2313.476,2530.995183333333,2566.919692,0.3,3440986.33532381,1032295.900597143,2408690.434726667
2012-08-20,800446.6879838094,2648685.277608001,3449131.96559181,2301.788,2528.1099416666666,2564.934084,0.3,3449131.96559181,1034739.589677543,2414392.3759142673
2012-08-21,800446.6879838094,2691958.9475000007,3492405.63548381,2313.703,2525.252691666667,2562.892416,0.3,3492405.63548381,1047721.690645143,2444683.9448386673
2012-08-22,800446.6879838094,2675407.074038999,3475853.7620228087,2295.586,2522.195383333333,2560.6070640000003,0.3,3475853.7620228087,1042756.1286068426,2433097.6334159663
2012-08-23,800446.6879838094,2674446.6262430004,3474893.31422681,2302.199,2519.429183333333,2558.3143999999998,0.3,3474893.31422681,1042467.994268043,2432425.319958767
2012-08-24,800446.6879838094,2615715.674673999,3416162.3626578087,2275.677,2516.448616666667,2555.745576,0.3,3416162.3626578087,1024848.7087973426,2391313.653860466
2012-08-27,800446.6879838094,2560175.315341999,3360622.0033258083,2228.204,2512.6842,2553.068068,0.3,3360622.0033258083,1008186.6009977425,2352435.4023280656
2012-08-28,800446.6879838094,2576506.758503999,3376953.4464878086,2238.411,2509.148475,2550.4776599999996,0.3,3376953.4464878086,1013086.0339463425,2363867.412541466
2012-08-29,800446.6879838094,2565456.969461,3365903.657444809,2214.814,2505.7631583333336,2547.9999,0.3,3365903.657444809,1009771.0972334427,2356132.5602113665
2012-08-30,800446.6879838094,2509767.2819469986,3310213.969930808,2211.37,2502.4995333333336,2545.614724,0.3,3310213.969930808,993064.1909792423,2317149.7789515657
2012-08-31,800446.6879838094,2523102.948263,3323549.6362468093,2204.868,2498.9085083333334,2543.3230479999997,0.3,3323549.6362468093,997064.8908740428,2326484.7453727666
2012-09-03,800446.6879838094,2575088.1732450007,3375534.86122881,2228.369,2495.2757333333334,2540.952512,0.3,3375534.86122881,1012660.458368643,2362874.4028601674
2012-09-04,800446.6879838094,2552821.145452,3353267.833435809,2204.407,2491.525775,2538.530076,0.3,3353267.833435809,1005980.3500307426,2347287.483405066
2012-09-05,800446.6879838094,2567953.601146,3368400.289129809,2199.875,2487.5157916666662,2535.714228,0.3,3368400.289129809,1010520.0867389427,2357880.2023908664
2012-09-06,800446.6879838094,2581152.664845,3381599.352828809,2217.823,2484.2884333333336,2532.980656,0.3,3381599.352828809,1014479.8058486427,2367119.5469801663
2012-09-07,800446.6879838094,2662748.212280999,3463194.9002648084,2317.179,2482.052041666667,2530.8381360000003,0.3,3463194.9002648084,1038958.4700794425,2424236.430185366
2012-09-10,800446.6879838094,2679312.5223769997,3479759.2103608088,2326.666,2479.5782583333335,2528.7778399999997,0.3,3479759.2103608088,1043927.7631082425,2435831.447252566
2012-09-11,800446.6879838094,2666594.650498001,3467041.3384818104,2311.89,2476.9272333333333,2526.638296,0.3,3467041.3384818104,1040112.4015445431,2426928.9369372674
2012-09-12,800446.6879838094,2679420.943169001,3479867.63115281,2320.071,2474.7241166666663,2524.5804399999997,0.3,3479867.63115281,1043960.289345843,2435907.341806967
2012-09-13,800446.6879838094,2650937.4771340005,3451384.16511781,2298.461,2472.313016666667,2522.558868,0.3,3451384.16511781,1035415.2495353429,2415968.915582467
2012-09-14,800446.6879838094,2644979.5782929994,3445426.266276809,2315.542,2470.077975,2520.845768,0.3,3445426.266276809,1033627.8798830427,2411798.3863937664
2012-09-17,800446.6879838094,2570767.410222,3371214.098205809,2258.705,2467.6260166666666,2518.987376,0.3,3371214.098205809,1011364.2294617427,2359849.8687440665
2012-09-18,800446.6879838094,2561132.66286,3361579.350843809,2235.239,2464.9576583333333,2516.8119719999995,0.3,3361579.350843809,1008473.8052531427,2353105.545590666
2012-09-19,800446.6879838094,2578953.16911,3379399.8570938096,2246.236,2462.4501,2514.7724959999996,0.3,3379399.8570938096,1013819.9571281428,2365579.8999656667
2012-09-20,800446.6879838094,2510713.2032440007,3311159.89122781,2195.951,2460.1255250000004,2512.55192,0.3,3311159.89122781,993347.967368343,2317811.9238594673
2012-09-21,800446.6879838094,2490654.040987999,3291100.7289718087,2199.063,2458.0916999999995,2510.46704,0.3,3291100.7289718087,987330.2186915425,2303770.5102802664
2012-09-24,800446.6879838094,2502582.2175450004,3303028.90552881,2215.516,2456.0968416666665,2508.3966720000003,0.3,3303028.90552881,990908.6716586429,2312120.233870167
2012-09-25,800446.6879838094,2490749.742701999,3291196.4306858084,2210.154,2453.5745250000004,2506.3210839999997,0.3,3291196.4306858084,987358.9292057424,2303837.501480066
2012-09-26,800446.6879838094,2427840.461266,3228287.1492498093,2184.891,2450.783366666667,2504.1247000000003,0.3,3228287.1492498093,968486.1447749428,2259801.0044748667
2012-09-27,800446.6879838094,2475973.5693470016,3276420.257330811,2251.717,2448.7547916666663,2502.414488,0.3,3276420.257330811,982926.0771992432,2293494.1801315676
2012-09-28,800446.6879838094,2526402.586025,3326849.274008809,2293.106,2446.8657749999998,2500.8275320000002,0.3,3326849.274008809,998054.7822026426,2328794.4918061662
2012-10-08,800446.6879838094,2525278.9064390007,3325725.5944228102,2270.054,2444.782591666667,2498.823704,0.3,3325725.5944228102,997717.6783268431,2328007.9160959674
2012-10-09,800446.6879838094,2593078.0876040016,3393524.775587811,2320.157,2442.696933333333,2497.3615800000002,0.3,3393524.775587811,1018057.4326763432,2375467.342911468
2012-10-10,800446.6879838094,2620050.759049,3420497.4470328097,2324.117,2440.5607916666663,2495.980136,0.3,3420497.4470328097,1026149.2341098429,2394348.212922967
2012-10-11,800446.6879838094,2584244.4815299995,3384691.169513809,2302.533,2438.2981999999997,2494.7465919999995,0.3,3384691.169513809,1015407.3508541427,2369283.8186596665
2012-10-12,800446.6879838094,2572353.6436370006,3372800.33162081,2304.531,2436.3202666666666,2493.4132,0.3,3372800.33162081,1011840.099486243,2360960.232134567
2012-10-15,800446.6879838094,2566248.161511999,3366694.8494958086,2294.857,2433.778175,2492.1502680000003,0.3,3366694.8494958086,1010008.4548487426,2356686.394647066
2012-10-16,800446.6879838094,2593083.931226999,3393530.6192108085,2298.162,2431.2957250000004,2490.990176,0.3,3393530.6192108085,1018059.1857632425,2375471.433447566
2012-10-17,800446.6879838094,2593352.507492999,3393799.1954768086,2300.803,2428.5787583333336,2489.8679839999995,0.3,3393799.1954768086,1018139.7586430425,2375659.4368337663
2012-10-18,800446.6879838094,2635141.183783,3435587.8717668094,2336.077,2426.3290833333335,2488.983964,0.3,3435587.8717668094,1030676.3615300427,2404911.5102367667
2012-10-19,800446.6879838094,2627157.3286140007,3427604.01659781,2332.47,2424.0591166666663,2488.1058679999996,0.3,3427604.01659781,1028281.204979343,2399322.8116184673
2012-10-22,800446.6879838094,2645610.4329,3446057.1208838094,2341.592,2421.6891333333333,2486.893204,0.3,3446057.1208838094,1033817.1362651428,2412239.9846186666
2012-10-23,800446.6879838094,2614131.804118001,3414578.4921018104,2312.077,2419.0273833333335,2485.491108,0.3,3414578.4921018104,1024373.5476305431,2390204.944471267
2012-10-24,800446.6879838094,2611142.2068140004,3411588.89479781,2307.779,2416.3742333333334,2484.1070959999997,0.3,3411588.89479781,1023476.6684393429,2388112.226358467
2012-10-25,800446.6879838094,2582149.8487859988,3382596.5367698083,2291.239,2413.1054999999997,2482.604248,0.3,3382596.5367698083,1014778.9610309424,2367817.575738866
2012-10-26,800446.6879838094,2529920.370782,3330367.058765809,2247.907,2409.4087416666666,2481.22704,0.3,3330367.058765809,999110.1176297427,2331256.9411360663
2012-10-29,800446.6879838094,2522119.0142380013,3322565.702221811,2235.854,2405.4085333333333,2479.838132,0.3,3322565.702221811,996769.7106665432,2325795.9915552675
2012-10-30,800446.6879838094,2526782.779753,3327229.467736809,2239.882,2401.426066666667,2478.715532,0.3,3327229.467736809,998168.8403210427,2329060.6274157665
2012-10-31,800446.6879838094,2537348.092049,3337794.7800328094,2254.82,2397.640266666667,2477.703304,0.3,3337794.7800328094,1001338.4340098428,2336456.3460229663
2012-11-01,1606699.8710470863,1788351.747064,3395051.618111086,2297.884,2394.64335,2476.588164,0.3,3395051.618111086,1018515.4854333258,2376536.1326777604
2012-11-02,1606699.8710470863,1792339.3457639995,3399039.216811086,2306.774,2391.7230166666673,2475.31356,0.3,3399039.216811086,1019711.7650433257,2379327.4517677603
2012-11-05,1606699.8710470863,1779589.803907001,3386289.6749540875,2301.88,2388.931041666667,2473.914472,0.3,3386289.6749540875,1015886.9024862262,2370402.7724678614
2012-11-06,1606699.8710470863,1771533.586465,3378233.4575120863,2292.206,2386.2366416666673,2472.453384,0.3,3378233.4575120863,1013470.0372536258,2364763.4202584606
2012-11-07,1606699.8710470863,1766338.7138549995,3373038.5849020863,2287.505,2383.4877333333334,2470.767336,0.3,3373038.5849020863,1011911.5754706259,2361127.0094314604
2012-11-08,1606699.8710470863,1732409.739189,3339109.610236086,2245.405,2380.7440500000002,2468.967728,0.3,3339109.610236086,1001732.8830708257,2337376.7271652604
2012-11-09,1606699.8710470863,1728105.655854,3334805.5269010863,2240.924,2377.6355666666664,2467.141288,0.3,3334805.5269010863,1000441.6580703259,2334363.8688307605
2012-11-12,1606699.8710470863,1726218.4086129996,3332918.279660086,2251.848,2374.9511666666667,2465.1791200000002,0.3,3332918.279660086,999875.4838980258,2333042.79576206
2012-11-13,1606699.8710470863,1685932.7941149997,3292632.665162086,2212.44,2371.827908333333,2463.051676,0.3,3292632.665162086,987789.7995486257,2304842.8656134605
2012-11-14,1606699.8710470863,1689883.8936189993,3296583.7646660856,2223.11,2368.4577833333333,2460.8891320000002,0.3,3296583.7646660856,988975.1293998256,2307608.6352662602
2012-11-15,1606699.8710470863,1665994.030257,3272693.9013040867,2193.623,2364.9307333333336,2458.718632,0.3,3272693.9013040867,981808.170391226,2290885.7309128605
2012-11-16,1606699.8710470863,1653914.365876,3260614.2369230865,2177.24,2361.4472333333333,2456.5167520000005,0.3,3260614.2369230865,978184.2710769259,2282429.9658461604
2012-11-19,1606699.8710470863,1658067.8367659992,3264767.707813085,2174.985,2358.1295833333334,2454.210076,0.3,3264767.707813085,979430.3123439255,2285337.39546916
2012-11-20,1606699.8710470863,1661710.760154999,3268410.6312020854,2164.881,2354.381183333333,2452.0712479999997,0.3,3268410.6312020854,980523.1893606256,2287887.44184146
2012-11-21,1606699.8710470863,1673073.2028819995,3279773.073929086,2194.896,2350.581533333333,2450.070824,0.3,3279773.073929086,983931.9221787257,2295841.15175036
2012-11-22,1606699.8710470863,1657236.003374999,3263935.874422085,2177.546,2346.708933333334,2447.780228,0.3,3263935.874422085,979180.7623266254,2284755.1120954594
2012-11-23,1606699.8710470863,1661609.577912,3268309.448959086,2192.676,2343.0475500000002,2445.572212,0.3,3268309.448959086,980492.8346877258,2287816.6142713604
2012-11-26,1606699.8710470863,1639086.3739769997,3245786.245024086,2175.599,2339.2358916666662,2443.5941439999997,0.3,3245786.245024086,973735.8735072258,2272050.37151686
2012-11-27,1606699.8710470863,1582949.9188189998,3189649.789866086,2150.638,2335.8326583333333,2441.548628,0.3,3189649.789866086,956894.9369598258,2232754.85290626
2012-11-28,1606699.8710470863,1546130.4040870008,3152830.275134087,2129.161,2332.2519833333336,2439.639292,0.3,3152830.275134087,945849.082540226,2206981.192593861
2012-11-29,1606699.8710470863,1526390.332264,3133090.203311086,2115.676,2328.570941666667,2437.6632480000003,0.3,3133090.203311086,939927.0609933258,2193163.1423177603
2012-11-30,1606699.8710470863,1547705.4847350006,3154405.355782087,2139.661,2325.2165833333333,2435.7839919999997,0.3,3154405.355782087,946321.606734626,2208083.749047461
2012-12-03,1606699.8710470863,1521035.762107,3127735.6331540863,2108.85,2321.7542583333334,2433.8833480000003,0.3,3127735.6331540863,938320.6899462258,2189414.9432078605
2012-12-04,1606699.8710470863,1533720.4472190004,3140420.3182660867,2131.473,2318.1976583333335,2432.0535800000002,0.3,3140420.3182660867,942126.095479826,2198294.222786261
2012-12-05,1606699.8710470863,1587807.0985960003,3194506.9696430867,2207.878,2315.4284916666666,2430.6051999999995,0.3,3194506.9696430867,958352.090892926,2236154.878750161
2012-12-06,1606699.8710470863,1587213.5400450006,3193913.4110920867,2203.602,2312.286541666667,2429.126324,0.3,3193913.4110920867,958174.0233276259,2235739.387764461
2012-12-07,1606699.8710470863,1615986.6718159998,3222686.542863086,2246.757,2309.672675,2427.679076,0.3,3222686.542863086,966805.9628589257,2255880.5800041603
2012-12-10,1606699.8710470863,1637162.5019890005,3243862.3730360866,2271.046,2307.1976083333334,2426.67718,0.3,3243862.3730360866,973158.7119108259,2270703.6611252604
2012-12-11,1606699.8710470863,1627789.5569100007,3234489.427957087,2258.5,2304.5083416666666,2425.376728,0.3,3234489.427957087,970346.828387126,2264142.599569961
2012-12-12,1606699.8710470863,1628472.7303579997,3235172.601405086,2267.767,2302.0845583333335,2424.2185520000003,0.3,3235172.601405086,970551.7804215257,2264620.8209835603
2012-12-13,1606699.8710470863,1610673.124863,3217372.9959100867,2242.635,2299.5014250000004,2423.103552,0.3,3217372.9959100867,965211.898773026,2252161.097137061
2012-12-14,1606699.8710470863,1664179.7336010006,3270879.604648087,2355.865,2298.1987583333334,2422.461648,0.6,3270879.604648087,1962527.7627888522,1308351.841859235
2012-12-17,1606699.8710470863,1664075.2914699998,3270775.162517086,2366.7,2297.450275,2421.8155360000005,0.6,3270775.162517086,1962465.0975102517,1308310.0650068345
2012-12-18,1606699.8710470863,1651688.2545220002,3258388.1255690865,2368.12,2296.7269833333335,2421.188012,0.6,3258388.1255690865,1955032.8753414517,1303355.2502276348
2012-12-19,1606699.8710470863,1659703.7003240006,3266403.571371087,2371.109,2296.0929333333333,2420.6586039999997,0.6,3266403.571371087,1959842.1428226521,1306561.4285484347
2012-12-20,1606699.8710470863,1664498.2325039995,3271198.103551086,2384.816,2295.7519916666665,2420.2871,0.6,3271198.103551086,1962718.8621306515,1308479.2414204346
2012-12-21,1606699.8710470863,1676425.4440809994,3283125.3151280857,2372.002,2295.0052416666663,2420.087396,0.6,3283125.3151280857,1969875.1890768514,1313250.1260512343
2012-12-24,1606699.8710470863,1700633.0250529998,3307332.896100086,2381.217,2294.305066666667,2420.022344,0.6,3307332.896100086,1984399.7376600516,1322933.1584400346
2012-12-25,1606699.8710470863,1737890.8084629988,3344590.679510085,2448.395,2294.1356833333334,2420.4527720000006,1.0,3344590.679510085,3344590.679510085,0.0
2012-12-26,1606699.8710470863,1759939.1635269998,3366639.034574086,2457.619,2294.07485,2420.7227319999997,1.0,3366639.034574086,3366639.034574086,0.0
2012-12-27,1606699.8710470863,1754044.0517750008,3360743.922822087,2444.594,2294.1933833333333,2420.9634760000004,1.0,3360743.922822087,3360743.922822087,0.0
2012-12-28,1606699.8710470863,1779792.2018200003,3386492.0728670866,2480.049,2294.2553416666665,2421.37538,1.0,3386492.0728670866,3386492.0728670866,0.0
2012-12-31,1606699.8710470863,1800374.8586819996,3407074.729729086,2522.952,2295.1463083333333,2422.1107559999996,1.0,3407074.729729086,3407074.729729086,0.0
2013-01-04,1606699.8710470863,1780115.7807180006,3386815.6517650867,2524.409,2296.1271666666667,2422.843052,1.0,3386815.6517650867,3386815.6517650867,0.0
2013-01-07,1606699.8710470863,1795614.4557010003,3402314.326748087,2535.985,2297.047275,2423.550356,1.0,3402314.326748087,3402314.326748087,0.0
2013-01-08,1606699.8710470863,1835820.6114170004,3442520.4824640867,2525.33,2297.6818500000004,2424.3088679999996,1.0,3442520.4824640867,3442520.4824640867,0.0
2013-01-09,1606699.8710470863,1844372.9722430003,3451072.843290087,2526.126,2298.3109583333335,2425.1932320000005,1.0,3451072.843290087,3451072.843290087,0.0
2013-01-10,1606699.8710470863,1851678.4496890008,3458378.320736087,2530.569,2299.4012749999997,2426.0837959999994,1.0,3458378.320736087,3458378.320736087,0.0
2013-01-11,1606699.8710470863,1821175.4044580003,3427875.2755050864,2483.23,2299.976516666667,2426.7712720000004,1.0,3427875.2755050864,3427875.2755050864,0.0
2013-01-14,1606699.8710470863,1880372.839452,3487072.7104990864,2577.725,2301.3381,2427.699204,1.0,3487072.7104990864,3487072.7104990864,0.0
2013-01-15,1606699.8710470863,1910664.1113700003,3517363.982417087,2595.856,2302.76755,2428.8876160000004,1.0,3517363.982417087,3517363.982417087,0.0
2013-01-16,1606699.8710470863,1918623.1799860003,3525323.0510330866,2577.092,2304.256191666667,2430.090444,1.0,3525323.0510330866,3525323.0510330866,0.0
2013-01-17,1606699.8710470863,1904824.352177,3511524.2232240858,2552.758,2305.81725,2431.139072,1.0,3511524.2232240858,3511524.2232240858,0.0
2013-01-18,1606699.8710470863,1930366.008032,3537065.8790790867,2595.439,2307.645975,2432.046548,1.0,3537065.8790790867,3537065.8790790867,0.0
2013-01-21,1606699.8710470863,1947319.339647,3554019.210694086,2610.898,2309.7361,2432.7007439999998,1.0,3554019.210694086,3554019.210694086,0.0
2013-01-22,1606699.8710470863,1929301.4843940004,3536001.355441087,2596.898,2311.8145166666663,2433.3459040000002,1.0,3536001.355441087,3536001.355441087,0.0
2013-01-23,1606699.8710470863,1936082.581119,3542782.452166086,2607.456,2313.9674166666664,2434.034852,1.0,3542782.452166086,3542782.452166086,0.0
2013-01-24,1606699.8710470863,1896268.148836,3502968.019883086,2582.755,2316.0254333333332,2434.7885360000005,1.0,3502968.019883086,3502968.019883086,0.0
2013-01-25,1606699.8710470863,1900744.5881120008,3507444.459159087,2571.674,2318.0150333333336,2435.6926359999998,1.0,3507444.459159087,3507444.459159087,0.0
2013-01-28,1606699.8710470863,1938831.5838890004,3545531.4549360867,2651.863,2320.4584666666665,2436.4576840000004,1.0,3545531.4549360867,3545531.4549360867,0.0
2013-01-29,1606699.8710470863,1954193.9266469995,3560893.7976940856,2675.866,2323.3,2437.472392,1.0,3560893.7976940856,3560893.7976940856,0.0
2013-01-30,1606699.8710470863,1942484.797516,3549184.668563086,2688.711,2326.09145,2438.353836,1.0,3549184.668563086,3549184.668563086,0.0
2013-01-31,1606699.8710470863,1937229.554235,3543929.4252820862,2686.882,2328.6020416666665,2439.08502,1.0,3543929.4252820862,3543929.4252820862,0.0
2013-02-01,349162.54700776894,3165474.10293,3514636.6499377685,2743.324,2331.5558,2440.215436,1.0,3514636.6499377685,3514636.6499377685,0.0
2013-02-04,349162.54700776894,3115825.147688,3464987.694695769,2748.028,2334.541075,2441.350508,1.0,3464987.694695769,3464987.694695769,0.0
2013-02-05,349162.54700776894,3153029.7716140007,3502192.318621769,2771.675,2337.5408666666667,2442.721232,1.0,3502192.318621769,3502192.318621769,0.0
2013-02-06,349162.54700776894,3216006.4889230006,3565169.035930769,2775.844,2340.6749750000004,2443.879656,1.0,3565169.035930769,3565169.035930769,0.0
2013-02-07,349162.54700776894,3266158.0823430005,3615320.629350769,2759.87,2344.0744666666665,2444.894776,1.0,3615320.629350769,3615320.629350769,0.0
2013-02-08,349162.54700776894,3399329.6310230005,3748492.178030769,2771.725,2347.5303750000003,2445.964388,1.0,3748492.178030769,3748492.178030769,0.0
2013-02-18,349162.54700776894,3407813.667002999,3756976.214010768,2737.471,2350.9125083333333,2447.0824559999996,1.0,3756976.214010768,3756976.214010768,0.0
2013-02-19,349162.54700776894,3324608.836904,3673771.383911769,2685.606,2353.9619749999997,2447.711936,1.0,3673771.383911769,3673771.383911769,0.0
2013-02-20,349162.54700776894,3372035.616510001,3721198.16351777,2702.635,2357.2049666666667,2448.405552,1.0,3721198.16351777,3721198.16351777,0.0
2013-02-21,349162.54700776894,3314422.940309,3663585.4873167686,2610.549,2359.777975,2448.713252,1.0,3663585.4873167686,3663585.4873167686,0.0
2013-02-22,349162.54700776894,3349894.8209590004,3699057.367966769,2596.604,2362.135483333333,2448.971744,1.0,3699057.367966769,3699057.367966769,0.0
2013-02-25,349162.54700776894,3351550.7369070007,3700713.2839147695,2604.96,2364.7136,2449.303156,1.0,3700713.2839147695,3700713.2839147695,0.0
2013-02-26,349162.54700776894,3300664.4115689998,3649826.958576768,2567.595,2366.9252333333334,2449.375108,1.0,3649826.958576768,3649826.958576768,0.0
2013-02-27,349162.54700776894,3311909.191224,3661071.738231769,2594.677,2369.5835666666667,2449.60952,1.0,3661071.738231769,3661071.738231769,0.0
2013-02-28,349162.54700776894,3362342.284759,3711504.831766769,2673.327,2373.292925,2450.1544839999997,1.0,3711504.831766769,3711504.831766769,0.0
2013-03-01,349162.54700776894,3447536.463450999,3796699.010458768,2668.836,2376.8798,2450.667004,1.0,3796699.010458768,3796699.010458768,0.0
2013-03-04,349162.54700776894,3337269.742955,3686432.289962769,2545.715,2379.6373083333333,2450.6000520000002,1.0,3686432.289962769,3686432.289962769,0.0
2013-03-05,349162.54700776894,3425186.998496001,3774349.54550377,2622.807,2383.0659499999997,2450.7013759999995,1.0,3774349.54550377,3774349.54550377,0.0
2013-03-06,349162.54700776894,3540612.913245,3889775.460252769,2650.202,2386.7770666666665,2450.87716,1.0,3889775.460252769,3889775.460252769,0.0
2013-03-07,349162.54700776894,3473229.346437999,3822391.893445768,2619.479,2390.0363166666666,2450.763008,1.0,3822391.893445768,3822391.893445768,0.0
2013-03-08,349162.54700776894,3415384.3846260007,3764546.9316337695,2606.927,2393.3906500000003,2450.564424,1.0,3764546.9316337695,3764546.9316337695,0.0
2013-03-11,349162.54700776894,3402376.3600280005,3751538.9070357694,2592.372,2396.6614583333335,2450.2840599999995,1.0,3751538.9070357694,3751538.9070357694,0.0
2013-03-12,349162.54700776894,3305914.303098,3655076.850105769,2555.615,2399.4763916666666,2449.9699480000004,1.0,3655076.850105769,3655076.850105769,0.0
2013-03-13,349162.54700776894,3307340.0858749994,3656502.632882768,2527.486,2401.2289499999997,2449.546512,1.0,3656502.632882768,3656502.632882768,0.0
2013-03-14,349162.54700776894,3345647.8780650003,3694810.425072769,2534.273,2402.9590083333333,2448.9638680000003,1.0,3694810.425072769,3694810.425072769,0.0
2013-03-15,349162.54700776894,3373172.759242,3722335.306249769,2539.873,2404.858866666667,2448.472568,1.0,3722335.306249769,3722335.306249769,0.0
2013-03-18,349162.54700776894,3319105.470766,3668268.017773769,2502.493,2406.3790500000005,2447.9983320000006,1.0,3668268.017773769,3668268.017773769,0.0
2013-03-19,349162.54700776894,3327278.635615,3676441.182622769,2525.097,2408.267683333333,2447.6867,1.0,3676441.182622769,3676441.182622769,0.0
2013-03-20,349162.54700776894,3372530.857185,3721693.404192769,2610.174,2410.72295,2447.5842319999997,1.0,3721693.404192769,3721693.404192769,0.0
2013-03-21,349162.54700776894,3407023.669615,3756186.216622769,2614.988,2413.691975,2447.3869760000002,1.0,3756186.216622769,3756186.216622769,0.0
2013-03-22,349162.54700776894,3410744.817474,3759907.364481769,2618.308,2416.884216666667,2447.2426,1.0,3759907.364481769,3759907.364481769,0.0
2013-03-25,349162.54700776894,3423556.3151950003,3772718.862202769,2613.097,2419.9413916666667,2446.970696,1.0,3772718.862202769,3772718.862202769,0.0
2013-03-26,349162.54700776894,3417654.458111,3766817.0051187687,2575.05,2423.10055,2446.850472,1.0,3766817.0051187687,3766817.0051187687,0.0
2013-03-27,349162.54700776894,3403259.3239440005,3752421.8709517694,2583.53,2426.3044416666667,2446.842408,1.0,3752421.8709517694,3752421.8709517694,0.0
2013-03-28,349162.54700776894,3323145.937772,3672308.484779769,2499.302,2428.6693250000003,2446.3455360000003,1.0,3672308.484779769,3672308.484779769,0.0
2013-03-29,349162.54700776894,3319190.353596,3668352.900603769,2495.083,2431.043733333333,2445.805816,1.0,3668352.900603769,3668352.900603769,0.0
2013-04-01,349162.54700776894,3342610.161754,3691772.708761769,2493.187,2433.612866666667,2445.440784,1.0,3691772.708761769,3691772.708761769,0.0
2013-04-02,349162.54700776894,3277487.426208,3626649.973215769,2486.391,2435.568483333334,2445.035176,1.0,3626649.973215769,3626649.973215769,0.0
2013-04-03,349162.54700776894,3259702.8801670005,3608865.427174769,2483.547,2437.1554916666664,2444.634376,1.0,3608865.427174769,3608865.427174769,0.0
2013-04-08,349162.54700776894,3290947.124848,3640109.6718557687,2472.299,2438.8408666666664,2444.311812,1.0,3640109.6718557687,3640109.6718557687,0.0
2013-04-09,349162.54700776894,3306064.7921990007,3655227.3392067696,2489.43,2440.2514749999996,2444.047764,1.0,3655227.3392067696,3655227.3392067696,0.0
2013-04-10,349162.54700776894,3289802.233391,3638964.780398769,2485.309,2441.594741666667,2443.800428,1.0,3638964.780398769,3638964.780398769,0.0
2013-04-11,349162.54700776894,3275377.185394,3624539.7324017687,2477.876,2443.0559333333335,2443.812332,1.0,3624539.7324017687,3624539.7324017687,0.0
2013-04-12,349162.54700776894,3258115.624651,3607278.171658769,2462.112,2444.3691083333333,2443.888292,1.0,3607278.171658769,3607278.171658769,0.0
2013-04-15,349162.54700776894,3201920.5181400003,3551083.065147769,2436.818,2445.5521166666667,2443.8159680000003,0.3,3551083.065147769,1065324.9195443308,2485758.1456034384
2013-04-16,349162.54700776894,3228097.3084770003,3577259.855484769,2459.592,2446.897366666666,2443.603008,1.0,3577259.855484769,3577259.855484769,0.0
2013-04-17,349162.54700776894,3285093.012531001,3634255.55953877,2458.473,2448.2112833333335,2443.35758,1.0,3634255.55953877,3634255.55953877,0.0
2013-04-18,349162.54700776894,3297369.5035260003,3646532.050533769,2464.851,2449.2843999999996,2443.2364,1.0,3646532.050533769,3646532.050533769,0.0
2013-04-19,349162.54700776894,3355202.9234830006,3704365.4704907695,2533.827,2450.962375,2443.292556,1.0,3704365.4704907695,3704365.4704907695,0.0
2013-04-22,349162.54700776894,3361780.098676001,3710942.64568377,2530.67,2452.5380250000003,2443.3350920000003,1.0,3710942.64568377,3710942.64568377,0.0
2013-04-23,349162.54700776894,3296512.119886,3645674.6668937686,2449.471,2453.682975,2442.851232,0.3,3645674.6668937686,1093702.4000681306,2551972.266825638
2013-04-24,349162.54700776894,3339627.124208,3688789.671215768,2495.579,2455.247975,2442.5117320000004,1.0,3688789.671215768,3688789.671215768,0.0
2013-04-25,349162.54700776894,3266861.870470001,3616024.41747777,2467.875,2456.719941666667,2442.0870560000003,1.0,3616024.41747777,3616024.41747777,0.0
2013-04-26,349162.54700776894,3195640.620016,3544803.167023769,2447.306,2458.3816,2441.708748,0.3,3544803.167023769,1063440.9501071307,2481362.2169166384
2013-05-02,349162.54700776894,3238126.579736,3587289.126743769,2449.639,2460.163141666667,2441.1076719999996,0.3,3587289.126743769,1076186.7380231307,2511102.388720638
2013-05-03,680012.7770347302,3000234.959923,3680247.73695773,2492.912,2462.2717249999996,2440.695096,1.0,3680247.73695773,3680247.73695773,0.0
2013-05-06,680012.7770347302,3039943.299413001,3719956.0764477313,2525.983,2464.5314166666662,2440.2916720000003,1.0,3719956.0764477313,3719956.0764477313,0.0
2013-05-07,680012.7770347302,3031436.584810001,3711449.361844731,2529.938,2466.4652,2439.987272,1.0,3711449.361844731,3711449.361844731,0.0
2013-05-08,680012.7770347302,3070769.5798410005,3750782.35687573,2542.798,2468.4320666666667,2439.739,1.0,3750782.35687573,3750782.35687573,0.0
2013-05-09,680012.7770347302,3073181.285669001,3753194.062703731,2527.794,2470.314683333333,2439.346216,1.0,3753194.062703731,3753194.062703731,0.0
2013-05-10,680012.7770347302,3078985.200511999,3758997.977546729,2540.836,2472.3866,2438.983612,1.0,3758997.977546729,3758997.977546729,0.0
2013-05-13,680012.7770347302,3107887.767922,3787900.54495673,2530.768,2474.413791666667,2438.6020559999997,1.0,3787900.54495673,3787900.54495673,0.0
2013-05-14,680012.7770347302,3079525.1335410005,3759537.9105757303,2493.338,2476.4799,2437.84146,1.0,3759537.9105757303,3759537.9105757303,0.0
2013-05-15,680012.7770347302,3128058.8374270005,3808071.6144617302,2506.925,2478.696575,2437.103088,1.0,3808071.6144617302,3808071.6144617302,0.0
2013-05-16,680012.7770347302,3149816.3341960018,3829829.111230732,2552.709,2481.20375,2436.450408,1.0,3829829.111230732,3829829.111230732,0.0
2013-05-17,680012.7770347302,3195592.263194001,3875605.040228731,2592.048,2484.36715,2435.947488,1.0,3875605.040228731,3875605.040228731,0.0
2013-05-20,680012.7770347302,3239550.4504779987,3919563.227512729,2609.607,2487.587958333333,2435.549452,1.0,3919563.227512729,3919563.227512729,0.0
2013-05-21,680012.7770347302,3305238.40366,3985251.18069473,2614.853,2491.0982083333333,2435.378808,1.0,3985251.18069473,3985251.18069473,0.0
2013-05-22,680012.7770347302,3262681.801670002,3942694.578704732,2618.034,2494.771491666667,2435.2220880000004,1.0,3942694.578704732,3942694.578704732,0.0
2013-05-23,680012.7770347302,3247618.4026770014,3927631.179711732,2582.849,2498.1703583333338,2435.0058160000003,1.0,3927631.179711732,3927631.179711732,0.0
2013-05-24,680012.7770347302,3287548.698385,3967561.4754197295,2597.228,2501.77325,2434.932592,1.0,3967561.4754197295,3967561.4754197295,0.0
2013-05-27,680012.7770347302,3333212.822488001,4013225.5995227313,2599.587,2505.145675,2434.861444,1.0,4013225.5995227313,4013225.5995227313,0.0
2013-05-28,680012.7770347302,3323171.8418249995,4003184.6188597297,2644.359,2509.0357833333333,2435.140292,1.0,4003184.6188597297,4003184.6188597297,0.0
2013-05-29,680012.7770347302,3348548.3511420013,4028561.128176732,2642.561,2512.784825,2435.254768,1.0,4028561.128176732,4028561.128176732,0.0
2013-05-30,680012.7770347302,3350806.4897860014,4030819.266820732,2634.323,2516.607525,2435.496156,1.0,4030819.266820732,4030819.266820732,0.0
2013-05-31,680012.7770347302,3316683.027989999,3996695.805024729,2606.426,2520.4057583333333,2435.572936,1.0,3996695.805024729,3996695.805024729,0.0
2013-06-03,680012.7770347302,3276247.7748539997,3956260.5518887294,2602.623,2524.351275,2435.4733279999996,1.0,3956260.5518887294,3956260.5518887294,0.0
2013-06-04,680012.7770347302,3207222.090276,3887234.86731073,2565.666,2528.1011916666666,2435.268516,1.0,3887234.86731073,3887234.86731073,0.0
2013-06-05,680012.7770347302,3232635.710613001,3912648.4876477313,2560.539,2531.6085083333332,2435.129632,1.0,3912648.4876477313,3912648.4876477313,0.0
2013-06-06,680012.7770347302,3192021.4736240003,3872034.2506587305,2527.845,2535.1001333333334,2434.9486,0.3,3872034.2506587305,1161610.275197619,2710423.9754611114
2013-06-07,680012.7770347302,3158240.319639,3838253.09667373,2484.16,2538.0391916666663,2434.426484,0.3,3838253.09667373,1151475.929002119,2686777.1676716106
2013-06-13,680012.7770347302,3080884.8198240004,3760897.5968587305,2399.937,2539.639683333334,2433.4228160000002,0.3,3760897.5968587305,1128269.2790576192,2632628.3178011114
2013-06-14,680012.7770347302,3150786.4019010006,3830799.178935731,2416.771,2541.4160916666665,2432.520868,0.3,3830799.178935731,1149239.7536807193,2681559.4252550118
2013-06-17,680012.7770347302,3161743.003386,3841755.78042073,2403.839,2542.7251083333335,2431.6080560000005,0.3,3841755.78042073,1152526.7341262188,2689229.0462945113
2013-06-18,680012.7770347302,3162425.688550999,3842438.465585729,2418.745,2543.955933333333,2430.751044,0.3,3842438.465585729,1152731.5396757186,2689706.9259100105
2013-06-19,680012.7770347302,3155610.580949001,3835623.357983731,2400.765,2545.141475,2430.118,0.3,3835623.357983731,1150687.0073951194,2684936.350588612
2013-06-20,680012.7770347302,3051528.445585,3731541.22261973,2321.466,2545.5889666666667,2429.168496,0.3,3731541.22261973,1119462.366785919,2612078.8558338108
2013-06-21,680012.7770347302,3034745.8640739988,3714758.641108729,2317.394,2546.2119583333333,2428.2084680000003,0.3,3714758.641108729,1114427.5923326185,2600331.0487761106
2013-06-24,680012.7770347302,2853159.889009,3533172.66604373,2171.21,2544.6731666666665,2426.724572,0.3,3533172.66604373,1059951.799813119,2473220.8662306108
2013-06-25,680012.7770347302,2870970.8929759995,3550983.6700107297,2165.421,2542.9958416666664,2425.28894,0.3,3550983.6700107297,1065295.101003219,2485688.569007511
2013-06-26,680012.7770347302,2953186.4472660013,3633199.224300731,2168.297,2541.3306500000003,2423.729068,0.3,3633199.224300731,1089959.7672902192,2543239.457010512
2013-06-27,680012.7770347302,2899480.9669890013,3579493.7440237314,2160.735,2539.5775333333336,2422.211296,0.3,3579493.7440237314,1073848.1232071193,2505645.620816612
2013-06-28,680012.7770347302,2878694.177529,3558706.9545637304,2200.639,2538.042725,2420.691308,0.3,3558706.9545637304,1067612.0863691191,2491094.8681946113
2013-07-01,680012.7770347302,2968474.8048510007,3648487.581885731,2213.317,2536.7203500000005,2419.302892,0.3,3648487.581885731,1094546.2745657193,2553941.307320012
2013-07-02,680012.7770347302,3041242.874947,3721255.65198173,2221.984,2535.393408333334,2417.9186120000004,0.3,3721255.65198173,1116376.695594519,2604878.956387211
2013-07-03,680012.7770347302,3063107.170755001,3743119.947789731,2203.828,2533.35535,2416.409076,0.3,3743119.947789731,1122935.9843369192,2620183.963452812
2013-07-04,680012.7770347302,3063905.0103140003,3743917.7873487305,2221.979,2531.3916833333333,2415.062508,0.3,3743917.7873487305,1123175.3362046191,2620742.4511441113
2013-07-05,680012.7770347302,3033916.1980330003,3713928.9750677305,2226.849,2529.5771416666666,2413.7594599999998,0.3,3713928.9750677305,1114178.692520319,2599750.2825474115
2013-07-08,680012.7770347302,2938026.2849180005,3618039.06195273,2163.619,2526.940225,2412.365196,0.3,3618039.06195273,1085411.718585819,2532627.343366911
2013-07-09,680012.7770347302,2942971.178713,3622983.95574773,2162.669,2523.9378666666667,2411.1897999999997,0.3,3622983.95574773,1086895.186724319,2536088.769023411
2013-07-10,680012.7770347302,3008186.586393,3688199.36342773,2224.065,2521.4349999999995,2410.2664,0.3,3688199.36342773,1106459.8090283189,2581739.554399411
2013-07-11,680012.7770347302,3079247.754383001,3759260.531417731,2326.688,2519.6908583333334,2409.784372,0.3,3759260.531417731,1127778.1594253194,2631482.371992412
2013-07-12,680012.7770347302,3071145.0192659986,3751157.796300729,2275.373,2517.607883333333,2409.1829479999997,0.3,3751157.796300729,1125347.3388902186,2625810.45741051
2013-07-15,680012.7770347302,3137661.918297,3817674.6953317295,2307.297,2515.7843083333332,2408.565688,0.3,3817674.6953317295,1145302.4085995187,2672372.286732211
2013-07-16,680012.7770347302,3176287.063221001,3856299.8402557313,2317.848,2514.0116333333335,2407.9761280000002,0.3,3856299.8402557313,1156889.9520767194,2699409.8881790116
2013-07-17,680012.7770347302,3119028.421517,3799041.19855173,2282.836,2512.341683333333,2407.232588,0.3,3799041.19855173,1139712.3595655188,2659328.838986211
2013-07-18,680012.7770347302,3107425.1377389985,3787437.9147737287,2245.328,2509.571708333334,2406.3542239999997,0.3,3787437.9147737287,1136231.3744321186,2651206.54034161
2013-07-19,680012.7770347302,3035988.90974,3716001.6867747298,2190.478,2506.193558333333,2405.394656,0.3,3716001.6867747298,1114800.506032419,2601201.180742311
2013-07-22,680012.7770347302,3097177.0192319998,3777189.7962667295,2202.189,2503.069366666666,2404.312956,0.3,3777189.7962667295,1133156.938880019,2644032.8573867106
2013-07-23,680012.7770347302,3183145.832180001,3863158.609214731,2265.845,2500.678425,2403.712192,0.3,3863158.609214731,1158947.5827644193,2704211.0264503118
2013-07-24,680012.7770347302,3210638.4072130006,3890651.1842477303,2249.151,2497.7926916666665,2403.0819719999995,0.3,3890651.1842477303,1167195.355274319,2723455.8289734116
2013-07-25,680012.7770347302,3145735.190157001,3825747.967191731,2237.683,2494.682566666667,2402.3304160000002,0.3,3825747.967191731,1147724.3901575194,2678023.5770342117
2013-07-26,680012.7770347302,3153936.931244999,3833949.70827973,2224.008,2491.57515,2401.4297240000005,0.3,3833949.70827973,1150184.912483919,2683764.795795811
2013-07-29,680012.7770347302,3116293.1226330004,3796305.8996677306,2175.97,2487.9794333333334,2400.331072,0.3,3796305.8996677306,1138891.7699003192,2657414.1297674114
2013-07-30,680012.7770347302,3083915.790523999,3763928.567558729,2189.388,2484.701375,2399.4897,0.3,3763928.567558729,1129178.5702676186,2634749.9972911105
2013-07-31,680012.7770347302,3089546.8879790013,3769559.665013732,2193.021,2481.5459333333333,2398.60498,0.3,3769559.665013732,1130867.8995041195,2638691.7655096124
2013-08-01,805165.5099552822,3065615.700097,3870781.210052282,2245.364,2478.1584416666665,2397.929096,0.3,3870781.210052282,1161234.3630156845,2709546.8470365973
2013-08-02,805165.5099552822,3065508.3903790014,3870673.900334284,2247.263,2474.5867500000004,2397.22086,0.3,3870673.900334284,1161202.1701002852,2709471.730233999
2013-08-05,805165.5099552822,3122969.5058300016,3928135.015785284,2278.329,2471.1668999999997,2396.7403560000002,0.3,3928135.015785284,1178440.504735585,2749694.511049699
2013-08-06,805165.5099552822,3173154.4973290004,3978320.0072842822,2293.641,2467.8898916666667,2396.453196,0.3,3978320.0072842822,1193496.0021852846,2784824.0050989976
2013-08-07,805165.5099552822,3142909.5272010006,3948075.037156283,2280.623,2464.03405,2396.07172,0.3,3948075.037156283,1184422.5111468849,2763652.526009398
2013-08-08,805165.5099552822,3166616.1246840004,3971781.6346392822,2276.782,2460.1070000000004,2395.738516,0.3,3971781.6346392822,1191534.4903917846,2780247.1442474974
2013-08-09,805165.5099552822,3189534.7185550006,3994700.228510283,2286.01,2456.059791666667,2395.492604,0.3,3994700.228510283,1198410.0685530847,2796290.1599571984
2013-08-12,805165.5099552822,3223253.9004279994,4028419.4103832818,2352.794,2452.534375,2395.5073479999996,0.3,4028419.4103832818,1208525.8231149844,2819893.5872682976
2013-08-13,805165.5099552822,3242698.045979,4047863.555934282,2359.068,2449.194358333333,2395.6004479999997,0.3,4047863.555934282,1214359.0667802845,2833504.4891539975
2013-08-14,805165.5099552822,3255764.774484,4060930.2844392825,2349.08,2445.6723166666666,2395.66508,0.3,4060930.2844392825,1218279.0853317848,2842651.199107498
2013-08-15,805165.5099552822,3227781.1947260005,4032946.704681283,2321.576,2442.206525,2395.5167800000004,0.3,4032946.704681283,1209884.0114043849,2823062.693276898
2013-08-16,805165.5099552822,3151592.2948700013,3956757.804825284,2304.144,2439.027675,2395.393828,0.3,3956757.804825284,1187027.3414475853,2769730.463377699
2013-08-19,805165.5099552822,3222716.7276320006,4027882.237587283,2331.43,2435.9343000000003,2395.3046,0.3,4027882.237587283,1208364.6712761847,2819517.566311098
2013-08-20,805165.5099552822,3235649.7462579994,4040815.256213282,2312.465,2433.4502666666667,2395.012016,0.3,4040815.256213282,1212244.5768639846,2828570.679349297
2013-08-21,805165.5099552822,3243641.4077130016,4048806.917668284,2308.589,2431.0501416666666,2394.69088,0.3,4048806.917668284,1214642.0753004851,2834164.842367799
2013-08-22,805165.5099552822,3259248.043081002,4064413.553036284,2303.932,2428.541575,2394.347428,0.3,4064413.553036284,1219324.065910885,2845089.487125399
2013-08-23,805165.5099552822,3257305.4949420006,4062471.004897283,2286.929,2426.202691666667,2393.848344,0.3,4062471.004897283,1218741.301469185,2843729.703428098
2013-08-26,805165.5099552822,3317660.3567480007,4122825.866703283,2335.616,2424.04385,2393.591804,0.3,4122825.866703283,1236847.760010985,2885978.1066922983
2013-08-27,805165.5099552822,3337964.6606539995,4143130.170609282,2340.881,2421.2734666666665,2393.547604,0.3,4143130.170609282,1242939.0511827846,2900191.1194264973
2013-08-28,805165.5099552822,3306071.923716999,4111237.4336722814,2328.056,2418.4336333333335,2393.4317640000004,0.3,4111237.4336722814,1233371.2301016843,2877866.203570597
2013-08-29,805165.5099552822,3303835.430869,4109000.940824282,2318.311,2416.5386,2393.378548,0.3,4109000.940824282,1232700.2822472844,2876300.6585769975
2013-08-30,805165.5099552822,3242730.649000001,4047896.158955284,2313.91,2413.9644583333334,2393.355508,0.3,4047896.158955284,1214368.847686585,2833527.311268699
2013-09-02,805165.5099552822,3273618.989196,4078784.4991512825,2320.344,2411.215641666667,2393.38298,0.3,4078784.4991512825,1223635.3497453847,2855149.1494058976
2013-09-03,805165.5099552822,3331764.487117,4136929.997072282,2354.502,2409.0075,2393.593836,0.3,4136929.997072282,1241078.9991216846,2895850.997950597
2013-09-04,805165.5099552822,3355644.838713,4160810.3486682815,2350.699,2406.8722666666667,2393.7418199999997,0.3,4160810.3486682815,1248243.1046004845,2912567.244067797
2013-09-05,805165.5099552822,3355044.3046390004,4160209.814594283,2341.735,2404.7836250000005,2393.926416,0.3,4160209.814594283,1248062.9443782847,2912146.870215998
2013-09-06,805165.5099552822,3375182.978031001,4180348.4879862834,2357.782,2403.1350166666666,2394.148748,0.3,4180348.4879862834,1254104.546395885,2926243.9415903986
2013-09-09,805165.5099552822,3378398.6753370003,4183564.1852922826,2440.609,2402.4110416666667,2394.808476,1.0,4183564.1852922826,4183564.1852922826,0.0
2013-09-10,805165.5099552822,3384965.956391,4190131.4663462825,2474.894,2401.9162166666665,2395.795236,1.0,4190131.4663462825,4190131.4663462825,0.0
2013-09-11,805165.5099552822,3332519.902016999,4137685.4119722815,2482.889,2401.44135,2396.773148,1.0,4137685.4119722815,4137685.4119722815,0.0
2013-09-12,805165.5099552822,3328306.7810690007,4133472.291024283,2507.455,2401.4827,2397.9437120000002,1.0,4133472.291024283,4133472.291024283,0.0
2013-09-13,805165.5099552822,3358083.428247001,4163248.938202283,2488.902,2401.1810750000004,2399.0538400000005,1.0,4163248.938202283,4163248.938202283,0.0
2013-09-16,805165.5099552822,3389172.6041430007,4194338.1140982825,2478.39,2400.082875,2400.147928,1.0,4194338.1140982825,4194338.1140982825,0.0
2013-09-17,805165.5099552822,3358473.78054,4163639.290495282,2427.322,2398.518991666667,2400.94374,1.0,4163639.290495282,4163639.290495282,0.0
2013-09-18,805165.5099552822,3364826.896013001,4169992.405968284,2432.51,2396.9706749999996,2401.8561520000003,1.0,4169992.405968284,4169992.405968284,0.0
2013-09-23,805165.5099552822,3432152.8455940005,4237318.355549282,2472.288,2395.7972666666665,2402.945804,1.0,4237318.355549282,4237318.355549282,0.0
2013-09-24,805165.5099552822,3451141.5610510013,4256307.071006283,2443.885,2394.704225,2403.850052,1.0,4256307.071006283,4256307.071006283,0.0
2013-09-25,805165.5099552822,3434557.0438370006,4239722.553792283,2429.03,2393.4167250000005,2404.297456,1.0,4239722.553792283,4239722.553792283,0.0
2013-09-26,805165.5099552822,3356807.498320999,4161973.0082762814,2384.443,2392.4595666666664,2404.5285639999997,0.3,4161973.0082762814,1248591.9024828845,2913381.105793397
2013-09-27,805165.5099552822,3359366.975415999,4164532.4853712814,2394.971,2391.6253,2404.8608879999997,0.6,4164532.4853712814,2498719.4912227686,1665812.9941485128
2013-09-30,805165.5099552822,3411706.0603849995,4216871.570340281,2409.037,2390.92405,2405.216752,1.0,4216871.570340281,4216871.570340281,0.0
2013-10-08,805165.5099552822,3469449.0416310006,4274614.551586282,2441.811,2390.55255,2405.7901519999996,1.0,4274614.551586282,4274614.551586282,0.0
2013-10-09,805165.5099552822,3513697.789077999,4318863.299033281,2453.583,2390.30285,2406.3423159999998,1.0,4318863.299033281,4318863.299033281,0.0
2013-10-10,805165.5099552822,3483731.4489290016,4288896.958884284,2429.317,2389.944666666667,2407.024764,1.0,4288896.958884284,4288896.958884284,0.0
2013-10-11,805165.5099552822,3529960.5250719986,4335126.03502728,2468.508,2389.770316666667,2407.9578400000005,1.0,4335126.03502728,4335126.03502728,0.0
2013-10-14,805165.5099552822,3569446.5665490017,4374612.076504284,2472.542,2389.6639250000003,2408.863064,1.0,4374612.076504284,4374612.076504284,0.0
2013-10-15,805165.5099552822,3546681.240266,4351846.750221282,2467.517,2389.5776,2409.949328,1.0,4351846.750221282,4351846.750221282,0.0
2013-10-16,805165.5099552822,3456944.513201,4262110.023156282,2421.371,2389.2380916666666,2410.83856,1.0,4262110.023156282,4262110.023156282,0.0
2013-10-17,805165.5099552822,3449472.92956,4254638.4395152815,2413.33,2389.042358333333,2411.629816,1.0,4254638.4395152815,4254638.4395152815,0.0
2013-10-18,805165.5099552822,3484733.792554,4289899.302509282,2426.054,2388.7628750000003,2412.4934160000003,1.0,4289899.302509282,4289899.302509282,0.0
2013-10-21,805165.5099552822,3561525.085291999,4366690.595247281,2471.322,2388.86995,2413.6391399999998,1.0,4366690.595247281,4366690.595247281,0.0
2013-10-22,805165.5099552822,3547444.4038429987,4352609.913798281,2445.891,2388.71195,2414.415836,1.0,4352609.913798281,4352609.913798281,0.0
2013-10-23,805165.5099552822,3442847.932946999,4248013.442902281,2418.491,2387.7508166666667,2414.917376,1.0,4248013.442902281,4248013.442902281,0.0
2013-10-24,805165.5099552822,3422321.8812380005,4227487.391193283,2400.511,2386.666158333333,2415.439204,0.6,4227487.391193283,2536492.4347159695,1690994.9564773133
2013-10-25,805165.5099552822,3354652.223321001,4159817.7332762834,2368.559,2385.9918916666666,2415.632812,0.3,4159817.7332762834,1247945.319982885,2911872.4132933985
2013-10-28,805165.5099552822,3345221.667635,4150387.177590282,2365.954,2384.9116833333333,2415.8001600000002,0.3,4150387.177590282,1245116.1532770847,2905271.0243131975
2013-10-29,805165.5099552822,3279920.36219,4085085.8721452826,2372.053,2384.1131666666665,2416.0782400000003,0.3,4085085.8721452826,1225525.7616435848,2859560.1105016978
2013-10-30,805165.5099552822,3344070.747545002,4149236.257500285,2407.471,2383.7812083333333,2416.49,0.6,4149236.257500285,2489541.7545001707,1659694.503000114
2013-10-31,805165.5099552822,3284988.490365001,4090154.000320283,2373.718,2383.148533333333,2416.805444,0.3,4090154.000320283,1227046.200096085,2863107.800224198
2013-11-01,1441253.410980305,2624878.5693550003,4066131.9803353054,2384.96,2382.2489333333338,2417.152636,0.6,4066131.9803353054,2439679.188201183,1626452.7921341225
2013-11-04,1441253.410980305,2636685.195421,4077938.6064013047,2380.454,2381.0361916666666,2417.4712400000003,0.3,4077938.6064013047,1223381.5819203914,2854557.0244809133
2013-11-05,1441253.410980305,2679842.135792,4121095.546772305,2383.769,2379.818116666667,2417.662008,0.6,4121095.546772305,2472657.3280633828,1648438.2187089222
2013-11-06,1441253.410980305,2654796.883659001,4096050.294639306,2353.568,2378.2411999999995,2417.7464,0.3,4096050.294639306,1228815.0883917918,2867235.206247514
2013-11-07,1441253.410980305,2616282.096153001,4057535.507133306,2340.552,2376.6808499999997,2417.7422399999996,0.3,4057535.507133306,1217260.6521399918,2840274.8549933145
2013-11-08,1441253.410980305,2579535.8086250005,4020789.219605305,2307.945,2374.7400916666666,2417.7257120000004,0.3,4020789.219605305,1206236.7658815915,2814552.4537237138
2013-11-11,1441253.410980305,2585752.255435,4027005.666415305,2315.889,2372.949433333333,2417.7581520000003,0.3,4027005.666415305,1208101.6999245915,2818903.9664907134
2013-11-12,1441253.410980305,2618692.6238280004,4059946.034808305,2340.0,2371.6716166666665,2417.953196,0.3,4059946.034808305,1217983.8104424914,2841962.2243658137
2013-11-13,1441253.410980305,2577921.212531,4019174.623511305,2288.116,2369.848208333334,2418.114032,0.3,4019174.623511305,1205752.3870533914,2813422.2364579136
2013-11-14,1441253.410980305,2621182.434760001,4062435.845740305,2304.501,2367.779808333333,2418.38862,0.3,4062435.845740305,1218730.7537220914,2843705.092018213
2013-11-15,1441253.410980305,2672355.289565999,4113608.700546304,2350.734,2365.7688583333334,2418.832028,0.3,4113608.700546304,1234082.6101638912,2879526.090382413
2013-11-18,1441253.410980305,2724563.176884,4165816.587864305,2428.903,2364.262991666667,2419.52836,1.0,4165816.587864305,4165816.587864305,0.0
2013-11-19,1441253.410980305,2737043.0803670003,4178296.4913473055,2412.163,2362.5739083333333,2419.9854760000003,0.6,4178296.4913473055,2506977.894808383,1671318.5965389223
2013-11-20,1441253.410980305,2756082.1352360016,4197335.546216306,2424.85,2360.9640416666666,2420.4577799999997,1.0,4197335.546216306,4197335.546216306,0.0
2013-11-21,1441253.410980305,2764282.5763229984,4205535.987303304,2409.989,2359.523541666667,2420.8902160000002,0.6,4205535.987303304,2523321.592381982,1682214.3949213214
2013-11-22,1441253.410980305,2747038.895923,4188292.306903305,2397.962,2357.862991666667,2421.31324,0.6,4188292.306903305,2512975.384141983,1675316.922761322
2013-11-25,1441253.410980305,2734266.5990730003,4175520.010053305,2388.629,2356.105008333333,2421.717736,0.6,4175520.010053305,2505312.006031983,1670208.004021322
2013-11-26,1441253.410980305,2727634.012361,4168887.423341304,2387.416,2353.963816666667,2422.28578,0.6,4168887.423341304,2501332.4540047823,1667554.9693365218
2013-11-27,1441253.410980305,2774778.0774090006,4216031.488389306,2414.481,2352.06315,2422.980008,0.6,4216031.488389306,2529618.893033583,1686412.5953557226
2013-11-28,1441253.410980305,2799797.769154999,4241051.180135304,2439.53,2350.4398750000005,2423.730736,1.0,4241051.180135304,4241051.180135304,0.0
2013-11-29,1441253.410980305,2832152.2786499984,4273405.689630304,2438.944,2349.044191666667,2424.636752,1.0,4273405.689630304,4273405.689630304,0.0
2013-12-02,1441253.410980305,2662181.7156580007,4103435.1266383054,2418.788,2347.512233333334,2425.419464,0.6,4103435.1266383054,2462061.075982983,1641374.0506553221
2013-12-03,1441253.410980305,2696939.378305,4138192.789285304,2442.784,2346.4882166666666,2426.416108,1.0,4138192.789285304,4138192.789285304,0.0
2013-12-04,1441253.410980305,2711831.6104919994,4153085.021472304,2475.135,2345.776516666667,2427.607688,1.0,4153085.021472304,4153085.021472304,0.0
2013-12-05,1441253.410980305,2682901.3416600004,4124154.752640305,2468.197,2345.27945,2428.7805359999998,1.0,4124154.752640305,4124154.752640305,0.0
2013-12-06,1441253.410980305,2681666.281413001,4122919.6923933057,2452.287,2345.013841666667,2429.9301600000003,1.0,4122919.6923933057,4122919.6923933057,0.0
2013-12-09,1441253.410980305,2708279.8098090007,4149533.220789306,2450.872,2345.4383,2430.9540639999996,1.0,4149533.220789306,4149533.220789306,0.0
2013-12-10,1441253.410980305,2706610.254653,4147863.665633305,2453.322,2345.7428916666668,2432.0571680000003,1.0,4147863.665633305,4147863.665633305,0.0
2013-12-11,1441253.410980305,2694222.178529,4135475.5895093046,2412.763,2345.8172583333335,2432.9375160000004,0.6,4135475.5895093046,2481285.3537055827,1654190.235803722
2013-12-12,1441253.410980305,2735643.889023001,4176897.300003306,2410.015,2345.7445083333337,2433.87518,0.6,4176897.300003306,2506138.3800019836,1670758.9200013224
2013-12-13,1441253.410980305,2735911.21288,4177164.623860305,2406.639,2345.793458333333,2434.899184,0.6,4177164.623860305,2506298.774316183,1670865.8495441223
2013-12-16,1441253.410980305,2711714.7297940007,4152968.140774306,2367.923,2346.1806,2435.8542319999997,0.6,4152968.140774306,2491780.8844645834,1661187.2563097226
2013-12-17,1441253.410980305,2674199.586649999,4115452.997630304,2356.376,2346.5054499999997,2436.817032,0.6,4115452.997630304,2469271.7985781822,1646181.199052122
2013-12-18,1441253.410980305,2660969.523223999,4102222.934204304,2357.226,2348.0555833333337,2437.6872920000005,0.6,4102222.934204304,2461333.7605225826,1640889.1736817216
2013-12-19,1441253.410980305,2639790.44501,4081043.8559903046,2332.41,2349.4471583333334,2438.5815319999997,0.3,4081043.8559903046,1224313.1567970912,2856730.699193213
2013-12-20,1441253.410980305,2612364.304436001,4053617.7154163066,2278.136,2350.362483333333,2439.168184,0.3,4053617.7154163066,1216085.3146248918,2837532.400791415
2013-12-23,1441253.410980305,2610522.57862,4051775.989600305,2284.602,2351.3947083333333,2439.47508,0.3,4051775.989600305,1215532.7968800915,2836243.1927202134
2013-12-24,1441253.410980305,2638393.788733,4079647.1997133046,2288.248,2352.1247833333337,2439.813664,0.3,4079647.1997133046,1223894.1599139913,2855753.039799313
2013-12-25,1441253.410980305,2685451.441504,4126704.8524843054,2305.11,2352.889725,2440.047076,0.3,4126704.8524843054,1238011.4557452917,2888693.3967390135
2013-12-26,1441253.410980305,2641909.266319,4083162.677299305,2265.334,2353.250975,2440.024228,0.3,4083162.677299305,1224948.8031897915,2858213.874109513
2013-12-27,1441253.410980305,2687480.426992,4128733.837972305,2303.478,2354.0813916666666,2440.2041400000003,0.3,4128733.837972305,1238620.1513916913,2890113.6865806133
2013-12-30,1441253.410980305,2712854.246882,4154107.6578623047,2299.458,2354.7270500000004,2440.330904,0.3,4154107.6578623047,1246232.2973586915,2907875.360503613
2013-12-31,1441253.410980305,2711597.272175001,4152850.6831553057,2330.026,2355.5868583333336,2440.680468,0.3,4152850.6831553057,1245855.2049465918,2906995.478208714
2014-01-02,1441253.410980305,2742987.21045,4184240.621430305,2321.978,2356.906516666667,2440.54492,0.3,4184240.621430305,1255272.1864290915,2928968.435001213
2014-01-03,1441253.410980305,2758048.369836999,4199301.780817304,2290.779,2357.9741000000004,2440.241236,0.3,4199301.780817304,1259790.5342451911,2939511.2465721127
2014-01-06,1441253.410980305,2685308.237525001,4126561.648505306,2238.637,2358.0955333333336,2439.723304,0.3,4126561.648505306,1237968.4945515918,2888593.1539537143
2014-01-07,1441253.410980305,2703522.9423100003,4144776.3532903055,2238.001,2357.356475,2439.190872,0.3,4144776.3532903055,1243432.9059870916,2901343.447303214
2014-01-08,1441253.410980305,2753105.1695429995,4194358.580523305,2241.911,2357.077625,2438.6192520000004,0.3,4194358.580523305,1258307.5741569914,2936051.0063663134
2014-01-09,1441253.410980305,2730663.685876,4171917.0968563054,2222.221,2356.3686583333333,2438.020128,0.3,4171917.0968563054,1251575.1290568917,2920341.967799414
2014-01-10,1441253.410980305,2689030.5584080005,4130283.969388305,2204.851,2355.427016666667,2437.314664,0.3,4130283.969388305,1239085.1908164916,2891198.7785718134
2014-01-13,1441253.410980305,2681648.823710001,4122902.234690306,2193.679,2354.684041666667,2436.2958,0.3,4122902.234690306,1236870.6704070917,2886031.564283214
2014-01-14,1441253.410980305,2724519.545610999,4165772.956591304,2212.846,2354.413358333333,2435.3167080000003,0.3,4165772.956591304,1249731.886977391,2916041.069613913
2014-01-15,1441253.410980305,2754238.1099920003,4195491.520972305,2208.941,2354.5672166666673,2434.374096,0.3,4195491.520972305,1258647.4562916914,2936844.0646806136
2014-01-16,1441253.410980305,2748694.5434250007,4189947.954405306,2211.844,2354.647675,2433.301276,0.3,4189947.954405306,1256984.3863215917,2932963.568083714
2014-01-17,1441253.410980305,2725813.7180750007,4167067.1290553054,2178.488,2353.9197,2431.9234200000005,0.3,4167067.1290553054,1250120.1387165915,2916946.990338714
2014-01-20,1441253.410980305,2697673.505927,4138926.916907305,2165.993,2353.2267166666666,2430.4897559999995,0.3,4138926.916907305,1241678.0750721914,2897248.8418351132
2014-01-21,1441253.410980305,2754475.634063001,4195729.0450433055,2187.41,2352.807775,2429.0954559999996,0.3,4195729.0450433055,1258718.7135129916,2937010.331530314
2014-01-22,1441253.410980305,2816537.718829,4257791.129809305,2243.796,2352.9726749999995,2427.9693199999997,0.3,4257791.129809305,1277337.3389427916,2980453.7908665137
2014-01-23,1441253.410980305,2876060.994996,4317314.405976305,2231.889,2353.438666666667,2426.792372,0.3,4317314.405976305,1295194.3217928915,3022120.0841834135
2014-01-24,1441253.410980305,2909574.4169930005,4350827.827973305,2245.678,2353.90775,2425.6528080000003,0.3,4350827.827973305,1305248.3483919916,3045579.4795813137
2014-01-27,1441253.410980305,2902496.0055969995,4343749.416577305,2215.919,2354.098566666667,2424.5835639999996,0.3,4343749.416577305,1303124.8249731914,3040624.5916041136
2014-01-28,1441253.410980305,2898955.8220419995,4340209.233022304,2219.855,2353.885991666667,2423.152084,0.3,4340209.233022304,1302062.7699066913,3038146.463115613
2014-01-29,1441253.410980305,2937248.030612,4378501.441592305,2227.781,2353.7236416666665,2421.679784,0.3,4378501.441592305,1313550.4324776914,3064951.0091146138
2014-01-30,1441253.410980305,2921763.558381999,4363016.969362304,2202.45,2353.091316666667,2420.181216,0.3,4363016.969362304,1308905.090808691,3054111.8785536126
2014-02-07,1441253.410980305,2992376.690496999,4433630.101477304,2212.483,2352.415,2418.820116,0.3,4433630.101477304,1330089.030443191,3103541.0710341125
2014-02-10,590785.2300094161,3974207.7415319993,4564992.971541416,2267.534,2352.305925,2417.508496,0.3,4564992.971541416,1369497.8914624248,3195495.080078991
2014-02-11,590785.2300094161,3982893.581717001,4573678.811726417,2285.562,2352.3790916666667,2416.2071520000004,0.3,4573678.811726417,1372103.6435179252,3201575.168208492
2014-02-12,590785.2300094161,3996809.002399,4587594.232408416,2291.246,2352.4227249999994,2414.984544,0.3,4587594.232408416,1376278.2697225248,3211315.9626858914
2014-02-13,590785.2300094161,3871192.965159,4461978.195168416,2279.554,2351.8123916666664,2413.672936,0.3,4461978.195168416,1338593.4585505247,3123384.736617891
2014-02-14,590785.2300094161,3991936.534372001,4582721.764381416,2295.575,2351.283283333333,2412.524216,0.3,4582721.764381416,1374816.5293144248,3207905.2350669913
2014-02-17,590785.2300094161,4072437.5879420014,4663222.8179514175,2311.647,2350.9713416666664,2411.484108,0.3,4663222.8179514175,1398966.8453854253,3264255.9725659923
2014-02-18,590785.2300094161,4069903.419248,4660688.649257416,2282.442,2350.6452249999998,2410.0064239999997,0.3,4660688.649257416,1398206.5947772248,3262482.0544801913
2014-02-19,590785.2300094161,4022625.724254002,4613410.954263418,2308.656,2350.6828250000003,2408.537584,0.3,4613410.954263418,1384023.2862790253,3229387.6679843925
2014-02-20,590785.2300094161,3980588.17554,4571373.405549416,2287.436,2350.3162083333327,2406.9324840000004,0.3,4571373.405549416,1371412.0216648248,3199961.3838845915
2014-02-21,590785.2300094161,3998443.204603001,4589228.434612418,2264.294,2349.9147833333336,2405.2421320000003,0.3,4589228.434612418,1376768.5303837252,3212459.9042286924
2014-02-24,590785.2300094161,4061634.7008150006,4652419.930824417,2214.509,2349.1307833333335,2403.126872,0.3,4652419.930824417,1395725.9792473249,3256693.9515770916
2014-02-25,590785.2300094161,3882726.913636,4473512.143645416,2157.909,2347.913925,2400.7663959999995,0.3,4473512.143645416,1342053.6430936249,3131458.500551791
2014-02-26,590785.2300094161,3926463.16265,4517248.392659416,2163.405,2346.884558333333,2398.333316,0.3,4517248.392659416,1355174.517797825,3162073.8748615915
2014-02-27,590785.2300094161,3800829.371641002,4391614.601650419,2154.108,2345.371991666667,2395.846372,0.3,4391614.601650419,1317484.3804951257,3074130.2211552933
2014-02-28,590785.2300094161,3846027.3987120017,4436812.628721418,2178.971,2344.0227416666667,2393.5227760000002,0.3,4436812.628721418,1331043.7886164254,3105768.8401049925
2014-03-03,590785.2300094161,3883200.071169,4473985.301178416,2190.37,2342.875358333333,2391.197356,0.3,4473985.301178416,1342195.5903535248,3131789.7108248915
2014-03-04,590785.2300094161,3866121.7459630007,4456906.975972417,2184.273,2341.758375,2388.9845640000003,0.3,4456906.975972417,1337072.092791725,3119834.883180692
2014-03-05,590785.2300094161,3889298.039644,4480083.269653416,2163.976,2340.508925,2386.8980439999996,0.3,4480083.269653416,1344024.9808960247,3136058.2887573913
2014-03-06,590785.2300094161,3894453.329123999,4485238.559133415,2173.634,2339.2863416666664,2384.78204,0.3,4485238.559133415,1345571.5677400245,3139666.9913933906
2014-03-07,590785.2300094161,3912828.668649001,4503613.898658417,2168.358,2337.7351416666666,2383.013276,0.3,4503613.898658417,1351084.1695975251,3152529.729060892
2014-03-10,590785.2300094161,3720588.305535,4311373.535544416,2097.787,2335.6275416666667,2381.0180080000005,0.3,4311373.535544416,1293412.0606633248,3017961.474881091
2014-03-11,590785.2300094161,3698175.422767999,4288960.652777415,2108.661,2333.685258333333,2379.032812,0.3,4288960.652777415,1286688.1958332243,3002272.4569441904
2014-03-12,590785.2300094161,3663002.799310999,4253788.029320415,2114.134,2331.6548583333333,2377.2189679999997,0.3,4253788.029320415,1276136.4087961244,2977651.620524291
2014-03-13,590785.2300094161,3752858.179425,4343643.409434416,2140.333,2329.152558333333,2375.4015919999997,0.3,4343643.409434416,1303093.022830325,3040550.386604091
2014-03-14,590785.2300094161,3765346.644447002,4356131.874456419,2122.836,2326.2187416666666,2373.199628,0.3,4356131.874456419,1306839.5623369257,3049292.3121194933
2014-03-17,590785.2300094161,3874328.682182999,4465113.912192415,2143.038,2323.38665,2371.0964360000003,0.3,4465113.912192415,1339534.1736577246,3125579.738534691
2014-03-18,590785.2300094161,3901001.487656001,4491786.717665417,2138.133,2320.3089666666665,2369.466108,0.3,4491786.717665417,1347536.015299625,3144250.7023657924
2014-03-19,590785.2300094161,3905234.171114,4496019.401123416,2120.87,2317.2420333333334,2367.4583600000005,0.3,4496019.401123416,1348805.8203370248,3147213.580786391
2014-03-20,590785.2300094161,3799678.959711001,4390464.189720416,2086.967,2313.980175,2365.20542,0.3,4390464.189720416,1317139.2569161248,3073324.9328042916
2014-03-21,590785.2300094161,3829075.613955,4419860.843964416,2158.798,2311.7424749999996,2363.362696,0.3,4419860.843964416,1325958.2531893246,3093902.590775091
2014-03-24,590785.2300094161,3793685.698812,4384470.928821417,2176.554,2309.6095083333335,2361.641204,0.3,4384470.928821417,1315341.2786464249,3069129.6501749917
2014-03-25,590785.2300094161,3782928.69222,4373713.922229416,2174.44,2307.1274416666665,2359.969476,0.3,4373713.922229416,1312114.1766688246,3061599.745560591
2014-03-26,590785.2300094161,3801829.992057999,4392615.222067416,2171.047,2304.853791666667,2358.431204,0.3,4392615.222067416,1317784.5666202246,3074830.655447191
2014-03-27,590785.2300094161,3699647.303838002,4290432.533847418,2155.707,2302.5760999999998,2356.944088,0.3,4290432.533847418,1287129.7601542252,3003302.7736931928
2014-03-28,590785.2300094161,3547109.36077,4137894.590779416,2151.965,2300.638783333334,2355.4148560000003,0.3,4137894.590779416,1241368.3772338247,2896526.213545591
2014-03-31,590785.2300094161,3524093.8145389985,4114879.044548415,2146.305,2298.566566666667,2353.8405839999996,0.3,4114879.044548415,1234463.7133645245,2880415.331183891
2014-04-01,590785.2300094161,3540823.1278220005,4131608.3578314167,2163.115,2296.5172166666666,2352.4830719999995,0.3,4131608.3578314167,1239482.507349425,2892125.8504819917
2014-04-02,590785.2300094161,3471936.409589,4062721.639598416,2180.727,2294.341516666667,2351.1055920000003,0.3,4062721.639598416,1218816.491879525,2843905.1477188915
2014-04-03,590785.2300094161,3464244.825798001,4055030.055807417,2165.008,2291.936725,2349.324928,0.3,4055030.055807417,1216509.016742225,2838521.0390651915
2014-04-04,590785.2300094161,3505816.2879230008,4096601.517932417,2185.472,2289.904683333333,2347.606864,0.3,4096601.517932417,1228980.455379725,2867621.062552692
2014-04-08,590785.2300094161,3527157.3668840006,4117942.5968934167,2237.316,2287.9780833333334,2346.0828960000003,0.3,4117942.5968934167,1235382.779068025,2882559.817825392
2014-04-09,590785.2300094161,3628144.188278999,4218929.418288415,2238.62,2286.028733333333,2344.584988,0.3,4218929.418288415,1265678.8254865245,2953250.592801891
2014-04-10,590785.2300094161,3683193.499112,4273978.729121416,2273.761,2284.4141,2343.379832,0.3,4273978.729121416,1282193.6187364247,2991785.1103849914
2014-04-11,590785.2300094161,3652189.642326,4242974.872335416,2270.666,2283.158225,2342.128376,0.3,4242974.872335416,1272892.4617006248,2970082.4106347915
2014-04-14,590785.2300094161,3689472.004477,4280257.234486416,2268.613,2281.9522500000003,2341.20562,0.3,4280257.234486416,1284077.1703459248,2996180.064140491
2014-04-15,590785.2300094161,3672578.484376,4263363.714385416,2229.463,2280.313991666667,2340.14314,0.3,4263363.714385416,1279009.1143156248,2984354.6000697915
2014-04-16,590785.2300094161,3651772.002486999,4242557.232496414,2232.526,2278.3240250000003,2339.100496,0.3,4242557.232496414,1272767.1697489242,2969790.06274749
2014-04-17,590785.2300094161,3652571.1309020016,4243356.360911418,2224.803,2276.481625,2338.0541439999997,0.3,4243356.360911418,1273006.9082734252,2970349.452637993
2014-04-18,590785.2300094161,3686473.688823,4277258.918832416,2224.479,2274.8648583333334,2337.017872,0.3,4277258.918832416,1283177.6756497247,2994081.243182691
2014-04-21,590785.2300094161,3611992.406143,4202777.636152416,2187.248,2273.087666666667,2335.877668,0.3,4202777.636152416,1260833.2908457245,2941944.345306691
2014-04-22,590785.2300094161,3572245.6957379985,4163030.925747415,2196.795,2271.6563,2334.707128,0.3,4163030.925747415,1248909.2777242244,2914121.648023191
2014-04-23,590785.2300094161,3544332.5408040006,4135117.7708134167,2194.668,2270.2289166666665,2333.5445640000003,0.3,4135117.7708134167,1240535.331244025,2894582.439569392
2014-04-24,590785.2300094161,3508147.280658,4098932.510667416,2190.474,2268.7157583333333,2332.3949559999996,0.3,4098932.510667416,1229679.7532002246,2869252.757467191
2014-04-25,590785.2300094161,3444605.122717,4035390.352726416,2167.826,2266.7187166666668,2331.217812,0.3,4035390.352726416,1210617.1058179247,2824773.2469084915
2014-04-28,590785.2300094161,3302550.745189,3893335.975198416,2134.969,2264.729141666667,2330.0104159999996,0.3,3893335.975198416,1168000.7925595248,2725335.182638891
2014-04-29,590785.2300094161,3339183.8984600008,3929969.128469417,2158.47,2262.8417249999998,2328.8059279999998,0.3,3929969.128469417,1178990.738540825,2750978.389928592
2014-04-30,590785.2300094161,3375403.732334,3966188.962343416,2158.659,2260.9934333333335,2327.606672,0.3,3966188.962343416,1189856.6887030248,2776332.2736403914
2014-05-05,590785.2300094161,3445874.692016,4036659.922025416,2156.47,2259.099275,2326.373148,0.3,4036659.922025416,1210997.9766076247,2825661.9454177916
2014-05-06,2268468.8172713458,1798933.2418790003,4067402.059150346,2157.328,2257.463941666667,2324.8671520000003,0.3,4067402.059150346,1220220.6177451038,2847181.4414052423
2014-05-07,2268468.8172713458,1771382.0009919996,4039850.8182633454,2137.316,2255.770308333333,2323.293736,0.3,4039850.8182633454,1211955.2454790035,2827895.572784342
2014-05-08,2268468.8172713458,1769752.5859479995,4038221.403219345,2135.496,2254.3332333333333,2322.037836,0.3,4038221.403219345,1211466.4209658036,2826754.9822535412
2014-05-09,2268468.8172713458,1749467.853659,4017936.6709303455,2133.911,2252.81675,2320.591164,0.3,4017936.6709303455,1205381.0012791036,2812555.669651242
2014-05-12,2268468.8172713458,1788409.6706799995,4056878.4879513457,2180.054,2251.483866666667,2319.43988,0.3,4056878.4879513457,1217063.5463854037,2839814.941565942
2014-05-13,2268468.8172713458,1789231.9177869998,4057700.735058346,2174.852,2250.54,2318.3500639999997,0.3,4057700.735058346,1217310.2205175038,2840390.514540842
2014-05-14,2268468.8172713458,1790367.4907559997,4058836.3080273457,2172.372,2249.438925,2317.240996,0.3,4058836.3080273457,1217650.8924082036,2841185.4156191424
2014-05-15,2268468.8172713458,1751521.0010850003,4019989.8183563454,2144.084,2247.716841666667,2315.845684,0.3,4019989.8183563454,1205996.9455069036,2813992.872849442
2014-05-16,2268468.8172713458,1753732.876396001,4022201.6936673466,2145.952,2245.3589166666666,2314.32556,0.3,4022201.6936673466,1206660.508100204,2815541.1855671424
2014-05-19,2268468.8172713458,1749744.6716310002,4018213.488902346,2115.143,2242.88375,2312.6663799999997,0.3,4018213.488902346,1205464.046670704,2812749.442231642
2014-05-20,2268468.8172713458,1766156.4590389992,4034625.276310345,2115.771,2240.3080916666663,2310.958272,0.3,4034625.276310345,1210387.5828931036,2824237.693417242
2014-05-21,2268468.8172713458,1781956.075017,4050424.892288346,2135.905,2238.0240583333334,2309.390716,0.3,4050424.892288346,1215127.4676865037,2835297.424601842
2014-05-22,2268468.8172713458,1788486.7907470006,4056955.608018346,2130.868,2235.7982749999996,2307.7508439999997,0.3,4056955.608018346,1217086.6824055037,2839868.9256128427
2014-05-23,2268468.8172713458,1811850.04496,4080318.862231346,2148.414,2233.7964833333335,2306.2214280000003,0.3,4080318.862231346,1224095.6586694038,2856223.203561942
2014-05-26,2268468.8172713458,1840947.133184,4109415.950455346,2155.976,2231.8678166666664,2304.87198,0.3,4109415.950455346,1232824.7851366038,2876591.1653187424
2014-05-27,2268468.8172713458,1834914.8181490009,4103383.6354203466,2147.28,2229.641141666667,2303.4334,0.3,4103383.6354203466,1231015.090626104,2872368.544794243
2014-05-28,2268468.8172713458,1859922.9357650008,4128391.753036346,2169.352,2227.3896583333335,2301.899972,0.3,4128391.753036346,1238517.5259109037,2889874.227125442
2014-05-29,2268468.8172713458,1832246.5802080005,4100715.397479346,2155.164,2225.024825,2300.1524360000003,0.3,4100715.397479346,1230214.6192438037,2870500.7782355426
2014-05-30,2268468.8172713458,1831900.4141509992,4100369.231422345,2156.464,2222.8387916666666,2298.339864,0.3,4100369.231422345,1230110.7694267035,2870258.4619956417
2014-06-03,2268468.8172713458,1830718.926477,4099187.7437483454,2149.918,2220.3982416666668,2296.480124,0.3,4099187.7437483454,1229756.3231245035,2869431.4206238417
2014-06-04,2268468.8172713458,1815417.5866170009,4083886.4038883466,2128.274,2217.507733333333,2294.521084,0.3,4083886.4038883466,1225165.921166504,2858720.482721843
2014-06-05,2268468.8172713458,1839900.6334920009,4108369.4507633466,2150.602,2214.861108333333,2292.792096,0.3,4108369.4507633466,1232510.835229004,2875858.615534343
2014-06-06,2268468.8172713458,1848253.080917,4116721.8981883456,2134.716,2212.214683333333,2290.942048,0.3,4116721.8981883456,1235016.5694565037,2881705.328731842
2014-06-09,2268468.8172713458,1837412.4531520004,4105881.270423346,2134.281,2209.576425,2289.080824,0.3,4105881.270423346,1231764.3811270038,2874116.8892963426
2014-06-10,2268468.8172713458,1859788.9613650003,4128257.778636346,2161.268,2207.142641666667,2287.14846,0.3,4128257.778636346,1238477.3335909038,2889780.4450454423
2014-06-11,2268468.8172713458,1875118.9998550003,4143587.817126346,2160.766,2205.0426666666667,2285.22128,0.3,4143587.817126346,1243076.3451379037,2900511.4719884424
2014-06-12,2268468.8172713458,1875315.633037001,4143784.450308346,2153.41,2202.9042916666663,2283.297628,0.3,4143784.450308346,1243135.3350925038,2900649.1152158426
2014-06-13,2268468.8172713458,1902891.6512370007,4171360.4685083465,2176.242,2200.984316666667,2281.576892,0.3,4171360.4685083465,1251408.140552504,2919952.3279558425
2014-06-16,2268468.8172713458,1923925.936074,4192394.753345345,2191.855,2199.517083333333,2279.93382,0.3,4192394.753345345,1257718.4260036035,2934676.327341742
2014-06-17,2268468.8172713458,1911505.182036,4179973.9993073456,2169.674,2197.9612333333334,2278.349852,0.3,4179973.9993073456,1253992.1997922037,2925981.799515142
2014-06-18,2268468.8172713458,1891144.4692490003,4159613.286520346,2160.239,2196.3196749999997,2276.7486519999998,0.3,4159613.286520346,1247883.9859561038,2911729.3005642425
2014-06-19,2268468.8172713458,1840564.245642,4109033.0629133456,2126.907,2194.6071500000003,2275.1449,0.3,4109033.0629133456,1232709.9188740037,2876323.144039342
2014-06-20,2268468.8172713458,1857352.280282,4125821.097553346,2136.729,2193.4287583333335,2273.755176,0.3,4125821.097553346,1237746.3292660038,2888074.768287342
2014-06-23,2268468.8172713458,1877687.6007000003,4146156.417971346,2134.11,2192.174658333333,2272.691868,0.3,4146156.417971346,1243846.9253914037,2902309.4925799426
2014-06-24,2268468.8172713458,1888753.1419699995,4157221.9592413455,2144.821,2190.9794333333334,2271.604068,0.3,4157221.9592413455,1247166.5877724036,2910055.3714689417
2014-06-25,2268468.8172713458,1884019.918792,4152488.736063346,2133.371,2189.548275,2270.522196,0.3,4152488.736063346,1245746.6208190038,2906742.115244342
2014-06-26,2268468.8172713458,1911161.309323001,4179630.126594347,2149.076,2188.579458333333,2269.44352,0.3,4179630.126594347,1253889.037978304,2925741.088616043
2014-06-27,2268468.8172713458,1923748.790223,4192217.607494346,2150.258,2187.302625,2268.4414919999995,0.3,4192217.607494346,1257665.2822483038,2934552.325246042
2014-06-30,2268468.8172713458,1935026.209482001,4203495.026753346,2165.118,2186.183125,2267.8161,0.3,4203495.026753346,1261048.5080260038,2942446.5187273426
2014-07-01,2268468.8172713458,1951758.401857001,4220227.219128347,2164.559,2184.8042333333333,2267.2047599999996,0.3,4220227.219128347,1266068.1657385041,2954159.0533898426
2014-07-02,2268468.8172713458,1961678.6173930003,4230147.434664346,2170.867,2183.544975,2267.203388,0.3,4230147.434664346,1269044.2303993038,2961103.204265042
2014-07-03,2268468.8172713458,1980420.8664370007,4248889.683708346,2180.192,2182.623416666667,2267.262472,0.3,4248889.683708346,1274666.9051125038,2974222.7785958424
2014-07-04,2268468.8172713458,1984035.156136,4252503.973407346,2178.695,2182.1239,2267.3040640000004,0.3,4252503.973407346,1275751.1920222037,2976752.7813851424
2014-07-07,2268468.8172713458,1994733.579915,4263202.397186346,2176.289,2181.609633333333,2267.36628,0.3,4263202.397186346,1278960.719155904,2984241.6780304424
2014-07-08,2268468.8172713458,2008322.108523,4276790.925794346,2180.473,2181.09765,2267.2856160000006,0.3,4276790.925794346,1283037.2777383039,2993753.6480560424
2014-07-09,2268468.8172713458,1972857.510224,4241326.327495346,2148.71,2180.485058333333,2267.027188,0.3,4241326.327495346,1272397.8982486038,2968928.4292467423
2014-07-10,2268468.8172713458,1985657.7752120004,4254126.592483346,2142.847,2179.968358333333,2266.71064,0.3,4254126.592483346,1276237.9777450038,2977888.6147383424
2014-07-11,2268468.8172713458,1997323.1447660008,4265791.962037346,2148.009,2179.587775,2266.487364,0.3,4265791.962037346,1279737.588611204,2986054.373426142
2014-07-14,2268468.8172713458,2019821.5240390005,4288290.3413103465,2171.758,2179.245375,2266.2864799999998,0.3,4288290.3413103465,1286487.102393104,3001803.2389172427
2014-07-15,2268468.8172713458,2013043.826911,4281512.644182346,2174.976,2178.9623333333334,2266.0789879999998,0.3,4281512.644182346,1284453.7932547037,2997058.850927642
2014-07-16,2268468.8172713458,1986275.3546860004,4254744.171957346,2170.868,2178.6208666666666,2266.107984,0.3,4254744.171957346,1276423.2515872037,2978320.920370142
2014-07-17,2268468.8172713458,1981346.5468610008,4249815.364132347,2157.068,2178.4423666666667,2266.08558,0.3,4249815.364132347,1274944.609239704,2974870.7548926426
2014-07-18,2268468.8172713458,1977097.309312,4245566.126583345,2164.144,2178.426958333333,2265.8458960000003,0.3,4245566.126583345,1273669.8379750035,2971896.2886083415
2014-07-21,2268468.8172713458,1966847.628185999,4235316.445457345,2166.295,2178.2509999999997,2265.204324,0.3,4235316.445457345,1270594.9336372034,2964721.511820141
2014-07-22,2268468.8172713458,1994715.6530019992,4263184.470273345,2192.698,2177.8251833333334,2264.873624,0.6,4263184.470273345,2557910.682164007,1705273.788109338
2014-07-23,2268468.8172713458,1961137.302285,4229606.119556346,2197.833,2177.541383333333,2264.4357680000003,0.6,4229606.119556346,2537763.6717338073,1691842.4478225387
2014-07-24,2268468.8172713458,1935311.2922280007,4203780.109499346,2237.015,2177.4691916666666,2264.112436,0.6,4203780.109499346,2522268.0656996076,1681512.0437997389
2014-07-25,2268468.8172713458,1948624.2827019996,4217093.099973345,2260.454,2177.8403166666667,2264.022908,0.6,4217093.099973345,2530255.859984007,1686837.239989338
2014-07-28,2268468.8172713458,1984048.372317,4252517.189588346,2323.897,2178.7073333333333,2264.337184,1.0,4252517.189588346,4252517.189588346,0.0
2014-07-29,2268468.8172713458,2006437.9492080004,4274906.766479346,2331.369,2179.5705666666668,2264.900748,1.0,4274906.766479346,4274906.766479346,0.0
2014-07-30,2268468.8172713458,2015368.6626260008,4283837.479897346,2322.011,2180.5669083333332,2265.380036,1.0,4283837.479897346,4283837.479897346,0.0
2014-07-31,2268468.8172713458,2030178.8465039995,4298647.663775345,2350.251,2181.714975,2265.7176600000003,1.0,4298647.663775345,4298647.663775345,0.0
2014-08-01,515825.7868208333,3750947.3694989993,4266773.156319832,2329.402,2182.230541666667,2266.038664,1.0,4266773.156319832,4266773.156319832,0.0
2014-08-04,515825.7868208333,3788693.635362,4304519.422182834,2375.62,2182.981025,2266.590412,1.0,4304519.422182834,4304519.422182834,0.0
2014-08-05,515825.7868208333,3809272.052547,4325097.839367833,2369.353,2183.6319166666667,2267.171792,1.0,4325097.839367833,4325097.839367833,0.0
2014-08-06,515825.7868208333,3830233.884291,4346059.671111833,2363.221,2184.3291416666666,2267.920796,1.0,4346059.671111833,4346059.671111833,0.0
2014-08-07,515825.7868208333,3775571.634301999,4291397.421122832,2327.457,2184.594825,2268.473072,1.0,4291397.421122832,4291397.421122832,0.0
2014-08-08,515825.7868208333,3823288.716532,4339114.503352833,2331.134,2184.757216666667,2269.025524,1.0,4339114.503352833,4339114.503352833,0.0
2014-08-11,515825.7868208333,3888427.121085998,4404252.907906831,2365.349,2185.448108333333,2269.5054640000003,1.0,4404252.907906831,4404252.907906831,0.0
2014-08-12,515825.7868208333,3922049.793351999,4437875.580172832,2357.052,2185.8514083333334,2269.94462,1.0,4437875.580172832,4437875.580172832,0.0
2014-08-13,515825.7868208333,3958027.3302989993,4473853.117119833,2358.901,2186.44695,2270.2669079999996,1.0,4473853.117119833,4473853.117119833,0.0
2014-08-14,515825.7868208333,3937506.860747,4453332.647567833,2335.945,2187.0440416666665,2270.4361240000003,1.0,4453332.647567833,4453332.647567833,0.0
2014-08-15,515825.7868208333,3976477.032279,4492302.819099833,2360.635,2188.2617583333335,2270.7561720000003,1.0,4492302.819099833,4492302.819099833,0.0
2014-08-18,515825.7868208333,4051349.775959001,4567175.562779834,2374.562,2190.0672,2271.147292,1.0,4567175.562779834,4567175.562779834,0.0
2014-08-19,515825.7868208333,4032592.250647,4548418.037467834,2374.768,2191.8285583333336,2271.502324,1.0,4548418.037467834,4548418.037467834,0.0
2014-08-20,515825.7868208333,4036036.369261,4551862.156081833,2366.14,2193.5954916666665,2271.5557080000003,1.0,4551862.156081833,4551862.156081833,0.0
2014-08-21,515825.7868208333,4048494.094393001,4564319.881213834,2354.244,2195.0561000000002,2271.536412,1.0,4564319.881213834,4564319.881213834,0.0
2014-08-22,515825.7868208333,4083777.304101,4599603.090921833,2365.364,2196.5143833333336,2271.601548,1.0,4599603.090921833,4599603.090921833,0.0
2014-08-25,515825.7868208333,4050983.412723999,4566809.199544832,2342.863,2197.8359666666665,2271.686696,1.0,4566809.199544832,4566809.199544832,0.0
2014-08-26,515825.7868208333,3991872.529298001,4507698.316118834,2324.092,2199.1702666666665,2271.7664879999998,1.0,4507698.316118834,4507698.316118834,0.0
2014-08-27,515825.7868208333,4017763.265787001,4533589.052607834,2327.595,2200.453275,2271.7511479999994,1.0,4533589.052607834,4533589.052607834,0.0
2014-08-28,515825.7868208333,3971988.781127,4487814.567947833,2311.278,2201.644275,2271.7464,1.0,4487814.567947833,4487814.567947833,0.0
2014-08-29,515825.7868208333,4017459.33986,4533285.126680833,2338.287,2203.6484416666667,2271.865192,1.0,4533285.126680833,4533285.126680833,0.0
2014-09-01,515825.7868208333,4098462.432382,4614288.219202833,2355.317,2205.7039083333334,2272.070732,1.0,4614288.219202833,4614288.219202833,0.0
2014-09-02,515825.7868208333,4163027.279769,4678853.066589833,2386.46,2207.9732916666667,2272.468856,1.0,4678853.066589833,4678853.066589833,0.0
2014-09-03,515825.7868208333,4199569.752301999,4715395.539122833,2408.838,2210.210833333333,2272.761744,1.0,4715395.539122833,4715395.539122833,0.0
2014-09-04,515825.7868208333,4235358.494022999,4751184.2808438325,2426.224,2212.7390666666665,2273.103116,1.0,4751184.2808438325,4751184.2808438325,0.0
2014-09-05,515825.7868208333,4264130.776908,4779956.563728834,2449.259,2215.2909083333334,2273.587928,1.0,4779956.563728834,4779956.563728834,0.0
2014-09-09,515825.7868208333,4288810.181709001,4804635.968529834,2445.224,2217.85,2274.09558,1.0,4804635.968529834,4804635.968529834,0.0
2014-09-10,515825.7868208333,4304486.372343,4820312.159163834,2432.433,2220.4463583333336,2274.569672,1.0,4820312.159163834,4820312.159163834,0.0
2014-09-11,515825.7868208333,4291232.659366,4807058.446186834,2423.454,2223.2504166666668,2274.982112,1.0,4807058.446186834,4807058.446186834,0.0
2014-09-12,515825.7868208333,4340461.353219,4856287.140039833,2438.358,2225.5800833333333,2275.3175360000005,1.0,4856287.140039833,4856287.140039833,0.0
2014-09-15,515825.7868208333,4369155.9174,4884981.704220833,2437.189,2227.7520416666666,2275.6634959999997,1.0,4884981.704220833,4884981.704220833,0.0
2014-09-16,515825.7868208333,4199066.448302002,4714892.235122835,2388.765,2229.5380833333334,2275.851616,1.0,4714892.235122835,4714892.235122835,0.0
2014-09-17,515825.7868208333,4213955.784047001,4729781.570867835,2401.326,2231.4570750000003,2276.025792,1.0,4729781.570867835,4729781.570867835,0.0
2014-09-18,515825.7868208333,4245054.142569,4760879.9293898335,2408.664,2233.5650499999997,2275.8980119999997,1.0,4760879.9293898335,4760879.9293898335,0.0
2014-09-19,515825.7868208333,4317888.995389999,4833714.782210832,2425.211,2235.8421000000003,2275.69928,1.0,4833714.782210832,4833714.782210832,0.0
2014-09-22,515825.7868208333,4276522.241375,4792348.028195834,2378.92,2237.7805583333334,2275.2834040000002,1.0,4792348.028195834,4792348.028195834,0.0
2014-09-23,515825.7868208333,4314033.515125,4829859.3019458335,2399.462,2239.750116666667,2274.8514319999995,1.0,4829859.3019458335,4829859.3019458335,0.0
2014-09-24,515825.7868208333,4377071.655091002,4892897.441911835,2441.864,2241.9262583333334,2274.6632799999998,1.0,4892897.441911835,4892897.441911835,0.0
2014-09-25,515825.7868208333,4387225.208587,4903050.995407834,2436.965,2244.1925666666666,2274.49758,1.0,4903050.995407834,4903050.995407834,0.0
2014-09-26,515825.7868208333,4430716.367571001,4946542.1543918345,2437.201,2246.2903083333335,2274.537096,1.0,4946542.1543918345,4946542.1543918345,0.0
2014-09-29,515825.7868208333,4451797.054682001,4967622.841502834,2447.799,2248.044333333333,2274.598252,1.0,4967622.841502834,4967622.841502834,0.0
2014-09-30,515825.7868208333,4473957.5011020005,4989783.287922834,2450.988,2249.8140666666663,2274.5130520000002,1.0,4989783.287922834,4989783.287922834,0.0
2014-10-08,515825.7868208333,4528660.094602999,5044485.881423833,2478.383,2251.51925,2274.651044,1.0,5044485.881423833,5044485.881423833,0.0
2014-10-09,515825.7868208333,4540632.064399,5056457.851219834,2481.955,2253.279991666667,2274.862744,1.0,5056457.851219834,5056457.851219834,0.0
2014-10-10,515825.7868208333,4517294.599075,5033120.385895833,2466.789,2254.9314583333335,2275.192128,1.0,5033120.385895833,5033120.385895833,0.0
2014-10-13,515825.7868208333,4526430.928340001,5042256.715160835,2454.946,2256.8104833333337,2275.4320279999997,1.0,5042256.715160835,5042256.715160835,0.0
2014-10-14,515825.7868208333,4527397.8365360005,5043223.623356834,2446.562,2258.5941166666667,2275.582128,1.0,5043223.623356834,5043223.623356834,0.0
2014-10-15,515825.7868208333,4541547.622171,5057373.408991833,2463.874,2260.586375,2275.67038,1.0,5057373.408991833,5057373.408991833,0.0
2014-10-16,515825.7868208333,4471686.062218,4987511.849038834,2444.395,2262.4190083333333,2275.633628,1.0,4987511.849038834,4987511.849038834,0.0
2014-10-17,515825.7868208333,4384669.808606,4900495.595426833,2441.732,2264.539708333333,2275.683288,1.0,4900495.595426833,4900495.595426833,0.0
2014-10-20,515825.7868208333,4475931.289583,4991757.076403834,2454.711,2266.6890083333333,2275.6281,1.0,4991757.076403834,4991757.076403834,0.0
2014-10-21,515825.7868208333,4450838.828802,4966664.615622833,2433.391,2268.6783666666665,2275.4714959999997,1.0,4966664.615622833,4966664.615622833,0.0
2014-10-22,515825.7868208333,4389493.3167,4905319.103520834,2418.641,2270.5797583333333,2275.275992,1.0,4905319.103520834,4905319.103520834,0.0
2014-10-23,515825.7868208333,4319387.966738,4835213.753558833,2395.936,2272.480675,2275.1742520000003,1.0,4835213.753558833,4835213.753558833,0.0
2014-10-24,515825.7868208333,4312753.786506001,4828579.5733268345,2390.706,2274.6118166666665,2275.083756,1.0,4828579.5733268345,4828579.5733268345,0.0
2014-10-27,515825.7868208333,4354812.151949001,4870637.938769834,2368.832,2276.364833333333,2274.854868,1.0,4870637.938769834,4870637.938769834,0.0
2014-10-28,515825.7868208333,4473074.905574,4988900.692394834,2416.653,2278.514783333333,2274.6361920000004,1.0,4988900.692394834,4988900.692394834,0.0
2014-10-29,515825.7868208333,4530809.009059,5046634.795879833,2451.384,2280.9724,2274.658164,1.0,5046634.795879833,5046634.795879833,0.0
2014-10-30,515825.7868208333,4539166.78655,5054992.573370834,2468.925,2283.5690416666666,2274.8599000000004,1.0,5054992.573370834,5054992.573370834,0.0
2014-10-31,515825.7868208333,4506757.167694999,5022582.9545158325,2508.325,2286.6607833333333,2275.291156,1.0,5022582.9545158325,5022582.9545158325,0.0
2014-11-03,33260.24052043523,5059451.319511002,5092711.560031437,2512.548,2289.8028833333333,2275.867112,1.0,5092711.560031437,5092711.560031437,0.0
2014-11-04,33260.24052043523,5030117.173101001,5063377.413621437,2513.172,2292.9633916666667,2276.4559839999997,1.0,5063377.413621437,5063377.413621437,0.0
2014-11-05,33260.24052043523,5019095.2738930015,5052355.514413437,2503.448,2295.6583416666667,2276.9815639999997,1.0,5052355.514413437,5052355.514413437,0.0
2014-11-06,33260.24052043523,5062942.453958999,5096202.694479435,2506.067,2298.4184666666665,2277.375948,1.0,5096202.694479435,5096202.694479435,0.0
2014-11-07,33260.24052043523,5005522.838854001,5038783.079374436,2502.153,2301.1666416666662,2277.889688,1.0,5038783.079374436,5038783.079374436,0.0
2014-11-10,33260.24052043523,5033475.117934002,5066735.358454437,2565.73,2304.6803583333335,2278.612768,1.0,5066735.358454437,5066735.358454437,0.0
2014-11-11,33260.24052043523,4839140.763359998,4872401.003880434,2558.612,2308.119191666666,2279.3253999999997,1.0,4872401.003880434,4872401.003880434,0.0
2014-11-12,33260.24052043523,4924591.222643,4957851.463163435,2594.318,2312.1123166666666,2280.167596,1.0,4957851.463163435,4957851.463163435,0.0
2014-11-13,33260.24052043523,4840602.586104003,4873862.826624438,2579.75,2315.9788083333333,2281.072324,1.0,4873862.826624438,4873862.826624438,0.0
2014-11-14,33260.24052043523,4832072.204964,4865332.445484435,2581.093,2319.6887083333336,2282.034488,1.0,4865332.445484435,4865332.445484435,0.0
2014-11-17,33260.24052043523,4889005.285502002,4922265.526022437,2567.101,2323.3239833333337,2283.0711119999996,1.0,4922265.526022437,4922265.526022437,0.0
2014-11-18,33260.24052043523,4921045.953958999,4954306.194479435,2541.416,2326.599,2283.9732200000003,1.0,4954306.194479435,4954306.194479435,0.0
2014-11-19,33260.24052043523,4972567.069778,5005827.310298435,2537.223,2329.7760583333334,2284.7621120000003,1.0,5005827.310298435,5005827.310298435,0.0
2014-11-20,33260.24052043523,4958833.692078,4992093.932598435,2537.099,2333.02455,2285.7580439999997,1.0,4992093.932598435,4992093.932598435,0.0
2014-11-21,33260.24052043523,5009143.497292002,5042403.737812437,2583.455,2336.4754083333332,2286.87386,1.0,5042403.737812437,5042403.737812437,0.0
2014-11-24,33260.24052043523,5063763.701805,5097023.942325436,2649.258,2340.592858333334,2288.067956,1.0,5097023.942325436,5097023.942325436,0.0
2014-11-25,33260.24052043523,5153872.904636002,5187133.1451564375,2685.561,2345.002,2289.094588,1.0,5187133.1451564375,5187133.1451564375,0.0
2014-11-26,33260.24052043523,5187577.589571999,5220837.830092435,2723.018,2349.777833333333,2290.3380079999997,1.0,5220837.830092435,5220837.830092435,0.0
2014-11-27,33260.24052043523,5257520.086924001,5290780.327444436,2754.49,2354.9963,2291.656568,1.0,5290780.327444436,5290780.327444436,0.0
2014-11-28,33260.24052043523,5239360.749930001,5272620.990450436,2808.819,2360.4814416666663,2293.251888,1.0,5272620.990450436,5272620.990450436,0.0
2014-12-01,33260.24052043523,5188324.900507,5221585.141027436,2819.812,2366.190575,2294.939288,1.0,5221585.141027436,5221585.141027436,0.0
2014-12-02,33260.24052043523,5234712.615751998,5267972.856272433,2923.94,2372.7710666666667,2297.080532,1.0,5267972.856272433,5267972.856272433,0.0
2014-12-03,33260.24052043523,5287237.195243,5320497.435763435,2967.549,2379.490075,2299.4010639999997,1.0,5320497.435763435,5320497.435763435,0.0
2014-12-04,33260.24052043523,5369924.667971003,5403184.908491438,3104.351,2387.3532833333334,2302.1605440000003,1.0,5403184.908491438,5403184.908491438,0.0
2014-12-05,33260.24052043523,5262833.755040002,5296093.995560437,3124.885,2395.4489083333333,2304.901964,1.0,5296093.995560437,5296093.995560437,0.0
2014-12-08,33260.24052043523,5302849.949125,5336110.189645436,3252.881,2404.4209,2308.1577119999997,1.0,5336110.189645436,5336110.189645436,0.0
2014-12-09,33260.24052043523,5059325.78823,5092586.028750435,3106.913,2412.0463833333333,2310.910212,1.0,5092586.028750435,5092586.028750435,0.0
2014-12-10,33260.24052043523,5196835.110822,5230095.351342435,3221.546,2420.811983333333,2314.02526,1.0,5230095.351342435,5230095.351342435,0.0
2014-12-11,33260.24052043523,5266264.760254003,5299525.000774439,3183.012,2429.335091666667,2316.8567679999996,1.0,5299525.000774439,5299525.000774439,0.0
2014-12-12,33260.24052043523,5320632.291173999,5353892.531694435,3193.227,2438.2210916666663,2319.7568880000003,1.0,5353892.531694435,5353892.531694435,0.0
2014-12-15,33260.24052043523,5414314.803859002,5447575.044379437,3217.228,2447.22525,2322.8166520000004,1.0,5447575.044379437,5447575.044379437,0.0
2014-12-16,33260.24052043523,5464882.991358999,5498143.231879435,3303.402,2456.96935,2326.2267720000004,1.0,5498143.231879435,5498143.231879435,0.0
2014-12-17,33260.24052043523,5421998.796813001,5455259.037333436,3360.598,2467.100825,2329.855876,1.0,5455259.037333436,5455259.037333436,0.0
2014-12-18,33260.24052043523,5398945.732599,5432205.973119435,3345.927,2477.2054583333334,2333.5885319999998,1.0,5432205.973119435,5432205.973119435,0.0
2014-12-19,33260.24052043523,5336588.107039001,5369848.347559436,3383.167,2487.4895500000002,2337.48114,1.0,5369848.347559436,5369848.347559436,0.0
2014-12-22,33260.24052043523,5071196.833555,5104457.074075435,3394.481,2497.8580749999996,2341.432508,1.0,5104457.074075435,5104457.074075435,0.0
2014-12-23,33260.24052043523,4975380.061238,5008640.301758436,3324.924,2507.523125,2345.2605120000003,1.0,5008640.301758436,5008640.301758436,0.0
2014-12-24,33260.24052043523,5067286.988506001,5100547.229026437,3230.385,2516.4050083333336,2348.756548,1.0,5100547.229026437,5100547.229026437,0.0
2014-12-25,33260.24052043523,5161633.272248,5194893.512768435,3335.419,2526.109608333333,2352.66932,1.0,5194893.512768435,5194893.512768435,0.0
2014-12-26,33260.24052043523,5201854.301404,5235114.541924436,3445.839,2536.6566666666668,2357.1230360000004,1.0,5235114.541924436,5235114.541924436,0.0
2014-12-29,33260.24052043523,5107023.310146,5140283.550666436,3455.455,2547.296333333333,2361.832312,1.0,5140283.550666436,5140283.550666436,0.0
2014-12-30,33260.24052043523,5026537.623262999,5059797.863783434,3457.554,2557.9735416666667,2366.52412,1.0,5059797.863783434,5059797.863783434,0.0
2014-12-31,33260.24052043523,5037156.175692,5070416.416212436,3533.705,2569.2504750000003,2371.505948,1.0,5070416.416212436,5070416.416212436,0.0
2015-01-05,33260.24052043523,5079992.106853999,5113252.347374435,3641.541,2581.6907333333334,2376.8516720000002,1.0,5113252.347374435,5113252.347374435,0.0
2015-01-06,33260.24052043523,5167050.945412999,5200311.185933434,3641.059,2594.1758333333332,2382.354572,1.0,5200311.185933434,5200311.185933434,0.0
2015-01-07,33260.24052043523,5179758.931987,5213019.172507435,3643.79,2606.6406750000006,2387.71582,1.0,5213019.172507435,5213019.172507435,0.0
2015-01-08,33260.24052043523,5156374.2311660005,5189634.471686436,3559.259,2618.203183333333,2392.755024,1.0,5189634.471686436,5189634.471686436,0.0
2015-01-09,33260.24052043523,5134109.050871999,5167369.291392434,3546.723,2629.6344083333333,2397.6218120000003,1.0,5167369.291392434,5167369.291392434,0.0
2015-01-12,33260.24052043523,5047024.163072001,5080284.403592437,3513.576,2640.823641666667,2402.3882040000003,1.0,5080284.403592437,5080284.403592437,0.0
2015-01-13,33260.24052043523,5108863.847968,5142124.088488435,3514.04,2652.1317416666666,2407.281248,1.0,5142124.088488435,5142124.088488435,0.0
2015-01-14,33260.24052043523,5097141.842195999,5130402.082716434,3502.423,2663.2840666666666,2412.336392,1.0,5130402.082716434,5130402.082716434,0.0
2015-01-15,33260.24052043523,5157525.495829001,5190785.736349436,3604.121,2675.2659500000004,2417.800872,1.0,5190785.736349436,5190785.736349436,0.0
2015-01-16,33260.24052043523,5229486.526954002,5262746.767474437,3635.146,2687.28635,2423.373812,1.0,5262746.767474437,5262746.767474437,0.0
2015-01-19,33260.24052043523,5058675.749288001,5091935.9898084365,3355.155,2696.9307,2427.9055480000006,1.0,5091935.9898084365,5091935.9898084365,0.0
2015-01-20,33260.24052043523,5234766.462993998,5268026.7035144335,3396.222,2706.5907583333333,2432.671032,1.0,5268026.7035144335,5268026.7035144335,0.0
2015-01-21,33260.24052043523,5364859.651949,5398119.892469435,3548.885,2717.327683333334,2438.091856,1.0,5398119.892469435,5398119.892469435,0.0
2015-01-22,33260.24052043523,5481295.515458998,5514555.755979434,3567.613,2727.6919833333336,2443.510924,1.0,5514555.755979434,5514555.755979434,0.0
2015-01-23,33260.24052043523,5422062.256684999,5455322.497205434,3571.732,2738.0283416666666,2448.9620879999998,1.0,5455322.497205434,5455322.497205434,0.0
2015-01-26,33260.24052043523,5541841.551243001,5575101.791763436,3607.985,2748.7447916666665,2454.546652,1.0,5575101.791763436,5575101.791763436,0.0
2015-01-27,33260.24052043523,5580128.092954,5613388.333474435,3574.931,2758.9504583333332,2460.1324239999994,1.0,5613388.333474435,5613388.333474435,0.0
2015-01-28,33260.24052043523,5538847.651987999,5572107.892508434,3525.323,2768.9164666666666,2465.5697440000004,1.0,5572107.892508434,5572107.892508434,0.0
2015-01-29,33260.24052043523,5500121.672539001,5533381.913059437,3481.798,2778.1346166666667,2470.747296,1.0,5533381.913059437,5533381.913059437,0.0
2015-01-30,33260.24052043523,5433347.743098998,5466607.983619434,3434.39,2787.009925,2475.509672,1.0,5466607.983619434,5466607.983619434,0.0
2015-02-02,33260.24052043523,5405578.215925999,5438838.456446434,3353.96,2795.2660833333334,2479.9979559999997,1.0,5438838.456446434,5438838.456446434,0.0
2015-02-03,33260.24052043523,5491664.519506998,5524924.760027434,3437.445,2804.515983333333,2484.7650240000003,1.0,5524924.760027434,5524924.760027434,0.0
2015-02-04,33260.24052043523,5488036.176966,5521296.417486436,3401.768,2813.4379333333336,2489.50842,1.0,5521296.417486436,5521296.417486436,0.0
2015-02-05,33260.24052043523,5459226.869396002,5492487.109916437,3366.946,2821.784575,2494.096784,1.0,5492487.109916437,5492487.109916437,0.0
2015-02-06,33260.24052043523,5318930.138185999,5352190.378706435,3312.42,2829.745975,2498.43534,1.0,5352190.378706435,5352190.378706435,0.0
2015-02-09,33260.24052043523,5287688.724909996,5320948.965430431,3345.921,2837.9711416666664,2503.009224,1.0,5320948.965430431,5320948.965430431,0.0
2015-02-10,33260.24052043523,5341643.43219,5374903.672710435,3406.943,2846.896125,2507.7870639999996,1.0,5374903.672710435,5374903.672710435,0.0
2015-02-11,33260.24052043523,5406476.752096999,5439736.992617435,3434.124,2855.841866666667,2512.4534240000003,1.0,5439736.992617435,5439736.992617435,0.0
2015-02-12,33260.24052043523,5440262.572379997,5473522.812900432,3442.874,2864.7444666666665,2517.082672,1.0,5473522.812900432,5473522.812900432,0.0
2015-02-13,33260.24052043523,5564260.509178002,5597520.749698438,3469.828,2873.8699666666666,2521.797,1.0,5597520.749698438,5597520.749698438,0.0
2015-02-16,33260.24052043523,5678549.486292999,5711809.726813435,3499.483,2883.3144916666665,2526.676716,1.0,5711809.726813435,5711809.726813435,0.0
2015-02-17,33260.24052043523,5707757.440377002,5741017.680897437,3522.322,2893.048475,2531.583704,1.0,5741017.680897437,5741017.680897437,0.0
2015-02-25,33260.24052043523,5715560.617058,5748820.857578435,3478.729,2902.3265166666665,2536.2520320000003,1.0,5748820.857578435,5748820.857578435,0.0
2015-02-26,33260.24052043523,5767715.141714001,5800975.382234436,3566.295,2912.521783333333,2541.387444,1.0,5800975.382234436,5800975.382234436,0.0
2015-02-27,33260.24052043523,5841972.527042002,5875232.767562438,3572.843,2922.928041666667,2546.444192,1.0,5875232.767562438,5875232.767562438,0.0
2015-03-02,33260.24052043523,5953224.975292999,5986485.215813435,3601.265,2933.5419583333332,2551.6995079999997,1.0,5986485.215813435,5986485.215813435,0.0
2015-03-03,33260.24052043523,5955484.90379,5988745.144310435,3507.9,2943.5138083333336,2556.673932,1.0,5988745.144310435,5988745.144310435,0.0
2015-03-04,33260.24052043523,6024043.968036,6057304.208556435,3530.822,2953.4516,2561.9391840000003,1.0,6057304.208556435,6057304.208556435,0.0
2015-03-05,33260.24052043523,6073654.622125999,6106914.862646434,3496.344,2962.9601583333333,2567.2929240000003,1.0,6106914.862646434,6106914.862646434,0.0
2015-03-06,33260.24052043523,6023205.203467997,6056465.443988432,3478.52,2972.0606583333333,2572.5533840000003,1.0,6056465.443988432,6056465.443988432,0.0
2015-03-09,33260.24052043523,6104944.842162998,6138205.082683434,3537.75,2981.4682583333333,2578.087952,1.0,6138205.082683434,6138205.082683434,0.0
2015-03-10,33260.24052043523,6150982.270999,6184242.511519435,3520.611,2990.5881500000005,2583.4545120000002,1.0,6184242.511519435,6184242.511519435,0.0
2015-03-11,33260.24052043523,6183531.150806,6216791.391326435,3524.653,2999.5497666666665,2588.791644,1.0,6216791.391326435,6216791.391326435,0.0
2015-03-12,33260.24052043523,6164558.296123,6197818.536643435,3592.844,3009.1132666666667,2594.4259279999997,1.0,6197818.536643435,6197818.536643435,0.0
2015-03-13,33260.24052043523,6228610.040890999,6261870.2814114345,3617.657,3018.9901333333332,2600.2406520000004,1.0,6261870.2814114345,6261870.2814114345,0.0
2015-03-16,33260.24052043523,6396844.186900999,6430104.427421435,3705.671,3029.675275,2606.3687999999997,1.0,6430104.427421435,6430104.427421435,0.0
2015-03-17,33260.24052043523,6537332.363400999,6570592.603921434,3757.122,3040.664975,2612.7238559999996,1.0,6570592.603921434,6570592.603921434,0.0
2015-03-18,33260.24052043523,6667461.914241999,6700722.154762435,3846.055,3052.405525,2619.716928,1.0,6700722.154762435,6700722.154762435,0.0
2015-03-19,33260.24052043523,6698891.963385,6732152.203905435,3839.739,3064.496975,2626.64124,1.0,6732152.203905435,6732152.203905435,0.0
2015-03-20,33260.24052043523,6761813.980699,6795074.221219435,3892.574,3076.9240416666667,2633.755,1.0,6795074.221219435,6795074.221219435,0.0
2015-03-23,33260.24052043523,6941226.573791,6974486.814311435,3972.061,3089.95235,2641.081912,1.0,6974486.814311435,6974486.814311435,0.0
2015-03-24,33260.24052043523,7019279.103728001,7052539.344248436,3973.046,3102.850975,2648.4827520000003,1.0,7052539.344248436,7052539.344248436,0.0
2015-03-25,33260.24052043523,7104011.618449,7137271.858969435,3940.412,3115.863408333333,2655.672248,1.0,7137271.858969435,7137271.858969435,0.0
2015-03-26,33260.24052043523,7024943.258640001,7058203.499160436,3949.999,3128.78455,2662.919712,1.0,7058203.499160436,7058203.499160436,0.0
2015-03-27,33260.24052043523,7109920.810167999,7143181.050688434,3971.697,3141.533158333333,2670.32302,1.0,7143181.050688434,7143181.050688434,0.0
2015-03-30,33260.24052043523,7161134.049296001,7194394.289816436,4088.178,3155.2932666666666,2678.327864,1.0,7194394.289816436,7194394.289816436,0.0
2015-03-31,33260.24052043523,7190244.419525999,7223504.660046434,4051.204,3168.7432916666667,2685.8974880000005,1.0,7223504.660046434,7223504.660046434,0.0
2015-04-01,33260.24052043523,7355346.454193,7388606.694713435,4123.895,3182.710758333333,2693.6868520000003,1.0,7388606.694713435,7388606.694713435,0.0
2015-04-02,33260.24052043523,7517662.704162,7550922.944682435,4124.776,3196.6589916666667,2701.488196,1.0,7550922.944682435,7550922.944682435,0.0
2015-04-03,33260.24052043523,7616569.024790999,7649829.265311435,4170.538,3210.7602833333335,2709.4861599999995,1.0,7649829.265311435,7649829.265311435,0.0
2015-04-07,33260.24052043523,7760944.117785001,7794204.358305437,4260.044,3225.577691666667,2717.903508,1.0,7794204.358305437,7794204.358305437,0.0
2015-04-08,33260.24052043523,7737217.912177999,7770478.152698434,4295.803,3240.819475,2726.4788599999997,1.0,7770478.152698434,7770478.152698434,0.0
2015-04-09,33260.24052043523,7652796.799767,7686057.040287435,4262.138,3255.8794083333332,2734.9421920000004,1.0,7686057.040287435,7686057.040287435,0.0
2015-04-10,33260.24052043523,7803468.452372999,7836728.692893434,4344.416,3271.6948583333337,2743.6673960000003,1.0,7836728.692893434,7836728.692893434,0.0
2015-04-13,33260.24052043523,7947579.277952001,7980839.518472437,4421.073,3288.00485,2752.62878,1.0,7980839.518472437,7980839.518472437,0.0
2015-04-14,33260.24052043523,7980352.984524002,8013613.225044438,4438.184,3304.6197583333333,2761.721484,1.0,8013613.225044438,8013613.225044438,0.0
2015-04-15,33260.24052043523,7672797.213772,7706057.454292435,4380.513,3320.7762666666667,2770.501648,1.0,7706057.454292435,7706057.454292435,0.0
2015-04-16,33260.24052043523,7763036.290771999,7796296.531292435,4513.546,3337.933225,2779.606568,1.0,7796296.531292435,7796296.531292435,0.0
2015-04-17,33260.24052043523,7827410.211067001,7860670.451587437,4596.136,3355.9561000000003,2789.036632,1.0,7860670.451587437,7860670.451587437,0.0
2015-04-20,33260.24052043523,7657206.242289999,7690466.482810434,4521.919,3373.483416666667,2798.029264,1.0,7690466.482810434,7690466.482810434,0.0
2015-04-21,33260.24052043523,7933490.293452002,7966750.533972437,4619.164,3392.0103166666668,2807.423256,1.0,7966750.533972437,7966750.533972437,0.0
2015-04-22,33260.24052043523,8179703.507205999,8212963.747726435,4739.814,3411.586216666667,2817.3080599999994,1.0,8212963.747726435,8212963.747726435,0.0
2015-04-23,33260.24052043523,8319314.83954,8352575.080060435,4740.892,3431.3533833333336,2827.3537759999995,1.0,8352575.080060435,8352575.080060435,0.0
2015-04-24,33260.24052043523,8373003.562953,8406263.803473435,4702.641,3450.4032833333335,2837.2342360000002,1.0,8406263.803473435,8406263.803473435,0.0
2015-04-27,33260.24052043523,8482382.969864,8515643.210384434,4807.592,3470.0383500000003,2847.565392,1.0,8515643.210384434,8515643.210384434,0.0
2015-04-28,33260.24052043523,8337639.434164998,8370899.6746854335,4741.861,3488.9794833333335,2857.63492,1.0,8370899.6746854335,8370899.6746854335,0.0
2015-04-29,33260.24052043523,8547272.010184001,8580532.250704436,4774.326,3507.8628249999997,2867.983232,1.0,8580532.250704436,8580532.250704436,0.0
2015-04-30,33260.24052043523,8582630.867811996,8615891.108332431,4749.886,3526.507308333333,2878.1955960000005,1.0,8615891.108332431,8615891.108332431,0.0
2015-05-04,33260.24052043523,8681277.610488,8714537.851008434,4787.741,3545.46205,2888.5678879999996,1.0,8714537.851008434,8714537.851008434,0.0
2015-05-05,1439072.4134651723,6947685.320605998,8386757.734071171,4596.837,3562.9069583333335,2898.1933400000003,1.0,8386757.734071171,8386757.734071171,0.0
2015-05-06,1439072.4134651723,6924616.378571997,8363688.79203717,4553.327,3579.9674583333335,2907.735344,1.0,8363688.79203717,8363688.79203717,0.0
2015-05-07,1439072.4134651723,6787465.910521999,8226538.323987171,4470.089,3596.3669250000003,2917.075824,1.0,8226538.323987171,8226538.323987171,0.0
2015-05-08,1439072.4134651723,7074106.725257999,8513179.138723172,4558.404,3612.9725416666665,2926.67556,1.0,8513179.138723172,8513179.138723172,0.0
2015-05-11,1439072.4134651723,7401305.916560001,8840378.330025174,4690.532,3630.7385416666666,2936.803052,1.0,8840378.330025174,8840378.330025174,0.0
2015-05-12,1439072.4134651723,7557735.457928998,8996807.87139417,4747.421,3648.6810666666665,2947.166856,1.0,8996807.87139417,8996807.87139417,0.0
2015-05-13,1439072.4134651723,7614526.249240996,9053598.662706168,4718.436,3666.5034499999997,2957.4112880000002,1.0,9053598.662706168,9053598.662706168,0.0
2015-05-14,1439072.4134651723,7676394.618345001,9115467.031810174,4700.778,3684.1674916666666,2967.665136,1.0,9115467.031810174,9115467.031810174,0.0
2015-05-15,1439072.4134651723,7671669.647650998,9110742.06111617,4617.47,3701.2539,2977.5930319999998,1.0,9110742.06111617,9110742.06111617,0.0
2015-05-18,1439072.4134651723,7819781.188317996,9258853.60178317,4575.14,3718.2016,2987.357948,1.0,9258853.60178317,9258853.60178317,0.0
2015-05-19,1439072.4134651723,8006907.949163998,9445980.36262917,4731.222,3736.4849249999997,2997.56262,1.0,9445980.36262917,9445980.36262917,0.0
2015-05-20,1439072.4134651723,8147366.036440998,9586438.44990617,4754.919,3754.9667583333335,3007.882888,1.0,9586438.44990617,9586438.44990617,0.0
2015-05-21,1439072.4134651723,8476614.624495998,9915687.03796117,4840.976,3773.7794333333336,3018.557304,1.0,9915687.03796117,9915687.03796117,0.0
2015-05-22,1439072.4134651723,8643064.159706002,10082136.573171174,4951.335,3792.9634083333335,3029.786308,1.0,10082136.573171174,10082136.573171174,0.0
2015-05-25,1439072.4134651723,8826262.739331996,10265335.152797168,5099.495,3813.079525,3041.60048,1.0,10265335.152797168,10265335.152797168,0.0
2015-05-26,1439072.4134651723,9174608.863740994,10613681.277206166,5198.918,3833.7120250000003,3053.9355800000003,1.0,10613681.277206166,10613681.277206166,0.0
2015-05-27,1439072.4134651723,9293200.967904994,10732273.381370166,5181.434,3853.9365583333333,3066.1982319999997,1.0,10732273.381370166,10732273.381370166,0.0
2015-05-28,1439072.4134651723,8712390.328094997,10151462.741560169,4834.007,3870.813125,3076.9906399999995,1.0,10151462.741560169,10151462.741560169,0.0
2015-05-29,1439072.4134651723,8832436.930512,10271509.343977172,4840.829,3887.6549333333332,3087.830484,1.0,10271509.343977172,10271509.343977172,0.0
2015-06-01,1439072.4134651723,9266390.148692995,10705462.562158167,5076.179,3905.590258333333,3099.5415439999997,1.0,10705462.562158167,10705462.562158167,0.0
2015-06-02,1439072.4134651723,9657818.931035995,11096891.34450117,5161.87,3923.8762666666667,3111.56512,1.0,11096891.34450117,11096891.34450117,0.0
2015-06-03,1439072.4134651723,9750331.164218996,11189403.577684168,5143.59,3940.869925,3123.5503599999997,1.0,11189403.577684168,11189403.577684168,0.0
2015-06-04,1439072.4134651723,9734534.263386996,11173606.676852169,5181.416,3958.007683333333,3135.5986159999998,1.0,11173606.676852169,11173606.676852169,0.0
2015-06-05,1439072.4134651723,9779640.471556,11218712.88502117,5230.552,3974.488275,3147.9001679999997,1.0,11218712.88502117,11218712.88502117,0.0
2015-06-08,1439072.4134651723,9519584.948198996,10958657.361664169,5353.751,3993.211925,3160.689316,1.0,10958657.361664169,10958657.361664169,0.0
2015-06-09,1439072.4134651723,9578701.444494998,11017773.85796017,5317.461,4010.6778833333333,3173.359488,1.0,11017773.85796017,11017773.85796017,0.0
2015-06-10,1439072.4134651723,9827127.802997,11266200.216462173,5309.112,4028.3953833333335,3186.08284,1.0,11266200.216462173,11266200.216462173,0.0
2015-06-11,1439072.4134651723,10001187.272915002,11440259.686380174,5306.59,4046.0067416666666,3198.7067920000004,1.0,11440259.686380174,11440259.686380174,0.0
2015-06-12,1439072.4134651723,10114615.488131998,11553687.90159717,5335.115,4063.6558,3211.508388,1.0,11553687.90159717,11553687.90159717,0.0
2015-06-15,1439072.4134651723,9888824.255362997,11327896.668828169,5221.167,4079.6371750000003,3223.855932,1.0,11327896.668828169,11327896.668828169,0.0
2015-06-16,1439072.4134651723,9516618.956147997,10955691.369613169,5064.821,4093.839033333333,3235.4701440000003,1.0,10955691.369613169,10955691.369613169,0.0
2015-06-17,1439072.4134651723,9699789.714390997,11138862.127856169,5138.831,4108.7798999999995,3247.382404,1.0,11138862.127856169,11138862.127856169,0.0
2015-06-18,1439072.4134651723,9368455.506480996,10807527.919946168,4930.549,4121.67475,3258.4909600000005,1.0,10807527.919946168,10807527.919946168,0.0
2015-06-19,1439072.4134651723,8825471.311342997,10264543.72480817,4637.052,4132.029508333334,3268.3342,1.0,10264543.72480817,10264543.72480817,0.0
2015-06-23,1439072.4134651723,8799753.906281995,10238826.319747169,4786.091,4144.2059,3278.711144,1.0,10238826.319747169,10238826.319747169,0.0
2015-06-24,1439072.4134651723,8925289.799283994,10364362.212749166,4880.126,4157.953741666667,3289.552952,1.0,10364362.212749166,10364362.212749166,0.0
2015-06-25,1439072.4134651723,8514806.151208995,9953878.564674169,4706.516,4169.37955,3299.73806,1.0,9953878.564674169,9953878.564674169,0.0
2015-06-26,1439072.4134651723,7868296.112678996,9307368.52614417,4336.195,4176.7991833333335,3308.575212,1.0,9307368.52614417,9307368.52614417,0.0
2015-06-29,1439072.4134651723,7349892.432144999,8788964.845610172,4191.549,4182.9333,3316.794492,1.0,8788964.845610172,8788964.845610172,0.0
2015-06-30,1439072.4134651723,7632308.737097995,9071381.150563167,4472.998,4191.395333333333,3326.150044,1.0,9071381.150563167,9071381.150563167,0.0
2015-07-01,1439072.4134651723,7320008.203235997,8759080.616701169,4253.021,4197.389633333333,3334.582844,1.0,8759080.616701169,8759080.616701169,0.0
2015-07-02,1439072.4134651723,6877433.745449995,8316506.158915168,4107.996,4201.276758333333,3342.4813440000003,0.3,8316506.158915168,2494951.84767455,5821554.311240617
2015-07-03,1439072.4134651723,6503499.966724999,7942572.380190171,3885.917,4203.317241666667,3349.4287079999995,0.3,7942572.380190171,2382771.714057051,5559800.666133121
2015-07-06,1439072.4134651723,6257841.642967998,7696914.056433171,3998.537,4206.2734666666665,3356.821824,0.3,7696914.056433171,2309074.216929951,5387839.839503219
2015-07-07,1439072.4134651723,5923896.269616002,7362968.683081174,3928.003,4209.346333333333,3363.873364,0.3,7362968.683081174,2208890.6049243524,5154078.078156821
2015-07-08,1439072.4134651723,5760689.819182002,7199762.232647175,3663.038,4210.315625,3369.8672800000004,0.3,7199762.232647175,2159928.6697941525,5039833.5628530225
2015-07-09,1439072.4134651723,5946146.3681350015,7385218.781600174,3897.626,4213.516041666667,3376.774316,0.3,7385218.781600174,2215565.634480052,5169653.147120122
2015-07-10,1439072.4134651723,6147552.613153,7586625.026618173,4106.556,4218.453675,3384.4797719999997,0.3,7586625.026618173,2275987.5079854517,5310637.518632721
2015-07-13,1439072.4134651723,6355626.625122998,7794699.03858817,4211.812,4224.36525,3392.61224,0.3,7794699.03858817,2338409.711576451,5456289.327011719
2015-07-14,1439072.4134651723,6451470.485637002,7890542.899102174,4112.149,4228.598816666667,3400.3556799999997,0.3,7890542.899102174,2367162.869730652,5523380.029371522
2015-07-15,1439072.4134651723,6207364.941737,7646437.355202172,3966.759,4231.362258333334,3407.500824,0.3,7646437.355202172,2293931.2065606513,5352506.148641521
2015-07-16,1439072.4134651723,6249373.212191998,7688445.625657171,3997.356,4236.713933333333,3414.895408,0.3,7688445.625657171,2306533.687697151,5381911.937960019
2015-07-17,1439072.4134651723,6557172.315056998,7996244.72852217,4151.496,4243.007883333334,3422.9300040000003,0.3,7996244.72852217,2398873.418556651,5597371.309965519
2015-07-20,1439072.4134651723,6732427.740276,8171500.153741172,4160.612,4248.105608333333,3430.980416,0.3,8171500.153741172,2451450.046122351,5720050.10761882
2015-07-21,1439072.4134651723,6862709.940881999,8301782.354347171,4166.006,4253.092216666667,3438.957408,0.3,8301782.354347171,2490534.706304151,5811247.64804302
2015-07-22,1439072.4134651723,6955423.413498,8394495.826963173,4157.16,4257.970783333333,3446.8861440000005,0.3,8394495.826963173,2518348.7480889517,5876147.078874221
2015-07-23,1439072.4134651723,7147187.918768998,8586260.33223417,4250.805,4263.3276166666665,3455.205892,0.3,8586260.33223417,2575878.099670251,6010382.232563919
2015-07-24,1439072.4134651723,7078803.669644,8517876.083109172,4176.279,4268.33885,3463.282736,0.3,8517876.083109172,2555362.8249327517,5962513.25817642
2015-07-27,1439072.4134651723,6615100.145369998,8054172.558835171,3818.731,4270.783916666666,3469.9010839999996,0.3,8054172.558835171,2416251.767650551,5637920.79118462
2015-07-28,1439072.4134651723,6404454.275157999,7843526.688623171,3811.093,4273.5280416666665,3476.4802760000002,0.3,7843526.688623171,2353058.006586951,5490468.68203622
2015-07-29,1439072.4134651723,6684511.927182998,8123584.340648171,3930.379,4277.661283333333,3483.431,0.3,8123584.340648171,2437075.302194451,5686509.03845372
2015-07-30,1439072.4134651723,6527365.850397001,7966438.263862174,3815.412,4281.506716666667,3489.9013159999995,0.3,7966438.263862174,2389931.479158652,5576506.784703522
2015-07-31,1439072.4134651723,6401471.404288,7840543.817753172,3816.699,4284.667166666667,3496.220052,0.3,7840543.817753172,2352163.1453259513,5488380.67242722
2015-08-03,1502479.5343992775,5998828.897999001,7501308.432398278,3829.235,4288.229391666667,3502.495176,0.3,7501308.432398278,2250392.5297194836,5250915.902678795
2015-08-04,1502479.5343992775,6322104.898021001,7824584.432420279,3948.155,4293.0728,3508.992208,0.3,7824584.432420279,2347375.3297260837,5477209.102694195
2015-08-05,1502479.5343992775,6274115.950693999,7776595.485093276,3866.9,4297.693466666667,3515.134332,0.3,7776595.485093276,2332978.6455279826,5443616.839565294
2015-08-06,1502479.5343992775,6271751.037313999,7774230.571713276,3831.852,4301.742891666667,3521.173696,0.3,7774230.571713276,2332269.1715139826,5441961.400199294
2015-08-07,1502479.5343992775,6500350.509955001,8002830.044354279,3906.945,4305.909575,3527.4004720000003,0.3,8002830.044354279,2400849.0133062834,5601981.031047995
2015-08-10,1502479.5343992775,6794603.282408002,8297082.816807279,4084.365,4311.3282500000005,3534.420324,0.3,8297082.816807279,2489124.8450421835,5807957.971765095
2015-08-11,1502479.5343992775,6884459.661921998,8386939.196321275,4066.669,4316.526541666667,3541.18452,0.3,8386939.196321275,2516081.7588963825,5870857.437424893
2015-08-12,1502479.5343992775,6781532.112325001,8284011.646724278,4016.126,4321.079025,3547.7716119999995,0.3,8284011.646724278,2485203.4940172834,5798808.152706995
2015-08-13,1502479.5343992775,6977375.287177999,8479854.821577277,4075.463,4325.8788583333335,3554.62058,0.3,8479854.821577277,2543956.446473183,5935898.375104094
2015-08-14,1502479.5343992775,7025470.217498998,8527949.751898276,4073.54,4330.472341666667,3561.604912,0.3,8527949.751898276,2558384.9255694826,5969564.826328794
2015-08-17,1502479.5343992775,7134311.847253999,8636791.381653275,4077.872,4335.465200000001,3568.5918639999995,0.3,8636791.381653275,2591037.4144959827,6045753.967157293
2015-08-18,1502479.5343992775,6666082.143098,8168561.677497278,3825.412,4337.624508333333,3574.432116,0.3,8168561.677497278,2450568.5032491833,5717993.174248095
2015-08-19,1502479.5343992775,6807856.262883001,8310335.797282279,3886.136,4340.235283333333,3580.548452,0.3,8310335.797282279,2493100.7391846837,5817235.058097595
2015-08-20,1502479.5343992775,6587203.080077003,8089682.61447628,3761.454,4341.570191666667,3586.1586640000005,0.3,8089682.61447628,2426904.784342884,5662777.830133396
2015-08-21,1502479.5343992775,6243469.043042999,7745948.577442276,3589.536,4342.250491666667,3591.173028,0.3,7745948.577442276,2323784.573232683,5422164.004209593
2015-08-24,1502479.5343992775,5793761.000036,7296240.534435278,3275.534,4340.123091666666,3594.8326239999997,0.3,7296240.534435278,2188872.1603305833,5107368.374104694
2015-08-25,1502479.5343992775,5407236.018839998,6909715.553239276,3042.927,4336.344616666667,3597.506084,0.3,6909715.553239276,2072914.6659717825,4836800.887267493
2015-08-26,1502479.5343992775,5129257.606411999,6631737.140811277,3025.692,4332.5710500000005,3600.10978,0.3,6631737.140811277,1989521.142243383,4642215.998567894
2015-08-27,1502479.5343992775,5232007.795825997,6734487.330225275,3205.638,4329.80345,3603.467772,0.3,6734487.330225275,2020346.1990675824,4714141.1311576925
2015-08-28,1502479.5343992775,5544329.234383,7046808.768782278,3342.286,4328.317408333333,3607.4199399999998,0.3,7046808.768782278,2114042.630634683,4932766.138147594
2015-08-31,1502479.5343992775,5355782.825710001,6858262.360109279,3366.536,4326.999766666667,3611.424628,0.3,6858262.360109279,2057478.7080327836,4800783.652076496
2015-09-01,1502479.5343992775,5069979.004247,6572458.538646277,3362.083,4325.076758333334,3615.501508,0.3,6572458.538646277,1971737.561593883,4600720.977052394
2015-09-02,1502479.5343992775,4871659.8477030005,6374139.382102278,3365.832,4322.978216666666,3619.668468,0.3,6374139.382102278,1912241.8146306833,4461897.567471595
2015-09-07,1502479.5343992775,4938467.620836,6440947.1552352775,3250.485,4319.185,3623.3600280000005,0.3,6440947.1552352775,1932284.146570583,4508663.008664695
2015-09-08,1502479.5343992775,5147577.385672,6650056.920071278,3334.023,4315.659175,3627.451008,0.3,6650056.920071278,1995017.0760213833,4655039.844049894
2015-09-09,1502479.5343992775,5342226.199591,6844705.733990277,3399.305,4311.936258333333,3631.69508,0.3,6844705.733990277,2053411.720197083,4791294.013793195
2015-09-10,1502479.5343992775,5254007.902579001,6756487.436978279,3357.561,4307.918108333333,3635.704056,0.3,6756487.436978279,2026946.2310934835,4729541.205884796
2015-09-11,1502479.5343992775,5356842.058902001,6859321.593301279,3347.188,4303.373225,3639.5469679999997,0.3,6859321.593301279,2057796.4779903835,4801525.115310895
2015-09-14,1502479.5343992775,5037556.054258001,6540035.588657279,3281.132,4297.615483333333,3643.0361439999997,0.3,6540035.588657279,1962010.6765971836,4578024.912060095
2015-09-15,1502479.5343992775,4778128.239415999,6280607.773815276,3152.232,4290.775366666667,3645.940176,0.3,6280607.773815276,1884182.3321445829,4396425.441670693
2015-09-16,1502479.5343992775,5062947.811389997,6565427.345789274,3309.248,4285.515666666667,3649.380132,0.3,6565427.345789274,1969628.203736782,4595799.142052492
2015-09-17,1502479.5343992775,5006861.421914998,6509340.956314276,3236.999,4279.574,3652.547232,0.3,6509340.956314276,1952802.2868942828,4556538.669419993
2015-09-18,1502479.5343992775,5092008.010686997,6594487.545086275,3251.273,4273.570466666667,3655.822592,0.3,6594487.545086275,1978346.2635258823,4616141.281560393
2015-09-21,1502479.5343992775,5268075.449759,6770554.9841582775,3308.247,4267.071041666666,3659.3617639999998,0.3,6770554.9841582775,2031166.4952474833,4739388.488910794
2015-09-22,1502479.5343992775,5321531.5219020005,6824011.056301278,3339.03,4261.136258333334,3662.9644519999997,0.3,6824011.056301278,2047203.3168903834,4776807.739410895
2015-09-23,1502479.5343992775,5287388.305278,6789867.839677278,3263.028,4253.962366666667,3666.267808,0.3,6789867.839677278,2036960.3519031834,4752907.487774095
2015-09-24,1502479.5343992775,5337124.674883997,6839604.209283275,3284.999,4246.964225,3669.852744,0.3,6839604.209283275,2051881.2627849823,4787722.9464982925
2015-09-25,1502479.5343992775,5128029.149066,6630508.683465278,3231.951,4239.142666666667,3673.175244,0.3,6630508.683465278,1989152.6050395833,4641356.078425694
2015-09-28,1502479.5343992775,5241058.7674980005,6743538.301897278,3242.752,4230.665233333333,3676.5115960000003,0.3,6743538.301897278,2023061.4905691834,4720476.811328094
2015-09-29,1502479.5343992775,5146253.800185,6648733.334584277,3178.854,4221.357325,3679.526168,0.3,6648733.334584277,1994620.000375283,4654113.334208994
2015-09-30,1502479.5343992775,5130389.258272999,6632868.7926722765,3202.948,4212.5307416666665,3682.82228,0.3,6632868.7926722765,1989860.6378016828,4643008.154870594
2015-10-08,1502479.5343992775,5340030.558480001,6842510.092879279,3296.482,4203.797958333334,3686.4103600000003,0.3,6842510.092879279,2052753.0278637835,4789757.065015495
2015-10-09,1502479.5343992775,5431781.341793002,6934260.876192279,3340.116,4194.789983333333,3690.0033679999997,0.3,6934260.876192279,2080278.2628576837,4853982.613334595
2015-10-12,1502479.5343992775,5641128.765626001,7143608.300025279,3447.693,4186.535891666666,3694.0462800000005,0.3,7143608.300025279,2143082.4900075835,5000525.810017696
2015-10-13,1502479.5343992775,5718338.169617,7220817.704016278,3445.043,4178.740308333333,3698.077648,0.3,7220817.704016278,2166245.3112048833,5054572.392811394
2015-10-14,1502479.5343992775,5691522.704215,7194002.238614278,3406.112,4169.511691666667,3701.9109,0.3,7194002.238614278,2158200.6715842835,5035801.567029994
2015-10-15,1502479.5343992775,5838055.892454,7340535.426853278,3486.815,4160.26735,3706.054208,0.3,7340535.426853278,2202160.628055983,5138374.7987972945
2015-10-16,1502479.5343992775,5936273.166666,7438752.701065278,3534.065,4152.035233333333,3710.2769359999998,0.3,7438752.701065278,2231625.8103195834,5207126.890745694
2015-10-19,1502479.5343992775,5922980.248894999,7425459.783294276,3534.182,4142.993716666667,3714.485844,0.3,7425459.783294276,2227637.9349882826,5197821.848305994
2015-10-20,1502479.5343992775,6044522.204941999,7547001.739341277,3577.703,4133.309458333333,3718.9295,0.3,7547001.739341277,2264100.521802383,5282901.217538893
2015-10-21,1502479.5343992775,5694211.289880001,7196690.824279279,3473.254,4122.745808333333,3723.0027320000004,0.3,7196690.824279279,2159007.2472837837,5037683.576995496
2015-10-22,1502479.5343992775,5925705.773116999,7428185.307516277,3524.534,4112.92825,3727.31462,0.3,7428185.307516277,2228455.592254883,5199729.715261394
2015-10-23,1502479.5343992775,6070249.9215020025,7572729.45590128,3571.241,4102.625325,3731.7440880000004,0.3,7572729.45590128,2271818.836770384,5300910.619130896
2015-10-26,1502479.5343992775,6091821.239006002,7594300.77340528,3589.261,4093.020325,3736.3235520000003,0.3,7594300.77340528,2278290.2320215837,5316010.541383697
2015-10-27,1502479.5343992775,6148738.582681,7651218.117080278,3592.879,4083.1749333333337,3740.9281399999995,0.3,7651218.117080278,2295365.4351240834,5355852.681956194
2015-10-28,1502479.5343992775,5975639.414174,7478118.948573277,3524.92,4072.9668833333335,3745.208976,0.3,7478118.948573277,2243435.6845719833,5234683.264001294
2015-10-29,1502479.5343992775,6039434.341036004,7541913.875435282,3533.307,4062.513266666667,3749.60864,0.3,7541913.875435282,2262574.1626305846,5279339.712804697
2015-10-30,1502479.5343992775,6012755.835310999,7515235.369710277,3534.079,4053.6569499999996,3754.070392,0.3,7515235.369710277,2254570.610913083,5260664.758797194
2015-11-02,1502479.5343992775,5823675.534878001,7326155.069277278,3475.962,4044.6789083333333,3758.390496,0.3,7326155.069277278,2197846.520783183,5128308.548494095
2015-11-03,4078337.385364224,3222140.7416910008,7300478.127055225,3465.493,4036.307275,3762.689644,0.3,7300478.127055225,2190143.438116567,5110334.688938658
2015-11-04,4078337.385364224,3379127.582700001,7457464.968064225,3628.538,4028.558391666667,3767.728468,0.3,7457464.968064225,2237239.4904192677,5220225.477644958
2015-11-05,4078337.385364224,3373594.545716998,7451931.931081222,3705.97,4020.3537083333335,3772.885736,0.3,7451931.931081222,2235579.5793243665,5216352.351756856
2015-11-06,4078337.385364224,3462799.109106999,7541136.494471223,3793.374,4012.4033166666663,3778.253696,0.3,7541136.494471223,2262340.948341367,5278795.546129856
2015-11-09,4078337.385364224,3544932.714086001,7623270.099450225,3840.355,4005.085975,3783.739416,0.3,7623270.099450225,2286981.029835067,5336289.069615157
2015-11-10,4078337.385364224,3586331.394151,7664668.779515224,3833.238,3997.856475,3789.039068,0.3,7664668.779515224,2299400.633854567,5365268.1456606565
2015-11-11,4078337.385364224,3669696.660141998,7748034.045506222,3833.646,3991.3246083333333,3794.3234600000005,0.3,7748034.045506222,2324410.2136518667,5423623.8318543555
2015-11-12,4078337.385364224,3680312.779795001,7758650.165159225,3795.324,3984.826141666667,3799.452068,0.3,7758650.165159225,2327595.0495477677,5431055.115611458
2015-11-13,4078337.385364224,3638997.028002,7717334.413366225,3746.242,3976.617975,3804.4232440000005,0.3,7717334.413366225,2315200.3240098674,5402134.089356357
2015-11-16,4078337.385364224,3720555.434542999,7798892.819907224,3764.126,3968.3613666666665,3809.45548,0.3,7798892.819907224,2339667.845972167,5459224.9739350565
2015-11-17,4078337.385364224,3684006.008830999,7762343.394195223,3758.387,3959.3397916666668,3814.480416,0.3,7762343.394195223,2328703.018258567,5433640.375936656
2015-11-18,4078337.385364224,3648674.290554,7727011.675918224,3715.58,3949.041833333333,3819.079816,0.3,7727011.675918224,2318103.502775467,5408908.173142757
2015-11-19,4078337.385364224,3769885.062670001,7848222.448034225,3774.969,3938.0041166666665,3823.945244,0.3,7848222.448034225,2354466.7344102673,5493755.713623958
2015-11-20,4078337.385364224,3859760.046248999,7938097.431613224,3774.383,3926.1329916666664,3828.665504,0.3,7938097.431613224,2381429.229483967,5556668.202129256
2015-11-23,4078337.385364224,3814487.330056,7892824.715420224,3753.335,3914.232166666667,3833.359844,0.3,7892824.715420224,2367847.414626067,5524977.300794156
2015-11-24,4078337.385364224,3895882.43926,7974219.824624225,3753.889,3905.231183333333,3838.0510280000003,0.3,7974219.824624225,2392265.9473872674,5581953.877236957
2015-11-25,4078337.385364224,4003299.62619,8081637.011554224,3781.607,3896.4043333333334,3842.909052,0.3,8081637.011554224,2424491.103466267,5657145.908087958
2015-11-26,4078337.385364224,3969757.705410999,8048095.090775223,3759.429,3885.431416666667,3847.7811039999997,0.3,8048095.090775223,2414428.527232567,5633666.563542657
2015-11-27,4078337.385364224,3743286.313786001,7821623.699150225,3556.992,3872.0574333333334,3851.8601799999997,0.3,7821623.699150225,2346487.1097450675,5475136.589405158
2015-11-30,4078337.385364224,3784018.838971,7862356.224335224,3566.412,3858.914283333333,3855.977432,0.3,7862356.224335224,2358706.867300567,5503649.357034657
2015-12-01,4078337.385364224,3728152.639408999,7806490.024773223,3591.696,3845.666616666667,3860.0103959999997,0.3,7806490.024773223,2341947.0074319667,5464543.017341256
2015-12-02,4078337.385364224,3673166.9975,7751504.382864224,3721.955,3833.094975,3864.3011840000004,0.3,7751504.382864224,2325451.314859267,5426053.0680049565
2015-12-03,4078337.385364224,3782426.131713001,7860763.517077225,3749.299,3819.724541666667,3868.5561360000006,0.3,7860763.517077225,2358229.0551231676,5502534.461954057
2015-12-04,4078337.385364224,3805751.371962999,7884088.757327223,3677.592,3806.0589666666665,3872.374432,0.3,7884088.757327223,2365226.6271981667,5518862.130129056
2015-12-07,4078337.385364224,3886856.055337002,7965193.440701226,3687.607,3792.546425,3876.1068999999998,0.3,7965193.440701226,2389558.0322103677,5575635.408490858
2015-12-08,4078337.385364224,3838276.935645002,7916614.321009226,3623.02,3778.516675,3879.363704,0.3,7916614.321009226,2374984.296302768,5541630.024706459
2015-12-09,4078337.385364224,3821726.247654999,7900063.633019224,3635.938,3764.356866666667,3882.6282079999996,0.3,7900063.633019224,2370019.0899057672,5530044.543113457
2015-12-10,4078337.385364224,3805753.717566999,7884091.102931223,3623.084,3751.0395083333333,3885.424784,0.3,7884091.102931223,2365227.330879367,5518863.772051856
2015-12-11,4078337.385364224,3753996.960867,7832334.346231224,3608.059,3738.899825,3887.986824,0.3,7832334.346231224,2349700.303869367,5482634.042361857
2015-12-14,4078337.385364224,3791269.083484,7869606.468848225,3711.322,3727.003916666667,3890.4147080000002,0.3,7869606.468848225,2360881.9406544673,5508724.528193757
2015-12-15,4078337.385364224,3883262.0936060008,7961599.478970225,3694.389,3716.702583333333,3892.692724,0.3,7961599.478970225,2388479.8436910673,5573119.635279158
2015-12-16,4078337.385364224,3912718.831056,7991056.216420224,3685.44,3708.772483333333,3894.4229600000003,0.3,7991056.216420224,2397316.864926067,5593739.351494157
2015-12-17,4078337.385364224,4012622.516823999,8090959.902188223,3755.888,3700.1874583333333,3897.0188599999997,0.6,8090959.902188223,4854575.941312933,3236383.9608752895
2015-12-18,4078337.385364224,4010891.090006,8089228.475370225,3767.913,3690.9190166666663,3899.2043280000003,0.6,8089228.475370225,4853537.085222134,3235691.39014809
2015-12-21,4078337.385364224,4033453.344523001,8111790.729887225,3865.965,3683.9144250000004,3901.9361400000003,0.6,8111790.729887225,4867074.437932335,3244716.29195489
2015-12-22,4078337.385364224,4081778.564748,8160115.950112224,3876.733,3680.085575,3904.6701639999997,0.6,8160115.950112224,4896069.570067334,3264046.3800448896
2015-12-23,4078337.385364224,4009261.9293319993,8087599.314696223,3866.381,3677.375841666667,3907.2667759999995,0.6,8087599.314696223,4852559.588817733,3235039.725878489
2015-12-24,4078337.385364224,4027834.938205001,8106172.323569225,3829.402,3672.0125416666665,3909.3707759999998,0.6,8106172.323569225,4863703.394141535,3242468.92942769
2015-12-25,4078337.385364224,4049167.235862,8127504.621226223,3838.201,3668.5557083333333,3911.2811879999995,0.6,8127504.621226223,4876502.772735734,3251001.8484904896
2015-12-28,4078337.385364224,3957461.805468,8035799.190832224,3727.632,3665.3860083333334,3912.8080080000004,0.6,8035799.190832224,4821479.514499334,3214319.67633289
2015-12-29,4078337.385364224,3980408.784624001,8058746.169988225,3761.875,3664.352325,3914.3228400000003,0.6,8058746.169988225,4835247.701992935,3223498.4679952906
2015-12-30,4078337.385364224,4018114.538665,8096451.924029224,3765.175,3662.407641666666,3915.805616,0.6,8096451.924029224,4857871.154417534,3238580.7696116893
2015-12-31,4078337.385364224,3938254.530183002,8016591.915547226,3731.005,3660.7659916666667,3917.42994,0.6,8016591.915547226,4809955.149328335,3206636.7662188904
2016-01-04,4078337.385364224,3629669.905198,7708007.290562224,3469.066,3659.149558333333,3918.3846639999997,0.3,7708007.290562224,2312402.187168667,5395605.103393557
2016-01-05,4078337.385364224,3499065.338373999,7577402.723738223,3478.78,3655.6591750000002,3918.958108,0.3,7577402.723738223,2273220.817121467,5304181.906616757
2016-01-06,4078337.385364224,3593727.884308,7672065.269672224,3539.808,3650.936275,3919.333984,0.3,7672065.269672224,2301619.580901667,5370445.688770557
2016-01-07,4078337.385364224,3329525.454773,7407862.840137225,3294.384,3643.2910416666664,3918.6897000000004,0.3,7407862.840137225,2222358.852041167,5185503.988096057
2016-01-08,4078337.385364224,3336211.5521930004,7414548.937557224,3361.563,3637.0361583333333,3918.3057360000003,0.3,7414548.937557224,2224364.681267167,5190184.256290058
2016-01-11,4078337.385364224,3109742.096334,7188079.481698224,3192.45,3630.5835833333335,3916.940716,0.3,7188079.481698224,2156423.844509467,5031655.637188757
2016-01-12,4078337.385364224,3109215.705553001,7187553.090917225,3215.71,3624.0698666666663,3915.237392,0.3,7187553.090917225,2156265.9272751673,5031287.163642058
2016-01-13,4078337.385364224,3008244.055921,7086581.441285225,3155.879,3615.773058333333,3913.296672,0.3,7086581.441285225,2125974.432385567,4960607.008899657
2016-01-14,4078337.385364224,3123547.620451,7201885.005815224,3221.571,3607.9477166666666,3911.6077960000002,0.3,7201885.005815224,2160565.501744567,5041319.504070656
2016-01-15,4078337.385364224,3060851.1670970023,7139188.5524612265,3118.73,3599.220416666666,3909.84568,0.3,7139188.5524612265,2141756.565738368,4997431.986722859
2016-01-18,4078337.385364224,3121097.678332,7199435.063696224,3130.729,3590.6668250000002,3908.181704,0.3,7199435.063696224,2159830.5191088673,5039604.544587357
2016-01-19,4078337.385364224,3210312.4646980013,7288649.850062225,3223.125,3582.1028250000004,3907.0199,0.3,7288649.850062225,2186594.9550186675,5102054.8950435575
2016-01-20,4078337.385364224,3196851.6240119995,7275189.009376224,3174.378,3573.7536499999997,3905.6612520000003,0.3,7275189.009376224,2182556.7028128672,5092632.306563357
2016-01-21,4078337.385364224,3082678.186225999,7161015.571590223,3081.345,3567.6087666666667,3903.97694,0.3,7161015.571590223,2148304.671477067,5012710.900113156
2016-01-22,4078337.385364224,3122743.190972001,7201080.5763362255,3113.463,3561.7951833333336,3902.0143080000003,0.3,7201080.5763362255,2160324.1729008676,5040756.403435358
2016-01-25,4078337.385364224,3155559.1140810014,7233896.499445226,3128.886,3555.116075,3899.989268,0.3,7233896.499445226,2170168.9498335677,5063727.549611658
2016-01-26,4078337.385364224,2942956.2654850013,7021293.650849225,2940.509,3547.8252166666666,3898.330684,0.3,7021293.650849225,2106388.095254767,4914905.555594457
2016-01-27,4078337.385364224,2910504.907828999,6988842.293193223,2930.352,3540.438991666667,3896.467204,0.3,6988842.293193223,2096652.6879579667,4892189.605235256
2016-01-28,4078337.385364224,2806287.0309829987,6884624.416347222,2853.756,3532.3099999999995,3893.6866880000002,0.3,6884624.416347222,2065387.3249041666,4819237.091443056
2016-01-29,4078337.385364224,2895417.5070270007,6973754.892391225,2946.09,3523.9594583333333,3891.2005959999997,0.3,6973754.892391225,2092126.4677173675,4881628.424673858
2016-02-01,4078337.385364224,2866108.585779001,6944445.971143225,2901.048,3515.9106916666665,3888.51786,0.3,6944445.971143225,2083333.7913429674,4861112.179800258
2016-02-02,3506082.499145553,3567832.061915,7073914.561060553,2961.334,3508.656375,3885.931256,0.3,7073914.561060553,2122174.368318166,4951740.192742387
2016-02-03,3506082.499145553,3623092.873817,7129175.372962553,2948.639,3500.6704916666667,3883.426088,0.3,7129175.372962553,2138752.611888766,4990422.761073787
2016-02-04,3506082.499145553,3713719.334132001,7219801.833277555,2984.76,3491.5071166666667,3881.2638359999996,0.3,7219801.833277555,2165940.5499832663,5053861.283294288
2016-02-05,3506082.499145553,3724078.335983,7230160.835128553,2963.789,3482.31645,3879.1917999999996,0.3,7230160.835128553,2169048.2505385657,5061112.584589988
2016-02-15,3506082.499145553,3759664.238205,7265746.737350553,2946.707,3473.404625,3877.241068,0.3,7265746.737350553,2179724.021205166,5086022.716145387
2016-02-16,3506082.499145553,3947714.161035,7453796.660180554,3037.035,3464.7510583333333,3875.9733680000004,0.3,7453796.660180554,2236138.998054166,5217657.662126388
2016-02-17,3506082.499145553,4000946.127524,7507028.626669553,3063.32,3456.3325583333335,3874.4768679999997,0.3,7507028.626669553,2252108.5880008657,5254920.038668687
2016-02-18,3506082.499145553,3988848.074011999,7494930.573157553,3053.699,3447.7977833333334,3873.084592,0.3,7494930.573157553,2248479.1719472655,5246451.401210288
2016-02-19,3506082.499145553,4031103.144915001,7537185.644060554,3051.585,3441.349225,3871.823148,0.3,7537185.644060554,2261155.693218166,5276029.950842388
2016-02-22,3506082.499145553,4106381.231882001,7612463.731027555,3118.868,3434.955325,3871.04894,0.3,7612463.731027555,2283739.1193082663,5328724.611719288
2016-02-23,3506082.499145553,4068994.196601001,7575076.695746554,3089.363,3429.354566666667,3870.022708,0.3,7575076.695746554,2272523.0087239663,5302553.687022587
2016-02-24,3506082.499145553,4064256.001270001,7570338.500415554,3109.545,3425.3546416666663,3868.8331160000002,0.3,7570338.500415554,2271101.550124666,5299236.950290889
2016-02-25,3506082.499145553,3750618.5697,7256701.068845553,2918.75,3422.3814416666664,3866.77162,0.3,7256701.068845553,2177010.320653666,5079690.7481918875
2016-02-26,3506082.499145553,3721590.363693,7227672.862838553,2948.031,3421.5906416666667,3864.792248,0.3,7227672.862838553,2168301.858851566,5059371.003986987
2016-02-29,3506082.499145553,3505931.1499460004,7012013.649091554,2877.467,3420.355433333333,3862.422804,0.3,7012013.649091554,2103604.094727466,4908409.554364088
2016-03-01,3506082.499145553,3615605.16156,7121687.660705553,2930.694,3418.0642333333335,3860.147648,0.3,7121687.660705553,2136506.298211666,4985181.362493888
2016-03-02,3506082.499145553,3795293.042859,7301375.542004554,3051.333,3415.6396250000003,3858.263692,0.3,7301375.542004554,2190412.662601366,5110962.879403187
2016-03-03,3506082.499145553,3723966.32817,7230048.827315553,3058.422,3413.0720083333335,3856.5824639999996,0.3,7230048.827315553,2169014.648194666,5061034.179120887
2016-03-04,3506082.499145553,3534820.238183,7040902.737328554,3093.89,3410.8370666666665,3854.692844,0.3,7040902.737328554,2112270.821198566,4928631.916129988
2016-03-07,3506082.499145553,3598581.4939410007,7104663.993086554,3104.84,3408.6621333333333,3852.820832,0.3,7104663.993086554,2131399.1979259662,4973264.795160588
2016-03-08,3506082.499145553,3625448.843658001,7131531.342803555,3107.673,3407.4720333333335,3850.846464,0.3,7131531.342803555,2139459.4028410665,4992071.939962488
2016-03-09,3506082.499145553,3585655.1910500005,7091737.690195554,3071.907,3405.2877333333336,3849.102492,0.3,7091737.690195554,2127521.307058666,4964216.383136888
2016-03-10,3506082.499145553,3493625.319103999,6999707.8182495525,3013.146,3402.0697416666662,3847.031788,0.3,6999707.8182495525,2099912.3454748658,4899795.472774686
2016-03-11,3506082.499145553,3422259.537534001,6928342.036679555,3018.284,3399.2424333333333,3845.119548,0.3,6928342.036679555,2078502.6110038664,4849839.425675688
2016-03-14,3506082.499145553,3562192.188278,7068274.687423553,3065.69,3396.896616666667,3843.468228,0.3,7068274.687423553,2120482.4062270657,4947792.281196488
2016-03-15,3506082.499145553,3514108.530561,7020191.029706554,3074.78,3395.1770166666665,3841.616348,0.3,7020191.029706554,2106057.308911966,4914133.720794587
2016-03-16,3506082.499145553,3480978.3925459995,6987060.8916915525,3090.033,3394.6586916666665,3839.8940359999997,0.3,6987060.8916915525,2096118.2675074656,4890942.624184087
2016-03-17,3506082.499145553,3646777.0117059993,7152859.510851553,3124.204,3393.1166583333334,3838.29224,0.3,7152859.510851553,2145857.8532554656,5007001.657596087
2016-03-18,3506082.499145553,3833036.268899001,7339118.768044555,3171.963,3392.5746916666667,3836.608716,0.3,7339118.768044555,2201735.6304133665,5137383.137631188
2016-03-21,3506082.499145553,4000545.742389,7506628.2415345535,3249.437,3392.5593916666667,3835.135836,0.3,7506628.2415345535,2251988.472460366,5254639.769074188
2016-03-22,3506082.499145553,4027106.811698,7533189.310843553,3225.79,3391.8722500000003,3833.216312,0.3,7533189.310843553,2259956.793253066,5273232.517590487
2016-03-23,3506082.499145553,4112814.257256,7618896.756401554,3236.092,3391.0144333333333,3831.1321920000005,0.3,7618896.756401554,2285669.026920466,5333227.729481088
2016-03-24,3506082.499145553,4056271.2189169982,7562353.718062552,3181.851,3390.337958333333,3828.4753760000003,0.3,7562353.718062552,2268706.115418765,5293647.602643786
2016-03-25,3506082.499145553,3990458.245045999,7496540.744191552,3197.817,3389.611441666667,3825.9076880000002,0.3,7496540.744191552,2248962.2232574653,5247578.520934086
2016-03-28,3506082.499145553,3966449.455194999,7472531.954340553,3169.728,3389.092916666667,3823.016304,0.3,7472531.954340553,2241759.586302166,5230772.368038387
2016-03-29,3506082.499145553,3897985.563671001,7404068.062816555,3135.41,3388.1984,3819.6697000000004,0.3,7404068.062816555,2221220.418844966,5182847.643971588
2016-03-30,3506082.499145553,4055148.705558001,7561231.204703554,3216.275,3388.5102416666673,3816.642616,0.3,7561231.204703554,2268369.361411066,5292861.843292488
2016-03-31,3506082.499145553,4095655.766485999,7601738.265631553,3218.088,3388.6364083333333,3813.7533200000003,0.3,7601738.265631553,2280521.479689466,5321216.785942087
2016-04-01,3506082.499145553,4018669.421683,7524751.920828554,3221.895,3388.0148499999996,3810.840904,0.3,7524751.920828554,2257425.576248566,5267326.344579987
2016-04-05,3506082.499145553,4139616.088133,7645698.587278554,3264.486,3387.3846,3808.0120599999996,0.3,7645698.587278554,2293709.5761835664,5351989.011094987
2016-04-06,3506082.499145553,4180334.868061,7686417.367206553,3257.528,3385.799891666667,3804.68946,0.3,7686417.367206553,2305925.210161966,5380492.157044588
2016-04-07,3506082.499145553,4117994.848829999,7624077.347975552,3209.29,3383.8352833333333,3801.321804,0.3,7624077.347975552,2287223.2043926655,5336854.143582886
2016-04-08,3506082.499145553,4049032.16662,7555114.665765554,3185.726,3381.9987333333333,3797.5691279999996,0.3,7555114.665765554,2266534.399729666,5288580.266035888
2016-04-11,3506082.499145553,4116175.008839,7622257.507984553,3230.096,3379.8594083333332,3793.9904079999997,0.3,7622257.507984553,2286677.252395366,5335580.255589187
2016-04-12,3506082.499145553,4047897.8949759984,7553980.394121552,3218.45,3377.229283333333,3790.1820560000006,0.3,7553980.394121552,2266194.1182364654,5287786.2758850865
2016-04-13,3506082.499145553,4088379.394688001,7594461.893833554,3261.383,3374.9559583333335,3786.187412,0.3,7594461.893833554,2278338.5681500663,5316123.325683488
2016-04-14,3506082.499145553,4140371.011425,7646453.510570553,3275.832,3372.4403666666667,3782.107528,0.3,7646453.510570553,2293936.0531711658,5352517.457399387
2016-04-15,3506082.499145553,4168187.7832419984,7674270.282387552,3272.205,3370.7649583333337,3778.1477959999997,0.3,7674270.282387552,2302281.0847162656,5371989.197671287
2016-04-18,3506082.499145553,4130839.164399,7636921.663544554,3228.453,3368.2976166666663,3773.6839440000003,0.3,7636921.663544554,2291076.499063366,5345845.164481188
2016-04-19,3506082.499145553,4153616.812674001,7659699.311819555,3238.303,3365.5231333333336,3768.952864,0.3,7659699.311819555,2297909.7935458664,5361789.518273689
2016-04-20,3506082.499145553,3941674.67466,7447757.1738055535,3181.026,3362.121175,3763.924232,0.3,7447757.1738055535,2234327.152141666,5213430.021663887
2016-04-21,3506082.499145553,3858176.246107,7364258.745252553,3160.603,3358.518875,3759.0445919999997,0.3,7364258.745252553,2209277.623575766,5154981.121676788
2016-04-22,3506082.499145553,3915372.588734,7421455.087879553,3174.901,3355.60205,3753.690012,0.3,7421455.087879553,2226436.526363866,5195018.561515687
2016-04-25,3506082.499145553,3861494.327311,7367576.826456553,3162.033,3352.5080999999996,3747.9536000000003,0.3,7367576.826456553,2210273.0479369657,5157303.778519588
2016-04-26,3506082.499145553,3924122.7612600015,7430205.260405555,3179.161,3349.55045,3742.5825680000003,0.3,7430205.260405555,2229061.5781216663,5201143.6822838895
2016-04-27,3506082.499145553,3949433.4382950016,7455515.937440556,3165.916,3346.9667333333337,3736.7695759999997,0.3,7455515.937440556,2236654.7812321666,5218861.1562083885
2016-04-28,3506082.499145553,3952688.107941001,7458770.607086554,3160.581,3344.4257999999995,3730.4526440000004,0.3,7458770.607086554,2237631.182125966,5221139.424960588
2016-04-29,3506082.499145553,3911170.680494999,7417253.179640552,3156.745,3340.4941916666667,3724.1160560000003,0.3,7417253.179640552,2225175.9538921653,5192077.225748386
2016-05-03,3506082.499145553,4034110.415776,7540192.914921554,3213.54,3336.3906083333336,3718.159652,0.3,7540192.914921554,2262057.874476466,5278135.0404450875
2016-05-04,3762130.429878995,3757903.404497001,7520033.834375996,3209.461,3331.5246666666667,3711.767128,0.3,7520033.834375996,2256010.1503127986,5264023.684063198
2016-05-05,3762130.429878995,3827276.022597,7589406.452475995,3213.92,3326.304375,3705.655364,0.3,7589406.452475995,2276821.9357427983,5312584.516733197
2016-05-06,3762130.429878995,3700151.641827,7462282.071705995,3130.354,3320.4470083333335,3699.0794760000003,0.3,7462282.071705995,2238684.6215117984,5223597.450194197
2016-05-09,3762130.429878995,3545636.918694,7307767.3485729955,3065.615,3314.04675,3692.342392,0.3,7307767.3485729955,2192330.2045718986,5115437.1440010965
2016-05-10,3762130.429878995,3524949.9926849995,7287080.422563994,3069.112,3307.994983333333,3685.467876,0.3,7287080.422563994,2186124.126769198,5100956.295794796
2016-05-11,3762130.429878995,3477965.252756,7240095.682634994,3082.809,3302.4663750000004,3679.411764,0.3,7240095.682634994,2172028.704790498,5068066.977844496
2016-05-12,3762130.429878995,3480407.572236001,7242538.002114996,3090.137,3296.8498000000004,3673.559004,0.3,7242538.002114996,2172761.400634499,5069776.601480497
2016-05-13,3762130.429878995,3461603.4247579994,7223733.854636994,3074.935,3291.1543666666666,3667.9783880000005,0.3,7223733.854636994,2167120.156391098,5056613.698245896
2016-05-16,3762130.429878995,3541950.851168999,7304081.281047994,3095.309,3285.9854416666667,3662.1260079999997,0.3,7304081.281047994,2191224.3843143983,5112856.896733596
2016-05-17,3762130.429878995,3545266.328328,7307396.758206995,3086.025,3280.2442416666663,3655.70798,0.3,7307396.758206995,2192219.0274620983,5115177.730744896
2016-05-18,3762130.429878995,3419814.6565809995,7181945.086459994,3068.036,3274.3580166666666,3648.9904400000005,0.3,7181945.086459994,2154583.525937998,5027361.560521996
2016-05-19,3762130.429878995,3455069.7243999983,7217200.154278994,3062.5,3268.601058333333,3642.366696,0.3,7217200.154278994,2165160.046283698,5052040.107995296
2016-05-20,3762130.429878995,3490509.493212,7252639.923090994,3078.218,3262.9704666666667,3635.8764560000004,0.3,7252639.923090994,2175791.976927298,5076847.946163696
2016-05-23,3762130.429878995,3560303.8693660013,7322434.299244996,3087.223,3257.1839333333332,3629.7554680000003,0.3,7322434.299244996,2196730.2897734987,5125704.0094714975
2016-05-24,3762130.429878995,3527089.930095,7289220.359973995,3063.556,3251.384991666667,3623.7091320000004,0.3,7289220.359973995,2186766.1079921983,5102454.251981797
2016-05-25,3762130.429878995,3503072.1259339983,7265202.555812993,3059.226,3247.236941666667,3617.0211480000003,0.3,7265202.555812993,2179560.766743898,5085641.789069096
2016-05-26,3762130.429878995,3514828.2190819997,7276958.648960995,3064.211,3243.0519333333336,3610.2583159999995,0.3,7276958.648960995,2183087.594688298,5093871.054272696
2016-05-27,3762130.429878995,3490296.2014120016,7252426.631290996,3062.499,3238.6419583333336,3603.144408,0.3,7252426.631290996,2175727.989387299,5076698.6419036975
2016-05-30,3762130.429878995,3477872.6528910003,7240003.082769996,3066.71,3233.181583333333,3595.605908,0.3,7240003.082769996,2172000.9248309988,5068002.157938996
2016-05-31,3762130.429878995,3606025.20654,7368155.636418994,3169.56,3228.3504249999996,3587.886168,0.3,7368155.636418994,2210446.690925698,5157708.945493296
2016-06-01,3762130.429878995,3657870.426892,7420000.856770994,3160.547,3224.0417166666666,3579.7326840000005,0.3,7420000.856770994,2226000.2570312982,5194000.599739696
2016-06-02,3762130.429878995,3693066.165680999,7455196.595559994,3167.1,3219.704158333333,3571.675348,0.3,7455196.595559994,2236558.978667998,5218637.616891995
2016-06-03,3762130.429878995,3700530.700360998,7462661.130239993,3189.326,3216.090041666667,3565.0966240000002,0.3,7462661.130239993,2238798.339071998,5223862.791167995
2016-06-06,3762130.429878995,3731557.71058,7493688.140458995,3178.788,3212.280458333333,3558.44846,0.3,7493688.140458995,2248106.442137698,5245581.698321296
2016-06-07,3762130.429878995,3727673.8637720007,7489804.293650996,3177.054,3208.563541666667,3550.85196,0.3,7489804.293650996,2246941.2880952987,5242863.005555697
2016-06-08,3762130.429878995,3724643.143154,7486773.573032995,3163.986,3204.8629333333333,3542.860424,0.3,7486773.573032995,2246032.0719098984,5240741.501123097
2016-06-13,3762130.429878995,3555662.9674169994,7317793.397295995,3066.341,3199.4880916666666,3534.551428,0.3,7317793.397295995,2195338.0191887985,5122455.378107196
2016-06-14,3762130.429878995,3565866.1279939995,7327996.557872994,3075.983,3194.3347083333333,3526.129696,0.3,7327996.557872994,2198398.967361898,5129597.590511096
2016-06-15,3762130.429878995,3684309.414291,7446439.844169995,3116.368,3189.5924416666667,3517.6729600000003,0.3,7446439.844169995,2233931.953250998,5212507.890918996
2016-06-16,3762130.429878995,3699387.441543,7461517.871421995,3094.675,3184.0823333333333,3508.636656,0.3,7461517.871421995,2238455.3614265984,5223062.509995396
2016-06-17,3762130.429878995,3744018.384241999,7506148.814120993,3110.357,3178.6027000000004,3499.8082400000003,0.3,7506148.814120993,2251844.644236298,5254304.169884695
2016-06-20,3762130.429878995,3772041.1390650007,7534171.568943996,3112.674,3172.325275,3491.0224880000005,0.3,7534171.568943996,2260251.470683199,5273920.098260798
2016-06-21,3762130.429878995,3721623.300774,7483753.730652995,3106.318,3165.90515,3482.2214,0.3,7483753.730652995,2245126.1191958985,5238627.611457096
2016-06-22,3762130.429878995,3779274.082364,7541404.512242995,3133.961,3159.80165,3473.416784,0.3,7541404.512242995,2262421.3536728984,5278983.158570097
2016-06-23,3762130.429878995,3763410.9446839984,7525541.374562994,3117.317,3153.8676083333335,3465.0013839999997,0.3,7525541.374562994,2257662.412368898,5267878.962194096
2016-06-24,3762130.429878995,3760130.644877,7522261.074755995,3077.155,3147.5255583333333,3457.0507199999997,0.3,7522261.074755995,2256678.3224267983,5265582.752329197
2016-06-27,3762130.429878995,3851494.298304,7613624.728182995,3120.544,3142.4664916666666,3448.977572,0.3,7613624.728182995,2284087.4184548985,5329537.309728096
2016-06-28,3762130.429878995,3898786.652306999,7660917.082185993,3136.401,3137.2542083333333,3441.80098,0.3,7660917.082185993,2298275.1246557976,5362641.957530195
2016-06-29,3762130.429878995,3904895.856886,7667026.286764995,3151.39,3132.1393333333335,3435.858332,0.6,7667026.286764995,4600215.772058997,3066810.514705998
2016-06-30,3762130.429878995,3892515.743312999,7654646.173191994,3153.921,3127.3303,3429.3296520000004,0.6,7654646.173191994,4592787.7039151965,3061858.469276798
2016-07-01,3762130.429878995,3877569.815057,7639700.244935995,3154.2,3124.706416666667,3422.425948,0.6,7639700.244935995,4583820.146961597,3055880.097974398
2016-07-04,3762130.429878995,3949803.266116,7711933.695994996,3204.696,3122.422383333333,3416.4186680000003,0.6,7711933.695994996,4627160.2175969975,3084773.478397998
2016-07-05,3762130.429878995,3981650.5705479993,7743781.000426995,3207.383,3119.652175,3411.90342,0.6,7743781.000426995,4646268.600256196,3097512.4001707984
2016-07-06,3762130.429878995,4019434.659599,7781565.089477994,3216.804,3119.0056750000003,3408.00444,0.6,7781565.089477994,4668939.053686796,3112626.035791198
2016-07-07,3762130.429878995,4024547.355716,7786677.785594994,3209.954,3117.7422666666666,3402.9522640000005,0.6,7786677.785594994,4672006.6713569965,3114671.1142379977
2016-07-08,3762130.429878995,3981286.504099,7743416.933977995,3192.28,3117.74085,3398.7093,0.6,7743416.933977995,4646050.160386797,3097366.773591198
2016-07-11,3762130.429878995,3963800.180147999,7725930.610026994,3203.33,3117.6376833333334,3395.090636,0.6,7725930.610026994,4635558.366016196,3090372.2440107977
2016-07-12,3762130.429878995,3975821.796729,7737952.226607995,3273.182,3118.6152083333336,3392.639696,0.6,7737952.226607995,4642771.335964797,3095180.890643198
2016-07-13,3762130.429878995,3994288.860176,7756419.290054996,3282.868,3119.126016666667,3389.77702,0.6,7756419.290054996,4653851.574032997,3102567.716021999
2016-07-14,3762130.429878995,3994864.703472001,7756995.133350995,3276.764,3120.442966666667,3387.1720640000003,0.6,7756995.133350995,4654197.080010597,3102798.0533403987
2016-07-15,3762130.429878995,3974842.1275400016,7736972.557418996,3276.278,3121.6558749999995,3385.625024,0.6,7736972.557418996,4642183.534451397,3094789.0229675984
2016-07-18,3762130.429878995,3938341.901105999,7700472.330984994,3262.022,3121.9800166666664,3383.082608,0.6,7700472.330984994,4620283.398590996,3080188.932393998
2016-07-19,3762130.429878995,3953580.8796240008,7715711.309502996,3248.234,3122.595483333333,3379.6493200000004,0.6,7715711.309502996,4629426.785701797,3086284.523801198
2016-07-20,3762130.429878995,3963840.468733,7725970.898611994,3237.605,3123.89765,3375.752492,0.6,7725970.898611994,4635582.5391671965,3090388.359444798
2016-07-21,3762130.429878995,3941772.903130999,7703903.333009994,3252.523,3125.0564833333333,3372.313988,0.6,7703903.333009994,4622341.999805996,3081561.3332039975
2016-07-22,3762130.429878995,3903967.895834001,7666098.325712996,3225.162,3125.8587833333336,3369.3475999999996,0.6,7666098.325712996,4599658.995427798,3066439.330285198
2016-07-25,3762130.429878995,3898689.103314999,7660819.533193993,3230.885,3128.2785833333332,3366.281716,0.6,7660819.533193993,4596491.719916396,3064327.8132775975
2016-07-26,3762130.429878995,3941307.679432999,7703438.109311994,3269.588,3131.10555,3362.7540839999997,0.6,7703438.109311994,4622062.865587196,3081375.243724798
2016-07-27,3762130.429878995,3779209.703365,7541340.133243995,3218.243,3134.142941666667,3358.984608,0.6,7541340.133243995,4524804.079946397,3016536.053297598
2016-07-28,3762130.429878995,3758583.749251,7520714.179129995,3221.137,3136.435,3355.2051319999996,0.6,7520714.179129995,4512428.507477997,3008285.6716519985
2016-07-29,3762130.429878995,3726970.33322,7489100.763098994,3203.93,3138.9590166666667,3351.3922119999997,0.6,7489100.763098994,4493460.457859396,2995640.3052395983
2016-08-01,3762130.429878995,3669466.704702,7431597.134580995,3176.809,3140.754641666667,3347.0962280000003,0.6,7431597.134580995,4458958.280748596,2972638.8538323985
2016-08-02,1692901.2244335175,5800185.286841,7493086.511274518,3189.053,3142.758091666666,3343.147324,0.6,7493086.511274518,4495851.906764711,2997234.604509807
2016-08-03,1692901.2244335175,5786567.017942999,7479468.242376516,3193.507,3144.49765,3340.646428,0.6,7479468.242376516,4487680.945425909,2991787.2969506066
2016-08-04,1692901.2244335175,5832719.740686001,7525620.965119518,3201.289,3146.4768166666668,3338.207212,0.6,7525620.965119518,4515372.579071711,3010248.3860478075
2016-08-05,1692901.2244335175,5791381.386843999,7484282.611277517,3205.11,3148.630175,3335.3061360000006,0.6,7484282.611277517,4490569.56676651,2993713.044511007
2016-08-08,1692901.2244335175,5861064.588196999,7553965.812630517,3234.183,3150.273075,3332.98122,0.6,7553965.812630517,4532379.48757831,3021586.3250522073
2016-08-09,1692901.2244335175,5913166.996064001,7606068.220497519,3256.981,3151.886916666667,3330.742348,0.6,7606068.220497519,4563640.932298511,3042427.2881990075
2016-08-10,1692901.2244335175,5918386.219812998,7611287.444246516,3243.341,3153.4672666666665,3328.3987720000005,0.6,7611287.444246516,4566772.466547909,3044514.9776986064
2016-08-11,1692901.2244335175,5792791.484125999,7485692.708559517,3233.36,3154.982058333333,3325.539592,0.6,7485692.708559517,4491415.6251357095,2994277.0834238073
2016-08-12,1692901.2244335175,5843765.528953,7536666.753386518,3294.234,3156.443441666667,3323.248928,0.6,7536666.753386518,4522000.052031911,3014666.701354607
2016-08-15,1692901.2244335175,5948234.908163999,7641136.132597517,3393.424,3158.977283333333,3321.495216,1.0,7641136.132597517,7641136.132597517,0.0
2016-08-16,1692901.2244335175,6014060.387274,7706961.611707518,3378.245,3161.21645,3319.3804159999995,1.0,7706961.611707518,7706961.611707518,0.0
2016-08-17,1692901.2244335175,6022090.365697,7714991.590130517,3373.048,3165.002266666667,3316.535148,1.0,7714991.590130517,7714991.590130517,0.0
2016-08-18,1692901.2244335175,6005839.160938999,7698740.385372516,3364.485,3168.4727166666667,3313.726412,1.0,7698740.385372516,7698740.385372516,0.0
2016-08-19,1692901.2244335175,6023816.582289001,7716717.806722518,3365.02,3172.5356583333332,3311.1219880000003,1.0,7716717.806722518,7716717.806722518,0.0
2016-08-22,1692901.2244335175,5960414.944372,7653316.168805517,3336.795,3175.9198333333334,3308.167316,1.0,7653316.168805517,7653316.168805517,0.0
2016-08-23,1692901.2244335175,5953067.0809,7645968.305333517,3341.83,3178.3406416666667,3305.2404760000004,1.0,7645968.305333517,7645968.305333517,0.0
2016-08-24,1692901.2244335175,5957955.159185999,7650856.383619517,3329.863,3180.60265,3302.2484400000003,1.0,7650856.383619517,7650856.383619517,0.0
2016-08-25,1692901.2244335175,5893143.992799999,7586045.217233516,3308.972,3182.395,3300.1826800000003,1.0,7586045.217233516,7586045.217233516,0.0
2016-08-26,1692901.2244335175,5948065.851000003,7640967.075433521,3307.09,3184.080416666666,3297.8664959999996,1.0,7640967.075433521,7640967.075433521,0.0
2016-08-29,1692901.2244335175,5940723.871034,7633625.095467517,3307.781,3185.747983333333,3296.051804,1.0,7633625.095467517,7633625.095467517,0.0
2016-08-30,1692901.2244335175,5954499.390641999,7647400.615075516,3311.987,3187.74865,3294.941608,1.0,7647400.615075516,7647400.615075516,0.0
2016-08-31,1692901.2244335175,5983288.208682999,7676189.433116516,3327.794,3190.370716666667,3295.150648,1.0,7676189.433116516,7676189.433116516,0.0
2016-09-01,1692901.2244335175,5965585.737524001,7658486.961957518,3301.577,3192.7314916666664,3296.1852480000002,1.0,7658486.961957518,7658486.961957518,0.0
2016-09-02,1692901.2244335175,5915545.715548002,7608446.93998152,3314.114,3194.8016916666666,3297.338936,1.0,7608446.93998152,7608446.93998152,0.0
2016-09-05,1692901.2244335175,5935481.902760998,7628383.127194516,3319.68,3196.842525,3297.7951040000003,1.0,7628383.127194516,7628383.127194516,0.0
2016-09-06,1692901.2244335175,6072532.117979001,7765433.342412518,3342.626,3198.9474666666665,3297.796464,1.0,7765433.342412518,7765433.342412518,0.0
2016-09-07,1692901.2244335175,6045978.738376999,7738879.962810516,3340.817,3200.752575,3297.693588,1.0,7738879.962810516,7738879.962810516,0.0
2016-09-08,1692901.2244335175,6052765.093059,7745666.317492517,3339.564,3202.14925,3297.603512,1.0,7745666.317492517,7745666.317492517,0.0
2016-09-09,1692901.2244335175,6072728.249714002,7765629.474147519,3318.044,3202.7209749999997,3297.4123600000003,1.0,7765629.474147519,7765629.474147519,0.0
2016-09-12,1692901.2244335175,5910944.316148,7603845.540581517,3262.604,3203.027758333333,3297.4608359999997,0.6,7603845.540581517,4562307.32434891,3041538.216232607
2016-09-13,1692901.2244335175,5933004.840578998,7625906.065012516,3260.333,3203.2297666666664,3297.166076,0.6,7625906.065012516,4575543.63900751,3050362.426005007
2016-09-14,1692901.2244335175,5886944.253649,7579845.478082517,3238.73,3203.7037583333336,3296.523776,0.6,7579845.478082517,4547907.28684951,3031938.1912330072
2016-09-19,1692901.2244335175,5933954.415309,7626855.639742518,3263.124,3204.247983333333,3296.146028,0.6,7626855.639742518,4576113.383845511,3050742.255897007
2016-09-20,1692901.2244335175,5932426.877383,7625328.101816518,3257.403,3204.978608333333,3295.786888,0.6,7625328.101816518,4575196.86108991,3050131.240726608
2016-09-21,1692901.2244335175,5934215.561271001,7627116.785704518,3266.636,3206.0721583333334,3295.728904,0.6,7627116.785704518,4576270.07142271,3050846.7142818077
2016-09-22,1692901.2244335175,5945602.220695999,7638503.445129517,3291.121,3206.6958749999994,3296.28446,0.6,7638503.445129517,4583102.067077709,3055401.378051807
2016-09-23,1692901.2244335175,5893535.277141,7586436.501574518,3275.667,3207.1757,3296.150136,0.6,7586436.501574518,4551861.900944711,3034574.6006298074
2016-09-26,1692901.2244335175,5734009.660929,7426910.885362517,3220.284,3207.162275,3296.0832760000003,0.6,7426910.885362517,4456146.53121751,2970764.354145007
2016-09-27,1692901.2244335175,5812342.458076001,7505243.682509519,3240.755,3206.9645166666664,3296.041204,0.6,7505243.682509519,4503146.209505712,3002097.4730038075
2016-09-28,1692901.2244335175,5809029.139384,7501930.363817517,3230.89,3206.742533333333,3295.731776,0.6,7501930.363817517,4501158.21829051,3000772.145527007
2016-09-29,1692901.2244335175,5800977.251829,7493878.476262517,3244.387,3207.0350083333333,3295.3532040000005,0.6,7493878.476262517,4496327.08575751,2997551.3905050075
2016-09-30,1692901.2244335175,5834987.726578002,7527888.95101152,3253.285,3207.598,3295.3142319999997,0.6,7527888.95101152,4516733.370606911,3011155.5804046085
2016-10-10,1692901.2244335175,5963111.083601001,7656012.308034519,3293.869,3208.1294416666665,3295.349712,0.6,7656012.308034519,4593607.384820711,3062404.923213808
2016-10-11,1692901.2244335175,6005939.314585001,7698840.539018519,3306.557,3208.8636666666666,3295.6481360000002,1.0,7698840.539018519,7698840.539018519,0.0
2016-10-12,1692901.2244335175,5986266.847617001,7679168.072050519,3300.01,3209.185558333333,3295.877168,1.0,7679168.072050519,7679168.072050519,0.0
2016-10-13,1692901.2244335175,5968875.972176,7661777.196609518,3302.646,3209.4090083333335,3296.372336,1.0,7661777.196609518,7661777.196609518,0.0
2016-10-14,1692901.2244335175,5962489.420183003,7655390.64461652,3305.848,3209.6893666666665,3296.7839360000003,1.0,7655390.64461652,7655390.64461652,0.0
2016-10-17,1692901.2244335175,5906547.867975,7599449.092408517,3277.879,3210.10125,3296.709524,0.6,7599449.092408517,4559669.45544511,3039779.6369634075
2016-10-18,1692901.2244335175,6028071.548901,7720972.773334518,3321.332,3210.7931583333334,3296.6343880000004,1.0,7720972.773334518,7720972.773334518,0.0
2016-10-19,1692901.2244335175,6033298.330365999,7726199.554799516,3316.241,3211.91995,3296.10858,1.0,7726199.554799516,7726199.554799516,0.0
2016-10-20,1692901.2244335175,6063841.380841,7756742.605274517,3318.604,3213.2366249999995,3295.602824,1.0,7756742.605274517,7756742.605274517,0.0
2016-10-21,1692901.2244335175,6004770.753371,7697671.977804517,3327.74,3214.5102833333335,3295.2893360000003,1.0,7697671.977804517,7697671.977804517,0.0
2016-10-24,1692901.2244335175,6034911.424774002,7727812.649207519,3367.578,3216.2231583333337,3294.812388,1.0,7727812.649207519,7727812.649207519,0.0
2016-10-25,1692901.2244335175,6110193.539192,7803094.763625517,3367.455,3217.792275,3294.1459480000003,1.0,7803094.763625517,7803094.763625517,0.0
2016-10-26,1692901.2244335175,6128633.330805001,7821534.555238519,3354.8,3219.366308333333,3293.4284199999997,1.0,7821534.555238519,7821534.555238519,0.0
2016-10-27,1692901.2244335175,6141254.071233,7834155.295666518,3345.695,3220.9089250000006,3292.5003880000004,1.0,7834155.295666518,7834155.295666518,0.0
2016-10-28,1692901.2244335175,6123493.230201001,7816394.454634519,3340.126,3222.4371,3291.9678759999997,1.0,7816394.454634519,7816394.454634519,0.0
2016-10-31,1692901.2244335175,6084258.957096999,7777160.181530517,3336.278,3223.4599166666667,3291.214852,1.0,7777160.181530517,7777160.181530517,0.0
2016-11-01,1345473.299679699,6587497.788713,7932971.088392699,3359.052,3224.706508333333,3290.3660959999997,1.0,7932971.088392699,7932971.088392699,0.0
2016-11-02,1345473.299679699,6597962.106962998,7943435.406642698,3333.352,3225.701775,3289.34246,1.0,7943435.406642698,7943435.406642698,0.0
2016-11-03,1345473.299679699,6644668.470310999,7990141.7699906975,3365.085,3227.657866666667,3288.431284,1.0,7990141.7699906975,7990141.7699906975,0.0
2016-11-04,1345473.299679699,6623540.310520002,7969013.610199701,3354.175,3230.0625333333332,3287.748304,1.0,7969013.610199701,7969013.610199701,0.0
2016-11-07,1345473.299679699,6608163.886032996,7953637.185712695,3356.592,3232.4582,3287.0414439999995,1.0,7953637.185712695,7953637.185712695,0.0
2016-11-08,1345473.299679699,6633525.588419999,7978998.888099698,3371.118,3234.860775,3286.3895999999995,1.0,7978998.888099698,7978998.888099698,0.0
2016-11-09,1345473.299679699,6630411.320811999,7975884.620491698,3353.055,3237.0517583333335,3285.897972,1.0,7975884.620491698,7975884.620491698,0.0
2016-11-10,1345473.299679699,6742866.121712001,8088339.421391699,3390.612,3239.6823999999997,3285.5984479999997,1.0,8088339.421391699,8088339.421391699,0.0
2016-11-11,1345473.299679699,6718189.032119002,8063662.331798701,3417.221,3242.365,3284.75318,1.0,8063662.331798701,8063662.331798701,0.0
2016-11-14,1345473.299679699,6731057.135299,8076530.434978699,3430.248,3245.2335250000006,3283.650292,1.0,8076530.434978699,8076530.434978699,0.0
2016-11-15,1345473.299679699,6751577.951016998,8097051.250696696,3429.87,3248.2488083333333,3282.196276,1.0,8097051.250696696,8097051.250696696,0.0
2016-11-16,1345473.299679699,6710326.430022,8055799.7297017,3429.592,3251.3079083333337,3280.553224,1.0,8055799.7297017,8055799.7297017,0.0
2016-11-17,1345473.299679699,6679395.446159003,8024868.745838702,3436.535,3254.2938833333333,3278.966412,1.0,8024868.745838702,8024868.745838702,0.0
2016-11-18,1345473.299679699,6688333.260414998,8033806.560094697,3417.455,3257.0458166666667,3277.3016479999997,1.0,8033806.560094697,8033806.560094697,0.0
2016-11-21,1345473.299679699,6752965.115047999,8098438.414727697,3441.111,3260.192108333333,3275.8847960000003,1.0,8098438.414727697,8098438.414727697,0.0
2016-11-22,1345473.299679699,6845137.380139002,8190610.679818701,3468.364,3263.6015916666665,3274.773284,1.0,8190610.679818701,8190610.679818701,0.0
2016-11-23,1345473.299679699,6805043.634653002,8150516.9343327,3474.729,3267.022575,3273.615696,1.0,8150516.9343327,8150516.9343327,0.0
2016-11-24,1345473.299679699,6756580.780975002,8102054.080654701,3488.74,3270.5745833333335,3272.537108,1.0,8102054.080654701,8102054.080654701,0.0
2016-11-25,1345473.299679699,6737843.362906,8083316.662585698,3521.298,3274.3628166666667,3271.75998,1.0,8083316.662585698,8083316.662585698,0.0
2016-11-28,1345473.299679699,6733983.457319996,8079456.756999696,3535.081,3277.408825,3270.8004280000005,1.0,8079456.756999696,8079456.756999696,0.0
2016-11-29,1345473.299679699,6637776.894185999,7983250.193865698,3564.04,3280.771266666667,3269.9590559999997,1.0,7983250.193865698,7983250.193865698,0.0
2016-11-30,1345473.299679699,6600792.2575090015,7946265.557188701,3538.001,3283.8621083333337,3269.09772,1.0,7946265.557188701,7946265.557188701,0.0
2016-12-01,1345473.299679699,6679238.725643001,8024712.0253227,3565.036,3286.993025,3268.342308,1.0,8024712.0253227,8024712.0253227,0.0
2016-12-02,1345473.299679699,6562700.844110002,7908174.143789701,3528.955,3289.9110833333334,3267.3317,1.0,7908174.143789701,7908174.143789701,0.0
2016-12-05,1345473.299679699,6570670.898316998,7916144.197996696,3469.407,3292.3473583333334,3266.171612,1.0,7916144.197996696,7916144.197996696,0.0
2016-12-06,1345473.299679699,6641506.740944,7986980.040623698,3459.153,3294.807083333333,3265.780256,1.0,7986980.040623698,7986980.040623698,0.0
2016-12-07,1345473.299679699,6703468.532278004,8048941.831957703,3475.747,3298.2188,3265.417596,1.0,8048941.831957703,8048941.831957703,0.0
2016-12-08,1345473.299679699,6626838.348945999,7972311.648625698,3470.143,3301.503466666667,3264.931384,1.0,7972311.648625698,7972311.648625698,0.0
2016-12-09,1345473.299679699,6655419.603466,8000892.903145699,3493.7,3304.6479000000004,3264.0183639999996,1.0,8000892.903145699,8000892.903145699,0.0
2016-12-12,1345473.299679699,6304232.420854999,7649705.720534697,3409.179,3307.268766666667,3262.6578839999997,1.0,7649705.720534697,7649705.720534697,0.0
2016-12-13,1345473.299679699,6334844.857833001,7680318.1575127,3405.036,3309.724425,3261.56766,1.0,7680318.1575127,7680318.1575127,0.0
2016-12-14,1345473.299679699,6271300.425329001,7616773.7250087,3378.945,3311.94335,3260.333012,1.0,7616773.7250087,7616773.7250087,0.0
2016-12-15,1345473.299679699,6321197.779347,7666671.079026699,3340.434,3313.8943166666663,3259.202668,1.0,7666671.079026699,7666671.079026699,0.0
2016-12-16,1345473.299679699,6435312.003228999,7780785.302908698,3346.031,3315.661566666667,3258.04304,1.0,7780785.302908698,7780785.302908698,0.0
2016-12-19,1345473.299679699,6424881.011898001,7770354.3115777,3328.983,3317.42545,3256.8666359999997,1.0,7770354.3115777,7770354.3115777,0.0
2016-12-20,1345473.299679699,6434688.493261,7780161.792940699,3309.064,3319.358025,3255.670656,0.3,7780161.792940699,2334048.5378822093,5446113.25505849
2016-12-21,1345473.299679699,6482394.248519001,7827867.5481987,3338.536,3321.174625,3254.179512,1.0,7827867.5481987,7827867.5481987,0.0
2016-12-22,1345473.299679699,6446457.493278995,7791930.792958694,3335.672,3322.835216666667,3252.744644,1.0,7791930.792958694,7791930.792958694,0.0
2016-12-23,1345473.299679699,6403793.584272998,7749266.883952698,3307.599,3324.1369583333335,3251.23328,0.3,7749266.883952698,2324780.065185809,5424486.818766888
2016-12-26,1345473.299679699,6445321.538414001,7790794.8380937,3322.401,3325.5409583333335,3249.499332,0.3,7790794.8380937,2337238.45142811,5453556.38666559
2016-12-27,1345473.299679699,6451184.438309,7796657.737988699,3316.385,3326.8925000000004,3247.6932199999997,0.3,7796657.737988699,2338997.32139661,5457660.416592089
2016-12-28,1345473.299679699,6367370.507133001,7712843.8068127,3301.889,3327.702441666667,3245.436916,0.3,7712843.8068127,2313853.14204381,5398990.66476889
2016-12-29,1345473.299679699,6311996.6891830005,7657469.988862699,3297.765,3328.455625,3243.121044,0.3,7657469.988862699,2297240.9966588095,5360228.992203889
2016-12-30,1345473.299679699,6320445.044683,7665918.344362698,3310.081,3329.232933333333,3240.895844,0.3,7665918.344362698,2299775.5033088094,5366142.841053888
2017-01-03,1345473.299679699,6398899.684756,7744372.984435698,3342.227,3330.3352083333334,3238.947144,1.0,7744372.984435698,7744372.984435698,0.0
2017-01-04,1345473.299679699,6526392.347038,7871865.646717699,3368.312,3331.8021416666666,3237.067588,1.0,7871865.646717699,7871865.646717699,0.0
2017-01-05,1345473.299679699,6543262.038994,7888735.3386737,3367.789,3333.1726333333336,3235.628216,1.0,7888735.3386737,7888735.3386737,0.0
2017-01-06,1345473.299679699,6508804.518848998,7854277.818528697,3347.667,3333.7933416666665,3233.9713839999995,1.0,7854277.818528697,7854277.818528697,0.0
2017-01-09,1345473.299679699,6502206.815028998,7847680.114708697,3363.901,3334.4686166666665,3232.366288,1.0,7847680.114708697,7847680.114708697,0.0
2017-01-10,1345473.299679699,6474261.445099,7819734.744778698,3358.272,3335.1478500000003,3230.875356,1.0,7819734.744778698,7819734.744778698,0.0
2017-01-11,1345473.299679699,6384876.277855001,7730349.5775347,3334.495,3335.632991666667,3230.3370720000003,0.3,7730349.5775347,2319104.87326041,5411244.704274289
2017-01-12,1345473.299679699,6332133.771331,7677607.0710106995,3317.624,3336.096341666667,3229.692448,0.3,7677607.0710106995,2303282.1213032096,5374324.949707489
2017-01-13,1345473.299679699,6236265.403661001,7581738.7033407,3319.912,3336.693658333333,3228.812864,0.3,7581738.7033407,2274521.61100221,5307217.092338489
2017-01-16,1345473.299679699,5948071.032401001,7293544.3320806995,3319.446,3337.3756666666663,3228.9131119999997,0.3,7293544.3320806995,2188063.2996242098,5105481.032456489
2017-01-17,1345473.299679699,6051533.067583998,7397006.367263697,3326.356,3337.9909416666665,3228.772284,0.3,7397006.367263697,2219101.910179109,5177904.457084589
2017-01-18,1345473.299679699,6032586.1003720015,7378059.4000517,3339.365,3338.942633333333,3229.3599440000003,1.0,7378059.4000517,7378059.4000517,0.0
2017-01-19,1345473.299679699,5985077.698454,7330550.998133698,3329.289,3339.7626666666665,3229.8142599999996,0.3,7330550.998133698,2199165.299440109,5131385.698693588
2017-01-20,1345473.299679699,6075329.354246002,7420802.6539257,3354.889,3340.4735083333335,3230.6103,1.0,7420802.6539257,7420802.6539257,0.0
2017-01-23,1345473.299679699,6150538.361456,7496011.6611357,3364.081,3341.6888249999997,3231.18034,1.0,7496011.6611357,7496011.6611357,0.0
2017-01-24,1345473.299679699,6123617.139007003,7469090.438686702,3364.451,3342.8831083333334,3232.163224,1.0,7469090.438686702,7469090.438686702,0.0
2017-01-25,1345473.299679699,6123663.247503003,7469136.547182701,3375.904,3344.316225,3233.143924,1.0,7469136.547182701,7469136.547182701,0.0
2017-01-26,1345473.299679699,6170782.064175,7516255.363854699,3387.961,3346.075825,3233.8032679999997,1.0,7516255.363854699,7516255.363854699,0.0
2017-02-03,1345473.299679699,6123830.696953002,7469303.996632701,3364.492,3347.5378166666665,3234.563724,1.0,7469303.996632701,7469303.996632701,0.0
2017-02-06,285215.92891326314,7280462.781728999,7565678.710642261,3373.205,3349.0353,3235.731164,1.0,7565678.710642261,7565678.710642261,0.0
2017-02-07,285215.92891326314,7320522.367797,7605738.296710264,3365.685,3350.4052666666666,3236.740052,1.0,7605738.296710264,7605738.296710264,0.0
2017-02-08,285215.92891326314,7370328.295410998,7655544.224324262,3383.288,3351.890083333333,3237.75766,1.0,7655544.224324262,7655544.224324262,0.0
2017-02-09,285215.92891326314,7444767.021506002,7729982.950419266,3396.292,3353.2409916666666,3239.5807919999997,1.0,7729982.950419266,7729982.950419266,0.0
2017-02-10,285215.92891326314,7420725.167552001,7705941.096465263,3413.487,3354.545208333334,3241.513332,1.0,7705941.096465263,7705941.096465263,0.0
2017-02-13,285215.92891326314,7441385.836203001,7726601.765116265,3436.275,3356.152991666667,3243.8434079999997,1.0,7726601.765116265,7726601.765116265,0.0
2017-02-14,285215.92891326314,7428982.190360002,7714198.119273266,3435.804,3357.840025,3245.802264,1.0,7714198.119273266,7714198.119273266,0.0
2017-02-15,285215.92891326314,7321480.529074,7606696.457987264,3421.713,3358.90235,3247.884924,1.0,7606696.457987264,7606696.457987264,0.0
2017-02-16,285215.92891326314,7375795.001777003,7661010.930690266,3440.933,3359.2982583333337,3249.80332,1.0,7661010.930690266,7661010.930690266,0.0
2017-02-17,285215.92891326314,7294127.550438999,7579343.479352262,3421.442,3359.6582333333336,3251.694532,1.0,7579343.479352262,7579343.479352262,0.0
2017-02-20,285215.92891326314,7311139.875608999,7596355.804522263,3471.393,3360.4777750000003,3253.6410640000004,1.0,7596355.804522263,7596355.804522263,0.0
2017-02-21,285215.92891326314,7384433.449984999,7669649.378898263,3482.823,3361.4639249999996,3255.7172,1.0,7669649.378898263,7669649.378898263,0.0
2017-02-22,285215.92891326314,7419915.860426004,7705131.789339267,3489.757,3362.5034,3257.8894,1.0,7705131.789339267,7705131.789339267,0.0
2017-02-23,285215.92891326314,7398480.813235003,7683696.742148265,3473.324,3363.6411416666665,3259.634556,1.0,7683696.742148265,7683696.742148265,0.0
2017-02-24,285215.92891326314,7438477.727013,7723693.655926263,3473.852,3364.7413250000004,3261.276684,1.0,7723693.655926263,7723693.655926263,0.0
2017-02-27,285215.92891326314,7429989.299783999,7715205.228697263,3446.223,3365.710991666667,3262.84678,1.0,7715205.228697263,7715205.228697263,0.0
2017-02-28,285215.92891326314,7467789.948951001,7753005.877864264,3452.81,3366.9096416666666,3264.45168,1.0,7753005.877864264,7753005.877864264,0.0
2017-03-01,285215.92891326314,7505515.953073,7790731.881986262,3458.438,3368.1708750000003,3265.80996,1.0,7790731.881986262,7790731.881986262,0.0
2017-03-02,285215.92891326314,7500825.068369001,7786040.997282265,3435.096,3369.2318333333333,3267.192892,1.0,7786040.997282265,7786040.997282265,0.0
2017-03-03,285215.92891326314,7508913.478800002,7794129.407713266,3427.863,3370.1974666666665,3268.466164,1.0,7794129.407713266,7794129.407713266,0.0
2017-03-06,285215.92891326314,7562996.269588002,7848212.198501265,3446.484,3371.18655,3270.5770999999995,1.0,7848212.198501265,7848212.198501265,0.0
2017-03-07,285215.92891326314,7534346.683467003,7819562.612380266,3453.957,3372.456383333333,3272.600804,1.0,7819562.612380266,7819562.612380266,0.0
2017-03-08,285215.92891326314,7520303.691443001,7805519.620356264,3448.731,3373.5781916666665,3274.8858600000003,1.0,7805519.620356264,7805519.620356264,0.0
2017-03-09,285215.92891326314,7483063.221910999,7768279.150824262,3426.944,3374.4720583333333,3276.8708600000004,1.0,7768279.150824262,7768279.150824262,0.0
2017-03-10,285215.92891326314,7549436.881434998,7834652.810348261,3427.892,3375.1826083333335,3278.377096,1.0,7834652.810348261,7834652.810348261,0.0
2017-03-13,285215.92891326314,7619223.867952001,7904439.796865264,3458.098,3376.1599499999998,3279.9758,1.0,7904439.796865264,7904439.796865264,0.0
2017-03-14,285215.92891326314,7583088.045813001,7868303.974726263,3456.693,3377.1360250000002,3281.427012,1.0,7868303.974726263,7868303.974726263,0.0
2017-03-15,285215.92891326314,7531694.122574002,7816910.051487265,3463.644,3378.349358333333,3282.862228,1.0,7816910.051487265,7816910.051487265,0.0
2017-03-16,285215.92891326314,7626141.342373999,7911357.271287262,3481.507,3380.17355,3284.357564,1.0,7911357.271287262,7911357.271287262,0.0
2017-03-17,285215.92891326314,7584453.401972,7869669.330885263,3445.805,3381.71915,3285.853156,1.0,7869669.330885263,7869669.330885263,0.0
2017-03-20,285215.92891326314,7596161.232426002,7881377.161339264,3449.613,3383.4765083333336,3287.599024,1.0,7881377.161339264,7881377.161339264,0.0
2017-03-21,285215.92891326314,7600653.897775001,7885869.826688264,3466.347,3385.1700333333333,3289.3912760000003,1.0,7885869.826688264,7885869.826688264,0.0
2017-03-22,285215.92891326314,7583925.195202,7869141.124115264,3450.05,3386.7754250000003,3290.928716,1.0,7869141.124115264,7869141.124115264,0.0
2017-03-23,285215.92891326314,7605987.750049001,7891203.678962264,3461.978,3388.403275,3292.477508,1.0,7891203.678962264,7891203.678962264,0.0
2017-03-24,285215.92891326314,7611268.215492001,7896484.144405264,3489.6,3390.057266666667,3294.075776,1.0,7896484.144405264,7896484.144405264,0.0
2017-03-27,285215.92891326314,7568320.449601002,7853536.378514266,3478.039,3391.7437,3295.491116,1.0,7853536.378514266,7853536.378514266,0.0
2017-03-28,285215.92891326314,7548758.392554002,7833974.3214672655,3469.809,3393.8230750000002,3296.6825,1.0,7833974.3214672655,7833974.3214672655,0.0
2017-03-29,285215.92891326314,7491446.648096999,7776662.577010263,3465.193,3395.6933916666667,3297.5455239999997,1.0,7776662.577010263,7776662.577010263,0.0
2017-03-30,285215.92891326314,7285664.49456,7570880.423473263,3436.758,3397.4089583333334,3298.389396,1.0,7570880.423473263,7570880.423473263,0.0
2017-03-31,285215.92891326314,7292275.594544,7577491.523457263,3456.046,3399.1727833333334,3299.2692119999997,1.0,7577491.523457263,7577491.523457263,0.0
2017-04-05,285215.92891326314,7437724.709352002,7722940.638265265,3503.893,3401.2611833333335,3300.5573799999997,1.0,7722940.638265265,7722940.638265265,0.0
2017-04-06,285215.92891326314,7438841.224365004,7724057.153278267,3514.047,3403.0959999999995,3301.8223000000003,1.0,7724057.153278267,7724057.153278267,0.0
2017-04-07,285215.92891326314,7441732.790213998,7726948.719127262,3517.463,3404.8535500000003,3303.21324,1.0,7726948.719127262,7726948.719127262,0.0
2017-04-10,285215.92891326314,7377780.561945001,7662996.490858264,3505.139,3406.5629583333334,3304.692156,1.0,7662996.490858264,7662996.490858264,0.0
2017-04-11,285215.92891326314,7409819.423960999,7695035.352874262,3517.328,3408.3519749999996,3305.8963679999997,1.0,7695035.352874262,7695035.352874262,0.0
2017-04-12,285215.92891326314,7308947.143858996,7594163.072772259,3509.439,3410.0485666666664,3307.061772,1.0,7594163.072772259,7594163.072772259,0.0
2017-04-13,285215.92891326314,7318957.286845004,7604173.215758268,3514.566,3412.020958333333,3308.2324559999997,1.0,7604173.215758268,7604173.215758268,0.0
2017-04-14,285215.92891326314,7171176.561314001,7456392.490227263,3486.505,3413.3974,3309.120532,1.0,7456392.490227263,7456392.490227263,0.0
2017-04-17,285215.92891326314,7053735.378917002,7338951.307830265,3479.942,3414.761575,3310.010188,1.0,7338951.307830265,7338951.307830265,0.0
2017-04-18,285215.92891326314,6960464.638757002,7245680.567670265,3462.743,3415.9627333333333,3311.024,1.0,7245680.567670265,7245680.567670265,0.0
2017-04-19,285215.92891326314,6838530.705318,7123746.634231264,3445.876,3416.9472000000005,3312.0646,1.0,7123746.634231264,7123746.634231264,0.0
2017-04-20,285215.92891326314,6789938.983708,7075154.912621263,3461.548,3417.730283333333,3312.990408,1.0,7075154.912621263,7075154.912621263,0.0
2017-04-21,285215.92891326314,6783382.753154003,7068598.682067266,3466.787,3418.55805,3313.983756,1.0,7068598.682067266,7068598.682067266,0.0
2017-04-24,285215.92891326314,6525731.438690002,6810947.367603265,3431.259,3419.195208333333,3314.6632600000003,1.0,6810947.367603265,6810947.367603265,0.0
2017-04-25,285215.92891326314,6533312.592012999,6818528.520926261,3440.974,3419.9891999999995,3315.323828,1.0,6818528.520926261,6818528.520926261,0.0
2017-04-26,285215.92891326314,6557952.323403002,6843168.252316264,3445.183,3420.864675,3316.0157400000003,1.0,6843168.252316264,6843168.252316264,0.0
2017-04-27,285215.92891326314,6601547.775713999,6886763.704627262,3446.72,3421.7850249999997,3316.8888079999997,1.0,6886763.704627262,6886763.704627262,0.0
2017-04-28,285215.92891326314,6671275.720448,6956491.649361264,3439.753,3422.4575333333337,3317.694608,1.0,6956491.649361264,6956491.649361264,0.0
2017-05-02,285215.92891326314,6678043.340700002,6963259.269613266,3426.577,3423.2344083333332,3318.6768119999997,1.0,6963259.269613266,6963259.269613266,0.0
2017-05-03,1312028.7853601675,5664328.906319001,6976357.6916791685,3413.128,3423.6347666666666,3319.686912,0.3,6976357.6916791685,2092907.3075037505,4883450.384175418
2017-05-04,1312028.7853601675,5659033.418996998,6971062.204357166,3404.386,3424.053191666667,3320.604852,0.3,6971062.204357166,2091318.6613071496,4879743.543050016
2017-05-05,1312028.7853601675,5555938.996964999,6867967.782325166,3382.55,3424.2695083333333,3321.48692,0.3,6867967.782325166,2060390.3346975497,4807577.447627617
2017-05-08,1312028.7853601675,5391771.0199850015,6703799.805345169,3358.813,3424.166966666666,3322.205528,0.3,6703799.805345169,2011139.9416035507,4692659.863741619
2017-05-09,1312028.7853601675,5444064.623580001,6756093.408940169,3352.532,3424.162608333333,3322.9519920000002,0.3,6756093.408940169,2026828.0226820507,4729265.386258118
2017-05-10,1312028.7853601675,5336335.69501,6648364.480370168,3337.701,3423.7216833333337,3323.660472,0.3,6648364.480370168,1994509.3441110502,4653855.136259117
2017-05-11,1312028.7853601675,5330193.846404999,6642222.631765166,3356.646,3423.2168916666665,3324.460076,0.3,6642222.631765166,1992666.78952955,4649555.842235616
2017-05-12,1312028.7853601675,5329495.106785003,6641523.892145171,3385.379,3422.8429833333334,3325.147432,0.3,6641523.892145171,1992457.1676435512,4649066.724501619
2017-05-15,1312028.7853601675,5339932.835636,6651961.620996168,3399.194,3422.58735,3325.906364,0.3,6651961.620996168,1995588.4862988503,4656373.134697318
2017-05-16,1312028.7853601675,5455425.321794,6767454.107154167,3428.649,3422.5794916666664,3326.7652799999996,1.0,6767454.107154167,6767454.107154167,0.0
2017-05-17,1312028.7853601675,5466794.448903001,6778823.234263169,3409.966,3422.3580833333335,3327.883728,0.3,6778823.234263169,2033646.9702789504,4745176.263984218
2017-05-18,1312028.7853601675,5407935.339605999,6719964.124966167,3398.113,3422.1969,3329.2137199999997,0.3,6719964.124966167,2015989.23748985,4703974.887476317
2017-05-19,1312028.7853601675,5387260.009407001,6699288.794767168,3403.849,3421.8863833333335,3330.5526680000003,0.3,6699288.794767168,2009786.6384301505,4689502.156337018
2017-05-22,1312028.7853601675,5293911.684198998,6605940.469559166,3411.239,3421.410341666667,3331.866388,0.3,6605940.469559166,1981782.1408677497,4624158.3286914155
2017-05-23,1312028.7853601675,5095964.202935002,6407992.98829517,3424.194,3420.989216666667,3333.202616,1.0,6407992.98829517,6407992.98829517,0.0
2017-05-24,1312028.7853601675,5104883.307547,6416912.092907168,3424.167,3420.451108333333,3334.5995439999997,1.0,6416912.092907168,6416912.092907168,0.0
2017-05-25,1312028.7853601675,5142099.827873001,6454128.613233169,3485.658,3420.1541083333336,3336.16094,1.0,6454128.613233169,6454128.613233169,0.0
2017-05-26,1312028.7853601675,5114352.3616430005,6426381.147003168,3480.435,3419.698725,3337.73858,1.0,6426381.147003168,6426381.147003168,0.0
2017-05-31,1312028.7853601675,5100613.467736001,6412642.253096169,3492.885,3419.1057666666666,3339.4379759999997,1.0,6412642.253096169,6412642.253096169,0.0
2017-06-01,1312028.7853601675,4925075.663973999,6237104.449334167,3497.738,3418.7702416666666,3341.178928,1.0,6237104.449334167,6237104.449334167,0.0
2017-06-02,1312028.7853601675,4970912.144987999,6282940.930348167,3486.507,3418.1158333333337,3342.8120839999997,1.0,6282940.930348167,6282940.930348167,0.0
2017-06-05,1312028.7853601675,5028469.152394999,6340497.937755167,3468.754,3417.6141583333333,3344.3382079999997,1.0,6340497.937755167,6340497.937755167,0.0
2017-06-06,1312028.7853601675,5052490.569739997,6364519.355100165,3492.882,3417.809783333333,3346.055512,1.0,6364519.355100165,6364519.355100165,0.0
2017-06-07,1312028.7853601675,5160891.109293998,6472919.894654166,3533.872,3418.432441666667,3347.954096,1.0,6472919.894654166,6472919.894654166,0.0
2017-06-08,1312028.7853601675,5164185.310560999,6476214.095921166,3560.979,3419.1427083333333,3349.9411680000003,1.0,6476214.095921166,6476214.095921166,0.0
2017-06-09,1312028.7853601675,5183828.054884002,6495856.840244169,3576.17,3420.0262666666667,3351.995852,1.0,6495856.840244169,6495856.840244169,0.0
2017-06-12,1312028.7853601675,5113997.719755999,6426026.505116167,3574.389,3420.698675,3354.0265679999998,1.0,6426026.505116167,6426026.505116167,0.0
2017-06-13,1312028.7853601675,5183637.350566002,6495666.135926169,3582.267,3422.141075,3355.6773959999996,1.0,6495666.135926169,6495666.135926169,0.0
2017-06-14,1312028.7853601675,5199158.111895,6511186.897255167,3535.299,3423.2266000000004,3357.176404,1.0,6511186.897255167,6511186.897255167,0.0
2017-06-15,1312028.7853601675,5263174.040370998,6575202.825731166,3528.793,3424.4753333333338,3358.623176,1.0,6575202.825731166,6575202.825731166,0.0
2017-06-16,1312028.7853601675,5256908.440108002,6568937.22546817,3518.761,3425.9613916666667,3359.9409159999996,1.0,6568937.22546817,6568937.22546817,0.0
2017-06-19,1312028.7853601675,5304786.386505001,6616815.171865169,3553.665,3427.691675,3361.440424,1.0,6616815.171865169,6616815.171865169,0.0
2017-06-20,1312028.7853601675,5316024.709786999,6628053.495147167,3546.494,3429.5042666666664,3362.918184,1.0,6628053.495147167,6628053.495147167,0.0
2017-06-21,1312028.7853601675,5343061.215927,6655090.001287168,3587.955,3431.8283583333337,3364.61406,1.0,6655090.001287168,6655090.001287168,0.0
2017-06-22,1312028.7853601675,5249758.267038001,6561787.0523981685,3590.343,3433.92675,3366.710068,1.0,6561787.0523981685,6561787.0523981685,0.0
2017-06-23,1312028.7853601675,5258466.466769001,6570495.252129169,3622.883,3436.320175,3368.897668,1.0,6570495.252129169,6570495.252129169,0.0
2017-06-26,1312028.7853601675,5335180.875831,6647209.661191167,3668.092,3439.3242833333334,3371.1045639999998,1.0,6647209.661191167,6647209.661191167,0.0
2017-06-27,1312028.7853601675,5332150.228979999,6644179.014340167,3674.715,3442.2602333333334,3373.424724,1.0,6644179.014340167,6644179.014340167,0.0
2017-06-28,1312028.7853601675,5315208.120874,6627236.906234168,3646.167,3445.008416666666,3375.567964,1.0,6627236.906234168,6627236.906234168,0.0
2017-06-29,1312028.7853601675,5330380.786362998,6642409.571723166,3668.828,3448.066241666667,3377.79258,1.0,6642409.571723166,6642409.571723166,0.0
2017-06-30,1312028.7853601675,5349083.191261,6661111.976621168,3666.798,3451.141516666667,3380.0345,1.0,6661111.976621168,6661111.976621168,0.0
2017-07-03,1312028.7853601675,5400756.5948210005,6712785.380181168,3650.846,3453.981225,3382.10204,1.0,6712785.380181168,6712785.380181168,0.0
2017-07-04,1312028.7853601675,5389118.970796,6701147.756156168,3619.984,3456.2958666666664,3384.112708,1.0,6701147.756156168,6701147.756156168,0.0
2017-07-05,1312028.7853601675,5430432.192184999,6742460.977545166,3659.68,3458.723933333333,3386.4428080000002,1.0,6742460.977545166,6742460.977545166,0.0
2017-07-06,1312028.7853601675,5474676.271892,6786705.057252168,3660.097,3461.159833333333,3388.60102,1.0,6786705.057252168,6786705.057252168,0.0
2017-07-07,1312028.7853601675,5504022.103839001,6816050.889199168,3655.929,3463.7286833333333,3390.6791319999998,1.0,6816050.889199168,6816050.889199168,0.0
2017-07-10,1312028.7853601675,5495400.424987001,6807429.210347169,3653.687,3466.1435666666666,3392.68832,1.0,6807429.210347169,6807429.210347169,0.0
2017-07-11,1312028.7853601675,5423936.957138001,6735965.742498169,3670.809,3468.7480416666663,3394.755872,1.0,6735965.742498169,6735965.742498169,0.0
2017-07-12,1312028.7853601675,5443789.975437999,6755818.760798167,3658.824,3471.450783333333,3396.7743680000003,1.0,6755818.760798167,6755818.760798167,0.0
2017-07-13,1312028.7853601675,5463817.709234,6775846.494594168,3686.921,3474.5282583333333,3398.703268,1.0,6775846.494594168,6775846.494594168,0.0
2017-07-14,1312028.7853601675,5439193.466903,6751222.252263168,3703.094,3477.721441666667,3400.686112,1.0,6751222.252263168,6751222.252263168,0.0
2017-07-17,1312028.7853601675,5178891.958195002,6490920.74355517,3663.558,3480.589041666667,3402.473128,1.0,6490920.74355517,6490920.74355517,0.0
2017-07-18,1312028.7853601675,5227616.797194999,6539645.582555166,3667.181,3483.42925,3404.302036,1.0,6539645.582555166,6539645.582555166,0.0
2017-07-19,1312028.7853601675,5320383.355048999,6632412.140409167,3729.747,3486.6824333333334,3406.451904,1.0,6632412.140409167,6632412.140409167,0.0
2017-07-20,1312028.7853601675,5358602.618184,6670631.403544168,3747.884,3490.1707250000004,3408.63012,1.0,6670631.403544168,6670631.403544168,0.0
2017-07-21,1312028.7853601675,5361240.865318001,6673269.650678169,3728.598,3493.2849666666666,3410.451784,1.0,6673269.650678169,6673269.650678169,0.0
2017-07-24,1312028.7853601675,5404411.841050999,6716440.626411167,3743.469,3496.4465333333333,3412.2941880000003,1.0,6716440.626411167,6716440.626411167,0.0
2017-07-25,1312028.7853601675,5398162.085668999,6710190.871029167,3719.559,3499.4057666666663,3414.0653679999996,1.0,6710190.871029167,6710190.871029167,0.0
2017-07-26,1312028.7853601675,5391810.366962001,6703839.152322168,3705.388,3502.1514666666667,3415.781808,1.0,6703839.152322168,6703839.152322168,0.0
2017-07-27,1312028.7853601675,5439155.098441001,6751183.883801169,3712.195,3504.8534166666664,3417.5825,1.0,6751183.883801169,6751183.883801169,0.0
2017-07-28,1312028.7853601675,5455723.085633999,6767751.870994167,3721.891,3507.831741666667,3419.477128,1.0,6767751.870994167,6767751.870994167,0.0
2017-07-31,1312028.7853601675,5525710.292472001,6837739.077832169,3737.873,3510.870641666667,3421.4781999999996,1.0,6837739.077832169,6837739.077832169,0.0
2017-08-01,315385.0642992261,6517602.894885998,6832987.959185224,3770.383,3514.243125,3423.54964,1.0,6832987.959185224,6832987.959185224,0.0
2017-08-02,315385.0642992261,6460145.232278,6775530.296577225,3760.853,3517.3894999999998,3425.692404,1.0,6775530.296577225,6775530.296577225,0.0
2017-08-03,315385.0642992261,6471679.631782999,6787064.696082225,3727.826,3520.1522833333333,3427.680168,1.0,6787064.696082225,6787064.696082225,0.0
2017-08-04,315385.0642992261,6435807.251822001,6751192.316121227,3707.58,3522.603058333333,3429.4321360000004,1.0,6751192.316121227,6751192.316121227,0.0
2017-08-07,315385.0642992261,6492421.3007310005,6807806.365030226,3726.795,3525.0240583333334,3431.466344,1.0,6807806.365030226,6807806.365030226,0.0
2017-08-08,315385.0642992261,6516946.852211999,6832331.916511225,3732.213,3527.4941333333336,3433.510648,1.0,6832331.916511225,6832331.916511225,0.0
2017-08-09,315385.0642992261,6536306.272275999,6851691.336575225,3731.044,3530.071891666667,3435.619104,1.0,6851691.336575225,6851691.336575225,0.0
2017-08-10,315385.0642992261,6494357.341847998,6809742.406147224,3715.921,3532.3634583333333,3437.775552,1.0,6809742.406147224,6809742.406147224,0.0
2017-08-11,315385.0642992261,6392350.536069,6707735.600368226,3647.35,3534.2460250000004,3439.60874,1.0,6707735.600368226,6707735.600368226,0.0
2017-08-14,315385.0642992261,6541011.889759001,6856396.954058227,3694.683,3536.1067749999997,3441.613444,1.0,6856396.954058227,6856396.954058227,0.0
2017-08-15,315385.0642992261,6551307.063903,6866692.128202226,3706.057,3537.9670583333336,3443.632516,1.0,6866692.128202226,6866692.128202226,0.0
2017-08-16,315385.0642992261,6565415.515875,6880800.580174225,3701.421,3539.7309250000003,3445.6177599999996,1.0,6880800.580174225,6880800.580174225,0.0
2017-08-17,315385.0642992261,6630795.220292,6946180.284591226,3721.277,3541.7972,3447.566136,1.0,6946180.284591226,6946180.284591226,0.0
2017-08-18,315385.0642992261,6616331.68801,6931716.7523092255,3724.675,3543.887391666666,3449.436912,1.0,6931716.7523092255,6931716.7523092255,0.0
2017-08-21,315385.0642992261,6682729.208976,6998114.273275225,3740.994,3546.3438166666665,3451.4275239999997,1.0,6998114.273275225,6998114.273275225,0.0
2017-08-22,315385.0642992261,6647750.169243998,6963135.233543224,3752.298,3548.8395499999997,3453.503276,1.0,6963135.233543224,6963135.233543224,0.0
2017-08-23,315385.0642992261,6609890.826797996,6925275.8910972215,3756.088,3551.319966666667,3455.3506920000004,1.0,6925275.8910972215,6925275.8910972215,0.0
2017-08-24,315385.0642992261,6584745.872962999,6900130.937262225,3734.646,3553.8162166666666,3456.71558,1.0,6900130.937262225,6900130.937262225,0.0
2017-08-25,315385.0642992261,6644737.702478,6960122.766777226,3795.754,3556.881975,3458.385616,1.0,6960122.766777226,6960122.766777226,0.0
2017-08-28,315385.0642992261,6723754.453873001,7039139.518172227,3842.712,3560.183875,3460.264272,1.0,7039139.518172227,7039139.518172227,0.0
2017-08-29,315385.0642992261,6702715.543392001,7018100.6076912265,3834.538,3563.3553833333335,3462.144484,1.0,7018100.6076912265,7018100.6076912265,0.0
2017-08-30,315385.0642992261,6731126.445999999,7046511.510299224,3834.301,3566.5684666666666,3464.021608,1.0,7046511.510299224,7046511.510299224,0.0
2017-08-31,315385.0642992261,6764818.786309004,7080203.85060823,3822.093,3569.861375,3465.9628000000002,1.0,7080203.85060823,7080203.85060823,0.0
2017-09-01,315385.0642992261,6834456.061638001,7149841.125937227,3830.538,3573.2167583333335,3467.9176319999997,1.0,7149841.125937227,7149841.125937227,0.0
2017-09-04,315385.0642992261,6888666.251523,7204051.315822226,3845.616,3576.4460750000003,3469.9806439999998,1.0,7204051.315822226,7204051.315822226,0.0
2017-09-05,315385.0642992261,6878979.244718997,7194364.309018223,3857.046,3579.78235,3472.17294,1.0,7194364.309018223,7194364.309018223,0.0
2017-09-06,315385.0642992261,6900760.741714,7216145.806013226,3849.45,3582.9974,3474.34238,1.0,7216145.806013226,7216145.806013226,0.0
2017-09-07,315385.0642992261,6842628.616017,7158013.680316226,3829.871,3585.9004333333332,3476.43074,1.0,7158013.680316226,7158013.680316226,0.0
2017-09-08,315385.0642992261,6847354.390327998,7162739.454627224,3825.99,3589.0686416666663,3478.486752,1.0,7162739.454627224,7162739.454627224,0.0
2017-09-11,315385.0642992261,6889187.0444990015,7204572.108798227,3825.645,3592.2022416666664,3480.478156,1.0,7204572.108798227,7204572.108798227,0.0
2017-09-12,315385.0642992261,6925975.773604001,7241360.837903227,3837.934,3595.2988,3482.623584,1.0,7241360.837903227,7241360.837903227,0.0
2017-09-13,315385.0642992261,6964852.214987,7280237.279286226,3842.606,3598.5700999999995,3484.737552,1.0,7280237.279286226,7280237.279286226,0.0
2017-09-14,315385.0642992261,6953599.042913999,7268984.107213225,3829.955,3601.6365749999995,3486.778652,1.0,7268984.107213225,7268984.107213225,0.0
2017-09-15,315385.0642992261,6910454.306706,7225839.371005226,3831.297,3604.48405,3488.7333360000002,1.0,7225839.371005226,7225839.371005226,0.0
2017-09-18,315385.0642992261,6977645.926924001,7293030.991223227,3843.143,3607.5265833333333,3490.74264,1.0,7293030.991223227,7293030.991223227,0.0
2017-09-19,315385.0642992261,6949696.079057998,7265081.143357224,3832.116,3610.5458083333333,3492.7128479999997,1.0,7265081.143357224,7265081.143357224,0.0
2017-09-20,315385.0642992261,7010047.669630002,7325432.733929228,3842.435,3613.6894916666665,3494.810412,1.0,7325432.733929228,7325432.733929228,0.0
2017-09-21,315385.0642992261,6898283.289960999,7213668.354260225,3837.818,3617.0316583333333,3497.111268,1.0,7213668.354260225,7213668.354260225,0.0
2017-09-22,315385.0642992261,6845366.377695999,7160751.441995225,3837.73,3620.212358333333,3499.420856,1.0,7160751.441995225,7160751.441995225,0.0
2017-09-25,315385.0642992261,6721123.247616,7036508.311915225,3817.792,3622.828183333333,3501.737104,1.0,7036508.311915225,7036508.311915225,0.0
2017-09-26,315385.0642992261,6744037.447000999,7059422.511300225,3820.782,3625.3843083333336,3503.967736,1.0,7059422.511300225,7059422.511300225,0.0
2017-09-27,315385.0642992261,6777419.767780001,7092804.832079227,3821.2,3627.91545,3506.2229239999997,1.0,7092804.832079227,7092804.832079227,0.0
2017-09-28,315385.0642992261,6751159.660328997,7066544.724628223,3822.539,3630.56045,3508.446536,1.0,7066544.724628223,7066544.724628223,0.0
2017-09-29,315385.0642992261,6825767.386602,7141152.450901226,3836.501,3633.220225,3510.628056,1.0,7141152.450901226,7141152.450901226,0.0
2017-10-09,315385.0642992261,6879260.589264003,7194645.653563228,3882.208,3636.326633333333,3513.0542199999995,1.0,7194645.653563228,7194645.653563228,0.0
2017-10-10,315385.0642992261,6916866.205133,7232251.269432226,3889.864,3639.454116666667,3515.73254,1.0,7232251.269432226,7232251.269432226,0.0
2017-10-11,315385.0642992261,6933260.707451999,7248645.771751225,3902.687,3642.9223,3518.380268,1.0,7248645.771751225,7248645.771751225,0.0
2017-10-12,315385.0642992261,6919351.788672002,7234736.852971228,3912.954,3646.530733333333,3521.1085239999998,1.0,7234736.852971228,7234736.852971228,0.0
2017-10-13,315385.0642992261,6977338.867376999,7292723.931676225,3921.002,3650.349558333334,3523.8149839999996,1.0,7292723.931676225,7292723.931676225,0.0
2017-10-16,315385.0642992261,6884694.818545002,7200079.882844227,3913.446,3654.245975,3526.455628,1.0,7200079.882844227,7200079.882844227,0.0
2017-10-17,315385.0642992261,6872296.248854999,7187681.313154225,3913.069,3658.00865,3528.9324279999996,1.0,7187681.313154225,7187681.313154225,0.0
2017-10-18,315385.0642992261,6860639.030494001,7176024.094793227,3944.163,3661.9867833333333,3531.482852,1.0,7176024.094793227,7176024.094793227,0.0
2017-10-19,315385.0642992261,6781473.613322002,7096858.677621228,3931.25,3666.153375,3534.007812,1.0,7096858.677621228,7096858.677621228,0.0
2017-10-20,315385.0642992261,6836558.199719001,7151943.264018226,3926.852,3670.2023583333334,3536.504636,1.0,7151943.264018226,7151943.264018226,0.0
2017-10-23,315385.0642992261,6866303.463600999,7181688.527900225,3930.798,3674.24915,3539.0044359999997,1.0,7181688.527900225,7181688.527900225,0.0
2017-10-24,315385.0642992261,6861820.489465002,7177205.553764228,3959.395,3678.5214416666668,3541.7305,1.0,7177205.553764228,7177205.553764228,0.0
2017-10-25,315385.0642992261,6905415.418942,7220800.483241226,3976.949,3682.998075,3544.3529679999997,1.0,7220800.483241226,7220800.483241226,0.0
2017-10-26,315385.0642992261,6927418.523059999,7242803.587359224,3993.575,3687.7230583333335,3547.062304,1.0,7242803.587359224,7242803.587359224,0.0
2017-10-27,315385.0642992261,6869400.037837002,7184785.102136228,4021.968,3692.796725,3549.8757600000004,1.0,7184785.102136228,7184785.102136228,0.0
2017-10-30,315385.0642992261,6702630.630260999,7018015.694560225,4009.722,3697.8411916666664,3552.603688,1.0,7018015.694560225,7018015.694560225,0.0
2017-10-31,315385.0642992261,6779179.028866,7094564.093165225,4006.718,3703.0425916666663,3555.160248,1.0,7094564.093165225,7094564.093165225,0.0
2017-11-01,89415.29064690902,7013655.911979004,7103071.202625913,3996.622,3708.3576666666672,3557.676916,1.0,7103071.202625913,7103071.202625913,0.0
2017-11-02,89415.29064690902,6939581.429862001,7028996.72050891,3997.134,3713.72935,3560.2462520000004,1.0,7028996.72050891,7028996.72050891,0.0
2017-11-03,89415.29064690902,6867692.124003,6957107.414649908,3992.698,3719.1876583333337,3562.834264,1.0,6957107.414649908,6957107.414649908,0.0
2017-11-06,89415.29064690902,7002952.106282,7092367.396928908,4020.89,3724.723025,3565.5573200000003,1.0,7092367.396928908,7092367.396928908,0.0
2017-11-07,89415.29064690902,7034087.622449,7123502.913095909,4054.247,3730.296925,3568.429196,1.0,7123502.913095909,7123502.913095909,0.0
2017-11-08,89415.29064690902,7057689.103902999,7147104.394549908,4048.006,3735.703691666667,3571.1850119999995,1.0,7147104.394549908,7147104.394549908,0.0
2017-11-09,89415.29064690902,7125642.177130999,7215057.467777908,4075.9,3741.09745,3574.1552039999997,1.0,7215057.467777908,7215057.467777908,0.0
2017-11-10,89415.29064690902,7186811.827931003,7276227.118577911,4111.911,3746.9469916666662,3577.1425080000004,1.0,7276227.118577911,7276227.118577911,0.0
2017-11-13,89415.29064690902,7265126.212056996,7354541.502703905,4128.073,3753.0299916666672,3580.2381,1.0,7354541.502703905,7354541.502703905,0.0
2017-11-14,89415.29064690902,7228635.718120003,7318051.008766912,4099.351,3758.8258416666663,3583.2091360000004,1.0,7318051.008766912,7318051.008766912,0.0
2017-11-15,89415.29064690902,7148822.451835997,7238237.742482906,4073.67,3764.3460999999998,3586.019344,1.0,7238237.742482906,7238237.742482906,0.0
2017-11-16,89415.29064690902,7189538.276887002,7278953.567533911,4105.012,3770.0195833333337,3589.0271719999996,1.0,7278953.567533911,7278953.567533911,0.0
2017-11-17,89415.29064690902,6967640.273280002,7057055.563926911,4120.851,3775.825283333333,3591.948128,1.0,7057055.563926911,7057055.563926911,0.0
2017-11-20,89415.29064690902,7064805.353582998,7154220.644229907,4143.833,3781.3100750000003,3594.8545759999997,1.0,7154220.644229907,7154220.644229907,0.0
2017-11-21,89415.29064690902,7119474.048632996,7208889.339279905,4217.702,3787.453966666667,3598.004392,1.0,7208889.339279905,7208889.339279905,0.0
2017-11-22,89415.29064690902,7095384.958822,7184800.249468909,4227.567,3793.5763166666666,3601.19518,1.0,7184800.249468909,7184800.249468909,0.0
2017-11-23,89415.29064690902,6897843.109215,6987258.3998619085,4102.397,3798.6151416666667,3603.8864000000003,1.0,6987258.3998619085,6987258.3998619085,0.0
2017-11-24,89415.29064690902,6927161.769233001,7016577.05987991,4104.203,3803.762608333333,3606.557072,1.0,7016577.05987991,7016577.05987991,0.0
2017-11-27,89415.29064690902,6876065.030362,6965480.321008909,4049.948,3808.6058916666666,3609.0870440000003,1.0,6965480.321008909,6965480.321008909,0.0
2017-11-28,89415.29064690902,7047880.208526002,7137295.499172911,4055.824,3813.297075,3611.545896,1.0,7137295.499172911,7137295.499172911,0.0
2017-11-29,89415.29064690902,7143331.961957999,7232747.252604907,4053.753,3817.629416666666,3613.887452,1.0,7232747.252604907,7232747.252604907,0.0
2017-11-30,89415.29064690902,7081689.519215998,7171104.809862907,4006.099,3821.33875,3616.012932,1.0,7171104.809862907,7171104.809862907,0.0
2017-12-01,89415.29064690902,7180255.838756998,7269671.129403907,3998.137,3824.8551416666664,3618.0505200000002,1.0,7269671.129403907,7269671.129403907,0.0
2017-12-04,89415.29064690902,7130080.848504998,7219496.139151907,4018.857,3828.5590416666664,3620.040756,1.0,7219496.139151907,7219496.139151907,0.0
2017-12-05,89415.29064690902,6927141.036357999,7016556.327004908,4040.17,3832.3749,3622.061112,1.0,7016556.327004908,7016556.327004908,0.0
2017-12-06,89415.29064690902,6973587.888562001,7063003.17920891,4015.821,3836.37925,3623.8682360000003,1.0,7063003.17920891,7063003.17920891,0.0
2017-12-07,89415.29064690902,6971072.826886002,7060488.117532911,3971.057,3840.0647833333333,3625.60046,1.0,7060488.117532911,7060488.117532911,0.0
2017-12-08,89415.29064690902,7070901.045723001,7160316.336369909,4003.379,3844.1032666666665,3627.353832,1.0,7160316.336369909,7160316.336369909,0.0
2017-12-11,89415.29064690902,7215092.392906,7304507.683552909,4069.5,3848.401891666667,3629.5160119999996,1.0,7304507.683552909,7304507.683552909,0.0
2017-12-12,89415.29064690902,7133965.323372002,7223380.614018911,4016.016,3852.314575,3631.702448,1.0,7223380.614018911,7223380.614018911,0.0
2017-12-13,89415.29064690902,7179259.551393001,7268674.84203991,4050.093,3856.165725,3634.066208,1.0,7268674.84203991,7268674.84203991,0.0
2017-12-14,89415.29064690902,7188264.611672999,7277679.902319908,4026.152,3859.7974666666664,3636.267828,1.0,7277679.902319908,7277679.902319908,0.0
2017-12-15,89415.29064690902,7108870.260388998,7198285.551035907,3980.856,3862.7805749999998,3638.31068,1.0,7198285.551035907,7198285.551035907,0.0
2017-12-18,89415.29064690902,7053314.865311003,7142730.155957912,3985.291,3865.4239000000002,3640.2770440000004,1.0,7142730.155957912,7142730.155957912,0.0
2017-12-19,89415.29064690902,7097633.520358001,7187048.81100491,4035.329,3868.4290166666665,3642.781644,1.0,7187048.81100491,7187048.81100491,0.0
2017-12-20,89415.29064690902,7050729.521841002,7140144.812487911,4030.49,3871.6317083333333,3645.28346,1.0,7140144.812487911,7140144.812487911,0.0
2017-12-21,89415.29064690902,7111727.04214,7201142.332786908,4067.849,3874.9568833333333,3648.039076,1.0,7201142.332786908,7201142.332786908,0.0
2017-12-22,89415.29064690902,7116818.501518998,7206233.792165907,4054.598,3878.18855,3650.895732,1.0,7206233.792165907,7206233.792165907,0.0
2017-12-25,89415.29064690902,7061798.7834210005,7151214.074067909,4041.54,3881.4443333333334,3653.677768,1.0,7151214.074067909,7151214.074067909,0.0
2017-12-26,89415.29064690902,7054450.693844998,7143865.984491907,4053.622,3885.0579833333336,3656.576324,1.0,7143865.984491907,7143865.984491907,0.0
2017-12-27,89415.29064690902,7000967.411695,7090382.702341909,3991.208,3887.820716666667,3659.3049,1.0,7090382.702341909,7090382.702341909,0.0
2017-12-28,89415.29064690902,7023068.446442999,7112483.737089908,4018.897,3890.810716666667,3662.0263439999994,1.0,7112483.737089908,7112483.737089908,0.0
2017-12-29,89415.29064690902,7085313.112976,7174728.4036229085,4030.855,3893.9351,3664.8070760000005,1.0,7174728.4036229085,7174728.4036229085,0.0
2018-01-02,89415.29064690902,7236321.677227003,7325736.967873911,4087.401,3897.549383333333,3667.926284,1.0,7325736.967873911,7325736.967873911,0.0
2018-01-03,89415.29064690902,7339587.653873004,7429002.944519913,4111.393,3901.2209166666667,3671.082252,1.0,7429002.944519913,7429002.944519913,0.0
2018-01-04,89415.29064690902,7446220.632746996,7535635.923393905,4128.812,3905.1374833333334,3674.33196,1.0,7535635.923393905,7535635.923393905,0.0
2018-01-05,89415.29064690902,7391385.693117998,7480800.983764906,4138.751,3908.9027333333333,3677.679408,1.0,7480800.983764906,7480800.983764906,0.0
2018-01-08,89415.29064690902,7424254.731774001,7513670.02242091,4160.16,3912.7116166666665,3681.1289880000004,1.0,7513670.02242091,7513670.02242091,0.0
2018-01-09,89415.29064690902,7428429.612313003,7517844.902959912,4189.298,3917.0927833333335,3684.645856,1.0,7517844.902959912,7517844.902959912,0.0
2018-01-10,89415.29064690902,7376701.295112,7466116.585758909,4207.813,3921.59805,3688.1081999999997,1.0,7466116.585758909,7466116.585758909,0.0
2018-01-11,89415.29064690902,7370852.588113998,7460267.878760907,4205.586,3925.563375,3691.457296,1.0,7460267.878760907,7460267.878760907,0.0
2018-01-12,89415.29064690902,7346783.218103,7436198.508749909,4225.001,3929.53935,3694.886144,1.0,7436198.508749909,7436198.508749909,0.0
2018-01-15,89415.29064690902,7172076.754884,7261492.045530909,4225.239,3933.678025,3698.396432,1.0,7261492.045530909,7261492.045530909,0.0
2018-01-16,89415.29064690902,7242263.498523999,7331678.789170908,4258.473,3937.9697250000004,3701.9747199999997,1.0,7331678.789170908,7331678.789170908,0.0
2018-01-17,89415.29064690902,7209656.663799001,7299071.95444591,4248.116,3942.3743666666664,3705.534096,1.0,7299071.95444591,7299071.95444591,0.0
2018-01-18,89415.29064690902,7272092.398947001,7361507.68959391,4271.417,3947.091275,3709.281784,1.0,7361507.68959391,7361507.68959391,0.0
2018-01-19,89415.29064690902,7228314.463251999,7317729.753898907,4285.395,3951.867941666667,3713.152868,1.0,7317729.753898907,7317729.753898907,0.0
2018-01-22,89415.29064690902,7319136.507866999,7408551.798513908,4336.597,3956.9904916666665,3717.219608,1.0,7408551.798513908,7408551.798513908,0.0
2018-01-23,89415.29064690902,7344072.356331004,7433487.646977913,4382.613,3962.363325,3721.472276,1.0,7433487.646977913,7433487.646977913,0.0
2018-01-24,89415.29064690902,7369283.667728999,7458698.9583759075,4389.885,3967.525841666667,3725.726392,1.0,7458698.9583759075,7458698.9583759075,0.0
2018-01-25,89415.29064690902,7357870.380333004,7447285.670979912,4365.079,3972.5610583333337,3729.829248,1.0,7447285.670979912,7447285.670979912,0.0
2018-01-26,89415.29064690902,7347942.446016998,7437357.736663907,4381.3,3978.006675,3734.037292,1.0,7437357.736663907,7437357.736663907,0.0
2018-01-29,89415.29064690902,7305546.212389001,7394961.503035909,4302.018,3982.960325,3737.825808,1.0,7394961.503035909,7394961.503035909,0.0
2018-01-30,89415.29064690902,7315424.242396,7404839.533042909,4256.102,3987.371216666667,3741.393892,1.0,7404839.533042909,7404839.533042909,0.0
2018-01-31,89415.29064690902,7207551.034464999,7296966.325111908,4275.899,3991.901933333333,3745.0396840000003,1.0,7296966.325111908,7296966.325111908,0.0
2018-02-01,4265.549390748478,7061685.3930250015,7065950.94241575,4245.898,3996.192383333333,3748.5196599999995,1.0,7065950.94241575,7065950.94241575,0.0
2018-02-02,4265.549390748478,7153047.950488001,7157313.499878749,4271.233,4000.8199833333333,3752.052748,1.0,7157313.499878749,7157313.499878749,0.0
2018-02-05,4265.549390748478,7187105.8014480015,7191371.35083875,4274.146,4006.043283333333,3755.6913640000002,1.0,7191371.35083875,7191371.35083875,0.0
2018-02-06,4265.549390748478,6812404.089777001,6816669.639167749,4148.886,4009.828308333333,3758.794088,1.0,6816669.639167749,6816669.639167749,0.0
2018-02-07,4265.549390748478,6807016.711902999,6811282.261293747,4050.497,4012.698641666667,3761.5333359999995,1.0,6811282.261293747,6811282.261293747,0.0
2018-02-08,4265.549390748478,6852899.929755999,6857165.479146747,4012.047,4015.287191666667,3764.048372,0.3,6857165.479146747,2057149.643744024,4800015.835402723
2018-02-09,4265.549390748478,6564598.797418002,6568864.34680875,3840.653,4016.2819916666663,3765.825816,0.3,6568864.34680875,1970659.304042625,4598205.042766125
2018-02-12,4265.549390748478,6769642.42326,6773907.972650748,3890.105,4017.6605750000003,3767.732288,0.3,6773907.972650748,2032172.3917952243,4741735.580855523
2018-02-13,4265.549390748478,6845069.342020998,6849334.891411746,3935.632,4019.2825583333333,3769.729716,0.3,6849334.891411746,2054800.4674235238,4794534.423988222
2018-02-14,4265.549390748478,6961853.138632999,6966118.688023747,3966.961,4021.0714166666667,3771.854344,0.3,6966118.688023747,2089835.606407124,4876283.081616623
2018-02-22,4265.549390748478,7125609.312929002,7129874.86231975,4052.733,4023.5434583333335,3774.378424,1.0,7129874.86231975,7129874.86231975,0.0
2018-02-23,4265.549390748478,7174577.501273,7178843.050663748,4071.089,4026.34715,3776.899048,1.0,7178843.050663748,7178843.050663748,0.0
2018-02-26,4265.549390748478,7315008.619563999,7319274.168954747,4118.419,4029.036025,3779.6869560000005,1.0,7319274.168954747,7319274.168954747,0.0
2018-02-27,4265.549390748478,7267620.247224998,7271885.796615746,4058.981,4030.8382666666666,3782.037308,1.0,7271885.796615746,7271885.796615746,0.0
2018-02-28,4265.549390748478,7233113.325784,7237378.875174748,4023.642,4032.414133333333,3784.2005839999997,0.3,7237378.875174748,2171213.6625524242,5066165.212622324
2018-03-01,4265.549390748478,7281318.097038999,7285583.646429747,4049.086,4034.2040083333336,3786.4379,1.0,7285583.646429747,7285583.646429747,0.0
2018-03-02,4265.549390748478,7230233.481290001,7234499.03068075,4016.461,4035.823741666667,3788.610448,0.3,7234499.03068075,2170349.709204225,5064149.321476525
2018-03-05,4265.549390748478,7203866.356770998,7208131.906161746,4018.097,4037.3867333333333,3790.787428,0.3,7208131.906161746,2162439.571848524,5045692.334313222
2018-03-06,4265.549390748478,7294022.631308995,7298288.180699743,4066.565,4039.227975,3793.2687960000003,1.0,7298288.180699743,7298288.180699743,0.0
2018-03-07,4265.549390748478,7207645.154727995,7211910.704118744,4036.654,4040.7247083333336,3795.604172,0.3,7211910.704118744,2163573.211235623,5048337.492883121
2018-03-08,4265.549390748478,7271206.307500003,7275471.856890751,4077.6,4042.625958333333,3798.08082,1.0,7275471.856890751,7275471.856890751,0.0
2018-03-09,4265.549390748478,7329108.541846998,7333374.091237746,4108.865,4044.9509083333332,3800.775896,1.0,7333374.091237746,7333374.091237746,0.0
2018-03-12,4265.549390748478,7444839.473777999,7449105.023168747,4127.666,4047.464875,3803.575108,1.0,7449105.023168747,7449105.023168747,0.0
2018-03-13,4265.549390748478,7387639.608576999,7391905.157967747,4091.253,4049.6782749999998,3806.1541840000004,1.0,7391905.157967747,7391905.157967747,0.0
2018-03-14,4265.549390748478,7323291.401325001,7327556.950715749,4073.345,4051.6400333333336,3808.631736,1.0,7327556.950715749,7327556.950715749,0.0
2018-03-15,4265.549390748478,7298130.633795,7302396.183185748,4096.163,4053.7530083333336,3811.2214639999997,1.0,7302396.183185748,7302396.183185748,0.0
2018-03-16,4265.549390748478,7244301.807132999,7248567.356523748,4056.423,4055.640241666667,3813.73938,1.0,7248567.356523748,7248567.356523748,0.0
2018-03-19,4265.549390748478,7227148.245499002,7231413.79488975,4074.248,4057.6648333333333,3816.324804,1.0,7231413.79488975,7231413.79488975,0.0
2018-03-20,4265.549390748478,7231337.645981001,7235603.195371749,4077.704,4059.6195083333337,3818.8032279999998,1.0,7235603.195371749,7235603.195371749,0.0
2018-03-21,4265.549390748478,7173255.764080001,7177521.313470749,4061.05,4061.5272916666668,3821.220656,0.3,7177521.313470749,2153256.394041225,5024264.919429524
2018-03-22,4265.549390748478,7112674.889171,7116940.438561748,4020.349,4063.0099083333334,3823.4474760000003,0.3,7116940.438561748,2135082.131568524,4981858.306993224
2018-03-23,4265.549390748478,6702608.367651001,6706873.917041749,3904.936,4063.5692249999997,3825.141192,0.3,6706873.917041749,2012062.1751125245,4694811.741929224
2018-03-26,4265.549390748478,6821625.369491999,6825890.918882747,3879.893,4063.9205833333335,3826.877544,0.3,6825890.918882747,2047767.275664824,4778123.643217923
2018-03-27,4265.549390748478,6963940.566440999,6968206.115831747,3913.269,4064.7162249999997,3828.732168,0.3,6968206.115831747,2090461.834749524,4877744.281082222
2018-03-28,4265.549390748478,6858274.246086003,6862539.795476751,3842.716,4064.8990083333333,3830.237644,0.3,6862539.795476751,2058761.9386430252,4803777.856833726
2018-03-29,4265.549390748478,6929939.168320999,6934204.717711747,3894.05,4065.5060916666666,3832.0136439999997,0.3,6934204.717711747,2080261.415313524,4853943.3023982225
2018-03-30,4265.549390748478,7041752.566120001,7046018.115510749,3898.498,4066.1390833333335,3833.759724,0.3,7046018.115510749,2113805.4346532244,4932212.680857524
2018-04-02,4265.549390748478,7063042.775255002,7067308.32464575,3886.919,4066.5592333333334,3835.349,0.3,7067308.32464575,2120192.497393725,4947115.827252025
2018-04-03,4265.549390748478,7015751.994274998,7020017.543665746,3862.48,4066.3948333333333,3836.886764,0.3,7020017.543665746,2106005.263099724,4914012.280566022
2018-04-04,4265.549390748478,6972622.747465,6976888.296855748,3854.863,4066.1031583333333,3838.42698,0.3,6976888.296855748,2093066.4890567241,4883821.807799024
2018-04-09,4265.549390748478,6977573.646724001,6981839.196114749,3852.929,4065.688508333333,3839.9779240000003,0.3,6981839.196114749,2094551.7588344244,4887287.437280324
2018-04-10,4265.549390748478,7037936.352315001,7042201.901705749,3927.173,4065.8070000000002,3841.9395839999997,0.3,7042201.901705749,2112660.570511725,4929541.3311940245
2018-04-11,4265.549390748478,7090664.451901002,7094930.00129175,3938.343,4065.951508333333,3843.868772,0.3,7094930.00129175,2128479.0003875247,4966451.000904225
2018-04-12,4265.549390748478,7040922.903547001,7045188.452937749,3898.635,4065.8280833333333,3845.4477399999996,0.3,7045188.452937749,2113556.5358813247,4931631.917056425
2018-04-13,4265.549390748478,7024279.455189,7028545.004579748,3871.144,4065.4787083333335,3846.876128,0.3,7028545.004579748,2108563.5013739243,4919981.503205824
2018-04-16,4265.549390748478,6974776.738281004,6979042.287671752,3808.863,4064.3512083333335,3848.041728,0.3,6979042.287671752,2093712.6863015257,4885329.601370227
2018-04-17,4265.549390748478,6810471.976005,6814737.525395748,3748.641,4062.829466666667,3849.015736,0.3,6814737.525395748,2044421.2576187244,4770316.267777024
2018-04-18,4265.549390748478,6923114.753272997,6927380.302663745,3766.282,4061.4913833333335,3850.011552,0.3,6927380.302663745,2078214.0907991235,4849166.211864622
2018-04-19,4265.549390748478,7006908.426452001,7011173.975842749,3811.843,4060.500091666667,3851.221168,0.3,7011173.975842749,2103352.1927528246,4907821.783089925
2018-04-20,4265.549390748478,6861864.589937,6866130.139327748,3760.854,4058.8455833333333,3852.2063200000002,0.3,6866130.139327748,2059839.0417983243,4806291.097529423
2018-04-23,4265.549390748478,6804252.5447419975,6808518.094132746,3766.326,4057.0903916666666,3853.325604,0.3,6808518.094132746,2042555.4282398236,4765962.665892922
2018-04-24,4265.549390748478,6984060.921004,6988326.470394748,3843.489,4055.839675,3854.779792,0.3,6988326.470394748,2096497.9411184243,4891828.529276324
2018-04-25,4265.549390748478,6980795.847784997,6985061.397175745,3828.702,4054.229125,3856.243628,0.3,6985061.397175745,2095518.4191527234,4889542.9780230215
2018-04-26,4265.549390748478,6834226.076250999,6838491.625641747,3755.494,4052.1105583333333,3857.4821,0.3,6838491.625641747,2051547.4876925242,4786944.137949223
2018-04-27,4265.549390748478,6832606.436663997,6836871.9860547455,3756.877,4050.02855,3858.663416,0.3,6836871.9860547455,2051061.5958164237,4785810.390238322
2018-05-02,4265.549390748478,6842589.500124997,6846855.049515746,3763.646,4048.087083333333,3859.850852,0.3,6846855.049515746,2054056.5148547236,4792798.534661022
2018-05-03,2365474.018844987,4551573.364286999,6917047.3831319865,3793.0,4046.3859666666667,3861.2978160000002,0.3,6917047.3831319865,2075114.214939596,4841933.16819239
2018-05-04,2365474.018844987,4544117.6630770005,6909591.681921987,3774.598,4044.568466666666,3862.6323119999997,0.3,6909591.681921987,2072877.504576596,4836714.177345391
2018-05-07,2365474.018844987,4640789.201018998,7006263.219863985,3834.188,4043.012616666667,3864.1883319999997,0.3,7006263.219863985,2101878.9659591955,4904384.25390479
2018-05-08,2365474.018844987,4656868.106358999,7022342.125203986,3878.677,4041.5495333333333,3865.91616,0.3,7022342.125203986,2106702.6375611955,4915639.48764279
2018-05-09,2365474.018844987,4646973.043805999,7012447.062650986,3871.615,4040.0796083333335,3867.643608,0.3,7012447.062650986,2103734.1187952957,4908712.94385569
2018-05-10,2365474.018844987,4683504.050579001,7048978.069423988,3893.057,4038.5559166666662,3869.5095280000005,0.3,7048978.069423988,2114693.4208271964,4934284.648596792
2018-05-11,2365474.018844987,4630338.307401999,6995812.326246986,3872.838,4036.5636416666666,3871.3483680000004,0.3,6995812.326246986,2098743.6978740958,4897068.628372891
2018-05-14,2365474.018844987,4620275.167856999,6985749.186701985,3909.293,4034.7404749999996,3873.367996,0.3,6985749.186701985,2095724.7560105955,4890024.430691389
2018-05-15,2365474.018844987,4708058.675139,7073532.693983987,3924.098,4033.2800333333334,3875.534188,0.3,7073532.693983987,2122059.808195196,4951472.885788791
2018-05-16,2365474.018844987,4696020.033188,7061494.052032987,3892.844,4031.7731500000004,3877.6703119999997,0.3,7061494.052032987,2118448.215609896,4943045.836423091
2018-05-17,2365474.018844987,4641657.908696,7007131.927540986,3864.051,4029.7651416666663,3879.716388,0.3,7007131.927540986,2102139.5782622956,4904992.34927869
2018-05-18,2365474.018844987,4662719.891337999,7028193.910182986,3903.064,4027.9502500000003,3881.97784,0.3,7028193.910182986,2108458.173054896,4919735.73712809
2018-05-21,2365474.018844987,4730833.504098998,7096307.522943985,3921.242,4026.095325,3884.2362239999998,0.3,7096307.522943985,2128892.256883195,4967415.26606079
2018-05-22,2365474.018844987,4767236.785706999,7132710.804551985,3906.208,4023.4995416666666,3886.31954,0.3,7132710.804551985,2139813.2413655953,4992897.56318639
2018-05-23,2365474.018844987,4726068.326348,7091542.345192988,3854.583,4020.391341666667,3888.141096,0.3,7091542.345192988,2127462.7035578964,4964079.641635092
2018-05-24,2365474.018844987,4716165.223982999,7081639.242827985,3827.217,4018.098175,3889.735368,0.3,7081639.242827985,2124491.7728483956,4957147.46997959
2018-05-25,2365474.018844987,4669056.725195001,7034530.744039988,3816.498,4015.7006333333334,3891.3614960000004,0.3,7034530.744039988,2110359.2232119963,4924171.520827992
2018-05-28,2365474.018844987,4665516.757423,7030990.776267987,3833.26,4013.8949,3893.102084,0.3,7030990.776267987,2109297.232880396,4921693.543387591
2018-05-29,2365474.018844987,4590700.047478999,6956174.066323986,3804.009,4011.796441666667,3894.7027239999998,0.3,6956174.066323986,2086852.2198971957,4869321.846426791
2018-05-30,2365474.018844987,4455118.247746,6820592.266590986,3723.372,4009.0432666666666,3895.951256,0.3,6820592.266590986,2046177.679977296,4774414.5866136905
2018-05-31,2365474.018844987,4540746.717705999,6906220.736550985,3802.376,4007.3455750000003,3897.463984,0.3,6906220.736550985,2071866.2209652953,4834354.51558569
2018-06-01,2365474.018844987,4469604.127926998,6835078.146771984,3770.589,4005.449341666667,3898.849672,0.3,6835078.146771984,2050523.4440315953,4784554.702740389
2018-06-04,2365474.018844987,4439072.191077999,6804546.209922986,3807.578,4003.6886833333333,3900.1373519999997,0.3,6804546.209922986,2041363.8629768956,4763182.34694609
2018-06-05,2365474.018844987,4535609.454183999,6901083.473028986,3845.316,4002.0649,3901.596876,0.3,6901083.473028986,2070325.0419086956,4830758.43112029
2018-06-06,2365474.018844987,4567573.794887,6933047.813731987,3837.351,4000.5776499999997,3902.97474,0.3,6933047.813731987,2079914.344119596,4853133.469612391
2018-06-07,2365474.018844987,4544275.118233999,6909749.137078986,3831.013,3999.4106166666666,3904.30784,0.3,6909749.137078986,2072924.7411236956,4836824.39595529
2018-06-08,2365474.018844987,4507542.51416,6873016.533004986,3779.616,3997.545925,3905.4802760000002,0.3,6873016.533004986,2061904.9599014958,4811111.57310349
2018-06-11,2365474.018844987,4463254.513025999,6828728.531870985,3779.982,3995.1332749999997,3906.725188,0.3,6828728.531870985,2048618.5595612954,4780109.97230969
2018-06-12,2365474.018844987,4527236.2147,6892710.233544987,3825.953,3993.5494166666667,3908.0574719999995,0.3,6892710.233544987,2067813.070063496,4824897.163481491
2018-06-13,2365474.018844987,4473886.115371002,6839360.134215988,3788.339,3991.368133333333,3909.07534,0.3,6839360.134215988,2051808.0402647965,4787552.093951192
2018-06-14,2365474.018844987,4462155.797455999,6827629.816300986,3773.366,3989.2615833333334,3909.9248880000005,0.3,6827629.816300986,2048288.9448902959,4779340.87141069
2018-06-15,2365474.018844987,4368031.442339,6733505.461183988,3753.434,3987.3664,3910.633944,0.3,6733505.461183988,2020051.6383551962,4713453.822828791
2018-06-19,2365474.018844987,4090624.347170001,6456098.366014987,3621.117,3984.331616666667,3910.8208560000003,0.3,6456098.366014987,1936829.509804496,4519268.856210491
2018-06-20,2365474.018844987,4185712.847468999,6551186.866313986,3635.444,3980.999241666667,3911.0335640000003,0.3,6551186.866313986,1965356.0598941955,4585830.80641979
2018-06-21,2365474.018844987,4117614.678882998,6483088.697727985,3592.965,3977.3532,3911.264228,0.3,6483088.697727985,1944926.6093183954,4538162.08840959
2018-06-22,2365474.018844987,4204971.811852,6570445.830696987,3608.905,3973.5286666666666,3911.584676,0.3,6570445.830696987,1971133.749209096,4599312.081487891
2018-06-25,2365474.018844987,4187331.3440259984,6552805.362870986,3560.478,3969.411,3911.751544,0.3,6552805.362870986,1965841.6088612955,4586963.75400969
2018-06-26,2365474.018844987,4207099.907672002,6572573.926516989,3531.111,3965.157425,3911.661328,0.3,6572573.926516989,1971772.1779550966,4600801.748561893
2018-06-27,2365474.018844987,4146152.095116,6511626.113960987,3459.262,3960.2044249999994,3911.3124000000003,0.3,6511626.113960987,1953487.834188296,4558138.279772691
2018-06-28,2365474.018844987,4102607.082161001,6468081.101005987,3423.526,3955.4737416666667,3910.654684,0.3,6468081.101005987,1940424.330301796,4527656.770704191
2018-06-29,2365474.018844987,4259288.41219,6624762.431034986,3510.985,3951.2411416666664,3910.337252,0.3,6624762.431034986,1987428.7293104958,4637333.70172449
2018-07-02,2365474.018844987,4219337.860644001,6584811.879488988,3407.964,3946.0503833333337,3909.4775759999998,0.3,6584811.879488988,1975443.5638466962,4609368.315642292
2018-07-03,2365474.018844987,4249747.923276002,6615221.942120988,3409.28,3940.399375,3908.442328,0.3,6615221.942120988,1984566.5826362963,4630655.359484691
2018-07-04,2365474.018844987,4167725.299505,6533199.318349986,3363.747,3934.168991666667,3907.198456,0.3,6533199.318349986,1959959.7955049959,4573239.522844991
2018-07-05,2365474.018844987,4038128.824155001,6403602.842999987,3342.438,3927.615875,3905.98354,0.3,6403602.842999987,1921080.852899996,4482521.990099991
2018-07-06,2365474.018844987,4069010.474337999,6434484.493182985,3365.123,3921.168975,3904.76872,0.3,6434484.493182985,1930345.3479548953,4504139.14522809
2018-07-09,2365474.018844987,4184349.8846300007,6549823.903474988,3459.184,3915.3275083333338,3903.938264,0.3,6549823.903474988,1964947.1710424963,4584876.732432492
2018-07-10,2365474.018844987,4253408.847898999,6618882.866743986,3467.516,3909.3126583333337,3903.2049439999996,0.3,6618882.866743986,1985664.8600231956,4633218.00672079
2018-07-11,2365474.018844987,4188184.967171,6553658.986015987,3407.53,3902.643633333333,3902.355128,0.3,6553658.986015987,1966097.695804796,4587561.2902111905
2018-07-12,2365474.018844987,4319662.618574001,6685136.637418987,3481.056,3896.6058833333327,3901.6406319999996,0.3,6685136.637418987,2005540.9912256962,4679595.646193291
2018-07-13,2365474.018844987,4377248.078779999,6742722.0976249855,3492.69,3890.5032916666664,3900.971004,0.3,6742722.0976249855,2022816.6292874955,4719905.46833749
2018-07-16,2365474.018844987,4398775.767112999,6764249.7859579865,3472.086,3884.2270166666663,3900.2356320000004,0.3,6764249.7859579865,2029274.9357873958,4734974.850170591
2018-07-17,2365474.018844987,4380451.031097001,6745925.049941989,3449.377,3877.48455,3899.418392,0.3,6745925.049941989,2023777.5149825965,4722147.534959393
2018-07-18,2365474.018844987,4337863.477189001,6703337.496033987,3431.323,3870.677941666667,3898.460448,0.3,6703337.496033987,2011001.248810196,4692336.247223791
2018-07-19,2365474.018844987,4280347.668316999,6645821.687161986,3428.343,3863.652325,3897.5385239999996,0.3,6645821.687161986,1993746.5061485956,4652075.18101339
2018-07-20,2365474.018844987,4333178.297224999,6698652.316069987,3492.894,3857.04815,3896.7624159999996,0.3,6698652.316069987,2009595.694820996,4689056.62124899
2018-07-23,2365474.018844987,4345186.305474002,6710660.324318988,3525.75,3850.291091666667,3896.0530400000002,0.3,6710660.324318988,2013198.0972956964,4697462.227023292
2018-07-24,2365474.018844987,4377765.093630999,6743239.112475986,3581.706,3843.6168666666667,3895.7256319999997,0.3,6743239.112475986,2022971.7337427957,4720267.37873319
2018-07-25,2365474.018844987,4384651.617482999,6750125.636327986,3577.752,3836.8490916666665,3895.3679159999997,0.3,6750125.636327986,2025037.6908983956,4725087.94542959
2018-07-26,2365474.018844987,4330140.013207002,6695614.032051988,3536.246,3829.94215,3894.593912,0.3,6695614.032051988,2008684.2096155963,4686929.822436391
2018-07-27,2365474.018844987,4316022.317281,6681496.336125987,3521.227,3822.774875,3893.687284,0.3,6681496.336125987,2004448.9008377958,4677047.435288191
2018-07-30,2365474.018844987,4250409.498322003,6615883.517166989,3515.079,3816.21705,3892.833208,0.3,6615883.517166989,1984765.0551500965,4631118.462016893
2018-07-31,2365474.018844987,4239097.712073002,6604571.730917988,3517.657,3810.0633416666665,3891.92996,0.3,6604571.730917988,1981371.5192753964,4623200.211642592
2018-08-01,1633292.615282991,4873870.244565001,6507162.859847992,3447.388,3803.1590833333335,3890.841276,0.3,6507162.859847992,1952148.8579543973,4555014.001893595
2018-08-02,1633292.615282991,4800293.539096999,6433586.15437999,3370.958,3795.867916666667,3889.5035559999997,0.3,6433586.15437999,1930075.846313997,4503510.308065993
2018-08-03,1633292.615282991,4720093.509121002,6353386.124403993,3315.284,3787.901675,3887.915912,0.3,6353386.124403993,1906015.8373211976,4447370.287082795
2018-08-06,1633292.615282991,4608669.123901999,6241961.73918499,3273.273,3779.561066666667,3886.12144,0.3,6241961.73918499,1872588.5217554967,4369373.217429493
2018-08-07,1633292.615282991,4749056.952286,6382349.567568991,3368.87,3773.0609333333337,3884.6454280000003,0.3,6382349.567568991,1914704.8702706974,4467644.697298294
2018-08-08,1633292.615282991,4654216.889454001,6287509.504736992,3314.508,3766.9276916666663,3882.8219280000003,0.3,6287509.504736992,1886252.8514210975,4401256.653315894
2018-08-09,1633292.615282991,4788812.014296002,6422104.629578993,3397.53,3761.806716666667,3881.368636,0.3,6422104.629578993,1926631.3888736977,4495473.240705295
2018-08-10,1633292.615282991,4821284.360275998,6454576.975558989,3405.019,3758.1764333333335,3880.077408,0.3,6454576.975558989,1936373.0926676965,4518203.882891292
2018-08-13,1633292.615282991,4872321.8085280005,6505614.423810991,3390.344,3754.011758333333,3878.8084639999997,0.3,6505614.423810991,1951684.3271432973,4553930.096667694
2018-08-14,1633292.615282991,4853069.077126999,6486361.69240999,3372.914,3749.3224416666667,3877.3929399999997,0.3,6486361.69240999,1945908.507722997,4540453.184686993
2018-08-15,1633292.615282991,4734999.549614,6368292.164896991,3291.976,3743.6975666666667,3875.631992,0.3,6368292.164896991,1910487.6494690971,4457804.515427894
2018-08-16,1633292.615282991,4680712.12014,6314004.735422991,3276.728,3737.2308583333333,3873.8147280000003,0.3,6314004.735422991,1894201.4206268974,4419803.314796094
2018-08-17,1633292.615282991,4580091.338571,6213383.953853991,3229.62,3730.2186166666665,3871.8695239999997,0.3,6213383.953853991,1864015.1861561972,4349368.767697793
2018-08-20,1633292.615282991,4573766.970720001,6207059.586002992,3267.25,3723.125541666667,3870.349124,0.3,6207059.586002992,1862117.8758008974,4344941.710202094
2018-08-21,1633292.615282991,4637337.498631,6270630.113913991,3326.649,3717.022775,3868.876988,0.3,6270630.113913991,1881189.0341741971,4389441.079739793
2018-08-22,1633292.615282991,4596681.508517001,6229974.123799992,3307.955,3711.0587166666664,3867.28458,0.3,6229974.123799992,1868992.2371399975,4360981.886659995
2018-08-23,1633292.615282991,4625738.895050001,6259031.510332992,3320.026,3704.9832166666665,3865.759,0.3,6259031.510332992,1877709.4530998976,4381322.057233095
2018-08-24,1633292.615282991,4607014.181409,6240306.796691991,3325.335,3699.223833333333,3864.175232,0.3,6240306.796691991,1872092.0390075974,4368214.757684394
2018-08-27,1633292.615282991,4750904.843252,6384197.458534991,3406.574,3694.127808333333,3862.9028279999998,0.3,6384197.458534991,1915259.2375604974,4468938.220974494
2018-08-28,1633292.615282991,4757913.842408,6391206.457690991,3400.171,3688.5745250000004,3861.5395359999998,0.3,6391206.457690991,1917361.9373072973,4473844.520383694
2018-08-29,1633292.615282991,4725902.495587,6359195.110869991,3386.574,3683.157191666666,3860.0766399999998,0.3,6359195.110869991,1907758.5332609972,4451436.577608993
2018-08-30,1633292.615282991,4622644.986908999,6255937.60219199,3351.094,3677.1029750000002,3858.456664,0.3,6255937.60219199,1876781.2806575971,4379156.321534393
2018-08-31,1633292.615282991,4580124.306668999,6213416.92195199,3334.504,3670.649966666667,3856.856096,0.3,6213416.92195199,1864025.076585597,4349391.845366392
2018-09-03,1633292.615282991,4576667.835067,6209960.450349991,3321.825,3663.934625,3854.9603800000004,0.3,6209960.450349991,1862988.1351049973,4346972.315244994
2018-09-04,1633292.615282991,4617095.433744001,6250388.049026992,3363.898,3657.873333333334,3853.0451239999998,0.3,6250388.049026992,1875116.4147080977,4375271.634318895
2018-09-05,1633292.615282991,4522953.249502,6156245.86478499,3298.141,3651.4132999999997,3850.8995360000004,0.3,6156245.86478499,1846873.759435497,4309372.105349493
2018-09-06,1633292.615282991,4490387.189781002,6123679.805063993,3262.881,3644.4692833333334,3848.6138559999995,0.3,6123679.805063993,1837103.9415191978,4286575.863544795
2018-09-07,1633292.615282991,4500945.945506,6134238.560788991,3277.644,3637.9794583333332,3846.43606,0.3,6134238.560788991,1840271.5682366972,4293966.992552293
2018-09-10,1633292.615282991,4397751.036687999,6031043.65197099,3230.068,3630.9446250000005,3844.03418,0.3,6031043.65197099,1809313.095591297,4221730.556379693
2018-09-11,1633292.615282991,4394772.446245,6028065.061527991,3224.212,3623.832191666667,3841.5485639999997,0.3,6028065.061527991,1808419.5184583971,4219645.543069594
2018-09-12,1633292.615282991,4347689.985727001,5980982.601009992,3202.025,3616.6736499999997,3838.92848,0.3,5980982.601009992,1794294.7803029974,4186687.8207069943
2018-09-13,1633292.615282991,4357913.610125998,5991206.225408989,3236.566,3610.142125,3836.476944,0.3,5991206.225408989,1797361.8676226966,4193844.357786292
2018-09-14,1633292.615282991,4306227.418256002,5939520.0335389925,3242.09,3604.6184083333337,3834.1258199999997,0.3,5939520.0335389925,1781856.0100616978,4157664.0234772945
2018-09-17,1633292.615282991,4231873.232085,5865165.847367991,3204.922,3598.99365,3831.641548,0.3,5865165.847367991,1759549.7542103971,4105616.0931575936
2018-09-18,1633292.615282991,4325478.250005,5958770.865287991,3269.432,3593.628341666667,3829.416696,0.3,5958770.865287991,1787631.2595863973,4171139.6057015937
2018-09-19,1633292.615282991,4396973.645010001,6030266.260292992,3312.482,3589.209725,3827.314888,0.3,6030266.260292992,1809079.8780878976,4221186.382205094
2018-09-20,1633292.615282991,4377764.383266,6011056.998548991,3310.126,3584.343691666667,3825.184968,0.3,6011056.998548991,1803317.0995646974,4207739.898984293
2018-09-21,1633292.615282991,4474039.738845,6107332.354127991,3410.486,3580.2769249999997,3823.5070920000003,0.3,6107332.354127991,1832199.7062383972,4275132.647889594
2018-09-25,1633292.615282991,4468333.238948998,6101625.854231989,3379.804,3576.0509666666667,3821.70112,0.3,6101625.854231989,1830487.7562695967,4271138.0979623925
2018-09-26,1633292.615282991,4532791.1895820005,6166083.804864991,3417.241,3572.340641666667,3819.9975119999995,0.3,6166083.804864991,1849825.1414594974,4316258.663405494
2018-09-27,1633292.615282991,4482011.593947001,6115304.209229992,3403.59,3568.580033333333,3818.2834080000002,0.3,6115304.209229992,1834591.2627689976,4280712.946460994
2018-09-28,1633292.615282991,4540013.746302998,6173306.361585989,3438.865,3565.1295,3816.669128,0.3,6173306.361585989,1851991.9084757965,4321314.453110192
2018-10-08,1633292.615282991,4358269.642997,5991562.258279991,3290.899,3559.8272166666666,3814.481452,0.3,5991562.258279991,1797468.6774839973,4194093.580795994
2018-10-09,1633292.615282991,4356057.568946,5989350.184228991,3288.691,3554.41345,3812.285296,0.3,5989350.184228991,1796805.0552686972,4192545.1289602937
2018-10-10,1633292.615282991,4337364.078877,5970656.694159991,3281.598,3549.271475,3810.14052,0.3,5970656.694159991,1791197.0082479974,4179459.6859119935
2018-10-11,1633292.615282991,4063164.421077,5696457.036359991,3124.114,3543.046225,3807.3538479999997,0.3,5696457.036359991,1708937.1109079972,3987519.925451994
2018-10-12,1633292.615282991,4113624.564414,5746917.17969699,3170.726,3537.7284166666664,3804.751952,0.3,5746917.17969699,1724075.153909097,4022842.025787893
2018-10-15,1633292.615282991,4044760.641651,5678053.256933991,3126.452,3532.5435083333336,3801.9676040000004,0.3,5678053.256933991,1703415.9770801973,3974637.279853794
2018-10-16,1633292.615282991,3941877.097984,5575169.713266991,3100.974,3526.999275,3799.0254959999997,0.3,5575169.713266991,1672550.9139800973,3902618.7992868936
2018-10-17,1633292.615282991,3930768.551327,5564061.16660999,3118.246,3521.2192999999997,3795.9696480000002,0.3,5564061.16660999,1669218.3499829972,3894842.816626993
2018-10-18,1633292.615282991,3794159.136448,5427451.751730992,3044.392,3515.2487833333334,3792.58776,0.3,5427451.751730992,1628235.5255192977,3799216.226211695
2018-10-19,1633292.615282991,3910229.605695001,5543522.220977992,3134.946,3509.9872833333334,3789.516796,0.3,5543522.220977992,1663056.6662933975,3880465.5546845943
2018-10-22,1633292.615282991,4136409.108000999,5769701.723283989,3270.273,3505.2104833333337,3786.946072,0.3,5769701.723283989,1730910.5169851969,4038791.2062987927
2018-10-23,1633292.615282991,4023075.182171999,5656367.79745499,3183.426,3499.8331833333336,3783.995768,0.3,5656367.79745499,1696910.3392364972,3959457.4582184935
2018-10-24,1633292.615282991,3989623.703641,5622916.318923991,3188.202,3495.10575,3781.0947920000003,0.3,5622916.318923991,1686874.8956771973,3936041.423246794
2018-10-25,1633292.615282991,3941466.882375001,5574759.497657992,3194.308,3490.417675,3778.219748,0.3,5574759.497657992,1672427.8492973975,3902331.648360594
2018-10-26,1633292.615282991,3922840.372297,5556132.987579991,3173.635,3485.500916666667,3775.137636,0.3,5556132.987579991,1666839.8962739974,3889293.0913059935
2018-10-29,1633292.615282991,3832934.445106,5466227.060388991,3076.889,3479.533325,3771.7201919999998,0.3,5466227.060388991,1639868.118116697,3826358.9422722934
2018-10-30,1633292.615282991,3874012.831270001,5507305.446552992,3110.261,3473.9971833333334,3768.453828,0.3,5507305.446552992,1652191.6339658976,3855113.8125870945
2018-10-31,1633292.615282991,3941072.752150001,5574365.367432991,3153.823,3468.327475,3765.345928,0.3,5574365.367432991,1672309.6102298973,3902055.7572030937
2018-11-01,3590717.6100719725,2003843.509174,5594561.1192459725,3177.034,3462.48045,3762.216484,0.3,5594561.1192459725,1678368.3357737917,3916192.783472181
2018-11-02,3590717.6100719725,2076053.471526,5666771.081597973,3290.246,3457.6357083333332,3759.469672,0.3,5666771.081597973,1700031.3244793918,3966739.757118581
2018-11-05,3590717.6100719725,2083390.0132829996,5674107.623354971,3262.835,3452.3838583333336,3756.546712,0.3,5674107.623354971,1702232.2870064913,3971875.33634848
2018-11-06,3590717.6100719725,2085256.783073,5675974.393144973,3243.15,3447.1364583333334,3753.43144,0.3,5675974.393144973,1702792.3179434917,3973182.0752014806
2018-11-07,3590717.6100719725,2077346.0591090005,5668063.6691809725,3221.91,3441.408266666667,3750.2801919999997,0.3,5668063.6691809725,1700419.1007542918,3967644.5684266808
2018-11-08,3590717.6100719725,2062220.4302570005,5652938.040328973,3212.774,3435.4805666666666,3747.104416,0.3,5652938.040328973,1695881.4120986918,3957056.628230281
2018-11-09,3590717.6100719725,2055022.415601,5645740.025672972,3167.444,3429.4355666666665,3743.787704,0.3,5645740.025672972,1693722.0077018917,3952018.0179710807
2018-11-12,3590717.6100719725,2101163.236402,5691880.846473972,3205.141,3423.94465,3740.6197319999997,0.3,5691880.846473972,1707564.2539421916,3984316.5925317807
2018-11-13,3590717.6100719725,2117918.721085,5708636.331156973,3237.382,3418.3972999999996,3737.5984679999997,0.3,5708636.331156973,1712590.8993470918,3996045.431809881
2018-11-14,3590717.6100719725,2104951.937914,5695669.547985973,3204.943,3412.4281416666668,3734.3346799999995,0.3,5695669.547985973,1708700.864395792,3986968.683590181
2018-11-15,3590717.6100719725,2134320.480589001,5725038.090660973,3242.372,3406.896175,3731.08718,0.3,5725038.090660973,1717511.427198292,4007526.6634626817
2018-11-16,3590717.6100719725,2138354.615099,5729072.225170972,3257.674,3401.921933333333,3727.9258520000003,0.3,5729072.225170972,1718721.6675512914,4010350.5576196807
2018-11-19,3590717.6100719725,2147993.90782,5738711.517891972,3294.603,3397.483483333333,3724.8006640000003,0.3,5738711.517891972,1721613.4553675917,4017098.0625243806
2018-11-20,3590717.6100719725,2103789.0956250005,5694506.705696973,3218.408,3392.4994,3721.226652,0.3,5694506.705696973,1708352.011709092,3986154.693987881
2018-11-21,3590717.6100719725,2116043.96674,5706761.576811972,3226.492,3387.443,3717.620328,0.3,5706761.576811972,1712028.4730435915,3994733.1037683804
2018-11-22,3590717.6100719725,2120818.279715,5711535.889786973,3214.427,3382.5298166666666,3714.0806319999997,0.3,5711535.889786973,1713460.7669360917,3998075.122850881
2018-11-23,3590717.6100719725,2047316.355069,5638033.965140972,3143.475,3377.697341666667,3710.359852,0.3,5638033.965140972,1691410.1895422917,3946623.7755986806
2018-11-26,3590717.6100719725,2034446.9239339996,5625164.534005972,3141.243,3372.1878999999994,3706.504776,0.3,5625164.534005972,1687549.3602017914,3937615.17380418
2018-11-27,3590717.6100719725,2035130.9028580007,5625848.512929974,3137.241,3366.9100000000003,3702.570336,0.3,5625848.512929974,1687754.553878992,3938093.9590509823
2018-11-28,3590717.6100719725,2059479.516535,5650197.126606972,3178.933,3361.6712916666665,3698.710736,0.3,5650197.126606972,1695059.1379820916,3955137.98862488
2018-11-29,3590717.6100719725,2021500.8407850005,5612218.4508569725,3137.654,3355.7741083333335,3694.390544,0.3,5612218.4508569725,1683665.5352570917,3928552.9155998807
2018-11-30,3590717.6100719725,2028043.634677,5618761.244748972,3172.69,3350.235266666667,3690.1710359999997,0.3,5618761.244748972,1685628.3734246916,3933132.8713242807
2018-12-03,3590717.6100719725,2085513.365624,5676230.975695972,3260.95,3345.484741666667,3686.8052479999997,0.3,5676230.975695972,1702869.2927087916,3973361.6829871805
2018-12-04,3590717.6100719725,2096325.800962999,5687043.411034972,3267.71,3341.218858333333,3683.459276,0.3,5687043.411034972,1706113.0233104916,3980930.3877244806
2018-12-05,3590717.6100719725,2086747.2463510009,5677464.856422974,3252.004,3336.819041666667,3680.2675,0.3,5677464.856422974,1703239.456926892,3974225.3994960818
2018-12-06,3590717.6100719725,2052497.888469,5643215.498540972,3181.673,3331.4500416666665,3676.7708959999995,0.3,5643215.498540972,1692964.6495622916,3950250.8489786806
2018-12-07,3590717.6100719725,2055390.538692,5646108.148763972,3181.565,3326.393591666667,3673.282144,0.3,5646108.148763972,1693832.4446291917,3952275.704134781
2018-12-10,3590717.6100719725,2027790.448736,5618508.058807972,3144.763,3321.155233333333,3669.8368000000005,0.3,5618508.058807972,1685552.4176423915,3932955.6411655806
2018-12-11,3590717.6100719725,2045660.011988999,5636377.622060971,3159.816,3316.208416666667,3666.4835160000002,0.3,5636377.622060971,1690913.2866182914,3945464.33544268
2018-12-12,3590717.6100719725,2043148.274524,5633865.8845959725,3170.609,3312.4541833333333,3663.0905239999997,0.3,5633865.8845959725,1690159.7653787916,3943706.1192171806
2018-12-13,3590717.6100719725,2070408.444904,5661126.0549759725,3219.692,3308.9895833333335,3659.8086120000003,0.3,5661126.0549759725,1698337.8164927918,3962788.2384831808
2018-12-14,3590717.6100719725,2022941.4262340008,5613659.036305973,3165.911,3305.4308,3656.408972,0.3,5613659.036305973,1684097.7108917919,3929561.3254141817
2018-12-17,3590717.6100719725,2013239.26383,5603956.873901973,3161.197,3301.6998999999996,3653.1695320000003,0.3,5603956.873901973,1681187.0621705917,3922769.811731381
2018-12-18,3590717.6100719725,1993993.7041139991,5584711.314185971,3128.427,3298.099475,3649.6697240000003,0.3,5584711.314185971,1675413.3942557913,3909297.91993018
2018-12-19,3590717.6100719725,1958889.5911720004,5549607.201243972,3091.126,3294.432933333333,3645.756228,0.3,5549607.201243972,1664882.1603731916,3884725.040870781
2018-12-20,3590717.6100719725,1955064.413098,5545782.023169972,3067.417,3291.1675583333335,3641.961832,0.3,5545782.023169972,1663734.6069509916,3882047.41621898
2018-12-21,3590717.6100719725,1925967.5421660007,5516685.152237973,3029.395,3287.8831333333337,3637.8790400000003,0.3,5516685.152237973,1655005.545671392,3861679.606566581
2018-12-24,3590717.6100719725,1954569.5306650016,5545287.140736974,3038.198,3283.943241666667,3633.927224,0.3,5545287.140736974,1663586.142221092,3881700.9985158816
2018-12-25,3590717.6100719725,1942145.0938619997,5532862.703933972,3017.282,3280.687558333333,3630.072928,0.3,5532862.703933972,1659858.8111801916,3873003.8927537804
2018-12-26,3590717.6100719725,1934464.0672119989,5525181.677283972,3002.033,3277.2938333333336,3626.139896,0.3,5525181.677283972,1657554.5031851914,3867627.1740987804
2018-12-27,3590717.6100719725,1906790.1791560005,5497507.789227973,2990.506,3274.183491666666,3621.960604,0.3,5497507.789227973,1649252.3367683918,3848255.452459581
2018-12-28,3590717.6100719725,1920338.859634,5511056.469705973,3010.654,3271.418625,3617.8812599999997,0.3,5511056.469705973,1653316.9409117918,3857739.528794181
2019-01-02,3590717.6100719725,1891371.713078,5482089.323149973,2969.535,3268.1220583333334,3613.4880040000003,0.3,5482089.323149973,1644626.7969449917,3837462.526204981
2019-01-03,3590717.6100719725,1866610.9986969996,5457328.608768972,2964.842,3264.0025416666667,3609.12898,0.3,5457328.608768972,1637198.5826306914,3820130.0261382805
2019-01-04,3590717.6100719725,1911526.8960509996,5502244.506122972,3035.874,3260.405525,3605.1063160000003,0.3,5502244.506122972,1650673.3518368916,3851571.15428608
2019-01-07,3590717.6100719725,1947217.301259,5537934.911330973,3054.303,3257.4619666666667,3601.10904,0.3,5537934.911330973,1661380.4733992917,3876554.437931681
2019-01-08,3590717.6100719725,1952229.0463840012,5542946.656455974,3047.704,3253.8507000000004,3597.3350240000004,0.3,5542946.656455974,1662883.9969367923,3880062.6595191816
2019-01-09,3590717.6100719725,1961044.2274490008,5551761.837520973,3078.476,3250.398916666667,3593.5733400000004,0.3,5551761.837520973,1665528.5512562918,3886233.2862646813
2019-01-10,3590717.6100719725,1960844.4406720004,5551562.050743973,3072.686,3247.0705833333336,3589.740664,0.3,5551562.050743973,1665468.615223192,3886093.435520781
2019-01-11,3590717.6100719725,1972122.9999310009,5562840.610002973,3094.778,3244.1155916666667,3585.770172,0.3,5562840.610002973,1668852.183000892,3893988.427002081
2019-01-14,3590717.6100719725,1958155.7909279997,5548873.400999972,3067.785,3241.0861083333334,3581.5957399999998,0.3,5548873.400999972,1664662.0202999914,3884211.38069998
2019-01-15,3590717.6100719725,1990000.66894,5580718.279011972,3127.99,3238.5831666666663,3577.592452,0.3,5580718.279011972,1674215.4837035916,3906502.7953083804
2019-01-16,3590717.6100719725,1994829.663622001,5585547.273693973,3128.652,3235.547816666666,3573.552056,0.3,5585547.273693973,1675664.182108192,3909883.0915857814
2019-01-17,3590717.6100719725,1974999.15833,5565716.768401973,3111.417,3232.0950416666665,3569.3570839999998,0.3,5565716.768401973,1669715.030520592,3896001.737881381
2019-01-18,3590717.6100719725,2004389.1136970003,5595106.723768973,3168.174,3228.6489416666664,3565.272588,0.3,5595106.723768973,1678532.0171306918,3916574.7066382812
2019-01-21,3590717.6100719725,2031690.595794001,5622408.205865974,3185.636,3225.381308333333,3561.1838800000005,0.3,5622408.205865974,1686722.461759792,3935685.744106182
2019-01-22,3590717.6100719725,1999586.230989,5590303.841060972,3143.317,3222.1069,3556.934804,0.3,5590303.841060972,1677091.1523182916,3913212.6887426805
2019-01-23,3590717.6100719725,2018324.438078,5609042.048149973,3141.053,3218.938783333333,3552.599012,0.3,5609042.048149973,1682712.6144449918,3926329.4337049816
2019-01-24,3590717.6100719725,2018322.7261649992,5609040.336236971,3158.782,3215.969641666666,3548.3331840000005,0.3,5609040.336236971,1682712.1008710915,3926328.2353658797
2019-01-25,3590717.6100719725,2010205.1080770004,5600922.718148973,3184.47,3213.1930833333336,3544.0371720000003,0.3,5600922.718148973,1680276.8154446918,3920645.902704281
2019-01-28,3590717.6100719725,2009463.922344,5600181.532415972,3183.778,3210.9963333333335,3539.7798199999997,0.3,5600181.532415972,1680054.4597247916,3920127.0726911807
2019-01-29,3590717.6100719725,1986506.202082,5577223.812153973,3193.97,3209.5214333333333,3535.470032,0.3,5577223.812153973,1673167.1436461918,3904056.668507781
2019-01-30,3590717.6100719725,1965848.9894199995,5556566.5994919725,3168.483,3208.2980916666666,3531.002384,0.3,5556566.5994919725,1666969.9798475916,3889596.619644381
2019-01-31,3590717.6100719725,1942687.5485010005,5533405.158572973,3201.633,3207.701091666667,3526.462528,0.3,5533405.158572973,1660021.5475718917,3873383.611001081
2019-02-01,1440482.631395606,4127008.090686,5567490.722081605,3247.397,3206.6888166666668,3521.921664,0.6,5567490.722081605,3340494.433248963,2226996.288832642
2019-02-11,1440482.631395606,4293326.855664001,5733809.487059606,3306.473,3206.6218583333334,3517.5880159999997,0.6,5733809.487059606,3440285.6922357637,2293523.7948238426
2019-02-12,1440482.631395606,4536720.568632,5977203.2000276055,3330.335,3206.0618999999997,3513.44904,0.6,5977203.2000276055,3586321.920016563,2390881.2800110425
2019-02-13,1440482.631395606,4554644.365193999,5995126.996589605,3397.028,3205.9953083333335,3509.511952,0.6,5995126.996589605,3597076.197953763,2398050.798635842
2019-02-14,1440482.631395606,4578650.604963001,6019133.236358607,3402.14,3206.0936083333336,3505.91244,0.6,6019133.236358607,3611479.9418151644,2407653.294543443
2019-02-15,1440482.631395606,4456099.308088999,5896581.939484606,3338.705,3205.8085333333333,3502.242852,0.6,5896581.939484606,3537949.163690763,2358632.7757938425
2019-02-18,1440482.631395606,4580680.629628,6021163.261023605,3445.745,3207.0899416666666,3498.922236,0.6,6021163.261023605,3612697.9566141632,2408465.304409442
2019-02-19,1440482.631395606,4522242.763900001,5962725.395295607,3439.608,3208.447275,3495.697076,0.6,5962725.395295607,3577635.237177364,2385090.158118243
2019-02-20,1440482.631395606,4711858.005299001,6152340.636694606,3451.927,3210.2998333333335,3492.419852,0.6,6152340.636694606,3691404.3820167636,2460936.254677843
2019-02-21,1440482.631395606,4651261.341298,6091743.972693605,3442.706,3211.7619666666665,3489.094092,0.6,6091743.972693605,3655046.383616163,2436697.5890774424
2019-02-22,1440482.631395606,4752681.376448,6193164.007843606,3520.118,3213.374208333333,3486.57902,1.0,6193164.007843606,6193164.007843606,0.0
2019-02-25,1440482.631395606,5108754.160512,6549236.791907607,3729.483,3216.8869416666666,3485.294964,1.0,6549236.791907607,6549236.791907607,0.0
2019-02-26,1440482.631395606,5116586.066834001,6557068.698229607,3684.694,3219.9258416666667,3483.985552,1.0,6557068.698229607,6557068.698229607,0.0
2019-02-27,1440482.631395606,5030669.1633,6471151.794695606,3678.392,3222.867983333333,3483.336508,1.0,6471151.794695606,6471151.794695606,0.0
2019-02-28,1440482.631395606,5149439.439307999,6589922.070703605,3669.37,3225.0579500000003,3482.453568,1.0,6589922.070703605,6589922.070703605,0.0
2019-03-01,1440482.631395606,5140330.906717,6580813.538112605,3749.714,3227.970808333333,3481.7098960000003,1.0,6580813.538112605,6580813.538112605,0.0
2019-03-04,1440482.631395606,5151284.848447,6591767.479842605,3794.104,3231.3668916666666,3481.0184679999998,1.0,6591767.479842605,6591767.479842605,0.0
2019-03-05,1440482.631395606,5240875.313971,6681357.945366606,3816.013,3235.241216666667,3480.071588,1.0,6681357.945366606,6681357.945366606,0.0
2019-03-06,1440482.631395606,5201368.963114,6641851.594509605,3848.09,3239.5211,3479.1795919999995,1.0,6641851.594509605,6641851.594509605,0.0
2019-03-07,1440482.631395606,5148504.090735001,6588986.722130606,3808.85,3243.5796416666667,3477.9413159999995,1.0,6588986.722130606,6588986.722130606,0.0
2019-03-08,1440482.631395606,5021172.234374,6461654.865769606,3657.579,3246.0269833333327,3476.335708,1.0,6461654.865769606,6461654.865769606,0.0
2019-03-11,1440482.631395606,5237934.884231,6678417.515626606,3729.955,3249.6254333333336,3475.1609600000006,1.0,6678417.515626606,6678417.515626606,0.0
2019-03-12,1440482.631395606,5214939.631751001,6655422.263146607,3755.352,3253.729358333333,3473.9860240000003,1.0,6655422.263146607,6655422.263146607,0.0
2019-03-13,1440482.631395606,5015875.076392001,6456357.707787607,3724.194,3257.450608333333,3472.816956,1.0,6456357.707787607,6456357.707787607,0.0
2019-03-14,1440482.631395606,4883735.405862,6324218.037257606,3698.486,3261.3540916666666,3471.5385119999996,1.0,6324218.037257606,6324218.037257606,0.0
2019-03-15,1440482.631395606,4940261.280119,6380743.911514606,3745.005,3265.694033333333,3470.2522719999997,1.0,6380743.911514606,6380743.911514606,0.0
2019-03-18,1440482.631395606,5129268.647968,6569751.279363606,3851.748,3271.1083916666666,3469.512648,1.0,6569751.279363606,6569751.279363606,0.0
2019-03-19,1440482.631395606,5100961.750210999,6541444.381606605,3833.963,3276.0867000000003,3468.5380999999998,1.0,6541444.381606605,6541444.381606605,0.0
2019-03-20,1440482.631395606,5068816.050898,6509298.682293605,3835.44,3281.0312833333332,3467.4444,1.0,6509298.682293605,6509298.682293605,0.0
2019-03-21,1440482.631395606,5144751.223246999,6585233.854642605,3836.891,3286.2976916666667,3466.2812999999996,1.0,6585233.854642605,6585233.854642605,0.0
2019-03-22,1440482.631395606,5096757.693229001,6537240.324624607,3833.801,3291.0007666666666,3465.2514919999994,1.0,6537240.324624607,6537240.324624607,0.0
2019-03-25,1440482.631395606,4972226.433845,6412709.065240607,3742.825,3294.5869583333333,3463.929412,1.0,6412709.065240607,6412709.065240607,0.0
2019-03-26,1440482.631395606,4910051.262139998,6350533.893535605,3700.439,3297.839566666667,3462.3465160000005,1.0,6350533.893535605,6350533.893535605,0.0
2019-03-27,1440482.631395606,4905678.531752001,6346161.163147606,3743.388,3300.61375,3461.0943759999996,1.0,6346161.163147606,6346161.163147606,0.0
2019-03-28,1440482.631395606,4925783.823701001,6366266.455096606,3728.395,3303.5186750000003,3459.710964,1.0,6366266.455096606,6366266.455096606,0.0
2019-03-29,1440482.631395606,5051117.857741,6491600.489136606,3872.341,3307.311175,3458.889512,1.0,6491600.489136606,6491600.489136606,0.0
2019-04-01,1440482.631395606,5258989.287879,6699471.919274606,3973.928,3312.063991666667,3458.541024,1.0,6699471.919274606,6699471.919274606,0.0
2019-04-02,1440482.631395606,5243290.24529,6683772.876685606,3971.285,3316.5008250000005,3458.3447679999995,1.0,6683772.876685606,6683772.876685606,0.0
2019-04-03,1440482.631395606,5260986.178788,6701468.810183605,4022.157,3322.594641666666,3458.813652,1.0,6701468.810183605,6701468.810183605,0.0
2019-04-04,1440482.631395606,5198540.9016080005,6639023.533003606,4062.231,3329.040808333333,3459.543004,1.0,6639023.533003606,6639023.533003606,0.0
2019-04-08,1440482.631395606,5158205.955889001,6598688.587284606,4057.229,3335.5044,3460.118844,1.0,6598688.587284606,6598688.587284606,0.0
2019-04-09,1440482.631395606,5158482.847089,6598965.478484606,4075.43,3343.432033333333,3461.0497,1.0,6598965.478484606,6598965.478484606,0.0
2019-04-10,1440482.631395606,5243080.35032,6683562.981715607,4085.847,3351.0580416666667,3461.8168880000003,1.0,6683562.981715607,6683562.981715607,0.0
2019-04-11,1440482.631395606,5038129.147770999,6478611.779166605,3997.578,3358.3174249999997,3462.213208,1.0,6478611.779166605,6478611.779166605,0.0
2019-04-12,1440482.631395606,5007618.428678999,6448101.060074605,3988.617,3365.71445,3462.62,1.0,6448101.060074605,6448101.060074605,0.0
2019-04-15,1440482.631395606,5001136.851113999,6441619.482509606,3975.524,3372.8584333333333,3463.072176,1.0,6441619.482509606,6441619.482509606,0.0
2019-04-16,1440482.631395606,5157447.324531,6597929.955926606,4085.789,3381.5367416666663,3463.99588,1.0,6597929.955926606,6597929.955926606,0.0
2019-04-17,1440482.631395606,5183626.490540999,6624109.121936604,4087.24,3389.472525,3464.9331239999997,1.0,6624109.121936604,6624109.121936604,0.0
2019-04-18,1440482.631395606,5237395.3779380005,6677878.009333607,4072.075,3396.154208333333,3465.512732,1.0,6677878.009333607,6677878.009333607,0.0
2019-04-19,1440482.631395606,5225215.727968998,6665698.359364605,4120.608,3403.964058333333,3466.2417920000003,1.0,6665698.359364605,6665698.359364605,0.0
2019-04-22,1440482.631395606,5143251.479188999,6583734.1105846055,4025.611,3410.942466666667,3466.749696,1.0,6583734.1105846055,6583734.1105846055,0.0
2019-04-23,1440482.631395606,5172265.230122001,6612747.861517606,4019.005,3417.8149416666665,3467.3411399999995,1.0,6612747.861517606,6612747.861517606,0.0
2019-04-24,1440482.631395606,5089208.118966001,6529690.750361607,4030.089,3424.9520583333333,3468.2260439999995,1.0,6529690.750361607,6529690.750361607,0.0
2019-04-25,1440482.631395606,4804333.969547998,6244816.6009436045,3941.816,3432.1597833333335,3468.998744,1.0,6244816.6009436045,6244816.6009436045,0.0
2019-04-26,1440482.631395606,4832536.779752001,6273019.411147608,3889.275,3438.651566666667,3469.490716,1.0,6273019.411147608,6273019.411147608,0.0
2019-04-29,1440482.631395606,4551629.977677002,5992112.609072607,3900.334,3444.8724916666665,3469.84468,1.0,5992112.609072607,5992112.609072607,0.0
2019-04-30,1440482.631395606,4474018.715417,5914501.346812606,3913.211,3451.0072999999998,3470.454108,1.0,5914501.346812606,5914501.346812606,0.0
2019-05-06,1440482.631395606,4153843.138655,5594325.770050606,3684.617,3454.2937250000004,3470.1272719999997,1.0,5594325.770050606,5594325.770050606,0.0
2019-05-07,2021054.2309195288,3717170.304548,5738224.53546753,3720.668,3458.1089999999995,3469.635988,1.0,5738224.53546753,5738224.53546753,0.0
2019-05-08,2021054.2309195288,3698150.535461999,5719204.766381528,3667.457,3461.6448916666673,3468.991008,1.0,5719204.766381528,5719204.766381528,0.0
2019-05-09,2021054.2309195288,3649339.791084999,5670394.022004528,3599.7,3464.7931416666665,3468.367832,1.0,5670394.022004528,5670394.022004528,0.0
2019-05-10,2021054.2309195288,3803218.429799,5824272.660718529,3730.451,3469.1071166666666,3468.262128,1.0,5824272.660718529,5824272.660718529,0.0
2019-05-13,2021054.2309195288,3813720.126754001,5834774.35767353,3668.726,3473.2844666666665,3467.882448,1.0,5834774.35767353,5834774.35767353,0.0
2019-05-14,2021054.2309195288,3781198.082575,5802252.313494529,3645.15,3476.9512083333334,3467.291048,1.0,5802252.313494529,5802252.313494529,0.0
2019-05-15,2021054.2309195288,3883641.094846,5904695.32576553,3727.092,3481.0321249999997,3467.1010239999996,1.0,5904695.32576553,5904695.32576553,0.0
2019-05-16,2021054.2309195288,3918368.679994999,5939422.910914528,3743.964,3485.5239666666666,3466.740128,1.0,5939422.910914528,5939422.910914528,0.0
2019-05-17,2021054.2309195288,3766863.461690001,5787917.69260953,3648.761,3488.9105416666666,3465.820464,1.0,5787917.69260953,5787917.69260953,0.0
2019-05-20,2021054.2309195288,3758516.131791,5779570.362710529,3617.792,3491.9115250000004,3464.805172,1.0,5779570.362710529,5779570.362710529,0.0
2019-05-21,2021054.2309195288,3815395.788778,5836450.019697528,3666.776,3495.0129666666667,3463.900048,1.0,5836450.019697528,5836450.019697528,0.0
2019-05-22,2021054.2309195288,3793542.653327001,5814596.88424653,3649.38,3498.6043999999997,3463.006216,1.0,5814596.88424653,5814596.88424653,0.0
2019-05-23,2021054.2309195288,3687501.092572999,5708555.323492528,3583.965,3501.5833416666665,3461.704904,1.0,5708555.323492528,5708555.323492528,0.0
2019-05-24,2021054.2309195288,3667124.027488,5688178.258407529,3593.914,3504.7457333333336,3460.384168,1.0,5688178.258407529,5688178.258407529,0.0
2019-05-27,2021054.2309195288,3772549.536434998,5793603.767354528,3637.197,3508.860083333333,3459.3615800000002,1.0,5793603.767354528,5793603.767354528,0.0
2019-05-28,2021054.2309195288,3784748.9356760015,5805803.166595532,3672.261,3513.2852333333335,3458.59442,1.0,5805803.166595532,5805803.166595532,0.0
2019-05-29,2021054.2309195288,3789673.034053999,5810727.264973528,3663.909,3517.6741333333334,3457.6378,1.0,5810727.264973528,5810727.264973528,0.0
2019-05-30,2021054.2309195288,3770590.940093002,5791645.17101253,3641.183,3521.5262166666666,3456.517564,1.0,5791645.17101253,5791645.17101253,0.0
2019-05-31,2021054.2309195288,3771844.035077001,5792898.265996531,3629.789,3525.6273416666663,3455.411888,1.0,5792898.265996531,5792898.265996531,0.0
2019-06-03,2021054.2309195288,3712110.616481001,5733164.847400529,3632.013,3529.455033333333,3454.521608,1.0,5733164.847400529,5733164.847400529,0.0
2019-06-04,2021054.2309195288,3658964.306451001,5680018.537370531,3598.467,3532.267675,3453.606608,1.0,5680018.537370531,5680018.537370531,0.0
2019-06-05,2021054.2309195288,3645343.9277789993,5666398.158698529,3597.105,3535.0126333333333,3452.7290359999997,1.0,5666398.158698529,5666398.158698529,0.0
2019-06-06,2021054.2309195288,3567806.352262,5588860.583181529,3564.678,3537.61825,3451.6547079999996,1.0,5588860.583181529,5588860.583181529,0.0
2019-06-10,2021054.2309195288,3594539.667743999,5615593.898663528,3610.744,3541.1938416666667,3450.881648,1.0,5615593.898663528,5615593.898663528,0.0
2019-06-11,2021054.2309195288,3736387.2963859993,5757441.5273055285,3719.276,3545.674766666666,3450.865264,1.0,5757441.5273055285,5757441.5273055285,0.0
2019-06-12,2021054.2309195288,3705237.104803,5726291.335722528,3691.096,3550.2275416666666,3450.4201439999997,1.0,5726291.335722528,5726291.335722528,0.0
2019-06-13,2021054.2309195288,3730388.32086,5751442.551779529,3685.393,3554.6073499999998,3450.07936,1.0,5751442.551779529,5751442.551779529,0.0
2019-06-14,2021054.2309195288,3643233.957997,5664288.188916529,3654.88,3558.6429416666665,3449.468568,1.0,5664288.188916529,5664288.188916529,0.0
2019-06-17,2021054.2309195288,3641522.709657,5662576.940576529,3654.825,3562.26905,3448.706604,1.0,5662576.940576529,5662576.940576529,0.0
2019-06-18,2021054.2309195288,3634692.752333998,5655746.983253527,3667.619,3566.44995,3448.027676,1.0,5655746.983253527,5655746.983253527,0.0
2019-06-19,2021054.2309195288,3699623.5964410007,5720677.827360529,3715.938,3571.072791666667,3447.567376,1.0,5720677.827360529,5720677.827360529,0.0
2019-06-20,2021054.2309195288,3761928.1927460018,5782982.423665531,3828.518,3576.9068833333336,3447.762984,1.0,5782982.423665531,5782982.423665531,0.0
2019-06-21,2021054.2309195288,3828220.224745999,5849274.455665529,3833.938,3583.096983333334,3447.9788080000003,1.0,5849274.455665529,5849274.455665529,0.0
2019-06-24,2021054.2309195288,3817771.053374,5838825.28429353,3841.266,3589.5457250000004,3448.0400600000003,1.0,5838825.28429353,5838825.28429353,0.0
2019-06-25,2021054.2309195288,3805846.0775600006,5826900.30847953,3801.31,3595.97835,3448.0919440000002,1.0,5826900.30847953,5826900.30847953,0.0
2019-06-26,2021054.2309195288,3809676.277729002,5830730.508648531,3794.331,3602.279458333333,3448.175804,1.0,5830730.508648531,5830730.508648531,0.0
2019-06-27,2021054.2309195288,3846032.640205,5867086.871124528,3834.817,3609.09225,3448.501336,1.0,5867086.871124528,5867086.871124528,0.0
2019-06-28,2021054.2309195288,3805565.297023001,5826619.527942531,3825.587,3615.9552,3449.319216,1.0,5826619.527942531,5826619.527942531,0.0
2019-07-01,2021054.2309195288,3922407.555045001,5943461.78596453,3935.812,3623.83275,3450.520688,1.0,5943461.78596453,5943461.78596453,0.0
2019-07-02,2021054.2309195288,3940271.298576,5961325.529495529,3937.169,3631.5537083333334,3451.897504,1.0,5961325.529495529,5961325.529495529,0.0
2019-07-03,2021054.2309195288,3922252.0407600016,5943306.271679531,3893.534,3639.2537,3453.03602,1.0,5943306.271679531,5943306.271679531,0.0
2019-07-04,2021054.2309195288,3920672.284034999,5941726.514954528,3873.102,3646.822533333333,3454.2865159999997,1.0,5941726.514954528,5941726.514954528,0.0
2019-07-05,2021054.2309195288,3930037.0089110015,5951091.239830531,3893.203,3653.9669416666666,3455.7348839999995,1.0,5951091.239830531,5951091.239830531,0.0
2019-07-08,2021054.2309195288,3819141.951873,5840196.182792529,3802.79,3660.2043333333336,3457.108996,1.0,5840196.182792529,5840196.182792529,0.0
2019-07-09,2021054.2309195288,3842479.2559460006,5863533.48686553,3793.13,3666.4162166666665,3458.587412,1.0,5863533.48686553,5863533.48686553,0.0
2019-07-10,2021054.2309195288,3797805.335835001,5818859.566754529,3786.739,3672.318408333333,3459.690428,1.0,5818859.566754529,5818859.566754529,0.0
2019-07-11,2021054.2309195288,3792896.3738799994,5813950.604799528,3785.221,3678.2562000000003,3461.199456,1.0,5813950.604799528,5813950.604799528,0.0
2019-07-12,2021054.2309195288,3799468.8855490014,5820523.11646853,3808.731,3684.205808333333,3462.79726,1.0,5820523.11646853,5820523.11646853,0.0
2019-07-15,2021054.2309195288,3856126.804773001,5877181.03569253,3824.188,3690.509166666667,3464.6390239999996,1.0,5877181.03569253,5877181.03569253,0.0
2019-07-16,2021054.2309195288,3852791.132918,5873845.363837529,3806.845,3696.166291666667,3466.4966520000003,1.0,5873845.363837529,5873845.363837529,0.0
2019-07-17,2021054.2309195288,3857691.965979999,5878746.196899528,3804.638,3701.799508333334,3468.254712,1.0,5878746.196899528,5878746.196899528,0.0
2019-07-18,2021054.2309195288,3772487.805785,5793542.036704529,3768.402,3707.274383333334,3469.491584,1.0,5793542.036704529,5793542.036704529,0.0
2019-07-19,2021054.2309195288,3795776.073311,5816830.304230529,3807.955,3712.6058916666666,3470.85334,1.0,5816830.304230529,5816830.304230529,0.0
2019-07-22,2021054.2309195288,3684678.386442001,5705732.617361531,3781.683,3717.57295,3472.349952,1.0,5705732.617361531,5705732.617361531,0.0
2019-07-23,2021054.2309195288,3744003.646415999,5765057.877335528,3789.914,3722.9612583333333,3473.585384,1.0,5765057.877335528,5765057.877335528,0.0
2019-07-24,2021054.2309195288,3790580.814165999,5811635.045085529,3819.833,3728.6177583333333,3474.893956,1.0,5811635.045085529,5811635.045085529,0.0
2019-07-25,2021054.2309195288,3812509.8360780007,5833564.06699753,3851.067,3734.3868,3476.4098799999997,1.0,5833564.06699753,5833564.06699753,0.0
2019-07-26,2021054.2309195288,3832749.156323999,5853803.387243528,3858.569,3740.004291666666,3478.046648,1.0,5853803.387243528,5853803.387243528,0.0
2019-07-29,2021054.2309195288,3831123.221384,5852177.452303529,3854.27,3745.5917249999998,3479.738436,1.0,5852177.452303529,5852177.452303529,0.0
2019-07-30,2021054.2309195288,3843654.454326,5864708.685245529,3870.318,3751.227958333334,3481.506336,1.0,5864708.685245529,5864708.685245529,0.0
2019-07-31,2021054.2309195288,3818654.545979,5839708.776898529,3835.359,3756.785258333334,3482.876196,1.0,5839708.776898529,5839708.776898529,0.0
2019-08-01,441674.4171575707,5373909.187143,5815583.604300571,3803.469,3761.8005583333334,3483.9870720000004,1.0,5815583.604300571,5815583.604300571,0.0
2019-08-02,441674.4171575707,5283154.594595,5724829.011752571,3747.438,3765.9675666666667,3484.65,0.3,5724829.011752571,1717448.7035257712,4007380.3082267996
2019-08-05,441674.4171575707,5242009.02736,5683683.444517571,3675.688,3769.044358333333,3485.0417440000006,0.3,5683683.444517571,1705105.0333552712,3978578.411162299
2019-08-06,441674.4171575707,5153747.084288999,5595421.50144657,3636.329,3771.5943083333336,3485.442076,0.3,5595421.50144657,1678626.4504339711,3916795.051012599
2019-08-07,441674.4171575707,5133196.420115999,5574870.83727357,3621.431,3773.464333333333,3485.842892,0.3,5574870.83727357,1672461.251182071,3902409.586091499
2019-08-08,441674.4171575707,5175450.629301001,5617125.046458572,3669.294,3775.6906166666668,3486.459752,0.3,5617125.046458572,1685137.5139375716,3931987.5325210006
2019-08-09,441674.4171575707,5090430.824322,5532105.241479571,3633.53,3778.147491666667,3486.923244,0.3,5532105.241479571,1659631.5724438713,3872473.6690356997
2019-08-12,441674.4171575707,5216935.048198999,5658609.46535657,3699.105,3780.258825,3487.9301119999996,0.3,5658609.46535657,1697582.8396069708,3961026.625749599
2019-08-13,441674.4171575707,5209761.217688,5651435.634845571,3665.752,3782.1433583333333,3489.109288,0.3,5651435.634845571,1695430.6904536712,3956004.9443918997
2019-08-14,441674.4171575707,5252148.410274999,5693822.82743257,3682.402,3784.063983333333,3490.57776,0.3,5693822.82743257,1708146.848229771,3985675.979202799
2019-08-15,441674.4171575707,5294152.842409,5735827.259566571,3694.001,3786.1581083333335,3492.260672,0.3,5735827.259566571,1720748.1778699711,4015079.0816965997
2019-08-16,441674.4171575707,5309942.377001999,5751616.79415957,3710.539,3787.7449500000002,3493.627348,0.3,5751616.79415957,1725485.038247871,4026131.7559116986
2019-08-19,441674.4171575707,5492405.141960999,5934079.55911857,3791.095,3788.2583833333333,3495.533696,1.0,5934079.55911857,5934079.55911857,0.0
2019-08-20,441674.4171575707,5545889.111102001,5987563.528259572,3787.732,3789.1170333333334,3497.094504,0.3,5987563.528259572,1796269.0584778714,4191294.4697817005
2019-08-21,441674.4171575707,5577791.26493,6019465.68208757,3781.758,3789.9784166666664,3498.60146,0.3,6019465.68208757,1805839.704626271,4213625.977461299
2019-08-22,441674.4171575707,5582659.526188001,6024333.943345572,3793.506,3791.0128833333333,3500.214108,1.0,6024333.943345572,6024333.943345572,0.0
2019-08-23,441674.4171575707,5571701.709260002,6013376.126417573,3820.864,3791.6058,3502.005908,1.0,6013376.126417573,6013376.126417573,0.0
2019-08-26,441674.4171575707,5527605.282499,5969279.69965657,3765.911,3791.3708583333337,3503.901648,0.3,5969279.69965657,1790783.909896971,4178495.7897595996
2019-08-27,441674.4171575707,5608835.753068,6050510.170225571,3816.946,3791.3786333333333,3506.06252,1.0,6050510.170225571,6050510.170225571,0.0
2019-08-28,441674.4171575707,5566820.753878,6008495.171035571,3802.584,3790.9994166666665,3508.3543760000002,1.0,6008495.171035571,6008495.171035571,0.0
2019-08-29,441674.4171575707,5604338.270517001,6046012.687674572,3790.187,3790.8438916666664,3510.446124,0.3,6046012.687674572,1813803.8063023714,4232208.8813722
2019-08-30,441674.4171575707,5598477.11912,6040151.536277571,3799.586,3792.027283333334,3512.337872,1.0,6040151.536277571,6040151.536277571,0.0
2019-09-02,441674.4171575707,5786736.329337,6228410.746494571,3848.32,3793.0136583333338,3514.499332,1.0,6228410.746494571,6228410.746494571,0.0
2019-09-03,441674.4171575707,5868446.034086,6310120.451243571,3853.611,3793.832483333333,3516.6336720000004,1.0,6310120.451243571,6310120.451243571,0.0
2019-09-04,441674.4171575707,5849594.002173999,6291268.41933157,3886.001,3795.180875,3518.8763360000003,1.0,6291268.41933157,6291268.41933157,0.0
2019-09-05,441674.4171575707,5927195.991264001,6368870.408421571,3925.323,3797.0711833333335,3520.951332,1.0,6368870.408421571,6368870.408421571,0.0
2019-09-06,441674.4171575707,5958141.815481,6399816.2326385705,3948.508,3798.7670416666665,3523.1446800000003,1.0,6399816.2326385705,6399816.2326385705,0.0
2019-09-09,441674.4171575707,6106130.145883,6547804.56304057,3972.948,3799.777041666667,3525.490176,1.0,6547804.56304057,6547804.56304057,0.0
2019-09-10,441674.4171575707,6090589.393559,6532263.81071657,3959.265,3800.8212249999997,3527.9228599999997,1.0,6532263.81071657,6532263.81071657,0.0
2019-09-11,441674.4171575707,6063741.583791999,6505416.00094957,3930.1,3801.610058333333,3530.305244,1.0,6505416.00094957,6505416.00094957,0.0
2019-09-12,441674.4171575707,6065225.773500999,6506900.19065857,3972.38,3802.7391333333335,3532.907464,1.0,6506900.19065857,6506900.19065857,0.0
2019-09-16,441674.4171575707,6107749.699315,6549424.116472571,3957.715,3803.77175,3535.282732,1.0,6549424.116472571,6549424.116472571,0.0
2019-09-17,441674.4171575707,5908085.26493,6349759.68208757,3891.221,3805.0083833333333,3537.6550519999996,1.0,6349759.68208757,6349759.68208757,0.0
2019-09-18,441674.4171575707,5889239.644762001,6330914.061919572,3910.084,3806.755425,3540.243864,1.0,6330914.061919572,6330914.061919572,0.0
2019-09-19,441674.4171575707,5987533.299150001,6429207.716307572,3924.382,3808.2637083333334,3542.8308159999997,1.0,6429207.716307572,6429207.716307572,0.0
2019-09-20,441674.4171575707,5966548.848811,6408223.2659685705,3935.651,3809.9908416666663,3545.653148,1.0,6408223.2659685705,6408223.2659685705,0.0
2019-09-23,441674.4171575707,5895471.527710001,6337145.944867572,3890.662,3810.1435166666665,3548.3189480000005,1.0,6337145.944867572,6337145.944867572,0.0
2019-09-24,441674.4171575707,5903643.327513001,6345317.744670572,3901.076,3809.536416666667,3551.1151520000003,1.0,6345317.744670572,6345317.744670572,0.0
2019-09-25,441674.4171575707,5790616.517510999,6232290.93466857,3870.984,3808.700575,3553.6528240000002,1.0,6232290.93466857,6232290.93466857,0.0
2019-09-26,441674.4171575707,5545392.821047001,5987067.238204571,3841.139,3807.192091666667,3556.04902,1.0,5987067.238204571,5987067.238204571,0.0
2019-09-27,441674.4171575707,5616808.042815001,6058482.459972572,3852.653,3805.4456083333334,3558.639944,1.0,6058482.459972572,6058482.459972572,0.0
2019-09-30,441674.4171575707,5493047.745256999,5934722.162414569,3814.528,3803.4231,3560.8203280000002,1.0,5934722.162414569,5934722.162414569,0.0
2019-10-08,441674.4171575707,5462512.96006,5904187.377217571,3837.679,3801.4418416666667,3562.9211160000004,1.0,5904187.377217571,5904187.377217571,0.0
2019-10-09,441674.4171575707,5523466.325305999,5965140.74246357,3843.239,3799.4201083333332,3565.053568,1.0,5965140.74246357,5965140.74246357,0.0
2019-10-10,441674.4171575707,5633813.816357,6075488.233514571,3874.639,3798.395616666667,3566.91018,1.0,6075488.233514571,6075488.233514571,0.0
2019-10-11,441674.4171575707,5630226.771730001,6071901.188887572,3911.725,3797.75485,3569.0378639999994,1.0,6071901.188887572,6071901.188887572,0.0
2019-10-14,441674.4171575707,5691840.599395001,6133515.016552572,3953.241,3797.5691583333332,3571.181864,1.0,6133515.016552572,6133515.016552572,0.0
2019-10-15,441674.4171575707,5578518.776705001,6020193.193862571,3936.25,3796.323,3573.3125039999995,1.0,6020193.193862571,6020193.193862571,0.0
2019-10-16,441674.4171575707,5571571.117834,6013245.534991571,3922.685,3794.951708333333,3575.247784,1.0,6013245.534991571,6013245.534991571,0.0
2019-10-17,441674.4171575707,5547980.440138,5989654.857295571,3925.222,3793.7279333333336,3577.7850759999997,1.0,5989654.857295571,5989654.857295571,0.0
2019-10-18,441674.4171575707,5457903.053692,5899577.470849571,3869.378,3791.6343500000003,3580.107824,1.0,5899577.470849571,5899577.470849571,0.0
2019-10-21,441674.4171575707,5430101.09135,5871775.508507571,3880.84,3790.4279249999995,3582.5047919999997,1.0,5871775.508507571,5871775.508507571,0.0
2019-10-22,441674.4171575707,5485419.036128,5927093.453285571,3895.881,3789.4018916666664,3585.5918600000005,1.0,5927093.453285571,5927093.453285571,0.0
2019-10-23,441674.4171575707,5437336.299258,5879010.716415571,3871.085,3788.0768583333333,3588.393296,1.0,5879010.716415571,5879010.716415571,0.0
2019-10-24,441674.4171575707,5430590.668823001,5872265.085980572,3870.668,3787.4839583333332,3591.3701599999995,1.0,5872265.085980572,5872265.085980572,0.0
2019-10-25,441674.4171575707,5477510.389968,5919184.807125571,3896.792,3787.5466,3594.553432,1.0,5919184.807125571,5919184.807125571,0.0
2019-10-28,441674.4171575707,5579486.486237001,6021160.903394572,3926.585,3787.765358333333,3597.7867880000003,1.0,6021160.903394572,6021160.903394572,0.0
2019-10-29,441674.4171575707,5486631.591561001,5928306.008718572,3910.226,3787.7404833333335,3601.2501239999997,1.0,5928306.008718572,5928306.008718572,0.0
2019-10-30,441674.4171575707,5393428.278139999,5835102.69529757,3891.226,3789.462225,3604.275244,1.0,5835102.69529757,5835102.69529757,0.0
2019-10-31,441674.4171575707,5347601.849603,5789276.266760571,3886.752,3790.8462583333335,3606.7411599999996,1.0,5789276.266760571,5789276.266760571,0.0
2019-11-01,1202976.690983757,4677276.593057001,5880253.284040758,3952.387,3793.2206749999996,3609.817004,1.0,5880253.284040758,5880253.284040758,0.0
2019-11-04,1202976.690983757,4736842.428979,5939819.119962757,3978.122,3796.3741916666672,3612.9766839999998,1.0,5939819.119962757,5939819.119962757,0.0
2019-11-05,1202976.690983757,4740904.489257,5943881.180240758,4002.813,3798.643875,3616.210704,1.0,5943881.180240758,5943881.180240758,0.0
2019-11-06,1202976.690983757,4704614.366452999,5907591.057436755,3984.882,3801.2785083333333,3619.455692,1.0,5907591.057436755,5907591.057436755,0.0
2019-11-07,1202976.690983757,4746982.284455,5949958.975438757,3991.875,3804.167883333333,3623.115636,1.0,5949958.975438757,5949958.975438757,0.0
2019-11-08,1202976.690983757,4737048.789512998,5940025.480496755,3973.011,3806.2172083333335,3626.566636,1.0,5940025.480496755,5940025.480496755,0.0
2019-11-11,1202976.690983757,4639164.585536001,5842141.276519759,3902.978,3807.542325,3629.563256,1.0,5842141.276519759,5842141.276519759,0.0
2019-11-12,1202976.690983757,4650223.555003,5853200.245986758,3903.689,3809.666725,3632.469876,1.0,5853200.245986758,5853200.245986758,0.0
2019-11-13,1202976.690983757,4716091.719019001,5919068.410002759,3899.982,3812.018308333333,3634.9088199999997,1.0,5919068.410002759,5919068.410002759,0.0
2019-11-14,1202976.690983757,4782260.397938001,5985237.088921757,3905.857,3814.0106500000006,3637.480908,1.0,5985237.088921757,5985237.088921757,0.0
2019-11-15,1202976.690983757,4760663.542395,5963640.233378757,3877.089,3815.908225,3640.0166639999998,1.0,5963640.233378757,5963640.233378757,0.0
2019-11-18,1202976.690983757,4788012.4219080005,5990989.112891758,3907.929,3818.607925,3642.76074,1.0,5990989.112891758,5990989.112891758,0.0
2019-11-19,1202976.690983757,4887497.103679,6090473.794662757,3947.039,3821.5506333333333,3645.6978,1.0,6090473.794662757,6090473.794662757,0.0
2019-11-20,1202976.690983757,4859862.851175,6062839.542158756,3907.864,3823.806191666667,3648.6594800000003,1.0,6062839.542158756,6062839.542158756,0.0
2019-11-21,1202976.690983757,4828412.248407999,6031388.939391756,3889.598,3825.6173333333336,3651.397308,1.0,6031388.939391756,6031388.939391756,0.0
2019-11-22,1202976.690983757,4660153.354560999,5863130.045544757,3849.995,3827.1680499999998,3653.84776,1.0,5863130.045544757,5863130.045544757,0.0
2019-11-25,1202976.690983757,4549411.124206001,5752387.815189758,3878.206,3829.1432416666667,3656.540812,1.0,5752387.815189758,5752387.815189758,0.0
2019-11-26,1202976.690983757,4550160.255628,5753136.946611756,3891.653,3831.325441666667,3659.1379359999996,1.0,5753136.946611756,5753136.946611756,0.0
2019-11-27,1202976.690983757,4559830.821281999,5762807.512265757,3875.619,3833.3554916666667,3661.609716,1.0,5762807.512265757,5762807.512265757,0.0
2019-11-28,1202976.690983757,4594739.143197999,5797715.834181756,3862.303,3835.554125,3663.8805159999997,1.0,5797715.834181756,5797715.834181756,0.0
2019-11-29,1202976.690983757,4545416.996939001,5748393.687922757,3828.671,3837.4838416666666,3666.321568,0.3,5748393.687922757,1724518.106376827,4023875.5815459304
2019-12-02,1202976.690983757,4540675.156536999,5743651.847520756,3836.059,3839.7453499999997,3668.759836,0.3,5743651.847520756,1723095.5542562266,4020556.2932645287
2019-12-03,1202976.690983757,4566957.109655999,5769933.800639756,3851.087,3841.748208333333,3671.306476,1.0,5769933.800639756,5769933.800639756,0.0
2019-12-04,1202976.690983757,4579704.172187998,5782680.863171754,3849.819,3842.8360666666663,3674.131852,1.0,5782680.863171754,5782680.863171754,0.0
2019-12-05,1202976.690983757,4665954.095286001,5868930.786269758,3879.364,3844.404966666667,3677.0843360000003,1.0,5868930.786269758,5868930.786269758,0.0
2019-12-06,1202976.690983757,4720794.652993,5923771.343976757,3902.385,3846.213233333334,3680.144912,1.0,5923771.343976757,5923771.343976757,0.0
2019-12-09,1202976.690983757,4699222.286436001,5902198.977419758,3895.447,3848.2179583333336,3683.010968,1.0,5902198.977419758,5902198.977419758,0.0
2019-12-10,1202976.690983757,4733309.215290001,5936285.906273758,3900.384,3850.2642833333334,3686.061888,1.0,5936285.906273758,5936285.906273758,0.0
2019-12-11,1202976.690983757,4734064.403894,5937041.094877757,3902.749,3852.2237,3688.9821239999997,1.0,5937041.094877757,5937041.094877757,0.0
2019-12-12,1202976.690983757,4740336.951628001,5943313.642611759,3891.024,3853.68275,3691.50242,1.0,5943313.642611759,5943313.642611759,0.0
2019-12-13,1202976.690983757,4803202.854599001,6006179.545582758,3968.221,3854.846941666666,3694.304464,1.0,6006179.545582758,6006179.545582758,0.0
2019-12-16,1202976.690983757,4869239.239159001,6072215.930142758,3987.546,3856.1270083333334,3697.246632,1.0,6072215.930142758,6072215.930142758,0.0
2019-12-17,1202976.690983757,4906737.194943,6109713.885926757,4041.8,3857.798125,3700.68714,1.0,6109713.885926757,6109713.885926757,0.0
2019-12-18,1202976.690983757,4875255.808184,6078232.499167757,4032.783,3859.7270666666664,3704.092012,1.0,6078232.499167757,6078232.499167757,0.0
2019-12-19,1202976.690983757,4872589.412805002,6075566.10378876,4027.15,3861.667225,3707.6215599999996,1.0,6075566.10378876,6075566.10378876,0.0
2019-12-20,1202976.690983757,4799726.184700001,6002702.875683758,4017.253,3863.187525,3711.0513079999996,1.0,6002702.875683758,6002702.875683758,0.0
2019-12-23,1202976.690983757,4710246.780135,5913223.4711187575,3967.096,3864.3667666666665,3714.237256,1.0,5913223.4711187575,5913223.4711187575,0.0
2019-12-24,1202976.690983757,4774980.937017002,5977957.628000759,3992.958,3864.8429833333334,3717.33032,1.0,5977957.628000759,5977957.628000759,0.0
2019-12-25,1202976.690983757,4803354.659589,6006331.350572757,3990.867,3865.290466666667,3720.6301439999997,1.0,6006331.350572757,6006331.350572757,0.0
2019-12-26,1202976.690983757,4815639.347434,6018616.038417757,4025.988,3866.39425,3724.0893079999996,1.0,6018616.038417757,6018616.038417757,0.0
2019-12-27,1202976.690983757,4742856.83948,5945833.530463757,4022.028,3867.6353000000004,3727.663712,1.0,5945833.530463757,5945833.530463757,0.0
2019-12-30,1202976.690983757,4762410.318978999,5965387.009962756,4081.633,3869.2055499999997,3731.6257400000004,1.0,5965387.009962756,5965387.009962756,0.0
2019-12-31,1202976.690983757,4804078.412493,6007055.103476757,4096.582,3871.6538166666664,3735.7424,1.0,6007055.103476757,6007055.103476757,0.0
2020-01-02,1202976.690983757,4891492.673725001,6094469.364708757,4152.241,3874.6464083333335,3740.233784,1.0,6094469.364708757,6094469.364708757,0.0
2020-01-03,1202976.690983757,4914109.905379001,6117086.596362758,4144.965,3877.631625,3744.660852,1.0,6117086.596362758,6117086.596362758,0.0
2020-01-06,1202976.690983757,4919094.865272002,6122071.55625576,4129.295,3880.4989083333335,3749.108904,1.0,6122071.55625576,6122071.55625576,0.0
2020-01-07,1202976.690983757,4999506.895239999,6202483.586223755,4160.227,3883.4280416666666,3753.7416799999996,1.0,6202483.586223755,6202483.586223755,0.0
2020-01-08,1202976.690983757,4934347.68702,6137324.378003757,4112.317,3885.829116666667,3758.228924,1.0,6137324.378003757,6137324.378003757,0.0
2020-01-09,1202976.690983757,5068078.505075001,6271055.196058758,4164.37,3888.808491666667,3762.843788,1.0,6271055.196058758,6271055.196058758,0.0
2020-01-10,1202976.690983757,5072899.126859001,6275875.817842757,4163.185,3891.7963833333333,3767.618388,1.0,6275875.817842757,6275875.817842757,0.0
2020-01-13,1202976.690983757,5184623.496378998,6387600.187362755,4203.988,3895.426266666667,3772.574972,1.0,6387600.187362755,6387600.187362755,0.0
2020-01-14,1202976.690983757,5159417.279326,6362393.970309757,4189.886,3898.609025,3777.19102,1.0,6362393.970309757,6362393.970309757,0.0
2020-01-15,1202976.690983757,5186424.685029,6389401.376012757,4166.734,3901.8177833333334,3781.640744,1.0,6389401.376012757,6389401.376012757,0.0
2020-01-16,1202976.690983757,5214507.487462997,6417484.178446755,4149.043,3904.8105250000003,3786.0461,1.0,6417484.178446755,6417484.178446755,0.0
2020-01-17,1202976.690983757,5215916.439817002,6418893.130800759,4154.853,3907.602358333334,3790.351608,1.0,6418893.130800759,6418893.130800759,0.0
2020-01-20,1202976.690983757,5286652.434730999,6489629.125714757,4185.83,3910.39205,3794.804184,1.0,6489629.125714757,6489629.125714757,0.0
2020-01-21,1202976.690983757,5257919.996890001,6460896.687873758,4114.309,3912.523216666667,3798.882308,1.0,6460896.687873758,6460896.687873758,0.0
2020-01-22,1202976.690983757,5283208.691703,6486185.382686757,4131.931,3914.837058333333,3803.138892,1.0,6486185.382686757,6486185.382686757,0.0
2020-01-23,1202976.690983757,5078033.877384,6281010.568367757,4003.901,3915.95025,3806.6425360000003,1.0,6281010.568367757,6281010.568367757,0.0
2020-02-03,1202976.690983757,4688054.232217999,5891030.923201757,3688.358,3914.7252416666665,3808.8813600000003,0.3,5891030.923201757,1767309.2769605268,4123721.64624123
2020-02-04,880644.626685815,5081024.108178997,5961668.734864812,3785.638,3914.57665,3811.578244,0.3,5961668.734864812,1788500.6204594437,4173168.1144053685
2020-02-05,880644.626685815,5190822.115734998,6071466.742420813,3828.527,3915.2523916666664,3814.2196559999998,0.3,6071466.742420813,1821440.0227262438,4250026.71969457
2020-02-06,880644.626685815,5341197.051332001,6221841.678017816,3899.775,3917.1197833333335,3817.076212,0.3,6221841.678017816,1866552.5034053447,4355289.174612471
2020-02-07,880644.626685815,5340056.892822002,6220701.519507817,3899.869,3919.3159499999997,3820.1024199999997,0.3,6220701.519507817,1866210.455852345,4354491.063655471
2020-02-10,880644.626685815,5367702.443993,6248347.070678815,3916.005,3921.7707333333333,3823.2022279999996,0.3,6248347.070678815,1874504.1212036444,4373842.949475171
2020-02-11,880644.626685815,5403246.627516001,6283891.254201816,3952.464,3924.1304833333334,3826.3769559999996,1.0,6283891.254201816,6283891.254201816,0.0
2020-02-12,880644.626685815,5465839.613742,6346484.240427814,3984.433,3927.054675,3829.576808,1.0,6346484.240427814,6346484.240427814,0.0
2020-02-13,880644.626685815,5416449.171426001,6297093.798111816,3959.919,3929.228125,3832.681372,1.0,6297093.798111816,6297093.798111816,0.0
2020-02-14,880644.626685815,5442527.471836,6323172.098521815,3987.734,3931.9113083333336,3835.856428,1.0,6323172.098521815,6323172.098521815,0.0
2020-02-17,880644.626685815,5634486.745464,6515131.372149815,4077.424,3935.2031583333332,3839.4921919999997,1.0,6515131.372149815,6515131.372149815,0.0
2020-02-18,880644.626685815,5726295.5870320005,6606940.213717816,4057.511,3938.2324083333338,3842.9157040000005,1.0,6606940.213717816,6606940.213717816,0.0
2020-02-19,880644.626685815,5697635.489153999,6578280.115839814,4051.311,3941.072175,3846.1313600000003,1.0,6578280.115839814,6578280.115839814,0.0
2020-02-20,880644.626685815,5813214.649950998,6693859.276636813,4144.656,3944.0185166666665,3849.484092,1.0,6693859.276636813,6693859.276636813,0.0
2020-02-21,880644.626685815,5893522.466812,6774167.093497815,4149.49,3947.0331666666666,3852.760712,1.0,6774167.093497815,6774167.093497815,0.0
2020-02-24,880644.626685815,6000308.611229002,6880953.2379148165,4132.839,3949.9588416666666,3855.7039560000003,1.0,6880953.2379148165,6880953.2379148165,0.0
2020-02-25,880644.626685815,5988611.968146,6869256.594831815,4123.854,3952.711741666667,3858.590812,1.0,6869256.594831815,6869256.594831815,0.0
2020-02-26,880644.626685815,5762946.679496001,6643591.306181816,4073.015,3954.813,3861.528052,1.0,6643591.306181816,6643591.306181816,0.0
2020-02-27,880644.626685815,5814704.782254999,6695349.4089408135,4084.876,3957.4710416666667,3864.0845759999997,1.0,6695349.4089408135,6695349.4089408135,0.0
2020-02-28,880644.626685815,5527816.859727,6408461.486412815,3940.049,3958.4969,3866.0863400000003,0.3,6408461.486412815,1922538.4459238444,4485923.0404889705
2020-03-02,880644.626685815,5718527.087357001,6599171.714042816,4069.666,3960.7225833333337,3868.557296,1.0,6599171.714042816,6599171.714042816,0.0
2020-03-03,880644.626685815,5840785.346192,6721429.972877814,4091.362,3963.232375,3871.15192,1.0,6721429.972877814,6721429.972877814,0.0
2020-03-04,880644.626685815,5837055.366547999,6717699.993233814,4115.052,3965.861258333333,3873.531656,1.0,6717699.993233814,6717699.993233814,0.0
2020-03-05,880644.626685815,5949785.843220999,6830430.469906813,4206.725,3968.8479666666667,3875.440624,1.0,6830430.469906813,6830430.469906813,0.0
2020-03-06,880644.626685815,5932589.264653998,6813233.891339813,4138.507,3971.2221,3877.255876,1.0,6813233.891339813,6813233.891339813,0.0
2020-03-09,880644.626685815,5673351.325077001,6553995.951762816,3997.133,3972.1482,3878.53084,1.0,6553995.951762816,6553995.951762816,0.0
2020-03-10,880644.626685815,5810169.421204,6690814.047889815,4082.732,3973.4599416666665,3880.1842880000004,1.0,6690814.047889815,6690814.047889815,0.0
2020-03-11,880644.626685815,5700473.365422998,6581117.992108813,4028.429,3974.12595,3881.299148,1.0,6581117.992108813,6581117.992108813,0.0
2020-03-12,880644.626685815,5569888.858986001,6450533.485671816,3950.911,3973.942308333333,3881.9263760000003,0.3,6450533.485671816,1935160.0457015447,4515373.439970272
2020-03-13,880644.626685815,5503990.795388003,6384635.422073818,3895.313,3973.409375,3882.243576,0.3,6384635.422073818,1915390.6266221453,4469244.795451673
2020-03-16,880644.626685815,5202949.561493997,6083594.188179812,3727.84,3971.723875,3881.762576,0.3,6083594.188179812,1825078.2564539437,4258515.931725869
2020-03-17,880644.626685815,5193202.29509,6073846.921775815,3709.682,3969.5347249999995,3881.3659040000002,0.3,6073846.921775815,1822154.0765327446,4251692.84524307
2020-03-18,880644.626685815,5129672.300495,6010316.927180815,3636.257,3966.8559083333334,3881.280616,0.3,6010316.927180815,1803095.0781542442,4207221.84902657
2020-03-19,880644.626685815,5150291.814572001,6030936.441257816,3589.093,3964.338175,3880.7171679999997,0.3,6030936.441257816,1809280.9323773447,4221655.508880471
2020-03-20,880644.626685815,5236428.929846001,6117073.556531816,3653.224,3962.1976750000003,3880.308656,0.3,6117073.556531816,1835122.0669595448,4281951.489572271
2020-03-23,880644.626685815,5025323.845485,5905968.472170815,3530.306,3958.913708333333,3879.5331039999996,0.3,5905968.472170815,1771790.5416512445,4134177.9305195706
2020-03-24,880644.626685815,5152989.261713999,6033633.888399814,3625.115,3956.3259083333332,3879.2396200000003,0.3,6033633.888399814,1810090.1665199443,4223543.72187987
2020-03-25,880644.626685815,5333007.464373999,6213652.091059814,3722.518,3954.9247083333335,3879.1496720000005,0.3,6213652.091059814,1864095.6273179443,4349556.46374187
2020-03-26,880644.626685815,5353706.424629999,6234351.051315814,3698.047,3953.2327999999998,3878.534868,0.3,6234351.051315814,1870305.3153947443,4364045.73592107
2020-03-27,880644.626685815,5322103.446427002,6202748.073112817,3710.061,3951.8917750000005,3878.0392600000005,0.3,6202748.073112817,1860824.421933845,4341923.651178972
2020-03-30,880644.626685815,5195489.129578003,6076133.756263818,3674.111,3950.499875,3877.393944,0.3,6076133.756263818,1822840.1268791452,4253293.629384672
2020-03-31,880644.626685815,5243050.819028002,6123695.445713817,3686.155,3949.112391666667,3876.791,0.3,6123695.445713817,1837108.633714145,4286586.811999672
2020-04-01,880644.626685815,5219667.414414,6100312.041099815,3675.076,3947.950291666667,3876.1561,0.3,6100312.041099815,1830093.6123299443,4270218.428769871
2020-04-02,880644.626685815,5356573.568056999,6237218.194742814,3734.531,3947.090725,3876.1229240000002,0.3,6237218.194742814,1871165.458422844,4366052.736319969
2020-04-03,880644.626685815,5337740.675275998,6218385.301961813,3713.218,3946.0072166666664,3876.17404,0.3,6218385.301961813,1865515.5905885438,4352869.71137327
2020-04-07,880644.626685815,5531556.915415,6412201.542100815,3798.021,3945.3687333333332,3876.392572,0.3,6412201.542100815,1923660.4626302444,4488541.079470571
2020-04-08,880644.626685815,5513713.295630999,6394357.922316814,3780.345,3944.2739,3876.600372,0.3,6394357.922316814,1918307.376695044,4476050.5456217695
2020-04-09,880644.626685815,5620900.911876998,6501545.538562813,3792.811,3942.9369833333335,3876.282252,0.3,6501545.538562813,1950463.6615688438,4551081.876993969
2020-04-10,880644.626685815,5496139.522936001,6376784.149621816,3769.178,3941.544716666667,3875.463252,0.3,6376784.149621816,1913035.2448865448,4463748.904735272
2020-04-13,880644.626685815,5459943.517571999,6340588.144257814,3753.257,3940.1328166666667,3874.59114,0.3,6340588.144257814,1902176.443277344,4438411.70098047
2020-04-14,880644.626685815,5598955.545185001,6479600.171870816,3825.699,3939.3034583333338,3873.805308,0.3,6479600.171870816,1943880.0515612445,4535720.120309571
2020-04-15,880644.626685815,5589506.057642,6470150.684327815,3797.362,3938.703325,3872.745832,0.3,6470150.684327815,1941045.2052983444,4529105.47902947
2020-04-16,880644.626685815,5662371.193758002,6543015.8204438165,3802.381,3938.0495,3871.72644,0.3,6543015.8204438165,1962904.746133145,4580111.074310672
2020-04-17,880644.626685815,5654350.808667001,6534995.435352816,3839.487,3937.5795500000004,3870.7826680000003,0.3,6534995.435352816,1960498.6306058448,4574496.804746971
2020-04-20,880644.626685815,5746383.271711,6627027.898396815,3853.455,3937.4326333333333,3869.8531,0.3,6627027.898396815,1988108.3695190444,4638919.5288777705
2020-04-21,880644.626685815,5717803.903024001,6598448.529709816,3808.047,3936.9107916666667,3869.094976,0.3,6598448.529709816,1979534.5589129447,4618913.970796871
2020-04-22,880644.626685815,5792761.502776002,6673406.1294618165,3839.383,3936.4323833333333,3868.49804,0.3,6673406.1294618165,2002021.838838545,4671384.290623272
2020-04-23,880644.626685815,5769154.615427998,6649799.242113813,3829.753,3935.62545,3867.914956,0.3,6649799.242113813,1994939.7726341437,4654859.469479669
2020-04-24,880644.626685815,5647398.325946001,6528042.952631816,3796.972,3934.6816666666664,3866.759688,0.3,6528042.952631816,1958412.8857895448,4569630.066842271
2020-04-27,880644.626685815,5657757.566338999,6538402.193024814,3822.769,3934.1111916666664,3865.701804,0.3,6538402.193024814,1961520.657907444,4576881.53511737
2020-04-28,880644.626685815,5676954.980599998,6557599.6072858125,3849.147,3933.7978166666667,3864.8100919999997,0.3,6557599.6072858125,1967279.8821857437,4590319.725100068
2020-04-29,880644.626685815,5628431.874693001,6509076.501378816,3867.032,3933.086525,3863.795788,0.3,6509076.501378816,1952722.9504136445,4556353.550965171
2020-04-30,880644.626685815,5704695.015033999,6585339.641719813,3912.577,3932.5403166666665,3863.343652,0.3,6585339.641719813,1975601.8925159439,4609737.74920387
2020-05-06,880644.626685815,5845939.736765001,6726584.363450816,3936.254,3931.985658333333,3863.012648,1.0,6726584.363450816,6726584.363450816,0.0
2020-05-07,1254577.9908295362,5496373.606699001,6750951.597528538,3924.895,3931.4857666666667,3862.591872,0.3,6750951.597528538,2025285.4792585613,4725666.118269976
2020-05-08,1254577.9908295362,5559427.301935,6814005.292764537,3963.622,3931.2503250000004,3862.679096,1.0,6814005.292764537,6814005.292764537,0.0
2020-05-11,1254577.9908295362,5550506.717470001,6805084.708299538,3960.18,3931.1434000000004,3862.962716,1.0,6805084.708299538,6805084.708299538,0.0
2020-05-12,1254577.9908295362,5602455.552123001,6857033.542952538,3960.238,3931.620566666667,3863.202332,1.0,6857033.542952538,6857033.542952538,0.0
2020-05-13,1254577.9908295362,5662822.889122001,6917400.879951537,3968.253,3932.1586,3863.4225,1.0,6917400.879951537,6917400.879951537,0.0
2020-05-14,1254577.9908295362,5596036.366670998,6850614.357500535,3925.218,3932.3689,3864.384904,0.3,6850614.357500535,2055184.3072501605,4795430.050250375
2020-05-15,1254577.9908295362,5630853.126880999,6885431.117710535,3912.816,3932.4268916666665,3865.1534960000004,0.3,6885431.117710535,2065629.3353131604,4819801.7823973745
2020-05-18,1254577.9908295362,5702129.52444,6956707.5152695365,3922.912,3932.8087499999997,3866.1753160000003,0.3,6956707.5152695365,2087012.254580861,4869695.260688676
2020-05-19,1254577.9908295362,5765070.826156999,7019648.816986535,3956.25,3933.211425,3867.601516,1.0,7019648.816986535,7019648.816986535,0.0
2020-05-20,1254577.9908295362,5709998.006816999,6964575.997646535,3935.222,3933.11295,3868.4206,1.0,6964575.997646535,6964575.997646535,0.0
2020-05-21,1254577.9908295362,5654151.378853,6908729.369682536,3913.795,3933.162375,3869.400876,0.3,6908729.369682536,2072618.8109047608,4836110.558777776
2020-05-22,1254577.9908295362,5502827.868953001,6757405.859782537,3824.064,3932.6162583333335,3870.116532,0.3,6757405.859782537,2027221.7579347612,4730184.101847776
2020-05-25,1254577.9908295362,5517854.248079003,6772432.238908539,3829.325,3932.4440083333334,3870.5254640000003,0.3,6772432.238908539,2031729.6716725614,4740702.567235977
2020-05-26,1254577.9908295362,5652023.006576999,6906600.997406535,3872.77,3932.3987083333336,3871.040688,0.3,6906600.997406535,2071980.2992219604,4834620.698184574
2020-05-27,1254577.9908295362,5556188.538476,6810766.529305536,3845.614,3932.01505,3871.8281,0.3,6810766.529305536,2043229.9587916608,4767536.570513875
2020-05-28,1254577.9908295362,5517186.603891001,6771764.594720537,3856.632,3931.8568250000003,3872.78346,0.3,6771764.594720537,2031529.378416161,4740235.216304376
2020-05-29,1254577.9908295362,5595658.9856940005,6850236.976523537,3867.023,3931.8961583333335,3873.584448,0.3,6850236.976523537,2055071.092957061,4795165.883566476
2020-06-01,1254577.9908295362,5759536.755388998,7014114.746218534,3971.34,3933.085066666667,3874.8722879999996,1.0,7014114.746218534,7014114.746218534,0.0
2020-06-02,1254577.9908295362,5719638.879057999,6974216.869887535,3983.568,3934.3143083333334,3876.4707000000003,1.0,6974216.869887535,6974216.869887535,0.0
2020-06-03,1254577.9908295362,5734516.587901005,6989094.57873054,3983.648,3935.4189833333335,3878.0296359999998,1.0,6989094.57873054,6989094.57873054,0.0
2020-06-04,1254577.9908295362,5746988.179068002,7001566.169897538,3982.185,3936.522033333333,3879.409588,1.0,7001566.169897538,7001566.169897538,0.0
2020-06-05,1254577.9908295362,5748748.135672999,7003326.126502534,4001.251,3937.5377583333334,3880.725548,1.0,7003326.126502534,7003326.126502534,0.0
2020-06-08,1254577.9908295362,5707790.9271939965,6962368.918023532,4021.955,3938.534175,3882.157732,1.0,6962368.918023532,6962368.918023532,0.0
2020-06-09,1254577.9908295362,5737991.590938997,6992569.581768533,4047.029,3939.7973583333337,3883.781116,1.0,6992569.581768533,6992569.581768533,0.0
2020-06-10,1254577.9908295362,5772939.996437999,7027517.987267535,4039.705,3940.9583666666663,3885.42078,1.0,7027517.987267535,7027517.987267535,0.0
2020-06-11,1254577.9908295362,5750439.88875,7005017.879579537,3995.885,3941.7345,3886.876268,1.0,7005017.879579537,7005017.879579537,0.0
2020-06-12,1254577.9908295362,5778570.726243,7033148.717072535,4003.083,3942.6683249999996,3888.4947319999997,1.0,7033148.717072535,7033148.717072535,0.0
2020-06-15,1254577.9908295362,5776513.978870004,7031091.969699539,3954.988,3942.55805,3889.926264,1.0,7031091.969699539,7031091.969699539,0.0
2020-06-16,1254577.9908295362,5889174.4312919965,7143752.422121532,4014.57,3942.78325,3891.7258320000005,1.0,7143752.422121532,7143752.422121532,0.0
2020-06-17,1254577.9908295362,5943329.158772999,7197907.149602536,4017.594,3942.581533333333,3893.353232,1.0,7197907.149602536,7197907.149602536,0.0
2020-06-18,1254577.9908295362,5898806.846741,7153384.837570537,4044.384,3942.6782083333333,3894.6536640000004,1.0,7153384.837570537,7153384.837570537,0.0
2020-06-19,1254577.9908295362,5964145.143983,7218723.134812536,4098.71,3943.2745416666667,3896.2841200000003,1.0,7218723.134812536,7218723.134812536,0.0
2020-06-22,1254577.9908295362,5999522.959328998,7254100.950158535,4102.046,3943.98115,3897.950732,1.0,7254100.950158535,7254100.950158535,0.0
2020-06-23,1254577.9908295362,6009185.819439998,7263763.810269535,4121.794,3945.2702999999997,3899.8183879999997,1.0,7263763.810269535,7263763.810269535,0.0
2020-06-24,1254577.9908295362,5965769.468604001,7220347.459433537,4138.99,3946.4872333333333,3901.755048,1.0,7220347.459433537,7220347.459433537,0.0
2020-06-29,1254577.9908295362,5992934.459096999,7247512.449926535,4109.716,3947.4776416666664,3903.523436,1.0,7247512.449926535,7247512.449926535,0.0
2020-06-30,1254577.9908295362,6082475.690970999,7337053.681800535,4163.964,3948.6274416666665,3905.31554,1.0,7337053.681800535,7337053.681800535,0.0
2020-07-01,1254577.9908295362,6061106.780266998,7315684.771096535,4247.784,3950.5087416666665,3906.9926040000005,1.0,7315684.771096535,7315684.771096535,0.0
2020-07-02,1254577.9908295362,6117865.167644,7372443.158473536,4335.845,3952.627175,3909.000232,1.0,7372443.158473536,7372443.158473536,0.0
2020-07-03,1254577.9908295362,6186275.519929,7440853.510758536,4419.596,3955.3189583333337,3911.313552,1.0,7440853.510758536,7440853.510758536,0.0
2020-07-06,1254577.9908295362,6341019.690553,7595597.681382537,4670.095,3959.634408333333,3914.7886919999996,1.0,7595597.681382537,7595597.681382537,0.0
2020-07-07,1254577.9908295362,6454558.768425,7709136.759254536,4698.126,3964.2440833333335,3918.403872,1.0,7709136.759254536,7709136.759254536,0.0
2020-07-08,1254577.9908295362,6574038.784901001,7828616.775730537,4774.004,3969.616658333333,3922.16062,1.0,7828616.775730537,7828616.775730537,0.0
2020-07-09,1254577.9908295362,6768537.092613,8023115.083442537,4840.771,3975.2878583333336,3926.221356,1.0,8023115.083442537,8023115.083442537,0.0
2020-07-10,1254577.9908295362,6766141.034646997,8020719.025476534,4753.133,3980.6279916666667,3929.4906399999995,1.0,8020719.025476534,8020719.025476534,0.0
2020-07-13,1254577.9908295362,7023210.058413002,8277788.0492425375,4852.961,3986.36625,3933.1538079999996,1.0,8277788.0492425375,8277788.0492425375,0.0
2020-07-14,1254577.9908295362,7005891.700401,8260469.691230535,4806.69,3991.7287916666664,3936.806432,1.0,8260469.691230535,8260469.691230535,0.0
2020-07-15,1254577.9908295362,6829207.752394998,8083785.743224535,4744.469,3996.2327999999998,3940.2918999999997,1.0,8083785.743224535,8083785.743224535,0.0
2020-07-16,1254577.9908295362,6482724.294003004,7737302.284832541,4516.253,3998.9525249999997,3942.7841000000003,1.0,7737302.284832541,7737302.284832541,0.0
2020-07-17,1254577.9908295362,6599861.897787,7854439.888616536,4544.701,4002.1022499999995,3945.751744,1.0,7854439.888616536,7854439.888616536,0.0
2020-07-20,1254577.9908295362,6742921.199151002,7997499.189980539,4680.305,4006.5294333333327,3949.300444,1.0,7997499.189980539,7997499.189980539,0.0
2020-07-21,1254577.9908295362,6819216.606997998,8073794.597827535,4691.043,4010.9976833333335,3952.91766,1.0,8073794.597827535,8073794.597827535,0.0
2020-07-22,1254577.9908295362,6884680.33171,8139258.322539536,4714.445,4015.4028083333333,3956.6345560000004,1.0,8139258.322539536,8139258.322539536,0.0
2020-07-23,1254577.9908295362,6908482.696562002,8163060.687391538,4712.436,4020.3871999999997,3960.249376,1.0,8163060.687391538,8163060.687391538,0.0
2020-07-24,1254577.9908295362,6606383.633770998,7860961.624600533,4505.591,4023.5010333333335,3962.9749880000004,1.0,7860961.624600533,7860961.624600533,0.0
2020-07-27,1254577.9908295362,6666431.706535,7921009.697364537,4528.45,4027.872275,3965.8614079999998,1.0,7921009.697364537,7921009.697364537,0.0
2020-07-28,1254577.9908295362,6781779.558288003,8036357.549117539,4568.258,4035.2047749999997,3968.9158880000005,1.0,8036357.549117539,8036357.549117539,0.0
2020-07-29,1254577.9908295362,6959349.794014,8213927.784843536,4679.008,4042.6495250000003,3972.558312,1.0,8213927.784843536,8213927.784843536,0.0
2020-07-30,1254577.9908295362,6973300.344031,8227878.334860535,4656.151,4049.546391666667,3975.951096,1.0,8227878.334860535,8227878.334860535,0.0
2020-07-31,1254577.9908295362,7071381.549426999,8325959.540256536,4695.046,4056.1736499999997,3979.604548,1.0,8325959.540256536,8325959.540256536,0.0
2020-08-03,1155301.9810993634,7431701.899877,8587003.880976364,4771.311,4063.4356666666663,3983.530136,1.0,8587003.880976364,8587003.880976364,0.0
2020-08-04,1155301.9810993634,7366445.847400999,8521747.828500362,4775.802,4070.6006416666664,3987.3540120000002,1.0,8521747.828500362,8521747.828500362,0.0
2020-08-05,1155301.9810993634,7483502.792298001,8638804.773397364,4777.109,4077.4726833333334,3991.0581799999995,1.0,8638804.773397364,8638804.773397364,0.0
2020-08-06,1155301.9810993634,7476492.269382002,8631794.250481365,4762.764,4083.958775,3994.67496,1.0,8631794.250481365,8631794.250481365,0.0
2020-08-07,1155301.9810993634,7386737.862961,8542039.844060363,4707.926,4090.1921666666667,3998.089584,1.0,8542039.844060363,8542039.844060363,0.0
2020-08-10,1155301.9810993634,7386339.069269003,8541641.050368367,4724.87,4096.334966666666,4001.507792,1.0,8541641.050368367,8541641.050368367,0.0
2020-08-11,1155301.9810993634,7243578.038284002,8398880.019383365,4681.784,4101.3713,4004.893492,1.0,8398880.019383365,8398880.019383365,0.0
2020-08-12,1155301.9810993634,7100125.335799,8255427.316898364,4647.645,4106.289083333333,4008.270196,1.0,8255427.316898364,8255427.316898364,0.0
2020-08-13,1155301.9810993634,7147532.962985002,8302834.944084366,4635.713,4111.1591,4011.823296,1.0,8302834.944084366,8302834.944084366,0.0
2020-08-14,1155301.9810993634,7209604.968664999,8364906.949764363,4704.629,4115.825541666667,4015.9390599999997,1.0,8364906.949764363,8364906.949764363,0.0
2020-08-17,1155301.9810993634,7376558.938827,8531860.919926364,4815.226,4121.373341666666,4020.654648,1.0,8531860.919926364,8531860.919926364,0.0
2020-08-18,1155301.9810993634,7514647.369300001,8669949.350399364,4812.756,4127.039316666666,4025.4199479999997,1.0,8669949.350399364,8669949.350399364,0.0
2020-08-19,1155301.9810993634,7391700.059042001,8547002.040141365,4740.678,4132.179516666666,4029.7054839999996,1.0,8547002.040141365,8547002.040141365,0.0
2020-08-20,1155301.9810993634,7257125.607421999,8412427.588521361,4679.154,4137.230675000001,4033.88798,1.0,8412427.588521361,8412427.588521361,0.0
2020-08-21,1155301.9810993634,7306263.630343,8461565.611442365,4718.843,4142.513733333333,4037.966932,1.0,8461565.611442365,8461565.611442365,0.0
2020-08-24,1155301.9810993634,7349626.507371999,8504928.488471363,4755.849,4149.312066666666,4042.32732,1.0,8504928.488471363,8504928.488471363,0.0
2020-08-25,1155301.9810993634,7343146.801046001,8498448.782145364,4761.951,4155.081108333334,4046.645516,1.0,8498448.782145364,8498448.782145364,0.0
2020-08-26,1155301.9810993634,7169031.941468999,8324333.922568362,4706.13,4160.204175,4050.6940320000003,1.0,8324333.922568362,8324333.922568362,0.0
2020-08-27,1155301.9810993634,7250676.299703997,8405978.28080336,4731.345,4165.33995,4054.777256,1.0,8405978.28080336,8405978.28080336,0.0
2020-08-28,1155301.9810993634,7399800.253362999,8555102.234462362,4844.265,4170.652783333333,4058.989936,1.0,8555102.234462362,8555102.234462362,0.0
2020-08-31,1155301.9810993634,7400072.197314999,8555374.178414363,4816.215,4176.30035,4063.1038679999997,1.0,8555374.178414363,8555374.178414363,0.0
2020-09-01,1155301.9810993634,7427874.327995999,8583176.309095362,4842.122,4183.341925,4067.345324,1.0,8583176.309095362,8583176.309095362,0.0
2020-09-02,1155301.9810993634,7462752.178278999,8618054.159378363,4843.887,4189.684883333333,4071.5468480000004,1.0,8618054.159378363,8618054.159378363,0.0
2020-09-03,1155301.9810993634,7388039.639031,8543341.620130364,4817.095,4196.2571,4075.531772,1.0,8543341.620130364,8543341.620130364,0.0
2020-09-04,1155301.9810993634,7357093.906617001,8512395.887716364,4770.219,4203.084666666667,4079.549004,1.0,8512395.887716364,8512395.887716364,0.0
2020-09-07,1155301.9810993634,7166447.503972,8321749.485071364,4669.368,4209.535125,4082.9586919999997,1.0,8321749.485071364,8321749.485071364,0.0
2020-09-08,1155301.9810993634,7129641.964603999,8284943.945703362,4694.389,4217.5896999999995,4086.525912,1.0,8284943.945703362,8284943.945703362,0.0
2020-09-09,1155301.9810993634,6859750.281405001,8015052.262504364,4584.589,4224.880591666667,4089.70352,1.0,8015052.262504364,8015052.262504364,0.0
2020-09-10,1155301.9810993634,6666729.650137,7822031.631236363,4581.978,4232.7616,4092.833088,1.0,7822031.631236363,7822031.631236363,0.0
2020-09-11,1155301.9810993634,6763228.372376001,7918530.353475365,4627.283,4241.413183333333,4095.9489399999998,1.0,7918530.353475365,7918530.353475365,0.0
2020-09-14,1155301.9810993634,6857866.784297,8013168.765396363,4651.051,4249.728408333333,4099.1386999999995,1.0,8013168.765396363,8013168.765396363,0.0
2020-09-15,1155301.9810993634,6936045.456208003,8091347.437307366,4688.483,4259.379883333333,4102.348628,1.0,8091347.437307366,8091347.437307366,0.0
2020-09-16,1155301.9810993634,6849795.724652999,8005097.705752362,4657.358,4267.981908333333,4105.276768,1.0,8005097.705752362,8005097.705752362,0.0
2020-09-17,1155301.9810993634,6826557.509546998,7981859.490646361,4632.714,4275.5668749999995,4108.013592,1.0,7981859.490646361,7981859.490646361,0.0
2020-09-18,1155301.9810993634,6901920.891930998,8057222.873030362,4737.089,4284.2255583333335,4111.070156,1.0,8057222.873030362,8057222.873030362,0.0
2020-09-21,1155301.9810993634,6879373.374852001,8034675.355951364,4691.428,4292.4036166666665,4113.998808,1.0,8034675.355951364,8034675.355951364,0.0
2020-09-22,1155301.9810993634,6810065.955540001,7965367.936639365,4635.761,4300.417366666667,4116.821452,1.0,7965367.936639365,7965367.936639365,0.0
2020-09-23,1155301.9810993634,6911169.146649001,8066471.127748365,4652.327,4308.4688,4119.5412400000005,1.0,8066471.127748365,8066471.127748365,0.0
2020-09-24,1155301.9810993634,6768142.610499999,7923444.591599362,4563.066,4315.868716666667,4121.962644,1.0,7923444.591599362,7923444.591599362,0.0
2020-09-25,1155301.9810993634,6737301.959625,7892603.940724364,4570.022,4322.831141666667,4124.677848,1.0,7892603.940724364,7892603.940724364,0.0
2020-09-28,1155301.9810993634,6625175.693662999,7780477.674762363,4581.909,4330.070233333334,4127.365148,1.0,7780477.674762363,7780477.674762363,0.0
2020-09-29,1155301.9810993634,6727981.529096,7883283.510195363,4591.799,4336.68505,4130.034816,1.0,7883283.510195363,7883283.510195363,0.0
2020-09-30,1155301.9810993634,6716809.071213999,7872111.052313362,4587.395,4343.410466666666,4132.641792,1.0,7872111.052313362,7872111.052313362,0.0
2020-10-09,1155301.9810993634,6891715.4040990025,8047017.385198366,4681.141,4350.813216666666,4135.8037079999995,1.0,8047017.385198366,8047017.385198366,0.0
2020-10-12,1155301.9810993634,7137155.561496001,8292457.542595364,4823.158,4359.5963833333335,4139.492036,1.0,8292457.542595364,8292457.542595364,0.0
2020-10-13,1155301.9810993634,7190498.897226002,8345800.878325365,4839.201,4368.645916666666,4143.364904,1.0,8345800.878325365,8345800.878325365,0.0
2020-10-14,1155301.9810993634,7169440.982789997,8324742.96388936,4807.102,4376.824275,4147.228756,1.0,8324742.96388936,8324742.96388936,0.0
2020-10-15,1155301.9810993634,7084899.788961002,8240201.770060365,4798.736,4385.169058333334,4151.013088,1.0,8240201.770060365,8240201.770060365,0.0
2020-10-16,1155301.9810993634,7084133.440602998,8239435.421702362,4791.676,4393.413183333334,4154.9216799999995,1.0,8239435.421702362,8239435.421702362,0.0
2020-10-19,1155301.9810993634,6996006.127021999,8151308.108121362,4755.488,4401.046525,4158.592916,1.0,8151308.108121362,8151308.108121362,0.0
2020-10-20,1155301.9810993634,7057789.939251003,8213091.920350366,4793.467,4408.879958333333,4162.393828,1.0,8213091.920350366,8213091.920350366,0.0
2020-10-21,1155301.9810993634,6966483.944038997,8121785.925138361,4792.828,4417.086466666666,4166.066584,1.0,8121785.925138361,8121785.925138361,0.0
2020-10-22,1155301.9810993634,6935880.259661998,8091182.240761361,4777.985,4424.90815,4169.531624,1.0,8091182.240761361,8091182.240761361,0.0
2020-10-23,1155301.9810993634,6765602.191122999,7920904.172222363,4718.488,4432.314275,4172.592612,1.0,7920904.172222363,7920904.172222363,0.0
2020-10-26,1155301.9810993634,6779432.548195002,7934734.529294365,4691.236,4439.766474999999,4175.612556,1.0,7934734.529294365,7934734.529294365,0.0
2020-10-27,1155301.9810993634,6870468.075263998,8025770.056363361,4699.279,4447.070725,4178.718932,1.0,8025770.056363361,8025770.056363361,0.0
2020-10-28,1155301.9810993634,6897489.534737997,8052791.51583736,4737.272,4454.471766666667,4181.967132,1.0,8052791.51583736,8052791.51583736,0.0
2020-10-29,1155301.9810993634,6909319.3242770005,8064621.305376364,4772.92,4462.020833333333,4185.5813,1.0,8064621.305376364,8064621.305376364,0.0
2020-10-30,1155301.9810993634,6702529.807820001,7857831.788919364,4695.334,4468.543808333334,4188.839276,1.0,7857831.788919364,7857831.788919364,0.0
2020-11-02,1155301.9810993634,6684085.693244999,7839387.674344363,4720.831,4475.081950000001,4192.1390759999995,1.0,7839387.674344363,7839387.674344363,0.0
2020-11-03,156142.27887479358,7841357.773348999,7997500.052223793,4777.561,4482.1875,4195.764980000001,1.0,7997500.052223793,7997500.052223793,0.0
2020-11-04,156142.27887479358,7845604.857782001,8001747.136656795,4813.656,4489.271116666667,4199.536932,1.0,8001747.136656795,8001747.136656795,0.0
2020-11-05,156142.27887479358,7941984.202712001,8098126.481586795,4885.112,4496.978883333333,4203.490212000001,1.0,8098126.481586795,8098126.481586795,0.0
2020-11-06,156142.27887479358,7825037.581042,7981179.859916794,4885.718,4504.691216666667,4207.326744,1.0,7981179.859916794,7981179.859916794,0.0
2020-11-09,156142.27887479358,7980064.365669001,8136206.644543795,4981.35,4513.133691666667,4211.61124,1.0,8136206.644543795,8136206.644543795,0.0
2020-11-10,156142.27887479358,7873980.664135999,8030122.943010793,4953.876,4521.705841666667,4215.86184,1.0,8030122.943010793,8030122.943010793,0.0
2020-11-11,156142.27887479358,7731977.393683,7888119.672557794,4904.898,4529.973191666667,4219.934424,1.0,7888119.672557794,7888119.672557794,0.0
2020-11-12,156142.27887479358,7761598.008319,7917740.287193794,4908.463,4538.186116666667,4223.758728,1.0,7917740.287193794,7917740.287193794,0.0
2020-11-13,156142.27887479358,7790019.728014001,7946162.006888795,4856.851,4545.691125,4227.273644,1.0,7946162.006888795,7946162.006888795,0.0
2020-11-16,156142.27887479358,7766718.355461001,7922860.634335795,4904.172,4553.765708333333,4230.87908,1.0,7922860.634335795,7922860.634335795,0.0
2020-11-17,156142.27887479358,7606755.221645001,7762897.500519795,4894.786,4561.940633333334,4234.518696,1.0,7762897.500519795,7762897.500519795,0.0
2020-11-18,156142.27887479358,7609147.741376,7765290.020250794,4891.672,4570.837366666668,4238.117884,1.0,7765290.020250794,7765290.020250794,0.0
2020-11-19,156142.27887479358,7776237.141022003,7932379.419896797,4927.989,4579.9929,4241.937796,1.0,7932379.419896797,7932379.419896797,0.0
2020-11-20,156142.27887479358,7875432.283471001,8031574.562345795,4943.288,4588.913883333334,4246.0990360000005,1.0,8031574.562345795,8031574.562345795,0.0
2020-11-23,156142.27887479358,7904979.390896,8061121.669770794,5005.027,4598.575658333333,4250.504388,1.0,8061121.669770794,8061121.669770794,0.0
2020-11-24,156142.27887479358,7914214.943958998,8070357.222833792,4974.286,4607.889441666667,4254.801604,1.0,8070357.222833792,8070357.222833792,0.0
2020-11-25,156142.27887479358,7799130.3741339985,7955272.653008793,4910.7,4616.5867499999995,4258.820976,1.0,7955272.653008793,7955272.653008793,0.0
2020-11-26,156142.27887479358,7770121.988596002,7926264.267470796,4919.591,4624.488841666666,4262.990984,1.0,7926264.267470796,7926264.267470796,0.0
2020-11-27,156142.27887479358,7753518.032949999,7909660.311824793,4980.765,4632.798816666666,4267.282328,1.0,7909660.311824793,7909660.311824793,0.0
2020-11-30,156142.27887479358,7698560.917659,7854703.196533794,4960.252,4640.9371833333325,4271.33518,1.0,7854703.196533794,7854703.196533794,0.0
2020-12-01,156142.27887479358,7877968.126964002,8034110.405838796,5067.098,4649.978125,4275.972115999999,1.0,8034110.405838796,8034110.405838796,0.0
2020-12-02,156142.27887479358,7883676.158957001,8039818.437831795,5067.145,4658.860575,4280.682304,1.0,8039818.437831795,8039818.437831795,0.0
2020-12-03,156142.27887479358,7846441.899098,8002584.177972794,5057.06,4667.48645,4285.510564,1.0,8002584.177972794,8002584.177972794,0.0
2020-12-04,156142.27887479358,7933373.540067,8089515.818941794,5065.916,4675.977175000001,4290.261404,1.0,8089515.818941794,8089515.818941794,0.0
2020-12-07,156142.27887479358,7951776.975579999,8107919.254454793,5022.235,4684.164925,4294.783732,1.0,8107919.254454793,8107919.254454793,0.0
2020-12-08,156142.27887479358,7971485.115564999,8127627.394439793,5009.879,4692.614874999999,4299.320772,1.0,8127627.394439793,8127627.394439793,0.0
2020-12-09,156142.27887479358,7852346.602983001,8008488.881857795,4942.699,4700.445008333333,4303.642356,1.0,8008488.881857795,8008488.881857795,0.0
2020-12-10,156142.27887479358,7917013.272987002,8073155.551861796,4940.525,4708.657816666667,4308.089772,1.0,8073155.551861796,8073155.551861796,0.0
2020-12-11,156142.27887479358,7823458.681888999,7979600.960763793,4889.629,4715.9499749999995,4312.3040519999995,1.0,7979600.960763793,7979600.960763793,0.0
2020-12-14,156142.27887479358,7976614.617997001,8132756.896871795,4934.835,4723.59365,4316.6390440000005,1.0,8132756.896871795,8132756.896871795,0.0
2020-12-15,156142.27887479358,7956735.732097001,8112878.010971795,4945.1,4731.099616666667,4321.020168,1.0,8112878.010971795,8112878.010971795,0.0
2020-12-16,156142.27887479358,7908445.236401,8064587.515275794,4953.867,4738.225925000001,4325.31818,1.0,8064587.515275794,8064587.515275794,0.0
2020-12-17,156142.27887479358,7940260.615788002,8096402.8946627965,5017.478,4745.854525,4329.778552,1.0,8096402.8946627965,8096402.8946627965,0.0
2020-12-18,156142.27887479358,7889844.818936999,8045987.097811793,4999.968,4753.172641666666,4334.196636,1.0,8045987.097811793,8045987.097811793,0.0
2020-12-21,156142.27887479358,8054072.164257,8210214.443131794,5046.84,4760.738058333332,4338.78246,1.0,8210214.443131794,8210214.443131794,0.0
2020-12-22,156142.27887479358,7938260.726109998,8094403.004984792,4964.773,4767.863533333333,4343.030556,1.0,8094403.004984792,8094403.004984792,0.0
2020-12-23,156142.27887479358,8080183.824455998,8236326.103330792,5007.124,4774.889866666666,4347.4949560000005,1.0,8236326.103330792,8236326.103330792,0.0
2020-12-24,156142.27887479358,7987457.028072999,8143599.306947793,5000.015,4781.158458333333,4351.6221319999995,1.0,8143599.306947793,8143599.306947793,0.0
2020-12-25,156142.27887479358,8082365.765308002,8238508.044182796,5042.014,4787.0432,4355.840004000001,1.0,8238508.044182796,8238508.044182796,0.0
2020-12-28,156142.27887479358,8009730.242496004,8165872.521370798,5064.415,4792.416691666667,4359.930464,1.0,8165872.521370798,8165872.521370798,0.0
2020-12-29,156142.27887479358,7877388.260600002,8033530.5394747965,5042.936,4795.5237,4363.971076,1.0,8033530.5394747965,8033530.5394747965,0.0
2020-12-30,156142.27887479358,7987803.394332003,8143945.673206797,5113.711,4798.986908333333,4368.31732,1.0,8143945.673206797,8143945.673206797,0.0
2020-12-31,156142.27887479358,8198581.932726998,8354724.211601792,5211.289,4802.63095,4373.093464,1.0,8354724.211601792,8354724.211601792,0.0
2021-01-04,156142.27887479358,8399762.491945,8555904.770819794,5267.718,4806.188841666666,4378.2959519999995,1.0,8555904.770819794,8555904.770819794,0.0
2021-01-05,156142.27887479358,8469504.578540005,8625646.857414799,5368.505,4811.316941666666,4383.79814,1.0,8625646.857414799,8625646.857414799,0.0
2021-01-06,156142.27887479358,8462871.716040004,8619013.994914798,5417.668,4816.022833333333,4389.505343999999,1.0,8619013.994914798,8619013.994914798,0.0
2021-01-07,156142.27887479358,8477616.842018997,8633759.120893791,5513.657,4821.914225,4395.4560200000005,1.0,8633759.120893791,8633759.120893791,0.0
2021-01-08,156142.27887479358,8319744.356375,8475886.635249794,5495.431,4828.172241666666,4401.349632,1.0,8475886.635249794,8475886.635249794,0.0
2021-01-11,156142.27887479358,8146349.102365003,8302491.381239797,5441.158,4835.879783333333,4406.787732,1.0,8302491.381239797,8302491.381239797,0.0
2021-01-12,156142.27887479358,8269597.393926001,8425739.672800794,5596.353,4844.643549999999,4412.786816,1.0,8425739.672800794,8425739.672800794,0.0
2021-01-13,156142.27887479358,8173592.009061999,8329734.287936793,5577.971,4852.1241,4418.489736,1.0,8329734.287936793,8329734.287936793,0.0
2021-01-14,156142.27887479358,8039398.207533002,8195540.486407796,5470.456,4858.619208333333,4423.7917,1.0,8195540.486407796,8195540.486407796,0.0
2021-01-15,156142.27887479358,8137352.908173001,8293495.187047795,5458.081,4864.816175,4429.106844000001,1.0,8293495.187047795,8293495.187047795,0.0
2021-01-18,156142.27887479358,8321416.792039001,8477559.070913795,5518.521,4871.533550000001,4434.5400199999995,1.0,8477559.070913795,8477559.070913795,0.0
2021-01-19,156142.27887479358,8240899.180877,8397041.459751794,5437.523,4879.29965,4439.840844,1.0,8397041.459751794,8397041.459751794,0.0
2021-01-20,156142.27887479358,8431234.300816,8587376.579690794,5476.434,4887.199516666667,4445.089099999999,1.0,8587376.579690794,8587376.579690794,0.0
2021-01-21,156142.27887479358,8530842.630066002,8686984.908940796,5564.969,4895.505441666667,4450.696236,1.0,8686984.908940796,8686984.908940796,0.0
2021-01-22,156142.27887479358,8619367.385784,8775509.664658794,5569.776,4902.928508333333,4456.159388,1.0,8775509.664658794,8775509.664658794,0.0
2021-01-25,156142.27887479358,8677486.281769004,8833628.560643798,5625.923,4911.009941666667,4461.903536000001,1.0,8833628.560643798,8833628.560643798,0.0
2021-01-26,156142.27887479358,8458262.883217,8614405.162091793,5512.968,4917.825958333333,4467.288472,1.0,8614405.162091793,8614405.162091793,0.0
2021-01-27,156142.27887479358,8495522.625257999,8651664.904132793,5528.003,4924.131724999999,4472.804312,1.0,8651664.904132793,8651664.904132793,0.0
2021-01-28,156142.27887479358,8292202.170201004,8448344.449075798,5377.143,4929.142900000001,4477.693472,1.0,8448344.449075798,8448344.449075798,0.0
2021-01-29,156142.27887479358,8195100.088744,8351242.367618795,5351.965,4933.933366666666,4482.358011999999,1.0,8351242.367618795,8351242.367618795,0.0
2021-02-01,156142.27887479358,8245688.592761999,8401830.871636793,5417.648,4939.390733333334,4487.571368,1.0,8401830.871636793,8401830.871636793,0.0
2021-02-02,118031.11129519928,8444878.417407,8562909.5287022,5501.092,4946.0004500000005,4493.048011999999,1.0,8562909.5287022,8562909.5287022,0.0
2021-02-03,118031.11129519928,8316870.328818001,8434901.4401132,5485.201,4952.336541666666,4498.973212,1.0,8434901.4401132,8434901.4401132,0.0
2021-02-04,118031.11129519928,8135419.926999004,8253451.038294203,5473.948,4958.937908333333,4506.115572000001,1.0,8253451.038294203,8253451.038294203,0.0
2021-02-05,118031.11129519928,8044061.097536,8162092.208831199,5483.414,4965.902650000001,4512.906676,1.0,8162092.208831199,8162092.208831199,0.0
2021-02-08,118031.11129519928,8110967.712477004,8228998.823772203,5564.562,4973.643058333332,4519.850815999999,1.0,8228998.823772203,8228998.823772203,0.0
2021-02-09,118031.11129519928,8335495.651300001,8453526.7625952,5686.25,4981.823233333333,4526.996716,1.0,8453526.7625952,8453526.7625952,0.0
2021-02-10,118031.11129519928,8440760.73388,8558791.8451752,5807.719,4990.094008333333,4534.628116,1.0,8558791.8451752,8558791.8451752,0.0
2021-02-18,118031.11129519928,8420404.444534998,8538435.555830197,5768.381,4998.05755,4542.03762,1.0,8538435.555830197,8538435.555830197,0.0
2021-02-19,118031.11129519928,8451856.046973998,8569887.158269197,5778.842,5006.7089166666665,4549.343131999999,1.0,8569887.158269197,8569887.158269197,0.0
2021-02-22,118031.11129519928,8273333.379726,8391364.4910212,5597.333,5014.360408333333,4555.794732,1.0,8391364.4910212,8391364.4910212,0.0
2021-02-23,118031.11129519928,8234768.046826001,8352799.1581212,5579.668,5021.53395,4562.273728,1.0,8352799.1581212,8352799.1581212,0.0
2021-02-24,118031.11129519928,8109157.060912,8227188.172207199,5437.568,5027.214941666666,4568.073064,1.0,8227188.172207199,8227188.172207199,0.0
2021-02-25,118031.11129519928,8074743.535042,8192774.646337199,5469.558,5033.111666666666,4573.6416,1.0,8192774.646337199,8192774.646337199,0.0
2021-02-26,118031.11129519928,7882119.685583997,8000150.796879197,5336.761,5038.366925,4578.758599999999,1.0,8000150.796879197,8000150.796879197,0.0
2021-03-01,118031.11129519928,8075726.056329999,8193757.167625198,5418.784,5044.095583333333,4584.228491999999,1.0,8193757.167625198,8193757.167625198,0.0
2021-03-02,118031.11129519928,8022503.760245997,8140534.8715411965,5349.63,5048.306958333333,4589.048388,1.0,8140534.8715411965,8140534.8715411965,0.0
2021-03-03,118031.11129519928,8089021.961883999,8207053.073179198,5452.213,5053.606941666667,4594.25928,1.0,8207053.073179198,8207053.073179198,0.0
2021-03-04,118031.11129519928,7820780.343789001,7938811.4550842,5280.706,5057.261808333334,4598.850748000001,1.0,7938811.4550842,7938811.4550842,0.0
2021-03-05,118031.11129519928,7851166.304717001,7969197.4160122,5262.796,5060.752716666667,4603.406516,1.0,7969197.4160122,7969197.4160122,0.0
2021-03-08,118031.11129519928,7515888.422265001,7633919.5335602,5080.025,5062.9438,4607.434556,1.0,7633919.5335602,7633919.5335602,0.0
2021-03-09,118031.11129519928,7296613.366393999,7414644.477689198,4970.999,5064.6169666666665,4610.979047999999,0.3,7414644.477689198,2224393.3433067594,5190251.134382439
2021-03-10,118031.11129519928,7335726.298403998,7453757.409699197,5003.612,5067.402333333333,4615.233300000001,0.3,7453757.409699197,2236127.222909759,5217630.186789438
2021-03-11,118031.11129519928,7513293.503835001,7631324.6151302,5128.216,5071.017558333334,4619.4675,1.0,7631324.6151302,7631324.6151302,0.0
2021-03-12,118031.11129519928,7519069.915030003,7637101.026325202,5146.379,5075.699141666667,4623.687568,1.0,7637101.026325202,7637101.026325202,0.0
2021-03-15,118031.11129519928,7408127.521620002,7526158.632915201,5035.544,5079.478858333333,4627.369536,0.3,7526158.632915201,2257847.58987456,5268311.043040641
2021-03-16,118031.11129519928,7459656.862125,7577687.973420199,5079.362,5083.246183333334,4630.860084,0.3,7577687.973420199,2273306.39202606,5304381.58139414
2021-03-17,118031.11129519928,7560357.549475999,7678388.660771198,5100.858,5086.994575,4634.7094879999995,1.0,7678388.660771198,7678388.660771198,0.0
2021-03-18,118031.11129519928,7606173.392907999,7724204.5042031985,5141.768,5090.771949999999,4639.288028,1.0,7724204.5042031985,7724204.5042031985,0.0
2021-03-19,118031.11129519928,7539809.100449,7657840.211744199,5007.091,5093.686391666666,4642.985463999999,0.3,7657840.211744199,2297352.0635232595,5360488.14822094
2021-03-22,118031.11129519928,7623886.418660004,7741917.529955203,5057.152,5097.2233750000005,4647.100356,0.3,7741917.529955203,2322575.2589865606,5419342.270968642
2021-03-23,118031.11129519928,7524131.853293,7642162.964588199,5009.246,5099.491349999999,4651.333696000001,0.3,7642162.964588199,2292648.8893764596,5349514.075211739
2021-03-24,118031.11129519928,7414132.253529999,7532163.364825198,4928.685,5101.468491666667,4655.467184,0.3,7532163.364825198,2259649.0094475592,5272514.355377639
2021-03-25,118031.11129519928,7462213.694974003,7580244.806269202,4926.347,5103.890041666667,4660.261211999999,0.3,7580244.806269202,2274073.4418807607,5306171.364388442
2021-03-26,118031.11129519928,7622494.607322003,7740525.718617202,5037.99,5107.1039,4665.574443999999,0.3,7740525.718617202,2322157.7155851605,5418368.003032042
2021-03-29,118031.11129519928,7661135.333739004,7779166.445034203,5046.877,5111.1356583333345,4671.216923999999,0.3,7779166.445034203,2333749.9335102607,5445416.511523942
2021-03-30,118031.11129519928,7746764.622295001,7864795.7335902,5094.729,5115.508216666667,4677.239468000001,0.3,7864795.7335902,2359438.7200770597,5505357.01351314
2021-03-31,118031.11129519928,7637984.347451002,7756015.458746201,5048.361,5119.395316666666,4682.820016000001,0.3,7756015.458746201,2326804.6376238605,5429210.821122341
2021-04-01,118031.11129519928,7747943.598230002,7865974.7095252015,5110.777,5123.720133333333,4689.1419000000005,0.3,7865974.7095252015,2359792.4128575604,5506182.296667641
2021-04-02,118031.11129519928,7819964.146953003,7937995.258248202,5161.557,5128.5048166666675,4695.287668000001,1.0,7937995.258248202,7937995.258248202,0.0
2021-04-06,118031.11129519928,7854420.575484999,7972451.6867801985,5140.342,5132.331491666667,4700.958964,1.0,7972451.6867801985,7972451.6867801985,0.0
2021-04-07,118031.11129519928,7826705.435049001,7944736.5463442,5103.743,5134.6697,4706.5817480000005,0.3,7944736.5463442,2383420.96390326,5561315.582440941
2021-04-08,118031.11129519928,7857458.453952003,7975489.565247202,5112.209,5136.944766666667,4712.190340000001,0.3,7975489.565247202,2392646.869574161,5582842.695673041
2021-04-09,118031.11129519928,7810223.407471999,7928254.518767199,5035.337,5138.846724999999,4717.635244,0.3,7928254.518767199,2378476.3556301594,5549778.163137039
2021-04-12,118031.11129519928,7597298.022905,7715329.134200199,4947.746,5140.088475,4722.681608,0.3,7715329.134200199,2314598.7402600595,5400730.39394014
2021-04-13,118031.11129519928,7577046.026543,7695077.137838199,4939.644,5141.321541666666,4727.73988,0.3,7695077.137838199,2308523.1413514595,5386553.996486739
2021-04-14,118031.11129519928,7693669.438863998,7811700.550159197,4980.628,5143.197708333333,4732.724268,0.3,7811700.550159197,2343510.165047759,5468190.385111438
2021-04-15,118031.11129519928,7634480.469235999,7752511.5805311985,4948.974,5144.4936,4737.667292,0.3,7752511.5805311985,2325753.4741593595,5426758.106371839
2021-04-16,118031.11129519928,7664514.548198001,7782545.6594932,4966.181,5145.938208333334,4742.339932,0.3,7782545.6594932,2334763.6978479596,5447781.96164524
2021-04-19,118031.11129519928,7868057.189442,7986088.300737199,5087.017,5148.513475000001,4747.5666200000005,0.3,7986088.300737199,2395826.4902211595,5590261.81051604
2021-04-20,118031.11129519928,7904136.841987001,8022167.9532822,5083.365,5151.554116666667,4752.728836,0.3,8022167.9532822,2406650.3859846597,5615517.567297541
2021-04-21,118031.11129519928,7913818.984419999,8031850.095715198,5098.745,5154.950025,4758.047104,0.3,8031850.095715198,2409555.028714559,5622295.067000639
2021-04-22,118031.11129519928,7926920.796674998,8044951.907970197,5089.244,5158.199733333333,4763.391052,0.3,8044951.907970197,2413485.572391059,5631466.335579138
2021-04-23,118031.11129519928,7954448.483488998,8072479.594784197,5135.453,5161.517908333333,4768.630068,0.3,8072479.594784197,2421743.878435259,5650735.716348939
2021-04-26,118031.11129519928,7934842.891009999,8052874.002305198,5077.237,5164.053883333333,4773.749568,0.3,8052874.002305198,2415862.2006915594,5637011.801613639
2021-04-27,118031.11129519928,7965954.069057,8083985.180352199,5090.52,5167.3471,4778.902124000001,0.3,8083985.180352199,2425195.5541056595,5658789.62624654
2021-04-28,118031.11129519928,8072936.835367004,8190967.946662203,5119.242,5170.667191666666,4784.021144,0.3,8190967.946662203,2457290.383998661,5733677.562663542
2021-04-29,118031.11129519928,8078350.164423,8196381.275718199,5164.169,5173.888925,4789.264,0.3,8196381.275718199,2458914.3827154594,5737466.893002739
2021-04-30,118031.11129519928,8072715.459002001,8190746.5702972,5123.489,5176.470866666667,4794.525768,0.3,8190746.5702972,2457223.97108916,5733522.59920804
2021-05-06,118031.11129519928,8056573.162523999,8174604.273819198,5061.124,5177.937633333334,4799.412732000001,0.3,8174604.273819198,2452381.282145759,5722222.991673439
2021-05-07,1497967.4137829274,6427942.362518997,7925909.776301924,4996.053,5178.857091666667,4804.077932,0.3,7925909.776301924,2377772.9328905772,5548136.843411347
2021-05-10,1497967.4137829274,6466870.000104999,7964837.413887926,4992.422,5178.949358333333,4808.859732,0.3,7964837.413887926,2389451.224166378,5575386.189721549
2021-05-11,1497967.4137829274,6473626.535460999,7971593.949243926,5023.06,5179.525891666666,4813.660895999999,0.3,7971593.949243926,2391478.184773178,5580115.764470749
2021-05-12,1497967.4137829274,6532723.720678,8030691.134460927,5044.548,5180.689641666667,4818.4425,0.3,8030691.134460927,2409207.340338278,5621483.794122649
2021-05-13,1497967.4137829274,6471382.790411,7969350.204193927,4992.974,5181.393899999999,4822.946267999999,0.3,7969350.204193927,2390805.061258178,5578545.142935749
2021-05-14,1497967.4137829274,6584358.848673001,8082326.262455928,5110.59,5183.508391666666,4827.73832,0.3,8082326.262455928,2424697.878736778,5657628.38371915
2021-05-17,1497967.4137829274,6531995.744113002,8029963.157895929,5184.985,5185.848500000001,4832.733244,0.3,8029963.157895929,2408988.9473687788,5620974.21052715
2021-05-18,1497967.4137829274,6579246.668305999,8077214.082088926,5187.601,5188.288625,4837.784068,0.3,8077214.082088926,2423164.2246266776,5654049.857462248
2021-05-19,1497967.4137829274,6602288.713727001,8100256.127509928,5172.272,5190.626958333333,4842.618667999999,0.3,8100256.127509928,2430076.8382529784,5670179.28925695
2021-05-20,1497967.4137829274,6596173.6097030025,8094141.02348593,5186.412,5192.780483333334,4847.523596,0.3,8094141.02348593,2428242.3070457787,5665898.7164401505
2021-05-21,1497967.4137829274,6597914.074684999,8095881.488467926,5134.148,5194.370983333332,4852.219236000001,0.3,8095881.488467926,2428764.4465403776,5667117.041927548
2021-05-24,1497967.4137829274,6620623.611569002,8118591.0253519295,5155.588,5195.6256583333325,4856.968576,0.3,8118591.0253519295,2435577.3076055786,5683013.717746351
2021-05-25,1497967.4137829274,6706583.381758001,8204550.795540928,5318.478,5198.493925,4862.5416159999995,1.0,8204550.795540928,8204550.795540928,0.0
2021-05-26,1497967.4137829274,6681474.024480999,8179441.438263926,5320.593,5201.9097,4868.172724,1.0,8179441.438263926,8179441.438263926,0.0
2021-05-27,1497967.4137829274,6785210.972868002,8283178.386650929,5338.233,5205.398383333333,4873.834008000001,1.0,8283178.386650929,8283178.386650929,0.0
2021-05-28,1497967.4137829274,6706176.602151998,8204144.015934925,5321.089,5208.234416666667,4879.293364,1.0,8204144.015934925,8204144.015934925,0.0
2021-05-31,1497967.4137829274,6796147.567765,8294114.981547927,5331.57,5211.328733333333,4884.878756,1.0,8294114.981547927,8294114.981547927,0.0
2021-06-01,1497967.4137829274,6810453.5694470005,8308420.983229928,5341.68,5213.616916666667,4890.590296,1.0,8308420.983229928,8308420.983229928,0.0
2021-06-02,1497967.4137829274,6744389.264169002,8242356.677951929,5289.974,5215.473825,4896.453936000001,1.0,8242356.677951929,8242356.677951929,0.0
2021-06-03,1497967.4137829274,6753110.697539002,8251078.111321929,5255.286,5217.125708333333,4902.1577800000005,1.0,8251078.111321929,8251078.111321929,0.0
2021-06-04,1497967.4137829274,6808761.650230001,8306729.064012928,5282.277,5218.928716666666,4907.795808,1.0,8306729.064012928,8306729.064012928,0.0
2021-06-07,1497967.4137829274,6878435.582243999,8376402.996026926,5277.627,5221.056983333333,4913.52386,1.0,8376402.996026926,8376402.996026926,0.0
2021-06-08,1497967.4137829274,6842853.965626,8340821.379408928,5232.117,5222.908966666667,4919.025799999999,1.0,8340821.379408928,8340821.379408928,0.0
2021-06-09,1497967.4137829274,6853795.914362001,8351763.328144928,5236.449,5225.356883333333,4924.503503999999,1.0,8351763.328144928,8351763.328144928,0.0
2021-06-10,1497967.4137829274,6898087.448302001,8396054.862084929,5271.466,5228.114725,4929.704008,1.0,8396054.862084929,8396054.862084929,0.0
2021-06-11,1497967.4137829274,6875287.678996001,8373255.092778929,5224.703,5230.907008333334,4934.668548,0.3,8373255.092778929,2511976.5278336783,5861278.564945251
2021-06-15,1497967.4137829274,6874728.914305002,8372696.32808793,5166.56,5232.83805,4939.400196,0.3,8372696.32808793,2511808.8984263786,5860887.4296615515
2021-06-16,1497967.4137829274,6740088.602892999,8238056.016675926,5080.491,5233.966308333333,4943.79342,0.3,8238056.016675926,2471416.805002778,5766639.211673148
2021-06-17,1497967.4137829274,6788225.559639,8286192.973421928,5101.892,5235.19985,4948.195983999999,0.3,8286192.973421928,2485857.892026578,5800335.081395349
2021-06-18,1497967.4137829274,6882889.303262,8380856.717044927,5102.466,5235.908083333333,4952.5180279999995,0.3,8380856.717044927,2514257.015113478,5866599.701931449
2021-06-21,1497967.4137829274,6960673.254320001,8458640.66810293,5090.385,5236.661558333333,4956.691452,0.3,8458640.66810293,2537592.200430879,5921048.46767205
2021-06-22,1497967.4137829274,7017210.586336998,8515178.000119926,5122.158,5237.289208333334,4961.021263999999,0.3,8515178.000119926,2554553.400035978,5960624.600083949
2021-06-23,1497967.4137829274,7086568.700379003,8584536.114161931,5147.394,5238.81105,4965.6273,0.3,8584536.114161931,2575360.834248579,6009175.279913352
2021-06-24,1497967.4137829274,7006847.789222998,8504815.203005925,5155.974,5240.051466666668,4970.238864,0.3,8504815.203005925,2551444.5609017774,5953370.642104147
2021-06-25,1497967.4137829274,7063511.467955001,8561478.881737929,5239.968,5242.051075,4975.3787839999995,0.3,8561478.881737929,2568443.6645213785,5993035.21721655
2021-06-28,1497967.4137829274,7115294.934723004,8613262.348505931,5251.76,5243.798958333334,4980.327544000001,1.0,8613262.348505931,8613262.348505931,0.0
2021-06-29,1497967.4137829274,7024822.717496998,8522790.131279925,5190.545,5244.850041666667,4985.019348,0.3,8522790.131279925,2556837.039383977,5965953.091895947
2021-06-30,1497967.4137829274,7078470.103411,8576437.517193928,5224.041,5246.35925,4989.737975999999,0.3,8576437.517193928,2572931.2551581785,6003506.26203575
2021-07-01,1497967.4137829274,7055599.786478002,8553567.20026093,5229.664,5247.325525000001,4994.261792,0.3,8553567.20026093,2566070.1600782787,5987497.040182651
2021-07-02,1497967.4137829274,6960776.646889003,8458744.060671931,5081.117,5246.240758333334,4998.178075999999,0.3,8458744.060671931,2537623.218201579,5921120.842470352
2021-07-05,1497967.4137829274,7058948.132288998,8556915.546071926,5085.792,5244.724708333334,5002.034068,0.3,8556915.546071926,2567074.6638215776,5989840.882250348
2021-07-06,1497967.4137829274,7037200.415317999,8535167.829100927,5083.104,5242.346366666667,5005.8105239999995,0.3,8535167.829100927,2560550.348730278,5974617.480370649
2021-07-07,1497967.4137829274,7117900.260157,8615867.673939928,5140.49,5240.03655,5009.933619999999,0.3,8615867.673939928,2584760.3021819782,6031107.371757951
2021-07-08,1497967.4137829274,7128302.427182999,8626269.840965927,5088.257,5236.491550000001,5013.630792,0.3,8626269.840965927,2587880.952289778,6038388.888676149
2021-07-09,1497967.4137829274,7162869.536759001,8660836.950541928,5069.436,5232.941591666667,5016.9174,0.3,8660836.950541928,2598251.0851625786,6062585.86537935
2021-07-12,1497967.4137829274,7336964.872277001,8834932.286059929,5132.709,5230.371183333334,5020.104856,0.3,8834932.286059929,2650479.685817979,6184452.60024195
2021-07-13,1497967.4137829274,7422778.478531001,8920745.89231393,5142.099,5226.585733333334,5022.994868000001,0.3,8920745.89231393,2676223.7676941785,6244522.12461975
2021-07-14,1497967.4137829274,7352855.204980999,8850822.618763927,5083.085,5222.461683333333,5024.646828,0.3,8850822.618763927,2655246.785629178,6195575.83313475
2021-07-15,1497967.4137829274,7348710.723607001,8846678.137389928,5151.463,5219.803408333333,5026.460176,0.3,8846678.137389928,2654003.4412169782,6192674.69617295
2021-07-16,1497967.4137829274,7302677.968199,8800645.381981928,5094.773,5216.775841666667,5027.743252,0.3,8800645.381981928,2640193.6145945783,6160451.767387349
2021-07-19,1497967.4137829274,7274722.345682001,8772689.759464929,5113.495,5213.400624999999,5028.834148,0.3,8772689.759464929,2631806.9278394785,6140882.83162545
2021-07-20,1497967.4137829274,7280144.976357002,8778112.39013993,5108.994,5210.662883333333,5030.257591999999,0.3,8778112.39013993,2633433.717041979,6144678.673097951
2021-07-21,1497967.4137829274,7456379.141234,8954346.555016927,5144.043,5207.892958333334,5031.42192,0.3,8954346.555016927,2686303.966505078,6268042.588511849
2021-07-22,1497967.4137829274,7424239.114663001,8922206.52844593,5151.752,5204.449483333333,5032.802168,0.3,8922206.52844593,2676661.958533779,6245544.5699121505
2021-07-23,1497967.4137829274,7301077.164365999,8799044.578148928,5089.228,5200.444916666666,5034.1812039999995,0.3,8799044.578148928,2639713.3734446783,6159331.204704249
2021-07-26,1497967.4137829274,7198824.342664001,8696791.756446928,4925.299,5194.606383333333,5035.817388,0.3,8696791.756446928,2609037.5269340784,6087754.22951285
2021-07-27,1497967.4137829274,7040349.784445998,8538317.198228925,4751.313,5188.259258333333,5036.643835999999,0.3,8538317.198228925,2561495.1594686774,5976822.038760249
2021-07-28,1497967.4137829274,6887144.362427,8385111.776209927,4760.483,5181.863258333334,5036.964548,0.3,8385111.776209927,2515533.532862978,5869578.243346949
2021-07-29,1497967.4137829274,7106978.291736001,8604945.70551893,4850.275,5177.472691666667,5037.601476,0.3,8604945.70551893,2581483.7116556787,6023461.993863251
2021-07-30,1497967.4137829274,7129816.684640999,8627784.098423926,4811.17,5172.966066666667,5037.988376,0.3,8627784.098423926,2588335.2295271778,6039448.868896749
2021-08-02,1497967.4137829274,7255975.044112002,8753942.457894929,4933.736,5168.933466666666,5038.873576,0.3,8753942.457894929,2626182.7373684784,6127759.72052645
2021-08-03,1476595.6903324714,7262974.917903998,8739570.60823647,4934.458,5164.211516666667,5040.589044,0.3,8739570.60823647,2621871.1824709405,6117699.425765529
2021-08-04,1476595.6903324714,7409946.060166002,8886541.750498474,4978.848,5159.991908333334,5042.390636000001,0.3,8886541.750498474,2665962.525149542,6220579.225348932
2021-08-05,1476595.6903324714,7414663.855906,8891259.54623847,4948.67,5155.6145916666665,5043.912284,0.3,8891259.54623847,2667377.8638715413,6223881.68236693
2021-08-06,1476595.6903324714,7365215.526919002,8841811.217251472,4921.565,5150.932516666667,5044.882512,0.3,8841811.217251472,2652543.3651754414,6189267.852076031
2021-08-09,1476595.6903324714,7453356.562472,8929952.252804471,4985.563,5146.107525,5046.20016,0.3,8929952.252804471,2678985.6758413413,6250966.57696313
2021-08-10,1476595.6903324714,7452668.471423999,8929264.16175647,5043.148,5140.748341666667,5047.592568,0.3,8929264.16175647,2678779.248526941,6250484.91322953
2021-08-11,1476595.6903324714,7525164.885815001,9001760.576147472,5015.341,5134.145191666667,5048.568688,0.3,9001760.576147472,2700528.172844242,6301232.40330323
2021-08-12,1476595.6903324714,7517438.026160002,8994033.716492474,4973.351,5127.519941666666,5049.358883999999,0.3,8994033.716492474,2698210.1149477423,6295823.601544732
2021-08-13,1476595.6903324714,7530278.905442002,9006874.595774474,4945.983,5120.57945,5050.03438,0.3,9006874.595774474,2702062.378732342,6304812.217042131
2021-08-16,1476595.6903324714,7503763.972565997,8980359.66289847,4941.068,5115.110575000001,5050.747596000001,0.3,8980359.66289847,2694107.898869541,6286251.764028929
2021-08-17,1476595.6903324714,7285048.477442003,8761644.167774474,4837.403,5108.925033333333,5051.265504000001,0.3,8761644.167774474,2628493.250332342,6133150.917442132
2021-08-18,1476595.6903324714,7364379.803173,8840975.49350547,4894.238,5104.397283333334,5051.942975999999,0.3,8840975.49350547,2652292.648051641,6188682.8454538295
2021-08-19,1476595.6903324714,7375771.658768999,8852367.34910147,4862.139,5099.335458333333,5052.664396,0.3,8852367.34910147,2655710.2047304413,6196657.144371029
2021-08-20,1476595.6903324714,7300429.235715997,8777024.926048469,4769.268,5094.60635,5053.150888,0.3,8777024.926048469,2633107.4778145407,6143917.4482339285
2021-08-23,1476595.6903324714,7526749.180999002,9003344.871331474,4835.878,5089.7488,5053.951548,0.3,9003344.871331474,2701003.461399442,6302341.409932032
2021-08-24,1476595.6903324714,7638576.577901999,9115172.26823447,4888.39,5085.905133333334,5054.686592,0.3,9115172.26823447,2734551.6804703414,6380620.587764129
2021-08-25,1476595.6903324714,7696489.849736997,9173085.540069468,4898.157,5081.2880000000005,5055.018316000001,0.3,9173085.540069468,2751925.66202084,6421159.878048629
2021-08-26,1476595.6903324714,7602610.079615001,9079205.769947471,4801.609,5077.2955249999995,5054.973728,0.3,9079205.769947471,2723761.7309842412,6355444.03896323
2021-08-27,1476595.6903324714,7623350.869223998,9099946.55955647,4827.043,5073.664250000001,5055.319188,0.3,9099946.55955647,2729983.967866941,6369962.591689529
2021-08-30,1476595.6903324714,7666160.210153997,9142755.90048647,4813.27,5071.441291666666,5055.855652,0.3,9142755.90048647,2742826.7701459406,6399929.130340529
2021-08-31,1476595.6903324714,7608653.970372999,9085249.66070547,4805.61,5070.063050000001,5056.202719999999,0.3,9085249.66070547,2725574.898211641,6359674.762493828
2021-09-01,1476595.6903324714,7557047.103307001,9033642.793639474,4869.459,5068.945108333332,5056.65716,0.3,9033642.793639474,2710092.838091842,6323549.955547632
2021-09-02,1476595.6903324714,7557347.938337998,9033943.628670469,4869.411,5066.7884,5057.087000000001,0.3,9033943.628670469,2710183.088601141,6323760.540069329
2021-09-03,1476595.6903324714,7481084.635334999,8957680.32566747,4843.062,5064.260758333333,5057.634728,0.3,8957680.32566747,2687304.097700241,6270376.22796723
2021-09-06,1476595.6903324714,7638123.719072999,9114719.40940547,4933.726,5063.412275,5058.444252,0.3,9114719.40940547,2734415.822821641,6380303.586583829
2021-09-07,1476595.6903324714,7746382.552686,9222978.24301847,4992.829,5062.691166666667,5059.038508,0.3,9222978.24301847,2766893.4729055413,6456084.77011293
2021-09-08,1476595.6903324714,7796762.235391003,9273357.925723474,4972.132,5061.61845,5059.662176,0.3,9273357.925723474,2782007.3777170423,6491350.548006432
2021-09-09,1476595.6903324714,7825475.307233,9302070.99756547,4970.013,5060.187158333333,5060.17374,0.3,9302070.99756547,2790621.2992696413,6511449.69829583
2021-09-10,1476595.6903324714,7831483.236874001,9308078.927206472,5013.522,5060.24075,5060.85228,0.3,9308078.927206472,2792423.6781619415,6515655.24904453
2021-09-13,1476595.6903324714,7880335.8515610015,9356931.541893473,4991.66,5059.694983333333,5061.55054,0.3,9356931.541893473,2807079.462568042,6549852.079325431
2021-09-14,1476595.6903324714,7835348.173061998,9311943.863394467,4917.162,5058.927616666667,5062.138312,0.3,9311943.863394467,2793583.15901834,6518360.704376128
2021-09-15,1476595.6903324714,7873495.602648999,9350091.29298147,4867.319,5058.416233333333,5062.9301159999995,0.3,9350091.29298147,2805027.387894441,6545063.90508703
2021-09-16,1476595.6903324714,7735412.415824003,9212008.106156474,4807.698,5057.427491666666,5063.383352,0.3,9212008.106156474,2763602.4318469423,6448405.674309531
2021-09-17,1476595.6903324714,7741510.435509001,9218106.125841472,4855.94,5055.910408333334,5064.468756,0.3,9218106.125841472,2765431.8377524414,6452674.288089031
2021-09-22,1476595.6903324714,7782048.054314002,9258643.744646477,4821.768,5054.034499999999,5065.427916,0.3,9258643.744646477,2777593.123393943,6481050.621252533
2021-09-23,1476595.6903324714,7801447.022830999,9278042.71316347,4853.196,5052.0217250000005,5066.3315680000005,0.3,9278042.71316347,2783412.813949041,6494629.89921443
2021-09-24,1476595.6903324714,7743025.224916999,9219620.91524947,4849.428,5050.36395,5067.125075999999,0.3,9219620.91524947,2765886.274574841,6453734.64067463
2021-09-27,1476595.6903324714,7499813.8548030015,8976409.545135472,4877.37,5048.418891666666,5067.880623999999,0.3,8976409.545135472,2692922.8635406415,6283486.68159483
2021-09-28,1476595.6903324714,7517518.678870005,8994114.369202476,4883.828,5046.104483333333,5068.786504,0.3,8994114.369202476,2698234.3107607425,6295880.058441734
2021-09-29,1476595.6903324714,7258868.176029002,8735463.866361473,4833.928,5043.551033333333,5069.591359999999,0.3,8735463.866361473,2620639.159908442,6114824.706453031
2021-09-30,1476595.6903324714,7451286.523941003,8927882.214273475,4866.383,5041.573033333333,5070.108536000001,0.3,8927882.214273475,2678364.6642820425,6249517.549991433
2021-10-08,1476595.6903324714,7465814.323778,8942410.014110472,4929.941,5040.054133333333,5071.062588,0.3,8942410.014110472,2682723.0042331414,6259687.009877331
2021-10-11,1476595.6903324714,7351220.932065999,8827816.62239847,4936.192,5039.227925,5072.264312,0.3,8827816.62239847,2648344.986719541,6179471.635678928
2021-10-12,1476595.6903324714,7210511.043026001,8687106.733358473,4883.837,5038.695349999999,5073.190352,0.3,8687106.733358473,2606132.020007542,6080974.713350931
2021-10-13,1476595.6903324714,7312890.867018998,8789486.55735147,4940.109,5038.699225,5074.698524,0.3,8789486.55735147,2636845.967205441,6152640.590146029
2021-10-14,1476595.6903324714,7316339.573818997,8792935.264151469,4913.612,5038.140758333333,5076.072883999999,0.3,8792935.264151469,2637880.5792454407,6155054.684906028
2021-10-15,1476595.6903324714,7300538.3277090015,8777134.018041473,4932.108,5038.000208333334,5077.47368,0.3,8777134.018041473,2633140.205412442,6143993.812629031
2021-10-18,1476595.6903324714,7375256.407917999,8851852.098250471,4874.775,5037.238491666666,5078.605584,0.3,8851852.098250471,2655555.6294751414,6196296.46877533
2021-10-19,1476595.6903324714,7446218.393071001,8922814.083403472,4922.723,5035.869374999999,5079.946896,0.3,8922814.083403472,2676844.2250210415,6245969.85838243
2021-10-20,1476595.6903324714,7473125.245479998,8949720.93581247,4910.185,5034.426208333333,5080.863072000001,0.3,8949720.93581247,2684916.280743741,6264804.655068729
2021-10-21,1476595.6903324714,7467918.304616001,8944513.994948473,4928.016,5033.003466666666,5081.282504,0.3,8944513.994948473,2683354.198484542,6261159.796463931
2021-10-22,1476595.6903324714,7432360.008693002,8908955.699025474,4959.725,5031.924141666666,5081.7646,0.3,8908955.699025474,2672686.7097076424,6236268.9893178325
2021-10-25,1476595.6903324714,7518794.678997,8995390.369329471,4979.524,5030.624733333333,5082.454288,0.3,8995390.369329471,2698617.1107988413,6296773.25853063
2021-10-26,1476595.6903324714,7476757.433569002,8953353.123901473,4963.098,5029.673574999999,5083.111736,0.3,8953353.123901473,2686005.9371704417,6267347.186731031
2021-10-27,1476595.6903324714,7374043.175437998,8850638.86577047,4898.164,5028.070608333333,5083.537688,0.3,8850638.86577047,2655191.659731141,6195447.20603933
2021-10-28,1476595.6903324714,7209442.152576,8686037.842908472,4864.138,5025.944741666666,5083.972288,0.3,8686037.842908472,2605811.3528725416,6080226.490035931
2021-10-29,1476595.6903324714,7352323.135099,8828918.825431472,4908.77,5023.816416666667,5084.4335,0.3,8828918.825431472,2648675.647629441,6180243.17780203
2021-11-01,1476595.6903324714,7398647.920069997,8875243.610402469,4890.685,5021.876383333334,5084.824928,0.3,8875243.610402469,2662573.0831207405,6212670.527281728
2021-11-02,4358762.953171984,4324699.999159,8683462.952330984,4839.846,5020.032399999999,5085.072372,0.3,8683462.952330984,2605038.885699295,6078424.06663169
2021-11-03,4358762.953171984,4329282.918830999,8688045.872002983,4821.112,5018.574558333334,5085.482868000001,0.3,8688045.872002983,2606413.761600895,6081632.110402089
2021-11-04,4358762.953171984,4387164.781617998,8745927.734789982,4868.742,5017.543891666666,5086.192892,0.3,8745927.734789982,2623778.3204369945,6122149.414352988
2021-11-05,4358762.953171984,4301761.859750002,8660524.812921986,4842.346,5016.037941666667,5086.76516,0.3,8660524.812921986,2598157.4438765957,6062367.36904539
2021-11-08,4358762.953171984,4318528.086071,8677291.039242983,4848.18,5014.401541666666,5087.208792,0.3,8677291.039242983,2603187.3117728946,6074103.727470089
2021-11-09,4358762.953171984,4430663.401912001,8789426.355083985,4846.744,5013.182958333334,5087.504088,0.3,8789426.355083985,2636827.9065251956,6152598.44855879
2021-11-10,4358762.953171984,4437081.306409999,8795844.259581983,4821.193,5010.771316666666,5088.007524,0.3,8795844.259581983,2638753.277874595,6157090.981707389
2021-11-11,4358762.953171984,4463494.718457999,8822257.671629984,4898.653,5008.385216666667,5088.718812,0.3,8822257.671629984,2646677.301488995,6175580.370140988
2021-11-12,4358762.953171984,4486364.475071,8845127.428242985,4888.375,5005.891666666666,5089.162068,0.3,8845127.428242985,2653538.2284728955,6191589.199770089
2021-11-15,4358762.953171984,4432285.376672002,8791048.329843987,4882.378,5003.475883333333,5089.436956,0.3,8791048.329843987,2637314.4989531958,6153733.8308907915
2021-11-16,4358762.953171984,4400080.272097999,8758843.225269984,4883.321,5000.950124999999,5089.429791999999,0.3,8758843.225269984,2627652.967580995,6131190.25768899
2021-11-17,4358762.953171984,4506989.469380001,8865752.422551986,4885.754,4998.880175,5089.429936,0.3,8865752.422551986,2659725.726765596,6206026.69578639
2021-11-18,4358762.953171984,4543370.977882,8902133.931053985,4837.619,4996.230433333333,5088.855012,0.3,8902133.931053985,2670640.179316195,6231493.75173779
2021-11-19,4358762.953171984,4577312.043868,8936074.997039985,4890.058,4992.660266666668,5088.599740000001,0.3,8936074.997039985,2680822.4991119956,6255252.49792799
2021-11-22,4358762.953171984,4656921.106939002,9015684.060110986,4912.399,4989.258650000001,5088.629744,0.3,9015684.060110986,2704705.2180332956,6310978.842077691
2021-11-23,4358762.953171984,4631071.313138002,8989834.266309986,4913.346,4985.717925000001,5088.649276,0.3,8989834.266309986,2696950.2798929955,6292883.98641699
2021-11-24,4358762.953171984,4621656.046259,8980418.999430984,4916.658,4982.347666666667,5088.888504,0.3,8980418.999430984,2694125.6998292953,6286293.299601689
2021-11-25,4358762.953171984,4586278.271307002,8945041.224478986,4896.442,4978.721600000001,5088.857583999999,0.3,8945041.224478986,2683512.367343696,6261528.85713529
2021-11-26,4358762.953171984,4611828.604918999,8970591.558090983,4860.127,4974.708658333333,5088.718948,0.3,8970591.558090983,2691177.4674272947,6279414.090663688
2021-11-29,4358762.953171984,4635022.819185,8993785.772356983,4851.423,4971.054066666666,5088.557951999999,0.3,8993785.772356983,2698135.7317070947,6295650.040649889
2021-11-30,4358762.953171984,4645102.021149999,9003864.974321984,4832.026,4967.5269,5088.1741,0.3,9003864.974321984,2701159.492296595,6302705.482025389
2021-12-01,4358762.953171984,4637002.010958002,8995764.964129986,4843.851,4963.87335,5087.776352,0.3,8995764.964129986,2698729.4892389956,6297035.47489099
2021-12-02,4358762.953171984,4576912.777203001,8935675.730374984,4856.163,4960.36115,5087.180896,0.3,8935675.730374984,2680702.7191124954,6254973.0112624895
2021-12-03,4358762.953171984,4594131.616270999,8952894.569442984,4901.018,4957.601991666667,5086.887824,0.3,8952894.569442984,2685868.370832895,6267026.198610089
2021-12-06,4358762.953171984,4534560.4271680005,8893323.380339984,4892.621,4954.7367583333335,5086.815508000001,0.3,8893323.380339984,2667997.014101995,6225326.366237989
2021-12-07,4358762.953171984,4438688.142282,8797451.095453985,4922.102,4951.825391666667,5086.825552,0.3,8797451.095453985,2639235.3286361955,6158215.7668177895
2021-12-08,4358762.953171984,4542531.369398,8901294.322569985,4995.93,4949.91895,5086.886211999999,0.6,8901294.322569985,5340776.593541991,3560517.729027994
2021-12-09,4358762.953171984,4552475.342073,8911238.295244984,5078.69,4949.1867,5087.359964,0.6,8911238.295244984,5346742.977146991,3564495.3180979937
2021-12-10,4358762.953171984,4561880.457134,8920643.410305984,5055.117,4948.97525,5087.31204,0.6,8920643.410305984,5352386.046183591,3568257.3641223935
2021-12-13,4358762.953171984,4550651.176739999,8909414.129911983,5083.801,4948.824491666667,5087.378664,0.6,8909414.129911983,5345648.4779471895,3563765.651964794
2021-12-14,4358762.953171984,4510869.072881999,8869632.026053984,5049.695,4948.384733333334,5087.349204,0.6,8869632.026053984,5321779.21563239,3547852.8104215935
2021-12-15,4358762.953171984,4482687.716893,8841450.670064984,5005.899,4947.680683333334,5087.109136,0.6,8841450.670064984,5304870.4020389905,3536580.2680259934
2021-12-16,4358762.953171984,4505540.887691002,8864303.840862986,5034.732,4946.952133333333,5087.159124,0.6,8864303.840862986,5318582.304517792,3545721.536345194
2021-12-17,4358762.953171984,4432490.829335,8791253.782506984,4954.76,4945.34685,5086.938648,0.6,8791253.782506984,5274752.26950419,3516501.5130027933
2021-12-20,4358762.953171984,4316725.557143001,8675488.510314986,4880.418,4943.05055,5086.689524,0.3,8675488.510314986,2602646.5530944956,6072841.957220491
2021-12-21,4358762.953171984,4363085.907660001,8721848.860831985,4913.485,4940.3298583333335,5086.581364,0.3,8721848.860831985,2616554.6582495957,6105294.202582389
2021-12-22,4358762.953171984,4379969.253537,8738732.206708984,4914.454,4937.518975,5086.680664,0.3,8738732.206708984,2621619.6620126953,6117112.544696289
2021-12-23,4358762.953171984,4367433.328995999,8726196.282167982,4948.739,4935.503925,5086.736279999999,0.6,8726196.282167982,5235717.76930079,3490478.5128671927
2021-12-24,4358762.953171984,4253194.083450001,8611957.036621984,4921.345,4932.981458333333,5086.641259999999,0.3,8611957.036621984,2583587.110986595,6028369.925635389
2021-12-27,4358762.953171984,4251999.521395001,8610762.474566985,4919.324,4930.395291666666,5086.5030879999995,0.3,8610762.474566985,2583228.7423700956,6027533.73219689
2021-12-28,4358762.953171984,4358359.115322,8717122.068493985,4955.964,4929.35235,5086.257032,0.6,8717122.068493985,5230273.24109639,3486848.827397594
2021-12-29,4358762.953171984,4335604.377626998,8694367.330798984,4883.48,4927.666416666666,5085.79108,0.3,8694367.330798984,2608310.199239695,6086057.131559288
2021-12-30,4358762.953171984,4364541.796727,8723304.749898985,4921.511,4926.319808333333,5085.289764,0.3,8723304.749898985,2616991.4249696955,6106313.3249292895
2021-12-31,4358762.953171984,4375258.493453999,8734021.446625983,4940.373,4924.652166666667,5085.192164,0.6,8734021.446625983,5240412.86797559,3493608.5786503935
2022-01-04,4358762.953171984,4265678.753923999,8624441.707095984,4917.765,4923.2314,5084.834728,0.3,8624441.707095984,2587332.512128795,6037109.19496719
2022-01-05,4358762.953171984,4170013.946166,8528776.899337985,4868.12,4921.553766666666,5084.307148,0.3,8528776.899337985,2558633.0698013953,5970143.829536589
2022-01-06,4358762.953171984,4205827.960978,8564590.914149985,4818.232,4918.9331250000005,5083.41202,0.3,8564590.914149985,2569377.2742449953,5995213.639904989
2022-01-07,4358762.953171984,4090600.555765,8449363.508936984,4822.369,4916.268708333333,5082.443836,0.3,8449363.508936984,2534809.0526810954,5914554.456255889
2022-01-10,4358762.953171984,4122653.003634,8481415.956805984,4844.045,4914.276708333334,5081.648272,0.3,8481415.956805984,2544424.787041795,5936991.169764189
2022-01-11,4358762.953171984,4074187.289602,8432950.242773984,4797.774,4911.3293,5080.384524,0.3,8432950.242773984,2529885.072832195,5903065.169941789
2022-01-12,4358762.953171984,4145612.793865999,8504375.747037983,4845.579,4909.252683333334,5078.921684,0.3,8504375.747037983,2551312.7241113945,5953063.022926588
2022-01-13,4358762.953171984,4087298.508758,8446061.461929984,4765.919,4906.356216666667,5076.914488,0.3,8446061.461929984,2533818.4385789954,5912243.023350989
2022-01-14,4358762.953171984,4088068.323849999,8446831.277021984,4726.732,4903.170700000001,5074.347396000001,0.3,8446831.277021984,2534049.383106595,5912781.893915389
2022-01-17,4358762.953171984,4134032.417273,8492795.370444983,4767.276,4900.030975,5071.745828,0.3,8492795.370444983,2547838.611133495,5944956.759311488
2022-01-18,4358762.953171984,4118539.5555750006,8477302.508746985,4813.347,4897.210933333334,5068.944587999999,0.3,8477302.508746985,2543190.7526240954,5934111.75612289
2022-01-19,4358762.953171984,4043355.590566001,8402118.543737985,4780.378,4894.637183333334,5066.084376,0.3,8402118.543737985,2520635.5631213957,5881482.98061659
2022-01-20,4358762.953171984,3955382.671814998,8314145.624986982,4823.509,4893.788933333333,5063.613780000001,0.3,8314145.624986982,2494243.6874960945,5819901.937490888
2022-01-21,4358762.953171984,3926733.773969999,8285496.727141984,4779.314,4894.022275,5060.3456240000005,0.3,8285496.727141984,2485649.018142595,5799847.708999389
2022-01-24,4358762.953171984,3944371.262595,8303134.215766984,4786.738,4894.241066666667,5057.180692,0.3,8303134.215766984,2490940.264730095,5812193.951036889
2022-01-25,4358762.953171984,3812090.468434,8170853.421605984,4678.451,4892.809200000001,5054.012672,0.3,8170853.421605984,2451256.026481795,5719597.395124189
2022-01-26,4358762.953171984,3827011.850931,8185774.804102983,4712.311,4891.985375,5051.029592,0.3,8185774.804102983,2455732.441230895,5730042.362872088
2022-01-27,4358762.953171984,3715396.751846002,8074159.705017986,4619.877,4889.369883333334,5047.435015999999,0.3,8074159.705017986,2422247.9115053955,5651911.79351259
2022-01-28,4358762.953171984,3721619.587203002,8080382.540374987,4563.772,4886.280833333333,5043.940012,0.3,8080382.540374987,2424114.762112496,5656267.77826249
2022-02-07,4358762.953171984,3767592.8201489984,8126355.773320982,4634.09,4883.40785,5040.570636,0.3,8126355.773320982,2437906.7319962946,5688449.041324688
2022-02-08,4358762.953171984,3723083.5571870008,8081846.5103589855,4608.773,4880.575375,5036.745852,0.3,8081846.5103589855,2424553.9531076956,5657292.5572512895
2022-02-09,4358762.953171984,3763200.985641999,8121963.938813983,4652.061,4878.329508333333,5033.074992,0.3,8121963.938813983,2436589.1816441948,5685374.757169789
2022-02-10,4358762.953171984,3705818.416737001,8064581.369908985,4639.863,4875.448675000001,5029.130752,0.3,8064581.369908985,2419374.4109726953,5645206.958936289
2022-02-11,4358762.953171984,3630287.567213001,7989050.520384986,4601.395,4871.7674,5025.48446,0.3,7989050.520384986,2396715.1561154956,5592335.36426949
2022-02-14,4358762.953171984,3642042.3249090016,8000805.278080986,4551.688,4867.903625,5021.5792,0.3,8000805.278080986,2400241.5834242958,5600563.694656691
2022-02-15,4358762.953171984,3743162.4247960006,8101925.377967985,4600.103,4864.793225,5018.47104,0.3,8101925.377967985,2430577.6133903954,5671347.76457759
2022-02-16,4358762.953171984,3755756.360373,8114519.313544984,4617.989,4862.059941666667,5015.535136,0.3,8114519.313544984,2434355.794063495,5680163.519481489
2022-02-17,4358762.953171984,3791520.399047999,8150283.352219983,4629.165,4859.460749999999,5012.381204,0.3,8150283.352219983,2445085.0056659947,5705198.346553989
2022-02-18,4358762.953171984,3776415.791742,8135178.744913984,4651.236,4857.909358333333,5008.98178,0.3,8135178.744913984,2440553.623474195,5694625.1214397885
2022-02-21,4358762.953171984,3805840.5611240016,8164603.514295986,4634.314,4855.743325,5005.578232,0.3,8164603.514295986,2449381.0542887957,5715222.460007191
2022-02-22,4358762.953171984,3783883.0094790007,8142645.962650984,4574.153,4853.343441666667,5001.979051999999,0.3,8142645.962650984,2442793.788795295,5699852.173855688
2022-02-23,4358762.953171984,3913213.793854999,8271976.747026984,4623.047,4852.1249333333335,4998.537584,0.3,8271976.747026984,2481593.024108095,5790383.722918889
2022-02-24,4358762.953171984,3840572.819635,8199335.772806983,4529.319,4849.570275,4994.3966120000005,0.3,8199335.772806983,2459800.731842095,5739535.040964888
2022-02-25,4358762.953171984,3943738.2549519977,8302501.208123982,4573.425,4846.945566666666,4989.945312000001,0.3,8302501.208123982,2490750.3624371947,5811750.845686788
2022-02-28,4358762.953171984,3977925.135366,8336688.088537984,4581.646,4844.307975,4985.041020000001,0.3,8336688.088537984,2501006.426561395,5835681.661976589
2022-03-01,4358762.953171984,3985206.467050999,8343969.420222983,4619.686,4842.79195,4980.44624,0.3,8343969.420222983,2503190.826066895,5840778.594156088
2022-03-02,4358762.953171984,3972728.745441,8331491.698612984,4578.601,4840.7216,4975.645276,0.3,8331491.698612984,2499447.509583895,5832044.189029089
2022-03-03,4358762.953171984,3910026.266209999,8268789.219381983,4551.628,4838.54125,4971.462456,0.3,8268789.219381983,2480636.765814595,5788152.4535673885
2022-03-04,4358762.953171984,3876366.3553450014,8235129.308516986,4496.43,4835.96475,4967.1295039999995,0.3,8235129.308516986,2470538.7925550956,5764590.51596189
2022-03-07,4358762.953171984,3801242.447623001,8160005.400794985,4352.778,4831.6590750000005,4962.790344,0.3,8160005.400794985,2448001.6202384955,5712003.780556489
2022-03-08,4358762.953171984,3710736.716884,8069499.670055984,4265.391,4826.625574999999,4957.973676,0.3,8069499.670055984,2420849.901016795,5648649.7690391885
2022-03-09,4358762.953171984,3659838.5410060016,8018601.494177986,4226.346,4821.486275,4953.532016,0.3,8018601.494177986,2405580.4482533955,5613021.045924591
2022-03-10,4358762.953171984,3764953.168585001,8123716.121756986,4292.837,4816.145533333333,4949.028228,0.3,8123716.121756986,2437114.8365270956,5686601.28522989
2022-03-11,4358762.953171984,3747097.562608999,8105860.515780983,4306.522,4810.4263083333335,4944.855796,0.3,8105860.515780983,2431758.154734295,5674102.361046688
2022-03-14,4358762.953171984,3651270.719091,8010033.672262984,4174.758,4803.781524999999,4939.745976,0.3,8010033.672262984,2403010.1016788953,5607023.570584089
2022-03-15,4358762.953171984,3506913.12856,7865676.081731984,3983.812,4795.563183333333,4934.5584,0.3,7865676.081731984,2359702.824519595,5505973.257212389
2022-03-16,4358762.953171984,3628294.447052,7987057.400223983,4156.081,4788.417841666666,4930.13154,0.3,7987057.400223983,2396117.220067195,5590940.180156788
2022-03-17,4358762.953171984,3698310.313294998,8057073.266466983,4237.696,4782.134808333333,4926.762223999999,0.3,8057073.266466983,2417121.9799400945,5639951.286526889
2022-03-18,4358762.953171984,3723671.722231,8082434.675402984,4265.902,4776.707641666667,4923.941836,0.3,8082434.675402984,2424730.4026208953,5657704.272782089
2022-03-21,4358762.953171984,3770841.692372,8129604.645543985,4258.746,4771.6362,4920.962372,0.3,8129604.645543985,2438881.3936631954,5690723.251880789
2022-03-22,4358762.953171984,3761649.791034999,8120412.744206984,4255.295,4767.032841666666,4917.470687999999,0.3,8120412.744206984,2436123.823262095,5684288.920944888
2022-03-23,4358762.953171984,3796098.674932,8154861.628103984,4276.517,4762.204316666666,4913.991239999999,0.3,8154861.628103984,2446458.488431195,5708403.139672789
2022-03-24,4358762.953171984,3781788.935478,8140551.888649985,4251.306,4757.450466666667,4910.8542879999995,0.3,8140551.888649985,2442165.5665949956,5698386.32205499
2022-03-25,4358762.953171984,3727514.540495999,8086277.4936679825,4174.574,4751.795283333332,4907.235136,0.3,8086277.4936679825,2425883.248100395,5660394.245567588
2022-03-28,4358762.953171984,3683414.3988890015,8042177.352060986,4148.466,4745.953933333333,4903.425568,0.3,8042177.352060986,2412653.205618296,5629524.14644269
2022-03-29,4358762.953171984,3648005.496334001,8006768.449505985,4134.144,4739.760383333333,4899.395072,0.3,8006768.449505985,2402030.5348517955,5604737.91465419
2022-03-30,4358762.953171984,3720168.585425,8078931.538596984,4254.099,4734.512641666666,4896.3831040000005,0.3,8078931.538596984,2423679.461579095,5655252.077017888
2022-03-31,4358762.953171984,3641840.854456,8000603.807627983,4222.597,4729.418216666668,4893.044884000001,0.3,8000603.807627983,2400181.1422883947,5600422.665339589
2022-04-01,4358762.953171984,3644847.485274001,8003610.438445985,4276.158,4724.499675,4890.112532,0.3,8003610.438445985,2401083.1315337955,5602527.306912189
2022-04-06,4358762.953171984,3609089.368653999,7967852.321825983,4263.841,4718.948841666667,4887.453156,0.3,7967852.321825983,2390355.6965477946,5577496.625278188
2022-04-07,4358762.953171984,3539266.497678,7898029.450849984,4209.1,4712.889741666667,4884.584168,0.3,7898029.450849984,2369408.835254995,5528620.615594989
2022-04-08,4358762.953171984,3510018.936936001,7868781.890107986,4230.767,4707.447491666667,4881.355276,0.3,7868781.890107986,2360634.5670323954,5508147.323075591
2022-04-11,4358762.953171984,3377519.746084,7736282.699255984,4100.07,4700.447166666667,4877.568048,0.3,7736282.699255984,2320884.809776795,5415397.889479189
2022-04-12,4358762.953171984,3434022.5645040004,7792785.517675985,4179.973,4694.333508333334,4873.9090240000005,0.3,7792785.517675985,2337835.655302795,5454949.86237319
2022-04-13,4358762.953171984,3361187.153448,7719950.106619984,4139.737,4687.730416666667,4870.274528,0.3,7719950.106619984,2315985.031985995,5403965.0746339895
2022-04-14,4358762.953171984,3388998.4489950016,7747761.402166986,4191.568,4682.037025,4866.597691999999,0.3,7747761.402166986,2324328.4206500957,5423432.98151689
2022-04-15,4358762.953171984,3370489.0585159985,7729252.011687983,4188.747,4675.920558333333,4862.706451999999,0.3,7729252.011687983,2318775.6035063947,5410476.408181588
2022-04-18,4358762.953171984,3410737.4672440006,7769500.420415984,4166.384,4669.722216666666,4858.81062,0.3,7769500.420415984,2330850.126124795,5438650.294291189
2022-04-19,4358762.953171984,3401708.811951,7760471.765122985,4134.902,4663.112933333334,4854.935256,0.3,7760471.765122985,2328141.5295368955,5432330.235586089
2022-04-20,4358762.953171984,3363046.353643001,7721809.306814985,4070.789,4655.705133333334,4850.769576,0.3,7721809.306814985,2316542.7920444957,5405266.514770489
2022-04-21,4358762.953171984,3232892.488473,7591655.441644984,3995.83,4647.507683333333,4846.611548000001,0.3,7591655.441644984,2277496.632493495,5314158.809151489
2022-04-22,4358762.953171984,3177897.2743530003,7536660.227524985,4013.25,4639.592283333333,4842.873564,0.3,7536660.227524985,2260998.0682574953,5275662.159267489
2022-04-25,4358762.953171984,2958007.125053,7316770.078224984,3814.913,4630.565191666667,4838.37464,0.3,7316770.078224984,2195031.023467495,5121739.054757489
2022-04-26,4358762.953171984,2871893.4507409995,7230656.403912984,3784.12,4621.565041666667,4833.588608,0.3,7230656.403912984,2169196.9211738952,5061459.482739089
2022-04-27,4358762.953171984,3006321.7337239995,7365084.686895983,3895.536,4613.121425,4829.374855999999,0.3,7365084.686895983,2209525.406068795,5155559.280827189
2022-04-28,4358762.953171984,3004979.6519910013,7363742.605162986,3921.107,4605.041608333332,4825.19456,0.3,7363742.605162986,2209122.7815488954,5154619.823614091
2022-04-29,4358762.953171984,3134309.233069,7493072.186240984,4016.241,4598.178233333334,4820.911455999999,0.3,7493072.186240984,2247921.655872295,5245150.530368689
2022-05-05,4358762.953171984,3154985.841924,7513748.795095984,4010.21,4591.420716666666,4816.618836,0.3,7513748.795095984,2254124.638528795,5259624.156567189
2022-05-06,5772854.735565206,1712849.6931249995,7485704.428690205,3908.815,4583.421325,4811.8591160000005,0.3,7485704.428690205,2245711.3286070614,5239993.100083144
2022-05-09,5772854.735565206,1751071.7849899998,7523926.520555206,3877.436,4575.380408333333,4807.0118840000005,0.3,7523926.520555206,2257177.9561665617,5266748.564388644
2022-05-10,5772854.735565206,1788413.38822,7561268.123785206,3919.868,4567.644475,4802.149544000001,0.3,7561268.123785206,2268380.437135562,5292887.686649645
2022-05-11,5772854.735565206,1784220.045232001,7557074.780797207,3976.423,4560.391799999999,4797.746287999999,0.3,7557074.780797207,2267122.434239162,5289952.346558045
2022-05-12,5772854.735565206,1795429.9410080002,7568284.676573206,3958.74,4553.204691666667,4793.219168,0.3,7568284.676573206,2270485.4029719615,5297799.273601244
2022-05-13,5772854.735565206,1818052.658306,7590907.393871206,3988.6,4545.620916666667,4788.6966,0.3,7590907.393871206,2277272.2181613618,5313635.175709844
2022-05-16,5772854.735565206,1836796.315777999,7609651.051343205,3956.538,4537.855608333333,4783.866076,0.3,7609651.051343205,2282895.3154029613,5326755.735940244
2022-05-17,5772854.735565206,1827592.86656,7600447.602125206,4005.893,4530.551566666667,4779.395692,0.3,7600447.602125206,2280134.280637562,5320313.321487645
2022-05-18,5772854.735565206,1843640.162679,7616494.898244206,3991.907,4523.123116666668,4775.118824,0.3,7616494.898244206,2284948.469473262,5331546.4287709445
2022-05-19,5772854.735565206,1862351.4422719995,7635206.177837205,3999.598,4515.7384833333335,4771.133004,0.3,7635206.177837205,2290561.8533511613,5344644.324486043
2022-05-20,5772854.735565206,1878879.1378679995,7651733.873433205,4077.6,4509.404991666667,4767.473716,0.3,7651733.873433205,2295520.1620299616,5356213.711403243
2022-05-23,5772854.735565206,1906303.4876070009,7679158.223172206,4053.982,4502.437691666666,4763.597404,0.3,7679158.223172206,2303747.4669516617,5375410.756220545
2022-05-24,5772854.735565206,1827389.380667,7600244.116232206,3959.154,4494.493983333333,4759.255827999999,0.3,7600244.116232206,2280073.2348696617,5320170.881362544
2022-05-25,5772854.735565206,1862851.578792001,7635706.314357207,3983.178,4486.742583333334,4755.216644,0.3,7635706.314357207,2290711.894307162,5344994.4200500455
2022-05-26,5772854.735565206,1872870.3779730008,7645725.113538207,3993.045,4479.045808333333,4750.746464,0.3,7645725.113538207,2293717.5340614617,5352007.579476745
2022-05-27,5772854.735565206,1893509.3039019995,7666364.039467205,4001.299,4471.586283333333,4746.0117199999995,0.3,7666364.039467205,2299909.2118401616,5366454.827627044
2022-05-30,5772854.735565206,1915451.2921220013,7688306.027687207,4029.018,4464.660375,4741.377387999999,0.3,7688306.027687207,2306491.808306162,5381814.219381046
2022-05-31,5772854.735565206,1931657.869778,7704512.605343206,4091.518,4458.327833333334,4737.0543720000005,0.3,7704512.605343206,2311353.7816029615,5393158.823740244
2022-06-01,5772854.735565206,1932311.001951,7705165.737516206,4083.177,4452.087425000001,4732.641432,0.3,7705165.737516206,2311549.7212548614,5393616.016261345
2022-06-02,5772854.735565206,1931175.361541001,7704030.097106207,4089.568,4445.801733333333,4728.4631119999995,0.3,7704030.097106207,2311209.029131862,5392821.067974346
2022-06-06,5772854.735565206,1970682.019817,7743536.755382206,4166.085,4440.051083333334,4724.505099999999,0.3,7743536.755382206,2323061.026614662,5420475.728767544
2022-06-07,5772854.735565206,1966197.473554,7739052.209119206,4179.129,4434.035341666666,4719.947704,0.3,7739052.209119206,2321715.6627357616,5417336.546383444
2022-06-08,5772854.735565206,1960836.3875919995,7733691.123157205,4219.812,4428.4286,4715.54458,0.3,7733691.123157205,2320107.3369471612,5413583.786210043
2022-06-09,5772854.735565206,1926951.466305,7699806.201870206,4175.675,4422.208375,4710.894348,0.3,7699806.201870206,2309941.8605610617,5389864.341309144
2022-06-10,5772854.735565206,1959108.705032,7731963.440597205,4238.994,4415.900575000001,4706.565968000001,0.3,7731963.440597205,2319589.0321791614,5412374.408418044
2022-06-13,5772854.735565206,1961416.685636,7734271.421201206,4189.353,4408.489433333333,4701.9971,0.3,7734271.421201206,2320281.4263603617,5413989.994840844
2022-06-14,5772854.735565206,1955461.3025140008,7728316.038079207,4222.311,4401.549383333333,4697.519624,0.3,7728316.038079207,2318494.811423762,5409821.226655445
2022-06-15,5772854.735565206,1950380.0028170005,7723234.738382206,4278.218,4394.836191666666,4693.4726,0.3,7723234.738382206,2316970.421514662,5406264.316867544
2022-06-16,5772854.735565206,1967478.8410950005,7740333.576660207,4250.061,4388.172575,4689.4517000000005,0.3,7740333.576660207,2322100.072998062,5418233.503662145
2022-06-17,5772854.735565206,1966554.6866780005,7739409.422243207,4309.044,4382.36545,4685.558768,0.3,7739409.422243207,2321822.826672962,5417586.595570245
2022-06-20,5772854.735565206,1973452.6817280008,7746307.417293207,4330.433,4376.496291666666,4681.769992,0.3,7746307.417293207,2323892.225187962,5422415.192105245
2022-06-21,5772854.735565206,1953143.161259,7725997.896824206,4325.566,4371.253008333334,4678.143788,0.3,7725997.896824206,2317799.369047262,5408198.527776944
2022-06-22,5772854.735565206,1927599.2409450004,7700453.976510206,4270.623,4366.171383333333,4674.280484,0.3,7700453.976510206,2310136.192953062,5390317.783557145
2022-06-23,5772854.735565206,1967500.619171,7740355.354736206,4343.878,4361.424658333333,4670.570132,0.3,7740355.354736206,2322106.6064208616,5418248.748315345
2022-06-24,5772854.735565206,1976305.467461,7749160.203026206,4394.772,4357.093975,4667.250408000001,0.6,7749160.203026206,4649496.121815723,3099664.081210483
2022-06-27,5772854.735565206,1997729.578095,7770584.313660206,4444.264,4352.890016666667,4664.361224,0.6,7770584.313660206,4662350.588196124,3108233.7254640823
2022-06-28,5772854.735565206,2012491.2942560003,7785346.029821206,4490.517,4349.299783333333,4662.001328,0.6,7785346.029821206,4671207.6178927235,3114138.4119284824
2022-06-29,5772854.735565206,1965320.136252,7738174.871817206,4421.357,4345.150058333334,4659.279188,0.6,7738174.871817206,4642904.923090324,3095269.948726882
2022-06-30,5772854.735565206,1986688.7406089995,7759543.476174206,4485.011,4341.22545,4656.809368000001,0.6,7759543.476174206,4655726.085704523,3103817.3904696824
2022-07-01,5772854.735565206,2000044.521914,7772899.257479206,4466.718,4337.752433333333,4654.3147,0.6,7772899.257479206,4663739.554487524,3109159.702991682
2022-07-04,5772854.735565206,2027442.9762999995,7800297.711865205,4496.03,4334.206758333333,4651.810188,0.6,7800297.711865205,4680178.627119123,3120119.0847460823
2022-07-05,5772854.735565206,2011618.715841,7784473.451406206,4489.538,4330.449799999999,4649.178763999999,0.6,7784473.451406206,4670684.070843724,3113789.3805624824
2022-07-06,5772854.735565206,1982070.3726190005,7754925.108184206,4423.97,4326.334841666667,4646.2507479999995,0.6,7754925.108184206,4652955.064910524,3101970.0432736827
2022-07-07,5772854.735565206,1997861.74756,7770716.483125206,4443.474,4322.796125,4643.064772,0.6,7770716.483125206,4662429.889875123,3108286.593250083
2022-07-08,5772854.735565206,1992731.996053,7765586.731618206,4428.781,4319.550700000001,4639.772856,0.6,7765586.731618206,4659352.038970923,3106234.692647283
2022-07-11,5772854.735565206,1969951.497265,7742806.232830206,4354.617,4315.652766666667,4636.429144000001,0.6,7742806.232830206,4645683.739698123,3097122.4931320827
2022-07-12,5772854.735565206,1956109.392449,7728964.128014206,4313.618,4311.232541666667,4632.787452,0.6,7728964.128014206,4637378.476808524,3091585.651205682
2022-07-13,5772854.735565206,1984552.053061001,7757406.788626207,4321.462,4307.263275,4629.154643999999,0.6,7757406.788626207,4654444.073175724,3102962.7154504834
2022-07-14,5772854.735565206,1984119.510472,7756974.246037206,4322.074,4302.900733333333,4626.118472,0.6,7756974.246037206,4654184.547622323,3102789.6984148826
2022-07-15,5772854.735565206,1946957.718406,7719812.453971206,4248.527,4298.589133333333,4622.769412,0.3,7719812.453971206,2315943.7361913617,5403868.717779845
2022-07-18,5772854.735565206,1978648.110223,7751502.845788206,4292.586,4294.97125,4619.6073400000005,0.3,7751502.845788206,2325450.8537364616,5426051.992051745
2022-07-19,5772854.735565206,2006435.161589,7779289.897154206,4269.34,4290.821783333334,4616.12274,0.3,7779289.897154206,2333786.969146262,5445502.9280079445
2022-07-20,5772854.735565206,2024056.0398500003,7796910.775415206,4283.803,4286.408916666666,4612.9049239999995,0.3,7796910.775415206,2339073.232624562,5457837.542790644
2022-07-21,5772854.735565206,2007271.057351,7780125.792916206,4236.058,4281.872916666666,4609.571411999999,0.3,7780125.792916206,2334037.737874862,5446088.055041344
2022-07-22,5772854.735565206,2005891.7267350005,7778746.462300207,4238.234,4276.995625,4605.993512,0.3,7778746.462300207,2333623.9386900617,5445122.523610145
2022-07-25,5772854.735565206,1984905.1185520005,7757759.854117206,4212.644,4272.273375,4602.275692,0.3,7757759.854117206,2327327.956235162,5430431.897882044
2022-07-26,5772854.735565206,2026190.702764,7799045.438329206,4245.976,4267.767025,4598.927256,0.3,7799045.438329206,2339713.6314987615,5459331.806830444
2022-07-27,5772854.735565206,2037338.8704139995,7810193.605979206,4225.036,4263.988566666667,4595.2215479999995,0.3,7810193.605979206,2343058.081793762,5467135.524185444
2022-07-28,5772854.735565206,2042942.337502,7815797.073067206,4225.673,4259.93325,4591.745148,0.3,7815797.073067206,2344739.121920162,5471057.951147044
2022-07-29,5772854.735565206,2027615.927989,7800470.663554206,4170.102,4256.185125,4587.971576,0.3,7800470.663554206,2340141.1990662618,5460329.464487944
2022-08-01,5772854.735565206,2023129.298912,7795984.034477206,4188.678,4253.059341666666,4584.290312000001,0.3,7795984.034477206,2338795.2103431616,5457188.824134044
2022-08-02,3524733.51581509,4126708.429259,7651441.945074089,4107.024,4248.667125,4580.142236000001,0.3,7651441.945074089,2295432.5835222267,5356009.361551862
2022-08-03,3524733.51581509,4063156.331659,7587889.847474091,4066.975,4244.1521416666665,4575.803128,0.3,7587889.847474091,2276366.954242227,5311522.893231863
2022-08-04,3524733.51581509,4140519.165904,7665252.681719089,4101.537,4239.564441666666,4571.852364,0.3,7665252.681719089,2299575.8045157264,5365676.877203362
2022-08-05,3524733.51581509,4205118.855277,7729852.37109209,4156.911,4235.539841666667,4568.778812,0.3,7729852.37109209,2318955.711327627,5410896.659764463
2022-08-08,3524733.51581509,4298279.491681001,7823013.007496091,4148.075,4231.762175,4566.36586,0.3,7823013.007496091,2346903.9022488273,5476109.105247263
2022-08-09,3524733.51581509,4277570.506385,7802304.022200091,4156.291,4228.4672,4563.949092,0.3,7802304.022200091,2340691.206660027,5461612.815540064
2022-08-10,3524733.51581509,4299301.737165,7824035.252980091,4109.737,4224.380816666667,4560.98694,0.3,7824035.252980091,2347210.575894027,5476824.677086064
2022-08-11,3524733.51581509,4356431.850848,7881165.366663089,4193.543,4220.843766666667,4558.516432,0.3,7881165.366663089,2364349.6099989265,5516815.7566641625
2022-08-12,3524733.51581509,4309817.492426001,7834551.008241091,4191.152,4217.193658333334,4555.546096,0.3,7834551.008241091,2350365.3024723274,5484185.705768764
2022-08-15,3524733.51581509,4354147.286998,7878880.80281309,4185.679,4213.314016666666,4552.550979999999,0.3,7878880.80281309,2363664.240843927,5515216.561969163
2022-08-16,3524733.51581509,4377815.797939001,7902549.313754091,4177.837,4209.510041666666,4549.346936,0.3,7902549.313754091,2370764.794126227,5531784.519627864
2022-08-17,3524733.51581509,4344126.836792,7868860.35260709,4216.959,4206.533425,4546.420092,0.6,7868860.35260709,4721316.211564254,3147544.141042836
2022-08-18,3524733.51581509,4319193.266991001,7843926.782806091,4180.1,4202.8422,4543.454232,0.3,7843926.782806091,2353178.034841827,5490748.747964264
2022-08-19,3524733.51581509,4247141.9235000005,7771875.43931509,4151.074,4199.690158333334,4540.116276,0.3,7771875.43931509,2331562.6317945267,5440312.807520563
2022-08-22,3524733.51581509,6620342.988703,10145076.50451809,4181.397,4196.423258333333,4536.669272,0.3,10145076.50451809,3043522.951355427,7101553.553162662
2022-08-23,3524733.51581509,6341275.581544999,9866009.09736009,4161.082,4192.918558333334,4533.252235999999,0.3,9866009.09736009,2959802.7292080265,6906206.368152063
2022-08-24,3524733.51581509,5996983.221435,9521716.73725009,4082.42,4188.441341666667,4529.688512,0.3,9521716.73725009,2856515.021175027,6665201.716075063
2022-08-25,3524733.51581509,6034188.39876,9558921.91457509,4116.24,4184.588333333333,4526.36954,0.3,9558921.91457509,2867676.574372527,6691245.340202563
2022-08-26,3524733.51581509,5804642.175155,9329375.69097009,4107.546,4180.88765,4523.035451999999,0.3,9329375.69097009,2798812.7072910266,6530562.983679063
2022-08-29,3524733.51581509,5729837.10922,9254570.62503509,4089.521,4177.496741666667,4520.043924,0.3,9254570.62503509,2776371.187510527,6478199.437524563
2022-08-30,3524733.51581509,5828023.871728,9352757.38754309,4075.794,4175.188541666666,4516.770148,0.3,9352757.38754309,2805827.216262927,6546930.171280162
2022-08-31,3524733.51581509,5767071.05369,9291804.56950509,4078.84,4173.6339499999995,4513.636952000001,0.3,9291804.56950509,2787541.370851527,6504263.198653563
2022-09-01,3524733.51581509,6042754.197438,9567487.71325309,4043.74,4172.112233333334,4510.73484,0.3,9567487.71325309,2870246.313975927,6697241.399277164
2022-09-02,3524733.51581509,6357914.108783,9882647.62459809,4023.613,4169.8687,4507.485779999999,0.3,9882647.62459809,2964794.287379427,6917853.337218663
2022-09-05,3524733.51581509,6108315.584168999,9633049.099984089,4015.426,4167.4429,4503.993923999999,0.3,9633049.099984089,2889914.7299952265,6743134.369988862
2022-09-06,3524733.51581509,6027664.284651,9552397.80046609,4052.28,4166.42225,4500.6104159999995,0.3,9552397.80046609,2865719.340139827,6686678.460326264
2022-09-07,3524733.51581509,6018283.472734,9543016.988549087,4054.983,4167.015341666667,4497.623911999999,0.3,9543016.988549087,2862905.096564726,6680111.891984361
2022-09-08,3524733.51581509,5877402.641617001,9402136.15743209,4037.684,4166.0287,4494.466476,0.3,9402136.15743209,2820640.847229627,6581495.3102024635
2022-09-09,3524733.51581509,5793058.953799,9317792.46961409,4093.787,4164.829458333334,4491.588544000001,0.3,9317792.46961409,2795337.740884227,6522454.728729863
2022-09-13,3524733.51581509,5775742.012866001,9300475.52868109,4111.115,4163.539566666667,4488.810564,0.3,9300475.52868109,2790142.658604327,6510332.8700767625
2022-09-14,3524733.51581509,5837329.157032,9362062.67284709,4065.359,4161.928008333333,4485.594164,0.3,9362062.67284709,2808618.801854127,6553443.870992963
2022-09-15,3524733.51581509,5491377.9697050005,9016111.48552009,4027.119,4160.026541666667,4482.224995999999,0.3,9016111.48552009,2704833.445656027,6311278.039864063
2022-09-16,3524733.51581509,5307471.065784999,8832204.581600089,3932.683,4157.1612583333335,4478.583479999999,0.3,8832204.581600089,2649661.3744800263,6182543.207120063
2022-09-19,3524733.51581509,5170542.694599999,8695276.21041509,3928.0,4154.467041666667,4474.560576,0.3,8695276.21041509,2608582.8631245266,6086693.3472905625
2022-09-20,3524733.51581509,5328148.795162001,8852882.31097709,3932.836,4152.452558333333,4470.3206040000005,0.3,8852882.31097709,2655864.6932931268,6197017.617683964
2022-09-21,3524733.51581509,5328381.445169001,8853114.96098409,3903.735,4150.4131333333335,4466.0470159999995,0.3,8853114.96098409,2655934.488295227,6197180.472688863
2022-09-22,3524733.51581509,5300976.868910001,8825710.38472509,3869.344,4148.2064666666665,4461.64434,0.3,8825710.38472509,2647713.115417527,6177997.269307563
2022-09-23,3524733.51581509,5097704.038514,8622437.55432909,3856.021,4144.88915,4457.014335999999,0.3,8622437.55432909,2586731.2662987267,6035706.288030364
2022-09-26,3524733.51581509,5080098.686811,8604832.20262609,3836.677,4141.67315,4452.394404,0.3,8604832.20262609,2581449.660787827,6023382.541838264
2022-09-27,3524733.51581509,5157342.256669,8682075.77248409,3892.295,4138.474291666667,4448.294935999999,0.3,8682075.77248409,2604622.731745227,6077453.040738864
2022-09-28,3524733.51581509,4963589.260772999,8488322.77658809,3828.71,4134.848199999999,4444.1405,0.3,8488322.77658809,2546496.832976427,5941825.943611663
2022-09-29,3524733.51581509,4966917.433676,8491650.94949109,3827.143,4131.665225000001,4440.21828,0.3,8491650.94949109,2547495.2848473266,5944155.664643763
2022-09-30,3524733.51581509,4886105.700069001,8410839.215884091,3804.885,4128.116208333333,4436.01406,0.3,8410839.215884091,2523251.764765227,5887587.451118864
2022-10-10,3524733.51581509,4757969.902308,8282703.418123091,3720.937,4124.956766666667,4431.6107360000005,0.3,8282703.418123091,2484811.025436927,5797892.392686164
2022-10-11,3524733.51581509,4759586.245443001,8284319.761258092,3727.687,4121.187716666666,4427.108699999999,0.3,8284319.761258092,2485295.9283774276,5799023.832880665
2022-10-12,3524733.51581509,4994777.399001,8519510.914816089,3784.306,4118.225791666667,4422.848212,0.3,8519510.914816089,2555853.2744448264,5963657.640371263
2022-10-13,3524733.51581509,4916534.182482,8441267.698297089,3752.673,4114.568333333333,4418.349424,0.3,8441267.698297089,2532380.309489127,5908887.388807962
2022-10-14,3524733.51581509,5052624.113633,8577357.62944809,3842.47,4111.682691666667,4414.183991999999,0.3,8577357.62944809,2573207.288834427,6004150.340613663
2022-10-17,3524733.51581509,5102345.628191999,8627079.144007089,3846.412,4109.016258333333,4410.233928000001,0.3,8627079.144007089,2588123.7432021266,6038955.400804962
2022-10-18,3524733.51581509,5104578.712878,8629312.22869309,3838.267,4106.5443,4406.121464,0.3,8629312.22869309,2588793.668607927,6040518.560085163
2022-10-19,3524733.51581509,5061189.421163,8585922.93697809,3776.534,4104.092175,4401.507836,0.3,8585922.93697809,2575776.881093427,6010146.055884663
2022-10-20,3524733.51581509,5201262.993531,8725996.50934609,3754.927,4102.08465,4396.782776000001,0.3,8725996.50934609,2617798.952803827,6108197.556542263
2022-10-21,3524733.51581509,5257546.672482,8782280.18829709,3742.893,4099.831674999999,4392.219,0.3,8782280.18829709,2634684.0564891268,6147596.131807962
2022-10-24,3524733.51581509,5387053.435040999,8911786.95085609,3633.373,4098.318841666666,4386.992056,0.3,8911786.95085609,2673536.0852568266,6238250.865599263
2022-10-25,3524733.51581509,5204202.3049530005,8728935.82076809,3627.454,4097.013291666666,4381.8474240000005,0.3,8728935.82076809,2618680.7462304267,6110255.074537663
2022-10-26,3524733.51581509,5314394.548856,8839128.06467109,3656.903,4095.0246833333335,4376.746604,0.3,8839128.06467109,2651738.4194013267,6187389.645269763
2022-10-27,3524733.51581509,5275826.182035999,8800559.69785109,3631.145,4092.608333333333,4371.772084,0.3,8800559.69785109,2640167.909355327,6160391.788495762
2022-10-28,3524733.51581509,5349057.413671999,8873790.929487089,3541.33,4088.650741666667,4366.246512,0.3,8873790.929487089,2662137.2788461265,6211653.650640963
2022-10-31,3524733.51581509,5512894.1884550005,9037627.70427009,3508.703,4084.4715166666665,4360.640584,0.3,9037627.70427009,2711288.3112810273,6326339.392989064
2022-11-01,5678407.428631325,3483320.6065090005,9161728.035140326,3634.173,4082.1828333333333,4355.465212,0.3,9161728.035140326,2748518.410542098,6413209.624598228
2022-11-02,5678407.428631325,3565931.49927,9244338.927901324,3677.805,4080.519241666667,4350.337532,0.3,9244338.927901324,2773301.678370397,6471037.249530926
2022-11-03,5678407.428631325,3666752.014800001,9345159.443431323,3647.897,4078.2528166666666,4345.011024,0.3,9345159.443431323,2803547.833029397,6541611.610401927
2022-11-04,5678407.428631325,3793291.729662001,9471699.158293324,3767.175,4076.509083333333,4340.227332,0.3,9471699.158293324,2841509.747487997,6630189.410805326
2022-11-07,5678407.428631325,3789966.162016001,9468373.590647329,3775.297,4074.9803916666665,4335.735863999999,0.3,9468373.590647329,2840512.0771941985,6627861.51345313
2022-11-08,5678407.428631325,3776337.734946001,9454745.163577326,3749.325,4072.9864333333335,4331.276612000001,0.3,9454745.163577326,2836423.5490731974,6618321.614504129
2022-11-09,5678407.428631325,3756544.121397002,9434951.550028328,3714.27,4070.9675333333334,4326.498612,0.3,9434951.550028328,2830485.465008498,6604466.08501983
2022-11-10,5678407.428631325,3696933.279343,9375340.707974326,3685.689,4068.2991666666667,4321.678628000001,0.3,9375340.707974326,2812602.2123922976,6562738.495582028
2022-11-11,5678407.428631325,3676820.427864001,9355227.856495326,3788.439,4066.6036000000004,4317.473,0.3,9355227.856495326,2806568.356948598,6548659.499546729
2022-11-14,5678407.428631325,3618239.549384002,9296646.978015328,3794.017,4064.890425,4313.364619999999,0.3,9296646.978015328,2788994.093404598,6507652.884610729
2022-11-15,5678407.428631325,3709216.922200001,9387624.350831326,3865.973,4063.1268666666665,4309.353544,0.3,9387624.350831326,2816287.3052493976,6571337.045581928
2022-11-16,5678407.428631325,3694755.7251360007,9373163.153767323,3834.39,4061.2969333333335,4305.32172,0.3,9373163.153767323,2811948.946130197,6561214.207637126
2022-11-17,5678407.428631325,3674821.4150740006,9353228.843705326,3818.664,4060.1261833333333,4301.203656,0.3,9353228.843705326,2805968.653111598,6547260.190593729
2022-11-18,5678407.428631325,3633177.119631,9311584.548262326,3801.569,4058.612775,4297.022956,0.3,9311584.548262326,2793475.3644786975,6518109.183783628
2022-11-21,5678407.428631325,3671186.029387001,9349593.458018323,3769.127,4056.7467916666665,4292.814692,0.3,9349593.458018323,2804878.037405497,6544715.420612827
2022-11-22,5678407.428631325,3607012.4924320015,9285419.921063326,3769.573,4054.8157416666663,4288.298371999999,0.3,9285419.921063326,2785625.976318998,6499793.944744328
2022-11-23,5678407.428631325,3628089.308058,9306496.736689324,3773.529,4052.686666666667,4283.8389879999995,0.3,9306496.736689324,2791949.021006797,6514547.715682527
2022-11-24,5678407.428631325,3617864.2518940014,9296271.680525327,3756.808,4049.8974166666667,4279.336708000001,0.3,9296271.680525327,2788881.504157598,6507390.176367729
2022-11-25,5678407.428631325,3557428.108896001,9235835.537527326,3775.776,4047.3357416666668,4274.906528,0.3,9235835.537527326,2770750.661258198,6465084.876269128
2022-11-28,5678407.428631325,3539274.977230001,9217682.405861326,3733.242,4044.366358333333,4270.296479999999,0.3,9217682.405861326,2765304.7217583978,6452377.684102928
2022-11-29,5678407.428631325,3534594.947031,9213002.375662323,3848.422,4041.7191666666668,4266.339692,0.3,9213002.375662323,2763900.7126986966,6449101.662963627
2022-11-30,5678407.428631325,3534902.2333009983,9213309.661932323,3853.037,4039.001733333333,4262.191608,0.3,9213309.661932323,2763992.8985796967,6449316.763352627
2022-12-01,5678407.428631325,3581877.3781909994,9260284.806822324,3894.769,4036.293041666667,4258.121088000001,0.3,9260284.806822324,2778085.4420466973,6482199.364775627
2022-12-02,5678407.428631325,3568289.531759001,9246696.960390326,3870.948,4033.7536499999997,4253.951496,0.3,9246696.960390326,2774009.0881170975,6472687.872273228
2022-12-05,5678407.428631325,3526925.2073930004,9205332.636024326,3946.876,4031.3193333333334,4250.072368000001,0.3,9205332.636024326,2761599.790807298,6443732.845217029
2022-12-06,5678407.428631325,3534027.1467679995,9212434.575399324,3968.198,4029.476375,4246.359392,0.3,9212434.575399324,2763730.372619797,6448704.202779528
2022-12-07,5678407.428631325,3520118.2103390004,9198525.638970328,3958.441,4027.277458333333,4242.752648,0.3,9198525.638970328,2759557.6916910983,6438967.94727923
2022-12-08,5678407.428631325,3511132.912825999,9189540.341457324,3959.18,4024.618808333333,4239.183676,0.3,9189540.341457324,2756862.102437197,6432678.239020127
2022-12-09,5678407.428631325,3513821.3651029984,9192228.793734323,3998.244,4022.5203333333334,4235.848548,0.3,9192228.793734323,2757668.638120297,6434560.155614026
2022-12-12,5678407.428631325,3503406.5724890004,9181814.001120323,3953.443,4019.5569916666664,4232.286915999999,0.3,9181814.001120323,2754544.200336097,6427269.8007842265
2022-12-13,5678407.428631325,3456414.2736319983,9134821.702263324,3945.681,4016.350725,4228.644988,0.3,9134821.702263324,2740446.510678997,6394375.191584326
2022-12-14,5678407.428631325,3451251.496399999,9129658.925031325,3954.886,4013.261725,4224.86046,0.3,9129658.925031325,2738897.6775093973,6390761.247521928
2022-12-15,5678407.428631325,3471107.601820001,9149515.030451326,3951.989,4010.6064416666673,4221.097932,0.3,9149515.030451326,2744854.5091353976,6404660.521315929
2022-12-16,5678407.428631325,3391657.07168,9070064.500311324,3954.227,4007.3593499999997,4217.226432,0.3,9070064.500311324,2721019.3500933973,6349045.150217927
2022-12-19,5678407.428631325,3355851.374018002,9034258.802649328,3893.221,4003.179758333333,4212.815596000001,0.3,9034258.802649328,2710277.6407947983,6323981.16185453
2022-12-20,5678407.428631325,3341346.72963,9019754.158261323,3829.017,3998.0526999999997,4207.816904,0.3,9019754.158261323,2705926.247478397,6313827.910782926
2022-12-21,5678407.428631325,3295771.4629649995,8974178.891596325,3830.538,3992.552875,4202.9185879999995,0.3,8974178.891596325,2692253.667478897,6281925.224117428
2022-12-22,5678407.428631325,3234549.1840350004,8912956.612666326,3836.028,3987.675133333333,4197.927496,0.3,8912956.612666326,2673886.9837998976,6239069.6288664285
2022-12-23,5678407.428631325,3202345.862901,8880753.291532325,3828.219,3982.2018666666672,4193.0415920000005,0.3,8880753.291532325,2664225.9874596973,6216527.304072628
2022-12-26,5678407.428631325,3305670.0329459985,8984077.461577324,3843.489,3977.0082916666665,4188.391952,0.3,8984077.461577324,2695223.238473197,6288854.223104127
2022-12-27,5678407.428631325,3357539.2587719983,9035946.687403323,3887.854,3971.9401583333333,4183.80444,0.3,9035946.687403323,2710784.006220997,6325162.681182327
2022-12-28,5678407.428631325,3311955.9102230016,8990363.338854328,3871.264,3966.787875,4179.470456,0.3,8990363.338854328,2697109.001656298,6293254.33719803
2022-12-29,5678407.428631325,3290281.0577860014,8968688.486417327,3856.701,3962.060633333333,4175.375588,0.3,8968688.486417327,2690606.545925198,6278081.940492129
2022-12-30,5678407.428631325,3312174.467224999,8990581.895856325,3871.634,3957.2952999999998,4171.208184,0.3,8990581.895856325,2697174.5687568975,6293407.327099428
2023-01-03,5678407.428631325,3372503.463558,9050910.892189324,3887.899,3952.7879499999995,4167.101964,0.3,9050910.892189324,2715273.267656797,6335637.624532526
2023-01-04,5678407.428631325,3343477.945588,9021885.374219324,3892.948,3948.9407083333335,4162.8787999999995,0.3,9021885.374219324,2706565.6122657973,6315319.761953527
2023-01-05,5678407.428631325,3385483.266625,9063890.695256324,3968.578,3946.0653749999997,4159.0677319999995,0.6,9063890.695256324,5438334.417153794,3625556.27810253
2023-01-06,5678407.428631325,3436856.590497,9115264.019128326,3980.889,3943.2272666666668,4155.313991999999,0.6,9115264.019128326,5469158.411476996,3646105.6076513305
2023-01-09,5678407.428631325,3440888.331537001,9119295.760168323,4013.12,3940.6526500000004,4151.542616,0.6,9119295.760168323,5471577.456100994,3647718.3040673295
2023-01-10,5678407.428631325,3438677.135965999,9117084.564597324,4017.474,3938.7272083333332,4148.078592,0.6,9117084.564597324,5470250.738758394,3646833.82583893
2023-01-11,5678407.428631325,3388027.5717730024,9066435.000404328,4010.031,3936.3725833333333,4144.432672,0.6,9066435.000404328,5439861.0002425965,3626574.0001617316
2023-01-12,5678407.428631325,3388124.814972999,9066532.243604325,4017.869,3934.2769916666666,4140.742656,0.6,9066532.243604325,5439919.346162595,3626612.89744173
2023-01-13,5678407.428631325,3378226.561773998,9056633.990405325,4074.377,3932.531775,4137.369103999999,0.6,9056633.990405325,5433980.394243195,3622653.59616213
2023-01-16,5678407.428631325,3408584.8077270007,9086992.236358326,4137.964,3931.714325,4134.44848,1.0,9086992.236358326,9086992.236358326,0.0
2023-01-17,5678407.428631325,3419108.886332,9097516.314963326,4137.242,3930.872725,4131.72452,1.0,9097516.314963326,9097516.314963326,0.0
2023-01-18,5678407.428631325,3435439.1955870017,9113846.624218326,4130.314,3930.1866416666667,4128.9563,1.0,9113846.624218326,9113846.624218326,0.0
2023-01-19,5678407.428631325,3458096.447013002,9136503.875644326,4156.008,3929.4369083333336,4126.204152,1.0,9136503.875644326,9136503.875644326,0.0
2023-01-20,5678407.428631325,3497822.648889,9176230.077520326,4181.527,3929.074333333333,4123.7391640000005,1.0,9176230.077520326,9176230.077520326,0.0
2023-01-30,5678407.428631325,3550868.9649609984,9229276.393592324,4201.345,3928.8716,4121.162228,1.0,9229276.393592324,9229276.393592324,0.0
2023-01-31,5678407.428631325,3534063.811016999,9212471.239648324,4156.858,3928.761233333333,4118.725984000001,1.0,9212471.239648324,9212471.239648324,0.0
2023-02-01,1183938.446831548,8133550.872468,9317489.319299549,4195.933,3928.8216916666665,4116.602788,1.0,9317489.319299549,9317489.319299549,0.0
2023-02-02,1183938.446831548,8195891.602716001,9379830.04954755,4181.149,3929.4394,4114.25828,1.0,9379830.04954755,9379830.04954755,0.0
2023-02-03,1183938.446831548,8188997.150553,9372935.597384548,4141.632,3930.061541666667,4111.57142,1.0,9372935.597384548,9372935.597384548,0.0
2023-02-06,1183938.446831548,8071614.0986520015,9255552.54548355,4086.878,3929.939383333333,4108.79742,0.6,9255552.54548355,5553331.52729013,3702221.01819342
2023-02-07,1183938.446831548,7994503.689347001,9178442.13617855,4094.234,3929.417075,4105.88032,0.6,9178442.13617855,5507065.281707129,3671376.85447142
2023-02-08,1183938.446831548,7975769.615198999,9159708.062030546,4076.141,3928.817625,4103.067628,0.6,9159708.062030546,5495824.837218327,3663883.224812219
2023-02-09,1183938.446831548,8150184.747245998,9334123.194077546,4130.857,3928.605675,4100.444104,1.0,9334123.194077546,9334123.194077546,0.0
2023-02-10,1183938.446831548,8067476.420126,9251414.866957547,4106.31,3928.577116666667,4098.15554,1.0,9251414.866957547,9251414.866957547,0.0
2023-02-13,1183938.446831548,8187810.910617998,9371749.357449546,4143.574,3928.160708333334,4095.880592,1.0,9371749.357449546,9371749.357449546,0.0
2023-02-14,1183938.446831548,8065899.1828959985,9249837.629727546,4145.29,3927.778525,4093.9822440000003,1.0,9249837.629727546,9249837.629727546,0.0
2023-02-15,1183938.446831548,8014218.830220001,9198157.27705155,4123.689,3927.2619416666666,4092.2219119999995,1.0,9198157.27705155,9198157.27705155,0.0
2023-02-16,1183938.446831548,7825661.738454999,9009600.185286548,4093.488,3926.5590333333334,4090.059504,1.0,9009600.185286548,9009600.185286548,0.0
2023-02-17,1183938.446831548,7704107.716948,8888046.163779547,4034.507,3925.0386,4087.7624400000004,0.6,8888046.163779547,5332827.698267728,3555218.4655118193
2023-02-20,1183938.446831548,7747481.438875,8931419.885706548,4133.49,3924.650183333333,4085.688156,1.0,8931419.885706548,8931419.885706548,0.0
2023-02-21,1183938.446831548,7726600.208736001,8910538.65556755,4144.354,3924.594183333333,4083.7061200000003,1.0,8910538.65556755,8910538.65556755,0.0
2023-02-22,1183938.446831548,7759613.318666,8943551.765497549,4106.951,3923.9737999999998,4081.728344,1.0,8943551.765497549,8943551.765497549,0.0
2023-02-23,1183938.446831548,7841325.029437001,9025263.476268549,4103.646,3923.4951666666666,4079.936176,1.0,9025263.476268549,9025263.476268549,0.0
2023-02-24,1183938.446831548,7799730.322628002,8983668.76945955,4061.046,3923.31705,4077.779948,0.6,8983668.76945955,5390201.261675729,3593467.50778382
2023-02-27,1183938.446831548,7745390.875289999,8929329.322121548,4043.844,3922.7137500000003,4075.4833679999997,0.6,8929329.322121548,5357597.593272928,3571731.7288486194
2023-02-28,1183938.446831548,7765766.752891999,8949705.199723547,4069.459,3922.396358333333,4073.2445439999997,0.6,8949705.199723547,5369823.119834128,3579882.0798894195
2023-03-01,1183938.446831548,7712828.132608999,8896766.579440547,4126.942,3922.7082,4071.1473680000004,1.0,8896766.579440547,8896766.579440547,0.0
2023-03-02,1183938.446831548,7586901.998802999,8770840.445634548,4117.738,3923.0577333333335,4069.0810640000004,1.0,8770840.445634548,8770840.445634548,0.0
2023-03-03,1183938.446831548,7652801.791704999,8836740.238536548,4130.551,3923.4886583333337,4067.3066559999997,1.0,8836740.238536548,8836740.238536548,0.0
2023-03-06,1183938.446831548,7837738.198703,9021676.645534549,4109.01,3924.0325749999997,4065.250508,1.0,9021676.645534549,9021676.645534549,0.0
2023-03-07,1183938.446831548,7679190.102018,8863128.548849547,4048.852,3924.2429,4063.3286399999997,0.6,8863128.548849547,5317877.129309728,3545251.4195398195
2023-03-08,1183938.446831548,7738590.715551999,8922529.162383547,4034.108,3924.398583333333,4061.171372,0.6,8922529.162383547,5353517.497430128,3569011.664953419
2023-03-09,1183938.446831548,7727195.736018001,8911134.182849549,4019.851,3924.128341666667,4058.924192,0.6,8911134.182849549,5346680.509709729,3564453.67313982
2023-03-10,1183938.446831548,7660386.697503,8844325.14433455,3967.135,3923.396275,4056.313988,0.6,8844325.14433455,5306595.086600729,3537730.05773382
2023-03-13,1183938.446831548,7720495.498483999,8904433.945315547,4008.686,3923.154625,4054.034328,0.6,8904433.945315547,5342660.367189328,3561773.578126219
2023-03-14,1183938.446831548,7715124.430929999,8899062.877761547,3984.696,3922.2455333333332,4051.7666,0.6,8899062.877761547,5339437.726656928,3559625.151104619
2023-03-15,1183938.446831548,7639933.036893,8823871.483724548,3986.902,3921.2104249999998,4049.7284879999997,0.6,8823871.483724548,5294322.890234728,3529548.593489819
2023-03-16,1183938.446831548,7442307.499033001,8626245.945864549,3939.151,3920.1586916666665,4048.07398,0.6,8626245.945864549,5175747.567518729,3450498.37834582
2023-03-17,1183938.446831548,7297095.690191,8481034.137022547,3958.819,3919.5895250000003,4046.847692,0.6,8481034.137022547,5088620.482213528,3392413.6548090195
2023-03-20,1183938.446831548,7340336.410101,8524274.856932549,3939.077,3919.642808333333,4045.698616,0.6,8524274.856932549,5114564.914159529,3409709.94277302
2023-03-21,1183938.446831548,7431276.147337998,8615214.594169546,3982.378,3920.095958333333,4044.4567800000004,0.6,8615214.594169546,5169128.756501728,3446085.837667818
2023-03-22,1183938.446831548,7368541.480276,8552479.927107548,3999.443,3920.651016666667,4043.2284640000003,0.6,8552479.927107548,5131487.956264528,3420991.97084302
2023-03-23,1183938.446831548,7387497.993866,8571436.440697549,4039.09,3921.7789749999997,4042.6857919999998,0.6,8571436.440697549,5142861.864418529,3428574.57627902
2023-03-24,1183938.446831548,7353152.754854999,8537091.201686548,4027.046,3923.0931583333336,4042.8587279999997,0.6,8537091.201686548,5122254.721011928,3414836.48067462
2023-03-27,1183938.446831548,7406883.410459999,8590821.857291548,4012.477,3924.3969583333333,4042.2843119999998,0.6,8590821.857291548,5154493.114374928,3436328.7429166194
2023-03-28,1183938.446831548,7307694.687590999,8491633.134422548,3999.515,3925.753941666667,4041.331588,0.6,8491633.134422548,5094979.8806535285,3396653.2537690196
2023-03-29,1183938.446831548,7312952.879502,8496891.326333549,4006.144,3926.7026833333334,4040.292556,0.6,8496891.326333549,5098134.795800129,3398756.53053342
2023-03-30,1183938.446831548,7362253.669589996,8546192.116421545,4038.526,3928.4511500000003,4039.411676,0.6,8546192.116421545,5127715.269852927,3418476.846568618
2023-03-31,1183938.446831548,7495807.555690999,8679746.002522547,4050.926,3930.3160083333332,4038.5942,1.0,8679746.002522547,8679746.002522547,0.0
2023-04-03,1183938.446831548,7548458.808153998,8732397.254985547,4090.568,3932.6967000000004,4037.8504040000003,1.0,8732397.254985547,8732397.254985547,0.0
2023-04-04,1183938.446831548,7481425.517757999,8665363.964589547,4103.105,3935.8814333333335,4037.2576,1.0,8665363.964589547,8665363.964589547,0.0
2023-04-06,1183938.446831548,7463781.966268999,8647720.413100548,4096.64,3938.956041666667,4036.9458640000003,1.0,8647720.413100548,8647720.413100548,0.0
2023-04-07,1183938.446831548,7656763.526153999,8840701.972985547,4123.28,3941.780825,4036.84512,1.0,8840701.972985547,8840701.972985547,0.0
2023-04-10,1183938.446831548,7555883.065064999,8739821.511896547,4104.812,3944.715316666667,4036.7277919999997,1.0,8739821.511896547,8739821.511896547,0.0
2023-04-11,1183938.446831548,7540450.343524999,8724388.790356547,4100.148,3946.862633333333,4036.111988,1.0,8724388.790356547,8724388.790356547,0.0
2023-04-12,1183938.446831548,7572754.106657,8756692.553488549,4097.288,3948.9532666666664,4035.610752,1.0,8756692.553488549,8756692.553488549,0.0
2023-04-13,1183938.446831548,7548595.567457001,8732534.014288548,4068.979,3950.8758666666668,4034.782036,1.0,8732534.014288548,8732534.014288548,0.0
2023-04-14,1183938.446831548,7732351.064667002,8916289.51149855,4091.999,3953.5047416666666,4034.094668,1.0,8916289.51149855,8916289.51149855,0.0
2023-04-17,1183938.446831548,7609897.42511,8793835.871941548,4149.384,3956.791883333333,4033.855804,1.0,8793835.871941548,8793835.871941548,0.0
2023-04-18,1183938.446831548,7526280.358064,8710218.804895548,4162.032,3960.284708333333,4033.580864,1.0,8710218.804895548,8710218.804895548,0.0
2023-04-19,1183938.446831548,7469902.737731,8653841.184562549,4124.559,3964.377925,4033.67882,1.0,8653841.184562549,8653841.184562549,0.0
2023-04-20,1183938.446831548,7325825.143349,8509763.590180548,4113.019,3968.4243,4033.411004,1.0,8509763.590180548,8509763.590180548,0.0
2023-04-21,1183938.446831548,7026877.471231,8210815.918062547,4032.567,3971.5548333333336,4032.9823239999996,0.6,8210815.918062547,4926489.550837528,3284326.3672250193
2023-04-24,1183938.446831548,6894844.227930001,8078782.674761549,3982.643,3974.483983333333,4032.146624,0.6,8078782.674761549,4847269.604856929,3231513.06990462
2023-04-25,1183938.446831548,6688945.323205,7872883.770036548,3962.666,3977.9951166666665,4031.2423,0.3,7872883.770036548,2361865.1310109645,5511018.639025584
2023-04-26,1183938.446831548,6845623.495266001,8029561.942097548,3959.232,3981.7495249999997,4030.413692,0.3,8029561.942097548,2408868.5826292643,5620693.359468284
2023-04-27,1183938.446831548,6736285.041096001,7920223.487927549,3988.419,3984.701575,4029.82776,0.6,7920223.487927549,4752134.092756529,3168089.3951710192
2023-04-28,1183938.446831548,6632760.605927002,7816699.05275855,4029.086,3987.6289166666666,4029.660948,0.6,7816699.05275855,4690019.43165513,3126679.62110342
2023-05-04,1183938.446831548,6611739.331632999,7795677.778464546,4030.247,3990.8151666666668,4029.798616,1.0,7795677.778464546,7795677.778464546,0.0
2023-05-05,1623480.3119533404,6114317.971366,7737798.283319341,4016.877,3992.8960166666666,4029.813124,0.6,7737798.283319341,4642678.969991605,3095119.313327736
2023-05-08,1623480.3119533404,6170565.379964999,7794045.69191834,4062.662,3995.290725,4030.8041200000002,1.0,7794045.69191834,7794045.69191834,0.0
2023-05-09,1623480.3119533404,6033633.188200998,7657113.500154339,4027.875,3997.611975,4031.77914,0.6,7657113.500154339,4594268.100092603,3062845.400061736
2023-05-10,1623480.3119533404,6070617.734639999,7694098.04659334,3996.87,3999.9669750000003,4032.184476,0.3,7694098.04659334,2308229.413978002,5385868.632615338
2023-05-11,1623480.3119533404,6095550.807062,7719031.119015341,3990.664,4002.5084333333334,4032.462704,0.3,7719031.119015341,2315709.3357046023,5403321.783310738
2023-05-12,1623480.3119533404,5986432.428587001,7609912.740540341,3937.762,4003.7527916666663,4032.1487879999995,0.3,7609912.740540341,2282973.822162102,5326938.918378239
2023-05-15,1623480.3119533404,5995658.533966999,7619138.845920339,3998.887,4005.4600416666667,4032.1034959999997,0.3,7619138.845920339,2285741.653776102,5333397.192144237
2023-05-16,1623480.3119533404,5869776.667121001,7493256.979074341,3978.205,4006.395308333333,4032.381056,0.3,7493256.979074341,2247977.0937223025,5245279.885352039
2023-05-17,1623480.3119533404,5939914.718686,7563395.030639341,3960.165,4007.4434333333334,4032.7119719999996,0.3,7563395.030639341,2269018.5091918022,5294376.521447539
2023-05-18,1623480.3119533404,6054662.647566002,7678142.9595193425,3956.07,4008.5884833333334,4032.85678,0.3,7678142.9595193425,2303442.8878558027,5374700.07166354
2023-05-19,1623480.3119533404,6014205.050834,7637685.362787341,3944.54,4009.779908333333,4032.7292479999996,0.3,7637685.362787341,2291305.608836202,5346379.753951139
2023-05-22,1623480.3119533404,5986385.660515999,7609865.97246934,3969.328,4011.44825,4032.7716,0.3,7609865.97246934,2282959.791740802,5326906.180728538
2023-05-23,1623480.3119533404,5864073.269894,7487553.581847341,3913.188,4012.645041666667,4032.469952,0.3,7487553.581847341,2246266.074554202,5241287.507293139
2023-05-24,1623480.3119533404,5858223.665685002,7481703.977638342,3859.094,4013.358083333333,4032.080176,0.3,7481703.977638342,2244511.1932915025,5237192.784346839
2023-05-25,1623480.3119533404,5831035.7693880005,7454516.081341341,3850.5,4014.1388500000003,4031.4586040000004,0.3,7454516.081341341,2236354.824402402,5218161.256938939
2023-05-26,1623480.3119533404,5927600.402208,7551080.714161341,3850.951,4014.7653083333335,4030.89478,0.3,7551080.714161341,2265324.214248402,5285756.499912939
2023-05-29,1623480.3119533404,5948403.414875001,7571883.726828341,3833.942,4015.604475,4030.232156,0.3,7571883.726828341,2271565.118048502,5300318.608779839
2023-05-30,1623480.3119533404,6055067.498212001,7678547.810165342,3837.753,4015.515566666667,4029.2727680000003,0.3,7678547.810165342,2303564.3430496026,5374983.467115739
2023-05-31,1623480.3119533404,6100924.791514997,7724405.103468338,3798.543,4015.06145,4028.251012,0.3,7724405.103468338,2317321.5310405013,5407083.572427837
2023-06-01,1623480.3119533404,6201062.513327002,7824542.825280342,3806.868,4014.3289416666667,4027.6418679999997,0.3,7824542.825280342,2347362.847584103,5477179.97769624
2023-06-02,1623480.3119533404,6192271.688986001,7815752.000939341,3861.834,4014.2529916666667,4027.156492,0.3,7815752.000939341,2344725.6002818025,5471026.400657538
2023-06-05,1623480.3119533404,6293106.083730998,7916586.395684339,3844.249,4013.397766666667,4026.5613080000003,0.3,7916586.395684339,2374975.918705302,5541610.476979038
2023-06-06,1623480.3119533404,6188273.561175001,7811753.873128341,3808.163,4012.0641416666667,4025.788764,0.3,7811753.873128341,2343526.161938502,5468227.711189838
2023-06-07,1623480.3119533404,6319279.596623998,7942759.908577339,3789.342,4010.6549833333333,4024.83006,0.3,7942759.908577339,2382827.9725732016,5559931.936004138
2023-06-08,1623480.3119533404,6260257.122470999,7883737.43442434,3820.187,4009.496708333333,4023.744736,0.3,7883737.43442434,2365121.2303273017,5518616.204097038
2023-06-09,1623480.3119533404,6331857.229858,7955337.5418113405,3836.703,4008.1505333333334,4022.75884,0.3,7955337.5418113405,2386601.262543402,5568736.279267939
2023-06-12,1623480.3119533404,6356131.173627997,7979611.4855813375,3844.432,4007.2421083333334,4021.778296,0.3,7979611.4855813375,2393883.4456744012,5585728.039906936
2023-06-13,1623480.3119533404,6409323.102065,8032803.41401834,3864.907,4006.5689916666665,4020.5735839999998,0.3,8032803.41401834,2409841.024205502,5622962.389812838
2023-06-14,1623480.3119533404,6412971.034938,8036451.346891341,3864.025,4005.811816666667,4019.313168,0.3,8036451.346891341,2410935.4040674022,5625515.942823939
2023-06-15,1623480.3119533404,6403390.699457999,8026871.01141134,3925.499,4005.5910666666664,4018.1359159999997,0.3,8026871.01141134,2408061.303423402,5618809.707987938
2023-06-16,1623480.3119533404,6458758.005394001,8082238.317347341,3963.351,4005.6671,4017.2866200000003,0.3,8082238.317347341,2424671.4952042024,5657566.822143139
2023-06-19,1623480.3119533404,6541406.002989999,8164886.31494334,3930.908,4005.9811583333335,4016.054276,0.3,8164886.31494334,2449465.894483002,5715420.420460338
2023-06-20,1623480.3119533404,6522607.273506998,8146087.585460339,3924.238,4006.7746666666667,4014.9938159999997,0.3,8146087.585460339,2443826.2756381016,5702261.309822237
2023-06-21,1623480.3119533404,6316832.149303,7940312.46125634,3864.032,4007.0537833333337,4013.5606999999995,0.3,7940312.46125634,2382093.738376902,5558218.722879438
2023-06-26,1623480.3119533404,6065799.341882999,7689279.65383634,3809.696,4006.83435,4011.6866119999995,0.3,7689279.65383634,2306783.896150902,5382495.757685438
2023-06-27,1623480.3119533404,6139507.645023001,7762987.956976342,3845.433,4006.9778,4010.0681,0.3,7762987.956976342,2328896.3870929023,5434091.56988344
2023-06-28,1623480.3119533404,6034797.722042,7658278.033995341,3840.799,4006.9553833333334,4008.1951200000003,0.3,7658278.033995341,2297483.410198602,5360794.623796739
2023-06-29,1623480.3119533404,6114263.561841003,7737743.873794343,3821.844,4006.4053,4006.1607639999997,0.3,7737743.873794343,2321323.162138303,5416420.7116560405
2023-06-30,1623480.3119533404,6149472.752603005,7772953.064556345,3842.452,4006.1652000000004,4004.228308,0.3,7772953.064556345,2331885.9193669036,5441067.145189442
2023-07-03,1623480.3119533404,6122166.080568,7745646.39252134,3892.882,4006.4667083333334,4002.717344,0.3,7745646.39252134,2323693.917756402,5421952.4747649385
2023-07-04,1623480.3119533404,6172796.778244999,7796277.09019834,3899.013,4006.6948666666667,4000.937884,0.3,7796277.09019834,2338883.127059502,5457393.963138837
2023-07-05,1623480.3119533404,6075619.123728998,7699099.435682339,3868.805,4006.5357500000005,3998.834016,0.3,7699099.435682339,2309729.8307047016,5389369.6049776375
2023-07-06,1623480.3119533404,6074183.565878,7697663.877831341,3842.755,4006.117475,3996.42798,0.3,7697663.877831341,2309299.163349402,5388364.714481939
2023-07-07,1623480.3119533404,6025672.223427999,7649152.5353813395,3825.699,4004.9268166666666,3993.768708,0.3,7649152.5353813395,2294745.7606144017,5354406.774766938
2023-07-10,1623480.3119533404,6015586.042710001,7639066.354663341,3844.327,4003.7888000000003,3991.460588,0.3,7639066.354663341,2291719.9063990023,5347346.448264339
2023-07-11,1623480.3119533404,6053341.199675998,7676821.511629338,3869.486,4002.59185,3988.9984879999997,0.3,7676821.511629338,2303046.4534888016,5373775.058140537
2023-07-12,1623480.3119533404,5950016.135825999,7573496.44777934,3843.437,4001.1415416666664,3986.505364,0.3,7573496.44777934,2272048.9343338017,5301447.513445538
2023-07-13,1623480.3119533404,6052933.023419998,7676413.335373338,3898.423,4000.2114749999996,3984.1149360000004,0.3,7676413.335373338,2302924.0006120014,5373489.334761336
2023-07-14,1623480.3119533404,6132492.220303001,7755972.532256342,3899.103,3999.221758333333,3981.753196,0.3,7755972.532256342,2326791.7596769026,5429180.772579439
2023-07-17,1623480.3119533404,6095154.009263001,7718634.321216342,3867.175,3997.495075,3979.526016,0.3,7718634.321216342,2315590.2963649025,5403044.0248514395
2023-07-18,1623480.3119533404,6020948.084547997,7644428.396501338,3854.939,3995.1365333333333,3977.1718760000003,0.3,7644428.396501338,2293328.5189504013,5351099.877550937
2023-07-19,1623480.3119533404,6022751.179961998,7646231.491915339,3850.866,3992.7500666666665,3974.860216,0.3,7646231.491915339,2293869.4475746015,5352362.044340737
2023-07-20,1623480.3119533404,5936170.190071,7559650.50202434,3823.695,3990.194908333333,3972.736528,0.3,7559650.50202434,2267895.150607302,5291755.351417039
2023-07-21,1623480.3119533404,5898797.693825002,7522278.0057783425,3821.91,3987.4107583333334,3970.769696,0.3,7522278.0057783425,2256683.4017335027,5265594.60404484
2023-07-24,1623480.3119533404,5940878.223252,7564358.535205341,3805.221,3984.274875,3968.704732,0.3,7564358.535205341,2269307.560561602,5295050.974643739
2023-07-25,1623480.3119533404,6039273.849400997,7662754.161354338,3915.115,3981.8896250000003,3967.076896,0.3,7662754.161354338,2298826.2484063013,5363927.912948037
2023-07-26,1623480.3119533404,5929445.1319,7552925.443853341,3907.013,3979.8075833333332,3965.7108399999997,0.3,7552925.443853341,2265877.633156002,5287047.8106973395
2023-07-27,1623480.3119533404,5867699.439753,7491179.75170634,3902.346,3977.361025,3964.14988,0.3,7491179.75170634,2247353.925511902,5243825.826194438
2023-07-28,1623480.3119533404,5912927.411263,7536407.723216341,3992.738,3975.7909333333328,3963.0434720000003,1.0,7536407.723216341,7536407.723216341,0.0
2023-07-31,1623480.3119533404,5955466.610282001,7578946.922235342,4014.63,3974.732583333333,3961.9667799999997,1.0,7578946.922235342,7578946.922235342,0.0
2023-08-01,371103.68166978814,7174496.812678002,7545600.49434779,3998.001,3973.991941666667,3961.014552,1.0,7545600.49434779,7545600.49434779,0.0
2023-08-02,371103.68166978814,7238032.009966002,7609135.69163579,3969.895,3972.955783333333,3959.941196,0.3,7609135.69163579,2282740.707490737,5326394.984145053
2023-08-03,371103.68166978814,7212075.275644002,7583178.95731379,4004.984,3972.3628083333333,3959.110556,1.0,7583178.95731379,7583178.95731379,0.0
2023-08-04,371103.68166978814,7349786.894906997,7720890.576576785,4020.579,3971.4438250000003,3958.208968,1.0,7720890.576576785,7720890.576576785,0.0
2023-08-07,371103.68166978814,7361245.480450997,7732349.162120786,3990.153,3970.4758500000003,3957.2694359999996,1.0,7732349.162120786,7732349.162120786,0.0
2023-08-08,371103.68166978814,7336172.934266001,7707276.615935789,3979.732,3969.1105000000002,3956.2856720000004,1.0,7707276.615935789,7707276.615935789,0.0
2023-08-09,371103.68166978814,7251708.423443,7622812.105112788,3967.565,3967.629458333334,3955.475524,0.3,7622812.105112788,2286843.6315338365,5335968.473578952
2023-08-10,371103.68166978814,7247989.358684,7619093.040353788,3975.717,3966.3963583333334,3954.62368,1.0,7619093.040353788,7619093.040353788,0.0
2023-08-11,371103.68166978814,7090593.684143,7461697.365812789,3884.254,3964.6527416666663,3953.7326000000003,0.3,7461697.365812789,2238509.2097438364,5223188.156068953
2023-08-14,371103.68166978814,7190433.053757001,7561536.735426789,3855.906,3963.1644,3952.8883239999996,0.3,7561536.735426789,2268461.0206280365,5293075.714798752
2023-08-15,371103.68166978814,7082711.898887998,7453815.580557787,3846.536,3960.7731166666667,3951.8683200000005,0.3,7453815.580557787,2236144.674167336,5217670.906390451
2023-08-16,371103.68166978814,6964286.305455002,7335389.98712479,3818.334,3958.0562833333333,3950.514012,0.3,7335389.98712479,2200616.996137437,5134772.990987353
2023-08-17,371103.68166978814,7093767.834088997,7464871.515758785,3831.101,3955.757533333334,3949.246116,0.3,7464871.515758785,2239461.4547276357,5225410.06103115
2023-08-18,371103.68166978814,6939948.478279998,7311052.159949786,3784.004,3953.0938499999997,3947.756968,0.3,7311052.159949786,2193315.647984936,5117736.51196485
2023-08-21,371103.68166978814,6918841.002753998,7289944.684423787,3729.555,3950.331425,3946.2362399999997,0.3,7289944.684423787,2186983.4053271357,5102961.279096651
2023-08-22,371103.68166978814,7132592.763460999,7503696.445130788,3758.227,3947.9512833333333,3944.4949760000004,0.3,7503696.445130788,2251108.9335392364,5252587.511591552
2023-08-23,371103.68166978814,7009511.845584001,7380615.52725379,3696.634,3944.8444083333334,3942.516904,0.3,7380615.52725379,2214184.6581761367,5166430.869077653
2023-08-24,371103.68166978814,7008249.921574004,7379353.603243792,3723.429,3941.4818,3940.667904,0.3,7379353.603243792,2213806.0809731376,5165547.522270655
2023-08-25,371103.68166978814,6807746.986314999,7178850.667984787,3709.152,3938.0769166666664,3938.7931639999997,0.3,7178850.667984787,2153655.200395436,5025195.467589351
2023-08-28,371103.68166978814,6871030.385523999,7242134.067193788,3752.619,3934.9274833333334,3936.935804,0.3,7242134.067193788,2172640.220158136,5069493.847035652
2023-08-29,371103.68166978814,7184562.874654002,7555666.55632379,3790.107,3932.269958333333,3935.3758319999997,0.3,7555666.55632379,2266699.966897137,5288966.589426653
2023-08-30,371103.68166978814,7324391.577161001,7695495.258830789,3788.51,3930.1004416666665,3933.9255760000005,0.3,7695495.258830789,2308648.5776492367,5386846.681181552
2023-08-31,371103.68166978814,7246519.472006,7617623.153675788,3765.268,3927.8601083333338,3932.2610600000003,0.3,7617623.153675788,2285286.9461027365,5332336.207573052
2023-09-01,371103.68166978814,7148752.914052001,7519856.59572179,3791.491,3925.9571083333335,3930.782696,0.3,7519856.59572179,2255956.978716537,5263899.617005253
2023-09-04,371103.68166978814,7234965.7776569985,7606069.459326787,3848.952,3924.97225,3929.848824,0.3,7606069.459326787,2281820.837798036,5324248.62152875
2023-09-05,371103.68166978814,7187926.965979,7559030.647648788,3820.317,3923.402508333333,3928.6651319999996,0.3,7559030.647648788,2267709.194294636,5291321.453354152
2023-09-06,371103.68166978814,7275272.846009999,7646376.527679788,3812.028,3921.9636083333335,3927.48306,0.3,7646376.527679788,2293912.9583039363,5352463.569375852
2023-09-07,371103.68166978814,7169471.889979001,7540575.57164879,3758.475,3920.06005,3926.158876,0.3,7540575.57164879,2262172.6714946367,5278402.900154153
2023-09-08,371103.68166978814,7282371.424951,7653475.106620789,3739.993,3918.4004,3924.815672,0.3,7653475.106620789,2296042.5319862366,5357432.574634552
2023-09-11,371103.68166978814,7347630.119080999,7718733.800750787,3767.537,3916.806383333333,3923.57046,0.3,7718733.800750787,2315620.1402252363,5403113.660525551
2023-09-12,371103.68166978814,7271199.100206999,7642302.781876788,3760.605,3915.3191166666666,3922.43792,0.3,7642302.781876788,2292690.834563036,5349611.947313752
2023-09-13,371103.68166978814,7144183.548022002,7515287.22969179,3736.651,3913.271391666667,3921.290072,0.3,7515287.22969179,2254586.168907537,5260701.060784253
2023-09-14,371103.68166978814,7061011.587400998,7432115.269070786,3733.508,3911.0552666666667,3920.1623999999997,0.3,7432115.269070786,2229634.580721236,5202480.688349551
2023-09-15,371103.68166978814,7038943.485090002,7410047.166759791,3708.777,3908.3026583333335,3918.788388,0.3,7410047.166759791,2223014.1500279373,5187033.016731854
2023-09-18,371103.68166978814,7056580.86824,7427684.549909788,3727.711,3905.8082,3917.4793,0.3,7427684.549909788,2228305.3649729365,5199379.184936851
2023-09-19,371103.68166978814,6959581.403033,7330685.084702788,3720.502,3903.3750749999995,3916.210572,0.3,7330685.084702788,2199205.525410836,5131479.559291951
2023-09-20,371103.68166978814,6858691.813467,7229795.495136788,3705.69,3900.9265333333333,3914.6581840000003,0.3,7229795.495136788,2168938.6485410365,5060856.846595751
2023-09-21,371103.68166978814,6849319.631705001,7220423.313374789,3672.445,3898.145708333333,3912.9035040000003,0.3,7220423.313374789,2166126.994012437,5054296.319362353
2023-09-22,371103.68166978814,7038074.938893002,7409178.620562791,3738.933,3895.6491,3911.5978,0.3,7409178.620562791,2222753.5861688373,5186425.034393953
2023-09-25,371103.68166978814,6995611.413236003,7366715.094905792,3714.604,3892.8464166666668,3910.34774,0.3,7366715.094905792,2210014.5284717376,5156700.566434054
2023-09-26,371103.68166978814,6998347.2790560005,7369450.960725789,3692.893,3889.532458333333,3909.3885800000003,0.3,7369450.960725789,2210835.2882177364,5158615.672508053
2023-09-27,371103.68166978814,6989412.731640997,7360516.413310786,3700.495,3886.1773749999998,3908.47856,0.3,7360516.413310786,2208154.9239932355,5152361.48931755
2023-09-28,371103.68166978814,7103068.987355001,7474172.66902479,3689.517,3882.784683333333,3907.505284,0.3,7474172.66902479,2242251.8007074366,5231920.868317353
2023-10-09,371103.68166978814,7125813.356398001,7496917.03806779,3684.727,3879.130075,3906.6292519999997,0.3,7496917.03806779,2249075.1114203366,5247841.926647453
2023-10-10,371103.68166978814,7172803.607257001,7543907.28892679,3657.126,3875.399358333333,3905.78038,0.3,7543907.28892679,2263172.1866780366,5280735.1022487525
2023-10-11,371103.68166978814,7255230.490148998,7626334.171818786,3667.548,3871.794358333333,3905.026488,0.3,7626334.171818786,2287900.251545636,5338433.92027315
2023-10-12,371103.68166978814,7223988.803049998,7595092.484719787,3702.382,3868.5034749999995,3904.4893079999997,0.3,7595092.484719787,2278527.7454159358,5316564.7393038515
2023-10-13,371103.68166978814,7160651.260806999,7531754.942476788,3663.41,3865.1237333333333,3903.573768,0.3,7531754.942476788,2259526.482743036,5272228.459733752
2023-10-16,371103.68166978814,7092482.847786998,7463586.529456787,3626.597,3861.2453833333334,3902.7653159999995,0.3,7463586.529456787,2239075.958837036,5224510.570619751
2023-10-17,371103.68166978814,7109013.867034998,7480117.548704786,3639.402,3856.9955333333337,3902.014352,0.3,7480117.548704786,2244035.2646114356,5236082.28409335
2023-10-18,371103.68166978814,6976729.233809998,7347832.915479787,3610.577,3852.400075,3901.2371200000002,0.3,7347832.915479787,2204349.874643936,5143483.040835851
2023-10-19,371103.68166978814,6902172.631884,7273276.313553789,3533.545,3847.4749583333332,3900.487552,0.3,7273276.313553789,2181982.8940661363,5091293.419487652
2023-10-20,371103.68166978814,6725422.653822999,7096526.335492788,3510.589,3842.454708333333,3899.6191599999997,0.3,7096526.335492788,2128957.9006478363,4967568.434844952
2023-10-23,371103.68166978814,6549946.336173,6921050.017842788,3474.244,3837.8020166666665,3898.378912,0.3,6921050.017842788,2076315.0053528363,4844735.012489952
2023-10-24,371103.68166978814,6713485.718720999,7084589.400390787,3487.13,3833.6727416666668,3897.31674,0.3,7084589.400390787,2125376.820117236,4959212.580273551
2023-10-25,371103.68166978814,6814985.5327050015,7186089.21437479,3504.458,3829.8543416666666,3895.9646920000005,0.3,7186089.21437479,2155826.764312437,5030262.450062353
2023-10-26,371103.68166978814,6881605.04714,7252708.728809789,3514.145,3826.1452833333333,3894.6356240000005,0.3,7252708.728809789,2175812.6186429365,5076896.110166852
2023-10-27,371103.68166978814,6862907.471208001,7234011.152877789,3562.385,3822.595,3893.5320960000004,0.3,7234011.152877789,2170203.3458633367,5063807.807014452
2023-10-30,371103.68166978814,7022527.971620001,7393631.653289789,3583.772,3818.88405,3892.761048,0.3,7393631.653289789,2218089.4959869366,5175542.157302853
2023-10-31,371103.68166978814,6970857.889915,7341961.571584788,3572.506,3815.0695416666663,3892.031364,0.3,7341961.571584788,2202588.4714754364,5139373.100109352
2023-11-01,4161756.7266842206,3127946.5123210005,7289703.239005221,3571.027,3811.354125,3891.3439,0.3,7289703.239005221,2186910.971701566,5102792.267303655
2023-11-02,4161756.7266842206,3091962.383313,7253719.10999722,3554.189,3807.11685,3891.027164,0.3,7253719.10999722,2176115.732999166,5077603.376998054
2023-11-03,4161756.7266842206,3121599.822109,7283356.548793221,3584.136,3803.419025,3890.853892,0.3,7283356.548793221,2185006.9646379664,5098349.584155254
2023-11-06,4161756.7266842206,3176863.136466998,7338619.863151219,3632.608,3800.3835083333333,3890.756712,0.3,7338619.863151219,2201585.9589453656,5137033.904205853
2023-11-07,4161756.7266842206,3192234.4925389998,7353991.21922322,3619.759,3797.2926333333335,3890.7111680000003,0.3,7353991.21922322,2206197.365766966,5147793.853456254
2023-11-08,4161756.7266842206,3211928.807001,7373685.53368522,3611.072,3794.570216666667,3890.990136,0.3,7373685.53368522,2212105.660105566,5161579.873579655
2023-11-09,4161756.7266842206,3162103.4630169994,7323860.18970122,3612.826,3791.3530416666667,3891.406628,0.3,7323860.18970122,2197158.056910366,5126702.132790854
2023-11-10,4161756.7266842206,3162687.784383,7324444.511067221,3586.489,3788.088741666667,3891.215892,0.3,7324444.511067221,2197333.353320166,5127111.1577470545
2023-11-13,4161756.7266842206,3180294.9301130003,7342051.656797221,3579.414,3784.9158166666666,3890.822328,0.3,7342051.656797221,2202615.4970391663,5139436.159758055
2023-11-14,4161756.7266842206,3201047.4549780022,7362804.181662222,3582.058,3781.79905,3890.5589720000003,0.3,7362804.181662222,2208841.2544986666,5153962.927163556
2023-11-15,4161756.7266842206,3229290.3872899995,7391047.11397422,3607.245,3778.9882583333333,3889.9192519999997,0.3,7391047.11397422,2217314.134192266,5173732.979781954
2023-11-16,4161756.7266842206,3208372.339113001,7370129.065797221,3572.364,3775.6802250000005,3889.10752,0.3,7370129.065797221,2211038.719739166,5159090.346058055
2023-11-17,4161756.7266842206,3227518.763859,7389275.49054322,3568.069,3772.8042333333333,3888.382496,0.3,7389275.49054322,2216782.647162966,5172492.843380254
2023-11-20,4161756.7266842206,3253930.9809580003,7415687.707642221,3576.323,3770.4478083333333,3887.830708,0.3,7415687.707642221,2224706.312292666,5190981.395349555
2023-11-21,4161756.7266842206,3222844.4342289995,7384601.16091322,3581.067,3768.2025333333336,3887.41222,0.3,7384601.16091322,2215380.348273966,5169220.812639253
2023-11-22,4161756.7266842206,3177229.7235990004,7338986.450283221,3544.416,3765.648075,3886.436128,0.3,7338986.450283221,2201695.935084966,5137290.515198255
2023-11-23,4161756.7266842206,3231224.465293001,7392981.191977221,3561.52,3763.377891666666,3885.50614,0.3,7392981.191977221,2217894.357593166,5175086.834384054
2023-11-24,4161756.7266842206,3190369.9780409997,7352126.70472522,3538.009,3760.880025,3884.194284,0.3,7352126.70472522,2205638.011417566,5146488.693307654
2023-11-27,4161756.7266842206,3205808.771510001,7367565.498194221,3511.942,3758.491683333333,3882.904492,0.3,7367565.498194221,2210269.6494582663,5157295.848735955
2023-11-28,4161756.7266842206,3233568.671432,7395325.39811622,3518.523,3756.0888083333334,3881.703928,0.3,7395325.39811622,2218597.6194348657,5176727.778681355
2023-11-29,4161756.7266842206,3220027.2542690006,7381783.980953221,3488.307,3752.9760833333335,3880.45088,0.3,7381783.980953221,2214535.1942859665,5167248.786667255
2023-11-30,4161756.7266842206,3211490.6370010003,7373247.36368522,3496.203,3750.0757,3879.359184,0.3,7373247.36368522,2211974.2091055657,5161273.154579654
2023-12-01,4161756.7266842206,3216741.114180002,7378497.8408642225,3482.881,3747.365016666667,3878.2124160000003,0.3,7378497.8408642225,2213549.3522592667,5164948.488604955
2023-12-04,4161756.7266842206,3212585.347629002,7374342.074313222,3460.138,3744.62165,3876.9588519999998,0.3,7374342.074313222,2212302.622293967,5162039.452019256
2023-12-05,4161756.7266842206,3157815.1248500007,7319571.851534221,3394.257,3741.0722333333333,3875.508648,0.3,7319571.851534221,2195871.5554602663,5123700.296073955
2023-12-06,4161756.7266842206,3165490.0558959995,7327246.78258022,3399.598,3737.4296916666663,3874.003936,0.3,7327246.78258022,2198174.034774066,5129072.747806154
2023-12-07,4161756.7266842206,3153627.890239001,7315384.616923221,3391.282,3733.653441666667,3872.636096,0.3,7315384.616923221,2194615.385076966,5120769.231846255
2023-12-08,4161756.7266842206,3122504.30651,7284261.03319422,3399.462,3729.774733333333,3870.840256,0.3,7284261.03319422,2185278.3099582656,5098982.723235954
2023-12-11,4161756.7266842206,3159384.573789999,7321141.300474219,3419.455,3726.0699833333333,3869.105928,0.3,7321141.300474219,2196342.3901422657,5124798.910331953
2023-12-12,4161756.7266842206,3168169.7343339995,7329926.46101822,3426.803,3721.9141833333338,3867.234064,0.3,7329926.46101822,2198977.938305466,5130948.522712754
2023-12-13,4161756.7266842206,3145453.2711209995,7307209.99780522,3369.605,3716.9663,3865.2286919999997,0.3,7307209.99780522,2192162.999341566,5115046.998463654
2023-12-14,4161756.7266842206,3133689.0173120005,7295445.743996222,3351.964,3712.1417666666666,3862.849044,0.3,7295445.743996222,2188633.7231988665,5106812.020797355
2023-12-15,4161756.7266842206,3112224.427261001,7273981.153945222,3341.552,3707.28605,3860.34246,0.3,7273981.153945222,2182194.3461835664,5091786.807761655
2023-12-18,4161756.7266842206,3088329.089698999,7250085.81638322,3329.366,3702.8304999999996,3857.82616,0.3,7250085.81638322,2175025.744914966,5075060.071468255
2023-12-19,4161756.7266842206,3096290.693205999,7258047.419890219,3334.041,3698.8667083333335,3855.3256039999997,0.3,7258047.419890219,2177414.225967066,5080633.193923153
2023-12-20,4161756.7266842206,3060212.574189999,7221969.30087422,3297.502,3694.3006166666664,3852.5226360000006,0.3,7221969.30087422,2166590.790262266,5055378.510611954
2023-12-21,4161756.7266842206,3082249.483626,7244006.210310221,3330.87,3690.051208333333,3850.032344,0.3,7244006.210310221,2173201.863093066,5070804.347217155
2023-12-22,4161756.7266842206,3062435.73364,7224192.46032422,3337.228,3686.0127416666664,3847.598532,0.3,7224192.46032422,2167257.738097266,5056934.722226955
2023-12-25,4161756.7266842206,3055435.164463001,7217191.891147221,3347.451,3681.8877333333335,3845.1687920000004,0.3,7217191.891147221,2165157.5673441663,5052034.323803055
2023-12-26,4161756.7266842206,3028350.275033,7190107.001717221,3324.79,3677.153633333334,3842.659996,0.3,7190107.001717221,2157032.1005151663,5033074.901202055
2023-12-27,4161756.7266842206,3064783.581383001,7226540.308067221,3336.357,3672.464833333333,3840.188516,0.3,7226540.308067221,2167962.0924201664,5058578.215647055
2023-12-28,4161756.7266842206,3092747.560178,7254504.286862221,3414.54,3668.679291666667,3838.273792,0.3,7254504.286862221,2176351.286058666,5078153.000803554
2023-12-29,4161756.7266842206,3149488.5462879995,7311245.272972221,3431.11,3665.2489166666664,3836.682164,0.3,7311245.272972221,2193373.581891666,5117871.691080554
2024-01-02,4161756.7266842206,3161097.8747020005,7322854.601386221,3386.352,3661.587691666667,3834.90542,0.3,7322854.601386221,2196856.380415866,5125998.220970355
2024-01-03,4161756.7266842206,3146270.6874240004,7308027.4141082205,3378.297,3657.704108333333,3833.074496,0.3,7308027.4141082205,2192408.224232466,5115619.1898757545
2024-01-04,4161756.7266842206,3163741.935131,7325498.66181522,3347.052,3653.3504916666666,3831.1498279999996,0.3,7325498.66181522,2197649.598544566,5127849.063270654
2024-01-05,4161756.7266842206,3122859.935538999,7284616.66222322,3329.111,3649.064441666667,3829.092316,0.3,7284616.66222322,2185384.998666966,5099231.663556254
2024-01-08,4161756.7266842206,3075549.770256999,7237306.49694122,3286.056,3643.9613833333337,3826.6851239999996,0.3,7237306.49694122,2171191.9490823657,5066114.547858855
2024-01-09,4161756.7266842206,3118721.510011001,7280478.236695223,3292.499,3638.9063499999997,3824.370064,0.3,7280478.236695223,2184143.4710085667,5096334.765686655
2024-01-10,4161756.7266842206,3097116.5878640004,7258873.3145482205,3277.129,3633.9893,3822.0517760000002,0.3,7258873.3145482205,2177661.994364466,5081211.320183754
2024-01-11,4161756.7266842206,3128983.670462001,7290740.397146221,3295.672,3629.3287416666667,3819.747928,0.3,7290740.397146221,2187222.1191438665,5103518.278002355
2024-01-12,4161756.7266842206,3128236.8602580004,7289993.586942221,3284.167,3624.60625,3817.333,0.3,7289993.586942221,2186998.0760826664,5102995.510859555
2024-01-15,4161756.7266842206,3154118.534171,7315875.26085522,3280.92,3620.083125,3814.8848879999996,0.3,7315875.26085522,2194762.578256566,5121112.682598654
2024-01-16,4161756.7266842206,3162943.1794719985,7324699.90615622,3300.876,3615.741175,3812.21408,0.3,7324699.90615622,2197409.971846866,5127289.934309354
2024-01-17,4161756.7266842206,3121632.4363949997,7283389.16307922,3229.082,3610.940016666667,3809.206852,0.3,7283389.16307922,2185016.748923766,5098372.414155453
2024-01-18,4161756.7266842206,3099304.5382589987,7261061.26494322,3274.729,3605.6034666666665,3806.2532880000003,0.3,7261061.26494322,2178318.379482966,5082742.885460254
2024-01-19,4161756.7266842206,3062808.6304069995,7224565.35709122,3269.776,3600.2931583333334,3803.262496,0.3,7224565.35709122,2167369.607127366,5057195.7499638535
2024-01-22,4161756.7266842206,2908696.876309001,7070453.602993222,3218.902,3594.5977916666666,3800.09798,0.3,7070453.602993222,2121136.0808979664,4949317.522095256
2024-01-23,4161756.7266842206,2913806.6764559997,7075563.40314022,3231.933,3588.25775,3796.954236,0.3,7075563.40314022,2122669.020942066,4952894.382198154
2024-01-24,4161756.7266842206,2951441.080434001,7113197.807118222,3277.109,3582.111741666667,3793.765164,0.3,7113197.807118222,2133959.3421354666,4979238.4649827555
2024-01-25,4161756.7266842206,3018075.8761110003,7179832.602795221,3342.919,3576.652725,3790.5849839999996,0.3,7179832.602795221,2153949.7808385664,5025882.821956655
2024-01-26,4161756.7266842206,3006222.253393001,7167978.980077222,3333.821,3571.3521083333335,3787.3713,0.3,7167978.980077222,2150393.6940231663,5017585.286054056
2024-01-29,4161756.7266842206,2924920.8282349994,7086677.5549192205,3303.96,3565.5102416666664,3784.065884,0.3,7086677.5549192205,2126003.266475766,4960674.288443455
2024-01-30,4161756.7266842206,2851571.264593001,7013327.991277222,3245.039,3559.0474083333334,3780.422008,0.3,7013327.991277222,2103998.3973831665,4909329.593894055
2024-01-31,4161756.7266842206,2756384.6443839995,6918141.371068221,3215.352,3552.590733333333,3776.557308,0.3,6918141.371068221,2075442.411320466,4842698.959747754
2024-02-01,2514516.4477753597,4400886.46297,6915402.910745359,3217.711,3546.240558333333,3772.6227719999997,0.3,6915402.910745359,2074620.8732236077,4840782.037521752
2024-02-02,2514516.4477753597,4261585.738798,6776102.186573359,3179.628,3539.6744166666667,3768.713852,0.3,6776102.186573359,2032830.6559720077,4743271.5306013515
2024-02-05,2514516.4477753597,4031800.468853,6546316.916628359,3200.422,3533.2136249999994,3764.731808,0.3,6546316.916628359,1963895.0749885077,4582421.841639851
2024-02-06,2514516.4477753597,4217867.431607,6732383.879382359,3311.692,3528.4422750000003,3761.25398,0.3,6732383.879382359,2019715.1638147077,4712668.715567651
2024-02-07,2514516.4477753597,4310541.419194,6825057.866969359,3343.63,3524.1733083333334,3758.061972,0.3,6825057.866969359,2047517.3600908075,4777540.506878551
2024-02-08,2514516.4477753597,4446294.460604,6960810.908379359,3364.93,3520.159925,3755.17418,0.3,6960810.908379359,2088243.2725138078,4872567.635865551
2024-02-19,2514516.4477753597,4490059.128554001,7004575.576329361,3403.808,3516.7055416666667,3752.412476,0.3,7004575.576329361,2101372.672898808,4903202.903430553
2024-02-20,2514516.4477753597,4518577.368667999,7033093.816443359,3410.854,3513.203483333333,3749.7513280000003,0.3,7033093.816443359,2109928.1449330077,4923165.671510351
2024-02-21,2514516.4477753597,4565181.831106001,7079698.27888136,3456.871,3510.4773750000004,3747.055384,0.3,7079698.27888136,2123909.483664408,4955788.7952169515
2024-02-22,2514516.4477753597,4615343.861811001,7129860.30958636,3486.675,3508.4533749999996,3744.576844,0.3,7129860.30958636,2138958.092875908,4990902.216710452
2024-02-23,2514516.4477753597,4691546.874701,7206063.322476359,3489.742,3506.2160000000003,3741.961516,0.3,7206063.322476359,2161818.9967429074,5044244.325733451
2024-02-26,2514516.4477753597,4766135.636729001,7280652.08450436,3453.359,3504.1887083333336,3739.193792,0.3,7280652.08450436,2184195.625351308,5096456.459153052
2024-02-27,2514516.4477753597,4869918.198566001,7384434.64634136,3494.787,3502.283358333333,3736.6781840000003,0.3,7384434.64634136,2215330.393902408,5169104.252438952
2024-02-28,2514516.4477753597,4601780.226116002,7116296.673891361,3450.26,3500.125925,3734.1052720000002,0.3,7116296.673891361,2134889.0021674084,4981407.6717239525
2024-02-29,2514516.4477753597,4790608.857304,7305125.30507936,3516.083,3498.154791666667,3732.031576,0.6,7305125.30507936,4383075.183047616,2922050.1220317436
2024-03-01,2514516.4477753597,4815596.110487002,7330112.558262361,3537.804,3496.0522666666666,3729.648832,0.6,7330112.558262361,4398067.534957416,2932045.023304945
2024-03-04,2514516.4477753597,4889835.015471,7404351.463246359,3540.869,3493.9885916666667,3727.234892,0.6,7404351.463246359,4442610.877947815,2961740.585298544
2024-03-05,2514516.4477753597,4839853.383351,7354369.831126359,3565.514,3492.323975,3725.069144,0.6,7354369.831126359,4412621.898675815,2941747.932450544
2024-03-06,2514516.4477753597,4842510.86939,7357027.317165359,3551.048,3490.3202833333335,3722.8587519999996,0.6,7357027.317165359,4414216.390299215,2942810.926866144
2024-03-07,2514516.4477753597,4832669.632424002,7347186.080199361,3529.72,3487.6600166666667,3720.733448,0.6,7347186.080199361,4408311.648119616,2938874.4320797445
2024-03-08,2514516.4477753597,4851742.630861,7366259.078636359,3544.91,3485.3649583333336,3718.737712,0.6,7366259.078636359,4419755.447181815,2946503.631454544
2024-03-11,2514516.4477753597,4907743.914333999,7422260.362109358,3589.264,3483.5085916666662,3716.816932,0.6,7422260.362109358,4453356.217265615,2968904.144843743
2024-03-12,2514516.4477753597,5013318.717194,7527835.164969359,3597.494,3482.1670833333333,3714.69914,0.6,7527835.164969359,4516701.098981615,3011134.0659877434
2024-03-13,2514516.4477753597,5054116.616607,7568633.064382359,3572.361,3480.77015,3712.5176319999996,0.6,7568633.064382359,4541179.838629415,3027453.225752944
2024-03-14,2514516.4477753597,5024283.098996999,7538799.546772358,3562.223,3479.0592000000006,3710.24432,0.6,7538799.546772358,4523279.728063415,3015519.818708943
2024-03-15,2514516.4477753597,5061522.077048,7576038.524823359,3569.993,3477.4707666666663,3708.088252,0.6,7576038.524823359,4545623.114894016,3030415.4099293435
2024-03-18,2514516.4477753597,5116988.8337820005,7631505.28155736,3603.528,3476.3614083333327,3706.3069560000004,0.6,7631505.28155736,4578903.168934416,3052602.1126229437
2024-03-19,2514516.4477753597,5089500.783699999,7604017.231475358,3577.63,3475.0624249999996,3704.481044,0.6,7604017.231475358,4562410.338885214,3041606.8925901437
2024-03-20,2514516.4477753597,5108673.691273,7623190.139048359,3585.384,3474.03415,3702.743176,0.6,7623190.139048359,4573914.083429015,3049276.055619344
2024-03-21,2514516.4477753597,5102777.470631001,7617293.91840636,3581.09,3472.8123083333335,3701.1989959999996,0.6,7617293.91840636,4570376.351043816,3046917.567362544
2024-03-22,2514516.4477753597,5038231.070811001,7552747.51858636,3545.002,3471.3498083333334,3699.34426,0.6,7552747.51858636,4531648.511151816,3021099.007434544
2024-03-25,2514516.4477753597,4942962.484999001,7457478.93277436,3525.763,3469.8504166666667,3697.508528,0.6,7457478.93277436,4474487.359664616,2982991.573109744
2024-03-26,2514516.4477753597,4931293.587227,7445810.035002359,3543.747,3468.7779333333333,3695.7359079999997,0.6,7445810.035002359,4467486.021001415,2978324.014000944
2024-03-27,2514516.4477753597,4777298.498177999,7291814.945953358,3502.787,3466.81005,3693.990452,0.6,7291814.945953358,4375088.967572015,2916725.978381343
2024-03-28,2514516.4477753597,4859343.657185,7373860.10496036,3520.965,3465.1963916666664,3692.2390360000004,0.6,7373860.10496036,4424316.062976216,2949544.0419841437
2024-03-29,2514516.4477753597,4928015.098892999,7442531.546668358,3537.484,3463.901316666667,3690.6326639999997,0.6,7442531.546668358,4465518.9280010145,2977012.6186673436
2024-04-01,2514516.4477753597,5127433.655927999,7641950.103703358,3595.647,3463.0275833333335,3689.0857399999995,0.6,7641950.103703358,4585170.062222015,3056780.041481343
2024-04-02,2514516.4477753597,5084375.368404,7598891.816179359,3580.676,3462.1205750000004,3687.410672,0.6,7598891.816179359,4559335.089707616,3039556.7264717435
2024-04-03,2514516.4477753597,5067865.367084,7582381.814859359,3567.803,3461.146208333333,3685.525524,0.6,7582381.814859359,4549429.088915615,3032952.7259437433
2024-04-08,2514516.4477753597,4976245.009497999,7490761.4572733585,3536.408,3460.140225,3683.562972,0.6,7490761.4572733585,4494456.874364015,2996304.5829093438
2024-04-09,2514516.4477753597,5067804.524367999,7582320.972143359,3533.487,3459.0230500000002,3681.647012,0.6,7582320.972143359,4549392.583286015,3032928.3888573432
2024-04-10,2514516.4477753597,4959622.580767002,7474139.028542361,3504.709,3457.3757750000004,3679.6677879999997,0.6,7474139.028542361,4484483.417125417,2989655.6114169443
2024-04-11,2514516.4477753597,4969934.316627,7484450.76440236,3504.245,3456.0494000000003,3677.660192,0.6,7484450.76440236,4490670.458641415,2993780.3057609443
2024-04-12,2514516.4477753597,4899219.718875,7413736.166650359,3475.839,3454.793083333333,3675.4094440000003,0.6,7413736.166650359,4448241.699990215,2965494.466660144
2024-04-15,2514516.4477753597,4783256.68535,7297773.133125359,3549.076,3454.0403666666666,3673.4020440000004,0.6,7297773.133125359,4378663.879875216,2919109.2532501435
2024-04-16,2514516.4477753597,4544950.562140999,7059467.009916359,3511.115,3453.2115166666667,3671.0842319999997,0.6,7059467.009916359,4235680.205949815,2823786.8039665436
2024-04-17,2514516.4477753597,4717702.758654,7232219.206429359,3565.403,3453.477,3668.9334240000003,0.6,7232219.206429359,4339331.523857615,2892887.6825717436
2024-04-18,2514516.4477753597,4802771.026368,7317287.474143359,3569.802,3453.9704416666664,3666.826072,0.6,7317287.474143359,4390372.4844860155,2926914.9896573434
2024-04-19,2514516.4477753597,4791153.115245001,7305669.563020361,3541.662,3454.5322583333336,3664.4995999999996,0.6,7305669.563020361,4383401.737812216,2922267.8252081443
2024-04-22,2514516.4477753597,4781640.165321,7296156.613096359,3530.905,3454.89705,3662.2039720000002,0.6,7296156.613096359,4377693.967857815,2918462.645238544
2024-04-23,2514516.4477753597,4791656.855792999,7306173.3035683585,3506.225,3454.911775,3659.8282799999997,0.6,7306173.3035683585,4383703.982141015,2922469.3214273434
2024-04-24,2514516.4477753597,4810047.176691,7324563.62446636,3521.622,3454.9740833333335,3657.5256160000004,0.6,7324563.62446636,4394738.174679816,2929825.449786544
2024-04-25,2514516.4477753597,4802374.245131001,7316890.69290636,3530.281,3454.7065500000003,3655.370824,0.6,7316890.69290636,4390134.415743816,2926756.2771625444
2024-04-26,2514516.4477753597,4813813.314857,7328329.762632359,3584.269,3454.7106916666667,3653.339904,0.6,7328329.762632359,4396997.857579415,2931331.905052944
2024-04-29,2514516.4477753597,4903742.549060999,7418258.996836359,3623.912,3455.139075,3651.238016,0.6,7418258.996836359,4450955.398101815,2967303.5987345437
2024-04-30,2514516.4477753597,4898875.718835997,7413392.166611357,3604.394,3455.417133333334,3649.007464,0.6,7413392.166611357,4448035.299966814,2965356.8666445427
2024-05-06,2514516.4477753597,4985505.569519999,7500022.017295359,3657.877,3456.2812,3647.1407359999994,1.0,7500022.017295359,7500022.017295359,0.0
2024-05-07,1498499.759842816,6046410.641011002,7544910.400853817,3659.008,3456.905133333333,3645.3246919999997,1.0,7544910.400853817,7544910.400853817,0.0
2024-05-08,1498499.759842816,5993463.826289999,7491963.586132815,3630.223,3456.8852583333332,3643.7153160000003,0.6,7491963.586132815,4495178.151679689,2996785.434453126
2024-05-09,1498499.759842816,6045793.26032,7544293.020162816,3664.561,3457.258608333333,3642.442988,1.0,7544293.020162816,7544293.020162816,0.0
2024-05-10,1498499.759842816,6014363.320145,7512863.079987816,3666.277,3457.7186500000003,3641.257432,1.0,7512863.079987816,7512863.079987816,0.0
2024-05-13,1498499.759842816,6009682.311232,7508182.071074815,3664.691,3458.1508583333334,3640.0792679999995,1.0,7508182.071074815,7508182.071074815,0.0
2024-05-14,1498499.759842816,6035276.014229999,7533775.774072815,3657.045,3458.738825,3638.753772,1.0,7533775.774072815,7533775.774072815,0.0
2024-05-15,1498499.759842816,5982887.939992999,7481387.699835815,3626.056,3459.127508333333,3637.141652,0.6,7481387.699835815,4488832.619901489,2992555.079934326
2024-05-16,1498499.759842816,5951796.549848,7450296.309690815,3640.359,3459.6133499999996,3635.5821,1.0,7450296.309690815,7450296.309690815,0.0
2024-05-17,1498499.759842816,5970203.405417,7468703.165259816,3677.97,3460.202725,3634.2264720000003,1.0,7468703.165259816,7468703.165259816,0.0
2024-05-20,1498499.759842816,6032669.727526001,7531169.487368816,3690.962,3461.1910416666665,3632.7396719999997,1.0,7531169.487368816,7531169.487368816,0.0
2024-05-21,1498499.759842816,5992483.589218001,7490983.349060817,3676.161,3462.091808333333,3631.332816,1.0,7490983.349060817,7490983.349060817,0.0
2024-05-22,1498499.759842816,5950296.066856001,7448795.826698816,3684.451,3462.9928749999995,3630.08314,1.0,7448795.826698816,7448795.826698816,0.0
2024-05-23,1498499.759842816,5864496.248293,7362996.008135816,3641.792,3463.4989166666664,3628.687652,1.0,7362996.008135816,7362996.008135816,0.0
2024-05-24,1498499.759842816,5855428.665444999,7353928.425287815,3601.475,3463.9744083333335,3627.342504,0.6,7353928.425287815,4412357.055172688,2941571.3701151265
2024-05-27,1498499.759842816,5908912.956335001,7407412.716177816,3635.708,3464.592641666667,3625.889788,1.0,7407412.716177816,7407412.716177816,0.0
2024-05-28,1498499.759842816,5852846.711477998,7351346.471320813,3609.172,3465.1856666666667,3624.413656,0.6,7351346.471320813,4410807.882792488,2940538.588528325
2024-05-29,1498499.759842816,5860603.217706,7359102.977548815,3613.522,3466.032166666667,3623.0270840000003,0.6,7359102.977548815,4415461.786529289,2943641.1910195267
2024-05-30,1498499.759842816,5795581.982856,7294081.742698816,3594.312,3466.6637416666663,3621.580052,0.6,7294081.742698816,4376449.045619289,2917632.6970795263
2024-05-31,1498499.759842816,5818032.914911999,7316532.674754815,3579.925,3467.427225,3620.121592,0.6,7316532.674754815,4389919.604852889,2926613.0699019264
2024-06-03,1498499.759842816,5805318.450155001,7303818.209997817,3588.748,3468.1984333333335,3618.599272,0.6,7303818.209997817,4382290.92599869,2921527.2839991273
2024-06-04,1498499.759842816,5862122.509079999,7360622.268922815,3615.671,3469.3050166666662,3617.409204,0.6,7360622.268922815,4416373.361353689,2944248.907569126
2024-06-05,1498499.759842816,5760995.716934,7259495.476776816,3594.794,3470.42715,3616.352004,0.6,7259495.476776816,4355697.28606609,2903798.190710726
2024-06-06,1498499.759842816,5715483.3110500015,7213983.070892817,3592.245,3472.07705,3615.3189839999995,0.6,7213983.070892817,4328389.84253569,2885593.228357127
2024-06-07,1498499.759842816,5745053.581083001,7243553.340925816,3574.114,3473.5313499999997,3614.211636,0.6,7243553.340925816,4346132.00455549,2897421.3363703266
2024-06-11,1498499.759842816,5725859.447488997,7224359.207331813,3542.877,3474.794641666667,3613.047376,0.6,7224359.207331813,4334615.524399088,2889743.682932725
2024-06-12,1498499.759842816,5770895.294931999,7269395.054774814,3544.123,3476.00015,3611.872856,0.6,7269395.054774814,4361637.032864888,2907758.021909926
2024-06-13,1498499.759842816,5739144.015791001,7237643.775633817,3526.131,3476.8891166666667,3610.783208,0.6,7237643.775633817,4342586.265380289,2895057.510253527
2024-06-14,1498499.759842816,5737030.704226002,7235530.464068818,3541.533,3477.8452,3609.721868,0.6,7235530.464068818,4341318.27844129,2894212.1856275275
2024-06-17,1498499.759842816,5716159.907509002,7214659.667351818,3536.199,3479.233483333333,3608.4193280000004,0.6,7214659.667351818,4328795.80041109,2885863.8669407275
2024-06-18,1498499.759842816,5753812.921319,7252312.681161815,3545.59,3480.8470333333335,3607.2246920000002,0.6,7252312.681161815,4351387.608697089,2900925.072464726
2024-06-19,1498499.759842816,5715170.808189,7213670.568031816,3528.749,3482.4070083333336,3606.107036,0.6,7213670.568031816,4328202.34081909,2885468.227212726
2024-06-20,1498499.759842816,5650587.012364001,7149086.772206817,3503.282,3483.8563083333333,3604.9627960000003,0.6,7149086.772206817,4289452.06332409,2859634.7088827267
2024-06-21,1498499.759842816,5675784.354305001,7174284.114147817,3495.62,3485.2028,3603.664528,0.6,7174284.114147817,4304570.4684886895,2869713.6456591273
2024-06-24,1498499.759842816,5542919.130042995,7041418.889885811,3476.81,3486.6970333333334,3602.224956,0.3,7041418.889885811,2112425.666965743,4928993.222920068
2024-06-25,1498499.759842816,5521773.560203999,7020273.320046815,3457.902,3487.7556333333337,3600.678836,0.3,7020273.320046815,2106081.9960140446,4914191.3240327705
2024-06-26,1498499.759842816,5587150.944424998,7085650.704267814,3480.265,3488.9476083333334,3599.140268,0.3,7085650.704267814,2125695.211280344,4959955.49298747
2024-06-27,1498499.759842816,5495665.512505001,6994165.272347817,3454.118,3489.8365,3597.50064,0.3,6994165.272347817,2098249.581704345,4895915.690643473
2024-06-28,1498499.759842816,5555734.093965003,7054233.853807819,3461.657,3490.977058333333,3595.6452719999997,0.3,7054233.853807819,2116270.1561423456,4937963.697665473
2024-07-01,1498499.759842816,5662039.017401999,7160538.777244815,3478.183,3492.158941666667,3593.7046,0.3,7160538.777244815,2148161.6331734443,5012377.14407137
2024-07-02,1498499.759842816,5589535.610189,7088035.370031816,3471.786,3492.6359916666665,3591.8681119999997,0.3,7088035.370031816,2126410.6110095447,4961624.759022271
2024-07-03,1498499.759842816,5527775.563364998,7026275.323207814,3463.414,3492.9051916666663,3590.024816,0.3,7026275.323207814,2107882.5969623444,4918392.72624547
2024-07-04,1498499.759842816,5471195.755824,6969695.515666815,3445.813,3493.4006999999997,3588.35194,0.3,6969695.515666815,2090908.6547000445,4878786.860966771
2024-07-05,1498499.759842816,5533637.889577,7032137.649419815,3431.061,3493.8404,3586.8374000000003,0.3,7032137.649419815,2109641.2948259446,4922496.354593871
2024-07-08,1498499.759842816,5470173.536437,6968673.296279816,3401.76,3494.2963,3585.062708,0.3,6968673.296279816,2090601.9888839447,4878071.307395872
2024-07-09,1498499.759842816,5573811.308556997,7072311.068399813,3439.811,3495.2188,3583.458756,0.3,7072311.068399813,2121693.3205199437,4950617.747879869
2024-07-10,1498499.759842816,5529440.807877,7027940.567719816,3428.966,3496.4097166666666,3581.8872440000005,0.3,7027940.567719816,2108382.1703159446,4919558.397403872
2024-07-11,1498499.759842816,5606603.918646,7105103.678488816,3468.169,3497.8736333333336,3580.390112,0.3,7105103.678488816,2131531.1035466446,4973572.574942172
2024-07-12,1498499.759842816,5593265.8863510005,7091765.646193816,3472.401,3499.5009,3578.708188,0.3,7091765.646193816,2127529.693858145,4964235.9523356715
2024-07-15,1498499.759842816,5563582.285279998,7062082.045122813,3476.247,3501.0056916666663,3577.017124,0.3,7062082.045122813,2118624.613536844,4943457.431585969
2024-07-16,1498499.759842816,5529048.702943001,7027548.462785817,3498.283,3502.7899916666665,3575.535036,0.3,7027548.462785817,2108264.538835745,4919283.923950072
2024-07-17,1498499.759842816,5412030.009452001,6910529.769294817,3501.584,3504.628858333333,3574.170352,0.3,6910529.769294817,2073158.930788445,4837370.838506372
2024-07-18,1498499.759842816,5451644.632717999,6950144.392560815,3520.931,3506.46265,3572.95128,0.6,6950144.392560815,4170086.635536489,2780057.7570243264
2024-07-19,1498499.759842816,5421635.490299999,6920135.250142815,3539.016,3509.045433333333,3571.730036,0.6,6920135.250142815,4152081.1500856886,2768054.100057126
2024-07-22,1498499.759842816,5403655.240374999,6902155.000217815,3514.925,3511.0470666666665,3570.3117920000004,0.6,6902155.000217815,4141293.000130689,2760862.000087126
2024-07-23,1498499.759842816,5250093.152513999,6748592.912356814,3439.878,3512.4645833333334,3568.697556,0.3,6748592.912356814,2024577.8737070442,4724015.03864977
2024-07-24,1498499.759842816,5192468.632918999,6690968.392761814,3418.166,3514.1251166666666,3566.776528,0.3,6690968.392761814,2007290.5178285441,4683677.874933271
2024-07-25,1498499.759842816,5153063.121476001,6651562.881318817,3399.272,3515.519608333333,3564.777204,0.3,6651562.881318817,1995468.864395645,4656094.016923172
2024-07-26,1498499.759842816,5213081.175647002,6711580.9354898175,3409.293,3516.621141666666,3562.945676,0.3,6711580.9354898175,2013474.2806469451,4698106.654842872
2024-07-29,1498499.759842816,5217500.823721002,6716000.583563818,3390.742,3517.0196666666666,3561.0888879999998,0.3,6716000.583563818,2014800.1750691452,4701200.408494673
2024-07-30,1498499.759842816,5195335.300303001,6693835.060145817,3369.382,3517.3160083333332,3559.162952,0.3,6693835.060145817,2008150.5180437448,4685684.542102072
2024-07-31,1498499.759842816,5367623.516393001,6866123.276235817,3442.084,3518.4670416666672,3557.636508,0.3,6866123.276235817,2059836.982870745,4806286.293365072
2024-08-01,676945.8644522846,6152561.502782,6829507.367234285,3419.267,3519.9189416666663,3556.0259359999995,0.3,6829507.367234285,2048852.2101702853,4780655.157064
2024-08-02,676945.8644522846,6061408.724804999,6738354.589257284,3384.392,3521.3276083333335,3554.3426199999994,0.3,6738354.589257284,2021506.3767771851,4716848.212480099
2024-08-05,676945.8644522846,5899837.677162002,6576783.541614287,3343.321,3522.3743583333335,3552.0554439999996,0.3,6576783.541614287,1973035.0624842858,4603748.479130001
2024-08-06,676945.8644522846,5950546.027438998,6627491.891891283,3342.979,3523.7356166666664,3549.799308,0.3,6627491.891891283,1988247.5675673848,4639244.324323898
2024-08-07,676945.8644522846,5956657.130386999,6633602.994839284,3341.489,3524.911175,3547.5558800000003,0.3,6633602.994839284,1990080.898451785,4643522.096387498
2024-08-08,676945.8644522846,5957794.070866998,6634739.935319283,3342.937,3525.1715499999996,3544.956676,0.3,6634739.935319283,1990421.9805957847,4644317.954723498
2024-08-09,676945.8644522846,5938261.966527998,6615207.830980283,3331.627,3525.071525,3542.224664,0.3,6615207.830980283,1984562.3492940848,4630645.481686198
2024-08-12,676945.8644522846,5936410.164530002,6613356.028982286,3325.865,3524.7459833333332,3539.53612,0.3,6613356.028982286,1984006.8086946858,4629349.2202876005
2024-08-13,676945.8644522846,5981385.068185999,6658330.932638284,3334.39,3524.1675000000005,3536.9940999999994,0.3,6658330.932638284,1997499.279791485,4660831.652846798
2024-08-14,676945.8644522846,5910676.157456998,6587622.021909283,3309.239,3523.320708333333,3534.21112,0.3,6587622.021909283,1976286.6065727847,4611335.415336498
2024-08-15,676945.8644522846,5933193.713210999,6610139.577663284,3341.953,3522.3630583333334,3531.496616,0.3,6610139.577663284,1983041.873298985,4627097.704364299
2024-08-16,676945.8644522846,5920226.754038001,6597172.618490286,3345.634,3521.187716666667,3528.91854,0.3,6597172.618490286,1979151.7855470858,4618020.8329432
2024-08-19,676945.8644522846,5931818.057738,6608763.922190284,3356.968,3520.0812666666666,3526.427484,0.3,6608763.922190284,1982629.1766570853,4626134.745533199
2024-08-20,676945.8644522846,5823345.399266002,6500291.263718287,3332.703,3519.0757999999996,3523.8880360000003,0.3,6500291.263718287,1950087.379115486,4550203.884602802
2024-08-21,676945.8644522846,5797157.651875,6474103.516327284,3321.635,3517.632866666667,3521.271708,0.3,6474103.516327284,1942231.0548981852,4531872.461429099
2024-08-22,676945.8644522846,5778314.010024997,6455259.874477282,3313.136,3516.490166666667,3518.987236,0.3,6455259.874477282,1936577.9623431845,4518681.912134098
2024-08-23,676945.8644522846,5771998.571589,6448944.436041284,3327.191,3514.916066666666,3516.8723760000003,0.3,6448944.436041284,1934683.3308123853,4514261.105228899
2024-08-26,676945.8644522846,5787277.912102001,6464223.776554286,3324.223,3513.136225,3514.783124,0.3,6464223.776554286,1939267.1329662856,4524956.643588
2024-08-27,676945.8644522846,5728130.280418001,6405076.144870286,3305.334,3511.173433333334,3512.731124,0.3,6405076.144870286,1921522.8434610856,4483553.3014092
2024-08-28,676945.8644522846,5739325.984942,6416271.849394285,3286.496,3508.8482833333333,3510.5527039999997,0.3,6416271.849394285,1924881.5548182854,4491390.2945759995
2024-08-29,676945.8644522846,5795392.882999999,6472338.747452284,3277.681,3506.570225,3508.527412,0.3,6472338.747452284,1941701.6242356852,4530637.123216599
2024-08-30,676945.8644522846,5874343.312039001,6551289.176491286,3321.432,3504.834491666667,3506.8949199999997,0.3,6551289.176491286,1965386.7529473857,4585902.4235439
2024-09-02,676945.8644522846,5786569.016542999,6463514.880995284,3265.011,3502.502,3504.922056,0.3,6463514.880995284,1939054.464298585,4524460.416696699
2024-09-03,676945.8644522846,5805250.620431,6482196.484883285,3273.428,3499.8700333333336,3503.2292319999997,0.3,6482196.484883285,1944658.9454649854,4537537.5394183
2024-09-04,676945.8644522846,5775014.978792999,6451960.843245284,3252.165,3496.992291666667,3501.344176,0.3,6451960.843245284,1935588.252973585,4516372.590271698
2024-09-05,676945.8644522846,5780875.418508999,6457821.282961284,3257.758,3494.3705999999997,3499.5386000000003,0.3,6457821.282961284,1937346.384888385,4520474.898072898
2024-09-06,676945.8644522846,5682232.393073999,6359178.257526284,3231.346,3491.6132916666666,3497.4535080000005,0.3,6359178.257526284,1907753.477257885,4451424.780268399
2024-09-09,676945.8644522846,5634715.676968998,6311661.541421283,3192.952,3488.4712833333333,3495.064888,0.3,6311661.541421283,1893498.462426385,4418163.078994898
2024-09-10,676945.8644522846,5645567.118897998,6322512.983350283,3195.755,3485.073175,3492.693868,0.3,6322512.983350283,1896753.8950050846,4425759.088345198
2024-09-11,676945.8644522846,5665907.351823,6342853.216275285,3186.13,3481.810675,3490.377316,0.3,6342853.216275285,1902855.9648825855,4439997.2513927
2024-09-12,676945.8644522846,5660116.554205,6337062.418657285,3172.475,3478.3697666666662,3487.9012519999997,0.3,6337062.418657285,1901118.7255971855,4435943.6930601
2024-09-13,676945.8644522846,5621136.142114998,6298082.006567283,3159.247,3474.854408333333,3485.1424319999996,0.3,6298082.006567283,1889424.6019701846,4408657.404597098
2024-09-18,676945.8644522846,5653269.147434998,6330215.011887283,3171.01,3471.7378083333333,3482.545204,0.3,6330215.011887283,1899064.5035661848,4431150.508321098
2024-09-19,676945.8644522846,5714645.024950999,6391590.889403284,3196.036,3468.990083333333,3480.081236,0.3,6391590.889403284,1917477.266820985,4474113.622582299
2024-09-20,676945.8644522846,5697033.054510001,6373978.918962286,3201.05,3466.134275,3477.8515359999997,0.3,6373978.918962286,1912193.6756886856,4461785.2432736
2024-09-23,676945.8644522846,5699697.999959998,6376643.864412283,3212.764,3463.7174166666664,3475.74262,0.3,6376643.864412283,1912993.1593236846,4463650.705088598
2024-09-24,676945.8644522846,5882036.149005002,6558982.013457287,3351.909,3462.3086166666667,3474.080108,0.3,6558982.013457287,1967694.6040371861,4591287.409420101
2024-09-25,676945.8644522846,5911299.793667001,6588245.6581192855,3401.533,3461.1756916666664,3472.64382,0.3,6588245.6581192855,1976473.6974357856,4611771.9606835
2024-09-26,676945.8644522846,6104311.565837001,6781257.430289286,3545.32,3460.7563,3471.8784960000003,1.0,6781257.430289286,6781257.430289286,0.0
2024-09-27,676945.8644522846,6355644.7061720025,7032590.570624287,3703.685,3461.7813749999996,3471.759204,1.0,7032590.570624287,7032590.570624287,0.0
2024-09-30,676945.8644522846,7007932.686788,7684878.551240285,4017.855,3465.5318083333336,3472.995516,1.0,7684878.551240285,7684878.551240285,0.0
2024-10-08,676945.8644522846,7467768.745580001,8144714.610032286,4256.096,3471.5292083333334,3475.109056,1.0,8144714.610032286,8144714.610032286,0.0
2024-10-09,676945.8644522846,6857749.054921996,7534694.919374281,3955.984,3475.0500166666666,3476.050984,1.0,7534694.919374281,7534694.919374281,0.0
2024-10-10,676945.8644522846,6884886.698246,7561832.562698285,3997.788,3479.159008333333,3477.2193759999996,1.0,7561832.562698285,7561832.562698285,0.0
2024-10-11,676945.8644522846,6639124.050560998,7316069.915013283,3887.167,3482.3500249999997,3478.0782639999998,1.0,7316069.915013283,7316069.915013283,0.0
2024-10-14,676945.8644522846,6909128.637789002,7586074.502241286,3961.342,3486.395883333333,3478.9679000000006,1.0,7586074.502241286,7586074.502241286,0.0
2024-10-15,676945.8644522846,6731447.463207002,7408393.327659287,3855.995,3488.9535416666668,3479.533464,1.0,7408393.327659287,7408393.327659287,0.0
2024-10-16,676945.8644522846,6706401.028993997,7383346.893446282,3831.589,3491.624158333333,3480.0882479999996,1.0,7383346.893446282,7383346.893446282,0.0
2024-10-17,676945.8644522846,6683847.775630001,7360793.640082286,3788.222,3493.4809833333334,3480.439156,1.0,7360793.640082286,7360793.640082286,0.0
2024-10-18,676945.8644522846,6915818.342887,7592764.207339285,3925.234,3496.4429166666664,3481.3820239999995,1.0,7592764.207339285,7592764.207339285,0.0
2024-10-21,676945.8644522846,6954521.0945930015,7631466.959045286,3935.197,3499.722375,3482.3839040000003,1.0,7631466.959045286,7631466.959045286,0.0
2024-10-22,676945.8644522846,7040714.392598,7717660.257050285,3957.776,3503.279633333333,3483.586504,1.0,7717660.257050285,7717660.257050285,0.0
2024-10-23,676945.8644522846,7045305.742125,7722251.606577285,3973.209,3507.1711666666665,3484.809148,1.0,7722251.606577285,7722251.606577285,0.0
2024-10-24,676945.8644522846,7029910.586591001,7706856.451043285,3928.833,3510.5645916666667,3485.7149520000003,1.0,7706856.451043285,7706856.451043285,0.0
2024-10-25,676945.8644522846,7044988.407042,7721934.271494285,3956.421,3514.1157583333334,3486.8869959999997,1.0,7721934.271494285,7721934.271494285,0.0
2024-10-28,676945.8644522846,7141901.099893001,7818846.964345286,3964.157,3517.281491666667,3488.237236,1.0,7818846.964345286,7818846.964345286,0.0
2024-10-29,676945.8644522846,7023631.820299001,7700577.684751286,3924.649,3519.7876333333334,3489.378224,1.0,7700577.684751286,7700577.684751286,0.0
2024-10-30,676945.8644522846,7049360.642835999,7726306.507288284,3889.449,3522.163091666667,3490.493712,1.0,7726306.507288284,7726306.507288284,0.0
2024-10-31,676945.8644522846,7056296.033440998,7733241.897893283,3891.04,3524.106116666667,3491.923692,1.0,7733241.897893283,7733241.897893283,0.0
2024-11-01,4383528.750842825,3081319.500675,7464848.251517825,3890.02,3526.031216666667,3493.441416,1.0,7464848.251517825,7464848.251517825,0.0
2024-11-04,4383528.750842825,3134722.336348001,7518251.0871908255,3944.762,3528.652375,3495.323488,1.0,7518251.0871908255,7518251.0871908255,0.0
2024-11-05,4383528.750842825,3252460.041423,7635988.792265825,4044.573,3531.8191416666664,3497.5532599999997,1.0,7635988.792265825,7635988.792265825,0.0
2024-11-06,4383528.750842825,3258671.5950660007,7642200.345908825,4024.283,3534.8025249999996,3499.63256,1.0,7642200.345908825,7642200.345908825,0.0
2024-11-07,4383528.750842825,3334896.590291001,7718425.3411338255,4145.695,3538.8108916666665,3502.15876,1.0,7718425.3411338255,7718425.3411338255,0.0
2024-11-08,4383528.750842825,3349740.128620001,7733268.879462825,4104.047,3542.5359083333333,3504.3254079999997,1.0,7733268.879462825,7733268.879462825,0.0
2024-11-11,4383528.750842825,3422557.979001,7806086.729843824,4131.131,3546.744866666667,3506.5148439999994,1.0,7806086.729843824,7806086.729843824,0.0
2024-11-12,4383528.750842825,3397424.6208569994,7780953.371699824,4085.743,3550.4564000000005,3508.567792,1.0,7780953.371699824,7780953.371699824,0.0
2024-11-13,4383528.750842825,3378927.871578001,7762456.622420825,4110.89,3554.0640666666663,3510.727244,1.0,7762456.622420825,7762456.622420825,0.0
2024-11-14,4383528.750842825,3274415.633292,7657944.384134823,4039.619,3556.9695416666664,3512.668964,1.0,7657944.384134823,7657944.384134823,0.0
2024-11-15,4383528.750842825,3200888.269378999,7584417.020221824,3968.831,3559.4084583333333,3514.207744,1.0,7584417.020221824,7584417.020221824,0.0
2024-11-18,4383528.750842825,3054703.5817990005,7438232.332641825,3950.381,3561.6245416666666,3515.4788360000002,1.0,7438232.332641825,7438232.332641825,0.0
2024-11-19,4383528.750842825,3151807.894479,7535336.645321825,3976.891,3564.417033333333,3516.907364,1.0,7535336.645321825,7535336.645321825,0.0
2024-11-20,4383528.750842825,3253584.9859180013,7637113.736760826,3985.773,3567.619516666666,3518.406168,1.0,7637113.736760826,7637113.736760826,0.0
2024-11-21,4383528.750842825,3269986.1407189984,7653514.891561823,3989.298,3570.5660999999996,3519.912056,1.0,7653514.891561823,7653514.891561823,0.0
2024-11-22,4383528.750842825,3149625.1195029984,7533153.870345823,3865.699,3572.7038249999996,3521.028896,1.0,7533153.870345823,7533153.870345823,0.0
2024-11-25,4383528.750842825,3175996.0506340005,7559524.801476825,3848.091,3574.6585666666665,3522.103604,1.0,7559524.801476825,7559524.801476825,0.0
2024-11-26,4383528.750842825,3133173.9514069986,7516702.702249823,3840.185,3576.7075083333334,3523.136112,1.0,7516702.702249823,7516702.702249823,0.0
2024-11-27,4383528.750842825,3191283.211006,7574811.961848824,3907.045,3579.4335083333335,3524.3353119999997,1.0,7574811.961848824,7574811.961848824,0.0
2024-11-28,4383528.750842825,3191285.707787,7574814.458629824,3872.551,3581.798533333333,3525.53606,1.0,7574814.458629824,7574814.458629824,0.0
2024-11-29,4383528.750842825,3252736.249696001,7636265.000538826,3916.583,3584.3061333333335,3526.930116,1.0,7636265.000538826,7636265.000538826,0.0
2024-12-02,4383528.750842825,3324573.0625289995,7708101.813371824,3947.632,3587.24645,3528.415352,1.0,7708101.813371824,7708101.813371824,0.0
2024-12-03,4383528.750842825,3343326.976841,7726855.727683824,3951.891,3590.2435,3529.8986479999994,1.0,7726855.727683824,7726855.727683824,0.0
2024-12-04,4383528.750842825,3295319.413603001,7678848.164445825,3930.557,3593.2138583333335,3531.4432119999997,1.0,7678848.164445825,7678848.164445825,0.0
2024-12-05,4383528.750842825,3354313.838289,7737842.589131825,3921.588,3596.3697833333335,3532.8834839999995,1.0,7737842.589131825,7737842.589131825,0.0
2024-12-06,4383528.750842825,3390873.520764999,7774402.271607824,3973.141,3599.9449333333337,3534.624012,1.0,7774402.271607824,7774402.271607824,0.0
2024-12-09,4383528.750842825,3369957.5961850006,7753486.347027825,3966.571,3603.6152666666667,3536.442528,1.0,7753486.347027825,7753486.347027825,0.0
2024-12-10,4383528.750842825,3428756.463777,7812285.214619825,3995.637,3607.3994666666667,3538.350984,1.0,7812285.214619825,7812285.214619825,0.0
2024-12-11,4383528.750842825,3469708.773616999,7853237.524459824,3988.831,3611.1714,3540.35308,1.0,7853237.524459824,7853237.524459824,0.0
2024-12-12,4383528.750842825,3531892.633836,7915421.384678824,4028.505,3615.195691666667,3542.482288,1.0,7915421.384678824,7915421.384678824,0.0
2024-12-13,4383528.750842825,3479771.1341020013,7863299.884944826,3933.181,3618.565958333333,3544.283488,1.0,7863299.884944826,7863299.884944826,0.0
2024-12-16,4383528.750842825,3421782.3422369994,7805311.093079824,3911.842,3621.9706250000004,3546.090304,1.0,7805311.093079824,7805311.093079824,0.0
2024-12-17,4383528.750842825,3293651.0805209987,7677179.831363823,3922.033,3625.5240666666664,3548.201408,1.0,7677179.831363823,7677179.831363823,0.0
2024-12-18,4383528.750842825,3342812.1192590008,7726340.870101825,3941.89,3629.399733333333,3550.370576,1.0,7726340.870101825,7726340.870101825,0.0
2024-12-19,4383528.750842825,3353507.430626,7737036.181468824,3945.464,3633.4627499999997,3552.587304,1.0,7737036.181468824,7737036.181468824,0.0
2024-12-20,4383528.750842825,3399750.9375970005,7783279.688439826,3927.744,3637.191741666667,3554.700432,1.0,7783279.688439826,7783279.688439826,0.0
2024-12-23,4383528.750842825,3236898.9087069994,7620427.659549824,3933.572,3641.1871916666664,3556.7569000000003,1.0,7620427.659549824,7620427.659549824,0.0
2024-12-24,4383528.750842825,3253245.3203240014,7636774.071166826,3983.688,3645.5374500000003,3558.9844399999997,1.0,7636774.071166826,7636774.071166826,0.0
2024-12-25,4383528.750842825,3168875.9774019998,7552404.728244824,3985.629,3649.766166666667,3561.448536,1.0,7552404.728244824,7552404.728244824,0.0
2024-12-26,4383528.750842825,3208460.286995001,7591989.037837826,3987.48,3654.063616666667,3563.9905999999996,1.0,7591989.037837826,7591989.037837826,0.0
2024-12-27,4383528.750842825,3237184.696189,7620713.447031824,3981.031,3658.377091666667,3566.5485160000003,1.0,7620713.447031824,7620713.447031824,0.0
2024-12-30,4383528.750842825,3229432.581277,7612961.332119824,3999.055,3662.9874416666667,3569.227272,1.0,7612961.332119824,7612961.332119824,0.0
2024-12-31,4383528.750842825,3139805.230425001,7523333.981267826,3934.911,3667.1861916666667,3571.6307520000005,1.0,7523333.981267826,7523333.981267826,0.0
2025-01-02,4383528.750842825,3083771.648514999,7467300.399357824,3820.395,3670.6748166666666,3573.7223239999994,1.0,7467300.399357824,7467300.399357824,0.0
2025-01-03,4383528.750842825,2962042.143321,7345570.894163825,3775.165,3673.469433333333,3575.499504,1.0,7345570.894163825,7345570.894163825,0.0
2025-01-06,4383528.750842825,2917445.893184,7300974.644026824,3768.97,3676.3028,3577.2264719999994,1.0,7300974.644026824,7300974.644026824,0.0
2025-01-07,4383528.750842825,3012593.5915280003,7396122.342370825,3796.106,3679.035608333333,3579.0210919999995,1.0,7396122.342370825,7396122.342370825,0.0
2025-01-08,4383528.750842825,3031327.711537999,7414856.462380824,3789.215,3681.675725,3580.878792,1.0,7414856.462380824,7414856.462380824,0.0
2025-01-09,4383528.750842825,3056281.361472999,7439810.112315824,3779.877,3684.205975,3582.652872,1.0,7439810.112315824,7439810.112315824,0.0
2025-01-10,4383528.750842825,2961806.1962380004,7345334.947080824,3732.481,3686.1576250000003,3583.9246359999997,1.0,7345334.947080824,7345334.947080824,0.0
2025-01-13,4383528.750842825,2939551.9972359994,7323080.748078824,3722.513,3687.9986999999996,3585.090248,1.0,7323080.748078824,7323080.748078824,0.0
2025-01-14,4383528.750842825,3106107.646912,7489636.397754824,3820.54,3690.495441666667,3586.827,1.0,7489636.397754824,7489636.397754824,0.0
2025-01-15,4383528.750842825,3103372.1746330005,7486900.925475825,3796.026,3692.6371916666667,3588.497916,1.0,7486900.925475825,7486900.925475825,0.0
2025-01-16,4383528.750842825,3103551.3389100004,7487080.089752825,3800.384,3695.016016666667,3590.311244,1.0,7487080.089752825,7487080.089752825,0.0
2025-01-17,4383528.750842825,3127907.8877900005,7511436.638632825,3812.343,3698.1198916666667,3592.244172,1.0,7511436.638632825,7511436.638632825,0.0
2025-01-20,4383528.750842825,3169097.048941999,7552625.799784824,3829.676,3701.549141666667,3594.4186520000003,1.0,7552625.799784824,7552625.799784824,0.0
2025-01-21,4383528.750842825,3182937.042290001,7566465.793132826,3832.615,3705.1603333333337,3596.579116,1.0,7566465.793132826,7566465.793132826,0.0
2025-01-22,4383528.750842825,3147145.626654999,7530674.377497824,3797.017,3708.391366666667,3598.658668,1.0,7530674.377497824,7530674.377497824,0.0
2025-01-23,4383528.750842825,3146412.13982,7529940.890662825,3803.744,3711.83305,3600.690956,1.0,7529940.890662825,7529940.890662825,0.0
2025-01-24,4383528.750842825,3219742.306529001,7603271.057371825,3832.864,3715.6954,3602.885744,1.0,7603271.057371825,7603271.057371825,0.0
2025-01-27,4383528.750842825,3192540.028054999,7576068.778897824,3817.08,3718.8203666666664,3605.030384,1.0,7576068.778897824,7576068.778897824,0.0
2025-02-05,4383528.750842825,3225044.4864640003,7608573.237306825,3795.085,3721.9521833333333,3607.00722,1.0,7608573.237306825,7608573.237306825,0.0
2025-02-06,4383528.750842825,3336904.2578210006,7720433.008663826,3842.831,3725.7725083333335,3609.462216,1.0,7720433.008663826,7720433.008663826,0.0
2025-02-07,4383528.750842825,3372824.906576,7756353.657418825,3892.703,3730.3506916666665,3611.9341120000004,1.0,7756353.657418825,7756353.657418825,0.0
2025-02-10,4383528.750842825,3462218.5017190007,7845747.252561825,3901.062,3735.0013833333337,3614.459256,1.0,7845747.252561825,7845747.252561825,0.0
2025-02-11,4383528.750842825,3455001.515926,7838530.266768824,3883.135,3739.5150999999996,3617.116188,1.0,7838530.266768824,7838530.266768824,0.0
2025-02-12,4383528.750842825,3538280.394712,7921809.145554825,3919.862,3744.3228083333333,3619.867904,1.0,7921809.145554825,7921809.145554825,0.0
2025-02-13,4383528.750842825,3507221.0699580023,7890749.820800827,3905.14,3749.102083333333,3622.380028,1.0,7890749.820800827,7890749.820800827,0.0
2025-02-14,4383528.750842825,3474014.175132,7857542.925974824,3939.009,3754.2116166666665,3624.764388,1.0,7857542.925974824,7857542.925974824,0.0
2025-02-17,4383528.750842825,3524040.832169,7907569.583011825,3947.398,3759.3200166666666,3627.218696,1.0,7907569.583011825,7907569.583011825,0.0
2025-02-18,4383528.750842825,3425925.4296300006,7809454.180472825,3912.783,3764.34955,3629.653988,1.0,7809454.180472825,7809454.180472825,0.0
2025-02-19,4383528.750842825,3532840.4442420006,7916369.195084825,3940.16,3769.334608333333,3632.434472,1.0,7916369.195084825,7916369.195084825,0.0
2025-02-20,4383528.750842825,3550634.655361,7934163.406203825,3928.896,3774.1951249999997,3635.288648,1.0,7934163.406203825,7934163.406203825,0.0
2025-02-21,4383528.750842825,3606636.302150999,7990165.052993824,3978.444,3779.3740916666666,3638.33158,1.0,7990165.052993824,7990165.052993824,0.0
2025-02-24,4383528.750842825,3579094.237307,7962622.988149825,3969.717,3784.682541666667,3641.491936,1.0,7962622.988149825,7962622.988149825,0.0
2025-02-25,4383528.750842825,3569091.456619999,7952620.207462823,3925.651,3789.7160083333333,3644.392852,1.0,7952620.207462823,7952620.207462823,0.0
2025-02-26,4383528.750842825,3616287.800477,7999816.551319824,3959.941,3795.1060500000003,3646.9858480000003,1.0,7999816.551319824,7999816.551319824,0.0
2025-02-27,4383528.750842825,3615114.79146,7998643.542302825,3968.116,3800.447091666667,3649.483792,1.0,7998643.542302825,7998643.542302825,0.0
2025-02-28,4383528.750842825,3461852.992217999,7845381.743060823,3890.049,3805.1623083333334,3651.584268,1.0,7845381.743060823,7845381.743060823,0.0
2025-03-03,4383528.750842825,3481815.4786130004,7865344.229455825,3888.474,3810.021808333333,3653.522932,1.0,7865344.229455825,7865344.229455825,0.0
2025-03-04,4383528.750842825,3525520.540183999,7909049.291026823,3885.221,3815.0111833333335,3655.4204,1.0,7909049.291026823,7909049.291026823,0.0
2025-03-05,4383528.750842825,3547845.8938140008,7931374.644656826,3902.571,3820.2186,3657.2032000000004,1.0,7931374.644656826,7931374.644656826,0.0
2025-03-06,4383528.750842825,3638840.185788001,8022368.9366308255,3956.237,3825.508641666667,3659.081448,1.0,8022368.9366308255,8022368.9366308255,0.0
2025-03-07,4383528.750842825,3589056.6824870007,7972585.433329825,3944.014,3831.167,3660.898536,1.0,7972585.433329825,7972585.433329825,0.0
2025-03-10,4383528.750842825,3598958.4020919995,7982487.152934824,3928.802,3836.6284499999997,3662.800308,1.0,7982487.152934824,7982487.152934824,0.0
2025-03-11,4383528.750842825,3608215.177756001,7991743.928598825,3941.416,3842.372208333333,3664.586824,1.0,7991743.928598825,7991743.928598825,0.0
2025-03-12,4383528.750842825,3624430.66676,8007959.417602824,3927.232,3847.9511583333338,3666.4947119999997,1.0,8007959.417602824,8007959.417602824,0.0
2025-03-13,4383528.750842825,3540608.3285129983,7924137.079355823,3911.579,3853.6197666666662,3668.076696,1.0,7924137.079355823,7924137.079355823,0.0
2025-03-14,4383528.750842825,3608540.486551001,7992069.237393826,4006.557,3860.3998083333336,3669.9517079999996,1.0,7992069.237393826,7992069.237393826,0.0
2025-03-17,4383528.750842825,3617149.477629,8000678.228471825,3996.788,3867.0750833333336,3671.775384,1.0,8000678.228471825,8000678.228471825,0.0
2025-03-18,4383528.750842825,3638420.891223,8021949.642065825,4007.723,3873.921691666667,3673.54422,1.0,8021949.642065825,8021949.642065825,0.0
2025-03-19,4383528.750842825,3611304.111526,7994832.862368824,4010.168,3880.902466666667,3675.3806999999997,1.0,7994832.862368824,7994832.862368824,0.0
2025-03-20,4383528.750842825,3620884.969764998,8004413.720607823,3974.992,3887.700341666666,3677.1617880000003,1.0,8004413.720607823,8004413.720607823,0.0
2025-03-21,4383528.750842825,3528202.232192999,7911730.983035823,3914.696,3893.897725,3678.6409320000002,1.0,7911730.983035823,7911730.983035823,0.0
2025-03-24,4383528.750842825,3450393.783876001,7833922.5347188255,3934.849,3900.0545,3680.023272,1.0,7833922.5347188255,7833922.5347188255,0.0
2025-03-25,4383528.750842825,3398621.049229999,7782149.800072824,3932.295,3906.148208333333,3681.362476,1.0,7782149.800072824,7782149.800072824,0.0
2025-03-26,4383528.750842825,3438142.8449870003,7821671.595829825,3919.357,3912.0364833333338,3682.7504599999997,1.0,7821671.595829825,7821671.595829825,0.0
2025-03-27,4383528.750842825,3432295.231569001,7815823.982411826,3932.412,3916.874008333333,3684.231216,1.0,7815823.982411826,7815823.982411826,0.0
2025-03-28,4383528.750842825,3383481.699391,7767010.450233825,3915.166,3921.1542833333338,3685.6119080000003,0.3,7767010.450233825,2330103.1350701475,5436907.315163678
2025-03-31,4383528.750842825,3366358.811977999,7749887.562820824,3887.306,3924.0041666666666,3686.74702,0.3,7749887.562820824,2324966.268846247,5424921.2939745765
2025-04-01,4383528.750842825,3398552.6030130005,7782081.353855825,3887.684,3925.537491666667,3687.987236,0.3,7782081.353855825,2334624.4061567476,5447456.947699077
2025-04-02,4383528.750842825,3407378.378138,7790907.128980825,3884.386,3924.42525,3689.183244,0.3,7790907.128980825,2337272.138694247,5453634.9902865775
2025-04-03,4383528.750842825,3387984.613828,7771513.364670824,3861.503,3921.1369750000003,3690.304896,0.3,7771513.364670824,2331454.0094012474,5440059.355269577
2025-04-07,4383528.750842825,2947659.882958,7331188.633800824,3589.441,3918.0824500000003,3690.482652,0.3,7331188.633800824,2199356.5901402473,5131832.043660577
2025-04-08,4383528.750842825,2942538.4658830008,7326067.216725825,3650.759,3915.1905416666673,3690.9826359999997,0.3,7326067.216725825,2197820.1650177473,5128247.051708078
2025-04-09,4383528.750842825,3039851.7752179992,7423380.526060823,3686.794,3913.520766666667,3691.554824,0.3,7423380.526060823,2227014.157818247,5196366.368242577
2025-04-10,4383528.750842825,3130060.386967001,7513589.137809825,3735.115,3911.635541666667,3692.484136,0.3,7513589.137809825,2254076.7413429474,5259512.396466877
2025-04-11,4383528.750842825,3175803.725792,7559332.476634825,3750.517,3910.7565583333335,3693.4023439999996,0.3,7559332.476634825,2267799.742990447,5291532.733644377
2025-04-14,4383528.750842825,3247062.758184999,7630591.509027824,3759.142,3910.152833333333,3694.2889760000003,0.3,7630591.509027824,2289177.4527083472,5341414.056319477
2025-04-15,4383528.750842825,3238353.7355600004,7621882.486402824,3761.235,3909.927941666667,3694.951328,0.3,7621882.486402824,2286564.745920847,5335317.740481976
2025-04-16,4383528.750842825,3197707.4820039994,7581236.232846824,3772.82,3908.6578250000002,3695.719904,0.3,7581236.232846824,2274370.8698540474,5306865.362992777
2025-04-17,4383528.750842825,3206724.8832049994,7590253.634047824,3772.222,3907.2997,3696.53758,0.3,7590253.634047824,2277076.090214347,5313177.543833477
2025-04-18,4383528.750842825,3202624.9656139994,7586153.716456824,3772.523,3905.755925,3697.48204,0.3,7586153.716456824,2275846.114937047,5310307.6015197765
2025-04-21,4383528.750842825,3293919.481178,7677448.232020825,3784.881,3904.1865249999996,3698.487616,0.3,7677448.232020825,2303234.4696062473,5374213.762414578
2025-04-22,4383528.750842825,3289287.7720300006,7672816.522872825,3783.952,3902.979183333334,3699.604588,0.3,7672816.522872825,2301844.9568618475,5370971.566010978
2025-04-23,4383528.750842825,3308373.971236,7691902.722078824,3786.882,3901.566358333333,3700.735136,0.3,7691902.722078824,2307570.816623647,5384331.905455178
2025-04-24,4383528.750842825,3263312.524588,7646841.275430825,3784.357,3900.068025,3701.969208,0.3,7646841.275430825,2294052.3826292474,5352788.892801577
2025-04-25,4383528.750842825,3277829.517023999,7661358.267866824,3786.994,3898.9208999999996,3702.9208799999997,0.3,7661358.267866824,2298407.480360047,5362950.787506777
2025-04-28,4383528.750842825,3264491.1341830003,7648019.885025825,3781.619,3898.0223166666665,3704.002896,0.3,7648019.885025825,2294405.9655077476,5353613.919518078
2025-04-29,4383528.750842825,3299416.851527001,7682945.602369825,3775.077,3897.055958333333,3704.8415919999998,0.3,7682945.602369825,2304883.6807109476,5378061.921658877
2025-04-30,4383528.750842825,3347287.765777,7730816.516619825,3770.571,3896.06055,3705.644668,0.3,7730816.516619825,2319244.9549859473,5411571.561633877
2025-05-06,4383528.750842825,3449989.0455310005,7833517.7963738255,3808.542,3894.9253833333332,3706.712188,0.3,7833517.7963738255,2350055.3389121476,5483462.4574616775
2025-05-07,2889094.5620238427,4972758.032765001,7861852.594788844,3831.627,3893.1508333333336,3707.9150759999998,0.3,7861852.594788844,2358555.778436653,5503296.81635219
2025-05-08,2889094.5620238427,5005904.804079001,7894999.366102844,3852.896,3891.722608333334,3709.3017600000003,0.3,7894999.366102844,2368499.809830853,5526499.556271991
2025-05-09,2889094.5620238427,4908884.502563998,7797979.064587841,3846.157,3889.226458333333,3710.5998999999997,0.3,7797979.064587841,2339393.719376352,5458585.345211489
2025-05-12,2889094.5620238427,4977146.602617998,7866241.16464184,3890.61,3887.4478166666668,3712.041216,1.0,7866241.16464184,7866241.16464184,0.0
2025-05-13,2889094.5620238427,4981475.385755,7870569.947778842,3896.258,3885.4905416666666,3713.2891720000002,1.0,7870569.947778842,7870569.947778842,0.0
2025-05-14,2889094.5620238427,4994705.609818001,7883800.171841844,3943.211,3884.3027749999997,3714.566368,1.0,7883800.171841844,7883800.171841844,0.0
2025-05-15,2889094.5620238427,4942842.065156999,7831936.627180842,3907.199,3882.6053500000003,3715.777588,1.0,7831936.627180842,7831936.627180842,0.0
2025-05-16,2889094.5620238427,4989305.025668001,7878399.5876918435,3889.085,3881.3509,3716.7024200000005,1.0,7878399.5876918435,7878399.5876918435,0.0
2025-05-19,2889094.5620238427,5027576.434912998,7916670.996936841,3877.145,3880.58685,3717.574968,0.3,7916670.996936841,2375001.299081052,5541669.697855789
2025-05-20,2889094.5620238427,5071517.698029,7960612.260052843,3898.171,3880.151766666667,3718.64676,1.0,7960612.260052843,7960612.260052843,0.0
2025-05-21,2889094.5620238427,5028270.655022001,7917365.217045844,3916.381,3879.6475166666664,3719.65404,1.0,7917365.217045844,7917365.217045844,0.0
2025-05-22,2889094.5620238427,4975625.114538,7864719.676561843,3913.865,3879.048283333334,3720.644392,1.0,7864719.676561843,7864719.676561843,0.0
2025-05-23,2889094.5620238427,4926745.369694998,7815839.93171884,3882.274,3878.1564166666667,3721.5147240000006,1.0,7815839.93171884,7815839.93171884,0.0
2025-05-26,2889094.5620238427,5007086.156279,7896180.718302842,3860.107,3878.1098166666666,3722.326972,0.3,7896180.718302842,2368854.2154908525,5527326.50281199
2025-05-27,2889094.5620238427,5013364.487244,7902459.049267842,3839.397,3878.0373666666665,3723.1803360000004,0.3,7902459.049267842,2370737.7147803525,5531721.33448749
2025-05-28,2889094.5620238427,5043082.027835,7932176.589858843,3836.237,3878.0044666666663,3723.963848,0.3,7932176.589858843,2379652.9769576527,5552523.61290119
2025-05-29,2889094.5620238427,5125951.912820001,8015046.474843844,3858.7,3877.6015916666665,3724.686768,0.3,8015046.474843844,2404513.942453153,5610532.532390691
2025-05-30,2889094.5620238427,5062954.859069998,7952049.421093841,3840.232,3877.332266666667,3725.283848,0.3,7952049.421093841,2385614.8263281523,5566434.594765689
2025-06-03,2889094.5620238427,5125338.132870999,8014432.694894842,3852.013,3876.794183333333,3725.987256,0.3,8014432.694894842,2404329.8084684527,5610102.886426389
2025-06-04,2889094.5620238427,5213302.556720001,8102397.118743843,3868.743,3876.136775,3726.7244239999995,0.3,8102397.118743843,2430719.135623153,5671677.983120691
2025-06-05,2889094.5620238427,5218500.01364,8107594.575663842,3877.556,3875.5173166666664,3727.66748,1.0,8107594.575663842,8107594.575663842,0.0
2025-06-06,2889094.5620238427,5221882.531568001,8110977.093591844,3873.984,3875.0458750000003,3728.7575159999997,0.3,8110977.093591844,2433293.128077553,5677683.965514291
2025-06-09,2889094.5620238427,5308800.332236002,8197894.894259845,3885.246,3874.743025,3729.7556680000002,1.0,8197894.894259845,8197894.894259845,0.0
2025-06-10,2889094.5620238427,5249487.807895,8138582.369918843,3865.465,3873.8457249999997,3730.78084,0.3,8138582.369918843,2441574.7109756526,5697007.65894319
2025-06-11,2889094.5620238427,5260046.931504,8149141.493527843,3894.625,3873.2461749999998,3731.905252,1.0,8149141.493527843,8149141.493527843,0.0
2025-06-12,2889094.5620238427,5291591.451830001,8180686.013853843,3892.199,3872.3841916666665,3733.0968000000003,1.0,8180686.013853843,8180686.013853843,0.0
2025-06-13,2889094.5620238427,5244845.569975997,8133940.13199984,3864.182,3871.34545,3734.2338280000004,0.3,8133940.13199984,2440182.039599952,5693758.092399888
2025-06-16,2889094.5620238427,5301827.984310999,8190922.546334841,3873.795,3870.0562,3735.3740159999998,1.0,8190922.546334841,8190922.546334841,0.0
2025-06-17,2889094.5620238427,5281066.989671001,8170161.551694844,3870.379,3869.53285,3736.3928480000004,1.0,8170161.551694844,8170161.551694844,0.0
2025-06-18,2889094.5620238427,5262440.032454,8151534.594477843,3874.971,3869.225591666667,3737.513556,1.0,8151534.594477843,8151534.594477843,0.0
2025-06-19,2889094.5620238427,5164315.734753,8053410.296776842,3843.091,3868.5677416666667,3738.51694,0.3,8053410.296776842,2416023.089033053,5637387.20774379
2025-06-20,2889094.5620238427,5103166.493902,7992261.055925842,3846.644,3867.7740249999997,3739.6070600000003,0.3,7992261.055925842,2397678.3167777527,5594582.73914809
2025-06-23,2889094.5620238427,5186191.5689590005,8075286.130982843,3857.902,3867.0443416666667,3740.8671600000002,0.3,8075286.130982843,2422585.8392948527,5652700.291687991
2025-06-24,2889094.5620238427,5244977.589883,8134072.151906842,3904.034,3866.846758333333,3742.306804,1.0,8134072.151906842,8134072.151906842,0.0
2025-06-25,2889094.5620238427,5327132.528281,8216227.090304843,3960.066,3867.067541666667,3744.0425440000004,1.0,8216227.090304843,8216227.090304843,0.0
2025-06-26,2889094.5620238427,5334988.132616999,8224082.694640841,3946.02,3866.7536416666667,3745.660492,1.0,8224082.694640841,8224082.694640841,0.0
2025-06-27,2889094.5620238427,5322307.628588001,8211402.190611844,3921.758,3866.221383333333,3747.2027279999998,1.0,8211402.190611844,8211402.190611844,0.0
2025-06-30,2889094.5620238427,5398411.621104999,8287506.183128841,3936.079,3865.7930416666663,3748.7646839999998,1.0,8287506.183128841,8287506.183128841,0.0
2025-07-01,2889094.5620238427,5418540.873918,8307635.435941842,3942.762,3865.4741333333327,3750.420736,1.0,8307635.435941842,8307635.435941842,0.0
2025-07-02,2889094.5620238427,5405060.994819002,8294155.556842845,3943.685,3865.012716666666,3752.1823480000003,1.0,8294155.556842845,8294155.556842845,0.0
2025-07-03,2889094.5620238427,5423069.100977002,8312163.663000844,3968.068,3865.289025,3754.07214,1.0,8312163.663000844,8312163.663000844,0.0
2025-07-04,2889094.5620238427,5345426.521526,8234521.083549842,3982.203,3866.637425,3756.093712,1.0,8234521.083549842,8234521.083549842,0.0
2025-07-07,2889094.5620238427,5388129.870511001,8277224.432534844,3965.175,3868.220841666667,3758.122804,1.0,8277224.432534844,8277224.432534844,0.0
2025-07-08,2889094.5620238427,5431056.869818999,8320151.431842842,3998.453,3870.1331999999998,3760.1955559999997,1.0,8320151.431842842,8320151.431842842,0.0
2025-07-09,2889094.5620238427,5447281.052913999,8336375.614937842,3991.401,3871.7606583333336,3762.3446879999997,1.0,8336375.614937842,8336375.614937842,0.0
2025-07-10,2889094.5620238427,5435108.379556,8324202.941579843,4010.024,3873.600733333333,3764.5381560000005,1.0,8324202.941579843,8324202.941579843,0.0
2025-07-11,2889094.5620238427,5462734.972305999,8351829.534329842,4014.807,3875.5584833333337,3766.684652,1.0,8351829.534329842,8351829.534329842,0.0
2025-07-14,2889094.5620238427,5481267.815863,8370362.377886843,4017.668,3877.935041666666,3768.8681800000004,1.0,8370362.377886843,8370362.377886843,0.0
2025-07-15,2889094.5620238427,5426467.103381,8315561.665404843,4019.064,3880.4063,3771.0907800000004,1.0,8315561.665404843,8315561.665404843,0.0
2025-07-16,2889094.5620238427,5428962.557898999,8318057.119922842,4007.202,3881.9618166666664,3773.3363360000003,1.0,8318057.119922842,8318057.119922842,0.0
2025-07-17,2889094.5620238427,5464030.683168,8353125.245191842,4034.491,3883.9490250000003,3775.750056,1.0,8353125.245191842,8353125.245191842,0.0
2025-07-18,2889094.5620238427,5463282.194676002,8352376.756699844,4058.549,3886.1004000000003,3778.377212,1.0,8352376.756699844,8352376.756699844,0.0
2025-07-21,2889094.5620238427,5563492.640582999,8452587.202606842,4085.607,3888.3776,3780.9603959999995,1.0,8452587.202606842,8452587.202606842,0.0
2025-07-22,2889094.5620238427,5581044.714654002,8470139.276677845,4118.958,3890.7882833333338,3783.720364,1.0,8470139.276677845,8470139.276677845,0.0
2025-07-23,2889094.5620238427,5529261.104118001,8418355.666141843,4119.769,3893.1812333333332,3786.326764,1.0,8418355.666141843,8418355.666141843,0.0
2025-07-24,2889094.5620238427,5560162.559517999,8449257.121541843,4149.037,3896.1147333333333,3789.033308,1.0,8449257.121541843,8449257.121541843,0.0
2025-07-25,2889094.5620238427,5563822.845897999,8452917.407921841,4127.163,3898.8098916666663,3791.6369720000002,1.0,8452917.407921841,8452917.407921841,0.0
2025-07-28,2889094.5620238427,5586246.462559,8475341.024582842,4135.824,3901.3345583333335,3794.187136,1.0,8475341.024582842,8475341.024582842,0.0
2025-07-29,2889094.5620238427,5614613.585557002,8503708.147580843,4152.025,3904.1257666666666,3796.7889000000005,1.0,8503708.147580843,8503708.147580843,0.0
2025-07-30,2889094.5620238427,5599938.294781999,8489032.856805842,4151.238,3907.0937083333333,3799.310128,1.0,8489032.856805842,8489032.856805842,0.0
2025-07-31,2889094.5620238427,5559070.323044,8448164.885067843,4075.591,3909.033375,3801.456428,1.0,8448164.885067843,8448164.885067843,0.0
2025-08-01,649404.0406286166,7792190.104526,8441594.145154616,4054.929,3910.3852583333337,3803.616444,1.0,8441594.145154616,8441594.145154616,0.0
2025-08-04,649404.0406286166,7913937.612101999,8563341.652730616,4070.702,3911.798925,3806.13974,1.0,8563341.652730616,8563341.652730616,0.0
2025-08-05,649404.0406286166,8024627.897847998,8674031.938476615,4103.45,3913.6348833333336,3808.8808759999997,1.0,8674031.938476615,8674031.938476615,0.0
2025-08-06,649404.0406286166,8085494.381787999,8734898.422416616,4113.485,3915.2484083333334,3811.7377279999996,1.0,8734898.422416616,8734898.422416616,0.0
2025-08-07,649404.0406286166,8075612.165620001,8725016.206248617,4114.666,3916.994458333333,3814.55922,1.0,8725016.206248617,8725016.206248617,0.0
2025-08-08,649404.0406286166,8064478.047461,8713882.088089617,4104.967,3918.3774416666665,3817.4161200000003,1.0,8713882.088089617,8713882.088089617,0.0
2025-08-11,649404.0406286166,8229224.251456001,8878628.292084618,4122.511,3919.8367166666662,3820.428636,1.0,8878628.292084618,8878628.292084618,0.0
2025-08-12,649404.0406286166,8332179.246158999,8981583.286787616,4143.825,3921.7620666666667,3823.2356,1.0,8981583.286787616,8981583.286787616,0.0
2025-08-13,649404.0406286166,8532350.477470001,9181754.518098615,4176.578,3923.732216666667,3826.2648440000003,1.0,9181754.518098615,9181754.518098615,0.0
2025-08-14,649404.0406286166,8465749.235061001,9115153.275689617,4173.313,3925.769025,3829.4205280000006,1.0,9115153.275689617,9115153.275689617,0.0
2025-08-15,649404.0406286166,8671690.537695,9321094.578323616,4202.353,3927.6349333333333,3832.8566560000004,1.0,9321094.578323616,9321094.578323616,0.0
2025-08-18,649404.0406286166,9116468.78078,9765872.821408616,4239.413,3929.8824,3836.442392,1.0,9765872.821408616,9765872.821408616,0.0
2025-08-19,649404.0406286166,9159865.874482997,9809269.915111613,4223.374,3932.363425,3839.9699319999995,1.0,9809269.915111613,9809269.915111613,0.0
2025-08-20,649404.0406286166,9126192.46688,9775596.507508617,4271.396,3934.9588833333332,3843.6837680000003,1.0,9775596.507508617,9775596.507508617,0.0
2025-08-21,649404.0406286166,9074931.639639,9724335.680267615,4288.071,3937.625175,3847.509544,1.0,9724335.680267615,9724335.680267615,0.0
2025-08-22,649404.0406286166,9213722.220556997,9863126.261185613,4377.998,3941.6914166666666,3851.718076,1.0,9863126.261185613,9863126.261185613,0.0
2025-08-25,649404.0406286166,9393463.927452998,10042867.968081614,4469.222,3946.530983333333,3856.257404,1.0,10042867.968081614,10042867.968081614,0.0
2025-08-26,649404.0406286166,9282682.68877,9932086.729398616,4452.591,3951.2590666666665,3860.8308119999997,1.0,9932086.729398616,9932086.729398616,0.0
2025-08-27,649404.0406286166,9249312.571174,9898716.611802615,4386.127,3955.2886999999996,3865.0075079999997,1.0,9898716.611802615,9898716.611802615,0.0
2025-08-28,649404.0406286166,9412240.901542995,10061644.942171613,4463.782,3959.518241666666,3869.4801,1.0,10061644.942171613,10061644.942171613,0.0
2025-08-29,649404.0406286166,9420621.331271002,10070025.371899618,4496.759,3964.1244500000003,3874.039264,1.0,10070025.371899618,10070025.371899618,0.0
2025-09-01,649404.0406286166,9462845.552205998,10112249.592834614,4523.711,3969.082025,3878.8032959999996,1.0,10112249.592834614,10112249.592834614,0.0
2025-09-02,649404.0406286166,9171312.760146,9820716.800774615,4490.453,3973.6573333333336,3883.478568,1.0,9820716.800774615,9820716.800774615,0.0
2025-09-03,649404.0406286166,9073445.141659,9722849.182287617,4459.83,3978.09565,3888.065344,1.0,9722849.182287617,9722849.182287617,0.0
2025-09-04,649404.0406286166,8700483.365821002,9349887.406449618,4365.209,3981.8759,3892.2174160000004,1.0,9349887.406449618,9349887.406449618,0.0
2025-09-05,649404.0406286166,8957705.093545003,9607109.13417362,4460.325,3985.6573,3896.761824,1.0,9607109.13417362,9607109.13417362,0.0
2025-09-08,649404.0406286166,8995278.348467002,9644682.389095616,4467.573,3989.5805083333335,3901.4107799999997,1.0,9644682.389095616,9644682.389095616,0.0
2025-09-09,649404.0406286166,8806633.192866001,9456037.233494615,4436.258,3993.1516333333334,3906.009828,1.0,9456037.233494615,9456037.233494615,0.0
2025-09-10,649404.0406286166,8891861.934890999,9541265.975519614,4445.365,3996.7782749999997,3910.680564,1.0,9541265.975519614,9541265.975519614,0.0
2025-09-11,649404.0406286166,9085240.268665005,9734644.309293618,4548.035,4001.553633333334,3915.586976,1.0,9734644.309293618,9734644.309293618,0.0
2025-09-12,649404.0406286166,9100505.240505,9749909.281133616,4521.998,4006.6144833333333,3920.614924,1.0,9749909.281133616,9749909.281133616,0.0
2025-09-15,649404.0406286166,9041501.588821,9690905.629449615,4533.056,4011.599541666667,3925.653436,1.0,9690905.629449615,9690905.629449615,0.0
2025-09-16,649404.0406286166,9095878.771372,9745282.812000616,4523.337,4016.524891666667,3930.738124,1.0,9745282.812000616,9745282.812000616,0.0
2025-09-17,649404.0406286166,9176280.801363,9825684.841991616,4551.023,4021.788775,3935.911184,1.0,9825684.841991616,9825684.841991616,0.0
2025-09-18,649404.0406286166,9133403.677347,9782807.717975616,4498.109,4026.502916666667,3940.9782359999995,1.0,9782807.717975616,9782807.717975616,0.0
2025-09-19,649404.0406286166,9189468.455539,9838872.496167617,4501.92,4031.392533333333,3946.214108,1.0,9838872.496167617,9838872.496167617,0.0
2025-09-22,649404.0406286166,9335990.706163997,9985394.746792613,4522.608,4036.6867166666666,3951.5215200000002,1.0,9985394.746792613,9985394.746792613,0.0
2025-09-23,649404.0406286166,9285462.833054,9934866.873682616,4519.778,4041.954166666667,3956.8561120000004,1.0,9934866.873682616,9934866.873682616,0.0
2025-09-24,649404.0406286166,9416277.404287,10065681.444915617,4566.071,4047.634875,3962.4304960000004,1.0,10065681.444915617,10065681.444915617,0.0
2025-09-25,649404.0406286166,9497151.654091,10146555.694719614,4593.488,4053.73475,3968.1674600000006,1.0,10146555.694719614,10146555.694719614,0.0
2025-09-26,649404.0406286166,9348631.967011,9998036.007639617,4550.049,4061.7398166666667,3973.6836160000003,1.0,9998036.007639617,9998036.007639617,0.0
2025-09-29,649404.0406286166,9343695.204451002,9993099.245079618,4620.053,4069.8172666666665,3979.379684,1.0,9993099.245079618,9993099.245079618,0.0
2025-09-30,649404.0406286166,9376022.490618,10025426.531246616,4640.694,4077.7664333333328,3985.13826,1.0,10025426.531246616,10025426.531246616,0.0
2025-10-09,649404.0406286166,9333107.523392996,9982511.564021612,4709.482,4085.8861583333332,3991.1251319999997,1.0,9982511.564021612,9982511.564021612,0.0
2025-10-10,649404.0406286166,9313045.447743,9962449.488371614,4616.834,4093.105466666667,3996.184832,1.0,9962449.488371614,9962449.488371614,0.0
2025-10-13,649404.0406286166,9469724.430076998,10119128.470705612,4593.979,4100.062441666667,4000.954616,1.0,10119128.470705612,10119128.470705612,0.0
2025-10-14,649404.0406286166,9406588.119748002,10055992.160376618,4539.064,4106.54435,4004.9295919999995,1.0,10055992.160376618,10055992.160376618,0.0
2025-10-15,649404.0406286166,9499309.22012,10148713.260748615,4606.288,4113.489916666667,4008.5400040000004,1.0,10148713.260748615,10148713.260748615,0.0
2025-10-16,649404.0406286166,9379898.316011002,10029302.356639618,4618.422,4120.541583333334,4010.9422720000002,1.0,10029302.356639618,10029302.356639618,0.0
2025-10-17,649404.0406286166,9051973.179536004,9701377.22016462,4514.235,4126.722516666667,4011.9748280000003,1.0,9701377.22016462,9701377.22016462,0.0
2025-10-20,649404.0406286166,9151146.356038,9800550.396666616,4538.22,4133.000341666667,4014.3037719999998,1.0,9800550.396666616,9800550.396666616,0.0
2025-10-21,649404.0406286166,9337214.861862002,9986618.902490618,4607.872,4139.866341666666,4016.744108,1.0,9986618.902490618,9986618.902490618,0.0
2025-10-22,649404.0406286166,9321679.990428,9971084.031056616,4592.57,4146.580408333333,4019.56572,1.0,9971084.031056616,9971084.031056616,0.0
2025-10-23,649404.0406286166,9193490.706264,9842894.746892616,4606.345,4153.430308333333,4022.145732,1.0,9842894.746892616,9842894.746892616,0.0
2025-10-24,649404.0406286166,9402124.957668,10051528.998296617,4660.684,4160.711058333333,4025.3644879999997,1.0,10051528.998296617,10051528.998296617,0.0
2025-10-27,649404.0406286166,9513319.710001998,10162723.750630612,4716.019,4168.497725,4028.902208,1.0,10162723.750630612,10162723.750630612,0.0
2025-10-28,649404.0406286166,9397543.668712,10046947.709340615,4691.973,4176.138525,4032.5172119999997,1.0,10046947.709340615,10046947.709340615,0.0
2025-10-29,649404.0406286166,9394650.315326,10044054.355954615,4747.838,4184.282416666666,4035.807628,1.0,10044054.355954615,10044054.355954615,0.0
2025-10-30,649404.0406286166,9204512.381003,9853916.421631616,4709.911,4191.793825,4038.9064839999996,1.0,9853916.421631616,9853916.421631616,0.0
2025-10-31,649404.0406286166,9238748.656036,9888152.696664616,4640.668,4198.535833333333,4041.6380520000002,1.0,9888152.696664616,9888152.696664616,0.0
2025-11-03,208709.22223612093,9661688.122918,9870397.345154122,4653.403,4205.206725,4044.358828,1.0,9870397.345154122,9870397.345154122,0.0
2025-11-04,208709.22223612093,9456864.430721998,9665573.65295812,4618.699,4211.644575,4047.118292,1.0,9665573.65295812,9665573.65295812,0.0
2025-11-05,208709.22223612093,9469841.247502998,9678550.46973912,4627.257,4217.7833,4049.801636,1.0,9678550.46973912,9678550.46973912,0.0
2025-11-06,208709.22223612093,9580814.333438,9789523.55567412,4693.403,4224.426175,4052.71862,1.0,9789523.55567412,9789523.55567412,0.0
2025-11-07,208709.22223612093,9589440.615505,9798149.83774112,4678.794,4230.556033333333,4055.7352,1.0,9798149.83774112,9798149.83774112,0.0
2025-11-10,208709.22223612093,9593533.354192004,9802242.576428128,4695.051,4237.1214666666665,4058.957608,1.0,9802242.576428128,9802242.576428128,0.0
2025-11-11,208709.22223612093,9654366.292478,9863075.51471412,4652.166,4243.480475,4062.002112,1.0,9863075.51471412,9863075.51471412,0.0
2025-11-12,208709.22223612093,9497919.021219002,9706628.243455123,4645.908,4249.886833333333,4065.025664,1.0,9706628.243455123,9706628.243455123,0.0
2025-11-13,208709.22223612093,9634210.235002,9842919.45723812,4702.074,4256.5860250000005,4068.054912,1.0,9842919.45723812,9842919.45723812,0.0
2025-11-14,208709.22223612093,9463696.330589002,9672405.552825123,4628.14,4262.51735,4070.38918,1.0,9672405.552825123,9672405.552825123,0.0
2025-11-17,208709.22223612093,9499541.889502,9708251.11173812,4598.053,4268.218916666667,4072.68426,1.0,9708251.11173812,9708251.11173812,0.0
2025-11-18,208709.22223612093,9483444.408729997,9692153.630966118,4568.193,4273.934908333334,4074.374252,1.0,9692153.630966118,9692153.630966118,0.0
2025-11-19,208709.22223612093,9364441.629847,9573150.852083122,4588.292,4280.003116666666,4076.311232,1.0,9573150.852083122,9573150.852083122,0.0
2025-11-20,208709.22223612093,9294891.785116002,9503601.007352125,4564.948,4286.049375,4078.0465,1.0,9503601.007352125,9503601.007352125,0.0
2025-11-21,208709.22223612093,8938374.869738,9147084.09197412,4453.608,4291.194133333333,4079.51796,1.0,9147084.09197412,9147084.09197412,0.0
2025-11-24,208709.22223612093,9042442.699917,9251151.92215312,4448.048,4296.105366666667,4080.8665920000003,1.0,9251151.92215312,9251151.92215312,0.0
2025-11-25,208709.22223612093,9255327.038121998,9464036.26035812,4490.405,4301.523475,4082.669736,1.0,9464036.26035812,9464036.26035812,0.0
2025-11-26,208709.22223612093,9275668.572807,9484377.79504312,4517.626,4307.07025,4084.8649159999995,1.0,9484377.79504312,9484377.79504312,0.0
2025-11-27,208709.22223612093,9242081.507665,9450790.72990112,4515.403,4312.459083333333,4087.125004,1.0,9450790.72990112,9450790.72990112,0.0
2025-11-28,208709.22223612093,9373527.661960004,9582236.884196123,4526.662,4317.8683,4089.324088,1.0,9582236.884196123,9582236.884196123,0.0
2025-12-01,208709.22223612093,9401730.944325002,9610440.166561125,4576.486,4323.722483333334,4091.68694,1.0,9610440.166561125,9610440.166561125,0.0
2025-12-02,208709.22223612093,9305442.563949998,9514151.78618612,4554.335,4329.298225,4093.947088,1.0,9514151.78618612,9514151.78618612,0.0
2025-12-03,208709.22223612093,9162540.477242,9371249.69947812,4531.049,4334.844758333334,4096.608488000001,1.0,9371249.69947812,9371249.69947812,0.0
2025-12-04,208709.22223612093,9126282.568718,9334991.79095412,4546.566,4340.2776,4099.402388,1.0,9334991.79095412,9334991.79095412,0.0
2025-12-05,208709.22223612093,9315587.87636,9524297.09859612,4584.537,4346.047083333333,4102.379796,1.0,9524297.09859612,9524297.09859612,0.0
2025-12-08,208709.22223612093,9536229.713147,9744938.935383122,4621.755,4352.360191666667,4105.238636,1.0,9744938.935383122,9744938.935383122,0.0
2025-12-09,208709.22223612093,9528754.063342998,9737463.28557912,4598.223,4358.397091666667,4108.141324,1.0,9737463.28557912,9737463.28557912,0.0
2025-12-10,208709.22223612093,9592002.512500005,9800711.734736126,4591.827,4364.409158333333,4110.8423,1.0,9800711.734736126,9800711.734736126,0.0
2025-12-11,208709.22223612093,9459372.678243998,9668081.90048012,4552.185,4370.052608333333,4113.260512,1.0,9668081.90048012,9668081.90048012,0.0
2025-12-12,208709.22223612093,9523050.40435,9731759.62658612,4580.95,4376.201433333334,4115.776748,1.0,9731759.62658612,9731759.62658612,0.0
2025-12-15,208709.22223612093,9427848.258582,9636557.48081812,4552.06,4382.0799,4118.2627600000005,1.0,9636557.48081812,9636557.48081812,0.0
2025-12-16,208709.22223612093,9211005.653027002,9419714.875263125,4497.555,4387.410341666667,4120.566628,1.0,9419714.875263125,9419714.875263125,0.0
2025-12-17,208709.22223612093,9410239.690929,9618948.91316512,4579.875,4393.042350000001,4122.993563999999,1.0,9618948.91316512,9618948.91316512,0.0
2025-12-18,208709.22223612093,9398676.387104,9607385.60934012,4552.793,4397.9817416666665,4125.338452,1.0,9607385.60934012,9607385.60934012,0.0
2025-12-19,208709.22223612093,9448850.153179005,9657559.375415126,4568.178,4403.166391666668,4127.628616,1.0,9657559.375415126,9657559.375415126,0.0
2025-12-22,208709.22223612093,9638583.223632004,9847292.445868123,4611.624,4408.915275,4130.119788,1.0,9847292.445868123,9847292.445868123,0.0
2025-12-23,208709.22223612093,9681921.082464,9890630.30470012,4620.734,4414.620733333333,4132.488704,1.0,9890630.30470012,9890630.30470012,0.0
2025-12-24,208709.22223612093,9822496.355862005,10031205.578098124,4634.059,4420.381541666666,4135.292216,1.0,10031205.578098124,10031205.578098124,0.0
2025-12-25,208709.22223612093,9947294.533187,10156003.75542312,4642.536,4426.2053000000005,4138.214992,1.0,10156003.75542312,10156003.75542312,0.0
2025-12-26,208709.22223612093,9997215.307151996,10205924.529388117,4657.24,4431.9484,4141.15582,1.0,10205924.529388117,10205924.529388117,0.0
2025-12-29,208709.22223612093,10019272.087610995,10227981.309847118,4639.372,4437.424808333333,4143.945748,1.0,10227981.309847118,10227981.309847118,0.0
2025-12-30,208709.22223612093,10008129.032550996,10216838.254787115,4651.282,4443.142366666667,4146.76902,1.0,10216838.254787115,10216838.254787115,0.0
2025-12-31,208709.22223612093,10022991.990207998,10231701.21244412,4629.94,4448.404758333333,4149.577804,1.0,10231701.21244412,10231701.21244412,0.0
2026-01-05,208709.22223612093,10225637.989779,10434347.21201512,4717.746,4454.457633333333,4152.7145,1.0,10434347.21201512,10434347.21201512,0.0
2026-01-06,208709.22223612093,10354505.421957005,10563214.644193124,4790.694,4460.963216666667,4155.942524,1.0,10563214.644193124,10563214.644193124,0.0
2026-01-07,208709.22223612093,10479631.110037005,10688340.332273124,4776.666,4467.312041666666,4159.106672,1.0,10688340.332273124,10688340.332273124,0.0
2026-01-08,208709.22223612093,10564320.969399,10773030.19163512,4737.654,4473.311925,4162.107368,1.0,10773030.19163512,10773030.19163512,0.0
2026-01-09,208709.22223612093,10776500.285990002,10985209.508226125,4758.922,4479.477408333333,4165.218932,1.0,10985209.508226125,10985209.508226125,0.0
2026-01-12,208709.22223612093,10984074.491456,11192783.71369212,4789.916,4486.000025,4168.3823760000005,1.0,11192783.71369212,11192783.71369212,0.0
2026-01-13,208709.22223612093,10679817.693845,10888526.91608112,4761.032,4492.054533333333,4171.68686,1.0,10888526.91608112,10888526.91608112,0.0
2026-01-14,208709.22223612093,10765316.417676002,10974025.639912125,4741.931,4497.749383333334,4175.373004,1.0,10974025.639912125,10974025.639912125,0.0
2026-01-15,208709.22223612093,10746834.216513002,10955543.438749123,4751.429,4503.2979000000005,4179.27806,1.0,10955543.438749123,10955543.438749123,0.0
2026-01-16,208709.22223612093,10908302.258144,11117011.48038012,4731.873,4508.405524999999,4183.129672,1.0,11117011.48038012,11117011.48038012,0.0
2026-01-19,208709.22223612093,10957741.923842996,11166451.146079116,4734.456,4513.527916666667,4186.8830720000005,1.0,11166451.146079116,11166451.146079116,0.0
2026-01-20,208709.22223612093,10822941.419164004,11031650.641400125,4718.878,4518.276591666667,4190.601724,1.0,11031650.641400125,11031650.641400125,0.0
2026-01-21,208709.22223612093,10986957.855081998,11195667.07731812,4723.069,4523.242475,4194.374492,1.0,11195667.07731812,11195667.07731812,0.0
2026-01-22,208709.22223612093,11091895.737452,11300604.95968812,4723.709,4528.1415166666675,4198.339404,1.0,11300604.95968812,11300604.95968812,0.0
2026-01-23,208709.22223612093,11231622.281407995,11440331.503644116,4702.497,4532.728783333334,4202.25934,1.0,11440331.503644116,11440331.503644116,0.0
2026-01-26,208709.22223612093,11039982.563989,11248691.78622512,4706.964,4537.359833333334,4205.805036000001,1.0,11248691.78622512,11248691.78622512,0.0
2026-01-27,208709.22223612093,11237836.034934,11446545.257170122,4705.692,4542.610675,4209.4437,1.0,11446545.257170122,11446545.257170122,0.0
2026-01-28,208709.22223612093,11227699.036202,11436408.258438122,4717.991,4548.1361916666665,4213.114128,1.0,11436408.258438122,11436408.258438122,0.0
2026-01-29,208709.22223612093,11000218.183333,11208927.40556912,4753.87,4553.829258333334,4216.880236,1.0,11208927.40556912,11208927.40556912,0.0
2026-01-30,208709.22223612093,10968677.304707002,11177386.526943125,4706.34,4558.853341666666,4220.386892,1.0,11177386.526943125,11177386.526943125,0.0
2026-02-02,208709.22223612093,10660572.437243002,10869281.659479124,4605.98,4562.957466666666,4223.480352,1.0,10869281.659479124,10869281.659479124,0.0
2026-02-03,56620.13946861992,11115622.027842997,11172242.167311614,4660.107,4567.502808333334,4226.932712000001,1.0,11172242.167311614,11172242.167311614,0.0
2026-02-04,56620.13946861992,10984613.887717998,11041234.027186615,4698.683,4572.450441666666,4230.512468,1.0,11041234.027186615,11041234.027186615,0.0
2026-02-05,56620.13946861992,10735558.696721995,10792178.836190617,4670.419,4577.016341666666,4233.862688,1.0,10792178.836190617,10792178.836190617,0.0
2026-02-06,56620.13946861992,10735132.496733004,10791752.636201624,4643.596,4581.1811,4237.168752,1.0,10791752.636201624,10791752.636201624,0.0
2026-02-09,56620.13946861992,11054847.136057002,11111467.275525622,4719.056,4585.701749999999,4240.864636,1.0,11111467.275525622,11111467.275525622,0.0
2026-02-10,56620.13946861992,11040275.502305,11096895.64177362,4724.296,4590.293275,4244.390495999999,1.0,11096895.64177362,11096895.64177362,0.0
2026-02-11,56620.13946861992,10948867.767544998,11005487.907013616,4713.819,4594.555491666667,4247.67496,1.0,11005487.907013616,11005487.907013616,0.0
2026-02-12,56620.13946861992,11041845.425334,11098465.56480262,4719.578,4598.556866666666,4250.9490240000005,1.0,11098465.56480262,11098465.56480262,0.0
2026-02-13,56620.13946861992,11047995.581795003,11104615.721263625,4660.406,4602.1988,4254.058108,1.0,11104615.721263625,11104615.721263625,0.0
2026-02-24,56620.13946861992,11183740.539554,11240360.67902262,4707.544,4605.833366666668,4257.208836,1.0,11240360.67902262,11240360.67902262,0.0
2026-02-25,56620.13946861992,11382266.507063998,11438886.646532618,4735.886,4609.565158333334,4260.531819999999,1.0,11438886.646532618,11438886.646532618,0.0
2026-02-26,56620.13946861992,11538689.056704003,11595309.196172625,4726.874,4612.472458333334,4263.68328,1.0,11595309.196172625,11595309.196172625,0.0
2026-02-27,56620.13946861992,11577873.181054,11634493.32052262,4710.647,4614.484333333333,4266.7362760000005,1.0,11634493.32052262,11634493.32052262,0.0
2026-03-02,56620.13946861992,11472924.711567998,11529544.851036618,4728.669,4616.784983333333,4269.99982,1.0,11529544.851036618,11529544.851036618,0.0
2026-03-03,56620.13946861992,11032200.888129,11088821.02759762,4655.896,4619.0330583333325,4272.862764,1.0,11088821.02759762,11088821.02759762,0.0
2026-03-04,56620.13946861992,10946526.101552,11003146.24102062,4602.625,4620.190083333333,4275.55768,0.3,11003146.24102062,3300943.872306186,7702202.368714434
2026-03-05,56620.13946861992,11085473.936457995,11142094.075926617,4647.692,4621.447858333334,4278.2346720000005,1.0,11142094.075926617,11142094.075926617,0.0
2026-03-06,56620.13946861992,11052617.768564,11109237.908032618,4660.439,4622.587258333334,4280.997560000001,1.0,11109237.908032618,11109237.908032618,0.0
2026-03-09,56620.13946861992,10897051.015505005,10953671.154973622,4615.455,4623.628941666667,4283.756775999999,0.3,10953671.154973622,3286101.3464920865,7667569.808481536
2026-03-10,56620.13946861992,11252881.008639002,11309501.148107622,4674.756,4625.419991666668,4286.616036,1.0,11309501.148107622,11309501.148107622,0.0
2026-03-11,56620.13946861992,11323127.769784998,11379747.909253618,4704.496,4628.247383333333,4289.561556,1.0,11379747.909253618,11379747.909253618,0.0
2026-03-12,56620.13946861992,11197914.265506996,11254534.404975615,4687.56,4630.141008333333,4292.7516000000005,1.0,11254534.404975615,11254534.404975615,0.0
2026-03-13,56620.13946861992,11039777.601106005,11096397.740574624,4669.14,4631.820733333333,4295.874263999999,1.0,11096397.740574624,11096397.740574624,0.0
2026-03-16,56620.13946861992,11062500.471833998,11119120.611302618,4671.559,4633.781575,4299.0196160000005,1.0,11119120.611302618,11119120.611302618,0.0
2026-03-17,56620.13946861992,10724223.505245,10780843.64471362,4637.439,4635.382191666667,4301.9590880000005,1.0,10780843.64471362,10780843.64471362,0.0
2026-03-18,56620.13946861992,10905446.714285,10962066.85375362,4658.332,4636.301333333334,4304.767468,1.0,10962066.85375362,10962066.85375362,0.0
2026-03-19,56620.13946861992,10692004.966231998,10748625.105700618,4583.251,4636.811775,4307.324416,0.3,10748625.105700618,3224587.531710185,7524037.573990433
2026-03-20,56620.13946861992,10620714.410903,10677334.55037162,4567.018,4637.094791666666,4309.87728,0.3,10677334.55037162,3203200.365111486,7474134.185260135
2026-03-23,56620.13946861992,10128635.389609998,10185255.529078618,4417.997,4636.216958333333,4311.783604,0.3,10185255.529078618,3055576.6587235853,7129678.870355032
2026-03-24,56620.13946861992,10408421.017996,10465041.15746462,4474.722,4635.581116666667,4313.973564,0.3,10465041.15746462,3139512.347239386,7325528.810225233
2026-03-25,56620.13946861992,10657671.570807995,10714291.710276617,4537.466,4635.909091666666,4316.477112,0.3,10714291.710276617,3214287.513082985,7500004.197193632
2026-03-26,56620.13946861992,10504440.298454998,10561060.437923618,4477.534,4635.705875,4318.361019999999,0.3,10561060.437923618,3168318.131377085,7392742.306546533
2026-03-27,56620.13946861992,10672775.299331,10729395.43879962,4502.57,4635.538891666667,4320.384148,0.3,10729395.43879962,3218818.6316398857,7510576.807159734
2026-03-30,56620.13946861992,10682241.219187004,10738861.358655622,4491.95,4635.306991666667,4322.321056,0.3,10738861.358655622,3221658.4075966864,7517202.951058935
2026-03-31,56620.13946861992,10373471.302903002,10430091.442371622,4450.049,4634.340141666667,4324.08058,0.3,10430091.442371622,3129027.4327114862,7301064.009660136
2026-04-01,56620.13946861992,10667491.049189003,10724111.188657625,4526.067,4633.7783,4326.28488,0.3,10724111.188657625,3217233.356597287,7506877.832060337
2026-04-02,56620.13946861992,10441316.716707,10497936.856175618,4478.914,4633.185508333334,4328.541752,0.3,10497936.856175618,3149381.0568526853,7348555.799322933
2026-04-03,56620.13946861992,10444525.492281,10501145.63174962,4440.789,4631.691641666667,4330.565512,0.3,10501145.63174962,3150343.689524886,7350801.942224734
2026-04-07,56620.13946861992,10540619.287073,10597239.42654162,4440.616,4630.024325,4332.598796,0.3,10597239.42654162,3179171.827962486,7418067.598579135
2026-04-08,56620.13946861992,11088181.291870002,11144801.43133862,4595.556,4629.074941666666,4335.303591999999,0.3,11144801.43133862,3343440.429401586,7801361.001937034
2026-04-09,56620.13946861992,11061461.505588,11118081.64505662,4566.224,4628.653191666667,4337.838839999999,0.3,11118081.64505662,3335424.493516986,7782657.151539635
2026-04-10,56620.13946861992,11204624.858320003,11261244.997788625,4636.566,4629.008083333333,4340.724439999999,1.0,11261244.997788625,11261244.997788625,0.0
2026-04-13,56620.13946861992,11346666.148787,11403286.28825562,4646.155,4629.900508333333,4343.759836,1.0,11403286.28825562,11403286.28825562,0.0
2026-04-14,56620.13946861992,11541857.104714,11598477.24418262,4701.284,4630.692141666667,4347.014236,1.0,11598477.24418262,11598477.24418262,0.0
2026-04-15,56620.13946861992,11432763.328530002,11489383.467998622,4685.246,4631.249008333334,4350.217676,1.0,11489383.467998622,11489383.467998622,0.0
2026-04-16,56620.13946861992,11594177.627082,11650797.76655062,4736.608,4633.102116666667,4353.718096,1.0,11650797.76655062,11650797.76655062,0.0
2026-04-17,56620.13946861992,11849101.566852,11905721.70632062,4728.672,4634.689216666667,4358.27502,1.0,11905721.70632062,11905721.70632062,0.0
2026-04-20,56620.13946861992,11931182.954536002,11987803.094004622,4757.442,4635.935633333333,4362.701752,1.0,11987803.094004622,11987803.094004622,0.0
2026-04-21,56620.13946861992,11988140.084522,12044760.22399062,4767.997,4637.397524999999,4367.026564000001,1.0,12044760.22399062,12044760.22399062,0.0
2026-04-22,56620.13946861992,12235785.859282002,12292405.99875062,4799.627,4639.008208333335,4371.2846119999995,1.0,12292405.99875062,12292405.99875062,0.0
2026-04-23,56620.13946861992,12048966.694016997,12105586.833485616,4786.327,4640.0552333333335,4375.427852,1.0,12105586.833485616,12105586.833485616,0.0
2026-04-24,56620.13946861992,12046349.852052003,12102969.991520625,4769.369,4640.499816666666,4379.468760000001,1.0,12102969.991520625,12102969.991520625,0.0
2026-04-27,56620.13946861992,12214717.810259003,12271337.949727625,4770.947,4641.157933333333,4383.507608,1.0,12271337.949727625,12271337.949727625,0.0
2026-04-28,56620.13946861992,11994889.744853,12051509.88432162,4758.208,4641.244349999999,4387.449159999999,1.0,12051509.88432162,12051509.88432162,0.0
2026-04-29,56620.13946861992,12137358.201010004,12193978.340478623,4810.347,4642.081316666667,4391.60166,1.0,12193978.340478623,12193978.340478623,0.0
2026-04-30,56620.13946861992,12266826.850477,12323446.989945618,4807.307,4643.469975,4395.740796,1.0,12323446.989945618,12323446.989945618,0.0
2026-05-06,56620.13946861992,12538398.483321,12595018.62278962,4877.093,4645.334058333334,4400.109644,1.0,12595018.62278962,12595018.62278962,0.0
2026-05-07,2532064.3619336155,10510155.230963998,13042219.592897613,4900.51,4647.682483333333,4404.575875999999,1.0,13042219.592897613,13042219.592897613,0.0
2026-05-08,2532064.3619336155,10632779.011876,13164843.373809615,4871.912,4649.721275,4408.915996,1.0,13164843.373809615,13164843.373809615,0.0
2026-05-11,2532064.3619336155,10771001.657864004,13303066.019797618,4951.837,4651.874891666666,4413.585916,1.0,13303066.019797618,13303066.019797618,0.0
2026-05-12,2532064.3619336155,10774126.474855002,13306190.836788615,4948.047,4654.118666666666,4418.230127999999,1.0,13306190.836788615,13306190.836788615,0.0
2026-05-13,2532064.3619336155,10927217.930182,13459282.292115616,4998.342,4656.6460916666665,4423.097019999999,1.0,13459282.292115616,13459282.292115616,0.0
2026-05-14,2532064.3619336155,10651305.211534005,13183369.573467618,4914.597,4658.833016666667,4427.6551,1.0,13183369.573467618,13183369.573467618,0.0
2026-05-15,2532064.3619336155,10553864.911395,13085929.273328615,4859.593,4660.613725,4432.011188,1.0,13085929.273328615,13085929.273328615,0.0
2026-05-18,2532064.3619336155,10505383.791767,13037448.153700616,4833.524,4661.709141666667,4436.111116,1.0,13037448.153700616,13037448.153700616,0.0
2026-05-19,2532064.3619336155,10533420.236922,13065484.598855617,4852.883,4663.582,4440.19614,1.0,13065484.598855617,13065484.598855617,0.0
2026-05-20,2532064.3619336155,10576339.986929003,13108404.348862618,4850.7,4665.687391666666,4444.187355999999,1.0,13108404.348862618,13108404.348862618,0.0
2026-05-21,2532064.3619336155,10106318.816976,12638383.178909617,4783.098,4667.478266666667,4447.93512,1.0,12638383.178909617,12638383.178909617,0.0
2026-05-22,2532064.3619336155,10429754.676766,12961819.038699616,4845.096,4669.6183,4451.753064,1.0,12961819.038699616,12961819.038699616,0.0
2026-05-25,2532064.3619336155,10415625.245981997,12947689.607915612,4921.597,4672.590375,4455.85442,1.0,12947689.607915612,12947689.607915612,0.0
2026-05-26,2532064.3619336155,10190361.037311,12722425.399244616,4947.849,4676.70905,4459.872972,1.0,12722425.399244616,12722425.399244616,0.0
2026-05-27,2532064.3619336155,10087626.20715,12619690.569083616,4908.171,4680.543408333334,4463.876859999999,1.0,12619690.569083616,12619690.569083616,0.0
2026-05-28,2532064.3619336155,10337292.007652,12869356.369585617,4914.213,4684.075141666666,4467.977371999999,1.0,12869356.369585617,12869356.369585617,0.0
2026-05-29,2532064.3619336155,10177028.876473,12709093.238406615,4892.121,4687.195933333333,4472.037276,1.0,12709093.238406615,12709093.238406615,0.0
2026-06-01,2532064.3619336155,10021537.190415,12553601.552348616,4844.256,4689.936375,4475.821616,1.0,12553601.552348616,12553601.552348616,0.0
2026-06-02,2532064.3619336155,10066871.031481,12598935.393414617,4914.559,4693.16885,4479.8143279999995,1.0,12598935.393414617,12598935.393414617,0.0
2026-06-03,2532064.3619336155,10205340.740387004,12737405.10232062,4938.809,4696.188208333333,4483.914104,1.0,12737405.10232062,12737405.10232062,0.0
2026-06-04,2532064.3619336155,10169308.154477,12701372.516410615,4904.745,4699.108291666666,4488.0039879999995,1.0,12701372.516410615,12701372.516410615,0.0
2026-06-05,2532064.3619336155,10092498.564196,12624562.926129617,4816.92,4701.49055,4491.83124,1.0,12624562.926129617,12624562.926129617,0.0
2026-06-08,2532064.3619336155,9822381.091413,12354445.453346614,4713.636,4702.8828,4495.328196,1.0,12354445.453346614,12354445.453346614,0.0
2026-06-09,2532064.3619336155,10235255.908978,12767320.270911615,4801.811,4704.693416666666,4499.190492,1.0,12767320.270911615,12767320.270911615,0.0
2026-06-10,2532064.3619336155,10058465.770614002,12590530.132547615,4748.593,4705.750400000001,4502.750064,1.0,12590530.132547615,12590530.132547615,0.0
2026-06-11,2532064.3619336155,10169531.597006,12701595.958939614,4722.412,4706.785308333333,4506.278784,1.0,12701595.958939614,12701595.958939614,0.0
2026-06-12,2532064.3619336155,10145062.328346,12677126.690279614,4777.321,4708.331091666666,4509.9800159999995,1.0,12677126.690279614,12677126.690279614,0.0
2026-06-15,2532064.3619336155,10606316.572794998,13138380.934728611,4891.713,4711.160491666667,4514.071896,1.0,13138380.934728611,13138380.934728611,0.0
2026-06-16,2532064.3619336155,10934270.893529,13466335.255462617,4884.232,4713.687841666667,4518.098599999999,1.0,13466335.255462617,13466335.255462617,0.0
2026-06-17,2532064.3619336155,11104537.519199,13636601.881132614,4931.386,4716.8488916666665,4522.328208,1.0,13636601.881132614,13636601.881132614,0.0
2026-06-18,2532064.3619336155,11168332.096708998,13700396.458642611,4941.599,4720.5492583333335,4526.55362,1.0,13700396.458642611,13700396.458642611,0.0
2026-06-22,2532064.3619336155,11308370.933358995,13840435.295292612,5059.658,4724.54745,4531.330392,1.0,13840435.295292612,13840435.295292612,0.0
2026-06-23,2532064.3619336155,11014973.864772,13547038.226705614,4919.386,4727.602391666666,4535.429435999999,1.0,13547038.226705614,13547038.226705614,0.0
2026-06-24,2532064.3619336155,11184245.363804,13716309.725737616,4943.02,4730.726075,4539.6327200000005,1.0,13716309.725737616,13716309.725737616,0.0
2026-06-25,2532064.3619336155,11269633.530104998,13801697.892038614,5020.104,4734.130075,4544.256408000001,1.0,13801697.892038614,13801697.892038614,0.0
2026-06-26,2532064.3619336155,10927952.386752,13460016.748685615,4868.221,4736.1924666666655,4548.234112,1.0,13460016.748685615,13460016.748685615,0.0
2026-06-29,2532064.3619336155,10865915.356306,13397979.718239617,4926.921,4738.632983333334,4552.46028,1.0,13397979.718239617,13397979.718239617,0.0
2026-06-30,2532064.3619336155,11237136.750904998,13769201.112838613,4979.433,4741.4404583333335,4556.878128,1.0,13769201.112838613,13769201.112838613,0.0
2026-07-01,2532064.3619336155,11292538.348573,13824602.710506614,4958.977,4743.9549333333325,4561.3416720000005,1.0,13824602.710506614,13824602.710506614,0.0
2026-07-02,2532064.3619336155,10913701.625899,13445765.987832615,4812.296,4745.395966666667,4565.20428,1.0,13445765.987832615,13445765.987832615,0.0
2026-07-03,2532064.3619336155,10866452.080674998,13398516.442608614,4842.174,4746.986733333334,4569.141368,1.0,13398516.442608614,13398516.442608614,0.0
2026-07-06,2532064.3619336155,10605015.615559,13137079.977492616,4841.998,4748.753883333334,4572.8932239999995,1.0,13137079.977492616,13137079.977492616,0.0
2026-07-07,2532064.3619336155,10413847.154687,12945911.516620615,4792.262,4749.374849999999,4576.222008000001,1.0,12945911.516620615,12945911.516620615,0.0
2026-07-08,2532064.3619336155,10084505.094731,12616569.456664616,4755.534,4749.0818500000005,4579.460064,1.0,12616569.456664616,12616569.456664616,0.0
2026-07-09,2532064.3619336155,10350812.366638,12882876.728571614,4876.313,4749.912241666667,4583.278284,1.0,12882876.728571614,12882876.728571614,0.0
2026-07-10,2532064.3619336155,10177657.738271998,12709722.100205611,4780.787,4750.271683333334,4586.657116,1.0,12709722.100205611,12709722.100205611,0.0
2026-07-13,2532064.3619336155,9571046.64001,12103111.001943614,4695.383,4749.742191666667,4589.6676,0.3,12103111.001943614,3630933.300583084,8472177.701360531
2026-07-14,2532064.3619336155,9911478.41555,12443542.777483614,4796.502,4749.797075,4593.0788680000005,1.0,12443542.777483614,12443542.777483614,0.0
2026-07-15,2532064.3619336155,9745415.302871998,12277479.664805612,4786.783,4750.011666666667,4596.353728,1.0,12277479.664805612,12277479.664805612,0.0
2026-07-16,2532064.3619336155,9450765.9681,11982830.330033615,4698.434,4749.649191666666,4599.218652,0.3,11982830.330033615,3594849.0990100843,8387981.231023531
2026-07-17,2532064.3619336155,8709948.0,11242012.361933617,4529.095,4747.796408333333,4601.474332000001,0.3,11242012.361933617,3372603.708580085,7869408.653353532
2026-07-20,2532064.3619336155,8152349.0,10684413.361933617,4598.321,4746.683475,4603.873804000001,0.3,10684413.361933617,3205324.008580085,7479089.353353532
2026-07-21,2532064.3619336155,8565088.0,11097152.361933617,4739.229,4746.72325,4606.865116,0.3,11097152.361933617,3329145.708580085,7768006.653353532
2026-07-22,2532064.3619336155,8366605.0,10898669.361933617,4717.244,4746.709633333333,4609.693996,0.3,10898669.361933617,3269600.808580085,7629068.553353531
2026-07-23,2532064.3619336155,8466379.0,10998443.361933617,4728.002,4746.750741666667,4612.546776,0.3,10998443.361933617,3299533.008580085,7698910.353353532
2026-07-24,2532064.3619336155,8268597.0,10800661.361933617,4649.192,4746.129766666666,4615.072872,0.3,10800661.361933617,3240198.408580085,7560462.953353532
2026-07-27,2532064.3619336155,8593909.0,11125973.361933617,4702.427,4746.1291833333335,4617.806324,0.3,11125973.361933617,3337792.008580085,7788181.353353532
2026-07-28,2532064.3619336155,8173719.0,10705783.361933617,4569.524,4744.98385,4620.055612,0.3,10705783.361933617,3211735.008580085,7494048.353353532
2026-07-29,2532064.3619336155,8107662.0,10639726.361933617,4600.262,4744.1052666666665,4622.318695999999,0.3,10639726.361933617,3191917.908580085,7447808.453353532
2026-07-30,2532064.3619336155,7646071.0,10178135.361933617,4549.72,4742.703008333334,4624.283380000001,0.3,10178135.361933617,3053440.608580085,7124694.753353532
2026-07-31,2532064.3619336155,7947963.0,10480027.361933617,4588.197,4741.3224,4626.29374,0.3,10480027.361933617,3144008.208580085,7336019.153353532
