date,cash,stock,total_value,position
2005-01-04,697782.058925839,299049.4538253596,996831.5127511986,0.3
2005-01-05,701720.7383959987,300737.45931257086,1002458.1977085696,0.3
2005-01-06,699678.0055713013,299862.00238770054,999540.0079590019,0.3
2005-01-07,700805.7383388765,300345.31643094704,1001151.0547698236,0.3
2005-01-10,702583.3965532116,301107.16995137633,1003690.5665045879,0.3
2005-01-11,703217.2072836179,301378.80312155053,1004596.0104051684,0.3
2005-01-12,704157.3444298292,301781.71904135536,1005939.0634711846,0.3
2005-01-13,704468.7464975552,301915.1770703807,1006383.9235679358,0.3
2005-01-14,701709.8682166182,300732.80066426494,1002442.6688808831,0.3
2005-01-17,697645.2159667022,298990.80684287235,996636.0228095745,0.3
2005-01-18,700731.2560224476,300313.39543819183,1001044.6514606394,0.3
2005-01-19,698746.017811798,299462.57906219916,998208.5968739972,0.3
2005-01-20,696003.4271615084,298287.18306921783,994290.6102307262,0.3
2005-01-21,698950.7841435168,299550.3360615072,998501.1202050239,0.3
2005-01-24,703469.8636002995,301487.0844001283,1004956.9480004277,0.3
2005-01-25,702069.6542405426,300886.99467451824,1002956.6489150608,0.3
2005-01-26,700211.0807132939,300090.4631628402,1000301.5438761341,0.3
2005-01-27,696460.2476640793,298482.96328460536,994943.2109486846,0.3
2005-01-28,692753.4673942851,296894.34316897934,989647.8105632644,0.3
2005-01-31,685922.4045676705,293966.7448147159,979889.1493823864,0.3
2005-02-01,803135.3090212932,344200.8467234114,1147336.1557447047,0.3
2005-02-02,816098.3271546839,349756.42592343595,1165854.7530781198,0.3
2005-02-03,812174.6038587068,348074.83022516005,1160249.434083867,0.3
2005-02-04,816162.4211103925,349783.8947615968,1165946.3158719894,0.3
2005-02-16,818723.3697202434,350881.44416581857,1169604.813886062,0.3
2005-02-17,819354.8287885475,351152.06948080607,1170506.8982693537,0.3
2005-02-18,815915.2339300892,349677.9573986096,1165593.1913286988,0.3
2005-02-21,819637.738523495,351273.3165100693,1170911.0550335643,0.3
2005-02-22,472085.0690279361,708127.6035419041,1180212.6725698402,0.6
2005-02-23,473432.0007177227,710148.0010765841,1183580.0017943068,0.6
2005-02-24,475180.90181012533,712771.3527151878,1187952.2545253132,0.6
2005-02-25,474767.41801219154,712151.1270182873,1186918.5450304789,0.6
2005-02-28,828098.3639255853,354899.29882525076,1182997.662750836,0.3
2005-03-01,826076.8227197358,354032.9240227439,1180109.7467424797,0.3
2005-03-02,823326.9945489571,352854.42623526737,1176181.4207842245,0.3
2005-03-03,824768.2781240249,353472.1191960106,1178240.3973200354,0.3
2005-03-04,822802.9364852963,352629.82992226986,1175432.7664075661,0.3
2005-03-07,824037.2754917034,353158.83235358715,1177196.1078452906,0.3
2005-03-08,473817.18065931636,710725.7709889744,1184542.9516482907,0.6
2005-03-09,474886.1179404933,712329.17691074,1187215.2948512333,0.6
2005-03-10,819313.2485689595,351134.2493866969,1170447.4979556564,0.3
2005-03-11,820168.9938225439,351500.9973525188,1171669.9911750627,0.3
2005-03-14,819938.5831566406,351402.24992427457,1171340.8330809153,0.3
2005-03-15,816370.1835484597,349872.9358064827,1166243.1193549423,0.3
2005-03-16,813444.5085959857,348619.0751125653,1162063.583708551,0.3
2005-03-17,810482.1120566516,347349.47659570776,1157831.5886523593,0.3
2005-03-18,805199.8526488123,345085.6511352053,1150285.5037840176,0.3
2005-03-21,805604.1690159247,345258.92957825336,1150863.098594178,0.3
2005-03-22,799951.4790610545,342836.34816902335,1142787.827230078,0.3
2005-03-23,799865.7392807468,342799.60254889145,1142665.3418296382,0.3
2005-03-24,802289.4030951324,343838.31561219954,1146127.718707332,0.3
2005-03-25,802146.8707444661,343777.2303190569,1145924.101063523,0.3
2005-03-28,801815.3127077487,343635.13401760656,1145450.4467253552,0.3
2005-03-29,799338.9177025096,342573.821872504,1141912.7395750135,0.3
2005-03-30,792265.3410100855,339542.2890043224,1131807.630014408,0.3
2005-03-31,794194.0147959781,340368.8634839906,1134562.8782799686,0.3
2005-04-01,803210.2610681717,344232.96902921645,1147443.2300973882,0.3
2005-04-04,799034.0979530425,342443.1848370182,1141477.2827900606,0.3
2005-04-05,795995.9945826074,341141.1405354031,1137137.1351180105,0.3
2005-04-06,799760.0287612816,342754.29804054927,1142514.326801831,0.3
2005-04-07,802715.6589172867,344020.9966788371,1146736.6555961238,0.3
2005-04-08,807536.2273398261,346086.9545742111,1153623.181914037,0.3
2005-04-11,807074.5489184067,345889.0923936029,1152963.6413120097,0.3
2005-04-12,801917.1834562311,343678.79290981335,1145595.9763660445,0.3
2005-04-13,807436.6851064523,346044.2936170509,1153480.9787235032,0.3
2005-04-14,804118.9402868219,344622.40298006654,1148741.3432668885,0.3
2005-04-15,798716.2155521117,342306.94952233357,1141023.1650744453,0.3
2005-04-18,795399.2043105958,340885.3732759696,1136284.5775865654,0.3
2005-04-19,795717.3273754854,341021.7117323509,1136739.0391078363,0.3
2005-04-20,792308.7353228382,339560.8865669306,1131869.6218897689,0.3
2005-04-21,790393.8431340202,338740.21848600864,1129134.061620029,0.3
2005-04-22,787542.4344929229,337518.18621125264,1125060.6207041754,0.3
2005-04-25,781925.4897929791,335110.92419699096,1117036.41398997,0.3
2005-04-26,785376.7448357821,336590.03350104945,1121966.7783368316,0.3
2005-04-27,782828.1871240258,335497.79448172526,1118325.981605751,0.3
2005-04-28,787426.6276796968,337468.55471987004,1124895.1823995668,0.3
2005-04-29,783629.5263578179,335841.2255819219,1119470.7519397398,0.3
2005-05-09,776929.4479976117,332969.7634275479,1109899.2114251596,0.3
2005-05-10,710827.046816837,304640.16292150156,1015467.2097383386,0.3
2005-05-11,710257.8130375268,304396.2055875115,1014654.0186250383,0.3
2005-05-12,708608.2150912965,303689.23503912706,1012297.4501304235,0.3
2005-05-13,710969.1223315329,304701.05242779973,1015670.1747593326,0.3
2005-05-16,707271.4030400119,303116.3155885765,1010387.7186285884,0.3
2005-05-17,710996.7389910189,304712.8881390081,1015709.6271300269,0.3
2005-05-18,713720.78659783,305880.3371133557,1019601.1237111858,0.3
2005-05-19,713310.91101101,305704.67614757566,1019015.5871585855,0.3
2005-05-20,711696.5304687372,305012.7987723159,1016709.3292410531,0.3
2005-05-23,704726.1424658578,302025.4896282247,1006751.6320940824,0.3
2005-05-24,709630.5566128748,304127.38140551775,1013757.9380183925,0.3
2005-05-25,710485.8767330431,304493.94717130414,1014979.8239043473,0.3
2005-05-26,708816.6162534271,303778.5498228973,1012595.1660763244,0.3
2005-05-27,707003.0563586889,303001.3098680095,1010004.3662266984,0.3
2005-05-30,709551.2001665016,304093.37149992917,1013644.5716664307,0.3
2005-05-31,708775.8595505734,303761.0826645314,1012536.9422151048,0.3
2005-06-01,703615.6357645183,301549.5581847935,1005165.1939493117,0.3
2005-06-02,702837.20827221,301215.9464023757,1004053.1546745857,0.3
2005-06-03,702385.4548422066,301022.33778951707,1003407.7926317236,0.3
2005-06-06,704994.2757262518,302140.4038826793,1007134.6796089311,0.3
2005-06-07,705442.3934605748,302332.45434024633,1007774.8478008211,0.3
2005-06-08,722310.6907488562,309561.72460665257,1031872.4153555087,0.3
2005-06-09,725710.1694882624,311018.6440663982,1036728.8135546606,0.3
2005-06-10,721947.9532064726,309406.26565991685,1031354.2188663895,0.3
2005-06-13,722794.3633321781,309769.0128566477,1032563.3761888258,0.3
2005-06-14,719056.5683690982,308167.1007296135,1027223.6690987118,0.3
2005-06-15,713077.5249906257,305604.65356741095,1018682.1785580366,0.3
2005-06-16,714887.8284780511,306380.4979191647,1021268.3263972158,0.3
2005-06-17,714798.7791788458,306342.33393379103,1021141.1131126368,0.3
2005-06-20,721130.8492957419,309056.07826960366,1030186.9275653455,0.3
2005-06-21,718717.5494971198,308021.8069273371,1026739.3564244569,0.3
2005-06-22,719358.065712018,308296.31387657917,1027654.3795885972,0.3
2005-06-23,716040.1001321622,306874.3286280695,1022914.4287602317,0.3
2005-06-24,716933.4313574585,307257.18486748217,1024190.6162249406,0.3
2005-06-27,722358.2312753566,309582.09911800997,1031940.3303933666,0.3
2005-06-28,718763.7281935944,308041.59779725474,1026805.3259908492,0.3
2005-06-29,717978.5983455183,307705.1135766507,1025683.711922169,0.3
2005-06-30,712123.9971956125,305195.9987981196,1017319.9959937321,0.3
2005-07-01,701940.6852837806,300831.72226447734,1002772.4075482578,0.3
2005-07-04,698050.8547092427,299164.6520182469,997215.5067274896,0.3
2005-07-05,696191.8201718081,298367.92293077486,994559.743102583,0.3
2005-07-06,695154.5247577946,297923.3677533406,993077.8925111352,0.3
2005-07-07,696063.0013933703,298312.714882873,994375.7162762433,0.3
2005-07-08,688877.8341955803,295233.3575123916,984111.191707972,0.3
2005-07-11,686010.4366208257,294004.47283749667,980014.9094583223,0.3
2005-07-12,693380.8940600867,297163.2403114657,990544.1343715524,0.3
2005-07-13,691769.7231635678,296472.7384986719,988242.4616622397,0.3
2005-07-14,691384.1022323784,296307.47238530504,987691.5746176834,0.3
2005-07-15,685712.6712823288,293876.85912099807,979589.5304033268,0.3
2005-07-18,679786.9254205743,291337.25375167467,971124.1791722489,0.3
2005-07-19,681043.2109409493,291875.6618318354,972918.8727727847,0.3
2005-07-20,681957.467311694,292267.485990726,974224.95330242,0.3
2005-07-21,681916.0556849306,292249.73815068457,974165.7938356153,0.3
2005-07-22,687179.2343332886,294505.38614283793,981684.6204761266,0.3
2005-07-25,686497.0432635647,294213.0185415277,980710.0618050924,0.3
2005-07-26,692805.672556909,296916.7168101038,989722.3893670128,0.3
2005-07-27,697698.7620754701,299013.75517520146,996712.5172506715,0.3
2005-07-28,696915.6845222162,298678.1505095212,995593.8350317373,0.3
2005-07-29,695982.5562747355,298278.23840345803,994260.7946781935,0.3
2005-08-01,698258.2182410787,299253.5221033194,997511.7403443981,0.3
2005-08-02,765681.1245149057,328149.0533635311,1093830.1778784369,0.3
2005-08-03,769126.8778896537,329625.8048098516,1098752.6826995052,0.3
2005-08-04,766585.2273635576,328536.5260129532,1095121.7533765107,0.3
2005-08-05,773348.7096050377,331435.1612593019,1104783.8708643396,0.3
2005-08-08,443393.41499245714,665090.1224886858,1108483.537481143,0.6
2005-08-09,449731.9019178242,674597.8528767362,1124329.7547945604,0.6
2005-08-10,454546.36146891234,681819.5422033684,1136365.9036722807,0.6
2005-08-11,456848.0399897179,685272.0599845768,1142120.0999742947,0.6
2005-08-12,451520.9435231894,677281.4152847842,1128802.3588079736,0.6
2005-08-15,459633.9073383382,689450.8610075072,1149084.7683458454,0.6
2005-08-16,460574.93400589586,690862.4010088437,1151437.3350147395,0.6
2005-08-17,468307.67456516065,702461.511847741,1170769.1864129016,0.6
2005-08-18,459308.3094718531,688962.4642077796,1148270.7736796327,0.6
2005-08-19,462029.5887619596,693044.3831429392,1155073.9719048988,0.6
2005-08-22,463608.2197681181,695412.3296521772,1159020.5494202953,0.6
2005-08-23,456559.6292918882,684839.4439378321,1141399.0732297204,0.6
2005-08-24,459181.5332420536,688772.2998630803,1147953.8331051338,0.6
2005-08-25,464241.0949037635,696361.6423556452,1160602.7372594087,0.6
2005-08-26,468309.6133112855,702464.4199669283,1170774.0332782138,0.6
2005-08-29,466112.02478093153,699168.0371713972,1165280.0619523288,0.6
2005-08-30,463722.6652437233,695583.9978655848,1159306.663109308,0.6
2005-08-31,468070.55493277765,702105.8323991663,1170176.387331944,0.6
2005-09-01,476531.08442723285,714796.6266408493,1191327.7110680821,0.6
2005-09-02,477987.9103252635,716981.8654878953,1194969.7758131588,0.6
2005-09-05,482887.59576525504,724331.3936478825,1207218.9894131375,0.6
2005-09-06,474391.56678978715,711587.3501846808,1185978.916974468,0.6
2005-09-07,482388.5898330142,723582.8847495213,1205971.4745825354,0.6
2005-09-08,483181.50813314214,724772.262199713,1207953.7703328552,0.6
2005-09-09,478714.0585322898,718071.0877984347,1196785.1463307245,0.6
2005-09-12,480493.6725359438,720740.5088039157,1201234.1813398595,0.6
2005-09-13,487877.43560748955,731816.1534112341,1219693.5890187237,0.6
2005-09-14,491305.7578201421,736958.6367302131,1228264.3945503552,0.6
2005-09-15,492343.74526488094,738515.6178973214,1230859.3631622023,0.6
2005-09-16,492243.8951882728,738365.842782409,1230609.7379706819,0.6
2005-09-19,497580.58412540087,746370.8761881014,1243951.4603135022,0.6
2005-09-20,497489.75609757844,746234.6341463677,1243724.390243946,0.6
2005-09-21,492653.5825729342,738980.3738594013,1231633.9564323355,0.6
2005-09-22,479356.4860070824,719034.7290106235,1198391.215017706,0.6
2005-09-23,474632.03873618087,711948.0581042713,1186580.0968404522,0.6
2005-09-26,477618.25534639007,716427.383019585,1194045.638365975,0.6
2005-09-27,819148.1085743688,351063.4751033008,1170211.5836776695,0.3
2005-09-28,818097.4951390312,350613.21220244194,1168710.707341473,0.3
2005-09-29,471428.0148100287,707142.022215043,1178570.0370250717,0.6
2005-09-30,469460.4756902087,704190.7135353131,1173651.1892255219,0.6
2005-10-10,461799.4806835457,692699.2210253185,1154498.7017088642,0.6
2005-10-11,469845.32115777966,704767.9817366694,1174613.302894449,0.6
2005-10-12,472932.5202942074,709398.780441311,1182331.3007355183,0.6
2005-10-13,471640.8576092556,707461.2864138832,1179102.1440231388,0.6
2005-10-14,467666.7596178163,701500.1394267244,1169166.8990445407,0.6
2005-10-17,820222.7262799103,351524.02554853295,1171746.7518284433,0.3
2005-10-18,471059.16982508823,706588.7547376323,1177647.9245627206,0.6
2005-10-19,822153.4181075431,352351.4649032327,1174504.8830107758,0.3
2005-10-20,822377.515371294,352447.5065876974,1174825.0219589914,0.3
2005-10-21,470960.7204553223,706441.0806829833,1177401.8011383056,0.6
2005-10-24,472278.40054917184,708417.6008237578,1180696.0013729297,0.6
2005-10-25,811510.0170503235,347790.0073072815,1159300.024357605,0.3
2005-10-26,803571.3591705842,344387.72535882186,1147959.0845294062,0.3
2005-10-27,800872.0161884227,343230.86408075254,1144102.8802691752,0.3
2005-10-28,793285.5689341079,339979.5295431891,1133265.098477297,0.3
2005-10-31,794741.670915931,340603.5732496847,1135345.2441656156,0.3
2005-11-01,769575.561445252,329818.09776225087,1099393.6592075028,0.3
2005-11-02,773165.2118896109,331356.51938126184,1104521.7312708728,0.3
2005-11-03,770976.210083795,330418.37575019785,1101394.5858339928,0.3
2005-11-04,772290.2493046133,330981.53541626286,1103271.7847208763,0.3
2005-11-07,773046.753799462,331305.75162834086,1104352.505427803,0.3
2005-11-08,774000.2383256273,331714.3878538402,1105714.6261794674,0.3
2005-11-09,773161.6365767214,331354.9871043092,1104516.6236810307,0.3
2005-11-10,766041.366479272,328303.44277683087,1094344.809256103,0.3
2005-11-11,766490.8171557888,328496.064495338,1094986.8816511268,0.3
2005-11-14,765918.7082129116,328250.8749483907,1094169.5831613024,0.3
2005-11-15,764236.5328944996,327529.94266907126,1091766.4755635709,0.3
2005-11-16,764672.3782029827,327716.73351556406,1092389.1117185468,0.3
2005-11-17,764658.5146426847,327710.791989722,1092369.3066324068,0.3
2005-11-18,770581.3843410199,330249.16471757996,1100830.5490585999,0.3
2005-11-21,771887.0324493541,330808.7281925803,1102695.7606419344,0.3
2005-11-22,767758.0016671835,329039.14357165,1096797.1452388335,0.3
2005-11-23,770272.8016416889,330116.91498929524,1100389.716630984,0.3
2005-11-24,770240.1656326468,330102.9281282772,1100343.093760924,0.3
2005-11-25,769852.860710914,329936.9403046774,1099789.8010155915,0.3
2005-11-28,768751.8231344362,329465.0670576155,1098216.8901920517,0.3
2005-11-29,765572.2515440596,328102.3935188827,1093674.6450629423,0.3
2005-11-30,764322.7844840586,327566.90763602516,1091889.6921200838,0.3
2005-12-01,763914.1472629437,327391.77739840443,1091305.924661348,0.3
2005-12-02,761690.4403388301,326438.7601452129,1088129.200484043,0.3
2005-12-05,755541.0199834781,323803.2942786335,1079344.3142621117,0.3
2005-12-06,756147.4585929672,324063.1965398431,1080210.6551328104,0.3
2005-12-07,758159.7015223254,324925.5863667109,1083085.2878890363,0.3
2005-12-08,757769.0626737932,324758.16971733986,1082527.232391133,0.3
2005-12-09,760725.0847420312,326025.0363180133,1086750.1210600445,0.3
2005-12-12,762199.6166633624,326656.97857001243,1088856.5952333747,0.3
2005-12-13,762168.4160719105,326643.6068879616,1088812.0229598721,0.3
2005-12-14,436738.2198139711,655107.3297209565,1091845.5495349276,0.6
2005-12-15,762754.082280677,326894.60669171874,1089648.6889723958,0.3
2005-12-16,436646.2368956221,654969.3553434332,1091615.5922390553,0.6
2005-12-19,436760.538195692,655140.807293538,1091901.34548923,0.6
2005-12-20,437485.16733882495,656227.7510082374,1093712.9183470623,0.6
2005-12-21,435669.85156455194,653504.7773468278,1089174.6289113797,0.6
2005-12-22,437342.3620353093,656013.543052964,1093355.9050882733,0.6
2005-12-23,440237.41945099947,660356.1291764991,1100593.5486274986,0.6
2005-12-26,441517.06076196674,662275.5911429501,1103792.6519049169,0.6
2005-12-27,440663.43438054656,660995.1515708197,1101658.5859513662,0.6
2005-12-28,441234.3113925264,661851.4670887894,1103085.7784813158,0.6
2005-12-29,0.0,1110782.3980115175,1110782.3980115175,1.0
2005-12-30,440758.53842917865,661137.8076437678,1101896.3460729464,0.6
2006-01-04,0.0,1109907.4025249593,1109907.4025249593,1.0
2006-01-05,0.0,1127717.8546901445,1127717.8546901445,1.0
2006-01-06,0.0,1141144.5966284717,1141144.5966284717,1.0
2006-01-09,0.0,1155689.2912594753,1155689.2912594753,1.0
2006-01-10,0.0,1153373.2017508917,1153373.2017508917,1.0
2006-01-11,0.0,1144264.4069010527,1144264.4069010527,1.0
2006-01-12,0.0,1166551.021687075,1166551.021687075,1.0
2006-01-13,0.0,1167783.9558291908,1167783.9558291908,1.0
2006-01-16,0.0,1145590.8827155696,1145590.8827155696,1.0
2006-01-17,0.0,1146158.788451863,1146158.788451863,1.0
2006-01-18,0.0,1167650.774978978,1167650.774978978,1.0
2006-01-19,0.0,1179120.9439524352,1179120.9439524352,1.0
2006-01-20,0.0,1182952.966569976,1182952.966569976,1.0
2006-01-23,0.0,1186712.340869513,1186712.340869513,1.0
2006-01-24,0.0,1183874.1839870587,1183874.1839870587,1.0
2006-01-25,0.0,1180293.3867030912,1180293.3867030912,1.0
2006-02-06,0.0,1205670.5162634214,1205670.5162634214,1.0
2006-02-07,0.0,2435136.8468699898,2435136.8468699898,1.0
2006-02-08,0.0,2434411.5365569647,2434411.5365569647,1.0
2006-02-09,0.0,2402481.4518571394,2402481.4518571394,1.0
2006-02-10,0.0,2424976.209712664,2424976.209712664,1.0
2006-02-13,0.0,2401203.44916747,2401203.44916747,1.0
2006-02-14,0.0,2418629.32770273,2418629.32770273,1.0
2006-02-15,0.0,2405424.02119936,2405424.02119936,1.0
2006-02-16,0.0,2337310.013703437,2337310.013703437,1.0
2006-02-17,0.0,2314575.9202509886,2314575.9202509886,1.0
2006-02-20,0.0,2307895.0456771306,2307895.0456771306,1.0
2006-02-21,0.0,2337065.9903862993,2337065.9903862993,1.0
2006-02-22,0.0,2346154.5278653777,2346154.5278653777,1.0
2006-02-23,0.0,2330856.405370155,2330856.405370155,1.0
2006-02-24,0.0,2347122.525289677,2347122.525289677,1.0
2006-02-27,0.0,2326341.1433983557,2326341.1433983557,1.0
2006-02-28,0.0,2332657.3770412304,2332657.3770412304,1.0
2006-03-01,0.0,2353310.830044389,2353310.830044389,1.0
2006-03-02,0.0,2303778.0243713455,2303778.0243713455,1.0
2006-03-03,0.0,2308343.374446605,2308343.374446605,1.0
2006-03-06,0.0,2305287.859884458,2305287.859884458,1.0
2006-03-07,0.0,2236539.4899176024,2236539.4899176024,1.0
2006-03-08,0.0,2225660.363028847,2225660.363028847,1.0
2006-03-09,0.0,2205227.474097229,2205227.474097229,1.0
2006-03-10,0.0,2209827.022048306,2209827.022048306,1.0
2006-03-13,0.0,2243522.908744968,2243522.908744968,1.0
2006-03-14,0.0,2243739.811149127,2243739.811149127,1.0
2006-03-15,0.0,2274510.84385014,2274510.84385014,1.0
2006-03-16,0.0,2279887.0523440777,2279887.0523440777,1.0
2006-03-17,0.0,2276220.0744924303,2276220.0744924303,1.0
2006-03-20,0.0,2276438.516918453,2276438.516918453,1.0
2006-03-21,0.0,2289966.651165324,2289966.651165324,1.0
2006-03-22,0.0,2309506.1346201687,2309506.1346201687,1.0
2006-03-23,0.0,2320300.3058933946,2320300.3058933946,1.0
2006-03-24,0.0,2311275.9670102624,2311275.9670102624,1.0
2006-03-27,0.0,2339514.7023776374,2339514.7023776374,1.0
2006-03-28,0.0,2343908.7419839324,2343908.7419839324,1.0
2006-03-29,0.0,2349009.99119302,2349009.99119302,1.0
2006-03-30,0.0,2325763.0135966064,2325763.0135966064,1.0
2006-03-31,0.0,2341469.424695047,2341469.424695047,1.0
2006-04-03,0.0,2386626.4768152856,2386626.4768152856,1.0
2006-04-04,0.0,2405146.288854116,2405146.288854116,1.0
2006-04-05,0.0,2417510.5642253635,2417510.5642253635,1.0
2006-04-06,0.0,2419014.0582265332,2419014.0582265332,1.0
2006-04-07,0.0,2441640.123129156,2441640.123129156,1.0
2006-04-10,0.0,2490199.067889933,2490199.067889933,1.0
2006-04-11,0.0,2495899.77327493,2495899.77327493,1.0
2006-04-12,0.0,2494612.5250648377,2494612.5250648377,1.0
2006-04-13,0.0,2449454.2901210575,2449454.2901210575,1.0
2006-04-14,0.0,2513505.0139185325,2513505.0139185325,1.0
2006-04-17,0.0,2545881.922468954,2545881.922468954,1.0
2006-04-18,0.0,2554349.712332534,2554349.712332534,1.0
2006-04-19,0.0,2580433.805520884,2580433.805520884,1.0
2006-04-20,0.0,2546988.977714599,2546988.977714599,1.0
2006-04-21,0.0,2554763.660811325,2554763.660811325,1.0
2006-04-24,0.0,2548293.2784469775,2548293.2784469775,1.0
2006-04-25,0.0,2564816.907574249,2564816.907574249,1.0
2006-04-26,0.0,2609108.499818327,2609108.499818327,1.0
2006-04-27,0.0,2657479.781043419,2657479.781043419,1.0
2006-04-28,0.0,2688367.5972853443,2688367.5972853443,1.0
2006-05-08,0.0,2781741.180415222,2781741.180415222,1.0
2006-05-09,0.0,2395393.89353876,2395393.89353876,1.0
2006-05-10,0.0,2436752.272309842,2436752.272309842,1.0
2006-05-11,0.0,2413880.681330419,2413880.681330419,1.0
2006-05-12,0.0,2485389.584251791,2485389.584251791,1.0
2006-05-15,0.0,2602465.5195211475,2602465.5195211475,1.0
2006-05-16,0.0,2517680.785233744,2517680.785233744,1.0
2006-05-17,0.0,2556462.4393683206,2556462.4393683206,1.0
2006-05-18,0.0,2570342.0033134823,2570342.0033134823,1.0
2006-05-19,0.0,2645431.000539132,2645431.000539132,1.0
2006-05-22,0.0,2689204.958512886,2689204.958512886,1.0
2006-05-23,0.0,2573349.885538279,2573349.885538279,1.0
2006-05-24,0.0,2544041.816255955,2544041.816255955,1.0
2006-05-25,0.0,2575579.7950623464,2575579.7950623464,1.0
2006-05-26,0.0,2621027.0057280757,2621027.0057280757,1.0
2006-05-29,0.0,2688026.6932918434,2688026.6932918434,1.0
2006-05-30,0.0,2727689.0601163246,2727689.0601163246,1.0
2006-05-31,0.0,2718597.103136471,2718597.103136471,1.0
2006-06-01,0.0,2801670.517360933,2801670.517360933,1.0
2006-06-02,0.0,2798842.8652521856,2798842.8652521856,1.0
2006-06-05,0.0,2832744.1323242066,2832744.1323242066,1.0
2006-06-06,0.0,2814932.73431896,2814932.73431896,1.0
2006-06-07,0.0,2645074.582165003,2645074.582165003,1.0
2006-06-08,0.0,2652973.2256072653,2652973.2256072653,1.0
2006-06-09,0.0,2602981.5251386557,2602981.5251386557,1.0
2006-06-12,0.0,2603511.296834704,2603511.296834704,1.0
2006-06-13,0.0,2594185.7600213294,2594185.7600213294,1.0
2006-06-14,0.0,2571435.6393026016,2571435.6393026016,1.0
2006-06-15,0.0,2573852.9852951854,2573852.9852951854,1.0
2006-06-16,0.0,2627324.76007886,2627324.76007886,1.0
2006-06-19,0.0,2642220.261513041,2642220.261513041,1.0
2006-06-20,0.0,2658538.2668138766,2658538.2668138766,1.0
2006-06-21,0.0,2659589.8829716723,2659589.8829716723,1.0
2006-06-22,0.0,2660471.142046513,2660471.142046513,1.0
2006-06-23,0.0,2687136.8061999357,2687136.8061999357,1.0
2006-06-26,0.0,2729644.0918326774,2729644.0918326774,1.0
2006-06-27,0.0,2736040.351005684,2736040.351005684,1.0
2006-06-28,0.0,2733335.6796417097,2733335.6796417097,1.0
2006-06-29,0.0,2779496.4102907404,2779496.4102907404,1.0
2006-06-30,0.0,2772204.35547332,2772204.35547332,1.0
2006-07-03,0.0,2818950.0452581914,2818950.0452581914,1.0
2006-07-04,0.0,2812299.0436537275,2812299.0436537275,1.0
2006-07-05,0.0,2789529.3409667844,2789529.3409667844,1.0
2006-07-06,0.0,2866736.2531301486,2866736.2531301486,1.0
2006-07-07,0.0,2865818.3854754097,2865818.3854754097,1.0
2006-07-10,0.0,2891501.4483045945,2891501.4483045945,1.0
2006-07-11,0.0,2905905.937494241,2905905.937494241,1.0
2006-07-12,0.0,2889824.958760478,2889824.958760478,1.0
2006-07-13,0.0,2716966.144833196,2716966.144833196,1.0
2006-07-14,0.0,2734590.1408746676,2734590.1408746676,1.0
2006-07-17,0.0,2790117.1309993644,2790117.1309993644,1.0
2006-07-18,0.0,2801835.3707231837,2801835.3707231837,1.0
2006-07-19,0.0,2725374.599702958,2725374.599702958,1.0
2006-07-20,0.0,2733550.083934976,2733550.083934976,1.0
2006-07-21,0.0,2759266.0710413484,2759266.0710413484,1.0
2006-07-24,0.0,2766906.9266639864,2766906.9266639864,1.0
2006-07-25,0.0,2800579.1862491327,2800579.1862491327,1.0
2006-07-26,0.0,2804645.0740385707,2804645.0740385707,1.0
2006-07-27,0.0,2764919.8421193273,2764919.8421193273,1.0
2006-07-28,0.0,2746677.469579121,2746677.469579121,1.0
2006-07-31,0.0,2648489.967927897,2648489.967927897,1.0
2006-08-01,0.0,2668359.170077195,2668359.170077195,1.0
2006-08-02,0.0,2645324.9556284407,2645324.9556284407,1.0
2006-08-03,0.0,2636468.1329046125,2636468.1329046125,1.0
2006-08-04,0.0,2546749.9525773725,2546749.9525773725,1.0
2006-08-07,0.0,2484289.27192129,2484289.27192129,1.0
2006-08-08,0.0,2564468.629729358,2564468.629729358,1.0
2006-08-09,0.0,2569307.809630506,2569307.809630506,1.0
2006-08-10,0.0,2613079.6503877756,2613079.6503877756,1.0
2006-08-11,0.0,2624753.3565345355,2624753.3565345355,1.0
2006-08-14,0.0,2565703.8035298847,2565703.8035298847,1.0
2006-08-15,0.0,2610722.443301406,2610722.443301406,1.0
2006-08-16,0.0,2646658.391325464,2646658.391325464,1.0
2006-08-17,0.0,2621157.162822507,2621157.162822507,1.0
2006-08-18,0.0,2610123.5144268745,2610123.5144268745,1.0
2006-08-21,0.0,2630498.483536546,2630498.483536546,1.0
2006-08-22,0.0,2659603.2841676916,2659603.2841676916,1.0
2006-08-23,0.0,2653332.851393782,2653332.851393782,1.0
2006-08-24,0.0,2672836.847847426,2672836.847847426,1.0
2006-08-25,0.0,2680107.231303629,2680107.231303629,1.0
2006-08-28,0.0,2730677.0102932155,2730677.0102932155,1.0
2006-08-29,0.0,2738972.2549425364,2738972.2549425364,1.0
2006-08-30,0.0,2759532.472188328,2759532.472188328,1.0
2006-08-31,0.0,2779447.292382003,2779447.292382003,1.0
2006-09-01,0.0,2723825.6719801356,2723825.6719801356,1.0
2006-09-04,0.0,2776933.907254645,2776933.907254645,1.0
2006-09-05,0.0,2780394.9732468566,2780394.9732468566,1.0
2006-09-06,0.0,2794356.0756695964,2794356.0756695964,1.0
2006-09-07,0.0,2757620.052559657,2757620.052559657,1.0
2006-09-08,0.0,2765849.569915119,2765849.569915119,1.0
2006-09-11,0.0,2776097.299405279,2776097.299405279,1.0
2006-09-12,0.0,2783163.820410574,2783163.820410574,1.0
2006-09-13,0.0,2747438.698759351,2747438.698759351,1.0
2006-09-14,0.0,2747825.1368491864,2747825.1368491864,1.0
2006-09-15,0.0,2787118.972406944,2787118.972406944,1.0
2006-09-18,0.0,2832230.0859207935,2832230.0859207935,1.0
2006-09-19,0.0,2841455.062387729,2841455.062387729,1.0
2006-09-20,0.0,2859734.5394289293,2859734.5394289293,1.0
2006-09-21,0.0,2862292.848516745,2862292.848516745,1.0
2006-09-22,0.0,2828981.3536333893,2828981.3536333893,1.0
2006-09-25,0.0,2836942.4756504754,2836942.4756504754,1.0
2006-09-26,0.0,2834840.551156725,2834840.551156725,1.0
2006-09-27,0.0,2855201.1210923893,2855201.1210923893,1.0
2006-09-28,0.0,2879312.039798443,2879312.039798443,1.0
2006-09-29,0.0,2897161.795228622,2897161.795228622,1.0
2006-10-09,0.0,2951153.5328132934,2951153.5328132934,1.0
2006-10-10,0.0,2959385.0462805694,2959385.0462805694,1.0
2006-10-11,0.0,2967217.6784781236,2967217.6784781236,1.0
2006-10-12,0.0,2918452.933828011,2918452.933828011,1.0
2006-10-13,0.0,2929221.9371433854,2929221.9371433854,1.0
2006-10-16,0.0,2907157.4528238797,2907157.4528238797,1.0
2006-10-17,0.0,2897953.5214673392,2897953.5214673392,1.0
2006-10-18,0.0,2931999.957791626,2931999.957791626,1.0
2006-10-19,0.0,2937502.9489814625,2937502.9489814625,1.0
2006-10-20,0.0,2929905.545133028,2929905.545133028,1.0
2006-10-23,0.0,2820509.625104309,2820509.625104309,1.0
2006-10-24,0.0,2874347.634411529,2874347.634411529,1.0
2006-10-25,0.0,2868880.186578705,2868880.186578705,1.0
2006-10-26,0.0,2860813.221322789,2860813.221322789,1.0
2006-10-27,0.0,2817163.295119655,2817163.295119655,1.0
2006-10-30,0.0,2830943.68733113,2830943.68733113,1.0
2006-10-31,0.0,2872766.0679132794,2872766.0679132794,1.0
2006-11-01,0.0,3309367.9388625342,3309367.9388625342,1.0
2006-11-02,0.0,3306125.9531124257,3306125.9531124257,1.0
2006-11-03,0.0,3312221.9914397993,3312221.9914397993,1.0
2006-11-06,0.0,3312896.561875037,3312896.561875037,1.0
2006-11-07,0.0,3293664.1218055487,3293664.1218055487,1.0
2006-11-08,0.0,3281753.7617564662,3281753.7617564662,1.0
2006-11-09,0.0,3305456.057570297,3305456.057570297,1.0
2006-11-10,0.0,3229708.061010323,3229708.061010323,1.0
2006-11-13,0.0,3137708.955273484,3137708.955273484,1.0
2006-11-14,0.0,3176584.6156564658,3176584.6156564658,1.0
2006-11-15,0.0,3241425.4427357526,3241425.4427357526,1.0
2006-11-16,0.0,3218852.2366165654,3218852.2366165654,1.0
2006-11-17,0.0,3256178.438881054,3256178.438881054,1.0
2006-11-20,0.0,3251194.2926764335,3251194.2926764335,1.0
2006-11-21,0.0,3275968.5974889407,3275968.5974889407,1.0
2006-11-22,0.0,3313647.717222545,3313647.717222545,1.0
2006-11-23,0.0,3318459.9283714076,3318459.9283714076,1.0
2006-11-24,0.0,3378825.2899678443,3378825.2899678443,1.0
2006-11-27,0.0,3451000.004864546,3451000.004864546,1.0
2006-11-28,0.0,3461823.225872419,3461823.225872419,1.0
2006-11-29,0.0,3514405.340681632,3514405.340681632,1.0
2006-11-30,0.0,3582324.6453157663,3582324.6453157663,1.0
2006-12-01,0.0,3606076.8399936575,3606076.8399936575,1.0
2006-12-04,0.0,3655853.529884022,3655853.529884022,1.0
2006-12-05,0.0,3679776.3591381726,3679776.3591381726,1.0
2006-12-06,0.0,3608927.754555113,3608927.754555113,1.0
2006-12-07,0.0,3556968.4456455945,3556968.4456455945,1.0
2006-12-08,0.0,3434805.3489011386,3434805.3489011386,1.0
2006-12-11,0.0,3540562.9363304507,3540562.9363304507,1.0
2006-12-12,0.0,3533343.384902084,3533343.384902084,1.0
2006-12-13,0.0,3550550.7742701843,3550550.7742701843,1.0
2006-12-14,0.0,3628224.4609656655,3628224.4609656655,1.0
2006-12-15,0.0,3703288.837146263,3703288.837146263,1.0
2006-12-18,0.0,3797279.0391220455,3797279.0391220455,1.0
2006-12-19,0.0,3808582.42173643,3808582.42173643,1.0
2006-12-20,0.0,3848561.6206291374,3848561.6206291374,1.0
2006-12-21,0.0,3803568.46656472,3803568.46656472,1.0
2006-12-22,0.0,3763070.1814854266,3763070.1814854266,1.0
2006-12-25,0.0,3809453.791002143,3809453.791002143,1.0
2006-12-26,0.0,3765743.7729405984,3765743.7729405984,1.0
2006-12-27,0.0,3812887.555094256,3812887.555094256,1.0
2006-12-28,0.0,3763554.9905360946,3763554.9905360946,1.0
2006-12-29,0.0,3816769.894229738,3816769.894229738,1.0
2007-01-04,0.0,3797556.1201982065,3797556.1201982065,1.0
2007-01-05,0.0,3871380.881443652,3871380.881443652,1.0
2007-01-08,0.0,4030531.786778733,4030531.786778733,1.0
2007-01-09,0.0,4138757.3073345567,4138757.3073345567,1.0
2007-01-10,0.0,4251441.812875006,4251441.812875006,1.0
2007-01-11,0.0,4243761.603993587,4243761.603993587,1.0
2007-01-12,0.0,4134633.0116697703,4134633.0116697703,1.0
2007-01-15,0.0,4362897.031351553,4362897.031351553,1.0
2007-01-16,0.0,4559677.447145119,4559677.447145119,1.0
2007-01-17,0.0,4531377.23023075,4531377.23023075,1.0
2007-01-18,0.0,4656152.8926742105,4656152.8926742105,1.0
2007-01-19,0.0,4836821.781374642,4836821.781374642,1.0
2007-01-22,0.0,5030374.298860507,5030374.298860507,1.0
2007-01-23,0.0,5000011.162179877,5000011.162179877,1.0
2007-01-24,0.0,5023443.336088695,5023443.336088695,1.0
2007-01-25,0.0,4780386.986581572,4780386.986581572,1.0
2007-01-26,0.0,4853837.719598763,4853837.719598763,1.0
2007-01-29,0.0,4992072.056895655,4992072.056895655,1.0
2007-01-30,0.0,4955024.2235155655,4955024.2235155655,1.0
2007-01-31,0.0,4696949.646478832,4696949.646478832,1.0
2007-02-01,0.0,4519690.497985924,4519690.497985924,1.0
2007-02-02,0.0,4421811.975486912,4421811.975486912,1.0
2007-02-05,0.0,4460571.419453958,4460571.419453958,1.0
2007-02-06,0.0,4516130.100354804,4516130.100354804,1.0
2007-02-07,0.0,4608390.233344914,4608390.233344914,1.0
2007-02-08,0.0,4702398.195487993,4702398.195487993,1.0
2007-02-09,0.0,4686624.481503305,4686624.481503305,1.0
2007-02-12,0.0,4815072.17198805,4815072.17198805,1.0
2007-02-13,0.0,4870891.320872316,4870891.320872316,1.0
2007-02-14,0.0,4987067.338481817,4987067.338481817,1.0
2007-02-15,0.0,5142460.028044057,5142460.028044057,1.0
2007-02-16,0.0,5189295.661298335,5189295.661298335,1.0
2007-02-26,0.0,5291739.567877132,5291739.567877132,1.0
2007-02-27,0.0,4816806.639482043,4816806.639482043,1.0
2007-02-28,0.0,4978406.35834696,4978406.35834696,1.0
2007-03-01,0.0,4807017.043252512,4807017.043252512,1.0
2007-03-02,0.0,4882641.912132873,4882641.912132873,1.0
2007-03-05,0.0,4914328.50318479,4914328.50318479,1.0
2007-03-06,0.0,4938175.538199728,4938175.538199728,1.0
2007-03-07,0.0,5073649.1901099365,5073649.1901099365,1.0
2007-03-08,0.0,5165298.047307992,5165298.047307992,1.0
2007-03-09,0.0,5150820.232550277,5150820.232550277,1.0
2007-03-12,0.0,5208703.474580596,5208703.474580596,1.0
2007-03-13,0.0,5266513.425763752,5266513.425763752,1.0
2007-03-14,0.0,5208390.505497194,5208390.505497194,1.0
2007-03-15,0.0,5314046.059664856,5314046.059664856,1.0
2007-03-16,0.0,5210225.989070637,5210225.989070637,1.0
2007-03-19,0.0,5266802.669839411,5266802.669839411,1.0
2007-03-20,0.0,5333203.882464411,5333203.882464411,1.0
2007-03-21,0.0,5415005.057150196,5415005.057150196,1.0
2007-03-22,0.0,5427286.35855676,5427286.35855676,1.0
2007-03-23,0.0,5464499.39507967,5464499.39507967,1.0
2007-03-26,0.0,5594737.768551888,5594737.768551888,1.0
2007-03-27,0.0,5675855.8151145065,5675855.8151145065,1.0
2007-03-28,0.0,5620431.125453921,5620431.125453921,1.0
2007-03-29,0.0,5476513.67219026,5476513.67219026,1.0
2007-03-30,0.0,5507418.1576922145,5507418.1576922145,1.0
2007-04-02,0.0,5600402.811662069,5600402.811662069,1.0
2007-04-03,0.0,5700667.387729154,5700667.387729154,1.0
2007-04-04,0.0,5771581.216792578,5771581.216792578,1.0
2007-04-05,0.0,5872025.435874837,5872025.435874837,1.0
2007-04-06,0.0,5988032.4429584155,5988032.4429584155,1.0
2007-04-09,0.0,6135122.155889059,6135122.155889059,1.0
2007-04-10,0.0,6180824.798113263,6180824.798113263,1.0
2007-04-11,0.0,6258037.4229059685,6258037.4229059685,1.0
2007-04-12,0.0,6432782.350159388,6432782.350159388,1.0
2007-04-13,0.0,6394200.38773588,6394200.38773588,1.0
2007-04-16,0.0,6558801.542437038,6558801.542437038,1.0
2007-04-17,0.0,6666301.892392984,6666301.892392984,1.0
2007-04-18,0.0,6766830.868797238,6766830.868797238,1.0
2007-04-19,0.0,6401733.857986369,6401733.857986369,1.0
2007-04-20,0.0,6686377.632529373,6686377.632529373,1.0
2007-04-23,0.0,6950123.844056631,6950123.844056631,1.0
2007-04-24,0.0,6984272.532407184,6984272.532407184,1.0
2007-04-25,0.0,6946129.837645935,6946129.837645935,1.0
2007-04-26,0.0,7012664.195550626,7012664.195550626,1.0
2007-04-27,0.0,6913840.765264747,6913840.765264747,1.0
2007-04-30,0.0,7162804.072838258,7162804.072838258,1.0
2007-05-08,0.0,7456331.423943657,7456331.423943657,1.0
2007-05-09,0.0,4673394.484412514,4673394.484412514,1.0
2007-05-10,0.0,4733612.4796441505,4733612.4796441505,1.0
2007-05-11,0.0,4721070.238494183,4721070.238494183,1.0
2007-05-14,0.0,4729488.63854354,4729488.63854354,1.0
2007-05-15,0.0,4620133.507997206,4620133.507997206,1.0
2007-05-16,0.0,4722297.098658618,4722297.098658618,1.0
2007-05-17,0.0,4826312.332819622,4826312.332819622,1.0
2007-05-18,0.0,4845079.620690513,4845079.620690513,1.0
2007-05-21,0.0,4984772.334570827,4984772.334570827,1.0
2007-05-22,0.0,5101050.306933453,5101050.306933453,1.0
2007-05-23,0.0,5230472.1771656135,5230472.1771656135,1.0
2007-05-24,0.0,5197291.281078561,5197291.281078561,1.0
2007-05-25,0.0,5266506.051849519,5266506.051849519,1.0
2007-05-28,0.0,5416218.657970865,5416218.657970865,1.0
2007-05-29,0.0,5505258.025149964,5505258.025149964,1.0
2007-05-30,0.0,5054761.252561201,5054761.252561201,1.0
2007-05-31,0.0,4908060.891288244,4908060.891288244,1.0
2007-06-01,0.0,4632420.542089443,4632420.542089443,1.0
2007-06-04,0.0,4229866.258704127,4229866.258704127,1.0
2007-06-05,0.0,4258046.793546331,4258046.793546331,1.0
2007-06-06,0.0,4372961.536515206,4372961.536515206,1.0
2007-06-07,0.0,4548635.790797173,4548635.790797173,1.0
2007-06-08,0.0,4634307.514497355,4634307.514497355,1.0
2007-06-11,0.0,4740222.223857131,4740222.223857131,1.0
2007-06-12,0.0,4864002.456739469,4864002.456739469,1.0
2007-06-13,0.0,4999267.308869062,4999267.308869062,1.0
2007-06-14,0.0,4959553.137368714,4959553.137368714,1.0
2007-06-15,0.0,4983029.4947698675,4983029.4947698675,1.0
2007-06-18,0.0,5121827.456083484,5121827.456083484,1.0
2007-06-19,0.0,5160682.981708557,5160682.981708557,1.0
2007-06-20,0.0,5030444.42403176,5030444.42403176,1.0
2007-06-21,0.0,5043967.281190235,5043967.281190235,1.0
2007-06-22,0.0,4747418.618423273,4747418.618423273,1.0
2007-06-25,0.0,4474689.265097103,4474689.265097103,1.0
2007-06-26,0.0,4524546.260889022,4524546.260889022,1.0
2007-06-27,0.0,4638430.597313165,4638430.597313165,1.0
2007-06-28,0.0,4353900.922924789,4353900.922924789,1.0
2007-06-29,0.0,4144389.982199831,4144389.982199831,1.0
2007-07-02,0.0,4183585.8494969965,4183585.8494969965,1.0
2007-07-03,0.0,4280766.13005837,4280766.13005837,1.0
2007-07-04,0.0,4182920.7588257925,4182920.7588257925,1.0
2007-07-05,0.0,3915624.5614188383,3915624.5614188383,1.0
2007-07-06,0.0,4133188.677640166,4133188.677640166,1.0
2007-07-09,0.0,4260562.750230632,4260562.750230632,1.0
2007-07-10,0.0,4138638.188413301,4138638.188413301,1.0
2007-07-11,0.0,4177202.4809242827,4177202.4809242827,1.0
2007-07-12,0.0,4206567.110139176,4206567.110139176,1.0
2007-07-13,0.0,4202669.630059503,4202669.630059503,1.0
2007-07-16,0.0,4072497.2642073226,4072497.2642073226,1.0
2007-07-17,0.0,4145689.968115541,4145689.968115541,1.0
2007-07-18,0.0,4140132.925583399,4140132.925583399,1.0
2007-07-19,0.0,4165123.289536631,4165123.289536631,1.0
2007-07-20,0.0,4319164.083132986,4319164.083132986,1.0
2007-07-23,0.0,4536954.723613561,4536954.723613561,1.0
2007-07-24,0.0,4549002.280535635,4549002.280535635,1.0
2007-07-25,0.0,4651855.096342945,4651855.096342945,1.0
2007-07-26,0.0,4744880.063525732,4744880.063525732,1.0
2007-07-27,0.0,4852186.5370117705,4852186.5370117705,1.0
2007-07-30,0.0,4963740.726316805,4963740.726316805,1.0
2007-07-31,0.0,5055496.694648871,5055496.694648871,1.0
2007-08-01,0.0,4860086.435024407,4860086.435024407,1.0
2007-08-02,0.0,5042378.86997945,5042378.86997945,1.0
2007-08-03,0.0,5164083.155489278,5164083.155489278,1.0
2007-08-06,0.0,5273307.767816554,5273307.767816554,1.0
2007-08-07,0.0,5273974.914235683,5273974.914235683,1.0
2007-08-08,0.0,5153449.1251113,5153449.1251113,1.0
2007-08-09,0.0,5201094.159405853,5201094.159405853,1.0
2007-08-10,0.0,5112356.233218456,5112356.233218456,1.0
2007-08-13,0.0,5096132.5770592205,5096132.5770592205,1.0
2007-08-14,0.0,5209145.8318007095,5209145.8318007095,1.0
2007-08-15,0.0,5188288.169084741,5188288.169084741,1.0
2007-08-16,0.0,5186660.165153237,5186660.165153237,1.0
2007-08-17,0.0,5123654.169020945,5123654.169020945,1.0
2007-08-20,0.0,5324595.393498138,5324595.393498138,1.0
2007-08-21,0.0,5371258.556243544,5371258.556243544,1.0
2007-08-22,0.0,5459609.842415359,5459609.842415359,1.0
2007-08-23,0.0,5537070.550669902,5537070.550669902,1.0
2007-08-24,0.0,5590547.224387435,5590547.224387435,1.0
2007-08-27,0.0,5601527.142988124,5601527.142988124,1.0
2007-08-28,0.0,5589320.231171002,5589320.231171002,1.0
2007-08-29,0.0,5508669.989549473,5508669.989549473,1.0
2007-08-30,0.0,5652685.339927657,5652685.339927657,1.0
2007-08-31,0.0,5717665.039686118,5717665.039686118,1.0
2007-09-03,0.0,5868983.341019152,5868983.341019152,1.0
2007-09-04,0.0,5820917.1805614075,5820917.1805614075,1.0
2007-09-05,0.0,5866939.420712649,5866939.420712649,1.0
2007-09-06,0.0,5944206.9955268055,5944206.9955268055,1.0
2007-09-07,0.0,5794032.228496466,5794032.228496466,1.0
2007-09-10,0.0,5896796.10026273,5896796.10026273,1.0
2007-09-11,0.0,5504809.934404618,5504809.934404618,1.0
2007-09-12,0.0,5526704.982070838,5526704.982070838,1.0
2007-09-13,0.0,5630182.578239675,5630182.578239675,1.0
2007-09-14,0.0,5726550.7701742,5726550.7701742,1.0
2007-09-17,0.0,5829584.633435309,5829584.633435309,1.0
2007-09-18,0.0,5866749.210052607,5866749.210052607,1.0
2007-09-19,0.0,5773842.042381352,5773842.042381352,1.0
2007-09-20,0.0,5838354.692896994,5838354.692896994,1.0
2007-09-21,0.0,5820460.974458421,5820460.974458421,1.0
2007-09-24,0.0,5838397.447151131,5838397.447151131,1.0
2007-09-25,0.0,5768745.940101859,5768745.940101859,1.0
2007-09-26,0.0,5689738.852108517,5689738.852108517,1.0
2007-09-27,0.0,5776730.021416599,5776730.021416599,1.0
2007-09-28,0.0,5907357.087372022,5907357.087372022,1.0
2007-10-08,0.0,5903413.056473817,5903413.056473817,1.0
2007-10-09,0.0,5992310.700324813,5992310.700324813,1.0
2007-10-10,0.0,5969689.98101482,5969689.98101482,1.0
2007-10-11,0.0,5901518.016286445,5901518.016286445,1.0
2007-10-12,0.0,5781055.483112785,5781055.483112785,1.0
2007-10-15,0.0,5811260.009961417,5811260.009961417,1.0
2007-10-16,0.0,5841690.81630861,5841690.81630861,1.0
2007-10-17,0.0,5865318.90820303,5865318.90820303,1.0
2007-10-18,0.0,5712751.402525827,5712751.402525827,1.0
2007-10-19,0.0,5688579.383584449,5688579.383584449,1.0
2007-10-22,0.0,5568453.747594008,5568453.747594008,1.0
2007-10-23,0.0,5528076.787082312,5528076.787082312,1.0
2007-10-24,0.0,5452311.597480028,5452311.597480028,1.0
2007-10-25,0.0,5053227.307533838,5053227.307533838,1.0
2007-10-26,0.0,4958582.182666873,4958582.182666873,1.0
2007-10-29,0.0,5003379.881660172,5003379.881660172,1.0
2007-10-30,0.0,5122207.350298262,5122207.350298262,1.0
2007-10-31,0.0,5300100.636728682,5300100.636728682,1.0
2007-11-01,0.0,4971958.536755177,4971958.536755177,1.0
2007-11-02,0.0,4862967.0561874695,4862967.0561874695,1.0
2007-11-05,0.0,4865395.3457197035,4865395.3457197035,1.0
2007-11-06,0.0,4892007.555691286,4892007.555691286,1.0
2007-11-07,0.0,4887950.036448412,4887950.036448412,1.0
2007-11-08,0.0,4684538.157369237,4684538.157369237,1.0
2007-11-09,0.0,4620692.796512514,4620692.796512514,1.0
2007-11-12,0.0,4545976.7367863245,4545976.7367863245,1.0
2007-11-13,0.0,4559994.766112983,4559994.766112983,1.0
2007-11-14,0.0,4718354.302970725,4718354.302970725,1.0
2007-11-15,0.0,4639566.969983566,4639566.969983566,1.0
2007-11-16,0.0,4636243.785891614,4636243.785891614,1.0
2007-11-19,0.0,4719117.026909696,4719117.026909696,1.0
2007-11-20,0.0,4817120.661991815,4817120.661991815,1.0
2007-11-21,0.0,4744032.229440172,4744032.229440172,1.0
2007-11-22,3193393.821615503,1368597.3521209296,4561991.173736433,0.3
2007-11-23,0.0,4588950.19563542,4588950.19563542,1.0
2007-11-26,0.0,4556863.695184685,4556863.695184685,1.0
2007-11-27,3154700.1302896976,1352014.3415527274,4506714.471842425,0.3
2007-11-28,3146964.0107423393,1348698.8617467165,4495662.872489056,0.3
2007-11-29,0.0,4529647.254591657,4529647.254591657,1.0
2007-11-30,3125304.4705192475,1339416.201651106,4464720.672170353,0.3
2007-12-03,3135900.011494969,1343957.1477835581,4479857.159278527,0.3
2007-12-04,3144040.7803524337,1347446.0487224716,4491486.829074905,0.3
2007-12-05,0.0,4515657.420883428,4515657.420883428,1.0
2007-12-06,0.0,4549763.267079139,4549763.267079139,1.0
2007-12-07,0.0,4637893.768016619,4637893.768016619,1.0
2007-12-10,0.0,4769436.00225106,4769436.00225106,1.0
2007-12-11,0.0,4827540.431646594,4827540.431646594,1.0
2007-12-12,0.0,4851193.939318948,4851193.939318948,1.0
2007-12-13,3283179.250967568,1407076.8218432432,4690256.072810811,0.3
2007-12-14,0.0,4723924.536205301,4723924.536205301,1.0
2007-12-17,3284850.3658699864,1407793.0139442799,4692643.379814266,0.3
2007-12-18,3272677.265373461,1402575.9708743403,4675253.236247801,0.3
2007-12-19,0.0,4701196.765974528,4701196.765974528,1.0
2007-12-20,0.0,4758999.770379724,4758999.770379724,1.0
2007-12-21,0.0,4820533.797769489,4820533.797769489,1.0
2007-12-24,0.0,4912673.840746491,4912673.840746491,1.0
2007-12-25,0.0,4962382.334267078,4962382.334267078,1.0
2007-12-26,0.0,5046456.591904669,5046456.591904669,1.0
2007-12-27,0.0,5096568.418768054,5096568.418768054,1.0
2007-12-28,0.0,5076823.059903599,5076823.059903599,1.0
2008-01-02,0.0,5198415.85055116,5198415.85055116,1.0
2008-01-03,0.0,5288307.98642947,5288307.98642947,1.0
2008-01-04,0.0,5327112.202506058,5327112.202506058,1.0
2008-01-07,0.0,5377687.664212293,5377687.664212293,1.0
2008-01-08,0.0,5280294.496131174,5280294.496131174,1.0
2008-01-09,0.0,5382497.407466062,5382497.407466062,1.0
2008-01-10,0.0,5408828.5370953055,5408828.5370953055,1.0
2008-01-11,0.0,5368527.473855715,5368527.473855715,1.0
2008-01-14,0.0,5424105.317303962,5424105.317303962,1.0
2008-01-15,0.0,5452753.824703994,5452753.824703994,1.0
2008-01-16,0.0,5350391.122000924,5350391.122000924,1.0
2008-01-17,0.0,5235547.937844337,5235547.937844337,1.0
2008-01-18,0.0,5282613.469457513,5282613.469457513,1.0
2008-01-21,3545727.0454456285,1519597.3051909835,5065324.350636612,0.3
2008-01-22,3460927.720882846,1483254.7375212198,4944182.458404066,0.3
2008-01-23,3505117.8704707194,1502193.3730588797,5007311.243529599,0.3
2008-01-24,3530709.9355890406,1513161.4009667316,5043871.336555772,0.3
2008-01-25,3534794.3572076373,1514911.8673747017,5049706.224582339,0.3
2008-01-28,3468980.860159593,1486706.08292554,4955686.943085133,0.3
2008-01-29,3481416.501981236,1492035.6437062442,4973452.14568748,0.3
2008-01-30,3485548.3952811994,1493806.455120514,4979354.8504017135,0.3
2008-01-31,3450409.841533889,1478747.0749430952,4929156.9164769845,0.3
2008-02-01,3444854.8508050814,1476366.3646307492,4921221.215435831,0.3
2008-02-04,3527114.0345978895,1511620.3005419525,5038734.335139842,0.3
2008-02-05,3523984.8086121883,1510279.2036909377,5034264.012303126,0.3
2008-02-13,3513339.976196359,1505717.1326555824,5019057.108851941,0.3
2008-02-14,3531210.149360096,1513375.778297184,5044585.92765728,0.3
2008-02-15,3521085.8222710025,1509036.7809732866,5030122.603244289,0.3
2008-02-18,3545518.6569732158,1519507.9958456636,5065026.652818879,0.3
2008-02-19,3570985.163534591,1530422.2129433963,5101407.3764779875,0.3
2008-02-20,3556198.179161882,1524084.9339265209,5080283.113088403,0.3
2008-02-21,3564846.52604225,1527791.3683038214,5092637.894346071,0.3
2008-02-22,3538238.512682164,1516387.9340066416,5054626.446688806,0.3
2008-02-25,3500618.8271315536,1500265.2116278086,5000884.038759362,0.3
2008-02-26,3498736.4944080296,1499458.4976034411,4998194.992011471,0.3
2008-02-27,3522074.1360602174,1509460.3440258075,5031534.480086025,0.3
2008-02-28,3522323.8947932073,1509567.3834828031,5031891.27827601,0.3
2008-02-29,3534057.255276885,1514595.966547236,5048653.221824121,0.3
2008-03-03,3567160.7533018235,1528783.1799864958,5095943.933288319,0.3
2008-03-04,3560106.2239249516,1525759.8102535505,5085866.034178502,0.3
2008-03-05,3568767.6601025644,1529471.8543296703,5098239.514432235,0.3
2008-03-06,3577476.9734055568,1533204.41717381,5110681.390579367,0.3
2008-03-07,3560760.7880106512,1526040.3377188507,5086801.125729502,0.3
2008-03-10,3522533.5811728686,1509657.2490740865,5032190.830246955,0.3
2008-03-11,3534523.2694841786,1514795.6869217907,5049318.956405969,0.3
2008-03-12,3511200.1845095335,1504800.0790755143,5016000.263585048,0.3
2008-03-13,3473018.0170581173,1488436.2930249071,4961454.310083024,0.3
2008-03-14,3465761.067939765,1485326.171974185,4951087.23991395,0.3
2008-03-17,3393547.97291967,1454377.7026798585,4847925.6755995285,0.3
2008-03-18,3322935.3170690155,1424115.1358867206,4747050.452955736,0.3
2008-03-19,3358061.635727776,1439169.2724547612,4797230.908182537,0.3
2008-03-20,3390486.966422514,1453065.842752506,4843552.80917502,0.3
2008-03-21,3403406.749695982,1458602.892726849,4862009.642422831,0.3
2008-03-24,3369300.3656863524,1443985.871008437,4813286.2366947895,0.3
2008-03-25,3381177.372191548,1449076.0166535205,4830253.388845068,0.3
2008-03-26,3380984.102409036,1448993.1867467295,4829977.289155765,0.3
2008-03-27,3332736.671753135,1428315.7164656292,4761052.388218764,0.3
2008-03-28,3363018.2209417904,1441293.5232607673,4804311.744202558,0.3
2008-03-31,3326837.8704846837,1425787.65877915,4752625.529263834,0.3
2008-04-01,3248146.505838602,1392062.7882165436,4640209.294055145,0.3
2008-04-02,3203493.919504604,1372925.965501973,4576419.885006577,0.3
2008-04-03,3221621.696555173,1380695.0128093597,4602316.7093645325,0.3
2008-04-07,3280642.5607686266,1405989.66890084,4686632.229669467,0.3
2008-04-08,3301722.063758174,1415023.741610646,4716745.80536882,0.3
2008-04-09,3252301.3564361753,1393843.4384726465,4646144.794908822,0.3
2008-04-10,3277947.1682753577,1404834.500689439,4682781.668964797,0.3
2008-04-11,3292467.0220173793,1411057.2951503054,4703524.317167684,0.3
2008-04-14,3231915.603825542,1385106.6873538038,4617022.291179346,0.3
2008-04-15,3251005.036861046,1393287.8729404483,4644292.909801494,0.3
2008-04-16,3228366.797076244,1383585.7701755331,4611952.567251777,0.3
2008-04-17,3195728.8602129472,1369598.082948406,4565326.9431613535,0.3
2008-04-18,3158536.241261264,1353658.38911197,4512194.630373234,0.3
2008-04-21,3157447.716982619,1353191.8787068364,4510639.595689455,0.3
2008-04-22,3143270.8145614276,1347116.0633834687,4490386.877944896,0.3
2008-04-23,3186769.099499285,1365758.1854996935,4552527.2849989785,0.3
2008-04-24,3267918.7160181194,1400536.5925791939,4668455.308597313,0.3
2008-04-25,3276867.6126644267,1404371.8339990398,4681239.446663466,0.3
2008-04-28,3263144.599995617,1398490.5428552644,4661635.142850881,0.3
2008-04-29,3274950.1970320977,1403550.0844423275,4678500.281474425,0.3
2008-04-30,3312206.6719078077,1419517.1451033459,4731723.817011153,0.3
2008-05-05,3340578.0562032866,1431676.3098014086,4772254.366004695,0.3
2008-05-06,2768957.984848518,1186696.2792207934,3955654.2640693113,0.3
2008-05-07,2722900.941639779,1166957.5464170482,3889858.4880568273,0.3
2008-05-08,2746264.3246172415,1176970.4248359606,3923234.749453202,0.3
2008-05-09,2743494.007707488,1175783.1461603518,3919277.15386784,0.3
2008-05-12,2754776.8738601953,1180618.6602257981,3935395.5340859937,0.3
2008-05-13,2746360.4075114997,1177011.6032192141,3923372.0107307136,0.3
2008-05-14,2774555.6832772065,1189095.2928330887,3963650.9761102954,0.3
2008-05-15,2771139.587033212,1187631.2515856624,3958770.8386188745,0.3
2008-05-16,2766605.6809325055,1185688.1489710738,3952293.8299035793,0.3
2008-05-19,2765526.295449747,1185225.5551927486,3950751.8506424953,0.3
2008-05-20,2715287.012079253,1163694.4337482513,3878981.445827504,0.3
2008-05-21,2735096.429232598,1172184.1839568275,3907280.6131894253,0.3
2008-05-22,2726240.717624614,1168388.8789819775,3894629.5966065917,0.3
2008-05-23,2711456.219254097,1162052.6653946128,3873508.8846487096,0.3
2008-05-26,2681152.9920234564,1149065.5680100527,3830218.560033509,0.3
2008-05-27,2692678.461067985,1154005.054743422,3846683.515811407,0.3
2008-05-28,2714769.3780509084,1163472.5905932463,3878241.9686441547,0.3
2008-05-29,2695479.888219607,1155205.6663798315,3850685.554599439,0.3
2008-05-30,2704459.9209665284,1159054.251842798,3863514.1728093266,0.3
2008-06-02,2709818.312097894,1161350.7051848117,3871169.0172827058,0.3
2008-06-03,2703266.5578826205,1158542.810521123,3861809.3684037435,0.3
2008-06-04,2691582.5182817485,1153535.3649778923,3845117.883259641,0.3
2008-06-05,2686770.637233072,1151473.1302427452,3838243.7674758174,0.3
2008-06-06,2680644.6221377645,1148847.695201899,3829492.3173396634,0.3
2008-06-10,2609737.014497759,1118458.7204990394,3728195.7349967984,0.3
2008-06-11,2586028.4091441175,1108297.889633193,3694326.29877731,0.3
2008-06-12,2577736.677827748,1104744.2904976062,3682480.968325354,0.3
2008-06-13,2544498.1302823722,1090499.1986924454,3634997.328974818,0.3
2008-06-16,2531197.965901385,1084799.1282434508,3615997.094144836,0.3
2008-06-17,2487461.037449345,1066054.7303354333,3553515.767784778,0.3
2008-06-18,2530814.125495949,1084634.6252125495,3615448.750708498,0.3
2008-06-19,2463634.4439032683,1055843.3331014004,3519477.7770046685,0.3
2008-06-20,2479277.0571663114,1062547.3102141335,3541824.367380445,0.3
2008-06-23,2462644.6461674757,1055419.1340717755,3518063.7802392514,0.3
2008-06-24,2484542.2674155617,1064803.8288923835,3549346.096307945,0.3
2008-06-25,2523271.5205116337,1081402.0802192716,3604673.6007309053,0.3
2008-06-26,2532311.7105519925,1085276.4473794252,3617588.1579314177,0.3
2008-06-27,2479683.5516793006,1062721.5221482716,3542405.073827572,0.3
2008-06-30,2479112.4248148547,1062476.7534920806,3541589.1783069354,0.3
2008-07-01,2456719.0256782183,1052879.5824335222,3509598.6081117406,0.3
2008-07-02,2465576.934755915,1056675.8291811065,3522252.7639370216,0.3
2008-07-03,2494784.581204569,1069193.3919448152,3563977.973149384,0.3
2008-07-04,2493238.5759238317,1068530.8182530706,3561769.3941769022,0.3
2008-07-07,2538325.0130487597,1087853.5770208968,3626178.5900696563,0.3
2008-07-08,2551552.583965524,1093522.5359852246,3645075.119950749,0.3
2008-07-09,2578106.1555301575,1104902.6380843532,3683008.793614511,0.3
2008-07-10,2565789.819817114,1099624.2084930488,3665414.028310163,0.3
2008-07-11,2558652.2941706413,1096565.2689302748,3655217.5631009163,0.3
2008-07-14,2567079.1911898474,1100176.7962242202,3667255.9874140676,0.3
2008-07-15,2544495.3029483296,1090497.9869778554,3634993.2899261853,0.3
2008-07-16,2504008.203098012,1073146.372756291,3577154.5758543033,0.3
2008-07-17,2492159.197610977,1068068.2275475615,3560227.4251585384,0.3
2008-07-18,2524855.336656142,1082080.8585669182,3606936.1952230604,0.3
2008-07-21,2557404.0184470797,1096030.2936201768,3653434.3120672563,0.3
2008-07-22,2561504.966668967,1097787.8428581287,3659292.809527096,0.3
2008-07-23,2557414.892053689,1096034.953737295,3653449.8457909836,0.3
2008-07-24,2580246.5498127798,1105819.9499197628,3686066.499732543,0.3
2008-07-25,2569776.7159250006,1101332.8782535717,3671109.5941785723,0.3
2008-07-28,2579956.0519961505,1105695.450855493,3685651.5028516436,0.3
2008-07-29,2567720.886008065,1100451.8082891705,3668172.6942972355,0.3
2008-07-30,2565458.825442554,1099482.3537610946,3664941.1792036486,0.3
2008-07-31,2540366.209043328,1088728.3753042836,3629094.5843476118,0.3
2008-08-01,3067890.336893612,1314810.1443829765,4382700.4812765885,0.3
2008-08-04,3042233.161954727,1303814.2122663113,4346047.374221038,0.3
2008-08-05,3020840.934403383,1294646.1147443068,4315487.04914769,0.3
2008-08-06,3021358.0542550934,1294867.7375378972,4316225.791792991,0.3
2008-08-07,3021166.1424127724,1294785.489605474,4315951.632018247,0.3
2008-08-08,2972007.8907805393,1273717.667477374,4245725.558257913,0.3
2008-08-11,2916379.4323840253,1249876.8995931537,4166256.3319771793,0.3
2008-08-12,2907400.4139819136,1246028.7488493912,4153429.1628313046,0.3
2008-08-13,2911570.091208894,1247815.75337524,4159385.8445841335,0.3
2008-08-14,2916190.9101585913,1249796.104353682,4165987.0145122735,0.3
2008-08-15,2917031.558836758,1250156.3823586106,4167187.9411953688,0.3
2008-08-18,2872865.017555749,1231227.8646667495,4104092.8822224988,0.3
2008-08-19,2877081.7639656276,1233035.0416995548,4110116.8056651824,0.3
2008-08-20,2943125.9862270784,1261339.7083830333,4204465.694610111,0.3
2008-08-21,2915293.113258892,1249411.3342538108,4164704.447512703,0.3
2008-08-22,2896957.932130402,1241553.3994844577,4138511.3316148594,0.3
2008-08-25,2892706.4205710636,1239731.3231018845,4132437.7436729483,0.3
2008-08-26,2859080.6116393814,1225320.2621311636,4084400.8737705452,0.3
2008-08-27,2855925.7643153705,1223968.184706587,4079893.9490219573,0.3
2008-08-28,2849188.044833397,1221080.5906428844,4070268.6354762814,0.3
2008-08-29,2875003.5711196614,1232144.387622712,4107147.9587423736,0.3
2008-09-01,2853168.32227479,1222786.4238320526,4075954.7461068425,0.3
2008-09-02,2847415.0495300954,1220320.735512898,4067735.7850429937,0.3
2008-09-03,2838622.4908907535,1216552.496096037,4055174.986986791,0.3
2008-09-04,2840584.9713920243,1217393.5591680103,4057978.5305600343,0.3
2008-09-05,2810806.471924648,1204631.3451105636,4015437.8170352117,0.3
2008-09-08,2779602.548160696,1191258.2349260123,3970860.7830867083,0.3
2008-09-09,2787995.745397456,1194855.3194560527,3982851.064853509,0.3
2008-09-10,2792141.2966767363,1196631.9842900296,3988773.2809667657,0.3
2008-09-11,2777191.3900078665,1190224.8814319428,3967416.2714398094,0.3
2008-09-12,2780382.774808226,1191592.617774954,3971975.39258318,0.3
2008-09-16,2764521.047436353,1184794.73461558,3949315.782051933,0.3
2008-09-17,2741517.495929431,1174936.069684042,3916453.565613473,0.3
2008-09-18,2716310.510863049,1164133.0760841637,3880443.5869472125,0.3
2008-09-19,2795849.211119526,1198221.0904797968,3994070.301599323,0.3
2008-09-22,2830892.5824860753,1213239.6782083178,4044132.260694393,0.3
2008-09-23,2787998.4530937485,1194856.479897321,3982854.9329910697,0.3
2008-09-24,2794328.0565481028,1197569.167092044,3991897.2236401467,0.3
2008-09-25,2820716.4044982726,1208878.459070688,4029594.8635689607,0.3
2008-09-26,2841053.024335005,1217594.1532864305,4058647.1776214354,0.3
2008-10-06,2811415.9865325363,1204892.5656568015,4016308.552189338,0.3
2008-10-07,2799173.5207429286,1199645.7946041122,3998819.3153470405,0.3
2008-10-08,2775719.807811803,1189594.2033479156,3965314.0111597185,0.3
2008-10-09,2763777.7768523004,1184476.1900795575,3948253.966931858,0.3
2008-10-10,2721235.3721487625,1166243.730920898,3887479.1030696603,0.3
2008-10-13,2735237.3593842853,1172244.582593265,3907481.9419775503,0.3
2008-10-14,2709263.1877576765,1161112.7947532898,3870375.9825109662,0.3
2008-10-15,2695377.7347923573,1155161.8863395816,3850539.621131939,0.3
2008-10-16,2644455.139552595,1133337.9169511122,3777793.0565037075,0.3
2008-10-17,2653259.5840128227,1137111.2502912097,3790370.8343040324,0.3
2008-10-20,2677518.644519984,1147507.9905085645,3825026.6350285485,0.3
2008-10-21,2675005.8901699404,1146431.0957871173,3821436.9859570577,0.3
2008-10-22,2664112.5728132296,1141762.5312056697,3805875.1040188996,0.3
2008-10-23,2673350.2174077155,1145721.5217461635,3819071.7391538788,0.3
2008-10-24,2663323.8543586936,1141424.5090108686,3804748.363369562,0.3
2008-10-27,2611671.5740007684,1119287.8174289006,3730959.3914296688,0.3
2008-10-28,2629183.6996028502,1126793.0141155072,3755976.7137183575,0.3
2008-10-29,2606620.4124898305,1117123.033924213,3723743.446414043,0.3
2008-10-30,2612249.569479712,1119535.5297770193,3731785.099256731,0.3
2008-10-31,2597216.1573481252,1113092.6388634823,3710308.7962116078,0.3
2008-11-03,2675839.696733802,1146788.4414573438,3822628.138191146,0.3
2008-11-04,2657489.6872096234,1138924.151661267,3796413.8388708904,0.3
2008-11-05,2688187.635229065,1152080.4150981705,3840268.0503272354,0.3
2008-11-06,2675288.2361633414,1146552.1012128603,3821840.3373762015,0.3
2008-11-07,2686875.6772396173,1151518.1473884073,3838393.8246280244,0.3
2008-11-10,2751992.990738717,1179425.5674594499,3931418.5581981665,0.3
2008-11-11,2751476.1830539126,1179204.078451677,3930680.26150559,0.3
2008-11-12,2773754.887432351,1188752.0946138643,3962506.982046215,0.3
2008-11-13,2811770.147648272,1205044.3489921165,4016814.4966403884,0.3
2008-11-14,2861607.405321072,1226403.1737090305,4088010.579030102,0.3
2008-11-17,2902787.6251726868,1244051.8393597228,4146839.46453241,0.3
2008-11-18,2840907.767142213,1217531.9002038054,4058439.6673460184,0.3
2008-11-19,2900533.3788633836,1243085.7337985928,4143619.1126619764,0.3
2008-11-20,2893890.587046067,1240238.8230197432,4134129.4100658107,0.3
2008-11-21,2885794.192930978,1236768.939827562,4122563.13275854,0.3
2008-11-24,2847456.0419486053,1220338.3036922591,4067794.345640864,0.3
2008-11-25,2845880.249341536,1219662.9640035154,4065543.2133450513,0.3
2008-11-26,2849734.7763540517,1221314.9041517363,4071049.680505788,0.3
2008-11-27,2868956.9768590154,1229552.990082435,4098509.9669414503,0.3
2008-11-28,2851447.6598461703,1222048.99707693,4073496.6569231004,0.3
2008-12-01,2885677.2381938323,1236718.816368785,4122396.054562617,0.3
2008-12-02,2894643.02573595,1240561.2967439785,4135204.322479929,0.3
2008-12-03,2932244.934251194,1256676.4003933687,4188921.3346445626,0.3
2008-12-04,2943410.4927081885,1261461.6397320807,4204872.132440269,0.3
2008-12-05,2962702.0161091564,1269729.4354753525,4232431.451584509,0.3
2008-12-08,3003245.5399020296,1287105.231386584,4290350.771288614,0.3
2008-12-09,2989607.877034094,1281260.5187288972,4270868.395762991,0.3
2008-12-10,3012403.060924465,1291029.8832533418,4303432.944177806,0.3
2008-12-11,2986315.1920400094,1279849.3680171466,4266164.560057156,0.3
2008-12-12,2941533.5055028247,1260657.2166440676,4202190.722146892,0.3
2008-12-15,2952100.9547772864,1265186.1234759798,4217287.078253266,0.3
2008-12-16,2972909.522231972,1274104.0809565594,4247013.6031885315,0.3
2008-12-17,2984530.104189208,1279084.3303668033,4263614.434556011,0.3
2008-12-18,3004594.753074279,1287683.4656032624,4292278.218677541,0.3
2008-12-19,3011838.7468883586,1290788.0343807251,4302626.781269084,0.3
2008-12-22,3003084.131286856,1287036.0562657954,4290120.187552651,0.3
2008-12-23,2945031.794849091,1262156.4835067533,4207188.278355844,0.3
2008-12-24,2926667.763012766,1254286.1841483281,4180953.947161094,0.3
2008-12-25,2923202.954984585,1252801.2664219646,4176004.221406549,0.3
2008-12-26,2912947.214605546,1248405.9491166626,4161353.1637222087,0.3
2008-12-29,2913947.0469414955,1248834.4486892123,4162781.4956307076,0.3
2008-12-30,2908560.183109881,1246525.7927613775,4155085.9758712584,0.3
2008-12-31,2896059.7404480674,1241168.460192029,4137228.2006400963,0.3
2009-01-05,2938066.109534922,1259171.1898006808,4197237.299335603,0.3
2009-01-06,2973196.1842443366,1274226.9361047156,4247423.120349052,0.3
2009-01-07,2974402.391372972,1274743.8820169882,4249146.273389961,0.3
2009-01-08,2955043.0162350573,1266447.0069578814,4221490.023192938,0.3
2009-01-09,2977043.016080189,1275875.5783200809,4252918.59440027,0.3
2009-01-12,2985255.627488279,1279395.268923548,4264650.896411827,0.3
2009-01-13,2964370.074021129,1270444.3174376267,4234814.391458755,0.3
2009-01-14,3005214.6282215687,1287949.1263806724,4293163.754602241,0.3
2009-01-15,3015685.902986506,1292436.8155656455,4308122.718552152,0.3
2009-01-16,3024841.8776453477,1296360.804705149,4321202.682350497,0.3
2009-01-19,3027798.622499996,1297627.9810714268,4325426.603571422,0.3
2009-01-20,3035946.4850348365,1301119.922157787,4337066.407192623,0.3
2009-01-21,3040902.2752994215,1303243.8322711803,4344146.107570602,0.3
2009-01-22,3061730.3621501355,1312170.155207201,4373900.517357336,0.3
2009-01-23,3054895.6696050214,1309241.001259295,4364136.670864317,0.3
2009-02-02,1757031.5141603397,2635547.271240509,4392578.785400849,0.6
2009-02-03,2163699.3023599973,3245548.9535399955,5409248.255899993,0.6
2009-02-04,2185017.0589067778,3277525.588360166,5462542.647266944,0.6
2009-02-05,2163828.031701787,3245742.04755268,5409570.079254467,0.6
2009-02-06,2243326.246296638,3364989.3694449575,5608315.615741596,0.6
2009-02-09,2314372.652458933,3471558.9786883993,5785931.6311473325,0.6
2009-02-10,2351903.7684330507,3527855.6526495763,5879759.421082627,0.6
2009-02-11,2360768.9561274224,3541153.4341911334,5901922.390318556,0.6
2009-02-12,2418716.231743002,3628074.347614503,6046790.579357505,0.6
2009-02-13,2456189.2413470536,3684283.8620205806,6140473.103367634,0.6
2009-02-16,2464683.5187780666,3697025.278167099,6161708.796945166,0.6
2009-02-17,2391657.9543455015,3587486.9315182515,5979144.885863753,0.6
2009-02-18,2353742.493791221,3530613.7406868315,5884356.234478053,0.6
2009-02-19,2376777.1184014515,3565165.677602177,5941942.7960036285,0.6
2009-02-20,2448885.2653381503,3673327.8980072257,6122213.163345376,0.6
2009-02-23,2472633.396460251,3708950.094690376,6181583.491150627,0.6
2009-02-24,2475146.8791323476,3712720.3186985212,6187867.197830869,0.6
2009-02-25,2429715.3521534954,3644573.028230243,6074288.380383738,0.6
2009-02-26,2317314.624610569,3475971.9369158526,5793286.561526421,0.6
2009-02-27,2267748.278885597,3401622.4183283956,5669370.6972139925,0.6
2009-03-02,2284032.978041637,3426049.467062455,5710082.445104092,0.6
2009-03-03,2277446.5453160293,3416169.817974044,5693616.363290073,0.6
2009-03-04,2357868.880812768,3536803.321219152,5894672.20203192,0.6
2009-03-05,2397167.378601011,3595751.0679015163,5992918.446502527,0.6
2009-03-06,2374141.984948591,3561212.977422886,5935354.962371477,0.6
2009-03-09,2283457.291342729,3425185.9370140927,5708643.228356821,0.6
2009-03-10,2318804.923055669,3478207.3845835035,5797012.307639172,0.6
2009-03-11,2310495.4653746337,3465743.1980619505,5776238.663436584,0.6
2009-03-12,2325703.4593405104,3488555.189010766,5814258.648351276,0.6
2009-03-13,2310743.4290190646,3466115.1435285965,5776858.572547661,0.6
2009-03-16,2324028.9134348184,3486043.3701522276,5810072.283587046,0.6
2009-03-17,2384240.8493314083,3576361.2739971117,5960602.12332852,0.6
2009-03-18,2410750.1885937527,3616125.282890629,6026875.471484382,0.6
2009-03-19,2444628.5263449685,3666942.7895174525,6111571.315862421,0.6
2009-03-20,2446133.0171398525,3669199.5257097785,6115332.542849631,0.6
2009-03-23,2494463.202645026,3741694.803967539,6236158.006612565,0.6
2009-03-24,2506233.1856367365,3759349.7784551047,6265582.964091841,0.6
2009-03-25,2453569.297090395,3680353.945635592,6133923.242725987,0.6
2009-03-26,2493257.061692187,3739885.592538281,6233142.654230468,0.6
2009-03-27,2498119.9195186384,3747179.8792779576,6245299.798796596,0.6
2009-03-30,2504856.128335114,3757284.1925026705,6262140.320837785,0.6
2009-03-31,2515940.980928114,3773911.471392171,6289852.452320285,0.6
2009-04-01,2537492.490624554,3806238.7359368303,6343731.226561384,0.6
2009-04-02,0.0,6435093.697255973,6435093.697255973,1.0
2009-04-03,0.0,6545467.820121431,6545467.820121431,1.0
2009-04-07,0.0,6544729.984889272,6544729.984889272,1.0
2009-04-08,2512214.727032965,3768322.0905494476,6280536.817582413,0.6
2009-04-09,2549215.7970957477,3823823.6956436206,6373039.492739368,0.6
2009-04-10,0.0,6479795.9195807725,6479795.9195807725,1.0
2009-04-13,0.0,6611890.870104578,6611890.870104578,1.0
2009-04-14,0.0,6669985.729790019,6669985.729790019,1.0
2009-04-15,0.0,6697604.626636126,6697604.626636126,1.0
2009-04-16,0.0,6747598.453166358,6747598.453166358,1.0
2009-04-17,0.0,6539168.609851326,6539168.609851326,1.0
2009-04-20,0.0,6655444.0547938235,6655444.0547938235,1.0
2009-04-21,0.0,6666203.812581961,6666203.812581961,1.0
2009-04-22,0.0,6292834.259282085,6292834.259282085,1.0
2009-04-23,0.0,6287938.258610087,6287938.258610087,1.0
2009-04-24,0.0,6192538.468937562,6192538.468937562,1.0
2009-04-27,0.0,5951829.292260749,5951829.292260749,1.0
2009-04-28,0.0,6037148.096436912,6037148.096436912,1.0
2009-04-29,0.0,6171963.962553274,6171963.962553274,1.0
2009-04-30,0.0,6232267.044380671,6232267.044380671,1.0
2009-05-04,0.0,6451034.988094004,6451034.988094004,1.0
2009-05-05,0.0,7054749.333387659,7054749.333387659,1.0
2009-05-06,0.0,7166312.388092026,7166312.388092026,1.0
2009-05-07,0.0,7087608.550303334,7087608.550303334,1.0
2009-05-08,0.0,7166352.627895521,7166352.627895521,1.0
2009-05-11,0.0,6939868.98812623,6939868.98812623,1.0
2009-05-12,0.0,7114763.830623639,7114763.830623639,1.0
2009-05-13,0.0,7158453.476023268,7158453.476023268,1.0
2009-05-14,0.0,7174039.749823867,7174039.749823867,1.0
2009-05-15,0.0,7198449.036467812,7198449.036467812,1.0
2009-05-18,0.0,7233196.9551885845,7233196.9551885845,1.0
2009-05-19,0.0,7334498.718682944,7334498.718682944,1.0
2009-05-20,0.0,7330688.300666191,7330688.300666191,1.0
2009-05-21,0.0,7205201.81387512,7205201.81387512,1.0
2009-05-22,0.0,7216772.326648558,7216772.326648558,1.0
2009-05-25,0.0,7257796.637551978,7257796.637551978,1.0
2009-05-26,0.0,7243080.758434643,7243080.758434643,1.0
2009-05-27,0.0,7254600.844179451,7254600.844179451,1.0
2009-06-01,0.0,7355612.9826598,7355612.9826598,1.0
2009-06-02,0.0,7404809.163789998,7404809.163789998,1.0
2009-06-03,0.0,7477923.398715695,7477923.398715695,1.0
2009-06-04,0.0,7429155.734111298,7429155.734111298,1.0
2009-06-05,0.0,7470190.371712611,7470190.371712611,1.0
2009-06-08,0.0,7454693.885661964,7454693.885661964,1.0
2009-06-09,0.0,7528709.660173115,7528709.660173115,1.0
2009-06-10,0.0,7586061.0180347,7586061.0180347,1.0
2009-06-11,0.0,7548109.511612944,7548109.511612944,1.0
2009-06-12,0.0,7399589.289026269,7399589.289026269,1.0
2009-06-15,0.0,7499550.243658742,7499550.243658742,1.0
2009-06-16,0.0,7465161.128704818,7465161.128704818,1.0
2009-06-17,0.0,7589884.57847119,7589884.57847119,1.0
2009-06-18,0.0,7602943.7327748835,7602943.7327748835,1.0
2009-06-19,0.0,7588184.518410847,7588184.518410847,1.0
2009-06-22,0.0,7538111.386555613,7538111.386555613,1.0
2009-06-23,0.0,7522759.817570954,7522759.817570954,1.0
2009-06-24,0.0,7588112.149101935,7588112.149101935,1.0
2009-06-25,0.0,7592779.02865515,7592779.02865515,1.0
2009-06-26,0.0,7643473.817808134,7643473.817808134,1.0
2009-06-29,0.0,7706770.580138186,7706770.580138186,1.0
2009-06-30,0.0,7641273.371393345,7641273.371393345,1.0
2009-07-01,0.0,7749037.181077002,7749037.181077002,1.0
2009-07-02,0.0,7830228.500484134,7830228.500484134,1.0
2009-07-03,0.0,7923685.976942715,7923685.976942715,1.0
2009-07-06,0.0,7927170.333714008,7927170.333714008,1.0
2009-07-07,0.0,7914251.022799493,7914251.022799493,1.0
2009-07-08,0.0,8056245.771603149,8056245.771603149,1.0
2009-07-09,0.0,8165464.11577631,8165464.11577631,1.0
2009-07-10,0.0,8218795.009423329,8218795.009423329,1.0
2009-07-13,0.0,8319780.961715011,8319780.961715011,1.0
2009-07-14,0.0,8445188.207197415,8445188.207197415,1.0
2009-07-15,0.0,8505469.499922883,8505469.499922883,1.0
2009-07-16,0.0,8498088.736565555,8498088.736565555,1.0
2009-07-17,0.0,8564833.586633623,8564833.586633623,1.0
2009-07-20,0.0,8684678.063794296,8684678.063794296,1.0
2009-07-21,0.0,8515186.71436948,8515186.71436948,1.0
2009-07-22,0.0,8681495.698354673,8681495.698354673,1.0
2009-07-23,0.0,8793619.815976698,8793619.815976698,1.0
2009-07-24,0.0,8733443.261461535,8733443.261461535,1.0
2009-07-27,0.0,8893333.79839404,8893333.79839404,1.0
2009-07-28,0.0,8981586.541535305,8981586.541535305,1.0
2009-07-29,0.0,8424006.931375336,8424006.931375336,1.0
2009-07-30,0.0,8488469.915864931,8488469.915864931,1.0
2009-07-31,0.0,8732287.119989702,8732287.119989702,1.0
2009-08-03,0.0,12228738.726611534,12228738.726611534,1.0
2009-08-04,0.0,12336474.039866235,12336474.039866235,1.0
2009-08-05,0.0,12292130.538875554,12292130.538875554,1.0
2009-08-06,0.0,12212714.142398523,12212714.142398523,1.0
2009-08-07,0.0,11827952.769162338,11827952.769162338,1.0
2009-08-10,0.0,11823516.06865392,11823516.06865392,1.0
2009-08-11,0.0,11941789.987929164,11941789.987929164,1.0
2009-08-12,0.0,11440231.408359779,11440231.408359779,1.0
2009-08-13,0.0,11486264.285362711,11486264.285362711,1.0
2009-08-14,0.0,11030637.37102414,11030637.37102414,1.0
2009-08-17,0.0,10251410.15053552,10251410.15053552,1.0
2009-08-18,0.0,10387006.003256721,10387006.003256721,1.0
2009-08-19,0.0,9866982.874367911,9866982.874367911,1.0
2009-08-20,0.0,10212925.411439285,10212925.411439285,1.0
2009-08-21,0.0,10495429.13913125,10495429.13913125,1.0
2009-08-24,0.0,10741653.484065237,10741653.484065237,1.0
2009-08-25,0.0,10588036.097633904,10588036.097633904,1.0
2009-08-26,0.0,10993788.76526727,10993788.76526727,1.0
2009-08-27,0.0,11069501.214060407,11069501.214060407,1.0
2009-08-28,0.0,10839860.17890046,10839860.17890046,1.0
2009-08-31,7072049.777341491,3030878.476003496,10102928.253344987,0.3
2009-09-01,7039619.440132797,3016979.760056913,10056599.20018971,0.3
2009-09-02,7053648.42449291,3022992.1819255324,10076640.606418442,0.3
2009-09-03,0.0,10221803.122626249,10221803.122626249,1.0
2009-09-04,0.0,10393264.365174904,10393264.365174904,1.0
2009-09-07,0.0,10514464.77677682,10514464.77677682,1.0
2009-09-08,0.0,10710833.467472862,10710833.467472862,1.0
2009-09-09,0.0,10803946.8619188,10803946.8619188,1.0
2009-09-10,0.0,10688220.510923667,10688220.510923667,1.0
2009-09-11,0.0,10861609.572304018,10861609.572304018,1.0
2009-09-14,0.0,11130272.224454245,11130272.224454245,1.0
2009-09-15,0.0,11258435.082785685,11258435.082785685,1.0
2009-09-16,0.0,11278371.720348297,11278371.720348297,1.0
2009-09-17,0.0,11503046.1106162,11503046.1106162,1.0
2009-09-18,0.0,11226738.21373164,11226738.21373164,1.0
2009-09-21,0.0,11349385.79799672,11349385.79799672,1.0
2009-09-22,0.0,11111540.229593277,11111540.229593277,1.0
2009-09-23,7524389.061823752,3224738.169353036,10749127.231176788,0.3
2009-09-24,7514382.68833914,3220449.723573917,10734832.411913058,0.3
2009-09-25,7486581.808478883,3208535.060776664,10695116.869255546,0.3
2009-09-28,7414139.479765888,3177488.3484710944,10591627.828236982,0.3
2009-09-29,7378967.841082959,3162414.789035554,10541382.630118513,0.3
2009-09-30,7395336.080666208,3169429.748856946,10564765.829523154,0.3
2009-10-09,0.0,10704935.006343666,10704935.006343666,1.0
2009-10-12,0.0,10768290.516014358,10768290.516014358,1.0
2009-10-13,0.0,10944815.32297416,10944815.32297416,1.0
2009-10-14,0.0,11090031.675112488,11090031.675112488,1.0
2009-10-15,0.0,11117557.325094983,11117557.325094983,1.0
2009-10-16,0.0,11205656.71083139,11205656.71083139,1.0
2009-10-19,0.0,11430723.80872599,11430723.80872599,1.0
2009-10-20,0.0,11661422.804643879,11661422.804643879,1.0
2009-10-21,0.0,11606079.808748739,11606079.808748739,1.0
2009-10-22,0.0,11622699.399913173,11622699.399913173,1.0
2009-10-23,0.0,11765990.485915495,11765990.485915495,1.0
2009-10-26,0.0,11759002.37405302,11759002.37405302,1.0
2009-10-27,0.0,11470788.639140416,11470788.639140416,1.0
2009-10-28,0.0,11543558.933733443,11543558.933733443,1.0
2009-10-29,0.0,11345306.143202942,11345306.143202942,1.0
2009-10-30,0.0,11533314.014714688,11533314.014714688,1.0
2009-11-02,0.0,11831206.32301385,11831206.32301385,1.0
2009-11-03,0.0,11109962.387306688,11109962.387306688,1.0
2009-11-04,0.0,11148748.43343811,11148748.43343811,1.0
2009-11-05,0.0,11233225.536031809,11233225.536031809,1.0
2009-11-06,0.0,11345654.627946787,11345654.627946787,1.0
2009-11-09,0.0,11383593.53810263,11383593.53810263,1.0
2009-11-10,0.0,11420481.889795989,11420481.889795989,1.0
2009-11-11,0.0,11424925.968340443,11424925.968340443,1.0
2009-11-12,0.0,11484548.877060642,11484548.877060642,1.0
2009-11-13,0.0,11540915.839445597,11540915.839445597,1.0
2009-11-16,0.0,11847834.304741992,11847834.304741992,1.0
2009-11-17,0.0,11862526.226284256,11862526.226284256,1.0
2009-11-18,0.0,11892624.335874587,11892624.335874587,1.0
2009-11-19,0.0,12039148.44458347,12039148.44458347,1.0
2009-11-20,0.0,12111417.862919977,12111417.862919977,1.0
2009-11-23,0.0,12262716.444693722,12262716.444693722,1.0
2009-11-24,0.0,11767377.35155815,11767377.35155815,1.0
2009-11-25,0.0,12112373.309649857,12112373.309649857,1.0
2009-11-26,0.0,11692645.617310349,11692645.617310349,1.0
2009-11-27,0.0,11439268.074953025,11439268.074953025,1.0
2009-11-30,0.0,11891994.493589073,11891994.493589073,1.0
2009-12-01,0.0,12136491.460129268,12136491.460129268,1.0
2009-12-02,0.0,12322716.771206513,12322716.771206513,1.0
2009-12-03,0.0,12397397.104419194,12397397.104419194,1.0
2009-12-04,0.0,12226468.24940312,12226468.24940312,1.0
2009-12-07,0.0,12412302.550705055,12412302.550705055,1.0
2009-12-08,0.0,12337965.665918866,12337965.665918866,1.0
2009-12-09,0.0,12136818.845639179,12136818.845639179,1.0
2009-12-10,0.0,12282357.643046739,12282357.643046739,1.0
2009-12-11,0.0,12314005.88292335,12314005.88292335,1.0
2009-12-14,0.0,12363580.146543916,12363580.146543916,1.0
2009-12-15,0.0,12353347.869698694,12353347.869698694,1.0
2009-12-16,0.0,12284465.911759142,12284465.911759142,1.0
2009-12-17,0.0,11956849.31099124,11956849.31099124,1.0
2009-12-18,0.0,11540182.333329257,11540182.333329257,1.0
2009-12-21,0.0,11630847.957442524,11630847.957442524,1.0
2009-12-22,7887716.651722404,3380449.993595316,11268166.64531772,0.3
2009-12-23,7910862.1555314865,3390369.4952277797,11301231.650759267,0.3
2009-12-24,0.0,11422813.83399631,11422813.83399631,1.0
2009-12-25,0.0,11495374.1673742,11495374.1673742,1.0
2009-12-28,0.0,11684332.127051469,11684332.127051469,1.0
2009-12-29,0.0,11764457.614612073,11764457.614612073,1.0
2009-12-30,0.0,11763002.323959688,11763002.323959688,1.0
2009-12-31,0.0,11850050.853258096,11850050.853258096,1.0
2010-01-04,0.0,11829327.306841645,11829327.306841645,1.0
2010-01-05,0.0,11933898.319789277,11933898.319789277,1.0
2010-01-06,0.0,11963573.891020061,11963573.891020061,1.0
2010-01-07,0.0,11744468.165052027,11744468.165052027,1.0
2010-01-08,0.0,11868734.886619698,11868734.886619698,1.0
2010-01-11,0.0,11915252.206593903,11915252.206593903,1.0
2010-01-12,0.0,12142186.403164934,12142186.403164934,1.0
2010-01-13,0.0,11934502.285349114,11934502.285349114,1.0
2010-01-14,0.0,12169373.132533627,12169373.132533627,1.0
2010-01-15,0.0,12231723.079422472,12231723.079422472,1.0
2010-01-18,0.0,12406963.098892711,12406963.098892711,1.0
2010-01-19,0.0,12397319.594231093,12397319.594231093,1.0
2010-01-20,0.0,11980817.895336349,11980817.895336349,1.0
2010-01-21,0.0,12025637.175199855,12025637.175199855,1.0
2010-01-22,8185452.265049441,3508050.970735475,11693503.235784916,0.3
2010-01-25,8147876.432433622,3491947.0424715523,11639823.474905174,0.3
2010-01-26,8061236.436563976,3454815.6156702754,11516052.052234251,0.3
2010-01-27,8033236.287038896,3442815.551588098,11476051.838626994,0.3
2010-01-28,8059318.950022405,3453993.8357238877,11513312.785746293,0.3
2010-01-29,8074856.89422979,3460652.95466991,11535509.8488997,0.3
2010-02-01,8042946.544602092,3446977.090543754,11489923.635145847,0.3
2010-02-02,7975100.126322288,3417900.0541381235,11393000.180460412,0.3
2010-02-03,8017973.254069354,3436274.251744009,11454247.505813364,0.3
2010-02-04,8029150.2396383695,3441064.3884164444,11470214.628054814,0.3
2010-02-05,7971821.916475516,3416495.1070609353,11388317.023536451,0.3
2010-02-08,7969797.843066311,3415627.647028419,11385425.49009473,0.3
2010-02-09,7966515.095324626,3414220.7551391255,11380735.850463752,0.3
2010-02-10,8007315.723682958,3431706.7387212673,11439022.462404225,0.3
2010-02-11,8007802.620635807,3431915.408843917,11439718.029479723,0.3
2010-02-12,8118002.203889685,3479143.801667007,11597146.005556691,0.3
2010-02-22,8124096.192566032,3481755.511099728,11605851.70366576,0.3
2010-02-23,8133686.515826485,3485865.649639922,11619552.165466407,0.3
2010-02-24,8178982.634685379,3505278.2720080195,11684260.906693399,0.3
2010-02-25,8223561.032150697,3524383.299493156,11747944.331643853,0.3
2010-02-26,8229554.529104665,3526951.9410448563,11756506.47014952,0.3
2010-03-01,8258220.623642933,3539237.410132685,11797458.033775618,0.3
2010-03-02,8266912.07015742,3542962.315781751,11809874.385939172,0.3
2010-03-03,8286171.906498934,3551216.531356686,11837388.43785562,0.3
2010-03-04,8206078.499582005,3516890.7855351446,11722969.28511715,0.3
2010-03-05,8211657.385150565,3519281.736493099,11730939.121643664,0.3
2010-03-08,8237759.186080936,3530468.2226061155,11768227.408687051,0.3
2010-03-09,8243614.7571145445,3532977.7530490905,11776592.510163635,0.3
2010-03-10,8216818.683911627,3521493.7216764116,11738312.405588038,0.3
2010-03-11,8217552.224194769,3521808.096083472,11739360.32027824,0.3
2010-03-12,8184993.183806088,3507854.2216311805,11692847.405437268,0.3
2010-03-15,8166991.31380307,3500139.13448703,11667130.4482901,0.3
2010-03-16,8183075.828442141,3507032.497903775,11690108.326345917,0.3
2010-03-17,8243764.360028947,3533041.8685838343,11776806.22861278,0.3
2010-03-18,8255811.565381797,3538204.9565921985,11794016.521973995,0.3
2010-03-19,8271196.174663447,3544798.3605700484,11815994.535233496,0.3
2010-03-22,8280221.631867632,3548666.4136575568,11828888.04552519,0.3
2010-03-23,8272482.715758458,3545349.7353250533,11817832.451083511,0.3
2010-03-24,8285215.760389622,3550806.7544526956,11836022.514842318,0.3
2010-03-25,8256763.455210054,3538612.909375737,11795376.36458579,0.3
2010-03-26,8290258.611458506,3552967.9763393602,11843226.587797867,0.3
2010-03-29,8324130.050014576,3567484.3071491034,11891614.357163679,0.3
2010-03-30,8335641.14005812,3572417.6314534796,11908058.7715116,0.3
2010-03-31,8344983.30642665,3576421.4170399928,11921404.723466642,0.3
2010-04-01,0.0,11985190.608035155,11985190.608035155,1.0
2010-04-02,0.0,11988272.593826624,11988272.593826624,1.0
2010-04-06,0.0,12007666.75671225,12007666.75671225,1.0
2010-04-07,8421157.690687789,3609067.581723338,12030225.272411127,0.3
2010-04-08,8420125.013341239,3608625.005717674,12028750.019058913,0.3
2010-04-09,8442452.435094967,3618193.9007549854,12060646.335849952,0.3
2010-04-12,8449735.921757711,3621315.3950390187,12071051.31679673,0.3
2010-04-13,8422827.508255947,3609783.217823977,12032610.726079924,0.3
2010-04-14,0.0,12068076.835719436,12068076.835719436,1.0
2010-04-15,8405067.271401666,3602171.687743571,12007238.959145237,0.3
2010-04-16,8392102.181515098,3596615.220649327,11988717.402164424,0.3
2010-04-19,8271895.324341984,3545097.9961465644,11816993.320488548,0.3
2010-04-20,8286111.749123674,3551190.7496244316,11837302.498748105,0.3
2010-04-21,8357276.610231055,3581689.975813309,11938966.586044364,0.3
2010-04-22,8355789.642242313,3581052.703818134,11936842.346060447,0.3
2010-04-23,8347594.816034352,3577540.635443294,11925135.451477647,0.3
2010-04-26,8337551.808725676,3573236.489453861,11910788.298179537,0.3
2010-04-27,8277964.329390271,3547698.9983101157,11825663.327700386,0.3
2010-04-28,8272426.7849130295,3545325.7649627267,11817752.549875757,0.3
2010-04-29,8196476.781560839,3512775.7635260737,11709252.545086913,0.3
2010-04-30,8150270.173406019,3492972.931459722,11643243.104865741,0.3
2010-05-04,8136858.420884855,3487225.037522081,11624083.458406936,0.3
2010-05-05,6731132.9755040025,2884771.275216001,9615904.250720004,0.3
2010-05-06,6683524.115425188,2864367.4780393657,9547891.593464553,0.3
2010-05-07,6653961.648838326,2851697.8495021393,9505659.498340465,0.3
2010-05-10,6604491.371413693,2830496.3020344395,9434987.673448132,0.3
2010-05-11,6533479.570474412,2800062.6730604623,9333542.243534874,0.3
2010-05-12,6474493.591291172,2774782.9676962164,9249276.558987388,0.3
2010-05-13,6527580.976741526,2797534.704317797,9325115.681059323,0.3
2010-05-14,6545902.717657574,2805386.878996103,9351289.596653678,0.3
2010-05-17,6430020.328660522,2755722.9979973664,9185743.326657888,0.3
2010-05-18,6445955.804336397,2762552.487572741,9208508.291909138,0.3
2010-05-19,6452344.574408438,2765290.5318893306,9217635.106297769,0.3
2010-05-20,6412541.883181395,2748232.235649169,9160774.118830564,0.3
2010-05-21,6454982.819750585,2766421.2084645364,9221404.028215121,0.3
2010-05-24,6541244.060053671,2803390.311451573,9344634.371505244,0.3
2010-05-25,6536680.03276113,2801434.2997547695,9338114.3325159,0.3
2010-05-26,6541124.014993064,2803338.8635684564,9344462.878561521,0.3
2010-05-27,6583233.630798385,2821385.841770736,9404619.472569121,0.3
2010-05-28,6591732.422385851,2825028.1810225076,9416760.603408359,0.3
2010-05-31,6531082.8343845345,2799035.5004505147,9330118.334835049,0.3
2010-06-01,6495431.38069826,2783756.30601354,9279187.6867118,0.3
2010-06-02,6534456.048028678,2800481.1634408613,9334937.211469539,0.3
2010-06-03,6508170.459312104,2789215.9111337587,9297386.370445862,0.3
2010-06-04,6519803.435864664,2794201.472513427,9314004.90837809,0.3
2010-06-07,6507838.401280096,2789073.6005486124,9296912.001828708,0.3
2010-06-08,6538268.033852039,2802114.871650873,9340382.905502912,0.3
2010-06-09,6586869.316664597,2822943.9928562553,9409813.309520852,0.3
2010-06-10,6590590.861357782,2824538.9405819066,9415129.801939689,0.3
2010-06-11,6571209.39630378,2816232.5984159056,9387441.994719686,0.3
2010-06-17,6549503.819058767,2806930.208168043,9356434.02722681,0.3
2010-06-18,6463475.576089347,2770060.9611811484,9233536.537270496,0.3
2010-06-21,6517601.074346503,2793257.6032913583,9310858.677637862,0.3
2010-06-22,6535160.6897558905,2800783.1527525242,9335943.842508415,0.3
2010-06-23,6529506.934355382,2798360.114723735,9327867.049079116,0.3
2010-06-24,6527478.369151935,2797490.729636544,9324969.09878848,0.3
2010-06-25,6495583.435349653,2783821.4722927082,9279404.90764236,0.3
2010-06-28,6457550.515856354,2767521.6496527228,9225072.165509077,0.3
2010-06-29,6335442.276702104,2715189.5471580443,9050631.823860148,0.3
2010-06-30,6289994.023872191,2695711.724516653,8985705.748388844,0.3
2010-07-01,6266129.679590961,2685484.1483961255,8951613.827987086,0.3
2010-07-02,6260670.21671316,2683144.3785913545,8943814.595304515,0.3
2010-07-05,6247555.418716596,2677523.7508785413,8925079.169595137,0.3
2010-07-06,6300691.325887559,2700296.2825232395,9000987.608410798,0.3
2010-07-07,6321682.834726602,2709292.643454258,9030975.47818086,0.3
2010-07-08,6309270.714694215,2703973.163440378,9013243.878134593,0.3
2010-07-09,6365031.631807804,2727870.6993462015,9092902.331154006,0.3
2010-07-12,6384803.022294915,2736344.1524121063,9121147.174707022,0.3
2010-07-13,6361256.789467724,2726252.9097718815,9087509.699239606,0.3
2010-07-14,6387447.336825376,2737477.4300680184,9124924.766893394,0.3
2010-07-15,6343742.958148739,2718746.982063745,9062489.940212484,0.3
2010-07-16,6354583.087129113,2723392.7516267626,9077975.838755876,0.3
2010-07-19,6400239.52791509,2742959.7976778955,9143199.325592985,0.3
2010-07-20,6457458.172415143,2767482.073892204,9224940.246307347,0.3
2010-07-21,6460299.82965937,2768699.9269968728,9228999.756656243,0.3
2010-07-22,6492776.641732743,2782618.560742604,9275395.202475347,0.3
2010-07-23,6489327.027317002,2781140.1545644295,9270467.181881431,0.3
2010-07-26,6518564.544186689,2793670.5189371523,9312235.06312384,0.3
2010-07-27,6508033.755486531,2789157.323779942,9297191.079266474,0.3
2010-07-28,6548692.56203475,2806582.5265863216,9355275.088621072,0.3
2010-07-29,6570603.699567499,2815973.0141003565,9386576.713667855,0.3
2010-07-30,6565970.791783254,2813987.4821928227,9379958.273976076,0.3
2010-08-02,6596387.932779454,2827023.399762623,9423411.332542077,0.3
2010-08-03,7727278.503033897,3311690.7870145272,11038969.290048424,0.3
2010-08-04,7748841.471773587,3320932.0593315377,11069773.531105125,0.3
2010-08-05,7773323.3825032525,3331424.3067871076,11104747.68929036,0.3
2010-08-06,7819479.930727519,3351205.6845975076,11170685.615325026,0.3
2010-08-09,7857301.544985637,3367414.9478509873,11224716.492836624,0.3
2010-08-10,7789795.931722692,3338483.9707382964,11128279.902460989,0.3
2010-08-11,7823083.529372301,3352750.0840167,11175833.613389,0.3
2010-08-12,7798597.1475586,3342255.920382257,11140853.067940857,0.3
2010-08-13,7826336.94241187,3354144.403890801,11180481.346302671,0.3
2010-08-16,7878578.359187982,3376533.582509135,11255111.941697117,0.3
2010-08-17,7895649.478113651,3383849.7763344217,11279499.254448073,0.3
2010-08-18,7910364.953034157,3390156.40844321,11300521.361477368,0.3
2010-08-19,7906686.1700529475,3388579.7871655487,11295265.957218496,0.3
2010-08-20,7861981.053106045,3369420.4513311624,11231401.504437208,0.3
2010-08-23,7882827.352416141,3378354.579606917,11261181.932023058,0.3
2010-08-24,7921070.531366761,3394744.5134428972,11315815.044809658,0.3
2010-08-25,7867938.434849605,3371973.614935545,11239912.04978515,0.3
2010-08-26,7891031.219632905,3381870.522699816,11272901.742332721,0.3
2010-08-27,7897316.676065796,3384564.2897424838,11281880.96580828,0.3
2010-08-30,7961820.707151115,3412208.874493335,11374029.58164445,0.3
2010-08-31,7996706.936973002,3427160.115845572,11423867.052818574,0.3
2010-09-01,7958965.066159823,3410985.02835421,11369950.094514033,0.3
2010-09-02,8017190.971715057,3435938.9878778816,11453129.959592938,0.3
2010-09-03,8042774.778918255,3446903.476679252,11489678.255597508,0.3
2010-09-06,4586110.183007368,6879165.274511051,11465275.45751842,0.6
2010-09-07,4615879.961634481,6923819.942451721,11539699.904086202,0.6
2010-09-08,4650977.969382326,6976466.954073488,11627444.923455814,0.6
2010-09-09,4623517.565257389,6935276.347886084,11558793.913143473,0.6
2010-09-10,4660305.6297943145,6990458.444691472,11650764.074485786,0.6
2010-09-13,4703110.484033973,7054665.726050959,11757776.210084932,0.6
2010-09-14,4714805.072435341,7072207.60865301,11787012.68108835,0.6
2010-09-15,4674524.563732437,7011786.845598654,11686311.40933109,0.6
2010-09-16,8061565.028710309,3454956.440875847,11516521.469586156,0.3
2010-09-17,8048066.37890188,3449171.305243663,11497237.684145544,0.3
2010-09-20,8015419.090169108,3435179.6100724745,11450598.700241582,0.3
2010-09-21,8006998.243690822,3431570.6758674947,11438568.919558316,0.3
2010-09-27,4615003.63190052,6922505.44785078,11537509.0797513,0.6
2010-09-28,8092662.863556984,3468284.0843815645,11560946.947938548,0.3
2010-09-29,8061586.900826283,3454965.814639835,11516552.715466117,0.3
2010-09-30,4624534.137009101,6936801.205513651,11561335.342522752,0.6
2010-10-08,4697974.422785258,7046961.634177886,11744936.056963144,0.6
2010-10-11,0.0,11800452.01399039,11800452.01399039,1.0
2010-10-12,0.0,11862260.181107381,11862260.181107381,1.0
2010-10-13,0.0,11828764.576604899,11828764.576604899,1.0
2010-10-14,0.0,11481689.414499806,11481689.414499806,1.0
2010-10-15,0.0,11564501.164523665,11564501.164523665,1.0
2010-10-18,0.0,11346410.170879895,11346410.170879895,1.0
2010-10-19,0.0,11707119.066396125,11707119.066396125,1.0
2010-10-20,0.0,11753154.98899402,11753154.98899402,1.0
2010-10-21,0.0,11910865.037108282,11910865.037108282,1.0
2010-10-22,0.0,12039449.16465297,12039449.16465297,1.0
2010-10-25,0.0,12330478.863702709,12330478.863702709,1.0
2010-10-26,0.0,12435338.313167527,12435338.313167527,1.0
2010-10-27,0.0,12345012.348502964,12345012.348502964,1.0
2010-10-28,0.0,12372043.520119298,12372043.520119298,1.0
2010-10-29,0.0,12587130.851403238,12587130.851403238,1.0
2010-11-01,0.0,12944868.561639503,12944868.561639503,1.0
2010-11-02,0.0,17935904.37651008,17935904.37651008,1.0
2010-11-03,0.0,17560384.99381129,17560384.99381129,1.0
2010-11-04,0.0,18122272.568594184,18122272.568594184,1.0
2010-11-05,0.0,18276731.278727822,18276731.278727822,1.0
2010-11-08,0.0,18493611.031688277,18493611.031688277,1.0
2010-11-09,0.0,18564882.31776791,18564882.31776791,1.0
2010-11-10,0.0,18796014.960177187,18796014.960177187,1.0
2010-11-11,0.0,18555941.151224207,18555941.151224207,1.0
2010-11-12,0.0,17351170.016587503,17351170.016587503,1.0
2010-11-15,0.0,17714556.09022832,17714556.09022832,1.0
2010-11-16,0.0,17071006.52025247,17071006.52025247,1.0
2010-11-17,6579265.759769529,9868898.639654292,16448164.39942382,0.6
2010-11-18,0.0,16611929.409477154,16611929.409477154,1.0
2010-11-19,0.0,17024841.573005628,17024841.573005628,1.0
2010-11-22,0.0,17300491.32894901,17300491.32894901,1.0
2010-11-23,6795207.2118681595,10192810.81780224,16988018.0296704,0.6
2010-11-24,0.0,17260246.841363832,17260246.841363832,1.0
2010-11-25,0.0,17355227.652207956,17355227.652207956,1.0
2010-11-26,0.0,17273291.60315447,17273291.60315447,1.0
2010-11-29,0.0,17318046.73920957,17318046.73920957,1.0
2010-11-30,0.0,16935333.339850456,16935333.339850456,1.0
2010-12-01,0.0,16931110.243361,16931110.243361,1.0
2010-12-02,0.0,16968048.92166364,16968048.92166364,1.0
2010-12-03,0.0,16932592.03900524,16932592.03900524,1.0
2010-12-06,0.0,16658825.958681678,16658825.958681678,1.0
2010-12-07,0.0,16830179.808548193,16830179.808548193,1.0
2010-12-08,0.0,16871133.11916664,16871133.11916664,1.0
2010-12-09,0.0,16586311.462764498,16586311.462764498,1.0
2010-12-10,0.0,16842599.08302752,16842599.08302752,1.0
2010-12-13,0.0,17266580.509265132,17266580.509265132,1.0
2010-12-14,0.0,17526357.464920223,17526357.464920223,1.0
2010-12-15,0.0,17506317.488386367,17506317.488386367,1.0
2010-12-16,0.0,17488056.83028526,17488056.83028526,1.0
2010-12-17,0.0,17585063.290781505,17585063.290781505,1.0
2010-12-20,0.0,17448896.138121437,17448896.138121437,1.0
2010-12-21,0.0,17544587.944311213,17544587.944311213,1.0
2010-12-22,0.0,17420909.751479477,17420909.751479477,1.0
2010-12-23,0.0,17101011.851441056,17101011.851441056,1.0
2010-12-24,0.0,16843562.716036413,16843562.716036413,1.0
2010-12-27,6520303.448279992,9780455.172419986,16300758.620699978,0.6
2010-12-28,6433781.804835221,9650672.707252832,16084454.512088053,0.6
2010-12-29,6514721.527052717,9772082.290579077,16286803.817631794,0.6
2010-12-30,6530399.280578077,9795598.920867113,16325998.20144519,0.6
2010-12-31,0.0,16606194.38381046,16606194.38381046,1.0
2011-01-04,0.0,16856595.06598337,16856595.06598337,1.0
2011-01-05,0.0,16866873.036780573,16866873.036780573,1.0
2011-01-06,0.0,16861363.483672507,16861363.483672507,1.0
2011-01-07,0.0,16723465.006788265,16723465.006788265,1.0
2011-01-10,0.0,16333359.46457958,16333359.46457958,1.0
2011-01-11,0.0,16188541.525265643,16188541.525265643,1.0
2011-01-12,0.0,16255502.999836683,16255502.999836683,1.0
2011-01-13,0.0,16254214.707165774,16254214.707165774,1.0
2011-01-14,11160716.446539633,4783164.191374128,15943880.63791376,0.3
2011-01-17,11029241.576304171,4726817.818416073,15756059.394720245,0.3
2011-01-18,11033522.782319516,4728652.620994078,15762175.403313594,0.3
2011-01-19,11137254.571698375,4773109.102156446,15910363.67385482,0.3
2011-01-20,11017736.483002901,4721887.0641441,15739623.547147002,0.3
2011-01-21,11043318.42566713,4732850.753857341,15776169.17952447,0.3
2011-01-24,10962242.201631896,4698103.800699384,15660346.00233128,0.3
2011-01-25,10889517.691498924,4666936.153499539,15556453.844998464,0.3
2011-01-26,10959970.536219317,4697130.229808278,15657100.766027596,0.3
2011-01-27,11021523.895509697,4723510.240932726,15745034.136442423,0.3
2011-01-28,11063770.102001386,4741615.758000594,15805385.86000198,0.3
2011-01-31,11130078.449672416,4770033.621288178,15900112.070960592,0.3
2011-02-01,11672520.926517315,5002508.96850742,16675029.895024735,0.3
2011-02-09,11653961.413310919,4994554.8914189655,16648516.304729884,0.3
2011-02-10,11740858.973595414,5031796.702969463,16772655.676564876,0.3
2011-02-11,0.0,16805111.2035527,16805111.2035527,1.0
2011-02-14,0.0,17057709.699973684,17057709.699973684,1.0
2011-02-15,0.0,17276921.632947367,17276921.632947367,1.0
2011-02-16,0.0,17537642.92615468,17537642.92615468,1.0
2011-02-17,0.0,17752846.0595435,17752846.0595435,1.0
2011-02-18,0.0,17611351.518490132,17611351.518490132,1.0
2011-02-21,0.0,17998156.12028599,17998156.12028599,1.0
2011-02-22,0.0,17556933.130777754,17556933.130777754,1.0
2011-02-23,0.0,17733128.60465789,17733128.60465789,1.0
2011-02-24,0.0,17781133.250868276,17781133.250868276,1.0
2011-02-25,0.0,17777428.56868963,17777428.56868963,1.0
2011-02-28,0.0,17961421.63124316,17961421.63124316,1.0
2011-03-01,0.0,18076038.94641913,18076038.94641913,1.0
2011-03-02,0.0,18006169.187937927,18006169.187937927,1.0
2011-03-03,0.0,17706392.27471325,17706392.27471325,1.0
2011-03-04,0.0,17824730.696344048,17824730.696344048,1.0
2011-03-07,0.0,18016764.33944955,18016764.33944955,1.0
2011-03-08,0.0,18158062.53851561,18158062.53851561,1.0
2011-03-09,0.0,18270607.340462137,18270607.340462137,1.0
2011-03-10,0.0,18128603.968202237,18128603.968202237,1.0
2011-03-11,0.0,18072193.599112615,18072193.599112615,1.0
2011-03-14,0.0,18149280.19894018,18149280.19894018,1.0
2011-03-15,0.0,18047956.474354226,18047956.474354226,1.0
2011-03-16,0.0,18344321.930094223,18344321.930094223,1.0
2011-03-17,0.0,17985340.12363575,17985340.12363575,1.0
2011-03-18,0.0,18036397.89804021,18036397.89804021,1.0
2011-03-21,0.0,17849024.3067612,17849024.3067612,1.0
2011-03-22,0.0,17847171.16167959,17847171.16167959,1.0
2011-03-23,0.0,18064094.730735205,18064094.730735205,1.0
2011-03-24,0.0,18029271.107795075,18029271.107795075,1.0
2011-03-25,0.0,18182717.943471387,18182717.943471387,1.0
2011-03-28,0.0,18186052.42424256,18186052.42424256,1.0
2011-03-29,0.0,17898773.368585646,17898773.368585646,1.0
2011-03-30,0.0,17752168.206471976,17752168.206471976,1.0
2011-03-31,0.0,17540812.618701216,17540812.618701216,1.0
2011-04-01,0.0,17643318.078782372,17643318.078782372,1.0
2011-04-06,0.0,17605384.609978784,17605384.609978784,1.0
2011-04-07,0.0,17699243.346471343,17699243.346471343,1.0
2011-04-08,0.0,17906576.03459646,17906576.03459646,1.0
2011-04-11,0.0,17882056.671553794,17882056.671553794,1.0
2011-04-12,0.0,17738751.333030224,17738751.333030224,1.0
2011-04-13,0.0,17875293.186314054,17875293.186314054,1.0
2011-04-14,0.0,17904302.964141093,17904302.964141093,1.0
2011-04-15,0.0,17875027.529079508,17875027.529079508,1.0
2011-04-18,0.0,17901291.982092418,17901291.982092418,1.0
2011-04-19,0.0,17693270.269046508,17693270.269046508,1.0
2011-04-20,0.0,17848977.495291613,17848977.495291613,1.0
2011-04-21,0.0,17962494.0735191,17962494.0735191,1.0
2011-04-22,0.0,17838210.849343434,17838210.849343434,1.0
2011-04-25,0.0,17569363.355303846,17569363.355303846,1.0
2011-04-26,0.0,17333229.509666335,17333229.509666335,1.0
2011-04-27,11968216.78980298,5129235.76705842,17097452.5568614,0.3
2011-04-28,11857854.211593151,5081937.519254208,16939791.73084736,0.3
2011-04-29,11913062.882071601,5105598.378030686,17018661.260102287,0.3
2011-05-03,0.0,17071576.336639993,17071576.336639993,1.0
2011-05-04,10454116.185279794,4480335.507977054,14934451.693256848,0.3
2011-05-05,10455810.332263904,4481061.570970245,14936871.903234148,0.3
2011-05-06,10473881.695044197,4488806.440733227,14962688.135777425,0.3
2011-05-09,10506652.104258277,4502850.901824975,15009503.006083252,0.3
2011-05-10,10535729.733629297,4515312.742983985,15051042.476613283,0.3
2011-05-11,10549569.121247666,4521243.909106143,15070813.030353809,0.3
2011-05-12,10495708.469288975,4498160.7725524185,14993869.241841394,0.3
2011-05-13,10543949.835949142,4518835.643978204,15062785.479927346,0.3
2011-05-16,10549249.868399257,4521107.086456824,15070356.954856081,0.3
2011-05-17,10524174.941085458,4510360.689036625,15034535.630122084,0.3
2011-05-18,10529101.37315031,4512472.017064419,15041573.390214728,0.3
2011-05-19,10531361.32006568,4513440.565742434,15044801.885808114,0.3
2011-05-20,10516072.005914401,4506888.002534743,15022960.008449145,0.3
2011-05-23,10388349.01963894,4452149.57984526,14840498.599484202,0.3
2011-05-24,10383253.406439114,4449965.745616763,14833219.152055878,0.3
2011-05-25,10358799.65026106,4439485.564397597,14798285.214658655,0.3
2011-05-26,10323208.770917263,4424232.330393112,14747441.101310376,0.3
2011-05-27,10211240.841261078,4376246.074826175,14587486.916087253,0.3
2011-05-30,10134307.682641555,4343274.721132095,14477582.40377365,0.3
2011-05-31,10201066.822891716,4371885.7812393075,14572952.604131024,0.3
2011-06-01,10234446.267939763,4386191.25768847,14620637.525628233,0.3
2011-06-02,10198037.51222932,4370587.505241137,14568625.017470457,0.3
2011-06-03,10262385.430956695,4398165.184695727,14660550.615652423,0.3
2011-06-07,10298861.03626813,4413797.586972056,14712658.623240186,0.3
2011-06-08,10342711.817613762,4432590.778977326,14775302.596591087,0.3
2011-06-09,10268374.003483266,4400731.715778542,14669105.719261806,0.3
2011-06-10,10287774.467806028,4409046.200488297,14696820.668294325,0.3
2011-06-13,10284275.507607743,4407546.646117604,14691822.153725348,0.3
2011-06-14,10331366.98474431,4427728.707747561,14759095.69249187,0.3
2011-06-15,10302713.42849262,4415448.612211123,14718162.040703744,0.3
2011-06-16,10222845.366553128,4381219.442808483,14604064.80936161,0.3
2011-06-17,10188702.539842227,4366586.802789526,14555289.342631754,0.3
2011-06-20,10160774.30920275,4354617.561086892,14515391.870289642,0.3
2011-06-21,10206168.789548326,4374072.338377855,14580241.127926182,0.3
2011-06-22,10210679.601934884,4376005.543686378,14586685.14562126,0.3
2011-06-23,10263045.190934554,4398447.938971952,14661493.129906505,0.3
2011-06-24,10324380.702133771,4424734.586628759,14749115.28876253,0.3
2011-06-27,10365914.165662214,4442534.642426663,14808448.808088876,0.3
2011-06-28,10376299.91504615,4446985.677876921,14823285.592923071,0.3
2011-06-29,10325173.967310715,4425074.557418878,14750248.524729595,0.3
2011-06-30,10364551.236871824,4441950.530087925,14806501.76695975,0.3
2011-07-01,10392353.966487344,4453865.985637433,14846219.952124778,0.3
2011-07-04,10462848.4808757,4484077.920375301,14946926.401251001,0.3
2011-07-05,10502210.335935222,4500947.28682938,15003157.622764602,0.3
2011-07-06,10508959.027443612,4503839.583190119,15012798.61063373,0.3
2011-07-07,10503344.975138262,4501433.56077354,15004778.535911802,0.3
2011-07-08,10508568.301752452,4503672.1293224795,15012240.431074932,0.3
2011-07-11,10525704.472534046,4511016.202514591,15036720.675048636,0.3
2011-07-12,10476435.355695056,4489900.8667264525,14966336.222421508,0.3
2011-07-13,10532999.352310494,4514142.57956164,15047141.931872133,0.3
2011-07-14,10557732.86716951,4524742.657358362,15082475.524527874,0.3
2011-07-15,10570278.947562646,4530119.54895542,15100398.496518066,0.3
2011-07-18,10575631.990951844,4532413.710407932,15108045.701359775,0.3
2011-07-19,10556632.669575498,4524271.144103784,15080903.813679282,0.3
2011-07-20,10554712.230657004,4523448.098853002,15078160.329510007,0.3
2011-07-21,10513993.91894427,4505997.393833258,15019991.312777527,0.3
2011-07-22,10534077.167801231,4514604.500486243,15048681.668287475,0.3
2011-07-25,10393240.161075283,4454245.7833179785,14847485.944393262,0.3
2011-07-26,10414798.844479067,4463485.219062457,14878284.063541524,0.3
2011-07-27,10455146.426628612,4480777.039983691,14935923.466612302,0.3
2011-07-28,10435919.086433489,4472536.751328638,14908455.837762127,0.3
2011-07-29,10402295.599541515,4458126.685517792,14860422.285059307,0.3
2011-08-01,10419719.759930272,4465594.182827259,14885313.942757532,0.3
2011-08-02,10407985.626292914,4460565.268411249,14868550.894704163,0.3
2011-08-03,10414113.841764782,4463191.64647062,14877305.488235403,0.3
2011-08-04,10442963.418171635,4475555.750644986,14918519.16881662,0.3
2011-08-05,10364040.064261604,4441731.456112116,14805771.52037372,0.3
2011-08-08,10198560.993835311,4370811.854500847,14569372.848336158,0.3
2011-08-09,10183276.098882083,4364261.185235177,14547537.28411726,0.3
2011-08-10,10225586.196520235,4382394.0842229575,14607980.280743193,0.3
2011-08-11,10269795.360056825,4401340.868595782,14671136.228652608,0.3
2011-08-12,10309516.3940439,4418364.168875956,14727880.562919855,0.3
2011-08-15,10356278.523369245,4438405.081443962,14794683.604813207,0.3
2011-08-16,10336422.563816842,4429895.384492931,14766317.948309772,0.3
2011-08-17,10325964.186983176,4425413.222992789,14751377.409975965,0.3
2011-08-18,10292525.292410921,4411082.268176109,14703607.56058703,0.3
2011-08-19,10256646.222896043,4395705.524098304,14652351.746994346,0.3
2011-08-22,10235780.660838477,4386763.140359348,14622543.801197825,0.3
2011-08-23,10287884.570187008,4409093.387223003,14696977.957410011,0.3
2011-08-24,10285858.27355877,4408224.97438233,14694083.2479411,0.3
2011-08-25,10337005.78610567,4430145.33690243,14767151.1230081,0.3
2011-08-26,10341968.976382595,4432272.418449684,14774241.39483228,0.3
2011-08-29,10325574.383072224,4425246.164173811,14750820.547246035,0.3
2011-08-30,10296435.731005259,4412758.170430825,14709193.901436083,0.3
2011-08-31,10282136.519822635,4406629.937066843,14688766.456889477,0.3
2011-09-01,10258402.338012662,4396458.144862569,14654860.48287523,0.3
2011-09-02,10226948.434398424,4382977.900456468,14609926.334854892,0.3
2011-09-05,10140761.857382042,4346040.796020875,14486802.653402917,0.3
2011-09-06,10120270.109333316,4337258.618285706,14457528.727619022,0.3
2011-09-07,10187292.712851346,4365982.591222006,14553275.304073352,0.3
2011-09-08,10156890.741440637,4352953.17490313,14509843.916343767,0.3
2011-09-09,10146891.865310967,4348667.942276129,14495559.807587095,0.3
2011-09-13,10100693.83203895,4328868.78515955,14429562.6171985,0.3
2011-09-14,10143506.152650978,4347216.922564705,14490723.075215684,0.3
2011-09-15,10151012.89758638,4350434.09896559,14501446.996551968,0.3
2011-09-16,10167631.646376152,4357556.419875492,14525188.066251643,0.3
2011-09-19,10106641.044550292,4331417.590521554,14438058.635071848,0.3
2011-09-20,10124654.130006734,4339137.4842886,14463791.614295334,0.3
2011-09-21,10213777.08137054,4377333.034873088,14591110.116243627,0.3
2011-09-22,10138154.506138306,4344923.359773559,14483077.865911864,0.3
2011-09-23,10104973.69549685,4330703.012355792,14435676.707852641,0.3
2011-09-26,10056453.812728882,4309908.776883806,14366362.589612687,0.3
2011-09-27,10056028.357935227,4309726.439115098,14365754.797050325,0.3
2011-09-28,10001991.514662761,4286567.791998326,14288559.306661086,0.3
2011-09-29,9884016.5940255,4236007.111725214,14120023.705750715,0.3
2011-09-30,9879116.723432986,4233907.167185565,14113023.890618552,0.3
2011-10-10,9862766.71262113,4226900.019694771,14089666.732315902,0.3
2011-10-11,9854294.559948657,4223269.097120852,14077563.657069508,0.3
2011-10-12,9955721.0685194,4266737.6007940285,14222458.669313429,0.3
2011-10-13,9986351.429931635,4279864.8985421285,14266216.328473764,0.3
2011-10-14,9977144.637440238,4275919.13033153,14253063.76777177,0.3
2011-10-17,9998125.290962275,4284910.838983831,14283036.129946105,0.3
2011-10-18,9907060.175855696,4245882.932509584,14152943.10836528,0.3
2011-10-19,9903252.33704158,4244251.001589247,14147503.338630825,0.3
2011-10-20,9815640.196388748,4206702.941309462,14022343.137698209,0.3
2011-10-21,9751901.055652395,4179386.166708169,13931287.222360564,0.3
2011-10-24,9796669.246743985,4198572.53431885,13995241.781062834,0.3
2011-10-25,9874527.85137032,4231940.507730137,14106468.359100457,0.3
2011-10-26,9893847.840055758,4240220.502881039,14134068.342936797,0.3
2011-10-27,9895232.549242588,4240813.949675394,14136046.498917982,0.3
2011-10-28,9950784.67910099,4264622.005328996,14215406.684429986,0.3
2011-10-31,9973325.571692402,4274282.387868172,14247607.959560573,0.3
2011-11-01,8699169.58707239,3728215.537316738,12427385.124389127,0.3
2011-11-02,8724469.380422536,3739058.3058953723,12463527.686317908,0.3
2011-11-03,8738008.876465412,3744860.947056605,12482869.823522016,0.3
2011-11-04,8761501.517078113,3754929.2216049056,12516430.738683019,0.3
2011-11-07,8753663.640745468,3751570.131748058,12505233.772493526,0.3
2011-11-08,8725174.84005413,3739360.645737484,12464535.485791614,0.3
2011-11-09,8760855.784596419,3754652.4791127504,12515508.263709169,0.3
2011-11-10,8723055.404581144,3738452.3162490623,12461507.720830208,0.3
2011-11-11,8726235.563705824,3739815.2415882098,12466050.805294033,0.3
2011-11-14,8791020.456956267,3767580.1958384006,12558600.652794668,0.3
2011-11-15,8809877.914522246,3775661.963366677,12585539.877888924,0.3
2011-11-16,8760817.778940286,3754636.1909744083,12515453.969914695,0.3
2011-11-17,8776506.445885407,3761359.9053794597,12537866.351264866,0.3
2011-11-18,8701838.098521993,3729359.1850808533,12431197.283602845,0.3
2011-11-21,8698321.433800356,3727852.043057296,12426173.476857653,0.3
2011-11-22,8702264.624899372,3729541.982099731,12431806.606999103,0.3
2011-11-23,8698798.039087456,3728056.3024660526,12426854.34155351,0.3
2011-11-24,8704417.592781171,3730464.682620502,12434882.275401674,0.3
2011-11-25,8693940.424323833,3725974.467567357,12419914.891891189,0.3
2011-11-28,8685761.250800923,3722469.1074861097,12408230.358287033,0.3
2011-11-29,8712691.533683855,3734010.6572930804,12446702.190976935,0.3
2011-11-30,8611641.324174128,3690703.4246460544,12302344.748820182,0.3
2011-12-01,8654865.042350188,3709227.8752929377,12364092.917643126,0.3
2011-12-02,8599837.2359731,3685644.5297027566,12285481.765675856,0.3
2011-12-05,8514368.1629127,3649014.926962585,12163383.089875285,0.3
2011-12-06,8496822.246700648,3641495.248585992,12138317.49528664,0.3
2011-12-07,8500503.67040769,3643073.001603295,12143576.672010984,0.3
2011-12-08,8503068.50872511,3644172.2180250473,12147240.726750158,0.3
2011-12-09,8475660.089093218,3632425.7524685212,12108085.841561738,0.3
2011-12-12,8442285.189077903,3618122.223890529,12060407.41296843,0.3
2011-12-13,8334204.83867353,3571802.073717227,11906006.912390757,0.3
2011-12-14,8278385.496795511,3547879.4986266475,11826264.995422158,0.3
2011-12-15,8189317.12606856,3509707.3397436687,11699024.465812229,0.3
2011-12-16,8237744.331313206,3530461.856277088,11768206.187590294,0.3
2011-12-19,8222480.285352012,3523920.1222937196,11746400.407645732,0.3
2011-12-20,8237907.959111117,3530531.982476193,11768439.94158731,0.3
2011-12-21,8166370.861617109,3499873.2264073323,11666244.088024441,0.3
2011-12-22,8124989.6479258025,3482138.4205396296,11607128.068465432,0.3
2011-12-23,8146492.752515284,3491354.036792265,11637846.78930755,0.3
2011-12-26,8129468.319290137,3484057.8511243444,11613526.170414481,0.3
2011-12-27,8069850.341161124,3458507.2890690533,11528357.630230177,0.3
2011-12-28,8064689.985898076,3456295.708242032,11520985.694140108,0.3
2011-12-29,8070494.090812057,3458783.181776596,11529277.272588653,0.3
2011-12-30,8105696.717863563,3473870.0219415273,11579566.739805091,0.3
2012-01-04,8041837.818369418,3446501.922158322,11488339.74052774,0.3
2012-01-05,7951850.594662147,3407935.9691409203,11359786.563803067,0.3
2012-01-06,7955126.258527443,3409339.825083189,11364466.083610632,0.3
2012-01-09,8055206.588843745,3452231.3952187477,11507437.984062493,0.3
2012-01-10,8151262.468378272,3493398.200733545,11644660.669111816,0.3
2012-01-11,8166908.315775592,3500103.563903825,11667011.879679417,0.3
2012-01-12,8176432.64605679,3504185.4197386242,11680618.065795414,0.3
2012-01-13,8123262.273244001,3481398.117104572,11604660.390348572,0.3
2012-01-16,8034583.382460408,3443392.8781973175,11477976.260657726,0.3
2012-01-17,8165800.896465903,3499628.955628244,11665429.852094147,0.3
2012-01-18,8131853.199728345,3485079.942740719,11616933.142469063,0.3
2012-01-19,8148093.472208412,3492040.0595178907,11640133.531726303,0.3
2012-01-20,8161561.691905714,3497812.153673877,11659373.84557959,0.3
2012-01-30,8154643.737733435,3494847.3161714715,11649491.053904906,0.3
2012-01-31,8181548.535722727,3506377.9438811685,11687926.479603896,0.3
2012-02-01,9016052.429265529,3864022.4696852267,12880074.898950756,0.3
2012-02-02,9047507.039278563,3877503.01683367,12925010.056112234,0.3
2012-02-03,9082501.743728675,3892500.7473122887,12975002.491040964,0.3
2012-02-06,9113287.475832563,3905694.632499669,13018982.108332232,0.3
2012-02-07,9073136.422359241,3888487.03815396,12961623.4605132,0.3
2012-02-08,9156952.790269367,3924408.338686872,13081361.12895624,0.3
2012-02-09,9189621.259358251,3938409.111153536,13128030.370511787,0.3
2012-02-10,9245872.111621784,3962516.6192664783,13208388.730888262,0.3
2012-02-13,9282913.419872897,3978391.4656598126,13261304.885532709,0.3
2012-02-14,9295106.140648942,3983616.9174209754,13278723.058069918,0.3
2012-02-15,9336456.398657057,4001338.45656731,13337794.855224367,0.3
2012-02-16,9326487.409953173,3997066.0328370733,13323553.442790246,0.3
2012-02-17,9362460.200805414,4012482.9432023196,13374943.144007733,0.3
2012-02-20,9356778.693511851,4010048.0115050785,13366826.70501693,0.3
2012-02-21,9410889.725098785,4033238.4536137646,13444128.178712549,0.3
2012-02-22,5416950.637040231,8125425.955560345,13542376.592600577,0.6
2012-02-23,5480844.588210066,8221266.882315098,13702111.470525164,0.6
2012-02-24,5471533.023875844,8207299.535813764,13678832.559689607,0.6
2012-02-27,5477002.194845763,8215503.292268644,13692505.487114407,0.6
2012-02-28,5460927.113479201,8191390.670218799,13652317.783698,0.6
2012-02-29,5464857.7013413645,8197286.552012045,13662144.25335341,0.6
2012-03-01,5454815.867440596,8182223.801160894,13637039.66860149,0.6
2012-03-02,5504946.727022741,8257420.09053411,13762366.81755685,0.6
2012-03-05,5516998.28130763,8275497.4219614435,13792495.703269074,0.6
2012-03-06,5477531.33359945,8216297.000399174,13693828.333998624,0.6
2012-03-07,5485023.914482113,8227535.871723168,13712559.78620528,0.6
2012-03-08,5516230.731033644,8274346.096550465,13790576.827584108,0.6
2012-03-09,5543550.539184018,8315325.808776026,13858876.347960044,0.6
2012-03-12,5554797.881821592,8332196.822732388,13886994.70455398,0.6
2012-03-13,5582240.060524992,8373360.090787486,13955600.151312478,0.6
2012-03-14,5482791.062616575,8224186.5939248605,13706977.656541435,0.6
2012-03-15,5428469.588896579,8142704.383344867,13571173.972241446,0.6
2012-03-16,5494083.524223089,8241125.286334632,13735208.810557721,0.6
2012-03-19,5510352.621604773,8265528.932407158,13775881.554011932,0.6
2012-03-20,5450972.555449718,8176458.833174576,13627431.388624294,0.6
2012-03-21,5440854.598004565,8161281.897006847,13602136.495011412,0.6
2012-03-22,5416833.185385,8125249.778077498,13542082.963462498,0.6
2012-03-23,5344514.461295021,8016771.691942531,13361286.153237551,0.6
2012-03-26,5337989.58413058,8006984.3761958685,13344973.960326448,0.6
2012-03-27,9393800.95999541,4025914.6971408892,13419715.657136299,0.3
2012-03-28,9279970.736545373,3977130.315662302,13257101.052207675,0.3
2012-03-29,9195337.907816757,3940859.1033500386,13136197.011166796,0.3
2012-03-30,9153061.309107106,3922740.5610459023,13075801.870153008,0.3
2012-04-05,9232220.662791496,3956665.998339212,13188886.661130708,0.3
2012-04-06,9261876.53579075,3969375.658196036,13231252.193986787,0.3
2012-04-09,9242248.246799463,3960963.5343426266,13203211.78114209,0.3
2012-04-10,9257174.395939374,3967360.4554025885,13224534.851341963,0.3
2012-04-11,9257994.883802585,3967712.09305825,13225706.976860834,0.3
2012-04-12,5332646.758545033,7998970.137817548,13331616.89636258,0.6
2012-04-13,5363285.720458545,8044928.580687815,13408214.30114636,0.6
2012-04-16,5361300.092177601,8041950.1382664,13403250.230444001,0.6
2012-04-17,5347972.569649458,8021958.854474187,13369931.424123645,0.6
2012-04-18,5350758.198569544,8026137.297854314,13376895.496423857,0.6
2012-04-19,5339774.762165851,8009662.143248775,13349436.905414626,0.6
2012-04-20,5358879.882746749,8038319.824120123,13397199.706866872,0.6
2012-04-23,5272970.863985043,7909456.2959775645,13182427.159962608,0.6
2012-04-24,5208926.659979849,7813389.989969772,13022316.649949621,0.6
2012-04-25,5252914.118280996,7879371.177421493,13132285.29570249,0.6
2012-04-26,5242750.441658259,7864125.662487389,13106876.104145648,0.6
2012-04-27,5214112.788916369,7821169.183374553,13035281.972290922,0.6
2012-05-02,5241685.767227738,7862528.650841606,13104214.418069344,0.6
2012-05-03,6616686.1853662655,9925029.278049398,16541715.463415664,0.6
2012-05-04,6671877.405021809,10007816.107532714,16679693.512554523,0.6
2012-05-07,6713941.56842909,10070912.352643635,16784853.921072725,0.6
2012-05-08,6715173.971837347,10072760.957756022,16787934.92959337,0.6
2012-05-09,6667313.335266186,10000970.002899278,16668283.338165464,0.6
2012-05-10,6682975.843194243,10024463.764791364,16707439.607985606,0.6
2012-05-11,6646976.943280781,9970465.414921172,16617442.358201953,0.6
2012-05-14,6643903.4607455935,9965855.191118391,16609758.651863985,0.6
2012-05-15,6655473.57634077,9983210.364511155,16638683.940851925,0.6
2012-05-16,6611317.673119336,9916976.509679005,16528294.18279834,0.6
2012-05-17,6656332.730783541,9984499.09617531,16640831.82695885,0.6
2012-05-18,6597867.208723124,9896800.813084684,16494668.021807808,0.6
2012-05-21,6614695.090647867,9922042.635971801,16536737.726619668,0.6
2012-05-22,6673108.425573591,10009662.638360385,16682771.063933976,0.6
2012-05-23,6681184.257770486,10021776.38665573,16702960.644426215,0.6
2012-05-24,6656664.218265222,9984996.327397835,16641660.545663057,0.6
2012-05-25,6612969.702167774,9919454.55325166,16532424.255419433,0.6
2012-05-28,6670405.456874529,10005608.18531179,16676013.64218632,0.6
2012-05-29,6721149.215015126,10081723.822522687,16802873.037537813,0.6
2012-05-30,6737692.345261872,10106538.517892808,16844230.86315468,0.6
2012-05-31,6743838.2202590555,10115757.330388583,16859595.55064764,0.6
2012-06-01,6741743.802236611,10112615.703354916,16854359.505591527,0.6
2012-06-04,6626424.631226353,9939636.94683953,16566061.578065883,0.6
2012-06-05,6627151.959422421,9940727.93913363,16567879.89855605,0.6
2012-06-06,6628879.016295081,9943318.524442619,16572197.5407377,0.6
2012-06-07,6624456.59835322,9936684.897529827,16561141.495883048,0.6
2012-06-08,11589494.56151954,4966926.240651232,16556420.802170774,0.3
2012-06-11,6656404.739627514,9984607.10944127,16641011.849068783,0.6
2012-06-12,6666841.8996778,10000262.8495167,16667104.7491945,0.6
2012-06-13,6729331.230342977,10093996.845514465,16823328.075857442,0.6
2012-06-14,6712512.289750913,10068768.434626369,16781280.724377282,0.6
2012-06-15,6704173.075556155,10056259.613334231,16760432.688890386,0.6
2012-06-18,6740742.081172347,10111113.12175852,16851855.202930868,0.6
2012-06-19,6709765.193558788,10064647.790338183,16774412.98389697,0.6
2012-06-20,6692393.840369893,10038590.760554837,16730984.60092473,0.6
2012-06-21,11637270.133952182,4987401.485979507,16624671.619931689,0.3
2012-06-25,11557657.399011597,4953281.742433541,16510939.141445138,0.3
2012-06-26,11565545.677697271,4956662.43329883,16522208.110996101,0.3
2012-06-27,11581627.830480233,4963554.784491528,16545182.61497176,0.3
2012-06-28,11552889.469622351,4951238.344123864,16504127.813746214,0.3
2012-06-29,11596297.527469957,4969841.797487125,16566139.324957082,0.3
2012-07-02,11649263.096951272,4992541.327264831,16641804.424216105,0.3
2012-07-03,11668367.226752162,5000728.811465212,16669096.038217373,0.3
2012-07-04,11656735.927393742,4995743.968883032,16652479.896276774,0.3
2012-07-05,11604866.313096948,4973514.134184406,16578380.447281355,0.3
2012-07-06,11686521.908703279,5008509.389444262,16695031.29814754,0.3
2012-07-09,11642616.855774079,4989692.93818889,16632309.793962969,0.3
2012-07-10,11630657.410723967,4984567.4617388435,16615224.872462811,0.3
2012-07-11,11655422.570225045,4995181.101525019,16650603.671750065,0.3
2012-07-12,11700199.391854282,5014371.16793755,16714570.559791833,0.3
2012-07-13,11691034.91874107,5010443.536603316,16701478.455344386,0.3
2012-07-16,11595089.240275826,4969323.960118211,16564413.200394036,0.3
2012-07-17,11614820.99733689,4977780.427430096,16592601.424766988,0.3
2012-07-18,11630309.891309083,4984418.524846749,16614728.416155832,0.3
2012-07-19,11650042.307653967,4992875.274708844,16642917.582362812,0.3
2012-07-20,11636328.670111082,4986998.001476179,16623326.671587262,0.3
2012-07-23,11607347.441007612,4974577.474717548,16581924.91572516,0.3
2012-07-24,11630718.757449899,4984593.753192813,16615312.510642711,0.3
2012-07-25,11612550.307421796,4976807.27460934,16589357.582031136,0.3
2012-07-26,11594122.543331854,4968909.6614279365,16563032.20475979,0.3
2012-07-27,11573342.66603351,4960003.999728647,16533346.665762156,0.3
2012-07-30,11500427.564421494,4928754.670466355,16429182.23488785,0.3
2012-07-31,11458834.704179807,4910929.158934202,16369763.863114009,0.3
2012-08-01,11328162.27923315,4854926.691099921,16183088.970333071,0.3
2012-08-02,11308270.903919693,4846401.815965583,16154672.719885277,0.3
2012-08-03,11391784.135113351,4882193.200762864,16273977.335876215,0.3
2012-08-06,11491752.093605027,4925036.611545011,16416788.705150038,0.3
2012-08-07,11534173.056568436,4943217.024243616,16477390.080812052,0.3
2012-08-08,11510462.275056984,4933055.260738707,16443517.535795692,0.3
2012-08-09,11571168.076021742,4959072.032580745,16530240.108602487,0.3
2012-08-10,11552667.503679868,4951143.2158628,16503810.719542667,0.3
2012-08-13,11494013.295723181,4926005.698167077,16420018.99389026,0.3
2012-08-14,11518802.56046341,4936629.668770032,16455432.229233442,0.3
2012-08-15,11489321.626730818,4923994.982884635,16413316.609615453,0.3
2012-08-16,11453428.71676429,4908612.307184695,16362041.023948986,0.3
2012-08-17,11456940.274730906,4910117.2605989585,16367057.535329863,0.3
2012-08-20,11467543.107327022,4914661.331711581,16382204.439038603,0.3
2012-08-21,11523749.408516595,4938749.746507112,16462499.155023707,0.3
2012-08-22,11502492.809245288,4929639.775390837,16432132.584636126,0.3
2012-08-23,11501254.020878352,4929108.866090722,16430362.886969075,0.3
2012-08-24,11425483.625658477,4896635.839567918,16322119.465226395,0.3
2012-08-27,11352703.29954103,4865444.27123187,16218147.570772901,0.3
2012-08-28,11374429.08068896,4874755.320295268,16249184.400984228,0.3
2012-08-29,11359794.726471413,4868483.4542020345,16228278.180673448,0.3
2012-08-30,11285816.862947945,4836778.655549118,16122595.518497063,0.3
2012-08-31,11303807.043416513,4844488.732892791,16148295.776309304,0.3
2012-09-03,11373677.076192189,4874433.032653795,16248110.108845983,0.3
2012-09-04,11344172.30200284,4861788.129429788,16205960.431432629,0.3
2012-09-05,11364345.88741649,4870433.951749924,16234779.839166414,0.3
2012-09-06,11381869.419601636,4877944.03697213,16259813.456573766,0.3
2012-09-07,11489810.714061242,4924204.591740533,16414015.305801775,0.3
2012-09-10,11511253.310856644,4933394.276081419,16444647.586938063,0.3
2012-09-11,11494861.19793012,4926369.084827195,16421230.282757316,0.3
2012-09-12,11511448.246948948,4933477.820120977,16444926.067069925,0.3
2012-09-13,11474736.664247666,4917744.284677572,16392480.948925238,0.3
2012-09-14,11466999.931013208,4914428.541862803,16381428.47287601,0.3
2012-09-17,11370478.475823028,4873062.203924155,16243540.679747183,0.3
2012-09-18,11357694.15853349,4867583.210800067,16225277.369333556,0.3
2012-09-19,11381402.402468622,4877743.886772267,16259146.28924089,0.3
2012-09-20,11291055.684960794,4839023.864983197,16130079.549943991,0.3
2012-09-21,11263992.96217746,4827425.55521891,16091418.517396368,0.3
2012-09-24,11280176.530177496,4834361.370076071,16114537.900253568,0.3
2012-09-25,11264176.36793521,4827504.157686518,16091680.525621727,0.3
2012-09-26,11178826.013888026,4790925.434523439,15969751.448411465,0.3
2012-09-27,11245313.699054696,4819420.156737726,16064733.855792422,0.3
2012-09-28,11314024.8661406,4848867.799774542,16162892.665915143,0.3
2012-10-08,11312515.209028006,4848220.803869144,16160736.012897149,0.3
2012-10-09,11403631.394190729,4887270.597510312,16290901.99170104,0.3
2012-10-10,11439216.871274404,4902521.516260459,16341738.387534864,0.3
2012-10-11,11392317.500434557,4882421.785900524,16274739.28633508,0.3
2012-10-12,11376591.720432926,4875682.165899825,16252273.88633275,0.3
2012-10-15,11368491.01730087,4872210.435986088,16240701.453286959,0.3
2012-10-16,11404155.791837046,4887495.339358734,16291651.13119578,0.3
2012-10-17,11404510.14429852,4887647.2046993645,16292157.348997883,0.3
2012-10-18,11459641.02773482,4911274.726172066,16370915.753906887,0.3
2012-10-19,11449225.02632846,4906810.725569339,16356035.751897797,0.3
2012-10-22,11473350.769515239,4917150.329792245,16390501.099307485,0.3
2012-10-23,11432396.287487058,4899598.408923024,16331994.696410082,0.3
2012-10-24,11428473.961030662,4897917.411870283,16326391.372900944,0.3
2012-10-25,11390405.746140577,4881602.462631675,16272008.208772251,0.3
2012-10-26,11321287.184335843,4851980.221858218,16173267.406194061,0.3
2012-10-29,11310813.961674526,4847491.69786051,16158305.659535035,0.3
2012-10-30,11317088.564554472,4850180.813380488,16167269.37793496,0.3
2012-10-31,11331284.70866992,4856264.875144251,16187549.58381417,0.3
2012-11-01,10327824.735159794,4426210.600782769,14754035.335942563,0.3
2012-11-02,10334733.312382707,4429171.419592589,14763904.731975297,0.3
2012-11-05,10312678.93156606,4419719.542099739,14732398.473665798,0.3
2012-11-06,10298673.257275304,4413717.110260844,14712390.367536148,0.3
2012-11-07,10289613.260439966,4409834.254474271,14699447.514914237,0.3
2012-11-08,10230318.399567932,4384422.171243399,14614740.570811331,0.3
2012-11-09,10222693.388820311,4381154.309494419,14603847.69831473,0.3
2012-11-12,10219344.15785837,4379718.924796443,14599063.082654813,0.3
2012-11-13,10147795.988094036,4349055.423468872,14496851.411562908,0.3
2012-11-14,10154930.605529893,4352113.116655667,14507043.72218556,0.3
2012-11-15,10111862.574844575,4333655.389219103,14445517.964063678,0.3
2012-11-16,10089867.074749283,4324228.74632112,14414095.821070403,0.3
2012-11-19,10097468.671913609,4327486.57367726,14424955.24559087,0.3
2012-11-20,10104124.184549272,4330338.936235402,14434463.120784674,0.3
2012-11-21,10124851.17298306,4339221.931278454,14464073.104261514,0.3
2012-11-22,10096098.822925273,4326899.495539402,14422998.318464674,0.3
2012-11-23,10104092.139624596,4330325.202696255,14434417.342320852,0.3
2012-11-26,10063003.691857321,4312715.867938852,14375719.559796173,0.3
2012-11-27,9959610.478820216,4268404.490922949,14228014.969743166,0.3
2012-11-28,9890112.12886165,4238619.483797849,14128731.612659499,0.3
2012-11-29,9852230.811106332,4222384.633331285,14074615.444437617,0.3
2012-11-30,9893505.01158035,4240073.576391578,14133578.587971928,0.3
2012-12-03,9842360.196805187,4218154.370059365,14060514.566864552,0.3
2012-12-04,9866984.319978151,4228707.565704922,14095691.885683075,0.3
2012-12-05,9971372.080216596,4273445.177235683,14244817.25745228,0.3
2012-12-06,9970253.822242692,4272965.923818297,14243219.74606099,0.3
2012-12-07,10024476.285656702,4296204.1224243,14320680.408081,0.3
2012-12-10,10063884.396707479,4313093.312874634,14376977.709582113,0.3
2012-12-11,10046599.32532016,4305685.425137211,14352284.75045737,0.3
2012-12-12,10047864.27444198,4306227.54618942,14354091.8206314,0.3
2012-12-13,10014916.58975222,4292107.109893807,14307023.699646026,0.3
2012-12-14,5779843.04979774,8669764.57469661,14449607.62449435,0.6
2012-12-17,5779625.407756036,8669438.111634053,14449063.51939009,0.6
2012-12-18,5753811.9963658955,8630717.994548844,14384529.99091474,0.6
2012-12-19,5770565.53375487,8655848.300632304,14426413.834387174,0.6
2012-12-20,5780567.498133082,8670851.247199623,14451418.745332705,0.6
2012-12-21,5805420.411848098,8708130.617772145,14513551.029620243,0.6
2012-12-24,5855718.569225455,8783577.85383818,14639296.423063634,0.6
2012-12-25,0.0,14831728.674126716,14831728.674126716,1.0
2012-12-26,0.0,15019896.548902052,15019896.548902052,1.0
2012-12-27,0.0,14969585.736747729,14969585.736747729,1.0
2012-12-28,0.0,15189328.872201608,15189328.872201608,1.0
2012-12-31,0.0,15364987.999048484,15364987.999048484,1.0
2013-01-04,0.0,15192090.400369223,15192090.400369223,1.0
2013-01-07,0.0,15324361.162742164,15324361.162742164,1.0
2013-01-08,0.0,15667493.648227138,15667493.648227138,1.0
2013-01-09,0.0,15740482.293242553,15740482.293242553,1.0
2013-01-10,0.0,15802829.627601184,15802829.627601184,1.0
2013-01-11,0.0,15542506.66116526,15542506.66116526,1.0
2013-01-14,0.0,16047716.9366093,16047716.9366093,1.0
2013-01-15,0.0,16306232.560314862,16306232.560314862,1.0
2013-01-16,0.0,16374157.855526976,16374157.855526976,1.0
2013-01-17,0.0,16256394.145006469,16256394.145006469,1.0
2013-01-18,0.0,16474374.991492625,16474374.991492625,1.0
2013-01-21,0.0,16619060.269423613,16619060.269423613,1.0
2013-01-22,0.0,16465289.998529252,16465289.998529252,1.0
2013-01-23,0.0,16523162.096274652,16523162.096274652,1.0
2013-01-24,0.0,16183372.706711043,16183372.706711043,1.0
2013-01-25,0.0,16221576.10386611,16221576.10386611,1.0
2013-01-28,0.0,16546622.985192714,16546622.985192714,1.0
2013-01-29,0.0,16677730.243759258,16677730.243759258,1.0
2013-01-30,0.0,16577800.705358114,16577800.705358114,1.0
2013-01-31,0.0,16532950.740054911,16532950.740054911,1.0
2013-02-01,0.0,27015191.513185345,27015191.513185345,1.0
2013-02-04,0.0,26591471.087530717,26591471.087530717,1.0
2013-02-05,0.0,26908987.51883136,26908987.51883136,1.0
2013-02-06,0.0,27446451.425864942,27446451.425864942,1.0
2013-02-07,0.0,27874461.53015821,27874461.53015821,1.0
2013-02-08,0.0,29010991.09088583,29010991.09088583,1.0
2013-02-18,0.0,29083396.629314426,29083396.629314426,1.0
2013-02-19,0.0,28373299.390526112,28373299.390526112,1.0
2013-02-20,0.0,28778055.042364746,28778055.042364746,1.0
2013-02-21,0.0,28286369.61688092,28286369.61688092,1.0
2013-02-22,0.0,28589098.25023338,28589098.25023338,1.0
2013-02-25,0.0,28603230.37863195,28603230.37863195,1.0
2013-02-26,0.0,28168949.83179825,28168949.83179825,1.0
2013-02-27,0.0,28264916.459868982,28264916.459868982,1.0
2013-02-28,0.0,28695328.978230547,28695328.978230547,1.0
2013-03-01,0.0,29422403.96868539,29422403.96868539,1.0
2013-03-04,0.0,28481351.704516493,28481351.704516493,1.0
2013-03-05,0.0,29231666.323598474,29231666.323598474,1.0
2013-03-06,0.0,30216748.839245185,30216748.839245185,1.0
2013-03-07,0.0,29641675.436986838,29641675.436986838,1.0
2013-03-08,0.0,29148007.610111367,29148007.610111367,1.0
2013-03-11,0.0,29036992.8728883,29036992.8728883,1.0
2013-03-12,0.0,28213754.123499177,28213754.123499177,1.0
2013-03-13,0.0,28225922.220133167,28225922.220133167,1.0
2013-03-14,0.0,28552853.45027726,28552853.45027726,1.0
2013-03-15,0.0,28787759.790432137,28787759.790432137,1.0
2013-03-18,0.0,28326331.863593057,28326331.863593057,1.0
2013-03-19,0.0,28396084.326094706,28396084.326094706,1.0
2013-03-20,0.0,28782281.588292837,28782281.588292837,1.0
2013-03-21,0.0,29076654.533174083,29076654.533174083,1.0
2013-03-22,0.0,29108412.02629864,29108412.02629864,1.0
2013-03-25,0.0,29217749.53886372,29217749.53886372,1.0
2013-03-26,0.0,29167381.1598395,29167381.1598395,1.0
2013-03-27,0.0,29044528.37579065,29044528.37579065,1.0
2013-03-28,0.0,28360814.530776694,28360814.530776694,1.0
2013-03-29,0.0,28327056.28143191,28327056.28143191,1.0
2013-04-01,0.0,28526928.585553683,28526928.585553683,1.0
2013-04-02,0.0,27971149.856860477,27971149.856860477,1.0
2013-04-03,0.0,27819370.72310356,27819370.72310356,1.0
2013-04-08,0.0,28086019.328113705,28086019.328113705,1.0
2013-04-09,0.0,28215038.446716473,28215038.446716473,1.0
2013-04-10,0.0,28076248.449892323,28076248.449892323,1.0
2013-04-11,0.0,27953140.37143256,27953140.37143256,1.0
2013-04-12,0.0,27805824.5652925,27805824.5652925,1.0
2013-04-15,19128366.000290036,8197871.142981444,27326237.14327148,0.3
2013-04-16,0.0,27393257.530849442,27393257.530849442,1.0
2013-04-17,0.0,27876916.43270576,27876916.43270576,1.0
2013-04-18,0.0,27981093.304486565,27981093.304486565,1.0
2013-04-19,0.0,28471860.96586147,28471860.96586147,1.0
2013-04-22,0.0,28527674.10799143,28527674.10799143,1.0
2013-04-23,19581672.352790825,8392145.29405321,27973817.646844033,0.3
2013-04-24,0.0,28083578.317354314,28083578.317354314,1.0
2013-04-25,0.0,27471681.052740414,27471681.052740414,1.0
2013-04-26,18810937.329817884,8061830.284207664,26872767.614025548,0.3
2013-05-02,18885964.607980914,8093984.831991821,26979949.439972736,0.3
2013-05-03,0.0,26385318.21879874,26385318.21879874,1.0
2013-05-06,0.0,26734529.926341362,26734529.926341362,1.0
2013-05-07,0.0,26659718.328318242,26659718.328318242,1.0
2013-05-08,0.0,27005629.10005926,27005629.10005926,1.0
2013-05-09,0.0,27026838.64750202,27026838.64750202,1.0
2013-05-10,0.0,27077880.696572486,27077880.696572486,1.0
2013-05-13,0.0,27332061.93525545,27332061.93525545,1.0
2013-05-14,0.0,27082629.092940554,27082629.092940554,1.0
2013-05-15,0.0,27509454.737756692,27509454.737756692,1.0
2013-05-16,0.0,27700799.243624765,27700799.243624765,1.0
2013-05-17,0.0,28103371.865271818,28103371.865271818,1.0
2013-05-20,0.0,28489958.507752515,28489958.507752515,1.0
2013-05-21,0.0,29067645.77924979,29067645.77924979,1.0
2013-05-22,0.0,28693385.26271822,28693385.26271822,1.0
2013-05-23,0.0,28560911.44610179,28560911.44610179,1.0
2013-05-24,0.0,28912075.129246566,28912075.129246566,1.0
2013-05-27,0.0,29313664.491991453,29313664.491991453,1.0
2013-05-28,0.0,29225359.917996053,29225359.917996053,1.0
2013-05-29,0.0,29448531.5304049,29448531.5304049,1.0
2013-05-30,0.0,29468390.543948837,29468390.543948837,1.0
2013-05-31,0.0,29168294.581385408,29168294.581385408,1.0
2013-06-03,0.0,28812690.09190289,28812690.09190289,1.0
2013-06-04,0.0,28205649.417692594,28205649.417692594,1.0
2013-06-05,0.0,28429147.399897534,28429147.399897534,1.0
2013-06-06,19650378.196205936,8421590.655516827,28071968.851722762,0.3
2013-06-07,19587990.227591563,8394852.954682097,27982843.18227366,0.3
2013-06-13,19444058.295147624,8333167.840777553,27777226.135925177,0.3
2013-06-14,19576407.004980847,8389888.716420364,27966295.72140121,0.3
2013-06-17,19596829.61026431,8398641.261541845,27995470.871806152,0.3
2013-06-18,19598099.01750344,8399185.293215761,27997284.310719203,0.3
2013-06-19,19585428.697304383,8393755.155987592,27979183.853291973,0.3
2013-06-20,19391631.662922993,8310699.284109853,27702330.947032847,0.3
2013-06-21,19359637.043359295,8296987.30429684,27656624.347656135,0.3
2013-06-24,19012118.134671807,8148050.62914506,27160168.763816867,0.3
2013-06-25,19047723.38548395,8163310.022350264,27211033.407834213,0.3
2013-06-26,19211363.407742433,8233441.460461043,27444804.868203476,0.3
2013-06-27,19106552.331603575,8188522.427830104,27295074.75943368,0.3
2013-06-28,19065459.05817168,8170911.024930719,27236370.083102398,0.3
2013-07-01,19243842.947066803,8247361.263028629,27491204.21009543,0.3
2013-07-02,19385363.836198166,8308013.072656356,27693376.90885452,0.3
2013-07-03,19427173.78167328,8325931.620717119,27753105.402390398,0.3
2013-07-04,19428691.825303346,8326582.21084429,27755274.036147635,0.3
2013-07-05,19371642.727170106,8302132.597358617,27673775.324528724,0.3
2013-07-08,19187964.766070772,8223413.471173187,27411378.237243958,0.3
2013-07-09,19197653.152631246,8227565.636841962,27425218.78947321,0.3
2013-07-10,19325277.519383855,8282261.794021651,27607539.313405506,0.3
2013-07-11,19462231.470159724,8340956.344354168,27803187.814513892,0.3
2013-07-12,19446867.59050788,8334371.824503377,27781239.415011257,0.3
2013-07-15,19573225.543636665,8388525.232987142,27961750.776623808,0.3
2013-07-16,19645510.45127867,8419504.47911943,28065014.9303981,0.3
2013-07-17,19539266.095372003,8373971.183730858,27913237.279102862,0.3
2013-07-18,19517459.338393986,8364625.43074028,27882084.76913427,0.3
2013-07-19,19382853.97091538,8306937.416106592,27689791.387021974,0.3
2013-07-22,19500048.09378272,8357163.468764022,27857211.56254674,0.3
2013-07-23,19662427.832813628,8426754.785491554,28089182.618305184,0.3
2013-07-24,19713374.676064696,8448589.14688487,28161963.822949566,0.3
2013-07-25,19593822.617573857,8397352.550388796,27991175.167962655,0.3
2013-07-26,19609148.458782904,8403920.768049816,28013069.226832718,0.3
2013-07-29,19538934.971856713,8373829.273652876,27912764.245509587,0.3
2013-07-30,19478033.904940505,8347728.816403072,27825762.721343577,0.3
2013-07-31,19488703.720324658,8352301.594424852,27841005.31474951,0.3
2013-08-01,19443416.707644347,8332892.8747047195,27776309.582349066,0.3
2013-08-02,19443212.526712887,8332805.368591236,27776017.89530412,0.3
2013-08-05,19552547.932537466,8379663.399658913,27932211.332196377,0.3
2013-08-06,19646808.64657387,8420060.848531658,28066869.495105527,0.3
2013-08-07,19590629.49036263,8395984.067298269,27986613.5576609,0.3
2013-08-08,19634960.435661606,8414983.043854974,28049943.47951658,0.3
2013-08-09,19677593.233529676,8433254.24294129,28110847.476470966,0.3
2013-08-12,19740001.61628259,8460000.692692537,28200002.308975127,0.3
2013-08-13,19775725.838741735,8475311.073746458,28251036.912488192,0.3
2013-08-14,19799632.231214315,8485556.670520421,28285188.901734736,0.3
2013-08-15,19748578.365892388,8463676.44252531,28212254.8084177,0.3
2013-08-16,19608734.08569064,8403743.179581702,28012477.26527234,0.3
2013-08-19,19741491.748345397,8460639.320719456,28202131.069064856,0.3
2013-08-20,19765259.001448706,8470825.286335161,28236084.28778387,0.3
2013-08-21,19779904.337399486,8477101.858885493,28257006.19628498,0.3
2013-08-22,19808455.374564722,8489338.017670596,28297793.39223532,0.3
2013-08-23,19804913.55654881,8487820.095663777,28292733.65221259,0.3
2013-08-26,19915003.582428306,8535001.535326418,28450005.117754724,0.3
2013-08-27,19951567.92972844,8550671.969883615,28502239.899612054,0.3
2013-08-28,19894379.47758897,8526162.633252416,28420542.110841386,0.3
2013-08-29,19890342.03026989,8524432.298687095,28414774.328956984,0.3
2013-08-30,19779979.84336704,8477134.218585873,28257114.06195291,0.3
2013-09-02,19836503.57098472,8501358.673279164,28337862.244263884,0.3
2013-09-03,19942203.413967654,8546658.605986139,28488862.019953795,0.3
2013-09-04,19985084.010507353,8565036.00450315,28550120.015010502,0.3
2013-09-05,19984011.037249133,8564576.158821058,28548587.19607019,0.3
2013-09-06,20019997.28077964,8579998.834619846,28599996.115399487,0.3
2013-09-09,0.0,28608170.688250072,28608170.688250072,1.0
2013-09-10,0.0,28663782.211757373,28663782.211757373,1.0
2013-09-11,0.0,28219670.719999522,28219670.719999522,1.0
2013-09-12,0.0,28183994.148110457,28183994.148110457,1.0
2013-09-13,0.0,28436141.833110087,28436141.833110087,1.0
2013-09-16,0.0,28699403.968832143,28699403.968832143,1.0
2013-09-17,0.0,28439447.323698927,28439447.323698927,1.0
2013-09-18,0.0,28493245.299994797,28493245.299994797,1.0
2013-09-23,0.0,29063359.262986336,29063359.262986336,1.0
2013-09-24,0.0,29224155.091172688,29224155.091172688,1.0
2013-09-25,0.0,29083717.935929894,29083717.935929894,1.0
2013-09-26,19897736.109842002,8527601.189932285,28425337.299774285,0.3
2013-09-27,11372735.74821838,17059103.622327566,28431839.370545946,0.6
2013-09-30,0.0,28697620.953956738,28697620.953956738,1.0
2013-10-08,0.0,29183326.97880759,29183326.97880759,1.0
2013-10-09,0.0,29555526.03682903,29555526.03682903,1.0
2013-10-10,0.0,29303463.679828607,29303463.679828607,1.0
2013-10-11,0.0,29692320.304849118,29692320.304849118,1.0
2013-10-14,0.0,30024457.784228384,30024457.784228384,1.0
2013-10-15,0.0,29832966.87235041,29832966.87235041,1.0
2013-10-16,0.0,29078144.93476842,29078144.93476842,1.0
2013-10-17,0.0,29015297.58758781,29015297.58758781,1.0
2013-10-18,0.0,29311894.909514487,29311894.909514487,1.0
2013-10-21,0.0,29957826.11594167,29957826.11594167,1.0
2013-10-22,0.0,29839386.23517679,29839386.23517679,1.0
2013-10-23,0.0,28959571.320946977,28959571.320946977,1.0
2013-10-24,11514766.441411112,17272149.66211667,28786916.10352778,0.6
2013-10-25,19911775.41315504,8533618.034209304,28445393.447364345,0.3
2013-10-28,19894982.694177903,8526421.154647673,28421403.848825574,0.3
2013-10-29,19778473.075012308,8476488.46071956,28254961.535731867,0.3
2013-10-30,11368299.639191624,17052449.45878743,28420749.097979054,0.6
2013-10-31,19683629.295970954,8435841.126844695,28119470.42281565,0.3
2013-11-01,10569724.007108374,15854586.010662558,26424310.01777093,0.6
2013-11-04,18546936.433265883,7948687.042828236,26495623.47609412,0.3
2013-11-05,10650290.644862838,15975435.967294253,26625726.61215709,0.6
2013-11-06,18533496.436737873,7942927.04431623,26476423.4810541,0.3
2013-11-07,18452833.35308753,7908357.151323227,26361190.50441076,0.3
2013-11-08,18375081.058589637,7875034.739395559,26250115.797985196,0.3
2013-11-11,18388365.741087344,7880728.174751718,26269093.91583906,0.3
2013-11-12,18458641.562026896,7910846.383725812,26369487.945752706,0.3
2013-11-13,18372424.70019347,7873896.3000829145,26246321.000276383,0.3
2013-11-14,18464919.406080194,7913536.888320082,26378456.294400275,0.3
2013-11-15,18573065.557287518,7959885.238837507,26532950.796125025,0.3
2013-11-18,0.0,26688457.361152515,26688457.361152515,1.0
2013-11-19,10724281.7000198,16086422.550029695,26810704.250049494,0.6
2013-11-20,0.0,26922602.482040383,26922602.482040383,1.0
2013-11-21,10801083.175121248,16201624.762681868,27002707.937803116,0.6
2013-11-22,10760656.680122316,16140985.02018347,26901641.700305786,0.6
2013-11-25,10730637.81836755,16095956.727551324,26826594.545918874,0.6
2013-11-26,10715020.053992374,16072530.080988558,26787550.134980932,0.6
2013-11-27,10826138.246563701,16239207.369845549,27065345.61640925,0.6
2013-11-28,0.0,27211771.727347918,27211771.727347918,1.0
2013-11-29,0.0,27526231.413125135,27526231.413125135,1.0
2013-12-02,10349701.959376693,15524552.93906504,25874254.898441732,0.6
2013-12-03,0.0,26076944.73386047,26076944.73386047,1.0
2013-12-04,0.0,26220939.040454146,26220939.040454146,1.0
2013-12-05,0.0,25941209.719307184,25941209.719307184,1.0
2013-12-06,0.0,25929267.812839773,25929267.812839773,1.0
2013-12-09,0.0,26186596.366361685,26186596.366361685,1.0
2013-12-10,0.0,26170453.290294275,26170453.290294275,1.0
2013-12-11,10420268.755821686,15630403.133732527,26050671.889554214,0.6
2013-12-12,10516391.197195617,15774586.795793423,26290977.99298904,0.6
2013-12-13,10517007.786716167,15775511.680074248,26292519.466790415,0.6
2013-12-16,10461200.142119676,15691800.213179514,26153000.35529919,0.6
2013-12-17,10374365.03004589,15561547.54506883,25935912.57511472,0.6
2013-12-18,10343569.982128633,15515354.973192947,25858924.95532158,0.6
2013-12-19,18014805.05007314,7720630.735745631,25735435.78581877,0.3
2013-12-20,17958655.52767634,7696566.654718432,25655222.182394773,0.3
2013-12-23,17954857.253509544,7694938.822932661,25649796.076442204,0.3
2013-12-24,18012365.692987517,7719585.296994649,25731950.989982165,0.3
2013-12-25,18108744.746105127,7760890.605473625,25869635.35157875,0.3
2013-12-26,18020659.652783863,7723139.851193083,25743799.503976945,0.3
2013-12-27,18113912.9359613,7763105.543983414,25877018.479944713,0.3
2013-12-30,18165219.63494865,7785094.129263705,25950313.76421235,0.3
2013-12-31,18162694.63144124,7784011.984903388,25946706.616344627,0.3
2014-01-02,18225771.01847396,7811044.722203125,26036815.740677085,0.3
2014-01-03,18255793.168181524,7823911.35779208,26079704.525973603,0.3
2014-01-06,18111350.943196997,7762007.547084427,25873358.490281425,0.3
2014-01-07,18148206.255307302,7777802.680845985,25926008.936153285,0.3
2014-01-08,18248056.913758136,7820595.820182058,26068652.733940195,0.3
2014-01-09,18203433.103990722,7801471.330281738,26004904.43427246,0.3
2014-01-10,18120171.383989066,7765787.735995314,25885959.11998438,0.3
2014-01-13,18105248.723766334,7759392.310185571,25864641.033951905,0.3
2014-01-14,18192081.69116933,7796606.43907257,25988688.1302419,0.3
2014-01-15,18251612.468091197,7822119.629181941,26073732.097273137,0.3
2014-01-16,18240591.740256716,7817396.46011002,26057988.200366735,0.3
2014-01-17,18195039.956968777,7797874.267272332,25992914.224241108,0.3
2014-01-20,18138688.45931852,7773723.625422223,25912412.084740743,0.3
2014-01-21,18253266.75470766,7822828.609160426,26076095.363868088,0.3
2014-01-22,18376648.037291314,7875706.301696277,26252354.338987593,0.3
2014-01-23,18493156.85826342,7925638.653541465,26418795.511804886,0.3
2014-01-24,18557804.545248434,7953344.805106471,26511149.350354906,0.3
2014-01-27,18544260.319562644,7947540.136955418,26491800.45651806,0.3
2014-01-28,18537474.771679405,7944632.045005459,26482106.816684864,0.3
2014-01-29,18610933.03326322,7976114.157112808,26587047.19037603,0.3
2014-01-30,18581499.31101118,7963499.704719076,26544999.015730254,0.3
2014-02-07,18716222.519052334,8021238.2224510005,26737460.741503336,0.3
2014-02-10,20558520.831859406,8810794.64222546,29369315.474084865,0.3
2014-02-11,20572000.350646466,8816571.578848487,29388571.929494955,0.3
2014-02-12,20593562.66708371,8825812.571607303,29419375.238691013,0.3
2014-02-13,20399391.63714408,8742596.41591889,29141988.05306297,0.3
2014-02-14,20590270.421400823,8824401.60917178,29414672.0305726,0.3
2014-02-17,20714836.91547772,8877787.249490451,29592624.16496817,0.3
2014-02-18,20710969.829236694,8876129.926815726,29587099.75605242,0.3
2014-02-19,20638793.651051305,8845197.279021988,29483990.93007329,0.3
2014-02-20,20574089.324600562,8817466.85340024,29391556.1780008,0.3
2014-02-21,20601775.004201345,8829332.144657718,29431107.14885906,0.3
2014-02-24,20699452.294125564,8871193.840339527,29570646.13446509,0.3
2014-02-25,20425920.072849028,8753965.745506726,29179885.818355754,0.3
2014-02-26,20494945.25642623,8783547.96703981,29278493.22346604,0.3
2014-02-27,20298214.186063997,8699234.651170284,28997448.83723428,0.3
2014-02-28,20370627.794613745,8730269.054834463,29100896.849448208,0.3
2014-03-03,20429693.729115892,8755583.026763953,29185276.755879845,0.3
2014-03-04,20402738.773385804,8744030.90287963,29146769.676265433,0.3
2014-03-05,20439431.34776237,8759756.29189816,29199187.63966053,0.3
2014-03-06,20447559.12693976,8763239.625831326,29210798.752771087,0.3
2014-03-07,20476502.66352847,8775643.998655058,29252146.662183527,0.3
2014-03-10,20174694.638642423,8646297.702275323,28820992.340917744,0.3
2014-03-11,20138234.83481597,8630672.072063988,28768906.90687996,0.3
2014-03-12,20080775.59046216,8606046.68162664,28686822.2720888,0.3
2014-03-13,20228553.178074516,8669379.933460506,28897933.11153502,0.3
2014-03-14,20248747.67251572,8678034.716792451,28926782.38930817,0.3
2014-03-17,20424568.120777015,8753386.337475862,29177954.458252877,0.3
2014-03-18,20466751.986193042,8771465.136939876,29238217.123132918,0.3
2014-03-19,20473414.066393092,8774320.314168468,29247734.38056156,0.3
2014-03-20,20307400.29191287,8703171.553676944,29010571.845589813,0.3
2014-03-21,20354533.454843663,8723371.480647283,29077904.935490943,0.3
2014-03-24,20298095.926492147,8699183.968496634,28997279.894988783,0.3
2014-03-25,20280829.333867878,8691784.00022909,28972613.33409697,0.3
2014-03-26,20311229.116739105,8704812.478602473,29016041.595341578,0.3
2014-03-27,20147456.197129108,8634624.084483901,28782080.281613007,0.3
2014-03-28,19898249.885772787,8527821.379616909,28426071.265389696,0.3
2014-03-31,19859516.733485997,8511221.457208283,28370738.19069428,0.3
2014-04-01,19887799.415040568,8523342.606445959,28411142.02148653,0.3
2014-04-02,19771724.26654076,8473596.114231754,28245320.380772512,0.3
2014-04-03,19758583.829394333,8467964.498311857,28226548.32770619,0.3
2014-04-04,19829715.62815091,8498449.554921819,28328165.18307273,0.3
2014-04-08,19865928.66604902,8513969.428306721,28379898.09435574,0.3
2014-04-09,20036564.40310572,8587099.02990245,28623663.43300817,0.3
2014-04-10,20127767.977545954,8626186.276091123,28753954.253637075,0.3
2014-04-11,20076939.387958024,8604402.594839152,28681341.982797176,0.3
2014-04-14,20138424.343432747,8630753.290042603,28769177.63347535,0.3
2014-04-15,20110761.126904573,8618897.625816245,28729658.752720818,0.3
2014-04-16,20076580.712059163,8604248.876596784,28680829.58865595,0.3
2014-04-17,20077898.737892553,8604813.744811093,28682712.48270365,0.3
2014-04-18,20133806.65320742,8628774.279946037,28762580.933153458,0.3
2014-04-21,20011772.003999807,8576473.715999918,28588245.719999727,0.3
2014-04-22,19945708.567223378,8548160.814524306,28493869.381747685,0.3
2014-04-23,19898952.461883016,8528122.48366415,28427074.945547163,0.3
2014-04-24,19838005.970843315,8502002.558932848,28340008.529776163,0.3
2014-04-25,19730209.78033696,8455804.191572985,28186013.971909948,0.3
2014-04-28,19486109.57996637,8351189.819985587,27837299.399951957,0.3
2014-04-29,19550953.78924355,8378980.195390091,27929933.98463364,0.3
2014-04-30,19614574.031781062,8406246.013620457,28020820.04540152,0.3
2014-05-05,19737426.700562477,8458897.157383919,28196323.857946396,0.3
2014-05-06,16907400.446777318,7246028.762904565,24153429.209681883,0.3
2014-05-07,16829717.76490154,7212736.184957804,24042453.949859347,0.3
2014-05-08,16825073.493598618,7210745.782970836,24035819.276569456,0.3
2014-05-09,16767219.286021195,7185951.122580512,23953170.40860171,0.3
2014-05-12,16879186.93104335,7233937.2561614355,24113124.187204786,0.3
2014-05-13,16881515.065841,7234935.028217572,24116450.094058573,0.3
2014-05-14,16884729.326439746,7236312.568474176,24121041.894913923,0.3
2014-05-15,16774822.427420896,7189209.6117518125,23964032.03917271,0.3
2014-05-16,16781177.557998948,7191933.239142405,23973110.79714135,0.3
2014-05-19,16769728.81802265,7187026.63629542,23956755.45431807,0.3
2014-05-20,16816916.484094173,7207249.921754646,24024166.40584882,0.3
2014-05-21,16862048.525656454,7226592.225281338,24088640.750937793,0.3
2014-05-22,16880587.912865337,7234537.676942288,24115125.589807626,0.3
2014-05-23,16946741.96030593,7262889.411559683,24209631.37186561,0.3
2014-05-26,17028387.92995447,7297880.5414090585,24326268.47136353,0.3
2014-05-27,17011648.62245127,7290706.552479115,24302355.174930386,0.3
2014-05-28,17081204.326953374,7320516.140122874,24401720.467076246,0.3
2014-05-29,17004951.895972934,7287836.526845542,24292788.422818474,0.3
2014-05-30,17003988.07311018,7287423.459904364,24291411.533014547,0.3
2014-06-03,17000698.04672632,7286013.448596994,24286711.495323315,0.3
2014-06-04,16958069.96413407,7267744.270343173,24225814.234477244,0.3
2014-06-05,17026679.8352021,7297148.5008009,24323828.336003,0.3
2014-06-06,17049868.225741852,7307086.382460793,24356954.608202644,0.3
2014-06-09,17019867.25724042,7294228.824531607,24314096.081772026,0.3
2014-06-10,17082049.027938526,7320878.154830796,24402927.18276932,0.3
2014-06-11,17124290.670596868,7338981.715970085,24463272.386566952,0.3
2014-06-12,17124829.389008496,7339212.595289356,24464041.984297853,0.3
2014-06-13,17200374.209077813,7371588.946747634,24571963.155825447,0.3
2014-06-16,17257413.33216948,7396034.285215492,24653447.617384974,0.3
2014-06-17,17223989.474892255,7381709.774953824,24605699.24984608,0.3
2014-06-18,17168950.22529351,7358121.5251257885,24527071.750419296,0.3
2014-06-19,17031190.8913642,7299081.810584656,24330272.701948855,0.3
2014-06-20,17077794.02787329,7319054.5833742665,24396848.611247554,0.3
2014-06-23,17133887.169267558,7343094.501114667,24476981.670382224,0.3
2014-06-24,17164179.06694793,7356076.742977684,24520255.809925616,0.3
2014-06-25,17151275.01584897,7350546.435363843,24501821.451212812,0.3
2014-06-26,17225399.941281002,7382314.260549,24607714.201830003,0.3
2014-06-27,17259435.434522416,7396900.900509607,24656336.335032023,0.3
2014-06-30,17289788.96465452,7409909.556280509,24699698.52093503,0.3
2014-07-01,17334640.461806674,7429131.626488574,24763772.088295247,0.3
2014-07-02,17361072.52985207,7440459.655650886,24801532.185502954,0.3
2014-07-03,17410833.822370697,7461785.923873155,24872619.746243853,0.3
2014-07-04,17420366.310904067,7465871.276101743,24886237.58700581,0.3
2014-07-07,17448546.828865618,7477948.640942408,24926495.469808027,0.3
2014-07-08,17484205.737925872,7493231.030539659,24977436.76846553,0.3
2014-07-09,17391580.606164217,7453534.54549895,24845115.15166317,0.3
2014-07-10,17425432.54516621,7468042.5193569455,24893475.064523153,0.3
2014-07-11,17456143.89625831,7481204.526967848,24937348.42322616,0.3
2014-07-14,17515133.090928875,7506485.610398089,25021618.701326963,0.3
2014-07-15,17497500.99831563,7498928.999278127,24996429.997593757,0.3
2014-07-16,17427699.035255685,7469013.872252435,24896712.90750812,0.3
2014-07-17,17414725.338657066,7463453.716567313,24878179.055224378,0.3
2014-07-18,17403520.942596447,7458651.832541334,24862172.775137782,0.3
2014-07-21,17376453.907611705,7447051.674690731,24823505.582302436,0.3
2014-07-22,9971608.780678358,14957413.171017535,24929021.951695893,0.6
2014-07-23,9870893.620696608,14806340.43104491,24677234.051741518,0.6
2014-07-24,9792900.367203549,14689350.550805323,24482250.91800887,0.6
2014-07-25,9833319.535889734,14749979.303834599,24583298.839724332,0.6
2014-07-28,0.0,24851439.082723834,24851439.082723834,1.0
2014-07-29,0.0,25131882.44991093,25131882.44991093,1.0
2014-07-30,0.0,25243745.1865102,25243745.1865102,1.0
2014-07-31,0.0,25429251.945107125,25429251.945107125,1.0
2014-08-01,0.0,46982947.26894593,46982947.26894593,1.0
2014-08-04,0.0,47455742.710721985,47455742.710721985,1.0
2014-08-05,0.0,47713500.1768339,47713500.1768339,1.0
2014-08-06,0.0,47976060.14861522,47976060.14861522,1.0
2014-08-07,0.0,47291381.4912396,47291381.4912396,1.0
2014-08-08,0.0,47889067.605545044,47889067.605545044,1.0
2014-08-11,0.0,48704966.610481635,48704966.610481635,1.0
2014-08-12,0.0,49126111.479364604,49126111.479364604,1.0
2014-08-13,0.0,49576752.49208381,49576752.49208381,1.0
2014-08-14,0.0,49319720.85609358,49319720.85609358,1.0
2014-08-15,0.0,49807846.47711349,49807846.47711349,1.0
2014-08-18,0.0,50745674.13014949,50745674.13014949,1.0
2014-08-19,0.0,50510724.46655361,50510724.46655361,1.0
2014-08-20,0.0,50553864.192945234,50553864.192945234,1.0
2014-08-21,0.0,50709904.943537265,50709904.943537265,1.0
2014-08-22,0.0,51151849.07601692,51151849.07601692,1.0
2014-08-25,0.0,50741085.20291171,50741085.20291171,1.0
2014-08-26,0.0,50000684.64661294,50000684.64661294,1.0
2014-08-27,0.0,50324982.213971056,50324982.213971056,1.0
2014-08-28,0.0,49751628.34168486,49751628.34168486,1.0
2014-08-29,0.0,50321175.352824986,50321175.352824986,1.0
2014-09-01,0.0,51335789.435530975,51335789.435530975,1.0
2014-09-02,0.0,52144504.28044658,52144504.28044658,1.0
2014-09-03,0.0,52602221.462525874,52602221.462525874,1.0
2014-09-04,0.0,53050497.697690494,53050497.697690494,1.0
2014-09-05,0.0,53410888.42473334,53410888.42473334,1.0
2014-09-09,0.0,53720013.30977519,53720013.30977519,1.0
2014-09-10,0.0,53916367.34127244,53916367.34127244,1.0
2014-09-11,0.0,53750356.34816185,53750356.34816185,1.0
2014-09-12,0.0,54366976.3376136,54366976.3376136,1.0
2014-09-15,0.0,54726393.58958143,54726393.58958143,1.0
2014-09-16,0.0,52595917.26708864,52595917.26708864,1.0
2014-09-17,0.0,52782415.45201795,52782415.45201795,1.0
2014-09-18,0.0,53171941.72222658,53171941.72222658,1.0
2014-09-19,0.0,54084243.5255674,54084243.5255674,1.0
2014-09-22,0.0,53566099.21931078,53566099.21931078,1.0
2014-09-23,0.0,54035951.238808095,54035951.238808095,1.0
2014-09-24,0.0,54825543.12432439,54825543.12432439,1.0
2014-09-25,0.0,54952722.6929779,54952722.6929779,1.0
2014-09-26,0.0,55497476.49193179,55497476.49193179,1.0
2014-09-29,0.0,55761525.20106138,55761525.20106138,1.0
2014-09-30,0.0,56039098.56667921,56039098.56667921,1.0
2014-10-08,0.0,56724282.5516188,56724282.5516188,1.0
2014-10-09,0.0,56874238.91469783,56874238.91469783,1.0
2014-10-10,0.0,56581922.655711025,56581922.655711025,1.0
2014-10-13,0.0,56696360.858598046,56696360.858598046,1.0
2014-10-14,0.0,56708471.98475139,56708471.98475139,1.0
2014-10-15,0.0,56885706.84487283,56885706.84487283,1.0
2014-10-16,0.0,56010647.382805124,56010647.382805124,1.0
2014-10-17,0.0,54920714.71986299,54920714.71986299,1.0
2014-10-20,0.0,56063821.494245976,56063821.494245976,1.0
2014-10-21,0.0,55749522.82631257,55749522.82631257,1.0
2014-10-22,0.0,54981132.156874925,54981132.156874925,1.0
2014-10-23,0.0,54103019.0734126,54103019.0734126,1.0
2014-10-24,0.0,54019921.84241778,54019921.84241778,1.0
2014-10-27,0.0,54546729.0116931,54546729.0116931,1.0
2014-10-28,0.0,56028043.50909855,56028043.50909855,1.0
2014-10-29,0.0,56751199.04087502,56751199.04087502,1.0
2014-10-30,0.0,56855885.39887041,56855885.39887041,1.0
2014-10-31,0.0,56449934.77795446,56449934.77795446,1.0
2014-11-03,0.0,63372772.56602356,63372772.56602356,1.0
2014-11-04,0.0,63005344.14909414,63005344.14909414,1.0
2014-11-05,0.0,62867288.01066257,62867288.01066257,1.0
2014-11-06,0.0,63416501.19495951,63416501.19495951,1.0
2014-11-07,0.0,62697284.825618215,62697284.825618215,1.0
2014-11-10,0.0,63047404.49531594,63047404.49531594,1.0
2014-11-11,0.0,60613245.91240984,60613245.91240984,1.0
2014-11-12,0.0,61683566.02813482,61683566.02813482,1.0
2014-11-13,0.0,60631556.15089961,60631556.15089961,1.0
2014-11-14,0.0,60524707.82491569,60524707.82491569,1.0
2014-11-17,0.0,61237830.046391405,61237830.046391405,1.0
2014-11-18,0.0,61639159.334244885,61639159.334244885,1.0
2014-11-19,0.0,62284493.33371517,62284493.33371517,1.0
2014-11-20,0.0,62112474.24180512,62112474.24180512,1.0
2014-11-21,0.0,62742635.82303683,62742635.82303683,1.0
2014-11-24,0.0,63426787.83469143,63426787.83469143,1.0
2014-11-25,0.0,64555461.609077446,64555461.609077446,1.0
2014-11-26,0.0,64977633.73762851,64977633.73762851,1.0
2014-11-27,0.0,65853706.99092675,65853706.99092675,1.0
2014-11-28,0.0,65626250.00782809,65626250.00782809,1.0
2014-12-01,0.0,64986994.271593384,64986994.271593384,1.0
2014-12-02,0.0,65568029.238120705,65568029.238120705,1.0
2014-12-03,0.0,66225932.243802965,66225932.243802965,1.0
2014-12-04,0.0,67261644.23554468,67261644.23554468,1.0
2014-12-05,0.0,65920263.98688166,65920263.98688166,1.0
2014-12-08,0.0,66421491.69055123,66421491.69055123,1.0
2014-12-09,0.0,63371200.20870292,63371200.20870292,1.0
2014-12-10,0.0,65093589.945456624,65093589.945456624,1.0
2014-12-11,0.0,65963239.45978743,65963239.45978743,1.0
2014-12-12,0.0,66644226.57763604,66644226.57763604,1.0
2014-12-15,0.0,67817658.27899572,67817658.27899572,1.0
2014-12-16,0.0,68451056.25896148,68451056.25896148,1.0
2014-12-17,0.0,67913905.06686279,67913905.06686279,1.0
2014-12-18,0.0,67625151.10855314,67625151.10855314,1.0
2014-12-19,0.0,66844083.08895748,66844083.08895748,1.0
2014-12-22,0.0,63519892.43005131,63519892.43005131,1.0
2014-12-23,0.0,62319727.80021501,62319727.80021501,1.0
2014-12-24,0.0,63470919.19058104,63470919.19058104,1.0
2014-12-25,0.0,64652665.037007935,64652665.037007935,1.0
2014-12-26,0.0,65156458.42726056,65156458.42726056,1.0
2014-12-29,0.0,63968641.317917444,63968641.317917444,1.0
2014-12-30,0.0,62960508.062442295,62960508.062442295,1.0
2014-12-31,0.0,63093512.03175978,63093512.03175978,1.0
2015-01-05,0.0,63630058.694974944,63630058.694974944,1.0
2015-01-06,0.0,64720524.76084765,64720524.76084765,1.0
2015-01-07,0.0,64879700.19155504,64879700.19155504,1.0
2015-01-08,0.0,64586792.278608285,64586792.278608285,1.0
2015-01-09,0.0,64307907.05611945,64307907.05611945,1.0
2015-01-12,0.0,63217114.70731188,63217114.70731188,1.0
2015-01-13,0.0,63991695.198155984,63991695.198155984,1.0
2015-01-14,0.0,63844869.789847,63844869.789847,1.0
2015-01-15,0.0,64601212.58410076,64601212.58410076,1.0
2015-01-16,0.0,65502569.22756027,65502569.22756027,1.0
2015-01-19,0.0,63363058.06691147,63363058.06691147,1.0
2015-01-20,0.0,65568703.70829644,65568703.70829644,1.0
2015-01-21,0.0,67198201.7616211,67198201.7616211,1.0
2015-01-22,0.0,68656633.32480113,68656633.32480113,1.0
2015-01-23,0.0,67914699.94120413,67914699.94120413,1.0
2015-01-26,0.0,69415010.05642758,69415010.05642758,1.0
2015-01-27,0.0,69894572.78901759,69894572.78901759,1.0
2015-01-28,0.0,69377509.60734902,69377509.60734902,1.0
2015-01-29,0.0,68892442.6439505,68892442.6439505,1.0
2015-01-30,0.0,68056057.67322803,68056057.67322803,1.0
2015-02-02,0.0,67708227.08475809,67708227.08475809,1.0
2015-02-03,0.0,68786511.54553548,68786511.54553548,1.0
2015-02-04,0.0,68741064.29995064,68741064.29995064,1.0
2015-02-05,0.0,68380209.81571488,68380209.81571488,1.0
2015-02-06,0.0,66622906.053458825,66622906.053458825,1.0
2015-02-09,0.0,66231587.93353813,66231587.93353813,1.0
2015-02-10,0.0,66907404.1786982,66907404.1786982,1.0
2015-02-11,0.0,67719481.8088005,67719481.8088005,1.0
2015-02-12,0.0,68142670.20800382,68142670.20800382,1.0
2015-02-13,0.0,69695821.4394531,69695821.4394531,1.0
2015-02-16,0.0,71127361.91610149,71127361.91610149,1.0
2015-02-17,0.0,71493209.69571076,71493209.69571076,1.0
2015-02-25,0.0,71590949.3338392,71590949.3338392,1.0
2015-02-26,0.0,72244217.1726991,72244217.1726991,1.0
2015-02-27,0.0,73174337.07988971,73174337.07988971,1.0
2015-03-02,0.0,74567843.14510967,74567843.14510967,1.0
2015-03-03,0.0,74596150.15423208,74596150.15423208,1.0
2015-03-04,0.0,75454895.04798098,75454895.04798098,1.0
2015-03-05,0.0,76076299.32681511,76076299.32681511,1.0
2015-03-06,0.0,75444389.00041816,75444389.00041816,1.0
2015-03-09,0.0,76468228.78175397,76468228.78175397,1.0
2015-03-10,0.0,77044876.19328207,77044876.19328207,1.0
2015-03-11,0.0,77452571.14418183,77452571.14418183,1.0
2015-03-12,0.0,77214924.3463725,77214924.3463725,1.0
2015-03-13,0.0,78017212.26205735,78017212.26205735,1.0
2015-03-16,0.0,80124449.50966494,80124449.50966494,1.0
2015-03-17,0.0,81884151.24317433,81884151.24317433,1.0
2015-03-18,0.0,83514104.75172247,83514104.75172247,1.0
2015-03-19,0.0,83907785.65312718,83907785.65312718,1.0
2015-03-20,0.0,84695923.03024912,84695923.03024912,1.0
2015-03-23,0.0,86943177.27571516,86943177.27571516,1.0
2015-03-24,0.0,87920833.72807102,87920833.72807102,1.0
2015-03-25,0.0,88982161.1419061,88982161.1419061,1.0
2015-03-26,0.0,87991780.7889969,87991780.7889969,1.0
2015-03-27,0.0,89056177.44114651,89056177.44114651,1.0
2015-03-30,0.0,89697655.09369598,89697655.09369598,1.0
2015-03-31,0.0,90062280.57487893,90062280.57487893,1.0
2015-04-01,0.0,92130286.18109767,92130286.18109767,1.0
2015-04-02,0.0,94163398.10242146,94163398.10242146,1.0
2015-04-03,0.0,95402261.24522753,95402261.24522753,1.0
2015-04-07,0.0,97210649.02380422,97210649.02380422,1.0
2015-04-08,0.0,96913463.55114459,96913463.55114459,1.0
2015-04-09,0.0,95856036.64479972,95856036.64479972,1.0
2015-04-10,0.0,97743292.7462518,97743292.7462518,1.0
2015-04-13,0.0,99548370.41119565,99548370.41119565,1.0
2015-04-14,0.0,99958881.457072,99958881.457072,1.0
2015-04-15,0.0,96106554.2618143,96106554.2618143,1.0
2015-04-16,0.0,97236854.79089253,97236854.79089253,1.0
2015-04-17,0.0,98043178.15530682,98043178.15530682,1.0
2015-04-20,0.0,95911267.65316524,95911267.65316524,1.0
2015-04-21,0.0,99371897.12308204,99371897.12308204,1.0
2015-04-22,0.0,102455870.66341643,102455870.66341643,1.0
2015-04-23,0.0,104204589.37872908,104204589.37872908,1.0
2015-04-24,0.0,104877074.01062806,104877074.01062806,1.0
2015-04-27,0.0,106247119.06884344,106247119.06884344,1.0
2015-04-28,0.0,104434116.31637472,104434116.31637472,1.0
2015-04-29,0.0,107059894.63175258,107059894.63175258,1.0
2015-04-30,0.0,107502786.30145046,107502786.30145046,1.0
2015-05-04,0.0,108738398.0690501,108738398.0690501,1.0
2015-05-05,0.0,87024077.09411833,87024077.09411833,1.0
2015-05-06,0.0,86735124.25624405,86735124.25624405,1.0
2015-05-07,0.0,85017229.39568113,85017229.39568113,1.0
2015-05-08,0.0,88607583.76678711,88607583.76678711,1.0
2015-05-11,0.0,92705957.01414007,92705957.01414007,1.0
2015-05-12,0.0,94665334.25126368,94665334.25126368,1.0
2015-05-13,0.0,95376674.21174137,95376674.21174137,1.0
2015-05-14,0.0,96151613.9901199,96151613.9901199,1.0
2015-05-15,0.0,96092430.79529057,96092430.79529057,1.0
2015-05-18,0.0,97947619.90342498,97947619.90342498,1.0
2015-05-19,0.0,100291498.89488377,100291498.89488377,1.0
2015-05-20,0.0,102050823.74217261,102050823.74217261,1.0
2015-05-21,0.0,106174866.95769474,106174866.95769474,1.0
2015-05-22,0.0,108259750.84577678,108259750.84577678,1.0
2015-05-25,0.0,110554426.92582625,110554426.92582625,1.0
2015-05-26,0.0,114917678.65458502,114917678.65458502,1.0
2015-05-27,0.0,116403118.47220495,116403118.47220495,1.0
2015-05-28,0.0,109128104.19572347,109128104.19572347,1.0
2015-05-29,0.0,110631762.50803073,110631762.50803073,1.0
2015-06-01,0.0,116067296.296848,116067296.296848,1.0
2015-06-02,0.0,120970185.09499854,120970185.09499854,1.0
2015-06-03,0.0,122128958.31818824,122128958.31818824,1.0
2015-06-04,0.0,121931092.31643154,121931092.31643154,1.0
2015-06-05,0.0,122496075.61028923,122496075.61028923,1.0
2015-06-08,0.0,119238718.53825115,119238718.53825115,1.0
2015-06-09,0.0,119979189.39923549,119979189.39923549,1.0
2015-06-10,0.0,123090883.9531569,123090883.9531569,1.0
2015-06-11,0.0,125271087.00354265,125271087.00354265,1.0
2015-06-12,0.0,126691845.90239719,126691845.90239719,1.0
2015-06-15,0.0,123863670.36753406,123863670.36753406,1.0
2015-06-16,0.0,119201567.64424889,119201567.64424889,1.0
2015-06-17,0.0,121495895.2441835,121495895.2441835,1.0
2015-06-18,0.0,117345728.3436245,117345728.3436245,1.0
2015-06-19,0.0,110544513.7983383,110544513.7983383,1.0
2015-06-23,0.0,110222387.31485297,110222387.31485297,1.0
2015-06-24,0.0,111794802.40370046,111794802.40370046,1.0
2015-06-25,0.0,106653239.5683765,106653239.5683765,1.0
2015-06-26,0.0,98555299.48633365,98555299.48633365,1.0
2015-06-29,0.0,92061971.16490497,92061971.16490497,1.0
2015-06-30,0.0,95599410.92516197,95599410.92516197,1.0
2015-07-01,0.0,91687652.6227623,91687652.6227623,1.0
2015-07-02,60300892.7144486,25843239.734763686,86144132.44921228,0.3
2015-07-03,59317304.58371064,25421701.96444742,84739006.54815806,0.3
2015-07-06,58645122.38850618,25133623.880788364,83778746.26929455,0.3
2015-07-07,57706255.51992808,24731252.365683462,82437507.88561155,0.3
2015-07-08,57229304.23469624,24526844.67201267,81756148.90670891,0.3
2015-07-09,57782027.064538956,24763725.884802412,82545752.94934137,0.3
2015-07-10,58369180.17413761,25015362.93177326,83384543.10591087,0.3
2015-07-13,58961860.39625953,25269368.74125408,84231229.13751361,0.3
2015-07-14,59228606.666460186,25383688.57134008,84612295.23780027,0.3
2015-07-15,58556293.372447126,25095554.302477337,83651847.67492446,0.3
2015-07-16,58675177.083905384,25146504.46453088,83821681.54843627,0.3
2015-07-17,59542152.039008275,25518065.159574974,85060217.19858325,0.3
2015-07-20,60019572.09170794,25722673.753589116,85742245.84529705,0.3
2015-07-21,60368011.71407887,25872005.020319518,86240016.7343984,0.3
2015-07-22,60612678.677238464,25976862.290245056,86589540.96748352,0.3
2015-07-23,61114015.24506554,26191720.819313806,87305736.06437935,0.3
2015-07-24,60938593.69083835,26116540.153216437,87055133.84405479,0.3
2015-07-27,59741042.15625125,25603303.781250536,85344345.93750179,0.3
2015-07-28,59170338.60517123,25358716.545073386,84529055.15024462,0.3
2015-07-29,59946568.96238834,25691386.69816643,85637955.66055477,0.3
2015-07-30,59523784.10246855,25510193.18677224,85033977.28924079,0.3
2015-07-31,59179370.413931265,25362587.32025625,84541957.73418751,0.3
2015-08-03,58062683.55308974,24884007.23703846,82946690.7901282,0.3
2015-08-04,59001380.37585695,25286305.875367265,84287686.25122422,0.3
2015-08-05,58867022.554494455,25228723.951926198,84095746.50642066,0.3
2015-08-06,58860365.899897665,25225871.09995614,84086236.9998538,0.3
2015-08-07,59503987.52282813,25501708.938354913,85005696.46118304,0.3
2015-08-10,60312061.48470694,25848026.35058869,86160087.83529563,0.3
2015-08-11,60551343.599973604,25950575.828560114,86501919.42853372,0.3
2015-08-12,60279757.95370905,25834181.980161022,86113939.93387008,0.3
2015-08-13,60802001.84999184,26058000.792853642,86860002.64284548,0.3
2015-08-14,60927734.002355486,26111886.001009494,87039620.00336498,0.3
2015-08-17,61210909.6615268,26233246.997797195,87444156.65932399,0.3
2015-08-18,60005715.66094631,25716735.283262704,85722450.94420901,0.3
2015-08-19,60388575.81795959,25880818.207696963,86269394.02565655,0.3
2015-08-20,59801389.59024781,25629166.967249062,85430556.55749688,0.3
2015-08-21,58865221.10655843,25227951.902810752,84093173.00936918,0.3
2015-08-24,57593228.091016755,24682812.039007176,82276040.13002393,0.3
2015-08-25,56440545.676014185,24188805.28972036,80629350.96573454,0.3
2015-08-26,55570086.91137416,23815751.533446066,79385838.44482023,0.3
2015-08-27,55904043.834229335,23958875.928955425,79862919.76318476,0.3
2015-08-28,56905190.931452096,24387938.970622327,81293129.90207443,0.3
2015-08-31,56324637.23786338,24139130.24479859,80463767.48266196,0.3
2015-09-01,55422931.71195095,23752685.019407548,79175616.7313585,0.3
2015-09-02,54772548.60023968,23473949.40010272,78246498.0003424,0.3
2015-09-07,54997886.50037199,23570522.78587371,78568409.2862457,0.3
2015-09-08,55696519.92245099,23869937.109621853,79566457.03207284,0.3
2015-09-09,56328346.93912667,24140720.116768572,80469067.05589524,0.3
2015-09-10,56049295.24860571,24021126.535116732,80070421.78372245,0.3
2015-09-11,56378402.97529336,24162172.703697152,80540575.67899051,0.3
2015-09-14,55370299.60937779,23730128.404019047,79100428.01339683,0.3
2015-09-15,54514849.326735295,23363506.854315124,77878356.18105042,0.3
2015-09-16,55489722.4532066,23781309.622802828,79271032.07600942,0.3
2015-09-17,55305311.02129127,23702276.15198197,79007587.17327324,0.3
2015-09-18,55587467.33705183,23823200.287307926,79410667.62435976,0.3
2015-09-21,56164085.2252008,24070322.239371773,80234407.46457258,0.3
2015-09-22,56335057.22931938,24143595.95542259,80478653.18474197,0.3
2015-09-23,56226622.65247306,24097123.993917022,80323746.64639008,0.3
2015-09-24,56385293.12971882,24165125.62702235,80550418.75674117,0.3
2015-09-25,55722581.6567692,23881106.424329657,79603688.08109885,0.3
2015-09-28,56091044.97628003,24039019.27554859,80130064.25182863,0.3
2015-09-29,55786657.45146316,23908567.479198497,79695224.93066166,0.3
2015-09-30,55735064.79010409,23886456.33861604,79621521.12872013,0.3
2015-10-08,56418309.5223168,24179275.50956434,80597585.03188114,0.3
2015-10-09,56709118.20038594,24303907.800165404,81013026.00055134,0.3
2015-10-12,57364809.60562058,24584918.40240882,81949728.0080294,0.3
2015-10-13,57600353.03728424,24685865.58740753,82286218.62469177,0.3
2015-10-14,57519320.039853916,24651137.159937393,82170457.19979131,0.3
2015-10-15,57963585.47401641,24841536.631721318,82805122.10573773,0.3
2015-10-16,58256132.79492356,24966914.05496724,83223046.8498908,0.3
2015-10-19,58216997.43367125,24950141.757287677,83167139.19095893,0.3
2015-10-20,58575388.35070622,25103737.86458838,83679126.2152946,0.3
2015-10-21,57556965.527651444,24667270.940422047,82224236.46807349,0.3
2015-10-22,58258947.9083471,24968120.532148752,83227068.44049585,0.3
2015-10-23,58685276.36610255,25150832.728329662,83836109.0944322,0.3
2015-10-26,58747839.78996517,25177645.624270786,83925485.41423595,0.3
2015-10-27,58912508.32781123,25248217.85477624,84160726.18258747,0.3
2015-10-28,58414957.1926111,25034981.653976183,83449938.84658729,0.3
2015-10-29,58602045.68624964,25115162.43696413,83717208.12321377,0.3
2015-10-30,58524385.349715404,25081879.435592316,83606264.78530772,0.3
2015-11-02,57972268.71629442,24845258.02126904,82817526.73756346,0.3
2015-11-03,50203109.538271,21515618.373544715,71718727.91181572,0.3
2015-11-04,50936897.55751555,21830098.95322095,72766996.5107365,0.3
2015-11-05,50911876.092854545,21819375.46836623,72731251.56122078,0.3
2015-11-06,51315739.53435744,21992459.8004389,73308199.33479634,0.3
2015-11-09,51680884.59885474,22148950.54236632,73829835.14122106,0.3
2015-11-10,51861947.59041585,22226548.96732108,74088496.55773693,0.3
2015-11-11,52223611.18871612,22381547.652306907,74605158.84102303,0.3
2015-11-12,52268934.72549067,22400972.025210284,74669906.75070095,0.3
2015-11-13,52092901.01888897,22325529.008095272,74418430.02698424,0.3
2015-11-16,52443158.02375917,22475639.153039645,74918797.17679882,0.3
2015-11-17,52288603.09167865,22409401.325005133,74698004.41668378,0.3
2015-11-18,52138159.83595884,22344925.643982355,74483085.47994119,0.3
2015-11-19,52657776.505507976,22567618.502360556,75225395.00786853,0.3
2015-11-20,53034388.793686375,22729023.76872273,75763412.5624091,0.3
2015-11-23,52847770.13318241,22649044.342792463,75496814.47597487,0.3
2015-11-24,53186076.40993561,22794032.747115258,75980109.15705086,0.3
2015-11-25,53626010.0168299,22982575.721498527,76608585.73832843,0.3
2015-11-26,53491217.254785985,22924807.39490828,76416024.64969426,0.3
2015-11-27,52575728.35266276,22532455.008284036,75108183.36094679,0.3
2015-11-30,52747359.00015217,22606011.00006521,75353370.00021738,0.3
2015-12-01,52513734.80775208,22505886.346179463,75019621.15393154,0.3
2015-12-02,52281381.00976749,22406306.14704321,74687687.1568107,0.3
2015-12-03,52747917.25180128,22606250.250771973,75354167.50257325,0.3
2015-12-04,52845502.06639445,22648072.31416905,75493574.3805635,0.3
2015-12-07,53183360.53064492,22792868.798847824,75976229.32949275,0.3
2015-12-08,52983949.942751385,22707407.118322022,75691357.06107341,0.3
2015-12-09,52915409.74838682,22678032.74930864,75593442.49769546,0.3
2015-12-10,52849063.31856258,22649598.565098252,75498661.88366084,0.3
2015-12-11,52633445.36361907,22557190.870122455,75190636.23374152,0.3
2015-12-14,52790219.083720446,22624379.60730876,75414598.6910292,0.3
2015-12-15,53174496.568507835,22789069.957931925,75963566.52643976,0.3
2015-12-16,53295504.1502804,22840930.350120172,76136434.50040057,0.3
2015-12-17,30687853.340743147,46031780.01111471,76719633.35185786,0.6
2015-12-18,30679908.34636032,46019862.51954047,76699770.86590078,0.6
2015-12-21,30783457.59042635,46175186.385639526,76958643.97606587,0.6
2015-12-22,31004749.457262635,46507124.18589395,77511873.64315659,0.6
2015-12-23,30674252.33544796,46011378.50317193,76685630.83861989,0.6
2015-12-24,30759511.892569564,46139267.83885435,76898779.73142391,0.6
2015-12-25,30857257.367278926,46285886.05091838,77143143.4181973,0.6
2015-12-28,30437944.76750546,45656917.15125818,76094861.91876364,0.6
2015-12-29,30543839.745417774,45815759.61812666,76359599.36354443,0.6
2015-12-30,30717441.79051786,46076162.68577678,76793604.47629464,0.6
2015-12-31,30351136.379609726,45526704.56941458,75877840.9490243,0.6
2016-01-04,50617395.43073365,21693169.470314417,72310564.90104806,0.3
2016-01-05,50070993.429175094,21458997.18393218,71529990.61310728,0.3
2016-01-06,50477374.61304173,21633160.54844645,72110535.16148818,0.3
2016-01-07,49364081.2220023,21156034.809429556,70520116.03143185,0.3
2016-01-08,49393819.96951294,21168779.986934114,70562599.95644705,0.3
2016-01-11,48387931.282033876,20737684.835157376,69125616.11719126,0.3
2016-01-12,48385474.072386,20736631.745308284,69122105.81769428,0.3
2016-01-13,47914079.20004667,20534605.371448573,68448684.57149525,0.3
2016-01-14,48465031.58491692,20770727.82210725,69235759.40702417,0.3
2016-01-15,48173191.73216401,20645653.599498857,68818845.33166286,0.3
2016-01-18,48457648.56248452,20767563.66963622,69225212.23212074,0.3
2016-01-19,48873188.78677617,20945652.33718979,69818841.12396596,0.3
2016-01-20,48811711.20021942,20919304.80009404,69731016.00031346,0.3
2016-01-21,48288727.82212766,20695169.06662614,68983896.8887538,0.3
2016-01-22,48477007.75202918,20775860.465155363,69252868.21718454,0.3
2016-01-25,48629836.6266748,20841358.554289196,69471195.180964,0.3
2016-01-26,47646919.67727071,20420108.43311602,68067028.11038673,0.3
2016-01-27,47489301.91891787,20352557.965250514,67841859.88416839,0.3
2016-01-28,46979160.10068125,20133925.757434823,67113085.85811608,0.3
2016-01-29,47426791.599992394,20325767.828568164,67752559.42856055,0.3
2016-02-01,47282768.00788425,20264043.43195039,67546811.43983464,0.3
2016-02-02,50755709.87328882,21752447.08855235,72508156.96184117,0.3
2016-02-03,50991550.71620855,21853521.73551795,72845072.4517265,0.3
2016-02-04,51374194.819602534,22017512.06554394,73391706.88514647,0.3
2016-02-05,51417185.57883994,22035936.676645685,73453122.25548562,0.3
2016-02-15,51564582.607591435,22099106.8318249,73663689.43941633,0.3
2016-02-16,52338325.83297703,22430711.07127587,74769036.9042529,0.3
2016-02-17,52550048.76122224,22521449.469095245,75071498.23031749,0.3
2016-02-18,52502378.53910168,22501019.37390072,75003397.9130024,0.3
2016-02-19,52669230.59913875,22572527.399630893,75241757.99876964,0.3
2016-02-22,52964299.12844654,22698985.3407628,75663284.46920934,0.3
2016-02-23,52819633.20424244,22636985.658961043,75456618.86320348,0.3
2016-02-24,52801181.24333948,22629077.675716918,75430258.9190564,0.3
2016-02-25,51578785.78912732,22105193.909625992,73683979.69875331,0.3
2016-02-26,51459026.37411454,22053868.44604909,73512894.82016364,0.3
2016-02-29,50564440.02122411,21670474.294810336,72234914.31603445,0.3
2016-03-01,51038973.44001888,21873845.760008093,72912819.20002697,0.3
2016-03-02,51799931.94555071,22199970.83380745,73999902.77935816,0.3
2016-03-03,51507881.851521075,22074806.50779475,73582688.35931583,0.3
2016-03-04,50723032.02229221,21738442.29526809,72461474.3175603,0.3
2016-03-07,50997515.36229287,21856078.012411226,72853593.3747041,0.3
2016-03-08,51111741.04390468,21905031.875959147,73016772.91986382,0.3
2016-03-09,50943437.23201811,21832901.670864906,72776338.90288302,0.3
2016-03-10,50551181.053845644,21664791.88021956,72215972.93406521,0.3
2016-03-11,50241391.86218847,21532025.08379506,71773416.94598353,0.3
2016-03-14,50857687.41749957,21796151.750356957,72653839.16785653,0.3
2016-03-15,50651739.21160757,21707888.2335461,72359627.44515367,0.3
2016-03-16,50508479.625611305,21646491.26811913,72154970.89373043,0.3
2016-03-17,51230193.62955883,21955797.269810926,73185990.89936976,0.3
2016-03-18,52015168.78274195,22292215.192603692,74307383.97534564,0.3
2016-03-21,52697111.21101904,22584476.233293872,75281587.44431292,0.3
2016-03-22,52802073.76213519,22629460.183772225,75431533.94590741,0.3
2016-03-23,53139203.945708066,22773944.548160598,75913148.49386866,0.3
2016-03-24,52920036.34964861,22680015.578420833,75600051.92806944,0.3
2016-03-25,52662448.17704646,22569620.647305626,75232068.82435209,0.3
2016-03-28,52567394.30801589,22528883.27486395,75096277.58287984,0.3
2016-03-29,52295188.51624238,22412223.64981816,74707412.16606054,0.3
2016-03-30,52927736.48225218,22683315.635250937,75611052.11750312,0.3
2016-03-31,53086345.73696551,22751291.030128073,75837636.76709358,0.3
2016-04-01,52786985.34510741,22622993.719331745,75409979.06443915,0.3
2016-04-05,53263591.597539246,22827253.54180253,76090845.13934177,0.3
2016-04-06,53420767.65577221,22894614.70961666,76315382.36538887,0.3
2016-04-07,53181773.52338058,22792188.65287739,75973962.17625797,0.3
2016-04-08,52914588.31202227,22677680.705152396,75592269.01717466,0.3
2016-04-11,53177824.24406105,22790496.104597595,75968320.34865865,0.3
2016-04-12,52913197.8601171,22677084.797193043,75590282.65731014,0.3
2016-04-13,53071947.33894615,22745120.288119778,75817067.62706593,0.3
2016-04-14,53274420.94125795,22831894.68911055,76106315.6303685,0.3
2016-04-15,53381797.00057122,22877913.000244807,76259710.00081603,0.3
2016-04-18,53238300.3665656,22816414.44281383,76054714.80937943,0.3
2016-04-19,53326367.9406527,22854157.68885115,76180525.62950385,0.3
2016-04-20,52510059.772837825,22504311.33121621,75014371.10405403,0.3
2016-04-21,52176355.86502096,22361295.370723266,74537651.23574422,0.3
2016-04-22,52408405.66290891,22460745.284103815,74869150.94701272,0.3
2016-04-25,52192052.783298396,22368022.621413596,74560075.40471199,0.3
2016-04-26,52445999.021723494,22476856.723595783,74922855.74531928,0.3
2016-04-27,52547482.3715403,22520349.587802984,75067831.95934328,0.3
2016-04-28,52560473.452300645,22525917.193843134,75086390.64614378,0.3
2016-04-29,52394851.304777846,22454936.273476217,74849787.57825406,0.3
2016-05-03,52888929.140471905,22666683.917345103,75555613.05781701,0.3
2016-05-04,51802571.19222325,22201101.93952425,74003673.1317475,0.3
2016-05-05,52089460.94971002,22324054.692732863,74413515.64244288,0.3
2016-05-06,51570409.768495634,22101604.186498124,73672013.95499375,0.3
2016-05-09,50924350.76671105,21824721.757161878,72749072.52387293,0.3
2016-05-10,50835215.72830824,21786521.026417814,72621736.75472605,0.3
2016-05-11,50631938.002792776,21699402.001196902,72331340.00398968,0.3
2016-05-12,50642604.52987177,21703973.36994504,72346577.89981681,0.3
2016-05-13,50560520.09138417,21668794.32487893,72229314.4162631,0.3
2016-05-16,50912588.81522665,21819680.920811422,72732269.73603807,0.3
2016-05-17,50926885.980750576,21825808.277464528,72752694.2582151,0.3
2016-05-18,50386261.18209119,21594111.935181934,71980373.11727312,0.3
2016-05-19,50542091.64954375,21660896.421233032,72202988.07077678,0.3
2016-05-20,50697619.628966436,21727551.269557044,72425170.89852348,0.3
2016-05-23,51001736.44125797,21857887.046253413,72859623.48751138,0.3
2016-05-24,50858998.46390854,21796713.62738937,72655712.09129791,0.3
2016-05-25,50755100.7899784,21752186.05284789,72507286.84282629,0.3
2016-05-26,50806200.082642615,21774085.749703977,72580285.83234659,0.3
2016-05-27,50699818.33191526,21728493.570820823,72428311.90273608,0.3
2016-05-30,50645679.23167519,21705291.09928937,72350970.33096457,0.3
2016-05-31,51205536.4006344,21945229.88598617,73150766.28662057,0.3
2016-06-01,51426396.94646075,22039884.405626033,73466281.35208678,0.3
2016-06-02,51574843.1588099,22103504.210918527,73678347.36972843,0.3
2016-06-03,51606116.53882286,22116907.08806694,73723023.6268898,0.3
2016-06-06,51735923.609878115,22172538.68994776,73908462.29982588,0.3
2016-06-07,51719769.412299864,22165615.462414227,73885384.87471409,0.3
2016-06-08,51707154.45370281,22160209.051586915,73867363.50528972,0.3
2016-06-13,51003397.04307623,21858598.732746955,72861995.77582319,0.3
2016-06-14,51047304.11650573,21877416.049931023,72924720.16643675,0.3
2016-06-15,51555978.046412565,22095419.16274824,73651397.2091608,0.3
2016-06-16,51619275.86056781,22122546.797386203,73741822.657954,0.3
2016-06-17,51806102.75930452,22202615.468273368,74008718.2275779,0.3
2016-06-20,51922428.287144035,22252469.26591887,74174897.5530629,0.3
2016-06-21,51714226.6931095,22163240.011332642,73877466.70444214,0.3
2016-06-22,51954554.52969308,22266237.655582745,74220792.18527582,0.3
2016-06-23,51889132.263381116,22238199.541449048,74127331.80483016,0.3
2016-06-24,51875563.83465643,22232384.500567038,74107948.33522347,0.3
2016-06-27,52253705.56560749,22394445.24240321,74648150.8080107,0.3
2016-06-28,52446191.952722125,22476939.408309482,74923131.3610316,0.3
2016-06-29,29983340.642418616,44975010.96362791,74958351.60604653,0.6
2016-06-30,29926304.98624921,44889457.47937381,74815762.46562302,0.6
2016-07-01,29857360.92485755,44786041.38728631,74643402.31214386,0.6
2016-07-04,30191080.288579933,45286620.43286989,75477700.72144982,0.6
2016-07-05,30337138.883446634,45505708.32516995,75842847.20861658,0.6
2016-07-06,30509870.438385718,45764805.657578565,76274676.09596428,0.6
2016-07-07,30533155.45869293,45799733.1880394,76332888.64673233,0.6
2016-07-08,30336230.409844212,45504345.61476631,75840576.02461052,0.6
2016-07-11,30256286.02726548,45384429.04089821,75640715.0681637,0.6
2016-07-12,30311343.71734883,45467015.576023236,75778359.29337206,0.6
2016-07-13,30395818.55594235,45593727.83391351,75989546.38985586,0.6
2016-07-14,30398447.79418043,45597671.69127064,75996119.48545107,0.6
2016-07-15,30307032.14819198,45460548.222287975,75767580.37047996,0.6
2016-07-18,30140049.888199247,45210074.83229887,75350124.72049811,0.6
2016-07-19,30210024.04244657,45315036.063669845,75525060.10611641,0.6
2016-07-20,30257061.264107443,45385591.89616116,75642653.1602686,0.6
2016-07-21,30155992.663142852,45233988.99471427,75389981.65785712,0.6
2016-07-22,29982459.450952046,44973689.17642806,74956148.6273801,0.6
2016-07-25,29958134.786373757,44937202.179560624,74895336.96593438,0.6
2016-07-26,30154627.455665193,45231941.183497794,75386568.63916299,0.6
2016-07-27,29410508.324065045,44115762.48609756,73526270.8101626,0.6
2016-07-28,29314199.332062595,43971298.998093896,73285498.33015649,0.6
2016-07-29,29166262.442916274,43749393.66437441,72915656.10729069,0.6
2016-08-01,28896257.730644755,43344386.59596712,72240644.32661188,0.6
2016-08-02,38963626.902639344,58445440.35395901,97409067.25659835,0.6
2016-08-03,38908737.22700032,58363105.84050048,97271843.0675008,0.6
2016-08-04,39094935.10452769,58642402.65679153,97737337.76131922,0.6
2016-08-05,38928688.10491536,58393032.15737303,97321720.26228839,0.6
2016-08-08,39209727.33515344,58814591.00273015,98024318.33788359,0.6
2016-08-09,39418862.161282204,59128293.24192331,98547155.40320551,0.6
2016-08-10,39439737.86410144,59159606.79615216,98599344.6602536,0.6
2016-08-11,38937564.81199236,58406347.217988536,97343912.0299809,0.6
2016-08-12,39143144.99000702,58714717.48501053,97857862.47501755,0.6
2016-08-15,0.0,98907509.32614768,98907509.32614768,1.0
2016-08-16,0.0,100002058.26200671,100002058.26200671,1.0
2016-08-17,0.0,100135581.09323715,100135581.09323715,1.0
2016-08-18,0.0,99865355.3521594,99865355.3521594,1.0
2016-08-19,0.0,100164284.6979717,100164284.6979717,1.0
2016-08-22,0.0,99110039.49912088,99110039.49912088,1.0
2016-08-23,0.0,98987858.9050279,98987858.9050279,1.0
2016-08-24,0.0,99069138.0838303,99069138.0838303,1.0
2016-08-25,0.0,97991455.18415806,97991455.18415806,1.0
2016-08-26,0.0,98904698.23625584,98904698.23625584,1.0
2016-08-29,0.0,98782615.47335704,98782615.47335704,1.0
2016-08-30,0.0,99011675.41384974,99011675.41384974,1.0
2016-08-31,0.0,99490377.13508989,99490377.13508989,1.0
2016-09-01,0.0,99196019.67303818,99196019.67303818,1.0
2016-09-02,0.0,98363952.0064639,98363952.0064639,1.0
2016-09-05,0.0,98695451.79642527,98695451.79642527,1.0
2016-09-06,0.0,100974328.74885035,100974328.74885035,1.0
2016-09-07,0.0,100532797.99541269,100532797.99541269,1.0
2016-09-08,0.0,100645641.79687038,100645641.79687038,1.0
2016-09-09,0.0,100977590.03588898,100977590.03588898,1.0
2016-09-12,39314975.89466948,58972463.84200422,98287439.7366737,0.6
2016-09-13,39403013.50150591,59104520.25225887,98507533.75376478,0.6
2016-09-14,39219471.504410945,58829207.256616406,98048678.76102735,0.6
2016-09-19,39407383.63160657,59111075.447409846,98518459.07901642,0.6
2016-09-20,39401297.00516673,59101945.50775009,98503242.51291682,0.6
2016-09-21,39408424.92767563,59112637.391513444,98521062.31918907,0.6
2016-09-22,39453795.40421063,59180693.10631594,98634488.51052657,0.6
2016-09-23,39246492.07693546,58869738.11540318,98116230.19233865,0.6
2016-09-26,38609100.03243381,57913650.04865071,96522750.08108452,0.6
2016-09-27,38925565.36608785,58388348.04913176,97313913.4152196,0.6
2016-09-28,38912251.6836005,58368377.52540074,97280629.20900124,0.6
2016-09-29,38879889.95145383,58319834.927180745,97199724.87863457,0.6
2016-09-30,39016658.99480986,58524988.49221478,97541647.48702464,0.6
2016-10-10,39530690.44417864,59296035.66626796,98826726.1104466,0.6
2016-10-11,0.0,99252601.84483203,99252601.84483203,1.0
2016-10-12,0.0,98927499.7369005,98927499.7369005,1.0
2016-10-13,0.0,98640102.62123416,98640102.62123416,1.0
2016-10-14,0.0,98534560.11257397,98534560.11257397,1.0
2016-10-17,39044033.787948616,58566050.68192292,97610084.46987154,0.6
2016-10-18,0.0,98815045.84752409,98815045.84752409,1.0
2016-10-19,0.0,98900725.76122601,98900725.76122601,1.0
2016-10-20,0.0,99401402.12323117,99401402.12323117,1.0
2016-10-21,0.0,98433088.00911716,98433088.00911716,1.0
2016-10-24,0.0,98927168.37999558,98927168.37999558,1.0
2016-10-25,0.0,100161228.97920485,100161228.97920485,1.0
2016-10-26,0.0,100463502.90526494,100463502.90526494,1.0
2016-10-27,0.0,100670388.1477352,100670388.1477352,1.0
2016-10-28,0.0,100379243.9058943,100379243.9058943,1.0
2016-10-31,0.0,99736096.84565857,99736096.84565857,1.0
2016-11-01,0.0,107985429.62397563,107985429.62397563,1.0
2016-11-02,0.0,108156965.7577538,108156965.7577538,1.0
2016-11-03,0.0,108922598.91226493,108922598.91226493,1.0
2016-11-04,0.0,108576255.96303403,108576255.96303403,1.0
2016-11-07,0.0,108324198.22312026,108324198.22312026,1.0
2016-11-08,0.0,108739939.437174,108739939.437174,1.0
2016-11-09,0.0,108688888.8658645,108688888.8658645,1.0
2016-11-10,0.0,110532302.00662819,110532302.00662819,1.0
2016-11-11,0.0,110127783.29451033,110127783.29451033,1.0
2016-11-14,0.0,110338723.42609088,110338723.42609088,1.0
2016-11-15,0.0,110675110.49939498,110675110.49939498,1.0
2016-11-16,0.0,109998895.74226524,109998895.74226524,1.0
2016-11-17,0.0,109491860.18972799,109491860.18972799,1.0
2016-11-18,0.0,109638373.13641718,109638373.13641718,1.0
2016-11-21,0.0,110697849.55884531,110697849.55884531,1.0
2016-11-22,0.0,112208781.62508763,112208781.62508763,1.0
2016-11-23,0.0,111551545.68051423,111551545.68051423,1.0
2016-11-24,0.0,110757119.29236585,110757119.29236585,1.0
2016-11-25,0.0,110449966.53040333,110449966.53040333,1.0
2016-11-28,0.0,110386693.10301384,110386693.10301384,1.0
2016-11-29,0.0,108809628.88441613,108809628.88441613,1.0
2016-11-30,0.0,108203358.9456398,108203358.9456398,1.0
2016-12-01,0.0,109489291.15171169,109489291.15171169,1.0
2016-12-02,0.0,107578946.19093296,107578946.19093296,1.0
2016-12-05,0.0,107709595.14980525,107709595.14980525,1.0
2016-12-06,0.0,108870770.32499228,108870770.32499228,1.0
2016-12-07,0.0,109886477.78662328,109886477.78662328,1.0
2016-12-08,0.0,108630318.99391007,108630318.99391007,1.0
2016-12-09,0.0,109098836.65380557,109098836.65380557,1.0
2016-12-12,0.0,103342007.58015336,103342007.58015336,1.0
2016-12-13,0.0,103843821.359062,103843821.359062,1.0
2016-12-14,0.0,102802170.4827743,102802170.4827743,1.0
2016-12-15,0.0,103620111.88989937,103620111.88989937,1.0
2016-12-16,0.0,105490727.08968249,105490727.08968249,1.0
2016-12-19,0.0,105319737.26677708,105319737.26677708,1.0
2016-12-20,73836354.35024503,31644151.864390723,105480506.21463574,0.3
2016-12-21,0.0,105715110.9147344,105715110.9147344,1.0
2016-12-22,0.0,105129053.06011057,105129053.06011057,1.0
2016-12-23,73103301.98349246,31329986.564353906,104433288.54784636,0.3
2016-12-26,73245522.24086219,31390938.10322665,104636460.34408884,0.3
2016-12-27,73265510.28158735,31399504.406394575,104665014.68798192,0.3
2016-12-28,72979950.14166093,31277121.489283256,104257071.63094419,0.3
2016-12-29,72789549.16835724,31195521.072153103,103985070.24051034,0.3
2016-12-30,72818776.93977445,31208047.259903338,104026824.1996778,0.3
2017-01-03,0.0,104414204.53410797,104414204.53410797,1.0
2017-01-04,0.0,106494569.21740249,106494569.21740249,1.0
2017-01-05,0.0,106769840.83488345,106769840.83488345,1.0
2017-01-06,0.0,106207579.39410332,106207579.39410332,1.0
2017-01-09,0.0,106099921.19815472,106099921.19815472,1.0
2017-01-10,0.0,105643921.9302488,105643921.9302488,1.0
2017-01-11,72929764.07059321,31255613.173111375,104185377.24370459,0.3
2017-01-12,72749032.36695966,31178156.728697,103927189.09565666,0.3
2017-01-13,72418606.73630564,31036545.744130984,103455152.48043662,0.3
2017-01-16,71414609.9456795,30606261.405291215,102020871.35097072,0.3
2017-01-17,71787270.30127367,30765972.986260146,102553243.28753382,0.3
2017-01-18,0.0,102456916.97238265,102456916.97238265,1.0
2017-01-19,71155026.88808082,30495011.523463205,101650038.41154402,0.3
2017-01-20,0.0,102109886.29022731,102109886.29022731,1.0
2017-01-23,0.0,103373946.67715047,103373946.67715047,1.0
2017-01-24,0.0,102921473.60075013,102921473.60075013,1.0
2017-01-25,0.0,102922248.56009951,102922248.56009951,1.0
2017-01-26,0.0,103714188.67263764,103714188.67263764,1.0
2017-02-03,0.0,102925062.93332964,102925062.93332964,1.0
2017-02-06,0.0,122364925.9875958,122364925.9875958,1.0
2017-02-07,0.0,123038219.48984492,123038219.48984492,1.0
2017-02-08,0.0,123875322.6835492,123875322.6835492,1.0
2017-02-09,0.0,125126436.7242782,125126436.7242782,1.0
2017-02-10,0.0,124722358.05951682,124722358.05951682,1.0
2017-02-13,0.0,125069608.12673487,125069608.12673487,1.0
2017-02-14,0.0,124861136.32335392,124861136.32335392,1.0
2017-02-15,0.0,123054323.59438598,123054323.59438598,1.0
2017-02-16,0.0,123967203.26036511,123967203.26036511,1.0
2017-02-17,0.0,122594593.86201075,122594593.86201075,1.0
2017-02-20,0.0,122880525.12389813,122880525.12389813,1.0
2017-02-21,0.0,124112392.25553063,124112392.25553063,1.0
2017-02-22,0.0,124708755.79142715,124708755.79142715,1.0
2017-02-23,0.0,124348490.51136145,124348490.51136145,1.0
2017-02-24,0.0,125020730.66159743,125020730.66159743,1.0
2017-02-27,0.0,124878063.11411205,124878063.11411205,1.0
2017-02-28,0.0,125513389.98498231,125513389.98498231,1.0
2017-03-01,0.0,126147462.27414794,126147462.27414794,1.0
2017-03-02,0.0,126068621.16516493,126068621.16516493,1.0
2017-03-03,0.0,126204565.51010829,126204565.51010829,1.0
2017-03-06,0.0,127113551.22851405,127113551.22851405,1.0
2017-03-07,0.0,126632029.02444905,126632029.02444905,1.0
2017-03-08,0.0,126396004.23712732,126396004.23712732,1.0
2017-03-09,0.0,125770092.47373465,125770092.47373465,1.0
2017-03-10,0.0,126885654.51679082,126885654.51679082,1.0
2017-03-13,0.0,128058585.37243384,128058585.37243384,1.0
2017-03-14,0.0,127451239.74975769,127451239.74975769,1.0
2017-03-15,0.0,126587446.63633986,126587446.63633986,1.0
2017-03-16,0.0,128174849.44396965,128174849.44396965,1.0
2017-03-17,0.0,127474187.70105575,127474187.70105575,1.0
2017-03-20,0.0,127670964.72607876,127670964.72607876,1.0
2017-03-21,0.0,127746474.30279098,127746474.30279098,1.0
2017-03-22,0.0,127465309.97112915,127465309.97112915,1.0
2017-03-23,0.0,127836121.96095562,127836121.96095562,1.0
2017-03-24,0.0,127924872.33060716,127924872.33060716,1.0
2017-03-27,0.0,127203036.32208125,127203036.32208125,1.0
2017-03-28,0.0,126874250.95026003,126874250.95026003,1.0
2017-03-29,0.0,125910995.2371341,125910995.2371341,1.0
2017-03-30,0.0,122452352.73842977,122452352.73842977,1.0
2017-03-31,0.0,122563467.48271072,122563467.48271072,1.0
2017-04-05,0.0,125008074.46746281,125008074.46746281,1.0
2017-04-06,0.0,125026840.0708353,125026840.0708353,1.0
2017-04-07,0.0,125075439.48706861,125075439.48706861,1.0
2017-04-10,0.0,124000575.16683383,124000575.16683383,1.0
2017-04-11,0.0,124539061.94945335,124539061.94945335,1.0
2017-04-12,0.0,122843671.22238885,122843671.22238885,1.0
2017-04-13,0.0,123011914.70392714,123011914.70392714,1.0
2017-04-14,0.0,120528119.63702895,120528119.63702895,1.0
2017-04-17,0.0,118554250.3896002,118554250.3896002,1.0
2017-04-18,0.0,116986621.02885011,116986621.02885011,1.0
2017-04-19,0.0,114937240.76444107,114937240.76444107,1.0
2017-04-20,0.0,114120545.09595425,114120545.09595425,1.0
2017-04-21,0.0,114010352.55867341,114010352.55867341,1.0
2017-04-24,0.0,109679929.48390467,109679929.48390467,1.0
2017-04-25,0.0,109807348.20618661,109807348.20618661,1.0
2017-04-26,0.0,110221475.57669643,110221475.57669643,1.0
2017-04-27,0.0,110954197.445534,110954197.445534,1.0
2017-04-28,0.0,112126135.96818614,112126135.96818614,1.0
2017-05-02,0.0,112239881.39565082,112239881.39565082,1.0
2017-05-03,66641454.77007216,28560623.472888067,95202078.24296023,0.3
2017-05-04,66622764.172226,28552613.21666828,95175377.38889427,0.3
2017-05-05,66258650.64657763,28396564.562818978,94655215.2093966,0.3
2017-05-08,65671303.558712825,28144844.38230549,93816147.94101831,0.3
2017-05-09,65862383.026097685,28226735.582613293,94089118.60871097,0.3
2017-05-10,65471391.12315057,28059167.62420739,93530558.74735796,0.3
2017-05-11,65448784.85949592,28049479.225498248,93498264.08499417,0.3
2017-05-12,65446210.938525334,28048376.116510857,93494587.05503619,0.3
2017-05-15,65484663.53809139,28064855.802039165,93549519.34013055,0.3
2017-05-16,0.0,94156508.24242772,94156508.24242772,1.0
2017-05-17,66046911.53447358,28305819.22906011,94352730.7635337,0.3
2017-05-18,65833580.170669496,28214391.501715496,94047971.67238499,0.3
2017-05-19,65758072.740047544,28182031.17430609,93940103.91435364,0.3
2017-05-22,65416243.72408372,28035533.024607312,93451776.74869104,0.3
2017-05-23,0.0,92403485.14898817,92403485.14898817,1.0
2017-05-24,0.0,92565212.41349337,92565212.41349337,1.0
2017-05-25,0.0,93240047.6451184,93240047.6451184,1.0
2017-05-26,0.0,92736911.73568065,92736911.73568065,1.0
2017-05-31,0.0,92487788.77709162,92487788.77709162,1.0
2017-06-01,0.0,89304818.05809282,89304818.05809282,1.0
2017-06-02,0.0,90135956.27335337,90135956.27335337,1.0
2017-06-05,0.0,91179619.03615096,91179619.03615096,1.0
2017-06-06,0.0,91615191.6957112,91615191.6957112,1.0
2017-06-07,0.0,93580783.92672637,93580783.92672637,1.0
2017-06-08,0.0,93640516.62219504,93640516.62219504,1.0
2017-06-09,0.0,93996692.20763,93996692.20763,1.0
2017-06-12,0.0,92730481.1280402,92730481.1280402,1.0
2017-06-13,0.0,93993234.22737063,93993234.22737063,1.0
2017-06-14,0.0,94274667.21666421,94274667.21666421,1.0
2017-06-15,0.0,95435447.5245054,95435447.5245054,1.0
2017-06-16,0.0,95321835.40365931,95321835.40365931,1.0
2017-06-19,0.0,96189990.85622531,96189990.85622531,1.0
2017-06-20,0.0,96393771.76934269,96393771.76934269,1.0
2017-06-21,0.0,96884016.06739902,96884016.06739902,1.0
2017-06-22,0.0,95192183.60769376,95192183.60769376,1.0
2017-06-23,0.0,95350086.60160697,95350086.60160697,1.0
2017-06-26,0.0,96741124.38683926,96741124.38683926,1.0
2017-06-27,0.0,96686170.6391016,96686170.6391016,1.0
2017-06-28,0.0,96378964.82437792,96378964.82437792,1.0
2017-06-29,0.0,96654085.90340272,96654085.90340272,1.0
2017-06-30,0.0,96993210.61551265,96993210.61551265,1.0
2017-07-03,0.0,97930187.87600912,97930187.87600912,1.0
2017-07-04,0.0,97719166.57053287,97719166.57053287,1.0
2017-07-05,0.0,98468285.96914962,98468285.96914962,1.0
2017-07-06,0.0,99270549.68202694,99270549.68202694,1.0
2017-07-07,0.0,99802668.24458231,99802668.24458231,1.0
2017-07-10,0.0,99646334.10602984,99646334.10602984,1.0
2017-07-11,0.0,98350509.95438509,98350509.95438509,1.0
2017-07-12,0.0,98710498.37043202,98710498.37043202,1.0
2017-07-13,0.0,99073654.846555,99073654.846555,1.0
2017-07-14,0.0,98627151.35478652,98627151.35478652,1.0
2017-07-17,0.0,93907187.54885836,93907187.54885836,1.0
2017-07-18,0.0,94790699.43348461,94790699.43348461,1.0
2017-07-19,0.0,96472805.68651675,96472805.68651675,1.0
2017-07-20,0.0,97165823.33202264,97165823.33202264,1.0
2017-07-21,0.0,97213661.8214935,97213661.8214935,1.0
2017-07-24,0.0,97996467.28404245,97996467.28404245,1.0
2017-07-25,0.0,97883142.47334366,97883142.47334366,1.0
2017-07-26,0.0,97767968.79436164,97767968.79436164,1.0
2017-07-27,0.0,98626455.63176581,98626455.63176581,1.0
2017-07-28,0.0,98926877.63191546,98926877.63191546,1.0
2017-07-31,0.0,100195933.21593033,100195933.21593033,1.0
2017-08-01,0.0,118181603.77926846,118181603.77926846,1.0
2017-08-02,0.0,117139742.40386164,117139742.40386164,1.0
2017-08-03,0.0,117348891.97221003,117348891.97221003,1.0
2017-08-04,0.0,116698429.60689831,116698429.60689831,1.0
2017-08-07,0.0,117724994.00555988,117724994.00555988,1.0
2017-08-08,0.0,118169707.96778512,118169707.96778512,1.0
2017-08-09,0.0,118520746.12526403,118520746.12526403,1.0
2017-08-10,0.0,117760099.61844845,117760099.61844845,1.0
2017-08-11,0.0,115910442.9121736,115910442.9121736,1.0
2017-08-14,0.0,118606071.57848385,118606071.57848385,1.0
2017-08-15,0.0,118792750.67065121,118792750.67065121,1.0
2017-08-16,0.0,119048574.70715424,119048574.70715424,1.0
2017-08-17,0.0,120234083.92691329,120234083.92691329,1.0
2017-08-18,0.0,119971821.33298612,119971821.33298612,1.0
2017-08-21,0.0,121175786.29392084,121175786.29392084,1.0
2017-08-22,0.0,120541522.58058073,120541522.58058073,1.0
2017-08-23,0.0,119855031.26153952,119855031.26153952,1.0
2017-08-24,0.0,119399085.87500681,119399085.87500681,1.0
2017-08-25,0.0,120486898.48649599,120486898.48649599,1.0
2017-08-28,0.0,121919683.9071322,121919683.9071322,1.0
2017-08-29,0.0,121538192.08835874,121538192.08835874,1.0
2017-08-30,0.0,122053357.87694404,122053357.87694404,1.0
2017-08-31,0.0,122664290.2821569,122664290.2821569,1.0
2017-09-01,0.0,123927000.67030542,123927000.67030542,1.0
2017-09-04,0.0,124909976.663951,124909976.663951,1.0
2017-09-05,0.0,124734325.27518411,124734325.27518411,1.0
2017-09-06,0.0,125129282.17714612,125129282.17714612,1.0
2017-09-07,0.0,124075190.97877623,124075190.97877623,1.0
2017-09-08,0.0,124160881.92929593,124160881.92929593,1.0
2017-09-11,0.0,124919420.03602101,124919420.03602101,1.0
2017-09-12,0.0,125586498.26658356,125586498.26658356,1.0
2017-09-13,0.0,126291432.31457207,126291432.31457207,1.0
2017-09-14,0.0,126087382.15308788,126087382.15308788,1.0
2017-09-15,0.0,125305052.48343347,125305052.48343347,1.0
2017-09-18,0.0,126523416.59152016,126523416.59152016,1.0
2017-09-19,0.0,126016610.9607594,126016610.9607594,1.0
2017-09-20,0.0,127110947.00415747,127110947.00415747,1.0
2017-09-21,0.0,125084359.33876874,125084359.33876874,1.0
2017-09-22,0.0,124124833.9335877,124124833.9335877,1.0
2017-09-25,0.0,121871973.08762673,121871973.08762673,1.0
2017-09-26,0.0,122287468.91888733,122287468.91888733,1.0
2017-09-27,0.0,122892779.83935352,122892779.83935352,1.0
2017-09-28,0.0,122416613.72981489,122416613.72981489,1.0
2017-09-29,0.0,123769451.7114272,123769451.7114272,1.0
2017-10-09,0.0,124739426.805621,124739426.805621,1.0
2017-10-10,0.0,125421317.38198496,125421317.38198496,1.0
2017-10-11,0.0,125718593.63653284,125718593.63653284,1.0
2017-10-12,0.0,125466387.67143095,125466387.67143095,1.0
2017-10-13,0.0,126517848.77919625,126517848.77919625,1.0
2017-10-16,0.0,124837963.94298427,124837963.94298427,1.0
2017-10-17,0.0,124613144.65372024,124613144.65372024,1.0
2017-10-18,0.0,124401768.05043118,124401768.05043118,1.0
2017-10-19,0.0,122966286.92092223,122966286.92092223,1.0
2017-10-20,0.0,123965118.06619239,123965118.06619239,1.0
2017-10-23,0.0,124504479.399969,124504479.399969,1.0
2017-10-24,0.0,124423191.06718199,124423191.06718199,1.0
2017-10-25,0.0,125213683.94705325,125213683.94705325,1.0
2017-10-26,0.0,125612659.17993031,125612659.17993031,1.0
2017-10-27,0.0,124560628.58784291,124560628.58784291,1.0
2017-10-30,0.0,121536652.3857771,121536652.3857771,1.0
2017-10-31,0.0,122924679.95661484,122924679.95661484,1.0
2017-11-01,0.0,127176374.1058859,127176374.1058859,1.0
2017-11-02,0.0,125833205.26959868,125833205.26959868,1.0
2017-11-03,0.0,124529659.5338403,124529659.5338403,1.0
2017-11-06,0.0,126982285.4287733,126982285.4287733,1.0
2017-11-07,0.0,127546855.76152533,127546855.76152533,1.0
2017-11-08,0.0,127974813.85820362,127974813.85820362,1.0
2017-11-09,0.0,129206985.14960223,129206985.14960223,1.0
2017-11-10,0.0,130316154.81684822,130316154.81684822,1.0
2017-11-13,0.0,131736204.43697126,131736204.43697126,1.0
2017-11-14,0.0,131074534.00909735,131074534.00909735,1.0
2017-11-15,0.0,129627305.63933787,129627305.63933787,1.0
2017-11-16,0.0,130365592.64168033,130365592.64168033,1.0
2017-11-17,0.0,126341987.28176036,126341987.28176036,1.0
2017-11-20,0.0,128103850.53221394,128103850.53221394,1.0
2017-11-21,0.0,129095140.4530218,129095140.4530218,1.0
2017-11-22,0.0,128658340.7103311,128658340.7103311,1.0
2017-11-23,0.0,125076377.68242148,125076377.68242148,1.0
2017-11-24,0.0,125608003.5450995,125608003.5450995,1.0
2017-11-27,0.0,124681482.76053257,124681482.76053257,1.0
2017-11-28,0.0,127796952.30301958,127796952.30301958,1.0
2017-11-29,0.0,129527748.34660608,129527748.34660608,1.0
2017-11-30,0.0,128410005.69465078,128410005.69465078,1.0
2017-12-01,0.0,130197277.16697618,130197277.16697618,1.0
2017-12-04,0.0,129287470.1546092,129287470.1546092,1.0
2017-12-05,0.0,125607627.60252391,125607627.60252391,1.0
2017-12-06,0.0,126449833.48289056,126449833.48289056,1.0
2017-12-07,0.0,126404228.67583694,126404228.67583694,1.0
2017-12-08,0.0,128214381.76353753,128214381.76353753,1.0
2017-12-11,0.0,130828957.23491998,130828957.23491998,1.0
2017-12-12,0.0,129357906.0920277,129357906.0920277,1.0
2017-12-13,0.0,130179211.80761,130179211.80761,1.0
2017-12-14,0.0,130342497.67868604,130342497.67868604,1.0
2017-12-15,0.0,128902865.36031939,128902865.36031939,1.0
2017-12-18,0.0,127895497.19217585,127895497.19217585,1.0
2017-12-19,0.0,128699113.1557848,128699113.1557848,1.0
2017-12-20,0.0,127848617.98788361,127848617.98788361,1.0
2017-12-21,0.0,128954666.46793912,128954666.46793912,1.0
2017-12-22,0.0,129046988.2685599,129046988.2685599,1.0
2017-12-25,0.0,128049333.35935906,128049333.35935906,1.0
2017-12-26,0.0,127916092.80684134,127916092.80684134,1.0
2017-12-27,0.0,126946297.59811123,126946297.59811123,1.0
2017-12-28,0.0,127347048.57570596,127347048.57570596,1.0
2017-12-29,0.0,128475711.15859327,128475711.15859327,1.0
2018-01-02,0.0,131213901.0415012,131213901.0415012,1.0
2018-01-03,0.0,133086389.88942301,133086389.88942301,1.0
2018-01-04,0.0,135019931.50929946,135019931.50929946,1.0
2018-01-05,0.0,134025627.12883785,134025627.12883785,1.0
2018-01-08,0.0,134621630.86912358,134621630.86912358,1.0
2018-01-09,0.0,134697332.63948968,134697332.63948968,1.0
2018-01-10,0.0,133759359.64754595,133759359.64754595,1.0
2018-01-11,0.0,133653306.91861992,133653306.91861992,1.0
2018-01-12,0.0,133216864.74874051,133216864.74874051,1.0
2018-01-15,0.0,130048968.46128398,130048968.46128398,1.0
2018-01-16,0.0,131321642.18215886,131321642.18215886,1.0
2018-01-17,0.0,130730392.90169266,130730392.90169266,1.0
2018-01-18,0.0,131862520.07052001,131862520.07052001,1.0
2018-01-19,0.0,131068708.79756862,131068708.79756862,1.0
2018-01-22,0.0,132715555.81544001,132715555.81544001,1.0
2018-01-23,0.0,133167709.56131876,133167709.56131876,1.0
2018-01-24,0.0,133624858.1882674,133624858.1882674,1.0
2018-01-25,0.0,133417904.70696358,133417904.70696358,1.0
2018-01-26,0.0,133237884.65686183,133237884.65686183,1.0
2018-01-29,0.0,132469127.34452409,132469127.34452409,1.0
2018-01-30,0.0,132648242.49578974,132648242.49578974,1.0
2018-01-31,0.0,130692212.20003434,130692212.20003434,1.0
2018-02-01,0.0,128047277.28766084,128047277.28766084,1.0
2018-02-02,0.0,129703925.25171907,129703925.25171907,1.0
2018-02-05,0.0,130321485.34438542,130321485.34438542,1.0
2018-02-06,0.0,123527139.33431135,123527139.33431135,1.0
2018-02-07,0.0,123429451.73849079,123429451.73849079,1.0
2018-02-08,86983006.1925085,37278431.22536078,124261437.41786928,0.3
2018-02-09,85885195.07153,36807940.74494143,122693135.81647143,0.3
2018-02-12,86689975.9430072,37152846.83271737,123842822.77572456,0.3
2018-02-13,86979744.17731065,37277033.21884742,124256777.39615807,0.3
2018-02-14,87424932.86331895,37467828.369993836,124892761.23331279,0.3
2018-02-22,0.0,125774076.61168547,125774076.61168547,1.0
2018-02-23,0.0,126638413.73737359,126638413.73737359,1.0
2018-02-26,0.0,129117162.35449871,129117162.35449871,1.0
2018-02-27,0.0,128280710.549282,128280710.549282,1.0
2018-02-28,89370140.39616868,38301488.74121515,127671629.13738383,0.3
2018-03-01,0.0,127926887.75429428,127926887.75429428,1.0
2018-03-02,88920560.5729713,38108811.67413056,127029372.24710186,0.3
2018-03-05,88823278.25841005,38067119.25360431,126890397.51201436,0.3
2018-03-06,0.0,127366806.91279022,127366806.91279022,1.0
2018-03-07,88100950.13200971,37757550.05657559,125858500.18858531,0.3
2018-03-08,0.0,126191467.94100975,126191467.94100975,1.0
2018-03-09,0.0,127196358.6895744,127196358.6895744,1.0
2018-03-12,0.0,129204863.95939331,129204863.95939331,1.0
2018-03-13,0.0,128212162.79668571,128212162.79668571,1.0
2018-03-14,0.0,127095402.46984336,127095402.46984336,1.0
2018-03-15,0.0,126658738.44810346,126658738.44810346,1.0
2018-03-16,0.0,125724541.51203062,125724541.51203062,1.0
2018-03-19,0.0,125426842.19894993,125426842.19894993,1.0
2018-03-20,0.0,125499549.06136847,125499549.06136847,1.0
2018-03-21,87144078.37614436,37347462.161204726,124491540.53734909,0.3
2018-03-22,86923288.90404993,37252838.10173568,124176127.00578561,0.3
2018-03-23,85419874.3121263,36608517.56233984,122028391.87446614,0.3
2018-03-26,85874909.87950319,36803532.805501364,122678442.68500456,0.3
2018-03-27,86412375.83741707,37033875.35889303,123446251.1963101,0.3
2018-03-28,86019026.22303893,36865296.95273097,122884323.1757699,0.3
2018-03-29,86288680.6552099,36980863.137947105,123269543.79315701,0.3
2018-03-30,86706356.64087038,37159867.13180159,123866223.77267197,0.3
2018-04-02,86785001.68479452,37193572.15062622,123978573.83542074,0.3
2018-04-03,86610680.33473542,37118863.0006009,123729543.33533633,0.3
2018-04-04,86450948.91556951,37050406.67810122,123501355.59367073,0.3
2018-04-09,86469364.22159256,37058298.952111095,123527663.17370366,0.3
2018-04-10,86693777.10661885,37154475.90283664,123848253.00945549,0.3
2018-04-11,86888629.59819874,37237984.113513745,124126613.71171248,0.3
2018-04-12,86705770.50227524,37159615.929546535,123865386.43182178,0.3
2018-04-13,86644283.54807347,37133264.37774577,123777547.92581925,0.3
2018-04-16,86461099.17446454,37054756.78905623,123515855.96352077,0.3
2018-04-17,85850070.1388821,36792887.20237804,122642957.34126014,0.3
2018-04-18,86276049.00039862,36975449.57159941,123251498.57199803,0.3
2018-04-19,86589320.72753692,37109708.88323011,123699029.61076704,0.3
2018-04-20,86051597.96101108,36879256.269004755,122930854.23001584,0.3
2018-04-23,85834851.83526698,36786365.07225727,122621216.90752424,0.3
2018-04-24,86515330.34045336,37077998.717337154,123593329.05779052,0.3
2018-04-25,86503196.47343862,37072798.48861655,123575994.96205516,0.3
2018-04-26,85958326.48924783,36839282.78110621,122797609.27035405,0.3
2018-04-27,85952215.12388498,36836663.62452213,122788878.7484071,0.3
2018-05-02,85989890.3401944,36852810.1457976,122842700.48599201,0.3
2018-05-03,77352624.01208603,33151124.576608293,110503748.58869432,0.3
2018-05-04,77314611.7904023,33134833.624458127,110449445.41486043,0.3
2018-05-07,77808048.99744675,33346306.713191457,111154355.7106382,0.3
2018-05-08,77888923.27552721,33380967.11808309,111269890.3936103,0.3
2018-05-09,77839273.01163346,33359688.43355719,111198961.44519064,0.3
2018-05-10,78022847.15653089,33438363.067084663,111461210.22361554,0.3
2018-05-11,77757139.51910396,33324488.365330264,111081627.88443422,0.3
2018-05-14,77706442.51424256,33302761.077532526,111009203.59177509,0.3
2018-05-15,78149360.5536115,33492583.094404925,111641943.64801642,0.3
2018-05-16,78089411.50229408,33466890.643840317,111556302.14613439,0.3
2018-05-17,77818217.6223962,33350664.695312653,111168882.31770885,0.3
2018-05-18,77924149.9841321,33396064.27891375,111320214.26304585,0.3
2018-05-21,78265647.79016218,33542420.481498074,111808068.27166025,0.3
2018-05-22,78446321.64483932,33619852.133502565,112066173.77834189,0.3
2018-05-23,78243089.81371771,33532752.777307585,111775842.5910253,0.3
2018-05-24,78193904.15191975,33511673.20796561,111705577.35988536,0.3
2018-05-25,77959586.8243437,33411251.496147294,111370838.32049099,0.3
2018-05-28,77941854.69292274,33403652.011252604,111345506.70417535,0.3
2018-05-29,77566889.59656252,33242952.684241075,110809842.28080359,0.3
2018-05-30,76879631.11425535,32948413.334680866,109828044.44893622,0.3
2018-05-31,77322924.74759942,33138396.320399754,110461321.06799918,0.3
2018-06-01,76959485.41980907,32982636.608489603,109942122.02829868,0.3
2018-06-04,76801771.97932197,32915045.13399513,109716817.1133171,0.3
2018-06-05,77302838.36545622,33129787.870909803,110432626.23636602,0.3
2018-06-06,77466274.01535833,33199831.720867854,110666105.73622619,0.3
2018-06-07,77347730.00813395,33149027.14634312,110496757.15447707,0.3
2018-06-08,77160163.22563362,33068641.382414408,110228804.60804804,0.3
2018-06-11,76932726.47585024,32971168.4896501,109903894.96550034,0.3
2018-06-12,77263580.56942567,33112963.101182424,110376543.67060809,0.3
2018-06-13,76990432.4828839,32995899.635521673,109986332.11840558,0.3
2018-06-14,76929872.90048853,32969945.528780792,109899818.42926931,0.3
2018-06-15,76443047.13702329,32761305.91586712,109204353.0528904,0.3
2018-06-19,74986612.31515351,32137119.56363722,107123731.87879074,0.3
2018-06-20,75509542.11039248,32361232.333025344,107870774.44341782,0.3
2018-06-21,75140998.32471967,32203284.996308424,107344283.32102808,0.3
2018-06-22,75619243.81590706,32408247.349674452,108027491.16558151,0.3
2018-06-25,75524073.70082083,32367460.157494638,107891533.85831547,0.3
2018-06-26,75631039.37908441,32413302.59103617,108044341.97012058,0.3
2018-06-27,75302341.71233162,32272432.16242784,107574773.87475947,0.3
2018-06-28,75065082.58361313,32170749.67869134,107235832.26230447,0.3
2018-06-29,75925118.4151514,32539336.463636313,108464454.87878771,0.3
2018-07-02,75711473.54798067,32447774.377706,108159247.92568667,0.3
2018-07-03,75875176.2943782,32517932.69759066,108393108.99196887,0.3
2018-07-04,75435845.6928148,32329648.154063486,107765493.84687829,0.3
2018-07-05,74732136.66587895,32028058.571090978,106760195.23696993,0.3
2018-07-06,74903591.20354542,32101539.087233745,107005130.29077916,0.3
2018-07-09,75540552.16193977,32374522.355117045,107915074.51705682,0.3
2018-07-10,75914570.99599332,32534816.141139988,108449387.1371333,0.3
2018-07-11,75565337.49167554,32385144.639289513,107950482.13096505,0.3
2018-07-12,76276993.24557064,32690139.962387417,108967133.20795806,0.3
2018-07-13,76582048.02510057,32820877.725043103,109402925.75014368,0.3
2018-07-16,76695039.18521641,32869302.50794989,109564341.6931663,0.3
2018-07-17,76599188.67444614,32828223.71761977,109427412.3920659,0.3
2018-07-18,76375775.23684642,32732475.101505607,109108250.33835202,0.3
2018-07-19,76071974.90882272,32602274.960924022,108674249.86974674,0.3
2018-07-20,76353652.74820393,32722994.03494454,109076646.78314848,0.3
2018-07-23,76417129.61639297,32750198.407025557,109167328.02341853,0.3
2018-07-24,76589014.8223876,32823863.495308973,109412878.31769659,0.3
2018-07-25,76625158.74967209,32839353.74985946,109464512.49953154,0.3
2018-07-26,76339369.08866279,32716872.466569766,109056241.55523255,0.3
2018-07-27,76264701.57236844,32684872.102443613,108949573.67481205,0.3
2018-07-30,75916885.3409374,32535808.003258884,108452693.34419629,0.3
2018-07-31,75856273.14015964,32509831.345782705,108366104.48594235,0.3
2018-08-01,79263942.54604155,33970261.09116066,113234203.63720222,0.3
2018-08-02,78904968.29381686,33816414.983064376,112721383.27688125,0.3
2018-08-03,78509481.17802626,33646920.504868396,112156401.68289465,0.3
2018-08-06,77953483.46375088,33408635.770178948,111362119.23392983,0.3
2018-08-07,78665861.80753477,33713940.774657756,112379802.58219253,0.3
2018-08-08,78194567.69473399,33511957.583457425,111706525.27819142,0.3
2018-08-09,78872959.43178561,33802696.89933669,112675656.33112231,0.3
2018-08-10,79033407.78637685,33871460.47987579,112904868.26625264,0.3
2018-08-13,79284398.7978163,33979028.056206994,113263426.85402331,0.3
2018-08-14,79190412.31902876,33938748.13672661,113129160.45575538,0.3
2018-08-15,78612429.12422109,33691041.05323761,112303470.1774587,0.3
2018-08-16,78342038.38877474,33575159.309474885,111917197.69824962,0.3
2018-08-17,77836805.193693,33358630.797296997,111195435.99099,0.3
2018-08-20,77804561.1693711,33344811.929730467,111149373.09910156,0.3
2018-08-21,78128981.52522333,33483849.225095708,111612830.75031903,0.3
2018-08-22,77923492.20501897,33395782.373579558,111319274.57859853,0.3
2018-08-23,78071267.48782726,33459114.637640253,111530382.12546751,0.3
2018-08-24,77976459.14517325,33418482.490788534,111394941.63596179,0.3
2018-08-27,78707089.6928184,33731609.86835074,112438699.56116913,0.3
2018-08-28,78741924.61017178,33746539.11864504,112488463.72881682,0.3
2018-08-29,78582991.40068935,33678424.88600972,112261416.28669907,0.3
2018-08-30,78067897.15631527,33457670.2098494,111525567.36616467,0.3
2018-08-31,77852468.53689542,33365343.658669464,111217812.19556488,0.3
2018-09-03,77834842.7152828,33357789.735121198,111192632.450404,0.3
2018-09-04,78041106.91651699,33446188.678507276,111487295.59502426,0.3
2018-09-05,77563731.45149481,33241599.19349777,110805330.64499258,0.3
2018-09-06,77396189.6947293,33169795.583455414,110565985.27818471,0.3
2018-09-07,77450786.82142422,33193194.35203895,110643981.17346317,0.3
2018-09-10,76918063.67962113,32964884.434123345,109882948.11374448,0.3
2018-09-11,76902434.73149796,32958186.313499123,109860621.04499708,0.3
2018-09-12,76655271.36470675,32852259.156302895,109507530.52100965,0.3
2018-09-13,76709347.9919646,32875434.853699107,109584782.8456637,0.3
2018-09-14,76436409.07440627,32758461.031888396,109194870.10629466,0.3
2018-09-17,76040468.51401225,32588772.22029096,108629240.7343032,0.3
2018-09-18,76545051.40396753,32805022.03027179,109350073.43423931,0.3
2018-09-19,76924613.04105113,32967691.303307626,109892304.34435876,0.3
2018-09-20,76823793.8086135,32924483.060834352,109748276.86944784,0.3
2018-09-21,77330644.16087028,33141704.640372977,110472348.80124326,0.3
2018-09-25,77301054.30436787,33129023.273300514,110430077.57766838,0.3
2018-09-26,77635586.26130415,33272394.11198749,110907980.37329164,0.3
2018-09-27,77374667.3145217,33160571.70622358,110535239.02074528,0.3
2018-09-28,77675061.26585366,33289311.97108014,110964373.2369338,0.3
2018-10-08,76742223.71417245,32889524.44893105,109631748.1631035,0.3
2018-10-09,76730538.37832132,32884516.44785199,109615054.8261733,0.3
2018-10-10,76631754.45264116,32842180.47970335,109473934.93234451,0.3
2018-10-11,75178401.64673826,32219314.99145925,107397716.63819751,0.3
2018-10-12,75458492.17691194,32339353.790105116,107797845.96701705,0.3
2018-10-15,75079529.46198389,32176941.197993096,107256470.65997699,0.3
2018-10-16,74506606.9531691,31931402.97992962,106438009.93309873,0.3
2018-10-17,74443617.15675835,31904407.352896437,106348024.50965479,0.3
2018-10-18,73667456.04359682,31571766.87582721,105239222.91942403,0.3
2018-10-19,74343543.88417311,31861518.80750276,106205062.69167587,0.3
2018-10-22,75633620.48716056,32414408.780211665,108048029.26737222,0.3
2018-10-23,75011932.33369261,32147971.000153974,107159903.33384658,0.3
2018-10-24,74824817.25899935,32067778.825285427,106892596.08428477,0.3
2018-10-25,74553864.98740685,31951656.42317436,106505521.4105812,0.3
2018-10-26,74448167.41142936,31906357.462041155,106354524.87347052,0.3
2018-10-29,73936293.54834305,31686982.949289873,105623276.49763292,0.3
2018-10-30,74174010.9156561,31788861.82099547,105962872.73665157,0.3
2018-10-31,74559200.91269533,31953943.248298,106513144.16099334,0.3
2018-11-01,63564357.115746915,27241867.335320104,90806224.45106702,0.3
2018-11-02,64251533.50650447,27536371.502787627,91787905.0092921,0.3
2018-11-05,64319650.83560802,27565564.64383201,91885215.47944003,0.3
2018-11-06,64336940.44249648,27572974.47535563,91909914.9178521,0.3
2018-11-07,64263718.98881361,27541593.85234869,91805312.8411623,0.3
2018-11-08,64123343.36514537,27481432.870776583,91604776.23592195,0.3
2018-11-09,64056198.15235987,27452656.35101137,91508854.50337124,0.3
2018-11-12,64487668.71020442,27637572.304373324,92125241.01457775,0.3
2018-11-13,64641943.560429744,27703690.09732703,92345633.65775678,0.3
2018-11-14,64523214.06563534,27652806.02812943,92176020.09376477,0.3
2018-11-15,64793284.75917707,27768550.611075886,92561835.37025295,0.3
2018-11-16,64830024.99970426,27784296.42844468,92614321.42814894,0.3
2018-11-19,64917697.397491224,27821870.313210525,92739567.71070175,0.3
2018-11-20,64516903.715841495,27650101.592503496,92167005.30834499,0.3
2018-11-21,64629649.761738494,27698421.326459352,92328071.08819784,0.3
2018-11-22,64673395.85306889,27717169.65131524,92390565.50438413,0.3
2018-11-23,64000973.451669365,27428988.622144014,91429962.07381338,0.3
2018-11-26,63880280.41099152,27377263.033282075,91257543.44427359,0.3
2018-11-27,63886723.35599239,27380024.29542531,91266747.6514177,0.3
2018-11-28,64116028.479888834,27478297.919952355,91594326.39984119,0.3
2018-11-29,63761321.112838306,27326280.4769307,91087601.589769,0.3
2018-11-30,63823232.120823964,27352813.76606741,91176045.88689138,0.3
2018-12-03,64365809.792541936,27585347.053946543,91951156.84648848,0.3
2018-12-04,64465922.000101335,27628252.285757713,92094174.28585905,0.3
2018-12-05,64377554.48286612,27590380.492656905,91967934.97552302,0.3
2018-12-06,64060569.7727762,27454529.902618375,91515099.67539458,0.3
2018-12-07,64087654.5492059,27466137.663945388,91553792.21315129,0.3
2018-12-10,63829480.981118046,27355491.84905059,91184972.83016863,0.3
2018-12-11,63998226.96004933,27427811.554306854,91426038.51435618,0.3
2018-12-12,63974653.13887568,27417708.488089576,91392361.62696525,0.3
2018-12-13,64230722.65174157,27527452.565032102,91758175.21677367,0.3
2018-12-14,63788948.81931706,27338120.92256445,91127069.7418815,0.3
2018-12-17,63697167.99961567,27298786.28554957,90995954.28516524,0.3
2018-12-18,63514494.08611202,27220497.465476576,90734991.5515886,0.3
2018-12-19,63179043.68284555,27076733.006933805,90255776.68977936,0.3
2018-12-20,63142032.24120212,27060870.960515194,90202903.20171732,0.3
2018-12-21,62860112.79902962,26940048.342441265,89800161.14147088,0.3
2018-12-24,63140168.02072382,27060072.008881632,90200240.02960545,0.3
2018-12-25,63019760.78808306,27008468.909178454,90028229.69726151,0.3
2018-12-26,62944989.37214409,26976424.01663318,89921413.38877727,0.3
2018-12-27,62674847.48337571,26860648.92144673,89535496.40482244,0.3
2018-12-28,62808448.1529998,26917906.351285625,89726354.50428542,0.3
2019-01-02,62524219.95335545,26796094.26572376,89320314.21907921,0.3
2019-01-03,62278660.974950224,26690854.703550097,88969515.67850032,0.3
2019-01-04,62728240.766183876,26883531.756935947,89611772.52311982,0.3
2019-01-07,63079603.28201693,27034115.69229297,90113718.9743099,0.3
2019-01-08,63128309.54002388,27054989.80286737,90183299.34289125,0.3
2019-01-09,63213825.24525632,27091639.390824135,90305464.63608046,0.3
2019-01-10,63211893.220537424,27090811.380230322,90302704.60076775,0.3
2019-01-11,63320969.55552458,27137558.380939104,90458527.93646368,0.3
2019-01-14,63186431.71745582,27079899.307481065,90266331.02493688,0.3
2019-01-15,63494706.09777503,27212016.89904644,90706722.99682146,0.3
2019-01-16,63540929.53923418,27231826.94538607,90772756.48462024,0.3
2019-01-17,63351432.346195854,27150613.862655364,90502046.20885122,0.3
2019-01-18,63634252.07721761,27271822.318807546,90906074.39602515,0.3
2019-01-21,63894277.84496455,27383261.933556233,91277539.77852078,0.3
2019-01-22,63591384.49952111,27253450.499794755,90844834.99931586,0.3
2019-01-23,63770159.76512776,27330068.470769037,91100228.2358968,0.3
2019-01-24,63770143.53845526,27330061.516480822,91100205.05493608,0.3
2019-01-25,63693199.20285156,27297085.372650668,90990284.57550223,0.3
2019-01-28,63686153.878419444,27294065.947894048,90980219.8263135,0.3
2019-01-29,63467873.437196404,27200517.187369887,90668390.62456629,0.3
2019-01-30,63269877.17258525,27115661.645393673,90385538.81797892,0.3
2019-01-31,63046245.31734531,27019819.421719417,90066064.73906472,0.3
2019-02-01,48178652.15651512,72267978.23477267,120446630.39128779,0.6
2019-02-11,49343614.33961241,74015421.50941862,123359035.84903103,0.6
2019-02-12,51022022.61028044,76533033.91542064,127555056.52570108,0.6
2019-02-13,51142970.110521674,76714455.1657825,127857425.27630417,0.6
2019-02-14,51304706.172158584,76957059.25823787,128261765.43039645,0.6
2019-02-15,50480778.92988475,75721168.39482713,126201947.32471187,0.6
2019-02-18,51327568.24716775,76991352.3707516,128318920.61791936,0.6
2019-02-19,50934682.50150296,76402023.75225444,127336706.2537574,0.6
2019-02-20,52216081.040546656,78324121.56081997,130540202.60136662,0.6
2019-02-21,51813167.33032389,77719750.99548584,129532918.32580973,0.6
2019-02-22,0.0,131227585.49228887,131227585.49228887,1.0
2019-02-25,0.0,141059208.5301366,141059208.5301366,1.0
2019-02-26,0.0,141275457.43786496,141275457.43786496,1.0
2019-02-27,0.0,138903182.31342414,138903182.31342414,1.0
2019-02-28,0.0,142182580.89167067,142182580.89167067,1.0
2019-03-01,0.0,141931082.7068317,141931082.7068317,1.0
2019-03-04,0.0,142233534.9881848,142233534.9881848,1.0
2019-03-05,0.0,144707241.83756575,144707241.83756575,1.0
2019-03-06,0.0,143616421.17782906,143616421.17782906,1.0
2019-03-07,0.0,142156754.72637448,142156754.72637448,1.0
2019-03-08,0.0,138640960.01114085,138640960.01114085,1.0
2019-03-11,0.0,144626052.827715,144626052.827715,1.0
2019-03-12,0.0,143991124.6215681,143991124.6215681,1.0
2019-03-13,0.0,138494698.7331613,138494698.7331613,1.0
2019-03-14,0.0,134846154.1458197,134846154.1458197,1.0
2019-03-15,0.0,136406905.5215264,136406905.5215264,1.0
2019-03-18,0.0,141625639.65463886,141625639.65463886,1.0
2019-03-19,0.0,140844050.15784734,140844050.15784734,1.0
2019-03-20,0.0,139956466.46126074,139956466.46126074,1.0
2019-03-21,0.0,142053133.27563646,142053133.27563646,1.0
2019-03-22,0.0,140727970.7905762,140727970.7905762,1.0
2019-03-25,0.0,137289504.12452552,137289504.12452552,1.0
2019-03-26,0.0,135572768.45172226,135572768.45172226,1.0
2019-03-27,0.0,135452031.79690057,135452031.79690057,1.0
2019-03-28,0.0,136007164.51233137,136007164.51233137,1.0
2019-03-29,0.0,139467796.80899283,139467796.80899283,1.0
2019-04-01,0.0,145207391.72587866,145207391.72587866,1.0
2019-04-02,0.0,144773921.166774,144773921.166774,1.0
2019-04-03,0.0,145262528.4269792,145262528.4269792,1.0
2019-04-04,0.0,143538334.79802352,143538334.79802352,1.0
2019-04-08,0.0,142424635.5789055,142424635.5789055,1.0
2019-04-09,0.0,142432280.8975671,142432280.8975671,1.0
2019-04-10,0.0,144768125.6993445,144768125.6993445,1.0
2019-04-11,0.0,139109161.98519224,139109161.98519224,1.0
2019-04-12,0.0,138266722.17470592,138266722.17470592,1.0
2019-04-15,0.0,138087757.5636443,138087757.5636443,1.0
2019-04-16,0.0,142403688.80097035,142403688.80097035,1.0
2019-04-17,0.0,143126528.9144941,143126528.9144941,1.0
2019-04-18,0.0,144611156.37188715,144611156.37188715,1.0
2019-04-19,0.0,144274860.72507736,144274860.72507736,1.0
2019-04-22,0.0,142011723.43222412,142011723.43222412,1.0
2019-04-23,0.0,142812830.04540467,142812830.04540467,1.0
2019-04-24,0.0,140519517.43055558,140519517.43055558,1.0
2019-04-25,0.0,132653779.36897461,132653779.36897461,1.0
2019-04-26,0.0,133432494.87586907,133432494.87586907,1.0
2019-04-29,0.0,125676300.3269695,125676300.3269695,1.0
2019-04-30,0.0,123533354.53559805,123533354.53559805,1.0
2019-05-06,0.0,114692899.10757616,114692899.10757616,1.0
2019-05-07,0.0,102635806.04135357,102635806.04135357,1.0
2019-05-08,0.0,102110645.99461757,102110645.99461757,1.0
2019-05-09,0.0,100762919.18035717,100762919.18035717,1.0
2019-05-10,0.0,105011704.36451572,105011704.36451572,1.0
2019-05-13,0.0,105301669.59168322,105301669.59168322,1.0
2019-05-14,0.0,104403694.53405935,104403694.53405935,1.0
2019-05-15,0.0,107232276.5672457,107232276.5672457,1.0
2019-05-16,0.0,108191149.41987674,108191149.41987674,1.0
2019-05-17,0.0,104007897.39583597,104007897.39583597,1.0
2019-05-20,0.0,103777416.98673852,103777416.98673852,1.0
2019-05-21,0.0,105347936.7541739,105347936.7541739,1.0
2019-05-22,0.0,104744543.8537195,104744543.8537195,1.0
2019-05-23,0.0,101816601.31405328,101816601.31405328,1.0
2019-05-24,0.0,101253964.59622598,101253964.59622598,1.0
2019-05-27,0.0,104164897.16093954,104164897.16093954,1.0
2019-05-28,0.0,104501738.1103006,104501738.1103006,1.0
2019-05-29,0.0,104637698.73751059,104637698.73751059,1.0
2019-05-30,0.0,104110817.82160325,104110817.82160325,1.0
2019-05-31,0.0,104145417.36996718,104145417.36996718,1.0
2019-06-03,0.0,102496101.61015253,102496101.61015253,1.0
2019-06-04,0.0,101028664.30673417,101028664.30673417,1.0
2019-06-05,0.0,100652588.30562146,100652588.30562146,1.0
2019-06-06,0.0,98511677.09906666,98511677.09906666,1.0
2019-06-10,0.0,99249817.98523906,99249817.98523906,1.0
2019-06-11,0.0,103166411.6594416,103166411.6594416,1.0
2019-06-12,0.0,102306315.19909057,102306315.19909057,1.0
2019-06-13,0.0,103000772.30528557,103000772.30528557,1.0
2019-06-14,0.0,100594329.35282786,100594329.35282786,1.0
2019-06-17,0.0,100547079.60683212,100547079.60683212,1.0
2019-06-18,0.0,100358495.78697951,100358495.78697951,1.0
2019-06-19,0.0,102151319.08423708,102151319.08423708,1.0
2019-06-20,0.0,103871628.33507259,103871628.33507259,1.0
2019-06-21,0.0,105702035.76357114,105702035.76357114,1.0
2019-06-24,0.0,105413520.8346433,105413520.8346433,1.0
2019-06-25,0.0,105084257.06558865,105084257.06558865,1.0
2019-06-26,0.0,105190013.77013463,105190013.77013463,1.0
2019-06-27,0.0,106193859.23906301,106193859.23906301,1.0
2019-06-28,0.0,105076504.35737927,105076504.35737927,1.0
2019-07-01,0.0,108302667.9036411,108302667.9036411,1.0
2019-07-02,0.0,108795908.61256877,108795908.61256877,1.0
2019-07-03,0.0,108298373.95617996,108298373.95617996,1.0
2019-07-04,0.0,108254754.86113298,108254754.86113298,1.0
2019-07-05,0.0,108513326.84122978,108513326.84122978,1.0
2019-07-08,0.0,105451373.08808282,105451373.08808282,1.0
2019-07-09,0.0,106095745.7743259,106095745.7743259,1.0
2019-07-10,0.0,104862241.94642502,104862241.94642502,1.0
2019-07-11,0.0,104726699.25513066,104726699.25513066,1.0
2019-07-12,0.0,104908174.67261124,104908174.67261124,1.0
2019-07-15,0.0,106472571.9780202,106472571.9780202,1.0
2019-07-16,0.0,106380469.83002108,106380469.83002108,1.0
2019-07-17,0.0,106515788.07222724,106515788.07222724,1.0
2019-07-18,0.0,104163192.6990772,104163192.6990772,1.0
2019-07-19,0.0,104806211.42380802,104806211.42380802,1.0
2019-07-22,0.0,101738662.8029718,101738662.8029718,1.0
2019-07-23,0.0,103376708.7834302,103376708.7834302,1.0
2019-07-24,0.0,104662763.70248936,104662763.70248936,1.0
2019-07-25,0.0,105268251.92477582,105268251.92477582,1.0
2019-07-26,0.0,105827085.33217594,105827085.33217594,1.0
2019-07-29,0.0,105782191.1978035,105782191.1978035,1.0
2019-07-30,0.0,106128194.49824966,106128194.49824966,1.0
2019-07-31,0.0,105437915.19062287,105437915.19062287,1.0
2019-08-01,0.0,148380476.49864808,148380476.49864808,1.0
2019-08-02,102112238.63370761,43762387.98587469,145874626.6195823,0.3
2019-08-05,101873661.516287,43660140.649837285,145533802.16612428,0.3
2019-08-06,101359074.42193514,43439603.32368649,144798677.74562162,0.3
2019-08-07,101237823.05286731,43387638.45122884,144625461.50409615,0.3
2019-08-08,101487826.58688053,43494782.82294879,144982609.40982932,0.3
2019-08-09,100987668.6774238,43280429.43318162,144268098.11060542,0.3
2019-08-12,101740573.5152311,43603102.93509904,145343676.45033014,0.3
2019-08-13,101698602.34113672,43585115.289058596,145283717.63019532,0.3
2019-08-14,101946831.65893885,43691499.28240237,145638330.94134122,0.3
2019-08-15,102191429.77977547,43796327.0484752,145987756.82825068,0.3
2019-08-16,102282863.96180496,43835513.12648783,146118377.08829278,0.3
2019-08-19,0.0,147624673.8351459,147624673.8351459,1.0
2019-08-20,104343549.86456925,44718664.22767254,149062214.0922418,0.3
2019-08-21,104523617.50992167,44795836.07568071,149319453.58560237,0.3
2019-08-22,0.0,149358551.11057758,149358551.11057758,1.0
2019-08-23,0.0,149065385.52309665,149065385.52309665,1.0
2019-08-26,103519940.3729849,44365688.73127924,147885629.10426414,0.3
2019-08-27,0.0,148537601.44826812,148537601.44826812,1.0
2019-08-28,0.0,147424927.18229058,147424927.18229058,1.0
2019-08-29,103892946.9037113,44525548.673019126,148418495.57673043,0.3
2019-08-30,0.0,148371929.68987453,148371929.68987453,1.0
2019-09-02,0.0,153361211.9013518,153361211.9013518,1.0
2019-09-03,0.0,155526698.39170378,155526698.39170378,1.0
2019-09-04,0.0,155027078.17466193,155027078.17466193,1.0
2019-09-05,0.0,157083701.18553993,157083701.18553993,1.0
2019-09-06,0.0,157903833.43886983,157903833.43886983,1.0
2019-09-09,0.0,161825848.95954397,161825848.95954397,1.0
2019-09-10,0.0,161413984.91829076,161413984.91829076,1.0
2019-09-11,0.0,160702459.04110673,160702459.04110673,1.0
2019-09-12,0.0,160741793.325496,160741793.325496,1.0
2019-09-16,0.0,161868770.67965266,161868770.67965266,1.0
2019-09-17,0.0,156577224.9986021,156577224.9986021,1.0
2019-09-18,0.0,156077774.70684707,156077774.70684707,1.0
2019-09-19,0.0,158682772.2566289,158682772.2566289,1.0
2019-09-20,0.0,158126638.27161255,158126638.27161255,1.0
2019-09-23,0.0,156242933.2810312,156242933.2810312,1.0
2019-09-24,0.0,156459503.909081,156459503.909081,1.0
2019-09-25,0.0,153464045.4031572,153464045.4031572,1.0
2019-09-26,0.0,146965079.29578716,146965079.29578716,1.0
2019-09-27,0.0,148857739.39557767,148857739.39557767,1.0
2019-09-30,0.0,145577819.9144456,145577819.9144456,1.0
2019-10-08,0.0,144768581.09718373,144768581.09718373,1.0
2019-10-09,0.0,146383979.04026976,146383979.04026976,1.0
2019-10-10,0.0,149308429.71414277,149308429.71414277,1.0
2019-10-11,0.0,149213365.15964565,149213365.15964565,1.0
2019-10-14,0.0,150846266.80624065,150846266.80624065,1.0
2019-10-15,0.0,147842989.8166703,147842989.8166703,1.0
2019-10-16,0.0,147658861.60973403,147658861.60973403,1.0
2019-10-17,0.0,147033656.88030976,147033656.88030976,1.0
2019-10-18,0.0,144646408.461848,144646408.461848,1.0
2019-10-21,0.0,143909595.4475088,143909595.4475088,1.0
2019-10-22,0.0,145375642.38108632,145375642.38108632,1.0
2019-10-23,0.0,144101344.3349609,144101344.3349609,1.0
2019-10-24,0.0,143922570.3249364,143922570.3249364,1.0
2019-10-25,0.0,145166045.90207487,145166045.90207487,1.0
2019-10-28,0.0,147868636.24293712,147868636.24293712,1.0
2019-10-29,0.0,145407777.76105165,145407777.76105165,1.0
2019-10-30,0.0,142937685.41780782,142937685.41780782,1.0
2019-10-31,0.0,141723184.49404618,141723184.49404618,1.0
2019-11-01,0.0,123958094.14582959,123958094.14582959,1.0
2019-11-04,0.0,125536719.51685311,125536719.51685311,1.0
2019-11-05,0.0,125644373.02853847,125644373.02853847,1.0
2019-11-06,0.0,124682605.13442256,124682605.13442256,1.0
2019-11-07,0.0,125805447.93919718,125805447.93919718,1.0
2019-11-08,0.0,125542188.5238687,125542188.5238687,1.0
2019-11-11,0.0,122948042.30853018,122948042.30853018,1.0
2019-11-12,0.0,123241129.26866016,123241129.26866016,1.0
2019-11-13,0.0,124986780.16483091,124986780.16483091,1.0
2019-11-14,0.0,126740395.36542048,126740395.36542048,1.0
2019-11-15,0.0,126168031.29855579,126168031.29855579,1.0
2019-11-18,0.0,126892836.62362204,126892836.62362204,1.0
2019-11-19,0.0,129529399.01280023,129529399.01280023,1.0
2019-11-20,0.0,128797030.67721252,128797030.67721252,1.0
2019-11-21,0.0,127963520.68455525,127963520.68455525,1.0
2019-11-22,0.0,123504290.74820296,123504290.74820296,1.0
2019-11-25,0.0,120569378.61650626,120569378.61650626,1.0
2019-11-26,0.0,120589232.24318157,120589232.24318157,1.0
2019-11-27,0.0,120845523.45537144,120845523.45537144,1.0
2019-11-28,0.0,121770670.59355006,121770670.59355006,1.0
2019-11-29,84324467.83508545,36139057.64360805,120463525.4786935,0.3
2019-12-02,84298077.30796373,36127747.41769873,120425824.72566245,0.3
2019-12-03,0.0,120634936.30735314,120634936.30735314,1.0
2019-12-04,0.0,120971646.51498841,120971646.51498841,1.0
2019-12-05,0.0,123249914.89579777,123249914.89579777,1.0
2019-12-06,0.0,124698513.38866644,124698513.38866644,1.0
2019-12-09,0.0,124128685.16319433,124128685.16319433,1.0
2019-12-10,0.0,125029082.16550496,125029082.16550496,1.0
2019-12-11,0.0,125049030.26813787,125049030.26813787,1.0
2019-12-12,0.0,125214717.91928227,125214717.91928227,1.0
2019-12-13,0.0,126875303.73577182,126875303.73577182,1.0
2019-12-16,0.0,128619636.96555413,128619636.96555413,1.0
2019-12-17,0.0,129610135.32125238,129610135.32125238,1.0
2019-12-18,0.0,128778563.0083639,128778563.0083639,1.0
2019-12-19,0.0,128708130.89591084,128708130.89591084,1.0
2019-12-20,0.0,126783468.44112001,126783468.44112001,1.0
2019-12-23,0.0,124419894.18120499,124419894.18120499,1.0
2019-12-24,0.0,126129829.41923457,126129829.41923457,1.0
2019-12-25,0.0,126879313.62350671,126879313.62350671,1.0
2019-12-26,0.0,127203810.32889594,127203810.32889594,1.0
2019-12-27,0.0,125281280.07505223,125281280.07505223,1.0
2019-12-30,0.0,125797779.94516523,125797779.94516523,1.0
2019-12-31,0.0,126898431.36063014,126898431.36063014,1.0
2020-01-02,0.0,129207455.4181981,129207455.4181981,1.0
2020-01-03,0.0,129804883.47248401,129804883.47248401,1.0
2020-01-06,0.0,129936559.83920866,129936559.83920866,1.0
2020-01-07,0.0,132060621.85262768,132060621.85262768,1.0
2020-01-08,0.0,130339458.99851689,130339458.99851689,1.0
2020-01-09,0.0,133871922.37205851,133871922.37205851,1.0
2020-01-10,0.0,133999257.79210111,133999257.79210111,1.0
2020-01-13,0.0,136950426.78217715,136950426.78217715,1.0
2020-01-14,0.0,136284611.379114,136284611.379114,1.0
2020-01-15,0.0,136998004.69299465,136998004.69299465,1.0
2020-01-16,0.0,137739804.32053974,137739804.32053974,1.0
2020-01-17,0.0,137777021.4157312,137777021.4157312,1.0
2020-01-20,0.0,139645493.5813763,139645493.5813763,1.0
2020-01-21,0.0,138886534.01033604,138886534.01033604,1.0
2020-01-22,0.0,139554528.04111248,139554528.04111248,1.0
2020-01-23,0.0,134134890.8378391,134134890.8378391,1.0
2020-02-03,86683578.82304358,37150105.209875815,123833684.03291939,0.3
2020-02-04,88863419.34091856,38084322.574679375,126947741.91559793,0.3
2020-02-05,89439505.54994914,38331216.66426392,127770722.21421306,0.3
2020-02-06,90216807.84929776,38664346.22112761,128881154.07042536,0.3
2020-02-07,90211030.41063228,38661870.17598527,128872900.58661756,0.3
2020-02-10,90351137.55035722,38721916.09301023,129073053.64336745,0.3
2020-02-11,0.0,129329464.81860174,129329464.81860174,1.0
2020-02-12,0.0,130827659.87947166,130827659.87947166,1.0
2020-02-13,0.0,129645474.44315395,129645474.44315395,1.0
2020-02-14,0.0,130269671.8688699,130269671.8688699,1.0
2020-02-17,0.0,134864315.02264538,134864315.02264538,1.0
2020-02-18,0.0,137061806.4873398,137061806.4873398,1.0
2020-02-19,0.0,136375812.421969,136375812.421969,1.0
2020-02-20,0.0,139142258.60525766,139142258.60525766,1.0
2020-02-21,0.0,141064467.17565534,141064467.17565534,1.0
2020-02-24,0.0,143620448.02560624,143620448.02560624,1.0
2020-02-25,0.0,143340482.9056735,143340482.9056735,1.0
2020-02-26,0.0,137939069.08520967,137939069.08520967,1.0
2020-02-27,0.0,139177925.68223393,139177925.68223393,1.0
2020-02-28,92617781.81846163,39693335.06505498,132311116.88351661,0.3
2020-03-02,0.0,133680540.863678,133680540.863678,1.0
2020-03-03,0.0,136538540.82003877,136538540.82003877,1.0
2020-03-04,0.0,136451346.04267678,136451346.04267678,1.0
2020-03-05,0.0,139086617.47940472,139086617.47940472,1.0
2020-03-06,0.0,138684617.47333252,138684617.47333252,1.0
2020-03-09,0.0,132624478.65687805,132624478.65687805,1.0
2020-03-10,0.0,135822840.1948749,135822840.1948749,1.0
2020-03-11,0.0,133258503.63698094,133258503.63698094,1.0
2020-03-12,91144104.18833388,39061758.937857375,130205863.12619126,0.3
2020-03-13,90820602.94119343,38923115.54622576,129743718.48741919,0.3
2020-03-16,89330370.81388006,38284444.634520024,127614815.44840008,0.3
2020-03-17,89280165.0462477,38262927.8769633,127543092.92321101,0.3
2020-03-18,88952507.76964644,38122503.32984847,127075011.0994949,0.3
2020-03-19,89059775.29349765,38168475.1257847,127228250.41928235,0.3
2020-03-20,89506624.85505226,38359982.080736674,127866606.93578893,0.3
2020-03-23,88424094.91848439,37896040.67935046,126320135.59783486,0.3
2020-03-24,89098003.65926635,38184858.711114146,127282862.37038049,0.3
2020-03-25,90031787.62414892,38585051.838920966,128616839.46306989,0.3
2020-03-26,90136619.52657497,38629979.797103554,128766599.32367852,0.3
2020-03-27,89976996.3386606,38561569.85942597,128538566.19808656,0.3
2020-03-30,89334823.03040636,38286352.727317005,127621175.75772336,0.3
2020-03-31,89580165.57683882,38391499.53293092,127971665.10976973,0.3
2020-04-01,89460310.40113822,38340133.02905923,127800443.43019745,0.3
2020-04-02,90164244.15946007,38641818.92548289,128806063.08494297,0.3
2020-04-03,90069143.05491848,38601061.30925077,128670204.36416925,0.3
2020-04-07,91050280.79023251,39021548.91009964,130071829.70033215,0.3
2020-04-08,90962168.16932899,38983786.35828385,129945954.52761284,0.3
2020-04-09,91492664.63070813,39211141.9845892,130703806.61529733,0.3
2020-04-10,90883433.89904088,38950043.09958894,129833476.99862981,0.3
2020-04-13,90703874.1964252,38873088.94132509,129576963.1377503,0.3
2020-04-14,91396679.68555635,39170005.57952415,130566685.26508051,0.3
2020-04-15,91350403.99471417,39150173.14059179,130500577.13530597,0.3
2020-04-16,91707658.79787658,39303282.34194711,131010941.13982369,0.3
2020-04-17,91668689.39543805,39286581.16947345,130955270.5649115,0.3
2020-04-20,92116300.21166894,39478414.37642954,131594714.58809848,0.3
2020-04-21,91978859.37725097,39419511.16167898,131398370.53892994,0.3
2020-04-22,92340598.67316486,39574542.28849922,131915140.96166408,0.3
2020-04-23,92227705.6716415,39526159.57356063,131753865.24520212,0.3
2020-04-24,91643774.19578953,39275903.226766944,130919677.42255647,0.3
2020-04-27,91694205.9078429,39297516.81764696,130991722.72548985,0.3
2020-04-28,91787544.56554462,39337519.09951912,131125063.66506374,0.3
2020-04-29,91552181.58867846,39236649.25229077,130788830.84096923,0.3
2020-04-30,91924330.9028284,39396141.81549788,131320472.71832627,0.3
2020-05-06,0.0,132295896.83361036,132295896.83361036,1.0
2020-05-07,87069555.25738123,37315523.68173481,124385078.93911603,0.3
2020-05-08,0.0,124813157.85553688,124813157.85553688,1.0
2020-05-11,0.0,124612884.29199806,124612884.29199806,1.0
2020-05-12,0.0,125779173.14655313,125779173.14655313,1.0
2020-05-13,0.0,127134463.45848006,127134463.45848006,1.0
2020-05-14,87944540.45812774,37690517.3391976,125635057.79732534,0.3
2020-05-15,88108689.3543972,37760866.86617023,125869556.22056742,0.3
2020-05-18,88443278.2610504,37904262.111878745,126347540.37292916,0.3
2020-05-19,0.0,126765935.56856938,126765935.56856938,1.0
2020-05-20,0.0,125554960.42558269,125554960.42558269,1.0
2020-05-21,87028879.21067989,37298091.09029138,124326970.30097127,0.3
2020-05-22,86330126.31661633,36998625.56426414,123328751.88088048,0.3
2020-05-25,86400847.91134483,37028934.81914777,123429782.73049259,0.3
2020-05-26,87031108.91369778,37299046.677299045,124330155.59099683,0.3
2020-05-27,86588404.76929078,37109316.32969605,123697721.09898683,0.3
2020-05-28,86406061.31881686,37031169.136635795,123437230.45545265,0.3
2020-05-29,86774754.09218371,37189180.32522159,123963934.4174053,0.3
2020-06-01,0.0,125053078.688717,125053078.688717,1.0
2020-06-02,0.0,124186802.02789617,124186802.02789617,1.0
2020-06-03,0.0,124509832.05160621,124509832.05160621,1.0
2020-06-04,0.0,124780619.60585192,124780619.60585192,1.0
2020-06-05,0.0,124818832.39989434,124818832.39989434,1.0
2020-06-08,0.0,123929555.14855942,123929555.14855942,1.0
2020-06-09,0.0,124585282.53431164,124585282.53431164,1.0
2020-06-10,0.0,125344094.55141053,125344094.55141053,1.0
2020-06-11,0.0,124855564.335056,124855564.335056,1.0
2020-06-12,0.0,125466350.9284917,125466350.9284917,1.0
2020-06-15,0.0,125421694.1093756,125421694.1093756,1.0
2020-06-16,0.0,127867817.29951786,127867817.29951786,1.0
2020-06-17,0.0,129043643.70442991,129043643.70442991,1.0
2020-06-18,0.0,128076959.67645982,128076959.67645982,1.0
2020-06-19,0.0,129495607.6638601,129495607.6638601,1.0
2020-06-22,0.0,130263743.17791139,130263743.17791139,1.0
2020-06-23,0.0,130473546.58001456,130473546.58001456,1.0
2020-06-24,0.0,129530875.56877553,129530875.56877553,1.0
2020-06-29,0.0,130120691.35396355,130120691.35396355,1.0
2020-06-30,0.0,132064841.93255773,132064841.93255773,1.0
2020-07-01,0.0,131600872.66119936,131600872.66119936,1.0
2020-07-02,0.0,132833230.64142402,132833230.64142402,1.0
2020-07-03,0.0,134318580.16357344,134318580.16357344,1.0
2020-07-06,0.0,137678439.7785949,137678439.7785949,1.0
2020-07-07,0.0,140143639.99215144,140143639.99215144,1.0
2020-07-08,0.0,142737831.94485012,142737831.94485012,1.0
2020-07-09,0.0,146960847.3039193,146960847.3039193,1.0
2020-07-10,0.0,146908823.2544009,146908823.2544009,1.0
2020-07-13,0.0,152490395.9090702,152490395.9090702,1.0
2020-07-14,0.0,152114373.6560291,152114373.6560291,1.0
2020-07-15,0.0,148278149.9124521,148278149.9124521,1.0
2020-07-16,0.0,140755179.7454345,140755179.7454345,1.0
2020-07-17,0.0,143298512.41358733,143298512.41358733,1.0
2020-07-20,0.0,146404666.05587226,146404666.05587226,1.0
2020-07-21,0.0,148061218.66527283,148061218.66527283,1.0
2020-07-22,0.0,149482589.97781923,149482589.97781923,1.0
2020-07-23,0.0,149999395.2576935,149999395.2576935,1.0
2020-07-24,0.0,143440114.62880555,143440114.62880555,1.0
2020-07-27,0.0,144743899.4100098,144743899.4100098,1.0
2020-07-28,0.0,147248372.3553984,147248372.3553984,1.0
2020-07-29,0.0,151103839.48827848,151103839.48827848,1.0
2020-07-30,0.0,151406738.71492103,151406738.71492103,1.0
2020-07-31,0.0,153536312.18882826,153536312.18882826,1.0
2020-08-03,0.0,161359713.80108634,161359713.80108634,1.0
2020-08-04,0.0,159942851.54084277,159942851.54084277,1.0
2020-08-05,0.0,162484432.91499913,162484432.91499913,1.0
2020-08-06,0.0,162332217.98676845,162332217.98676845,1.0
2020-08-07,0.0,160383438.88776842,160383438.88776842,1.0
2020-08-10,0.0,160374780.13949338,160374780.13949338,1.0
2020-08-11,0.0,157275102.6481143,157275102.6481143,1.0
2020-08-12,0.0,154160407.34294397,154160407.34294397,1.0
2020-08-13,0.0,155189738.3438078,155189738.3438078,1.0
2020-08-14,0.0,156537467.465148,156537467.465148,1.0
2020-08-17,0.0,160162430.52290216,160162430.52290216,1.0
2020-08-18,0.0,163160654.875891,163160654.875891,1.0
2020-08-19,0.0,160491179.82655236,160491179.82655236,1.0
2020-08-20,0.0,157569252.2128114,157569252.2128114,1.0
2020-08-21,0.0,158636154.17175776,158636154.17175776,1.0
2020-08-24,0.0,159577664.1409758,159577664.1409758,1.0
2020-08-25,0.0,159436974.48840842,159436974.48840842,1.0
2020-08-26,0.0,155656531.69234762,155656531.69234762,1.0
2020-08-27,0.0,157429222.58546466,157429222.58546466,1.0
2020-08-28,0.0,160667054.08186808,160667054.08186808,1.0
2020-08-31,0.0,160672958.6241729,160672958.6241729,1.0
2020-09-01,0.0,161276608.22021237,161276608.22021237,1.0
2020-09-02,0.0,162033888.3177571,162033888.3177571,1.0
2020-09-03,0.0,160411703.50560674,160411703.50560674,1.0
2020-09-04,0.0,159739798.92803338,159739798.92803338,1.0
2020-09-07,0.0,155600417.48049268,155600417.48049268,1.0
2020-09-08,0.0,154801282.7225695,154801282.7225695,1.0
2020-09-09,0.0,148941299.99653947,148941299.99653947,1.0
2020-09-10,0.0,144750368.465819,144750368.465819,1.0
2020-09-11,0.0,146845582.51132768,146845582.51132768,1.0
2020-09-14,0.0,148900404.8478391,148900404.8478391,1.0
2020-09-15,0.0,150597847.54600725,150597847.54600725,1.0
2020-09-16,0.0,148725163.1748316,148725163.1748316,1.0
2020-09-17,0.0,148220606.91177502,148220606.91177502,1.0
2020-09-18,0.0,149856923.05798176,149856923.05798176,1.0
2020-09-21,0.0,149367363.47232985,149367363.47232985,1.0
2020-09-22,0.0,147862536.5167894,147862536.5167894,1.0
2020-09-23,0.0,150057724.4026214,150057724.4026214,1.0
2020-09-24,0.0,146952282.17015702,146952282.17015702,1.0
2020-09-25,0.0,146282659.15975192,146282659.15975192,1.0
2020-09-28,0.0,143848134.41307008,143848134.41307008,1.0
2020-09-29,0.0,146080290.70863208,146080290.70863208,1.0
2020-09-30,0.0,145837710.39115134,145837710.39115134,1.0
2020-10-09,0.0,149635337.93280354,149635337.93280354,1.0
2020-10-12,0.0,154964420.56911445,154964420.56911445,1.0
2020-10-13,0.0,156122629.75222644,156122629.75222644,1.0
2020-10-14,0.0,155665412.94073164,155665412.94073164,1.0
2020-10-15,0.0,153829824.9388939,153829824.9388939,1.0
2020-10-16,0.0,153813185.7150142,153813185.7150142,1.0
2020-10-19,0.0,151899734.62546983,151899734.62546983,1.0
2020-10-20,0.0,153241206.38969347,153241206.38969347,1.0
2020-10-21,0.0,151258738.65158674,151258738.65158674,1.0
2020-10-22,0.0,150594260.74075812,150594260.74075812,1.0
2020-10-23,0.0,146897123.69513613,146897123.69513613,1.0
2020-10-26,0.0,147197413.2504723,147197413.2504723,1.0
2020-10-27,0.0,149174008.48955575,149174008.48955575,1.0
2020-10-28,0.0,149760707.87900305,149760707.87900305,1.0
2020-10-29,0.0,150017560.41158006,150017560.41158006,1.0
2020-10-30,0.0,145527674.02457106,145527674.02457106,1.0
2020-11-02,0.0,145127208.9508595,145127208.9508595,1.0
2020-11-03,0.0,170254305.5636367,170254305.5636367,1.0
2020-11-04,0.0,170346519.74792865,170346519.74792865,1.0
2020-11-05,0.0,172439141.83150527,172439141.83150527,1.0
2020-11-06,0.0,169899955.83388236,169899955.83388236,1.0
2020-11-09,0.0,173265951.66309202,173265951.66309202,1.0
2020-11-10,0.0,170962625.1910482,170962625.1910482,1.0
2020-11-11,0.0,167879400.46166375,167879400.46166375,1.0
2020-11-12,0.0,168522533.61806178,168522533.61806178,1.0
2020-11-13,0.0,169139635.94771737,169139635.94771737,1.0
2020-11-16,0.0,168633708.3880575,168633708.3880575,1.0
2020-11-17,0.0,165160532.8168331,165160532.8168331,1.0
2020-11-18,0.0,165212480.0429542,165212480.0429542,1.0
2020-11-19,0.0,168840383.59308457,168840383.59308457,1.0
2020-11-20,0.0,170994143.25832266,170994143.25832266,1.0
2020-11-23,0.0,171635680.40041748,171635680.40041748,1.0
2020-11-24,0.0,171836205.9622763,171836205.9622763,1.0
2020-11-25,0.0,169337449.48629463,169337449.48629463,1.0
2020-11-26,0.0,168707609.26243955,168707609.26243955,1.0
2020-11-27,0.0,168347098.36371133,168347098.36371133,1.0
2020-11-30,0.0,167153850.23371896,167153850.23371896,1.0
2020-12-01,0.0,171049202.38014802,171049202.38014802,1.0
2020-12-02,0.0,171173137.16940174,171173137.16940174,1.0
2020-12-03,0.0,170364693.88206494,170364693.88206494,1.0
2020-12-04,0.0,172252184.1092024,172252184.1092024,1.0
2020-12-07,0.0,172651765.94487634,172651765.94487634,1.0
2020-12-08,0.0,173079675.98087817,173079675.98087817,1.0
2020-12-09,0.0,170492898.8803009,170492898.8803009,1.0
2020-12-10,0.0,171896964.26194486,171896964.26194486,1.0
2020-12-11,0.0,169865674.2226335,169865674.2226335,1.0
2020-12-14,0.0,173191049.53373605,173191049.53373605,1.0
2020-12-15,0.0,172759432.2026424,172759432.2026424,1.0
2020-12-16,0.0,171710932.05156016,171710932.05156016,1.0
2020-12-17,0.0,172401718.70871127,172401718.70871127,1.0
2020-12-18,0.0,171307073.27479443,171307073.27479443,1.0
2020-12-21,0.0,174872834.89927325,174872834.89927325,1.0
2020-12-22,0.0,172358296.40377712,172358296.40377712,1.0
2020-12-23,0.0,175439780.40830278,175439780.40830278,1.0
2020-12-24,0.0,173426463.7376893,173426463.7376893,1.0
2020-12-25,0.0,175487155.4720706,175487155.4720706,1.0
2020-12-28,0.0,173910067.56802937,173910067.56802937,1.0
2020-12-29,0.0,171036612.11861733,171036612.11861733,1.0
2020-12-30,0.0,173433984.16318214,173433984.16318214,1.0
2020-12-31,0.0,178010481.591233,178010481.591233,1.0
2021-01-04,0.0,182378584.33473736,182378584.33473736,1.0
2021-01-05,0.0,183892848.9385217,183892848.9385217,1.0
2021-01-06,0.0,183748833.90547797,183748833.90547797,1.0
2021-01-07,0.0,184068985.24362174,184068985.24362174,1.0
2021-01-08,0.0,180641202.5575316,180641202.5575316,1.0
2021-01-11,0.0,176876384.08950573,176876384.08950573,1.0
2021-01-12,0.0,179552394.15028128,179552394.15028128,1.0
2021-01-13,0.0,177467891.61859673,177467891.61859673,1.0
2021-01-14,0.0,174554228.81291327,174554228.81291327,1.0
2021-01-15,0.0,176681055.5712636,176681055.5712636,1.0
2021-01-18,0.0,180677515.06625837,180677515.06625837,1.0
2021-01-19,0.0,178929288.5001117,178929288.5001117,1.0
2021-01-20,0.0,183061911.26854658,183061911.26854658,1.0
2021-01-21,0.0,185224642.1902821,185224642.1902821,1.0
2021-01-22,0.0,187146722.6826662,187146722.6826662,1.0
2021-01-25,0.0,188408620.50215903,188408620.50215903,1.0
2021-01-26,0.0,183648765.31347898,183648765.31347898,1.0
2021-01-27,0.0,184457761.8788737,184457761.8788737,1.0
2021-01-28,0.0,180043196.9676457,180043196.9676457,1.0
2021-01-29,0.0,177934882.57553434,177934882.57553434,1.0
2021-02-01,0.0,179033277.88793308,179033277.88793308,1.0
2021-02-02,0.0,183358157.10534868,183358157.10534868,1.0
2021-02-03,0.0,180578800.6648963,180578800.6648963,1.0
2021-02-04,0.0,176639086.0071959,176639086.0071959,1.0
2021-02-05,0.0,174655471.113332,174655471.113332,1.0
2021-02-08,0.0,176108170.96374694,176108170.96374694,1.0
2021-02-09,0.0,180983200.18813312,180983200.18813312,1.0
2021-02-10,0.0,183268752.5188365,183268752.5188365,1.0
2021-02-18,0.0,182826769.636986,182826769.636986,1.0
2021-02-19,0.0,183509657.8416685,183509657.8416685,1.0
2021-02-22,0.0,179633511.18209645,179633511.18209645,1.0
2021-02-23,0.0,178796167.17082894,178796167.17082894,1.0
2021-02-24,0.0,176068857.46298248,176068857.46298248,1.0
2021-02-25,0.0,175321658.9396723,175321658.9396723,1.0
2021-02-26,0.0,171139342.47454047,171139342.47454047,1.0
2021-03-01,0.0,175342991.78589928,175342991.78589928,1.0
2021-03-02,0.0,174187410.65796232,174187410.65796232,1.0
2021-03-03,0.0,175631677.1427427,175631677.1427427,1.0
2021-03-04,0.0,169807521.20800778,169807521.20800778,1.0
2021-03-05,0.0,170467271.8310776,170467271.8310776,1.0
2021-03-08,0.0,163187601.05241188,163187601.05241188,1.0
2021-03-09,110898636.98335406,47527987.27858031,158426624.26193437,0.3
2021-03-10,111076976.05507913,47604418.30931962,158681394.36439875,0.3
2021-03-11,0.0,159833697.92392406,159833697.92392406,1.0
2021-03-12,0.0,159956582.13729265,159956582.13729265,1.0
2021-03-15,110317518.02424538,47278936.29610517,157596454.32035056,0.3
2021-03-16,110547721.49739082,47377594.927453205,157925316.42484403,0.3
2021-03-17,0.0,158564884.23103297,158564884.23103297,1.0
2021-03-18,0.0,159525789.03774357,159525789.03774357,1.0
2021-03-19,110693742.26272577,47440175.25545389,158133917.51817966,0.3
2021-03-22,111064050.03318253,47598878.58564966,158662928.6188322,0.3
2021-03-23,110628085.53565899,47412036.658139564,158040122.19379854,0.3
2021-03-24,110142884.9024666,47204093.52962854,157346978.43209514,0.3
2021-03-25,110357171.42271541,47295930.609735176,157653102.0324506,0.3
2021-03-26,111068280.03643781,47600691.44418763,158668971.48062545,0.3
2021-03-29,111237191.62943673,47673082.126901455,158910273.75633818,0.3
2021-03-30,111610184.44963588,47832936.19270109,159443120.64233696,0.3
2021-03-31,111140014.49617377,47631434.78407448,158771449.28024825,0.3
2021-04-01,111620018.3363091,47837150.71556104,159457169.05187014,0.3
2021-04-02,0.0,159901836.4400874,159901836.4400874,1.0
2021-04-06,0.0,160606398.00787666,160606398.00787666,1.0
2021-04-07,112027777.13236862,48011904.48530084,160039681.61766946,0.3
2021-04-08,112159832.4029957,48068499.60128387,160228332.00427958,0.3
2021-04-09,111957558.03166586,47981810.58499965,159939368.6166655,0.3
2021-04-12,111041888.72790682,47589380.88338864,158631269.61129546,0.3
2021-04-13,110953087.94953403,47551323.40694315,158504411.35647717,0.3
2021-04-14,111465414.03329664,47770891.7285557,159236305.76185235,0.3
2021-04-15,111208156.17767075,47660638.36185888,158868794.53952962,0.3
2021-04-16,111339404.18690929,47716887.508675404,159056291.69558468,0.3
2021-04-19,112226439.48158681,48097045.492108636,160323484.97369546,0.3
2021-04-20,112380826.67700368,48163211.43300158,160544038.11000526,0.3
2021-04-21,112422124.81716914,48180910.63592963,160603035.45309877,0.3
2021-04-22,112477961.33208928,48204840.5708954,160682801.90298468,0.3
2021-04-23,112595141.43918681,48255060.61679435,160850202.05598116,0.3
2021-04-26,112511886.34754518,48219379.86323365,160731266.21077883,0.3
2021-04-27,112644228.37535754,48276097.87515322,160920326.25051075,0.3
2021-04-28,113098071.98489814,48470602.27924205,161568674.2641402,0.3
2021-04-29,113120823.44790614,48480352.90624549,161601176.35415164,0.3
2021-04-30,113097152.67958823,48470208.2912521,161567360.97084033,0.3
2021-05-06,113029307.5618465,48441131.812219925,161470439.3740664,0.3
2021-05-07,106174668.20520005,45503429.230800025,151678097.43600008,0.3
2021-05-10,106367566.4347551,45586099.90060933,151953666.33536443,0.3
2021-05-11,106400906.0359843,45600388.30113612,152001294.3371204,0.3
2021-05-12,106692303.47836784,45725272.9193005,152417576.39766833,0.3
2021-05-13,106391757.85172622,45596467.650739804,151988225.50246602,0.3
2021-05-14,106948967.42298493,45835271.75270783,152784239.17569277,0.3
2021-05-17,106693809.09584352,45725918.18393294,152419727.27977645,0.3
2021-05-18,106925348.4882257,45825149.35209673,152750497.84032243,0.3
2021-05-19,107037691.68771651,45873296.43759278,152910988.1253093,0.3
2021-05-20,107007949.88237265,45860549.94958828,152868499.83196092,0.3
2021-05-21,107016420.4109208,45864180.17610892,152880600.58702973,0.3
2021-05-24,107126923.21464056,45911538.520560235,153038461.7352008,0.3
2021-05-25,0.0,153634560.4612112,153634560.4612112,1.0
2021-05-26,0.0,153059354.74928218,153059354.74928218,1.0
2021-05-27,0.0,155435763.0576281,155435763.0576281,1.0
2021-05-28,0.0,153625241.9449988,153625241.9449988,1.0
2021-05-31,0.0,155686298.81544974,155686298.81544974,1.0
2021-06-01,0.0,156014021.0184346,156014021.0184346,1.0
2021-06-02,0.0,154500618.4517614,154500618.4517614,1.0
2021-06-03,0.0,154700409.24032244,154700409.24032244,1.0
2021-06-04,0.0,155975262.4955858,155975262.4955858,1.0
2021-06-07,0.0,157571354.47137344,157571354.47137344,1.0
2021-06-08,0.0,156756250.0108109,156756250.0108109,1.0
2021-06-09,0.0,157006908.41449484,157006908.41449484,1.0
2021-06-10,0.0,158021539.85373607,158021539.85373607,1.0
2021-06-11,110249469.56389493,47249772.67024068,157499242.2341356,0.3
2021-06-15,110246781.52317561,47248620.65278955,157495402.17596516,0.3
2021-06-16,109599032.59308043,46971013.96846304,156570046.56154346,0.3
2021-06-17,109833855.79209915,47071652.48232821,156905508.27442735,0.3
2021-06-18,110293355.13582964,47268580.772498414,157561935.90832806,0.3
2021-06-21,110667284.71219994,47428836.305228546,158096121.0174285,0.3
2021-06-22,110936949.7053948,47544407.01659777,158481356.72199258,0.3
2021-06-23,111265899.97050956,47685385.701646954,158951285.6721565,0.3
2021-06-24,110890391.6264318,47524453.554185055,158414845.18061686,0.3
2021-06-25,111159419.48523232,47639751.20795671,158799170.69318902,0.3
2021-06-28,0.0,159148423.53785488,159148423.53785488,1.0
2021-06-29,109987376.48480284,47137447.0649155,157124823.54971835,0.3
2021-06-30,110239362.99617425,47245441.28407467,157484804.2802489,0.3
2021-07-01,110132509.0093643,47199646.718298994,157332155.7276633,0.3
2021-07-02,109688474.03326933,47009346.01425828,156697820.0475276,0.3
2021-07-05,110152572.26425844,47208245.25611076,157360817.5203692,0.3
2021-07-06,110050762.46539026,47164612.48516726,157215374.95055753,0.3
2021-07-07,110429368.11527508,47326872.04940361,157756240.1646787,0.3
2021-07-08,110477782.8734085,47347621.23146078,157825404.10486928,0.3
2021-07-09,110638504.06889549,47416501.74381235,158055005.81270784,0.3
2021-07-12,111445233.02249023,47762242.723924376,159207475.7464146,0.3
2021-07-13,111836274.17555395,47929831.78952312,159766105.96507707,0.3
2021-07-14,111520221.69946532,47794380.72834228,159314602.4278076,0.3
2021-07-15,111501363.98492698,47786298.85068299,159287662.83560997,0.3
2021-07-16,111291828.65788703,47696497.99623729,158988326.65412432,0.3
2021-07-19,111164016.68131891,47641721.43485096,158805738.11616987,0.3
2021-07-20,111188875.4200378,47652375.1800162,158841250.600054,0.3
2021-07-21,111996357.08421761,47998438.750378974,159994795.83459657,0.3
2021-07-22,111851532.12999943,47936370.9128569,159787903.04285634,0.3
2021-07-23,111294874.97114131,47697803.559060566,158992678.53020188,0.3
2021-07-26,110827263.90154544,47497398.814948045,158324662.7164935,0.3
2021-07-27,110095340.15194574,47183717.207976736,157279057.35992247,0.3
2021-07-28,109376603.00535247,46875687.002293915,156252290.00764638,0.3
2021-07-29,110423975.63823849,47324560.98781649,157748536.62605497,0.3
2021-07-30,110530430.42274332,47370184.46689,157900614.88963333,0.3
2021-08-02,111117163.78731057,47621641.6231331,158738805.41044366,0.3
2021-08-03,111149322.36494792,47635423.87069196,158784746.23563987,0.3
2021-08-04,111824076.56915238,47924604.24392245,159748680.81307483,0.3
2021-08-05,111845435.55669901,47933758.09572814,159779193.65242714,0.3
2021-08-06,111621666.68461332,47837857.15054857,159459523.8351619,0.3
2021-08-09,112022406.4561424,48009602.766918175,160032009.22306058,0.3
2021-08-10,112019303.8963328,48008273.09842834,160027576.99476114,0.3
2021-08-11,112346206.85355672,48148374.36581003,160494581.21936676,0.3
2021-08-12,112311599.63685247,48133542.7015082,160445142.33836067,0.3
2021-08-13,112369153.00894094,48158208.43240326,160527361.4413442,0.3
2021-08-16,112250453.79792449,48107337.341967635,160357791.13989213,0.3
2021-08-17,111268909.85530856,47686675.65227509,158955585.50758365,0.3
2021-08-18,111632412.31485145,47842462.42065062,159474874.73550206,0.3
2021-08-19,111684217.09766734,47864664.470428854,159548881.5680962,0.3
2021-08-20,111341965.74056715,47717985.31738592,159059951.05795306,0.3
2021-08-23,112377476.39811149,48161775.59919063,160539251.99730211,0.3
2021-08-24,112878365.17574684,48376442.218177214,161254807.39392406,0.3
2021-08-25,113135107.59549132,48486474.68378199,161621582.2792733,0.3
2021-08-26,112721109.86011504,48309047.08290644,161030156.94302148,0.3
2021-08-27,112813364.68311471,48348584.86419202,161161949.54730672,0.3
2021-08-30,113003417.55643883,48430036.09561664,161433453.65205547,0.3
2021-08-31,112749115.47633885,48321049.48985951,161070164.96619835,0.3
2021-09-01,112519694.00559568,48222726.00239814,160742420.00799382,0.3
2021-09-02,112521037.77910289,48223301.905329816,160744339.68443272,0.3
2021-09-03,112180393.43924813,48077311.473963484,160257704.9132116,0.3
2021-09-06,112886843.38833144,48380075.73785633,161266919.12618777,0.3
2021-09-07,113366843.39009723,48585790.024327375,161952633.4144246,0.3
2021-09-08,113588032.52814001,48680585.36920286,162268617.89734286,0.3
2021-09-09,113713525.440707,48734368.04601728,162447893.4867243,0.3
2021-09-10,113739716.16395086,48745592.64169323,162485308.8056441,0.3
2021-09-13,113952567.89434355,48836814.81186152,162789382.70620507,0.3
2021-09-14,113757406.35865021,48753174.15370723,162510580.51235744,0.3
2021-09-15,113923559.25523697,48824382.5379587,162747941.79319566,0.3
2021-09-16,113324171.29935431,48567501.985437565,161891673.2847919,0.3
2021-09-17,113350972.18559884,48578988.079542354,161929960.2651412,0.3
2021-09-22,113529037.37868673,48655301.73372287,162184339.1124096,0.3
2021-09-23,113613938.40499121,48691687.88785338,162305626.2928446,0.3
2021-09-24,113358696.11992723,48582298.33711166,161940994.45703888,0.3
2021-09-27,112290504.17956224,48124501.79124096,160415005.9708032,0.3
2021-09-28,112370029.49816549,48158584.07064235,160528613.56880784,0.3
2021-09-29,111210156.17258325,47661495.50253568,158871651.67511892,0.3
2021-09-30,112094545.06088528,48040519.31180797,160135064.37269324,0.3
2021-10-08,112160110.4008396,48068618.74321697,160228729.14405656,0.3
2021-10-11,111643644.00180167,47847276.00077214,159490920.00257382,0.3
2021-10-12,111002551.93404771,47572522.257449016,158575074.19149673,0.3
2021-10-13,111475379.24109855,47775162.531899385,159250541.77299795,0.3
2021-10-14,111491150.53751521,47781921.658935085,159273072.1964503,0.3
2021-10-15,111418913.6317119,47750962.985019386,159169876.6167313,0.3
2021-10-18,111761011.9928945,47897576.56838336,159658588.56127787,0.3
2021-10-19,112083608.91027936,48035832.390119724,160119441.3003991,0.3
2021-10-20,112205112.88571566,48087905.52244956,160293018.40816522,0.3
2021-10-21,112181659.02799581,48077853.86914106,160259512.89713687,0.3
2021-10-22,112021414.02532679,48009177.43942577,160030591.46475255,0.3
2021-10-25,112412240.11462851,48176674.33484079,160588914.4494693,0.3
2021-10-26,112223692.56963396,48095868.244128846,160319560.8137628,0.3
2021-10-27,111761180.30695477,47897648.702980615,159658829.00993538,0.3
2021-10-28,111012771.15784386,47576901.924790226,158589673.0826341,0.3
2021-10-29,111672806.15694427,47859774.06726184,159532580.22420612,0.3
2021-11-01,111883891.22368863,47950239.09586655,159834130.3195552,0.3
2021-11-02,97938427.46357894,41973611.770105265,139912039.2336842,0.3
2021-11-03,97969563.30740312,41986955.703172766,139956519.0105759,0.3
2021-11-04,98362514.81417546,42155363.49178948,140517878.30596495,0.3
2021-11-05,97788081.44418132,41909177.761792,139697259.20597333,0.3
2021-11-08,97902420.90497273,41958180.38784546,139860601.2928182,0.3
2021-11-09,98665064.0095889,42285027.43268096,140950091.44226986,0.3
2021-11-10,98707939.50479096,42303402.64491042,141011342.1497014,0.3
2021-11-11,98884218.457001,42378950.767286144,141263169.22428715,0.3
2021-11-12,99036215.3664827,42444092.299921155,141480307.66640386,0.3
2021-11-15,98678077.55140135,42290604.66488629,140968682.21628764,0.3
2021-11-16,98462978.28296769,42198419.264129005,140661397.5470967,0.3
2021-11-17,99180687.77819978,42506009.0477999,141686696.82599968,0.3
2021-11-18,99420870.92440978,42608944.6818899,142029815.60629967,0.3
2021-11-19,99643686.78229538,42704437.192412294,142348123.97470766,0.3
2021-11-22,100163590.63435888,42927253.129010946,143090843.76336983,0.3
2021-11-23,99996793.20931289,42855768.51827695,142852561.72758985,0.3
2021-11-24,99935803.22893152,42829629.955256365,142765433.1841879,0.3
2021-11-25,99706307.15733558,42731274.49600095,142437581.65333652,0.3
2021-11-26,99872947.46525332,42802691.77082285,142675639.23607618,0.3
2021-11-29,100023634.41015077,42867271.890064605,142890906.30021536,0.3
2021-11-30,100088887.06057917,42895237.311676785,142984124.37225595,0.3
2021-12-01,100036527.32757837,42872797.426105015,142909324.7536834,0.3
2021-12-02,99647626.16296251,42706125.498412505,142353751.66137502,0.3
2021-12-03,99760091.6952065,42754325.01223135,142514416.70743784,0.3
2021-12-06,99372020.92686412,42588008.96865604,141960029.89552015,0.3
2021-12-07,98741726.79893154,42317882.9138278,141059609.71275935,0.3
2021-12-08,56819855.08351424,85229782.62527135,142049637.7087856,0.6
2021-12-09,56894485.06936148,85341727.6040422,142236212.67340368,0.6
2021-12-10,56965009.231037006,85447513.84655549,142412523.0775925,0.6
2021-12-13,56880876.0231663,85321314.03474945,142202190.05791575,0.6
2021-12-14,56582522.11781046,84873783.17671567,141456305.29452613,0.6
2021-12-15,56370424.78053987,84555637.1708098,140926061.95134968,0.6
2021-12-16,56542853.87132095,84814280.80698143,141357134.67830238,0.6
2021-12-17,55992803.316520855,83989204.97478129,139982008.29130214,0.6
2021-12-20,96451898.23387378,41336527.81451734,137788426.04839113,0.3
2021-12-21,96762657.6567947,41469710.42434058,138232368.08113527,0.3
2021-12-22,96874987.14916128,41517851.635354824,138392838.7845161,0.3
2021-12-23,55309604.16140847,82964406.24211271,138274010.40352118,0.6
2021-12-24,95272733.41833909,40831171.46500246,136103904.88334155,0.3
2021-12-27,95264705.86140296,40827731.0834584,136092436.94486135,0.3
2021-12-28,54845481.02326724,82268221.53490084,137113702.55816808,0.6
2021-12-29,95678929.49408498,41005255.49746499,136684184.99154997,0.3
2021-12-30,95870508.4095481,41087360.74694919,136957869.1564973,0.3
2021-12-31,54823502.02784002,82235253.04176003,137058755.06960005,0.6
2022-01-04,94499402.91459183,40499744.10625364,134999147.02084547,0.3
2022-01-05,93863611.91382174,40227262.24878074,134090874.16260248,0.3
2022-01-06,94105455.19042374,40330909.36732446,134436364.5577482,0.3
2022-01-07,93331990.78446695,39999424.62191441,133331415.40638137,0.3
2022-01-10,93551385.37421098,40093450.87466184,133644836.24887282,0.3
2022-01-11,93221449.6735701,39952049.86010147,133173499.53367157,0.3
2022-01-12,93711735.60628721,40162172.402694516,133873908.00898173,0.3
2022-01-13,93316276.61338298,39992689.977164134,133308966.59054711,0.3
2022-01-14,93321549.26067647,39994949.68314705,133316498.94382352,0.3
2022-01-17,93636326.80856422,40129854.34652752,133766181.15509173,0.3
2022-01-18,93531052.25954817,40084736.6826635,133615788.94221167,0.3
2022-01-19,93018829.27865064,39865212.54799313,132884041.82664376,0.3
2022-01-20,92411674.82039297,39605003.49445413,132016678.3148471,0.3
2022-01-21,92210873.06355059,39518945.59866453,131729818.66221511,0.3
2022-01-24,92335126.5769062,39572197.10438837,131907323.68129458,0.3
2022-01-25,91406144.76514992,39174062.042207114,130580206.80735704,0.3
2022-01-26,91513480.04954919,39220062.87837822,130733542.9279274,0.3
2022-01-27,90712780.71482997,38876906.02064142,129589686.73547138,0.3
2022-01-28,90758360.56028391,38896440.24012168,129654800.80040559,0.3
2022-02-07,91094702.45289823,39040586.765527815,130135289.21842605,0.3
2022-02-08,90771852.4322508,38902222.47096462,129674074.90321541,0.3
2022-02-09,91065281.245202,39027977.67651514,130093258.92171714,0.3
2022-02-10,90648702.92829758,38849444.112127535,129498147.04042512,0.3
2022-02-11,90094430.7457076,38611898.89101755,128706329.63672516,0.3
2022-02-14,90181947.63109758,38649406.127613254,128831353.75871085,0.3
2022-02-15,90933109.2106947,38971332.518869154,129904441.72956386,0.3
2022-02-16,91024893.02255626,39010668.4382384,130035561.46079466,0.3
2022-02-17,91284927.28586425,39122111.69394182,130407038.97980607,0.3
2022-02-18,91175829.39099686,39075355.45328437,130251184.84428123,0.3
2022-02-21,91388954.31428334,39166694.70612142,130555649.02040476,0.3
2022-02-22,91230775.51105365,39098903.790451564,130329679.30150522,0.3
2022-02-23,92166238.98018187,39499816.705792226,131666055.68597409,0.3
2022-02-24,91652974.50685611,39279846.21722404,130932820.72408015,0.3
2022-02-25,92391568.93980813,39596386.6884892,131987955.62829733,0.3
2022-02-28,92631841.94839138,39699360.83502488,132331202.78341626,0.3
2022-03-01,92682708.90612939,39721160.95976973,132403869.86589912,0.3
2022-03-02,92595651.75744566,39683850.753191,132279502.51063667,0.3
2022-03-03,92157214.30274668,39495948.986891426,131653163.2896381,0.3
2022-03-04,91919210.50882304,39393947.360924155,131313157.86974719,0.3
2022-03-07,91384792.73285954,39164911.17122552,130549703.90408505,0.3
2022-03-08,90732044.51497951,38885161.93499122,129617206.44997072,0.3
2022-03-09,90358687.74688967,38725151.891524136,129083839.6384138,0.3
2022-03-10,91137248.30670309,39058820.70287275,130196069.00957584,0.3
2022-03-11,91007580.49496934,39003248.78355829,130010829.27852763,0.3
2022-03-14,90309362.55193524,38704012.522257954,129013375.0741932,0.3
2022-03-15,89238214.20523307,38244948.94509988,127483163.15033296,0.3
2022-03-16,90164828.44143035,38642069.33204158,128806897.77347192,0.3
2022-03-17,90686806.63201854,38865774.27086509,129552580.90288363,0.3
2022-03-18,90873373.87434757,38945731.66043467,129819105.53478223,0.3
2022-03-21,91218718.03881893,39093736.30235097,130312454.3411699,0.3
2022-03-22,91152010.90619148,39065147.53122492,130217158.4374164,0.3
2022-03-23,91402439.72453889,39172474.16765952,130574913.89219841,0.3
2022-03-24,91299074.7799007,39128174.90567173,130427249.68557243,0.3
2022-03-25,90905990.80848104,38959710.346491866,129865701.1549729,0.3
2022-03-28,90583338.78198794,38821430.906566255,129404769.6885542,0.3
2022-03-29,90322103.72108856,38709473.02332367,129031576.74441223,0.3
2022-03-30,90858116.23731926,38939192.67313682,129797308.91045609,0.3
2022-03-31,90284214.0131403,38693234.57706013,128977448.59020044,0.3
2022-04-01,90306575.06441185,38702817.88474793,129009392.94915977,0.3
2022-04-06,90040786.73808932,38588908.60203827,128629695.34012759,0.3
2022-04-07,89518197.33177581,38364941.7136182,127883139.045394,0.3
2022-04-08,89296270.93128917,38269830.39912393,127566101.3304131,0.3
2022-04-11,88285021.37477037,37836437.73204445,126121459.10681483,0.3
2022-04-12,88728099.69024682,38026328.438677214,126754428.12892404,0.3
2022-04-13,88163524.40061791,37784367.60026482,125947892.00088273,0.3
2022-04-14,88382370.45604113,37878158.76687477,126260529.22291589,0.3
2022-04-15,88237557.42373809,37816096.0387449,126053653.46248299,0.3
2022-04-18,88553661.81227288,37951569.34811694,126505231.16038981,0.3
2022-04-19,88483337.97511615,37921430.56076406,126404768.53588021,0.3
2022-04-20,88181638.13354857,37792130.628663674,125973768.76221225,0.3
2022-04-21,87157818.07579014,37353350.60391005,124511168.67970018,0.3
2022-04-22,86713021.7006183,37162723.585979275,123875745.28659758,0.3
2022-04-25,84913025.88811505,36391296.80919216,121304322.6973072,0.3
2022-04-26,84171428.01356179,36073469.14866934,120244897.16223113,0.3
2022-04-27,85353402.97936395,36580029.84829884,121933432.8276628,0.3
2022-04-28,85341971.94305442,36575130.83273761,121917102.77579203,0.3
2022-04-29,86443867.0729385,37047371.60268793,123491238.67562644,0.3
2022-05-05,86614944.57944515,37120690.534047924,123735635.11349308,0.3
2022-05-06,74737502.12524392,32030358.053675964,106767860.17891988,0.3
2022-05-09,75237830.38232175,32244784.449566457,107482614.8318882,0.3
2022-05-10,75719164.36887309,32451070.443802748,108170234.81267583,0.3
2022-05-11,75665902.11490181,32428243.763529345,108094145.87843116,0.3
2022-05-12,75808520.2093636,32489365.80401297,108297886.01337656,0.3
2022-05-13,76095080.21635222,32612177.23557952,108707257.45193174,0.3
2022-05-16,76330436.45518778,32713044.195080474,109043480.65026826,0.3
2022-05-17,76215698.09966052,32663870.614140216,108879568.71380073,0.3
2022-05-18,76416463.14400384,32749912.776001643,109166375.92000549,0.3
2022-05-19,76649130.53263101,32849627.37112757,109498757.90375857,0.3
2022-05-20,76853200.52743219,32937085.940328076,109790286.46776026,0.3
2022-05-23,77189728.1423299,33081312.06099852,110271040.20332842,0.3
2022-05-24,76231115.01998705,32670477.86570873,108901592.88569577,0.3
2022-05-25,76674915.82118386,32860678.209078792,109535594.03026265,0.3
2022-05-26,76798627.86446923,32913697.6562011,109712325.52067034,0.3
2022-05-27,77052522.82867798,33022509.78371913,110075032.6123971,0.3
2022-05-30,77320388.24841648,33137309.24932135,110457697.49773784,0.3
2022-05-31,77516649.91505772,33221421.392167594,110738071.30722532,0.3
2022-06-01,77524512.8941279,33224791.24034053,110749304.13446844,0.3
2022-06-02,77510844.29168464,33218933.267864842,110729777.55954948,0.3
2022-06-06,77986543.36579755,33422804.29962752,111409347.66542508,0.3
2022-06-07,77933302.77323642,33399986.90281561,111333289.67605203,0.3
2022-06-08,77869554.27272879,33372666.116883766,111242220.38961256,0.3
2022-06-09,77465858.62521602,33199653.696521148,110665512.32173717,0.3
2022-06-10,77853686.98818666,33365865.85207999,111219552.84026664,0.3
2022-06-13,77881202.27598928,33377658.118281115,111258860.39427039,0.3
2022-06-14,77810261.85813436,33347255.08205758,111157516.94019194,0.3
2022-06-15,77749604.46857187,33321259.05795937,111070863.52653123,0.3
2022-06-16,77954091.99065472,33408896.567423448,111362988.55807817,0.3
2022-06-17,77943107.12765163,33404188.76899355,111347295.89664517,0.3
2022-06-20,78025126.38256332,33439339.878241427,111464466.26080476,0.3
2022-06-21,77784230.88260503,33336098.94968787,111120329.8322929,0.3
2022-06-22,77479043.70000185,33205304.442857936,110684348.14285979,0.3
2022-06-23,77960189.45295623,33411509.76555267,111371699.2185089,0.3
2022-06-24,44608488.21234309,66912732.31851462,111521220.53085771,0.6
2022-06-27,44898634.81237386,67347952.21856077,112246587.03093463,0.6
2022-06-28,45097695.05868067,67646542.588021,112744237.64670166,0.6
2022-06-29,44463463.097936004,66695194.64690399,111158657.74484,0.6
2022-06-30,44753529.474529624,67130294.21179444,111883823.68632406,0.6
2022-07-01,44934046.434253916,67401069.65138088,112335116.0856348,0.6
2022-07-04,45303375.23912346,67955062.8586852,113258438.09780866,0.6
2022-07-05,45091218.62081088,67636827.93121631,112728046.5520272,0.6
2022-07-06,44693816.03344762,67040724.050171435,111734540.08361906,0.6
2022-07-07,44907464.39314608,67361196.5897191,112268660.98286518,0.6
2022-07-08,44838281.18762319,67257421.78143476,112095702.96905795,0.6
2022-07-11,44530732.03030334,66796098.045455,111326830.07575834,0.6
2022-07-12,44342991.65360296,66514487.48040444,110857479.1340074,0.6
2022-07-13,44729851.20256055,67094776.80384082,111824628.00640137,0.6
2022-07-14,44724001.75186514,67086002.6277977,111810004.37966284,0.6
2022-07-15,77387456.62366474,33166052.83871346,110553509.4623782,0.3
2022-07-18,77765344.46359168,33328004.770110715,111093349.23370239,0.3
2022-07-19,78092972.64718935,33468416.848795436,111561389.4959848,0.3
2022-07-20,78298720.65097222,33556594.564702384,111855315.21567461,0.3
2022-07-21,78103927.23172706,33473111.670740165,111577038.90246722,0.3
2022-07-22,78087826.09715444,33466211.184494756,111554037.28164919,0.3
2022-07-25,77842728.3301632,33361169.284355655,111203897.61451885,0.3
2022-07-26,78328461.75173518,33569340.75074365,111897802.50247884,0.3
2022-07-27,78457751.48080912,33624750.634632476,112082502.11544159,0.3
2022-07-28,78522488.19711179,33652494.94161934,112174983.13873112,0.3
2022-07-29,78345762.53217302,33576755.3709313,111922517.90310432,0.3
2022-08-01,78293754.40212466,33554466.17233914,111848220.5744638,0.3
2022-08-02,102715887.16725153,44021094.500250645,146736981.66750216,0.3
2022-08-03,102241333.8859942,43817714.52256894,146059048.40856314,0.3
2022-08-04,102825338.9343439,44068002.4004331,146893341.334777,0.3
2022-08-05,103306618.0702695,44274264.88725835,147580882.95752785,0.3
2022-08-08,103993217.70861939,44568521.875122584,148561739.58374196,0.3
2022-08-09,103842906.82116455,44504102.923356235,148347009.74452078,0.3
2022-08-10,104001171.95107614,44571930.83617549,148573102.78725162,0.3
2022-08-11,104415769.42340763,44749615.467174694,149165384.89058232,0.3
2022-08-12,104080590.93784052,44605967.5447888,148686558.48262933,0.3
2022-08-15,104401755.66627613,44743609.5712612,149145365.23753732,0.3
2022-08-16,104572009.49096592,44816575.496128246,149388584.98709416,0.3
2022-08-17,59617481.74281816,89426222.61422722,149043704.35704538,0.6
2022-08-18,103971303.24713525,44559129.963057965,148530433.21019322,0.3
2022-08-19,103450978.85178688,44336133.79362295,147787112.64540982,0.3
2022-08-22,120792756.75533992,51768324.32371711,172561081.07905704,0.3
2022-08-23,119265223.14467798,51113667.06200485,170378890.20668283,0.3
2022-08-24,117322612.16866097,50281119.5008547,167603731.66951567,0.3
2022-08-25,117540972.38889797,50374702.452384844,167915674.8412828,0.3
2022-08-26,116199561.52063893,49799812.08027382,165999373.60091275,0.3
2022-08-29,115750318.53895915,49607279.373839624,165357597.91279876,0.3
2022-08-30,116345369.435868,49862301.18680057,166207670.62266856,0.3
2022-08-31,115980327.44450673,49705854.619074315,165686182.06358105,0.3
2022-09-01,117643588.79425372,50418680.91182302,168062269.70607674,0.3
2022-09-02,119484299.59283748,51207556.96835891,170691856.5611964,0.3
2022-09-05,118077087.83835445,50604466.21643762,168681554.05479208,0.3
2022-09-06,117609377.69242755,50404019.01104038,168013396.70346794,0.3
2022-09-07,117554467.29597676,50380485.983990036,167934953.2799668,0.3
2022-09-08,116728924.37518196,50026681.87507798,166755606.25025994,0.3
2022-09-09,116226388.72003806,49811309.45144489,166037698.17148295,0.3
2022-09-13,116122159.56281531,49766639.81263513,165888799.37545043,0.3
2022-09-14,116493625.19437909,49925839.369019605,166419464.5633987,0.3
2022-09-15,114422415.56059617,49038178.09739836,163460593.65799454,0.3
2022-09-16,113272809.45257255,48545489.76538824,161818299.2179608,0.3
2022-09-19,112396105.96579084,48169759.699624635,160565865.66541547,0.3
2022-09-20,113423907.8635368,48610246.227230065,162034154.09076688,0.3
2022-09-21,113425393.63696241,48610882.9872696,162036276.62423202,0.3
2022-09-22,113250385.05987662,48535879.311375685,161786264.3712523,0.3
2022-09-23,111947565.20890309,47977527.94667275,159925093.15557584,0.3
2022-09-26,111831579.09576821,47927819.61247209,159759398.7082403,0.3
2022-09-27,112341703.26410225,48146444.25604382,160488147.52014607,0.3
2022-09-28,111075554.51025528,47603809.07582369,158679363.58607897,0.3
2022-09-29,111097897.93743779,47613384.830330476,158711282.76776826,0.3
2022-09-30,110555629.18509978,47380983.936471336,157936613.12157112,0.3
2022-10-10,109685848.54922023,47008220.80680867,156694069.3560289,0.3
2022-10-11,109697027.05425176,47013011.594679326,156710038.6489311,0.3
2022-10-12,111323204.35229784,47709944.72241336,159033149.0747112,0.3
2022-10-13,110800040.76245692,47485731.755338676,158285772.5177956,0.3
2022-10-14,111720126.09244105,47880054.03961759,159600180.13205865,0.3
2022-10-17,112049948.40364665,48021406.4587057,160071354.86235234,0.3
2022-10-18,112064660.28571504,48027711.551020734,160092371.83673579,0.3
2022-10-19,111778892.9476302,47905239.834698655,159684132.78232884,0.3
2022-10-20,112706971.3624616,48302987.72676926,161009959.08923087,0.3
2022-10-21,113072857.28283867,48459795.97835943,161532653.2611981,0.3
2022-10-24,113908439.00520217,48817902.43080092,162726341.4360031,0.3
2022-10-25,112748531.06759866,48320799.02897085,161069330.0965695,0.3
2022-10-26,113464722.30539593,48627738.13088397,162092460.4362799,0.3
2022-10-27,113217686.69348717,48521865.72578021,161739552.4192674,0.3
2022-10-28,113689142.93674478,48723918.40146205,162413061.33820683,0.3
2022-10-31,114733801.52232987,49171629.22385565,163905430.7461855,0.3
2022-11-01,102062016.9079829,43740864.389135525,145802881.29711843,0.3
2022-11-02,102788171.80035785,44052073.62872479,146840245.42908263,0.3
2022-11-03,103660018.87370348,44425722.37444434,148085741.24814782,0.3
2022-11-04,104733211.92122267,44885662.25195257,149618874.17317525,0.3
2022-11-07,104705666.13203621,44873856.913729794,149579523.045766,0.3
2022-11-08,104592712.07331681,44825448.03142149,149418160.1047383,0.3
2022-11-09,104428245.76748331,44754962.47177856,149183208.23926187,0.3
2022-11-10,103931108.86745614,44541903.800338335,148473012.66779447,0.3
2022-11-11,103761480.3565729,44469205.86710266,148230686.22367555,0.3
2022-11-14,103265526.95409429,44256654.40889755,147522181.36299184,0.3
2022-11-15,104044482.53869697,44590492.51658442,148634975.0552814,0.3
2022-11-16,103922790.45675844,44538338.76718218,148461129.2239406,0.3
2022-11-17,103754582.11377817,44466249.47733349,148220831.59111166,0.3
2022-11-18,103401847.70986503,44315077.58994216,147716925.2998072,0.3
2022-11-21,103726372.88731694,44454159.80885012,148180532.69616705,0.3
2022-11-22,103182421.57264027,44221037.81684583,147403459.3894861,0.3
2022-11-23,103363298.97851786,44298556.70507908,147661855.68359694,0.3
2022-11-24,103275906.23972797,44261102.67416913,147537008.9138971,0.3
2022-11-25,102758341.42774105,44039289.183317594,146797630.61105865,0.3
2022-11-28,102601032.35686599,43971871.01008542,146572903.3669514,0.3
2022-11-29,102560331.14549068,43954427.63378171,146514758.77927238,0.3
2022-11-30,102563006.02468443,43955574.01057904,146518580.03526348,0.3
2022-12-01,102971892.47333717,44130811.06000164,147102703.53333881,0.3
2022-12-02,102854705.35769841,44080588.010442175,146935293.36814058,0.3
2022-12-05,102497011.67641622,43927290.7184641,146424302.39488032,0.3
2022-12-06,102558929.1416507,43953826.77499316,146512755.91664386,0.3
2022-12-07,102437836.21567005,43901929.806715734,146339766.02238578,0.3
2022-12-08,102359392.73337883,43868311.17144806,146227703.90482688,0.3
2022-12-09,102382905.51537529,43878388.07801798,146261293.59339327,0.3
2022-12-12,102291868.15598494,43839372.066850685,146131240.22283563,0.3
2022-12-13,101880246.21549073,43662962.66378174,145543208.87927246,0.3
2022-12-14,101834593.26645933,43643397.11419685,145477990.38065618,0.3
2022-12-15,102010358.93477508,43718725.257760756,145729084.19253585,0.3
2022-12-16,101309881.3327938,43418520.57119734,144728401.90399113,0.3
2022-12-19,100989023.04100505,43281009.87471645,144270032.9157215,0.3
2022-12-20,100858074.76263589,43224889.183986805,144082963.9466227,0.3
2022-12-21,100445369.88422287,43048015.66466694,143493385.54888982,0.3
2022-12-22,99885607.66878578,42808117.57233676,142693725.24112254,0.3
2022-12-23,99587267.95118624,42680257.69336554,142267525.64455178,0.3
2022-12-26,100551227.39672694,43093383.170025826,143644610.56675276,0.3
2022-12-27,101024551.80015574,43296236.48578103,144320788.28593677,0.3
2022-12-28,100613086.40823084,43119894.174956076,143732980.58318692,0.3
2022-12-29,100415549.91980131,43035235.67991485,143450785.59971616,0.3
2022-12-30,100615998.33528551,43121142.14369378,143737140.4789793,0.3
2023-01-03,101165793.84769066,43356768.79186742,144522562.63955808,0.3
2023-01-04,100904588.22412303,43244823.52462415,144149411.74874717,0.3
2023-01-05,57877084.83438863,86815627.25158294,144692712.08597156,0.6
2023-01-06,58404041.488395974,87606062.23259397,146010103.72098994,0.6
2023-01-09,58445149.3958289,87667724.09374335,146112873.48957226,0.6
2023-01-10,58422614.46129362,87633921.69194044,146056536.15323406,0.6
2023-01-11,57906297.311795026,86859445.96769252,144765743.27948755,0.6
2023-01-12,57907294.52805692,86860941.79208538,144768236.3201423,0.6
2023-01-13,57805790.40504916,86708685.60757373,144514476.0126229,0.6
2023-01-16,0.0,145293678.8149814,145293678.8149814,1.0
2023-01-17,0.0,145742276.16048154,145742276.16048154,1.0
2023-01-18,0.0,146438368.77418646,146438368.77418646,1.0
2023-01-19,0.0,147404152.4049933,147404152.4049933,1.0
2023-01-20,0.0,149097513.8266677,149097513.8266677,1.0
2023-01-30,0.0,151358655.86784884,151358655.86784884,1.0
2023-01-31,0.0,150642322.61598414,150642322.61598414,1.0
2023-02-01,0.0,346699171.28385156,346699171.28385156,1.0
2023-02-02,0.0,349356495.2316704,349356495.2316704,1.0
2023-02-03,0.0,349062613.6430693,349062613.6430693,1.0
2023-02-06,137623626.52200705,206435439.78301054,344059066.3050176,0.6
2023-02-07,136834772.09650204,205252158.144753,342086930.24125504,0.6
2023-02-08,136642379.45780227,204963569.18670335,341605948.6445056,0.6
2023-02-09,0.0,346088117.72777486,346088117.72777486,1.0
2023-02-10,0.0,342576004.7952373,342576004.7952373,1.0
2023-02-13,0.0,347685869.00122094,347685869.00122094,1.0
2023-02-14,0.0,342509029.25037915,342509029.25037915,1.0
2023-02-15,0.0,340314483.1712627,340314483.1712627,1.0
2023-02-16,0.0,332307625.5358915,332307625.5358915,1.0
2023-02-17,130858390.14540225,196287585.21810335,327145975.3635056,0.6
2023-02-20,0.0,328251064.1618155,328251064.1618155,1.0
2023-02-21,0.0,327366352.65031177,327366352.65031177,1.0
2023-02-22,0.0,328765076.68099326,328765076.68099326,1.0
2023-02-23,0.0,332227099.30430377,332227099.30430377,1.0
2023-02-24,132185913.5140875,198278870.27113122,330464783.7852187,0.6
2023-02-27,131633362.91125041,197450044.3668756,329083407.278126,0.6
2023-02-28,131841136.43753502,197761704.65630248,329602841.0938375,0.6
2023-03-01,0.0,328254715.12991774,328254715.12991774,1.0
2023-03-02,0.0,322895351.9405402,322895351.9405402,1.0
2023-03-03,0.0,325700019.35620695,325700019.35620695,1.0
2023-03-06,0.0,333570834.90564466,333570834.90564466,1.0
2023-03-07,130729237.88922656,196093856.83383983,326823094.7230664,0.6
2023-03-08,131335973.50855276,197003960.2628291,328339933.77138186,0.6
2023-03-09,131219939.14633742,196829908.7195061,328049847.86584353,0.6
2023-03-10,130539225.60410109,195808838.40615162,326348064.0102527,0.6
2023-03-13,131153807.34587726,196730711.0188159,327884518.36469316,0.6
2023-03-14,131099061.95089397,196648592.9263409,327747654.8772349,0.6
2023-03-15,130332449.20368963,195498673.80553442,325831123.00922406,0.6
2023-03-16,128309628.82685304,192464443.24027956,320774072.0671326,0.6
2023-03-17,126807508.15020424,190211262.22530633,317018770.3755106,0.6
2023-03-20,127258365.43714747,190887548.15572122,318145913.5928687,0.6
2023-03-21,128204330.98974577,192306496.48461863,320510827.4743644,0.6
2023-03-22,127554952.13251445,191332428.19877163,318887380.3312861,0.6
2023-03-23,127751842.97095603,191627764.456434,319379607.42739004,0.6
2023-03-24,127395484.08588478,191093226.12882718,318488710.21471196,0.6
2023-03-27,127954023.51319629,191931035.2697944,319885058.7829907,0.6
2023-03-28,126925931.49595451,190388897.24393177,317314828.7398863,0.6
2023-03-29,126980728.60515136,190471092.907727,317451821.51287836,0.6
2023-03-30,127494358.35357189,191241537.53035784,318735895.8839297,0.6
2023-03-31,0.0,322205085.02999353,322205085.02999353,1.0
2023-04-03,0.0,324468283.64478403,324468283.64478403,1.0
2023-04-04,0.0,321586877.3558132,321586877.3558132,1.0
2023-04-06,0.0,320828474.47987115,320828474.47987115,1.0
2023-04-07,0.0,329123730.12110746,329123730.12110746,1.0
2023-04-10,0.0,324787413.1463783,324787413.1463783,1.0
2023-04-11,0.0,324124042.14610964,324124042.14610964,1.0
2023-04-12,0.0,325512609.91141105,325512609.91141105,1.0
2023-04-13,0.0,324474162.203235,324474162.203235,1.0
2023-04-14,0.0,332372838.2515983,332372838.2515983,1.0
2023-04-17,0.0,327109204.5400123,327109204.5400123,1.0
2023-04-18,0.0,323514949.48512363,323514949.48512363,1.0
2023-04-19,0.0,321091574.04248816,321091574.04248816,1.0
2023-04-20,0.0,314898440.9872613,314898440.9872613,1.0
2023-04-21,120819305.26054522,181228957.89081785,302048263.1513631,0.6
2023-04-24,119457206.82132524,179185810.23198783,298643017.0533131,0.6
2023-04-25,205304427.10462883,87987611.6162695,293292038.72089833,0.3
2023-04-26,206747108.46023178,88605903.62581362,295353012.0860454,0.3
2023-04-27,117575118.63119754,176362677.94679633,293937796.57799387,0.6
2023-04-28,116490969.34072372,174736454.01108554,291227423.35180926,0.6
2023-05-04,0.0,290673629.36659503,290673629.36659503,1.0
2023-05-05,107522145.48660335,161283218.22990498,268805363.7165083,0.6
2023-05-08,0.0,270289055.4575043,270289055.4575043,1.0
2023-05-09,105716407.81643566,158574611.7246535,264291019.54108918,0.6
2023-05-10,185684127.4420638,79578911.76088448,265263039.20294827,0.3
2023-05-11,185912918.44816083,79676965.04921179,265589883.49737263,0.3
2023-05-12,184914492.7025277,79249068.30108331,264163561.00361103,0.3
2023-05-15,184999988.05971986,79285709.16845137,264285697.22817123,0.3
2023-05-16,183834737.71741745,78786316.16460747,262621053.8820249,0.3
2023-05-17,184493730.94891563,79068741.83524954,263562472.78416517,0.3
2023-05-18,185562952.03307366,79526979.44274585,265089931.4758195,0.3
2023-05-19,185190969.40487033,79367558.31637299,264558527.72124332,0.3
2023-05-22,184933982.82970214,79257421.2127295,264191404.04243165,0.3
2023-05-23,183800424.84514028,78771610.64791726,262572035.49305755,0.3
2023-05-24,183745420.77087453,78748037.47323194,262493458.24410647,0.3
2023-05-25,183489593.14819962,78638397.06351411,262127990.21171373,0.3
2023-05-26,184401194.75155455,79029083.46495195,263430278.21650648,0.3
2023-05-29,184595342.4739009,79112289.6316718,263707632.1055727,0.3
2023-05-30,185588366.56557667,79537871.38524716,265126237.95082384,0.3
2023-05-31,186010025.62198198,79718582.40942085,265728608.03140283,0.3
2023-06-01,186925950.0516299,80111121.45069854,267037071.50232846,0.3
2023-06-02,186846452.39192337,80077051.02511,266923503.41703337,0.3
2023-06-05,187759229.63508117,80468241.27217765,268227470.90725884,0.3
2023-06-06,186820904.10486162,80066101.7592264,266887005.864088,0.3
2023-06-07,188007406.24041662,80574602.67446426,268582008.9148809,0.3
2023-06-08,187480605.8936813,80348831.09729196,267829436.99097323,0.3
2023-06-09,188123884.49641392,80624521.92703453,268748406.42344844,0.3
2023-06-12,188340243.22474372,80717247.09631874,269057490.32106245,0.3
2023-06-13,188813086.553449,80919894.23719242,269732980.7906414,0.3
2023-06-14,188845326.03276634,80933711.15689985,269779037.1896662,0.3
2023-06-15,188760691.24021697,80897439.10295011,269658130.34316707,0.3
2023-06-16,189250330.46876535,81107284.48661372,270357614.95537907,0.3
2023-06-19,189976839.8461671,81418645.64835732,271395485.4945244,0.3
2023-06-20,189813052.8918638,81348451.2393702,271161504.131234,0.3
2023-06-21,188016587.02032456,80578537.2944248,268595124.31474936,0.3
2023-06-26,185775036.3237568,79617872.71018149,265392909.0339383,0.3
2023-06-27,186452267.5634377,79908114.67004472,266360382.23348242,0.3
2023-06-28,185498278.88690135,79499262.38010058,264997541.26700193,0.3
2023-06-29,186231067.81497973,79813314.77784847,266044382.5928282,0.3
2023-06-30,186552793.16061735,79951197.06883599,266503990.22945333,0.3
2023-07-03,186304277.41894364,79844690.32240441,266148967.74134806,0.3
2023-07-04,186766501.8386243,80042786.50226755,266809288.34089184,0.3
2023-07-05,185884428.5462651,79664755.09125647,265549183.63752156,0.3
2023-07-06,185871252.21746585,79659108.09319964,265530360.3106655,0.3
2023-07-07,185425915.13454074,79468249.3433746,264894164.47791535,0.3
2023-07-10,185332801.57539746,79428343.5323132,264761145.10771066,0.3
2023-07-11,185681758.54973447,79577896.52131478,265259655.07104927,0.3
2023-07-12,184730932.60460395,79170399.68768741,263901332.29229137,0.3
2023-07-13,185689514.84330726,79581220.64713167,265270735.4904389,0.3
2023-07-14,186421720.63246933,79895023.12820113,266316743.76067045,0.3
2023-07-17,186081207.18553644,79749088.79380132,265830295.97933775,0.3
2023-07-18,185401569.16341418,79457815.35574892,264859384.5191631,0.3
2023-07-19,185418225.84510678,79464953.93361719,264883179.77872398,0.3
2023-07-20,184618573.34123546,79122245.71767233,263740819.0589078,0.3
2023-07-21,184269880.99996746,78972806.1428432,263242687.14281067,0.3
2023-07-24,184664241.40453154,79141817.74479924,263806059.1493308,0.3
2023-07-25,185581790.27411848,79535052.9746222,265116843.24874067,0.3
2023-07-26,184569307.12503755,79101131.6250161,263670438.75005364,0.3
2023-07-27,183992708.84152114,78854018.07493763,262846726.91645876,0.3
2023-07-28,0.0,263454530.2505526,263454530.2505526,1.0
2023-07-31,0.0,265349893.3956232,265349893.3956232,1.0
2023-08-01,0.0,319664618.91072553,319664618.91072553,1.0
2023-08-02,225746831.19638047,96748641.9413059,322495473.1376864,0.3
2023-08-03,0.0,322148517.1154655,322148517.1154655,1.0
2023-08-04,0.0,328299810.91642797,328299810.91642797,1.0
2023-08-07,0.0,328811642.2825961,328811642.2825961,1.0
2023-08-08,0.0,327691703.3932888,327691703.3932888,1.0
2023-08-09,226743193.61844182,97175654.40790363,323918848.02634543,0.3
2023-08-10,0.0,323869011.1423123,323869011.1423123,1.0
2023-08-11,221785162.18442577,95050783.79332532,316835945.9777511,0.3
2023-08-14,222722018.4662242,95452293.62838179,318174312.094606,0.3
2023-08-15,221721027.0294956,95023297.29835524,316744324.3278508,0.3
2023-08-16,220608849.46626598,94546649.77125685,315155499.23752284,0.3
2023-08-17,221839331.8074373,95073999.34604456,316913331.15348184,0.3
2023-08-18,220396240.46684927,94455531.6286497,314851772.095499,0.3
2023-08-21,220195143.51636457,94369347.2212991,314564490.7376637,0.3
2023-08-22,222235966.52156237,95243985.65209815,317479952.1736605,0.3
2023-08-23,221085486.98409823,94750922.99318495,315836409.9772832,0.3
2023-08-24,221073546.36296368,94745805.58412729,315819351.947091,0.3
2023-08-25,219176101.40381175,93932614.88734789,313108716.29115963,0.3
2023-08-28,219787326.0314349,94194568.29918636,313981894.33062124,0.3
2023-08-29,222796065.4872396,95484028.06595983,318280093.5531994,0.3
2023-08-30,224096908.08424643,96041532.0361056,320138440.120352,0.3
2023-08-31,223382136.16876078,95735201.21518318,319117337.383944,0.3
2023-09-01,222478006.84242702,95347717.218183,317825724.06061,0.3
2023-09-04,223282922.03349406,95692680.87149745,318975602.9049915,0.3
2023-09-05,222847413.546935,95506034.37725785,318353447.92419285,0.3
2023-09-06,223659809.25745142,95854203.96747917,319514013.2249306,0.3
2023-09-07,222684034.65163192,95436014.8506994,318120049.5023313,0.3
2023-09-08,223736033.64166903,95886871.5607153,319622905.20238435,0.3
2023-09-11,224337515.7908185,96144649.62463652,320482165.41545504,0.3
2023-09-12,223637439.2508049,95844616.82177353,319482056.07257843,0.3
2023-09-13,222465468.88755885,95342343.80895379,317807812.69651264,0.3
2023-09-14,221688491.8225041,95009353.63821603,316697845.4607201,0.3
2023-09-15,221480635.86908355,94920272.51532152,316400908.3844051,0.3
2023-09-18,221647124.15713713,94991624.63877305,316638748.7959102,0.3
2023-09-19,220733098.5301649,94599899.37007065,315332997.90023553,0.3
2023-09-20,219773141.15235615,94188489.0652955,313961630.21765167,0.3
2023-09-21,219683047.27375785,94149877.40303907,313832924.6767969,0.3
2023-09-22,221499271.80269688,94928259.34401293,316427531.1467098,0.3
2023-09-25,221098353.64995497,94756437.27855213,315854790.9285071,0.3
2023-09-26,221124294.0028224,94767554.57263817,315891848.57546055,0.3
2023-09-27,221039603.4861647,94731258.63692772,315770862.1230924,0.3
2023-09-28,222117914.41133082,95193391.89057034,317311306.30190116,0.3
2023-10-09,222331284.08965266,95284836.03842257,317616120.12807524,0.3
2023-10-10,222771124.52430826,95473339.0818464,318244463.6061547,0.3
2023-10-11,223539122.52334613,95802481.08143406,319341603.6047802,0.3
2023-10-12,223250348.54174453,95678720.8036048,318929069.3453493,0.3
2023-10-13,222663132.99779642,95427056.99905561,318090189.99685204,0.3
2023-10-16,222027216.2971354,95154521.2702009,317181737.5673363,0.3
2023-10-17,222182465.29519254,95221056.55508251,317403521.85027504,0.3
2023-10-18,220942152.93343627,94689494.11432983,315631647.0477661,0.3
2023-10-19,220233825.4811495,94385925.20620692,314619750.6873564,0.3
2023-10-20,218541909.36003137,93660818.29715629,312202727.65718764,0.3
2023-10-23,216831283.95488012,92927693.12352003,309758977.07840014,0.3
2023-10-24,218455440.20632458,93623760.08842482,312079200.2947494,0.3
2023-10-25,219446275.10821038,94048403.61780445,313494678.72601485,0.3
2023-10-26,220089830.58850247,94324213.10935819,314414043.69786066,0.3
2023-10-27,219910432.92075923,94247328.39461109,314157761.3153703,0.3
2023-10-30,221444864.79948828,94904942.05692354,316349806.8564118,0.3
2023-10-31,220956063.28939462,94695455.69545484,315651518.98484945,0.3
2023-11-01,184413305.5841354,79034273.8217723,263447579.40590772,0.3
2023-11-02,183776854.27467802,78761508.97486201,262538363.24954003,0.3
2023-11-03,184305322.0820565,78987995.1780242,263293317.2600807,0.3
2023-11-06,185284178.1365643,79407504.91567041,264691683.0522347,0.3
2023-11-07,185553129.2012752,79522769.65768936,265075898.85896456,0.3
2023-11-08,185896557.13720274,79669953.05880117,265566510.1960039,0.3
2023-11-09,185031435.8538841,79299186.79452176,264330622.64840588,0.3
2023-11-10,185041693.37606347,79303582.87545578,264345276.25151926,0.3
2023-11-13,185350739.63198727,79436031.27085169,264786770.90283895,0.3
2023-11-14,185713582.94534212,79591535.54800375,265305118.49334586,0.3
2023-11-15,186205149.80521983,79802207.05937992,266007356.86459976,0.3
2023-11-16,185843301.11767894,79647129.05043383,265490430.16811278,0.3
2023-11-17,186176015.12995422,79789720.76998037,265965735.8999346,0.3
2023-11-20,186633083.39415476,79985607.16892347,266618690.56307822,0.3
2023-11-21,186098181.6305284,79756363.55594073,265854545.1864691,0.3
2023-11-22,185307996.29483348,79417712.69778578,264725708.99261928,0.3
2023-11-23,186252749.264956,79822606.82783829,266075356.0927943,0.3
2023-11-24,185546274.6155876,79519831.97810896,265066106.59369653,0.3
2023-11-27,185815642.4913308,79635275.35342748,265450917.84475827,0.3
2023-11-28,186298349.72752118,79842149.88322335,266140499.61074454,0.3
2023-11-29,186064297.76263854,79741841.89827365,265806139.6609122,0.3
2023-11-30,185916315.19244757,79678420.79676324,265594735.9892108,0.3
2023-12-01,186007501.76097205,79717500.7547023,265725002.51567435,0.3
2023-12-04,185935409.81512237,79686604.206481,265622014.02160335,0.3
2023-12-05,184984425.85210377,79279039.6509016,264263465.50300536,0.3
2023-12-06,185119304.81019977,79336844.91865703,264456149.7288568,0.3
2023-12-07,184911193.34993374,79247654.29282874,264158847.64276248,0.3
2023-12-08,184363719.214529,79013022.52051243,263376741.73504144,0.3
2023-12-11,185016981.71545085,79292992.16376466,264309973.8792155,0.3
2023-12-12,185171322.26973674,79359138.11560145,264530460.3853382,0.3
2023-12-13,184773006.72323772,79188431.45281616,263961438.17605388,0.3
2023-12-14,184565686.85286152,79099580.07979779,263665266.9326593,0.3
2023-12-15,184186425.21101782,78937039.37615049,263123464.5871683,0.3
2023-12-18,183762175.90885913,78755218.24665391,262517394.15551305,0.3
2023-12-19,183904295.63201785,78816126.6994362,262720422.33145404,0.3
2023-12-20,183261437.28413168,78540615.97891358,261802053.26304525,0.3
2023-12-21,183657342.6925274,78710289.7253689,262367632.41789633,0.3
2023-12-22,183303159.09799355,78558496.75628294,261861655.85427648,0.3
2023-12-25,183177452.64497003,78504622.56213,261682075.20710003,0.3
2023-12-26,182690319.96658802,78295851.414252,260986171.38084,0.3
2023-12-27,183349690.09785032,78578438.61336441,261928128.71121472,0.3
2023-12-28,183851570.90376866,78793530.38732941,262645101.29109806,0.3
2023-12-29,184863478.84917676,79227205.22107576,264090684.07025254,0.3
2024-01-02,185067906.40681094,79314817.0314904,264382723.43830132,0.3
2024-01-03,184807487.08894658,79203208.75240569,264010695.84135228,0.3
2024-01-04,185115357.99763334,79335153.42755716,264450511.4251905,0.3
2024-01-05,184397737.58370864,79027601.82158941,263425339.40529805,0.3
2024-01-08,183559670.46355715,78668430.19866735,262228100.6622245,0.3
2024-01-09,184332663.02565646,78999712.72528134,263332375.75093782,0.3
2024-01-10,183949574.04310048,78835531.73275734,262785105.7758578,0.3
2024-01-11,184517386.3391763,79078879.85964698,263596266.19882327,0.3
2024-01-12,184504174.43255296,79073217.61395127,263577392.04650423,0.3
2024-01-15,184962126.66809982,79269482.85775705,264231609.52585685,0.3
2024-01-16,185117373.70250398,79336017.30107313,264453391.0035771,0.3
2024-01-17,184392036.3350408,79025158.42930318,263417194.76434398,0.3
2024-01-18,183996369.64253938,78855586.98965973,262851956.6321991,0.3
2024-01-19,183346374.0255857,78577017.43953674,261923391.46512246,0.3
2024-01-22,180578734.77172518,77390886.33073936,257969621.10246456,0.3
2024-01-23,180673903.29062414,77431672.83883892,258105576.12946308,0.3
2024-01-24,181373972.5216747,77731702.50928915,259105675.03096384,0.3
2024-01-25,182602438.61034858,78258187.97586368,260860626.58621228,0.3
2024-01-26,182387284.93262237,78165979.25683816,260553264.18946052,0.3
2024-01-29,180907519.47160387,77531794.05925879,258439313.53086266,0.3
2024-01-30,179546509.5442884,76948504.09040932,256495013.63469774,0.3
2024-01-31,177748508.6709401,76177932.28754576,253926440.95848584,0.3
2024-02-01,209562763.5887949,89812612.96662639,299375376.5554213,0.3
2024-02-02,207572784.18534735,88959764.65086314,296532548.8362105,0.3
2024-02-05,204215078.5444852,87520747.94763653,291735826.49212176,0.3
2024-02-06,207042426.75084263,88732468.607504,295774895.35834664,0.3
2024-02-07,208407152.94941214,89317351.26403376,297724504.2134459,0.3
2024-02-08,210376179.72213978,90161219.88091706,300537399.60305685,0.3
2024-02-19,210997396.58474576,90427455.67917675,301424852.2639225,0.3
2024-02-20,211399436.35172564,90599758.43645383,301999194.78817946,0.3
2024-02-21,212053546.45898086,90880091.33956324,302933637.7985441,0.3
2024-02-22,212752557.16011667,91179667.35433571,303932224.5144524,0.3
2024-02-23,213806371.5458529,91631302.09107982,305437673.63693273,0.3
2024-02-26,214826134.51486218,92068343.36351235,306894477.8783745,0.3
2024-02-27,216229485.67535037,92669779.57515015,308899265.2505005,0.3
2024-02-28,212657803.34873754,91139058.57803036,303796861.9267679,0.3
2024-02-29,123014658.33749458,184521987.50624183,307536645.8437364,0.6
2024-03-01,123399636.34400573,185099454.5160086,308499090.8600143,0.6
2024-03-04,124541059.37875557,186811589.06813335,311352648.4468889,0.6
2024-03-05,123777258.71136996,185665888.0670549,309443146.77842486,0.6
2024-03-06,123818037.17851558,185727055.76777336,309545092.94628894,0.6
2024-03-07,123667058.97599992,185500588.46399984,309167647.43999976,0.6
2024-03-08,123959903.52801299,185939855.2920195,309899758.8200325,0.6
2024-03-11,124818388.51680052,187227582.77520078,312045971.2920013,0.6
2024-03-12,126429435.50592434,189644153.25888652,316073588.76481086,0.6
2024-03-13,127046757.76492092,190570136.64738134,317616894.41230226,0.6
2024-03-14,126596797.62676907,189895196.4401536,316491994.06692266,0.6
2024-03-15,127159783.66182247,190739675.4927337,317899459.15455616,0.6
2024-03-18,127995872.96610925,191993809.44916382,319989682.4152731,0.6
2024-03-19,127583322.88081446,191374984.32122168,318958307.20203614,0.6
2024-03-20,127871698.10990778,191807547.16486165,319679245.2747694,0.6
2024-03-21,127783147.56334877,191674721.34502316,319457868.9083719,0.6
2024-03-22,126813329.59495574,190219994.39243358,317033323.9873893,0.6
2024-03-25,125374571.4590756,188061857.18861338,313436428.647689,0.6
2024-03-26,125196987.70496002,187795481.55744,312992469.26240003,0.6
2024-03-27,122851186.84002304,184276780.26003456,307127967.1000576,0.6
2024-03-28,124117092.05766845,186175638.08650267,310292730.1441711,0.6
2024-03-29,125169493.40075132,187754240.10112694,312923733.50187826,0.6
2024-04-01,128208581.46252128,192312872.19378188,320521453.65630317,0.6
2024-04-02,127562592.5720819,191343888.85812286,318906481.43020475,0.6
2024-04-03,127314059.55642352,190971089.3346353,318285148.8910588,0.6
2024-04-08,125933056.84809825,188899585.27214733,314832642.1202456,0.6
2024-04-09,127323306.27140042,190984959.4071006,318308265.678501,0.6
2024-04-10,125692531.12939397,188538796.69409093,314231327.8234849,0.6
2024-04-11,125849330.34056062,188773995.5108409,314623325.8514015,0.6
2024-04-12,124774943.73436925,187162415.6015539,311937359.33592314,0.6
2024-04-15,123002912.8624812,184504369.29372182,307507282.15620303,0.6
2024-04-16,119326043.82919905,178989065.74379852,298315109.57299757,0.6
2024-04-17,122047371.93486583,183071057.90229875,305118429.8371646,0.6
2024-04-18,123367805.93090343,185051708.89635515,308419514.8272586,0.6
2024-04-19,123188749.77392128,184783124.6608819,307971874.4348032,0.6
2024-04-22,123041993.2358256,184562989.85373837,307604983.08956397,0.6
2024-04-23,123196643.96469972,184794965.94704953,307991609.91174924,0.6
2024-04-24,123480340.29992396,185220510.4498859,308700850.74980986,0.6
2024-04-25,123362155.65449452,185043233.4817418,308405389.1362363,0.6
2024-04-26,123538461.98482835,185307692.97724253,308846154.9620709,0.6
2024-04-29,124923191.95515114,187384787.93272668,312307979.8878778,0.6
2024-04-30,124848802.24643436,187273203.36965153,312122005.6160859,0.6
2024-05-06,0.0,315433673.5530064,315433673.5530064,1.0
2024-05-07,0.0,382557294.0815541,382557294.0815541,1.0
2024-05-08,151682936.51837057,227524404.77755582,379207341.2959264,0.6
2024-05-09,0.0,381193875.906813,381193875.906813,1.0
2024-05-10,0.0,379212183.81134206,379212183.81134206,1.0
2024-05-13,0.0,378917041.08087325,378917041.08087325,1.0
2024-05-14,0.0,380530752.04063225,380530752.04063225,1.0
2024-05-15,150891050.67025378,226336576.00538066,377227626.67563444,0.6
2024-05-16,0.0,376051418.9881017,376051418.9881017,1.0
2024-05-17,0.0,377214416.4289347,377214416.4289347,1.0
2024-05-20,0.0,381161216.1676888,381161216.1676888,1.0
2024-05-21,0.0,378622141.7541386,378622141.7541386,1.0
2024-05-22,0.0,375956614.2088082,375956614.2088082,1.0
2024-05-23,0.0,370535537.8582797,370535537.8582797,1.0
2024-05-24,147985048.88279042,221977573.32418564,369962622.20697606,0.6
2024-05-27,0.0,371990195.89646363,371990195.89646363,1.0
2024-05-28,147384238.74871776,221076358.12307665,368460596.8717944,0.6
2024-05-29,147501431.6453151,221252147.46797264,368753579.11328775,0.6
2024-05-30,146519547.20051128,219779320.8007669,366298868.00127816,0.6
2024-05-31,146860099.75334948,220290149.6300242,367150249.3833737,0.6
2024-06-03,146667534.92020074,220001302.3803011,366668837.3005018,0.6
2024-06-04,147528605.13030457,221292907.69545686,368821512.82576144,0.6
2024-06-05,146001605.8671374,219002408.80070606,365004014.66784346,0.6
2024-06-06,145309550.04841056,217964325.07261583,363273875.1210264,0.6
2024-06-07,145760623.98908654,218640935.9836298,364401559.97271633,0.6
2024-06-11,145468433.6186986,218202650.4280479,363671084.0467465,0.6
2024-06-12,146154929.07786644,219232393.61679965,365387322.6946661,0.6
2024-06-13,145672445.26412687,218508667.89619032,364181113.1603172,0.6
2024-06-14,145640260.89003578,218460391.33505365,364100652.22508943,0.6
2024-06-17,145322365.2639997,217983547.89599955,363305913.15999925,0.6
2024-06-18,145896718.51318005,218845077.76977006,364741796.2829501,0.6
2024-06-19,145308820.6187741,217963230.9281611,363272051.5469352,0.6
2024-06-20,144323590.72619054,216485386.08928582,360808976.81547636,0.6
2024-06-21,144709735.1240441,217064602.68606612,361774337.8101102,0.6
2024-06-24,249685129.66434658,107007912.71329139,356693042.377638,0.3
2024-06-25,249399374.04227048,106885446.01811592,356284820.0603864,0.3
2024-06-26,250285234.999269,107265100.71397243,357550335.71324146,0.3
2024-06-27,249055764.75290203,106738184.89410086,355793949.6470029,0.3
2024-06-28,249872431.6220429,107088184.9808755,356960616.6029184,0.3
2024-07-01,251306769.69132435,107702901.29628186,359009670.9876062,0.3
2024-07-02,250341361.4522264,107289154.90809703,357630516.3603234,0.3
2024-07-03,249511537.90604,106933516.24544571,356445054.15148574,0.3
2024-07-04,248745371.77110082,106605159.33047177,355350531.1015726,0.3
2024-07-05,249597042.54661846,106970161.09140791,356567203.63802636,0.3
2024-07-08,248738266.71956003,106602114.30838287,355340381.0279429,0.3
2024-07-09,250152043.4287682,107208018.61232921,357360062.0410974,0.3
2024-07-10,249554640.45985073,106951988.76850747,356506629.2283582,0.3
2024-07-11,250599397.77078658,107399741.90176566,357999139.6725522,0.3
2024-07-12,250420546.03224352,107323091.15667579,357743637.1889193,0.3
2024-07-15,250021849.61375874,107152221.26303945,357174070.8767982,0.3
2024-07-16,249556278.1696626,106952690.64414112,356508968.81380373,0.3
2024-07-17,247971769.6297932,106273615.55562565,354245385.18541884,0.3
2024-07-18,142009311.9381113,213013967.90716696,355023279.84527826,0.6
2024-07-19,141540288.9602315,212310433.44034722,353850722.40057874,0.6
2024-07-22,141258647.4030466,211887971.1045699,353146618.5076165,0.6
2024-07-23,242987602.4895401,104137543.92408861,347125146.4136287,0.3
2024-07-24,242187499.8939721,103794642.81170233,345982142.7056744,0.3
2024-07-25,241636113.47415325,103558334.34606567,345194447.8202189,0.3
2024-07-26,242480418.8323229,103920179.49956696,346400598.33188987,0.3
2024-07-29,242542091.27209312,103946610.54518276,346488701.8172759,0.3
2024-07-30,242232973.59762144,103814131.54183775,346047105.1394592,0.3
2024-07-31,244642859.6484915,104846939.84935349,349489799.497845,0.3
2024-08-01,255375512.9195601,109446648.39409718,364822161.3136573,0.3
2024-08-02,254240464.33437845,108960199.0004479,363200663.33482635,0.3
2024-08-05,252207377.63585347,108088876.12965149,360296253.76550496,0.3
2024-08-06,252857684.68228835,108367579.14955215,361225263.8318405,0.3
2024-08-07,252935588.76042646,108400966.61161132,361336555.37203777,0.3
2024-08-08,252950072.0202515,108407173.72296493,361357245.74321645,0.3
2024-08-09,252701289.64507264,108300552.70503111,361001842.35010374,0.3
2024-08-12,252677648.75036138,108290420.89301203,360968069.6433734,0.3
2024-08-13,253251942.94130892,108536546.97484668,361788489.9161556,0.3
2024-08-14,252353798.00558352,108151627.71667863,360505425.72226214,0.3
2024-08-15,252642211.23775607,108275233.38760974,360917444.6253658,0.3
2024-08-16,252476566.82783896,108204242.92621668,360680809.7540556,0.3
2024-08-19,252624865.16258967,108267799.35539557,360892664.5179852,0.3
2024-08-20,251238971.8098138,107673845.06134878,358912816.8711626,0.3
2024-08-21,250900023.2015434,107528581.37209003,358428604.57363343,0.3
2024-08-22,250655358.2918783,107423724.98223355,358079083.27411187,0.3
2024-08-23,250573171.76751155,107388502.18607639,357961673.95358795,0.3
2024-08-26,250772163.12730002,107473784.1974143,358245947.3247143,0.3
2024-08-27,250003274.20750737,107144260.37464601,357147534.5821534,0.3
2024-08-28,250149864.59482598,107207084.82635398,357356949.42117995,0.3
2024-08-29,250882971.2519974,107521273.39371318,358404244.6457106,0.3
2024-08-30,251908302.16323006,107960700.92709859,359869003.09032863,0.3
2024-09-02,250779099.83826602,107476757.07354258,358255856.9118086,0.3
2024-09-03,251021987.5905683,107580851.82452928,358602839.4150976,0.3
2024-09-04,250629766.23667866,107412756.95857656,358042523.1952552,0.3
2024-09-05,250706067.37051773,107445457.4445076,358151524.8150253,0.3
2024-09-06,249422676.71477944,106895432.87776262,356318109.59254205,0.3
2024-09-09,248796950.1147524,106627264.33489388,355424214.4496463,0.3
2024-09-10,248940691.47515416,106688867.77506606,355629559.25022024,0.3
2024-09-11,249209761.60801113,106804183.54629047,356013945.1543016,0.3
2024-09-12,249133350.72423077,106771436.02467032,355904786.74890107,0.3
2024-09-13,248618627.01225817,106550840.14811064,355169467.1603688,0.3
2024-09-18,249044992.61500072,106733568.26357174,355778560.87857246,0.3
2024-09-19,249856135.04767513,107081200.7347179,356937335.78239304,0.3
2024-09-20,249625125.48299974,106982196.63557132,356607322.11857104,0.3
2024-09-23,249660156.20878258,106997209.80376396,356657366.01254654,0.3
2024-09-24,252056207.93505204,108024089.1150223,360080297.05007434,0.3
2024-09-25,252432408.44370294,108185317.90444411,360617726.34814703,0.3
2024-09-26,0.0,364150120.34952766,364150120.34952766,1.0
2024-09-27,0.0,379143292.3581497,379143292.3581497,1.0
2024-09-30,0.0,418055255.4979761,418055255.4979761,1.0
2024-10-08,0.0,445486580.7742441,445486580.7742441,1.0
2024-10-09,0.0,409096114.5647699,409096114.5647699,1.0
2024-10-10,0.0,410714999.1803169,410714999.1803169,1.0
2024-10-11,0.0,396054132.5507741,396054132.5507741,1.0
2024-10-14,0.0,412161141.813582,412161141.813582,1.0
2024-10-15,0.0,401561646.6190721,401561646.6190721,1.0
2024-10-16,0.0,400067512.1970946,400067512.1970946,1.0
2024-10-17,0.0,398722107.422421,398722107.422421,1.0
2024-10-18,0.0,412560213.3370889,412560213.3370889,1.0
2024-10-21,0.0,414869009.5935699,414869009.5935699,1.0
2024-10-22,0.0,420010834.2700007,420010834.2700007,1.0
2024-10-23,0.0,420284729.28089446,420284729.28089446,1.0
2024-10-24,0.0,419366337.799719,419366337.799719,1.0
2024-10-25,0.0,420265798.7909581,420265798.7909581,1.0
2024-10-28,0.0,426047084.4256224,426047084.4256224,1.0
2024-10-29,0.0,418991780.65658855,418991780.65658855,1.0
2024-10-30,0.0,420526622.66493785,420526622.66493785,1.0
2024-10-31,0.0,420940350.45327944,420940350.45327944,1.0
2024-11-01,0.0,183814809.40222853,183814809.40222853,1.0
2024-11-04,0.0,187000532.94002488,187000532.94002488,1.0
2024-11-05,0.0,194024125.856331,194024125.856331,1.0
2024-11-06,0.0,194394673.45736027,194394673.45736027,1.0
2024-11-07,0.0,198941843.2545526,198941843.2545526,1.0
2024-11-08,0.0,199827328.24505818,199827328.24505818,1.0
2024-11-11,0.0,204171246.2600291,204171246.2600291,1.0
2024-11-12,0.0,202671926.42777368,202671926.42777368,1.0
2024-11-13,0.0,201568510.68574008,201568510.68574008,1.0
2024-11-14,0.0,195333877.38772175,195333877.38772175,1.0
2024-11-15,0.0,190947633.64358684,190947633.64358684,1.0
2024-11-18,0.0,182227048.03759718,182227048.03759718,1.0
2024-11-19,0.0,188019764.67198008,188019764.67198008,1.0
2024-11-20,0.0,194091233.94359407,194091233.94359407,1.0
2024-11-21,0.0,195069637.88484755,195069637.88484755,1.0
2024-11-22,0.0,187889552.15552604,187889552.15552604,1.0
2024-11-25,0.0,189462698.8800194,189462698.8800194,1.0
2024-11-26,0.0,186908164.6923474,186908164.6923474,1.0
2024-11-27,0.0,190374647.95555824,190374647.95555824,1.0
2024-11-28,0.0,190374796.899971,190374796.899971,1.0
2024-11-29,0.0,194040602.94384027,194040602.94384027,1.0
2024-12-02,0.0,198325997.57950482,198325997.57950482,1.0
2024-12-03,0.0,199444754.3926334,199444754.3926334,1.0
2024-12-04,0.0,196580883.54622325,196580883.54622325,1.0
2024-12-05,0.0,200100170.95769602,200100170.95769602,1.0
2024-12-06,0.0,202281123.3271792,202281123.3271792,1.0
2024-12-09,0.0,201033392.70745555,201033392.70745555,1.0
2024-12-10,0.0,204541014.2433341,204541014.2433341,1.0
2024-12-11,0.0,206984006.93726647,206984006.93726647,1.0
2024-12-12,0.0,210693558.77424625,210693558.77424625,1.0
2024-12-13,0.0,207584272.78904915,207584272.78904915,1.0
2024-12-16,0.0,204124975.97747353,204124975.97747353,1.0
2024-12-17,0.0,196481359.8430109,196481359.8430109,1.0
2024-12-18,0.0,199414040.78170028,199414040.78170028,1.0
2024-12-19,0.0,200052065.05019686,200052065.05019686,1.0
2024-12-20,0.0,202810701.86734712,202810701.86734712,1.0
2024-12-23,0.0,193095833.07667992,193095833.07667992,1.0
2024-12-24,0.0,194070971.3364843,194070971.3364843,1.0
2024-12-25,0.0,189037953.92780542,189037953.92780542,1.0
2024-12-26,0.0,191399339.14656073,191399339.14656073,1.0
2024-12-27,0.0,193112881.60784394,193112881.60784394,1.0
2024-12-30,0.0,192650432.47697604,192650432.47697604,1.0
2024-12-31,0.0,187303750.8328045,187303750.8328045,1.0
2025-01-02,0.0,183961091.24276364,183961091.24276364,1.0
2025-01-03,0.0,176699369.18149707,176699369.18149707,1.0
2025-01-06,0.0,174038998.77291366,174038998.77291366,1.0
2025-01-07,0.0,179714994.40800825,179714994.40800825,1.0
2025-01-08,0.0,180832570.40043685,180832570.40043685,1.0
2025-01-09,0.0,182321169.81561828,182321169.81561828,1.0
2025-01-10,0.0,176685293.85822043,176685293.85822043,1.0
2025-01-13,0.0,175357729.04481632,175357729.04481632,1.0
2025-01-14,0.0,185293535.7644219,185293535.7644219,1.0
2025-01-15,0.0,185130352.32450947,185130352.32450947,1.0
2025-01-16,0.0,185141040.29355037,185141040.29355037,1.0
2025-01-17,0.0,186594019.89825952,186594019.89825952,1.0
2025-01-20,0.0,189051141.85686648,189051141.85686648,1.0
2025-01-21,0.0,189876760.79668555,189876760.79668555,1.0
2025-01-22,0.0,187741639.06012344,187741639.06012344,1.0
2025-01-23,0.0,187697883.21372557,187697883.21372557,1.0
2025-01-24,0.0,192072363.24219903,192072363.24219903,1.0
2025-01-27,0.0,190449622.8441619,190449622.8441619,1.0
2025-02-05,0.0,192388662.5399365,192388662.5399365,1.0
2025-02-06,0.0,199061609.81050017,199061609.81050017,1.0
2025-02-07,0.0,201204440.8940857,201204440.8940857,1.0
2025-02-10,0.0,206537177.94046828,206537177.94046828,1.0
2025-02-11,0.0,206106651.7104852,206106651.7104852,1.0
2025-02-12,0.0,211074617.9431094,211074617.9431094,1.0
2025-02-13,0.0,209221787.08328867,209221787.08328867,1.0
2025-02-14,0.0,207240843.84064722,207240843.84064722,1.0
2025-02-17,0.0,210225162.87224147,210225162.87224147,1.0
2025-02-18,0.0,204372130.10067126,204372130.10067126,1.0
2025-02-19,0.0,210750100.0024734,210750100.0024734,1.0
2025-02-20,0.0,211811606.12820476,211811606.12820476,1.0
2025-02-21,0.0,215152360.64219126,215152360.64219126,1.0
2025-02-24,0.0,213509350.43220347,213509350.43220347,1.0
2025-02-25,0.0,212912638.7880294,212912638.7880294,1.0
2025-02-26,0.0,215728116.6859417,215728116.6859417,1.0
2025-02-27,0.0,215658141.32998145,215658141.32998145,1.0
2025-02-28,0.0,206515373.62603524,206515373.62603524,1.0
2025-03-03,0.0,207706227.29475996,207706227.29475996,1.0
2025-03-04,0.0,210313434.22699335,210313434.22699335,1.0
2025-03-05,0.0,211645243.73958597,211645243.73958597,1.0
2025-03-06,0.0,217073469.67728168,217073469.67728168,1.0
2025-03-07,0.0,214103655.87879568,214103655.87879568,1.0
2025-03-10,0.0,214694338.76693776,214694338.76693776,1.0
2025-03-11,0.0,215246547.7975121,215246547.7975121,1.0
2025-03-12,0.0,216213875.9243036,216213875.9243036,1.0
2025-03-13,0.0,211213489.8477716,211213489.8477716,1.0
2025-03-14,0.0,215265953.95585975,215265953.95585975,1.0
2025-03-17,0.0,215779519.67139205,215779519.67139205,1.0
2025-03-18,0.0,217048456.83764195,217048456.83764195,1.0
2025-03-19,0.0,215430816.83292502,215430816.83292502,1.0
2025-03-20,0.0,216002358.87221226,216002358.87221226,1.0
2025-03-21,0.0,210473409.42768314,210473409.42768314,1.0
2025-03-24,0.0,205831779.40712243,205831779.40712243,1.0
2025-03-25,0.0,202743298.85549438,202743298.85549438,1.0
2025-03-26,0.0,205100954.83784726,205100954.83784726,1.0
2025-03-27,0.0,204752117.936756,204752117.936756,1.0
2025-03-28,141288117.1482769,60552050.20640438,201840167.35468128,0.3
2025-03-31,141073610.84344065,60460118.932903126,201533729.77634376,0.3
2025-04-01,141478353.29084882,60633579.98179235,202111933.27264118,0.3
2025-04-02,141588575.75409037,60680818.18032445,202269393.93441483,0.3
2025-04-03,141346811.98478478,60577205.13633633,201924017.1211211,0.3
2025-04-07,135835703.99221826,58215301.71095069,194051005.70316896,0.3
2025-04-08,135764901.59423718,58184957.82610164,193949859.4203388,0.3
2025-04-09,137111874.49048215,58762231.92449235,195874106.4149745,0.3
2025-04-10,138332526.62420696,59285368.553231545,197617895.1774385,0.3
2025-04-11,138939012.52418226,59545291.0817924,198484303.60597467,0.3
2025-04-14,139874271.16567558,59946116.21386096,199820387.37953654,0.3
2025-04-15,139761723.15386093,59897881.35165468,199659604.5055156,0.3
2025-04-16,139235456.64001268,59672338.560005434,198907795.2000181,0.3
2025-04-17,139353248.08725983,59722820.60882563,199076068.69608545,0.3
2025-04-18,139299797.58676428,59699913.25147041,198999710.8382347,0.3
2025-04-21,140491067.96734807,60210457.70029203,200701525.6676401,0.3
2025-04-22,140431802.96997017,60185058.4157015,200616861.38567168,0.3
2025-04-23,140676261.00028914,60289826.14298106,200966087.1432702,0.3
2025-04-24,140101440.02616543,60043474.29692804,200144914.32309347,0.3
2025-04-25,140288414.29202026,60123606.12515154,200412020.4171718,0.3
2025-04-28,140117152.73906898,60050208.31674385,200167361.05581284,0.3
2025-04-29,140566872.94388452,60242945.54737908,200809818.4912636,0.3
2025-04-30,141178714.21983358,60505163.23707154,201683877.45690513,0.3
2025-05-06,142478205.23814183,61062087.959203646,203540293.1973455,0.3
2025-05-07,161344473.1679877,69147631.357709,230492104.5256967,0.3
2025-05-08,161667113.94316554,69285905.97564237,230953019.91880792,0.3
2025-05-09,160727124.50546914,68883053.35948677,229610177.8649559,0.3
2025-05-12,0.0,230568053.707827,230568053.707827,1.0
2025-05-13,0.0,230768586.09766996,230768586.09766996,1.0
2025-05-14,0.0,231381480.84558037,231381480.84558037,1.0
2025-05-15,0.0,228978884.0354751,228978884.0354751,1.0
2025-05-16,0.0,231131296.89968336,231131296.89968336,1.0
2025-05-19,163032963.30448413,69871269.98763606,232904233.2921202,0.3
2025-05-20,0.0,233514911.59776568,233514911.59776568,1.0
2025-05-21,0.0,231523628.11499897,231523628.11499897,1.0
2025-05-22,0.0,229099596.59936097,229099596.59936097,1.0
2025-05-23,0.0,226848958.82669362,226848958.82669362,1.0
2025-05-26,161383740.63452607,69164460.27193974,230548200.90646583,0.3
2025-05-27,161444447.83055478,69190477.64166634,230634925.47222114,0.3
2025-05-28,161731544.36685115,69313519.01436476,231045063.3812159,0.3
2025-05-29,162528835.0557286,69655215.02388369,232184050.0796123,0.3
2025-05-30,161929599.75668162,69398399.89572068,231327999.65240228,0.3
2025-06-03,162528165.15016985,69654927.92150135,232183093.0716712,0.3
2025-06-04,163364989.72853157,70013567.02651352,233378556.7550451,0.3
2025-06-05,0.0,233448357.51847225,233448357.51847225,1.0
2025-06-06,163519771.55769983,70079902.09615707,233599673.6538569,0.3
2025-06-09,0.0,234766147.79884267,234766147.79884267,1.0
2025-06-10,162500257.57517973,69642967.53221989,232143225.1073996,0.3
2025-06-11,0.0,232283309.00312072,232283309.00312072,1.0
2025-06-12,0.0,233676312.8408535,233676312.8408535,1.0
2025-06-13,162128412.549967,69483605.37855728,231612017.92852426,0.3
2025-06-16,0.0,232366919.77231467,232366919.77231467,1.0
2025-06-17,0.0,231457013.1532804,231457013.1532804,1.0
2025-06-18,0.0,230640636.4835632,230640636.4835632,1.0
2025-06-19,158438052.02603924,67902022.29687397,226340074.32291323,0.3
2025-06-20,157875245.6194844,67660819.5512076,225536065.170692,0.3
2025-06-23,158645802.73139894,67991058.31345667,226636861.0448556,0.3
2025-06-24,0.0,227407546.76355958,227407546.76355958,1.0
2025-06-25,0.0,230969554.92764354,230969554.92764354,1.0
2025-06-26,0.0,231310151.94255558,231310151.94255558,1.0
2025-06-27,0.0,230760360.78262344,230760360.78262344,1.0
2025-06-30,0.0,234060016.87087548,234060016.87087548,1.0
2025-07-01,0.0,234932764.92783904,234932764.92783904,1.0
2025-07-02,0.0,234348315.1024508,234348315.1024508,1.0
2025-07-03,0.0,235129096.17788336,235129096.17788336,1.0
2025-07-04,0.0,231762731.26692465,231762731.26692465,1.0
2025-07-07,0.0,233614228.9453892,233614228.9453892,1.0
2025-07-08,0.0,235475423.47582585,235475423.47582585,1.0
2025-07-09,0.0,236178858.6407336,236178858.6407336,1.0
2025-07-10,0.0,235651085.59719646,235651085.59719646,1.0
2025-07-11,0.0,236848897.32757095,236848897.32757095,1.0
2025-07-14,0.0,237652429.54780003,237652429.54780003,1.0
2025-07-15,0.0,235276424.05056685,235276424.05056685,1.0
2025-07-16,0.0,235384619.97328973,235384619.97328973,1.0
2025-07-17,0.0,236905075.7236447,236905075.7236447,1.0
2025-07-18,0.0,236872623.35777104,236872623.35777104,1.0
2025-07-21,0.0,241217467.7871828,241217467.7871828,1.0
2025-07-22,0.0,241978476.58783016,241978476.58783016,1.0
2025-07-23,0.0,239733284.18562308,239733284.18562308,1.0
2025-07-24,0.0,241073084.79363558,241073084.79363558,1.0
2025-07-25,0.0,241231784.56534353,241231784.56534353,1.0
2025-07-28,0.0,242204009.81646392,242204009.81646392,1.0
2025-07-29,0.0,243433928.86552885,243433928.86552885,1.0
2025-07-30,0.0,242797649.3360181,242797649.3360181,1.0
2025-07-31,0.0,241025728.47746813,241025728.47746813,1.0
2025-08-01,0.0,337847551.34198225,337847551.34198225,1.0
2025-08-04,0.0,343126182.47967094,343126182.47967094,1.0
2025-08-05,0.0,347925403.4297488,347925403.4297488,1.0
2025-08-06,0.0,350564403.7983334,350564403.7983334,1.0
2025-08-07,0.0,350135938.56719756,350135938.56719756,1.0
2025-08-08,0.0,349653194.3700064,349653194.3700064,1.0
2025-08-11,0.0,356796128.62417305,356796128.62417305,1.0
2025-08-12,0.0,361259969.00694704,361259969.00694704,1.0
2025-08-13,0.0,369938833.2852006,369938833.2852006,1.0
2025-08-14,0.0,367051189.8419092,367051189.8419092,1.0
2025-08-15,0.0,375980228.2613726,375980228.2613726,1.0
2025-08-18,0.0,395264567.87587655,395264567.87587655,1.0
2025-08-19,0.0,397146144.38341063,397146144.38341063,1.0
2025-08-20,0.0,395686159.68701506,395686159.68701506,1.0
2025-08-21,0.0,393463633.7051249,393463633.7051249,1.0
2025-08-22,0.0,399481204.796626,399481204.796626,1.0
2025-08-25,0.0,407274302.0817616,407274302.0817616,1.0
2025-08-26,0.0,402471137.6669274,402471137.6669274,1.0
2025-08-27,0.0,401024302.77627784,401024302.77627784,1.0
2025-08-28,0.0,408088419.1185409,408088419.1185409,1.0
2025-08-29,0.0,408451771.0933799,408451771.0933799,1.0
2025-09-01,0.0,410282495.1207526,410282495.1207526,1.0
2025-09-02,0.0,397642449.3040889,397642449.3040889,1.0
2025-09-03,0.0,393399183.3136584,393399183.3136584,1.0
2025-09-04,0.0,377228604.69317055,377228604.69317055,1.0
2025-09-05,0.0,388381018.8023992,388381018.8023992,1.0
2025-09-08,0.0,390010089.9622484,390010089.9622484,1.0
2025-09-09,0.0,381830964.0634453,381830964.0634453,1.0
2025-09-10,0.0,385526243.74872637,385526243.74872637,1.0
2025-09-11,0.0,393910587.0041858,393910587.0041858,1.0
2025-09-12,0.0,394572433.4540627,394572433.4540627,1.0
2025-09-15,0.0,392014200.2777319,392014200.2777319,1.0
2025-09-16,0.0,394371842.7026851,394371842.7026851,1.0
2025-09-17,0.0,397857849.6649135,397857849.6649135,1.0
2025-09-18,0.0,395998817.58752894,395998817.58752894,1.0
2025-09-19,0.0,398429629.43562496,398429629.43562496,1.0
2025-09-22,0.0,404782424.0834376,404782424.0834376,1.0
2025-09-23,0.0,402591676.9410116,402591676.9410116,1.0
2025-09-24,0.0,408263430.578702,408263430.578702,1.0
2025-09-25,0.0,411769911.670203,411769911.670203,1.0
2025-09-26,0.0,405330513.76884645,405330513.76884645,1.0
2025-09-29,0.0,405116469.5630354,405116469.5630354,1.0
2025-09-30,0.0,406518090.201976,406518090.201976,1.0
2025-10-09,0.0,404657417.3489783,404657417.3489783,1.0
2025-10-10,0.0,403787581.905763,403787581.905763,1.0
2025-10-13,0.0,410580744.01015633,410580744.01015633,1.0
2025-10-14,0.0,407843330.32295316,407843330.32295316,1.0
2025-10-15,0.0,411863457.693847,411863457.693847,1.0
2025-10-16,0.0,406686135.1419595,406686135.1419595,1.0
2025-10-17,0.0,392468219.1394721,392468219.1394721,1.0
2025-10-20,0.0,396768090.4709665,396768090.4709665,1.0
2025-10-21,0.0,404835500.047895,404835500.047895,1.0
2025-10-22,0.0,404161951.50711423,404161951.50711423,1.0
2025-10-23,0.0,398604022.96813595,398604022.96813595,1.0
2025-10-24,0.0,407649820.10827094,407649820.10827094,1.0
2025-10-27,0.0,412470913.3175214,412470913.3175214,1.0
2025-10-28,0.0,407451188.2429015,407451188.2429015,1.0
2025-10-29,0.0,407325740.5390449,407325740.5390449,1.0
2025-10-30,0.0,399081891.9333831,399081891.9333831,1.0
2025-10-31,0.0,400566280.9859874,400566280.9859874,1.0
2025-11-03,0.0,418903752.39456767,418903752.39456767,1.0
2025-11-04,0.0,410023170.43532497,410023170.43532497,1.0
2025-11-05,0.0,410585808.88675696,410585808.88675696,1.0
2025-11-06,0.0,415397291.2614268,415397291.2614268,1.0
2025-11-07,0.0,415771302.7055045,415771302.7055045,1.0
2025-11-10,0.0,415948752.39874077,415948752.39874077,1.0
2025-11-11,0.0,418586298.32166743,418586298.32166743,1.0
2025-11-12,0.0,411803182.5608896,411803182.5608896,1.0
2025-11-13,0.0,417712388.08954674,417712388.08954674,1.0
2025-11-14,0.0,410319382.4899745,410319382.4899745,1.0
2025-11-17,0.0,411873545.58697176,411873545.58697176,1.0
2025-11-18,0.0,411175603.88012904,411175603.88012904,1.0
2025-11-19,0.0,406015976.49563295,406015976.49563295,1.0
2025-11-20,0.0,403000489.90927076,403000489.90927076,1.0
2025-11-21,0.0,387542914.4065255,387542914.4065255,1.0
2025-11-24,0.0,392055004.22053385,392055004.22053385,1.0
2025-11-25,0.0,401285073.2276852,401285073.2276852,1.0
2025-11-26,0.0,402167025.2324077,402167025.2324077,1.0
2025-11-27,0.0,400710784.1034346,400710784.1034346,1.0
2025-11-28,0.0,406409921.4147911,406409921.4147911,1.0
2025-12-01,0.0,407632736.7926252,407632736.7926252,1.0
2025-12-02,0.0,403457942.14619,403457942.14619,1.0
2025-12-03,0.0,397262107.6723988,397262107.6723988,1.0
2025-12-04,0.0,395690066.2505012,395690066.2505012,1.0
2025-12-05,0.0,403897814.49393046,403897814.49393046,1.0
2025-12-08,0.0,413464226.9251143,413464226.9251143,1.0
2025-12-09,0.0,413140103.67515594,413140103.67515594,1.0
2025-12-10,0.0,415882379.38804716,415882379.38804716,1.0
2025-12-11,0.0,410131921.02689165,410131921.02689165,1.0
2025-12-12,0.0,412892808.98667616,412892808.98667616,1.0
2025-12-15,0.0,408765110.4322557,408765110.4322557,1.0
2025-12-16,0.0,399363422.0326337,399363422.0326337,1.0
2025-12-17,0.0,408001652.2280276,408001652.2280276,1.0
2025-12-18,0.0,407500299.74171823,407500299.74171823,1.0
2025-12-19,0.0,409675693.7943094,409675693.7943094,1.0
2025-12-22,0.0,417901988.6358468,417901988.6358468,1.0
2025-12-23,0.0,419780996.88518226,419780996.88518226,1.0
2025-12-24,0.0,425875947.2469759,425875947.2469759,1.0
2025-12-25,0.0,431286846.885667,431286846.885667,1.0
2025-12-26,0.0,433451271.9085337,433451271.9085337,1.0
2025-12-29,0.0,434407592.1687687,434407592.1687687,1.0
2025-12-30,0.0,433924460.49256605,433924460.49256605,1.0
2025-12-31,0.0,434568876.73277056,434568876.73277056,1.0
2026-01-05,0.0,443355040.0355042,443355040.0355042,1.0
2026-01-06,0.0,448942371.1741247,448942371.1741247,1.0
2026-01-07,0.0,454367470.76239765,454367470.76239765,1.0
2026-01-08,0.0,458039386.0038299,458039386.0038299,1.0
2026-01-09,0.0,467238887.247267,467238887.247267,1.0
2026-01-12,0.0,476238723.76276886,476238723.76276886,1.0
2026-01-13,0.0,463047000.68194675,463047000.68194675,1.0
2026-01-14,0.0,466753986.0226137,466753986.0226137,1.0
2026-01-15,0.0,465952649.5148323,465952649.5148323,1.0
2026-01-16,0.0,472953451.8249983,472953451.8249983,1.0
2026-01-19,0.0,475097017.3401505,475097017.3401505,1.0
2026-01-20,0.0,469252444.7855091,469252444.7855091,1.0
2026-01-21,0.0,476363738.33859473,476363738.33859473,1.0
2026-01-22,0.0,480913551.1801893,480913551.1801893,1.0
2026-01-23,0.0,486971703.00910723,486971703.00910723,1.0
2026-01-26,0.0,478662741.29213494,478662741.29213494,1.0
2026-01-27,0.0,487241113.9687017,487241113.9687017,1.0
2026-01-28,0.0,486801602.0787681,486801602.0787681,1.0
2026-01-29,0.0,476938669.0537719,476938669.0537719,1.0
2026-01-30,0.0,475571144.84452826,475571144.84452826,1.0
2026-02-02,0.0,462212580.2262449,462212580.2262449,1.0
2026-02-03,0.0,481942256.71784943,481942256.71784943,1.0
2026-02-04,0.0,476262110.47483236,476262110.47483236,1.0
2026-02-05,0.0,465463774.5386832,465463774.5386832,1.0
2026-02-06,0.0,465445295.7001627,465445295.7001627,1.0
2026-02-09,0.0,479307227.52868146,479307227.52868146,1.0
2026-02-10,0.0,478675442.2775353,478675442.2775353,1.0
2026-02-11,0.0,474712258.7632565,474712258.7632565,1.0
2026-02-12,0.0,478743509.7456063,478743509.7456063,1.0
2026-02-13,0.0,479010163.3144808,479010163.3144808,1.0
2026-02-24,0.0,484895684.71099544,484895684.71099544,1.0
2026-02-25,0.0,493503214.95619476,493503214.95619476,1.0
2026-02-26,0.0,500285258.8567729,500285258.8567729,1.0
2026-02-27,0.0,501984172.80593807,501984172.80593807,1.0
2026-03-02,0.0,497433900.9366288,497433900.9366288,1.0
2026-03-03,0.0,478325349.60900444,478325349.60900444,1.0
2026-03-04,332227511.47634923,142383219.20414963,474610730.68049884,0.3
2026-03-05,0.0,476418047.43577135,476418047.43577135,1.0
2026-03-06,0.0,475005994.9205606,475005994.9205606,1.0
2026-03-09,327824165.04346347,140496070.73291293,468320235.7763764,0.3
2026-03-10,0.0,472907964.6778116,472907964.6778116,1.0
2026-03-11,0.0,475860120.0248074,475860120.0248074,1.0
2026-03-12,0.0,470597959.7466683,470597959.7466683,1.0
2026-03-13,0.0,463952187.16226095,463952187.16226095,1.0
2026-03-16,0.0,464907127.19400597,464907127.19400597,1.0
2026-03-17,0.0,450690868.11829257,450690868.11829257,1.0
2026-03-18,0.0,458306864.31283987,458306864.31283987,1.0
2026-03-19,314535807.5071446,134801060.36020482,449336867.8673494,0.3
2026-03-20,313906643.02979374,134531418.44134018,448438061.47113395,0.3
2026-03-23,309543465.53428835,132661485.22898072,442204950.76326907,0.3
2026-03-24,312108642.66879547,133760846.8580552,445869489.5268507,0.3
2026-03-25,314350863.22044575,134721798.5230482,449072661.743494,0.3
2026-03-26,312994984.0563195,134140707.45270835,447135691.50902784,0.3
2026-03-27,314499719.46586967,134785594.0568013,449285313.522671,0.3
2026-03-30,314583400.4876013,134821457.35182914,449404857.83943045,0.3
2026-03-31,311855492.8817023,133652354.09215811,445507846.9738604,0.3
2026-04-01,314507209.07826555,134788803.89068523,449296012.96895075,0.3
2026-04-02,312506735.1782815,133931457.93354921,446438193.1118307,0.3
2026-04-03,312535546.60137373,133943805.68630302,446479352.28767675,0.3
2026-04-07,313398182.0567378,134313506.59574476,447711688.65248257,0.3
2026-04-08,318282286.07927406,136406694.03397462,454688980.1132487,0.3
2026-04-09,318052191.5009787,136308082.071848,454360273.57282674,0.3
2026-04-10,0.0,456124445.6963762,456124445.6963762,1.0
2026-04-13,0.0,461906745.9250311,461906745.9250311,1.0
2026-04-14,0.0,469852693.9333697,469852693.9333697,1.0
2026-04-15,0.0,465411640.4558942,465411640.4558942,1.0
2026-04-16,0.0,471982588.46936816,471982588.46936816,1.0
2026-04-17,0.0,482360181.8464446,482360181.8464446,1.0
2026-04-20,0.0,485701599.15695405,485701599.15695405,1.0
2026-04-21,0.0,488020243.4374922,488020243.4374922,1.0
2026-04-22,0.0,498101553.0011568,498101553.0011568,1.0
2026-04-23,0.0,490496408.7612151,490496408.7612151,1.0
2026-04-24,0.0,490389880.82245314,490389880.82245314,1.0
2026-04-27,0.0,497243902.4948675,497243902.4948675,1.0
2026-04-28,0.0,488295012.5722062,488295012.5722062,1.0
2026-04-29,0.0,494094702.11251056,494094702.11251056,1.0
2026-04-30,0.0,499365187.8913666,499365187.8913666,1.0
2026-05-06,0.0,510420485.330071,510420485.330071,1.0
2026-05-07,0.0,427853568.46164984,427853568.46164984,1.0
2026-05-08,0.0,432845409.3135235,432845409.3135235,1.0
2026-05-11,0.0,438472257.9212347,438472257.9212347,1.0
2026-05-12,0.0,438599464.8055298,438599464.8055298,1.0
2026-05-13,0.0,444831601.6316036,444831601.6316036,1.0
2026-05-14,0.0,433599584.7238312,433599584.7238312,1.0
2026-05-15,0.0,429632927.78962874,429632927.78962874,1.0
2026-05-18,0.0,427659329.91404784,427659329.91404784,1.0
2026-05-19,0.0,428800653.98043334,428800653.98043334,1.0
2026-05-20,0.0,430547856.35703367,430547856.35703367,1.0
2026-05-21,0.0,411413958.6744904,411413958.6744904,1.0
2026-05-22,0.0,424580575.50731534,424580575.50731534,1.0
2026-05-25,0.0,424005386.34517455,424005386.34517455,1.0
2026-05-26,0.0,414835198.7115391,414835198.7115391,1.0
2026-05-27,0.0,410653008.94138336,410653008.94138336,1.0
2026-05-28,0.0,420816550.89868116,420816550.89868116,1.0
2026-05-29,0.0,414292465.2823469,414292465.2823469,1.0
2026-06-01,0.0,407962618.4547723,407962618.4547723,1.0
2026-06-02,0.0,409808095.06724113,409808095.06724113,1.0
2026-06-03,0.0,415445001.25724095,415445001.25724095,1.0
2026-06-04,0.0,413978165.5993739,413978165.5993739,1.0
2026-06-05,0.0,410851355.7120199,410851355.7120199,1.0
2026-06-08,0.0,399855255.07465106,399855255.07465106,1.0
2026-06-09,0.0,416662805.5000443,416662805.5000443,1.0
2026-06-10,0.0,409465928.7740925,409465928.7740925,1.0
2026-06-11,0.0,413987261.6290022,413987261.6290022,1.0
2026-06-12,0.0,412991152.2772597,412991152.2772597,1.0
2026-06-15,0.0,431768160.8103187,431768160.8103187,1.0
2026-06-16,0.0,445118717.8035277,445118717.8035277,1.0
2026-06-17,0.0,452050031.5455182,452050031.5455182,1.0
2026-06-18,0.0,454647018.653353,454647018.653353,1.0
2026-06-22,0.0,460347801.8166121,460347801.8166121,1.0
2026-06-23,0.0,448404021.728445,448404021.728445,1.0
2026-06-24,0.0,455294825.2711298,455294825.2711298,1.0
2026-06-25,0.0,458770856.86661446,458770856.86661446,1.0
2026-06-26,0.0,444861500.3207713,444861500.3207713,1.0
2026-06-29,0.0,442336060.4704742,442336060.4704742,1.0
2026-06-30,0.0,457447958.90376914,457447958.90376914,1.0
2026-07-01,0.0,459703279.6616298,459703279.6616298,1.0
2026-07-02,0.0,444281371.98296267,444281371.98296267,1.0
2026-07-03,0.0,442357909.7611373,442357909.7611373,1.0
2026-07-06,0.0,431715200.6795113,431715200.6795113,1.0
2026-07-07,0.0,423933002.7610221,423933002.7610221,1.0
2026-07-08,0.0,410525952.8649797,410525952.8649797,1.0
2026-07-09,0.0,421366945.60855174,421366945.60855174,1.0
2026-07-10,0.0,414318065.35759383,414318065.35759383,1.0
2026-07-13,272736649.2878998,116887135.40909989,389623784.69699967,0.3
2026-07-14,0.0,393781333.66126454,393781333.66126454,1.0
2026-07-15,0.0,387183674.7409071,387183674.7409071,1.0
2026-07-16,262834115.12455767,112643192.196239,375477307.32079667,0.3
2026-07-17,256653275.31418148,109994260.84893492,366647536.1631164,0.3
2026-07-20,251724097.44784135,107881756.04907484,359605853.4969162,0.3
2026-07-21,255547401.09651458,109520314.7556491,365067715.8521637,0.3
2026-07-22,253770823.38434726,108758924.30757739,362529747.69192463,0.3
2026-07-23,254678708.84561917,109148018.07669392,363826726.9223131,0.3
2026-07-24,252893853.7950868,108383080.19789433,361276933.99298114,0.3
2026-07-27,255878740.05931473,109662317.16827774,365541057.22759247,0.3
2026-07-28,252125464.7644917,108053770.61335358,360179235.3778453,0.3
2026-07-29,251514189.09575582,107791795.32675248,359305984.4225083,0.3
2026-07-30,247218375.35590458,105950732.29538767,353169107.65129226,0.3
2026-07-31,250146673.4232235,107205717.18138151,357352390.604605,0.3
