code,stat_date,close,eps,pe,pe_rank,valuation_score,update_time,pub_date
300001,2015-06-30,19.99412228,0.1,199.9412228,0.281638288080994,0.718361711919006,,2015-08-26
300001,2015-09-30,16.43658764,0.13,126.43528953846153,0.20814061054579094,0.7918593894542091,,2015-10-19
300001,2015-12-31,28.188116,0.16,176.175725,0.16862233811386354,0.8313776618861365,,2016-04-26
300001,2016-03-31,24.18345952,0.05,483.6691904,0.23648330982604607,0.763516690173954,,2016-04-26
300001,2016-06-30,21.08276676,0.09,234.252964,0.2086767895878525,0.7913232104121475,,2016-08-27
300001,2016-09-30,19.71224112,0.13,151.63262400000002,0.20480928689883915,0.7951907131011609,,2016-10-29
300001,2016-12-31,,0.23,,,,,2017-04-17
300001,2017-03-31,15.92142552,0.06,265.357092,0.35784895215500195,0.6421510478449981,,2017-04-17
300001,2017-06-30,16.29078704,0.1,162.9078704,0.19618430525557956,0.8038156947444204,,2017-08-18
300001,2017-09-30,,0.14,,,,,2017-10-28
300001,2017-12-31,,0.19,,,,,2018-03-23
300001,2018-03-31,,0.06,,,,,2018-04-21
300001,2018-06-30,,0.12,,,,,2018-07-17
300001,2018-09-30,,0.14,,,,,2018-10-27
300002,2015-06-30,14.6362674,0.0554,264.1925523465704,0.21813161527841693,0.781868384721583,,2015-08-15
300002,2015-09-30,10.43938495,0.0901,115.86442785793564,0.22525439407955597,0.7747456059204441,,2015-10-24
300002,2015-12-31,12.5810435,0.1774,70.91907271702367,0.3946110386788353,0.6053889613211647,,2016-04-26
300002,2016-03-31,8.4705957,0.0075,1129.4127600000002,0.10296191819464035,0.8970380818053596,,2016-04-26
300002,2016-06-30,10.2184964,0.1232,82.9423409090909,0.5193058568329718,0.4806941431670282,,2016-08-18
300002,2016-09-30,10.28622842,0.177,58.11428485875707,0.4987562189054726,0.5012437810945274,,2016-10-29
300002,2016-12-31,,0.2565,,,,,2017-04-25
300002,2017-03-31,9.13795339,0.0096,951.8701447916667,0.09529458283906682,0.9047054171609332,,2017-04-25
300002,2017-06-30,8.04757458,0.0078,1031.7403307692307,0.028077753779697623,0.9719222462203023,,2017-08-29
300002,2017-09-30,,-0.0187,,,,,2017-10-27
300002,2017-12-31,,0.061,,,,,2018-04-27
300002,2018-03-31,,-0.0236,,,,,2018-04-27
300002,2018-06-30,,-0.0693,,,,,2018-08-30
300002,2018-09-30,,-0.0783,,,,,2018-10-30
300003,2015-06-30,17.77501524,0.1774,100.19738015783538,0.49746893695352046,0.5025310630464795,,2015-08-26
300003,2015-09-30,14.01584268,0.2559,54.770780304806564,0.4486586493987049,0.5513413506012951,,2015-10-27
300003,2015-12-31,16.9118952,0.3208,52.71787780548629,0.500651890482399,0.499348109517601,,2016-03-31
300003,2016-03-31,16.25031588,0.1015,160.10163428571425,0.538316878232252,0.46168312176774795,,2016-04-27
300003,2016-06-30,16.05380832,0.219,73.30506082191782,0.5744034707158352,0.4255965292841648,,2016-08-27
300003,2016-09-30,16.29144693,0.3136,51.949766996173466,0.5398009950248757,0.46019900497512434,,2016-10-29
300003,2016-12-31,,0.3913,,,,,2017-03-31
300003,2017-03-31,15.25287819,0.1309,116.5231336134454,0.627520759193357,0.37247924080664296,,2017-04-27
300003,2017-06-30,19.55384079,0.2788,70.13572736728838,0.486321094312455,0.513678905687545,,2017-08-29
300003,2017-09-30,,0.4151,,,,,2017-10-27
300003,2017-12-31,,0.5053,,,,,2018-03-13
300003,2018-03-31,,0.1702,,,,,2018-04-27
300003,2018-06-30,,0.4545,,,,,2018-08-14
300003,2018-09-30,,0.6418,,,,,2018-10-27
300004,2015-06-30,33.853732,0.07,483.62474285714285,0.12333179935572941,0.8766682006442705,,2015-08-26
300004,2015-09-30,18.60562584,0.12,155.04688199999998,0.1692876965772433,0.8307123034227567,,2015-10-30
300004,2015-12-31,26.49831768,0.09,294.425752,0.10039113428943937,0.8996088657105606,,2016-04-26
300004,2016-03-31,16.06441824,0.03,535.480608,0.21250587682181477,0.7874941231781852,,2016-04-26
300004,2016-06-30,19.5324192,0.05,390.64838399999996,0.1266811279826464,0.8733188720173536,,2016-08-20
300004,2016-09-30,17.1984691,0.04,429.9617275,0.06840796019900497,0.931592039800995,,2016-10-25
300004,2016-12-31,,0.18,,,,,2017-04-21
300004,2017-03-31,13.6350022,-0.04,,,,,2017-04-21
300004,2017-06-30,11.9880217,0.19,63.094851052631576,0.5359971202303816,0.4640028797696184,,2017-08-26
300004,2017-09-30,,0.26,,,,,2017-10-28
300004,2017-12-31,,0.06,,,,,2018-04-25
300004,2018-03-31,,-0.03,,,,,2018-04-27
300004,2018-06-30,,-0.03,,,,,2018-08-28
300004,2018-09-30,,0.03,,,,,2018-10-27
300005,2015-06-30,17.4697742,0.2414,72.3685758077879,0.6092959042797975,0.3907040957202025,,2015-08-15
300005,2015-09-30,11.13082,0.2851,39.04180989126622,0.5772432932469935,0.4227567067530065,,2015-10-21
300005,2015-12-31,14.73386,0.5139,28.670675228643702,0.7127335940895263,0.2872664059104737,,2016-04-26
300005,2016-03-31,11.503992,0.1397,82.34783106657123,0.7489421720733427,0.2510578279266573,,2016-04-26
300005,2016-06-30,10.96997,0.1145,95.8075982532751,0.4672451193058568,0.5327548806941431,,2016-08-20
300005,2016-09-30,9.921228,0.1185,83.72344303797468,0.36276948590381425,0.6372305140961858,,2016-10-26
300005,2016-12-31,,0.1969,,,,,2017-04-27
300005,2017-03-31,8.956128,0.0563,159.07865008880992,0.5191775405298537,0.48082245947014635,,2017-04-27
300005,2017-06-30,7.72903496,0.0886,87.23515756207675,0.38876889848812096,0.611231101511879,,2017-08-17
300005,2017-09-30,,0.0911,,,,,2017-10-28
300005,2017-12-31,,-0.0952,,,,,2018-04-25
300005,2018-03-31,,0.0249,,,,,2018-04-25
300005,2018-06-30,,0.0271,,,,,2018-08-15
300005,2018-09-30,,0.0284,,,,,2018-10-26
300008,2015-06-30,6.80950692,0.083,82.04225204819276,0.5692590888173032,0.43074091118269675,,2015-08-26
300008,2015-09-30,4.83854175,0.125,38.708334,0.580018501387604,0.419981498612396,,2015-10-26
300008,2015-12-31,10.5065478,0.222,47.326791891891894,0.5388961321164711,0.46110386788352886,,2016-03-26
300008,2016-03-31,9.84297636,0.0309,318.54292427184464,0.32863187588152326,0.6713681241184768,,2016-04-27
300008,2016-06-30,13.1529339,0.344,38.23527296511629,0.7809110629067245,0.21908893709327548,,2016-08-27
300008,2016-09-30,10.28930715,0.3671,28.02862203759194,0.7657545605306799,0.23424543946932008,,2016-10-26
300008,2016-12-31,,0.1774,,,,,2017-03-29
300008,2017-03-31,10.95682842,0.0248,441.8075975806452,0.21431395808620007,0.7856860419137999,,2017-04-26
300008,2017-06-30,8.20401367,0.0903,90.85286456256921,0.37113030957523396,0.628869690424766,,2017-08-28
300008,2017-09-30,,0.1493,,,,,2017-10-28
300008,2017-12-31,,0.171,,,,,2018-04-21
300008,2018-03-31,,0.0068,,,,,2018-04-26
300008,2018-06-30,,0.0436,,,,,2018-08-30
300008,2018-09-30,,-1.3793,,,,,2018-10-30
300009,2015-06-30,6.10050741,0.12,50.83756175,0.7243442245743212,0.27565577542567876,,2015-08-12
300009,2015-09-30,4.94801289,0.22,22.490967681818184,0.7779833487511564,0.22201665124884362,,2015-10-26
300009,2015-12-31,9.81889032,0.27,36.36626044444444,0.631464580617123,0.36853541938287704,,2016-03-03
300009,2016-03-31,6.72666585,0.07,96.09522642857142,0.7070992007522332,0.2929007992477668,,2016-04-27
300009,2016-06-30,8.84779668,0.12,73.731639,0.5718004338394794,0.4281995661605206,,2016-08-23
300009,2016-09-30,7.6100527,0.2,38.0502635,0.6687396351575456,0.33126036484245436,,2016-10-26
300009,2016-12-31,,0.2818,,,,,2017-03-29
300009,2017-03-31,5.94886999,0.0663,89.72654585218704,0.719256623171214,0.28074337682878603,,2017-04-27
300009,2017-06-30,6.36427389,0.12,53.03561575,0.6112311015118791,0.3887688984881209,,2017-08-23
300009,2017-09-30,,0.19,,,,,2017-10-26
300009,2017-12-31,,0.28,,,,,2018-03-28
300009,2018-03-31,,0.06,,,,,2018-04-26
300009,2018-06-30,,0.13,,,,,2018-08-24
300009,2018-09-30,,0.23,,,,,2018-10-30
300011,2015-06-30,35.15732528,0.1792,196.19043125000002,0.28762080073630925,0.7123791992636908,,2015-08-25
300011,2015-09-30,25.71785144,0.2769,92.87775890213074,0.28538390379278444,0.7146160962072156,,2015-10-29
300011,2015-12-31,29.5790032,0.501,59.03992654690619,0.4611038678835289,0.5388961321164711,,2016-04-09
300011,2016-03-31,19.61345984,-0.0078,,,,,2016-04-16
300011,2016-06-30,23.35602968,0.0152,1536.5809,0.02386117136659436,0.9761388286334056,,2016-08-26
300011,2016-09-30,19.39535656,0.1178,164.64649032258063,0.18739635157545606,0.8126036484245439,,2016-10-20
300011,2016-12-31,,0.2104,,,,,2017-04-20
300011,2017-03-31,19.1067648,0.0076,2514.0480000000002,0.03044681692368525,0.9695531830763148,,2017-04-27
300011,2017-06-30,15.95,0.016,996.8749999999999,0.03023758099352052,0.9697624190064795,,2017-08-29
300011,2017-09-30,,0.0383,,,,,2017-10-30
300011,2017-12-31,,0.1359,,,,,2018-04-24
300011,2018-03-31,,-0.0035,,,,,2018-04-27
300011,2018-06-30,,0.0513,,,,,2018-08-08
300011,2018-09-30,,0.0559,,,,,2018-10-30
300012,2015-06-30,10.19441058,0.0513,198.7214538011696,0.28209848136217214,0.7179015186378279,,2015-08-26
300012,2015-09-30,4.2486573,0.0977,43.486768679631524,0.5328399629972248,0.4671600370027752,,2015-10-27
300012,2015-12-31,5.82030546,0.24,24.251272750000002,0.7687961755758366,0.23120382442416343,,2016-04-13
300012,2016-03-31,4.99187646,-0.0105,,,,,2016-04-26
300012,2016-06-30,5.88659096,0.0105,560.6277104761905,0.08980477223427331,0.9101952277657267,,2016-08-27
300012,2016-09-30,6.419142,0.0492,130.47036585365854,0.23880597014925373,0.7611940298507462,,2016-10-29
300012,2016-12-31,,0.08,,,,,2017-04-28
300012,2017-03-31,4.55996828,0.0023,1982.594904347826,0.03795966785290629,0.9620403321470937,,2017-04-28
300012,2017-06-30,4.42091383,0.0239,184.9754740585774,0.17242620590352772,0.8275737940964722,,2017-08-12
300012,2017-09-30,,0.06,,,,,2017-10-28
300012,2017-12-31,,0.08,,,,,2018-04-27
300012,2018-03-31,,-0.0146,,,,,2018-04-27
300012,2018-06-30,,0.0308,,,,,2018-08-21
300012,2018-09-30,,0.0974,,,,,2018-10-24
300013,2015-06-30,17.11560189,0.01,1711.560189,0.03681546249424758,0.9631845375057524,,2015-08-26
300013,2015-09-30,9.82941552,0.005,1965.8831039999998,0.012488436632747455,0.9875115633672525,,2015-10-27
300013,2015-12-31,13.23139737,-0.52,,,,,2016-04-30
300013,2016-03-31,9.96153132,0.02,498.076566,0.22755054066760697,0.7724494593323931,,2016-04-30
300013,2016-06-30,11.85739305,0.016,741.087065625,0.06420824295010846,0.9357917570498915,,2016-08-20
300013,2016-09-30,9.91529079,0.082,120.91818036585366,0.25912106135986734,0.7408789386401327,,2016-10-28
300013,2016-12-31,,0.2,,,,,2017-04-26
300013,2017-03-31,8.81872965,0.041,215.09096707317073,0.4191379992091736,0.5808620007908264,,2017-04-26
300013,2017-06-30,11.0125932,0.117,94.12472820512819,0.36069114470842334,0.6393088552915767,,2017-08-25
300013,2017-09-30,,0.239,,,,,2017-10-27
300013,2017-12-31,,0.48,,,,,2018-04-27
300013,2018-03-31,,0.02,,,,,2018-04-27
300013,2018-06-30,,0.101,,,,,2018-08-09
300013,2018-09-30,,0.126,,,,,2018-10-27
300015,2015-06-30,3.57782756,0.2057,17.393425182304327,0.9595029912563277,0.04049700874367235,,2015-08-20
300015,2015-09-30,3.06544184,0.3645,8.40999133058985,0.9662349676225717,0.03376503237742834,,2015-10-23
300015,2015-12-31,3.50241148,0.44,7.960026090909091,0.970013037809648,0.029986962190352018,,2016-03-29
300015,2016-03-31,3.30943504,0.12,27.578625333333335,0.9600376116596144,0.03996238834038557,,2016-04-21
300015,2016-06-30,4.05139618,0.1815,22.321742038567496,0.9101952277657267,0.0898047722342733,,2016-08-20
300015,2016-09-30,3.90814344,0.3116,12.542180487804877,0.9469320066334992,0.05306799336650081,,2016-10-25
300015,2016-12-31,,0.369,,,,,2017-04-06
300015,2017-03-31,3.37938147,0.1026,32.93744122807018,0.9450375642546461,0.054962435745353866,,2017-04-25
300015,2017-06-30,3.92091494,0.1566,25.037771008939977,0.8855291576673866,0.1144708423326134,,2017-08-26
300015,2017-09-30,,0.2735,,,,,2017-10-24
300015,2017-12-31,,0.3231,,,,,2018-04-21
300015,2018-03-31,,0.091,,,,,2018-04-25
300015,2018-06-30,,0.1661,,,,,2018-08-25
300015,2018-09-30,,0.2917,,,,,2018-10-27
300017,2015-06-30,13.99915792,0.4615,30.334036663055254,0.8752876208007363,0.1247123791992637,,2015-07-25
300017,2015-09-30,15.89607096,0.7988,19.899938607911867,0.8145235892691952,0.18547641073080479,,2015-10-27
300017,2015-12-31,18.09154424,1.187,15.241402055602359,0.8826597131681877,0.1173402868318123,,2016-03-22
300017,2016-03-31,17.61505416,0.3414,51.59652653778559,0.8702397743300423,0.1297602256699577,,2016-04-27
300017,2016-06-30,20.3304864,0.249,81.64853975903615,0.5245119305856834,0.47548806941431665,,2016-07-29
300017,2016-09-30,21.1170826,0.387,54.56610490956072,0.5219734660033167,0.47802653399668327,,2016-10-28
300017,2016-12-31,,0.53,,,,,2017-03-14
300017,2017-03-31,12.2527485,0.0817,149.97244186046512,0.5373665480427047,0.4626334519572953,,2017-04-27
300017,2017-06-30,11.00645195,0.1729,63.6579060150376,0.5320374370050396,0.4679625629949604,,2017-08-23
300017,2017-09-30,,0.2377,,,,,2017-10-28
300017,2017-12-31,,0.34,,,,,2018-04-14
300017,2018-03-31,,0.0897,,,,,2018-04-26
300017,2018-06-30,,0.185,,,,,2018-08-24
300017,2018-09-30,,0.2524,,,,,2018-10-30
300022,2015-06-30,13.21,0.0033,4003.0303030303035,0.013805798435342844,0.9861942015646572,,2015-08-26
300022,2015-09-30,7.24,0.0146,495.8904109589041,0.04671600370027752,0.9532839962997225,,2015-10-27
300022,2015-12-31,10.97,0.0351,312.5356125356126,0.09430682312038244,0.9056931768796176,,2016-04-26
300022,2016-03-31,7.7,0.0019,4052.6315789473683,0.023977433004231313,0.9760225669957687,,2016-04-27
300022,2016-06-30,8.19,0.0628,130.4140127388535,0.3596529284164859,0.6403470715835141,,2016-08-26
300022,2016-09-30,8.65,0.0551,156.98729582577133,0.1956882255389718,0.8043117744610282,,2016-10-29
300022,2016-12-31,,0.0309,,,,,2017-04-26
300022,2017-03-31,8.27,0.0014,5907.142857142857,0.011071569790431,0.988928430209569,,2017-04-26
300022,2017-06-30,6.72,-0.0449,,,,,2017-08-29
300022,2017-09-30,,-0.0267,,,,,2017-10-30
300022,2017-12-31,,-0.1175,,,,,2018-04-27
300022,2018-03-31,,0.0012,,,,,2018-04-27
300022,2018-06-30,,0.0058,,,,,2018-08-30
300022,2018-09-30,,0.006,,,,,2018-10-30
300024,2015-06-30,34.95960918,0.1,349.5960918,0.17073170731707318,0.8292682926829268,,2015-08-26
300024,2015-09-30,25.6563531,0.15,171.04235400000002,0.1549491211840888,0.8450508788159112,,2015-10-27
300024,2015-12-31,30.9957705,0.2531,122.46452192809166,0.23641894828335505,0.7635810517166449,,2016-03-10
300024,2016-03-31,25.58847915,0.0347,737.4201484149856,0.15843911612599906,0.841560883874001,,2016-04-23
300024,2016-06-30,25.3196697,0.11,230.17881545454543,0.2121475054229935,0.7878524945770065,,2016-08-26
300024,2016-09-30,23.4747942,0.16,146.71746375,0.21144278606965175,0.7885572139303483,,2016-10-27
300024,2016-12-31,,0.2633,,,,,2017-03-10
300024,2017-03-31,21.5501403,0.0371,580.8663153638813,0.1652827204428628,0.8347172795571371,,2017-04-22
300024,2017-06-30,19.445985,0.11,176.78168181818182,0.17926565874730022,0.8207343412526997,,2017-08-15
300024,2017-09-30,,0.18,,,,,2017-10-24
300024,2017-12-31,,0.2771,,,,,2018-03-23
300024,2018-03-31,,0.039,,,,,2018-04-20
300024,2018-06-30,,0.1364,,,,,2018-08-21
300024,2018-09-30,,0.211,,,,,2018-10-26
300025,2015-06-30,12.32149765,0.06,205.35829416666667,0.2774965485503912,0.7225034514496088,,2015-08-20
300025,2015-09-30,7.40085115,0.11,67.280465,0.3755781683626272,0.6244218316373729,,2015-10-24
300025,2015-12-31,14.98560525,0.25,59.942421,0.4493698392003477,0.5506301607996523,,2016-03-17
300025,2016-03-31,14.98560525,0.01,1498.560525,0.07381288199341796,0.926187118006582,,2016-04-23
300025,2016-06-30,14.28655482,0.07,204.09364028571426,0.23904555314533624,0.7609544468546637,,2016-08-18
300025,2016-09-30,13.66886556,0.08,170.8608195,0.17537313432835822,0.8246268656716418,,2016-10-28
300025,2016-12-31,,0.17,,,,,2017-04-20
300025,2017-03-31,10.40109012,0.01,1040.109012,0.08620007908264136,0.9137999209173586,,2017-04-20
300025,2017-06-30,7.84066851,0.06,130.67780850000003,0.25125989920806335,0.7487401007919366,,2017-08-26
300025,2017-09-30,,0.051,,,,,2017-10-27
300025,2017-12-31,,-0.3114,,,,,2018-04-24
300025,2018-03-31,,-0.0296,,,,,2018-04-24
300025,2018-06-30,,-0.07,,,,,2018-08-30
300025,2018-09-30,,-0.0844,,,,,2018-10-29
300026,2015-06-30,6.97343196,0.28,24.90511414285714,0.9134836631385181,0.08651633686148186,,2015-08-18
300026,2015-09-30,5.07158688,0.49,10.350177306122449,0.9412580943570767,0.05874190564292325,,2015-10-27
300026,2015-12-31,6.5570149,0.2,32.7850745,0.6701434159061278,0.3298565840938722,,2016-03-23
300026,2016-03-31,4.62409392,0.04,115.60234799999999,0.6459802538787024,0.3540197461212976,,2016-04-27
300026,2016-06-30,5.4272451,0.1,54.272451000000004,0.6811279826464208,0.3188720173535792,,2016-08-26
300026,2016-09-30,5.804874,0.16,36.2804625,0.6878109452736318,0.31218905472636815,,2016-10-25
300026,2016-12-31,,0.22,,,,,2017-03-28
300026,2017-03-31,4.91542275,0.04,122.88556875,0.6045867931988929,0.39541320680110714,,2017-04-26
300026,2017-06-30,4.43039556,0.09,49.22661733333334,0.6511879049676026,0.3488120950323974,,2017-08-25
300026,2017-09-30,,0.15,,,,,2017-10-30
300026,2017-12-31,,0.15,,,,,2018-03-30
300026,2018-03-31,,0.06,,,,,2018-04-20
300026,2018-06-30,,0.1148,,,,,2018-08-21
300026,2018-09-30,,0.15,,,,,2018-10-30
300030,2015-06-30,27.0020776,0.06,450.03462666666667,0.13437643810400368,0.8656235618959963,,2015-08-04
300030,2015-09-30,18.5873848,0.1,185.87384799999998,0.14246068455134134,0.8575393154486587,,2015-10-24
300030,2015-12-31,19.3182384,0.13,148.60183384615382,0.19730551933941765,0.8026944806605824,,2016-04-26
300030,2016-03-31,14.172634,0.02,708.6317,0.16408086506817113,0.8359191349318289,,2016-04-26
300030,2016-06-30,15.7627344,0.05,315.254688,0.15531453362255965,0.8446854663774404,,2016-08-26
300030,2016-09-30,15.83300945,0.07,226.18584928571428,0.13142620232172472,0.8685737976782753,,2016-10-29
300030,2016-12-31,,0.1,,,,,2017-03-30
300030,2017-03-31,12.51015425,0.02,625.5077124999999,0.15302491103202848,0.8469750889679715,,2017-04-27
300030,2017-06-30,11.4915409,0.04,287.2885225,0.11159107271418287,0.8884089272858171,,2017-08-26
300030,2017-09-30,,0.05,,,,,2017-10-30
300030,2017-12-31,,0.04,,,,,2018-04-25
300030,2018-03-31,,0.01,,,,,2018-04-25
300030,2018-06-30,,0.04,,,,,2018-08-28
300030,2018-09-30,,0.05,,,,,2018-10-25
300032,2015-06-30,33.8604552,0.3004,112.71789347536617,0.4578923147722043,0.5421076852277957,,2015-08-21
300032,2015-09-30,22.6722978,0.4739,47.84194513610466,0.49167437557816834,0.5083256244218317,,2015-10-28
300032,2015-12-31,29.992944,0.48,62.4853,0.43068231203824425,0.5693176879617557,,2016-04-19
300032,2016-03-31,20.8668015,0.126,165.60953571428573,0.5275035260930888,0.4724964739069112,,2016-04-27
300032,2016-06-30,19.9513404,0.1829,109.08332640787314,0.4195227765726681,0.5804772234273319,,2016-08-20
300032,2016-09-30,17.04301068,0.2004,85.04496347305388,0.3561359867330017,0.6438640132669984,,2016-10-28
300032,2016-12-31,,0.19,,,,,2017-04-26
300032,2017-03-31,14.68061316,0.0203,723.1829142857143,0.13444049031237643,0.8655595096876236,,2017-04-27
300032,2017-06-30,13.95,0.2826,49.36305732484076,0.650467962562995,0.349532037437005,,2017-08-26
300032,2017-09-30,,0.3791,,,,,2017-10-27
300032,2017-12-31,,-0.52,,,,,2018-04-20
300032,2018-03-31,,-0.0261,,,,,2018-04-27
300032,2018-06-30,,-0.5609,,,,,2018-08-10
300032,2018-09-30,,-1.9354,,,,,2018-10-30
300033,2015-06-30,53.11542107,0.42,126.46528826190476,0.42291762540266914,0.5770823745973308,,2015-08-26
300033,2015-09-30,24.40505043,0.91,26.818736736263734,0.7113783533765032,0.28862164662349676,,2015-10-22
300033,2015-12-31,43.88708765,1.78,24.655667219101122,0.7631464580617123,0.23685354193828767,,2016-02-05
300033,2016-03-31,48.228873,0.27,178.62545555555553,0.5044663845792196,0.49553361542078045,,2016-04-22
300033,2016-06-30,51.01612605,0.68,75.02371477941176,0.5631236442516269,0.43687635574837314,,2016-08-23
300033,2016-09-30,39.79195197,1.34,29.695486544776116,0.7479270315091211,0.2520729684908789,,2016-10-26
300033,2016-12-31,,2.25,,,,,2017-02-10
300033,2017-03-31,40.21852032,0.19,211.6764227368421,0.42427837089758796,0.5757216291024121,,2017-04-27
300033,2017-06-30,39.48854402,0.53,74.50668683018867,0.4607631389488841,0.5392368610511159,,2017-08-21
300033,2017-09-30,,0.88,,,,,2017-10-30
300033,2017-12-31,,1.35,,,,,2018-02-28
300033,2018-03-31,,0.14,,,,,2018-04-26
300033,2018-06-30,,0.36,,,,,2018-08-21
300033,2018-09-30,,0.59,,,,,2018-10-26
300034,2015-06-30,16.11111138,0.1321,121.9614790310371,0.42982052462034054,0.5701794753796594,,2015-07-31
300034,2015-09-30,10.45474486,0.1613,64.81552920024798,0.38806660499537465,0.6119333950046253,,2015-10-24
300034,2015-12-31,11.8938044,0.2992,39.75202005347593,0.5993046501521078,0.40069534984789223,,2016-03-23
300034,2016-03-31,10.13243184,0.0502,201.84127171314742,0.459802538787024,0.5401974612129761,,2016-04-12
300034,2016-06-30,13.0762385,0.1112,117.59207284172663,0.3926247288503254,0.6073752711496746,,2016-08-22
300034,2016-09-30,12.30113115,0.1621,75.88606508328192,0.39800995024875624,0.6019900497512438,,2016-10-26
300034,2016-12-31,,0.2294,,,,,2017-03-23
300034,2017-03-31,12.53780515,0.0459,273.1547962962963,0.34954527481217873,0.6504547251878212,,2017-04-25
300034,2017-06-30,9.39080799,0.0915,102.63178131147542,0.33117350611951046,0.6688264938804895,,2017-08-18
300034,2017-09-30,,0.1019,,,,,2017-10-27
300034,2017-12-31,,0.1381,,,,,2018-03-23
300034,2018-03-31,,0.0483,,,,,2018-04-25
300034,2018-06-30,,0.1098,,,,,2018-07-20
300034,2018-09-30,,0.1599,,,,,2018-10-19
300035,2015-06-30,7.75781944,0.07,110.82599199999999,0.4634146341463415,0.5365853658536586,,2015-08-26
300035,2015-09-30,3.90588561,0.07,55.79836585714285,0.44264569842738205,0.5573543015726179,,2015-10-27
300035,2015-12-31,7.2364509,0.07,103.37787,0.2803129074315515,0.7196870925684484,,2016-04-23
300035,2016-03-31,5.843097,0.0229,255.15707423580787,0.3939821344616831,0.6060178655383168,,2016-04-23
300035,2016-06-30,6.27458752,0.07,89.63696457142856,0.4898047722342733,0.5101952277657267,,2016-08-27
300035,2016-09-30,7.41459252,0.09,82.38436133333335,0.3714759535655058,0.6285240464344942,,2016-10-22
300035,2016-12-31,,0.0971,,,,,2017-03-31
300035,2017-03-31,6.96315054,0.0447,155.77517986577183,0.5282720442862792,0.47172795571372084,,2017-04-27
300035,2017-06-30,7.5299288,0.0556,135.43037410071943,0.24046076313894887,0.7595392368610512,,2017-08-19
300035,2017-09-30,,0.0789,,,,,2017-10-28
300035,2017-12-31,,0.0924,,,,,2018-04-24
300035,2018-03-31,,0.0546,,,,,2018-04-24
300035,2018-06-30,,0.0977,,,,,2018-08-28
300035,2018-09-30,,0.14,,,,,2018-10-30
300036,2015-06-30,17.74395,0.01,1774.3950000000002,0.035895075931891396,0.9641049240681085,,2015-08-18
300036,2015-09-30,12.51945,0.025,500.778,0.045328399629972246,0.9546716003700277,,2015-10-24
300036,2015-12-31,18.8710875,0.24,78.62953125000001,0.36114732724902215,0.6388526727509778,,2016-03-22
300036,2016-03-31,20.1481875,0.0045,4477.375,0.018335684062059238,0.9816643159379408,,2016-04-23
300036,2016-06-30,23.7616925,0.027,880.0626851851852,0.051626898047722344,0.9483731019522776,,2016-08-23
300036,2016-09-30,19.38760135,0.08,242.345016875,0.12313432835820895,0.8768656716417911,,2016-10-28
300036,2016-12-31,,0.31,,,,,2017-03-24
300036,2017-03-31,16.4683077,0.02,823.415385,0.11783313562672994,0.8821668643732701,,2017-04-26
300036,2017-06-30,15.9144033,0.058,274.3862637931034,0.11627069834413246,0.8837293016558675,,2017-08-22
300036,2017-09-30,,0.16,,,,,2017-10-28
300036,2017-12-31,,0.44,,,,,2018-03-29
300036,2018-03-31,,0.028,,,,,2018-04-14
300036,2018-06-30,,0.088,,,,,2018-08-16
300036,2018-09-30,,0.24,,,,,2018-10-18
300037,2015-06-30,9.60756869,0.24,40.031536208333335,0.8062586286240221,0.1937413713759779,,2015-08-07
300037,2015-09-30,6.5021173,0.45,14.449149555555556,0.8913043478260869,0.10869565217391308,,2015-10-24
300037,2015-12-31,14.6862495,0.72,20.39756875,0.8196436332029552,0.1803563667970448,,2016-03-22
300037,2016-03-31,11.22682184,0.29,38.71317875862069,0.924776680771039,0.07522331922896097,,2016-04-20
300037,2016-06-30,16.46477754,0.68,24.212908147058823,0.8915401301518439,0.10845986984815614,,2016-08-02
300037,2016-09-30,13.74716738,1.03,13.346764446601942,0.9398839137645107,0.06011608623548925,,2016-10-26
300037,2016-12-31,,0.7,,,,,2017-03-28
300037,2017-03-31,12.89601996,0.18,71.64455533333334,0.7916172400158166,0.20838275998418343,,2017-04-20
300037,2017-06-30,11.73664434,0.34,34.51954217647059,0.7919366450683946,0.20806335493160544,,2017-08-08
300037,2017-09-30,,0.54,,,,,2017-10-24
300037,2017-12-31,,0.75,,,,,2018-03-27
300037,2018-03-31,,0.14,,,,,2018-04-18
300037,2018-06-30,,0.32,,,,,2018-07-31
300037,2018-09-30,,0.56,,,,,2018-10-24
300039,2015-06-30,10.1902571,0.2283,44.63537932544897,0.771744132535665,0.22825586746433502,,2015-08-19
300039,2015-09-30,7.22164844,0.3061,23.59244835021235,0.7590194264569843,0.24098057354301572,,2015-10-23
300039,2015-12-31,9.08276292,0.3385,26.832386765140324,0.7340286831812256,0.2659713168187744,,2016-03-30
300039,2016-03-31,6.70394406,0.1008,66.50738154761905,0.8114715561824165,0.1885284438175835,,2016-04-26
300039,2016-06-30,6.73361802,0.1771,38.02155855448898,0.7839479392624729,0.21605206073752714,,2016-08-08
300039,2016-09-30,7.09115526,0.2407,29.46055363523058,0.7516583747927031,0.24834162520729686,,2016-10-26
300039,2016-12-31,,0.2634,,,,,2017-02-28
300039,2017-03-31,6.76010226,0.0846,79.90664609929078,0.7587979438513246,0.2412020561486754,,2017-04-21
300039,2017-06-30,6.26071317,0.1815,34.49428743801653,0.7926565874730022,0.20734341252699784,,2017-08-18
300039,2017-09-30,,0.2469,,,,,2017-10-25
300039,2017-12-31,,0.2541,,,,,2018-04-19
300039,2018-03-31,,0.0931,,,,,2018-04-20
300039,2018-06-30,,0.1717,,,,,2018-08-09
300039,2018-09-30,,0.2239,,,,,2018-10-26
300040,2015-06-30,8.54690882,-0.06,,,,,2015-08-26
300040,2015-09-30,5.39630951,-0.0989,,,,,2015-10-27
300040,2015-12-31,8.98944583,0.07,128.4206547142857,0.22381573229030857,0.7761842677096914,,2016-04-21
300040,2016-03-31,6.60503,0.03,220.1676666666667,0.43535496003761165,0.5646450399623884,,2016-04-27
300040,2016-06-30,9.06870619,0.07,129.55294557142855,0.361822125813449,0.6381778741865509,,2016-08-27
300040,2016-09-30,7.62880965,0.12,63.57341375,0.4635157545605307,0.5364842454394694,,2016-10-28
300040,2016-12-31,,0.39,,,,,2017-04-25
300040,2017-03-31,8.18363217,0.07,116.90903099999998,0.6263345195729537,0.3736654804270463,,2017-04-27
300040,2017-06-30,6.69750042,0.23,29.11956704347826,0.843772498200144,0.156227501799856,,2017-08-26
300040,2017-09-30,,0.29,,,,,2017-10-28
300040,2017-12-31,,0.29,,,,,2018-04-23
300040,2018-03-31,,0.07,,,,,2018-04-27
300040,2018-06-30,,0.15,,,,,2018-08-21
300040,2018-09-30,,0.16,,,,,2018-10-27
300043,2015-06-30,14.33458002,0.14,102.38985728571429,0.490105844454671,0.509894155545329,,2015-08-18
300043,2015-09-30,13.36047798,0.2,66.8023899,0.379740980573543,0.620259019426457,,2015-10-23
300043,2015-12-31,15.0890316,0.28,53.889398571428565,0.49500217296827465,0.5049978270317254,,2016-04-23
300043,2016-03-31,15.0890316,0.18,83.82795333333334,0.7442407146215326,0.25575928537846737,,2016-04-23
300043,2016-06-30,13.53237834,0.22,61.51081063636363,0.6351409978308026,0.3648590021691974,,2016-08-27
300043,2016-09-30,11.14487334,0.3,37.1495778,0.6807628524046434,0.3192371475953566,,2016-10-29
300043,2016-12-31,,0.37,,,,,2017-04-06
300043,2017-03-31,8.67141816,0.09,96.34909066666667,0.6951364175563464,0.30486358244365364,,2017-04-26
300043,2017-06-30,7.90026133,0.13,60.771240999999996,0.5554355651547876,0.44456443484521235,,2017-08-25
300043,2017-09-30,,0.2,,,,,2017-10-24
300043,2017-12-31,,0.18,,,,,2018-04-28
300043,2018-03-31,,0.02,,,,,2018-04-28
300043,2018-06-30,,0.11,,,,,2018-08-07
300043,2018-09-30,,0.17,,,,,2018-10-27
300045,2015-06-30,18.27319382,0.019,961.7470431578947,0.06396686608375518,0.9360331339162449,,2015-08-05
300045,2015-09-30,14.25667026,0.04,356.41675649999996,0.07076780758556891,0.9292321924144311,,2015-10-23
300045,2015-12-31,24.31786294,0.06,405.2977156666667,0.06996957844415472,0.9300304215558453,,2016-03-19
300045,2016-03-31,17.7959831,0.01,1779.59831,0.06064880112834979,0.9393511988716502,,2016-04-27
300045,2016-06-30,19.03871935,0.026,732.2584365384616,0.06550976138828633,0.9344902386117137,,2016-08-06
300045,2016-09-30,15.81754699,0.0426,371.30391995305166,0.08084577114427861,0.9191542288557214,,2016-10-20
300045,2016-12-31,,0.09,,,,,2017-03-25
300045,2017-03-31,13.15312047,0.015,876.874698,0.10873863187030447,0.8912613681296955,,2017-04-25
300045,2017-06-30,10.148898,0.0357,284.28285714285715,0.11339092872570194,0.886609071274298,,2017-08-12
300045,2017-09-30,,0.0493,,,,,2017-10-21
300045,2017-12-31,,0.147,,,,,2018-04-20
300045,2018-03-31,,-0.0148,,,,,2018-04-26
300045,2018-06-30,,0.0107,,,,,2018-08-18
300045,2018-09-30,,0.0797,,,,,2018-10-20
300047,2015-06-30,21.8896704,-0.0086,,,,,2015-08-12
300047,2015-09-30,7.809024,0.0386,202.3063212435233,0.12858464384828863,0.8714153561517114,,2015-10-27
300047,2015-12-31,17.753328,0.2,88.76664,0.32333767926988266,0.6766623207301173,,2016-03-31
300047,2016-03-31,11.2803792,-0.0364,,,,,2016-04-18
300047,2016-06-30,12.1851408,0.0086,1416.8768372093023,0.025596529284164858,0.9744034707158351,,2016-08-18
300047,2016-09-30,12.1546016,0.0724,167.88123756906074,0.18034825870646767,0.8196517412935324,,2016-10-28
300047,2016-12-31,,0.34,,,,,2017-04-21
300047,2017-03-31,8.8258288,0.0035,2521.6653714285712,0.02965599051008304,0.970344009489917,,2017-04-21
300047,2017-06-30,7.7265253,0.0313,246.85384345047922,0.1259899208063355,0.8740100791936645,,2017-08-11
300047,2017-09-30,,0.0925,,,,,2017-10-27
300047,2017-12-31,,0.42,,,,,2018-03-28
300047,2018-03-31,,0.0128,,,,,2018-04-26
300047,2018-06-30,,0.06,,,,,2018-08-13
300047,2018-09-30,,0.1958,,,,,2018-10-23
300048,2015-06-30,7.49418645,0.03,249.806215,0.2305568338702255,0.7694431661297745,,2015-08-26
300048,2015-09-30,3.68549235,0.04,92.13730875,0.288159111933395,0.711840888066605,,2015-10-27
300048,2015-12-31,7.45898595,0.08,93.237324375,0.3068231203824424,0.6931768796175576,,2016-04-26
300048,2016-03-31,5.1181527,0.08,63.97690875000001,0.8199341795956746,0.1800658204043254,,2016-04-26
300048,2016-06-30,8.2966212,0.09,92.18468000000001,0.4793926247288503,0.5206073752711498,,2016-08-20
300048,2016-09-30,6.5752134,0.1309,50.2308128342246,0.5543117744610282,0.4456882255389718,,2016-10-28
300048,2016-12-31,,0.16,,,,,2017-04-19
300048,2017-03-31,5.58046545,0.0145,384.8596862068965,0.24555160142348753,0.7544483985765125,,2017-04-28
300048,2017-06-30,5.21428425,0.04,130.35710625000002,0.2523398128149748,0.7476601871850252,,2017-08-29
300048,2017-09-30,,0.0455,,,,,2017-10-30
300048,2017-12-31,,0.06,,,,,2018-04-25
300048,2018-03-31,,0.006,,,,,2018-04-27
300048,2018-06-30,,0.0143,,,,,2018-08-29
300048,2018-09-30,,0.0189,,,,,2018-10-26
300049,2015-06-30,43.58611656,0.28,155.66470199999998,0.35250805338242064,0.6474919466175794,,2015-08-26
300049,2015-09-30,27.00812646,0.17,158.87133211764706,0.16651248843663274,0.8334875115633673,,2015-10-26
300049,2015-12-31,30.106146,0.35,86.01756,0.3342025206431986,0.6657974793568013,,2016-04-06
300049,2016-03-31,21.6084435,0.03,720.2814500000001,0.1622002820874471,0.8377997179125529,,2016-04-27
300049,2016-06-30,23.18944152,0.17,136.40847952941175,0.34273318872017355,0.6572668112798264,,2016-08-27
300049,2016-09-30,23.10163968,0.2,115.5081984,0.27197346600331673,0.7280265339966833,,2016-10-29
300049,2016-12-31,,0.46,,,,,2017-04-01
300049,2017-03-31,18.80910528,0.035,537.403008,0.17793594306049823,0.8220640569395018,,2017-04-27
300049,2017-06-30,16.55741577,0.16,103.48384856249999,0.32721382289416845,0.6727861771058316,,2017-08-29
300049,2017-09-30,,0.2,,,,,2017-10-30
300049,2017-12-31,,0.23,,,,,2018-04-28
300049,2018-03-31,,0.04,,,,,2018-04-28
300049,2018-06-30,,0.18,,,,,2018-08-30
300049,2018-09-30,,0.22,,,,,2018-10-30
300050,2015-06-30,14.07567524,0.09,156.39639155555557,0.35020708697653014,0.6497929130234699,,2015-08-08
300050,2015-09-30,9.4265567,0.1491,63.223049631120055,0.3963922294172063,0.6036077705827937,,2015-10-23
300050,2015-12-31,17.7179783,0.23,77.03468826086956,0.3698392003476749,0.6301607996523251,,2016-04-01
300050,2016-03-31,15.69941197,0.0482,325.71394128630703,0.3225199811941702,0.6774800188058299,,2016-04-27
300050,2016-06-30,14.28167208,0.11,129.83338254545455,0.3613882863340564,0.6386117136659436,,2016-07-29
300050,2016-09-30,14.13280128,0.17,83.13412517647059,0.36525704809286896,0.634742951907131,,2016-10-27
300050,2016-12-31,,0.24,,,,,2017-03-07
300050,2017-03-31,10.97674032,0.06,182.945672,0.4737050217477264,0.5262949782522737,,2017-04-26
300050,2017-06-30,10.03832985,0.15,66.922199,0.509719222462203,0.490280777537797,,2017-07-28
300050,2017-09-30,,0.18,,,,,2017-10-30
300050,2017-12-31,,0.21,,,,,2018-04-25
300050,2018-03-31,,0.02,,,,,2018-04-25
300050,2018-06-30,,0.05,,,,,2018-08-28
300050,2018-09-30,,0.06,,,,,2018-10-27
300052,2015-06-30,31.6901618,0.05,633.803236,0.09526000920386563,0.9047399907961344,,2015-08-12
300052,2015-09-30,21.855284,0.06,364.2547333333334,0.06799259944495838,0.9320074005550416,,2015-10-27
300052,2015-12-31,28.79930378,0.25,115.19721512,0.25206431986093003,0.74793568013907,,2016-03-25
300052,2016-03-31,26.2760119,0.01,2627.60119,0.03996238834038552,0.9600376116596144,,2016-04-27
300052,2016-06-30,21.9061914,0.03,730.2063800000001,0.06594360086767896,0.9340563991323211,,2016-08-12
300052,2016-09-30,18.8136696,0.06,313.56116000000003,0.09660033167495855,0.9033996683250415,,2016-10-28
300052,2016-12-31,,-0.14,,,,,2017-03-23
300052,2017-03-31,20.6731602,0.02,1033.65801,0.08699090549624358,0.9130090945037564,,2017-04-24
300052,2017-06-30,16.0691808,0.05,321.383616,0.09755219582433405,0.902447804175666,,2017-08-11
300052,2017-09-30,,0.07,,,,,2017-10-30
300052,2017-12-31,,0.19,,,,,2018-03-21
300052,2018-03-31,,0.06,,,,,2018-04-26
300052,2018-06-30,,0.11,,,,,2018-08-13
300052,2018-09-30,,0.13,,,,,2018-10-30
300054,2015-06-30,14.40921889,0.17,84.76011111764706,0.5591348366313852,0.4408651633686148,,2015-08-15
300054,2015-09-30,7.84326777,0.26,30.1664145,0.6734505087881592,0.32654949121184085,,2015-10-17
300054,2015-12-31,13.40367174,0.36,37.2324215,0.6223381138635375,0.37766188613646245,,2017-04-12
300054,2016-03-31,11.2512573,0.09,125.01397000000001,0.6220028208744711,0.3779971791255289,,2016-04-26
300054,2016-06-30,13.63294764,0.12,113.607897,0.4039045553145336,0.5960954446854664,,2016-08-25
300054,2016-09-30,13.31146726,0.21,63.387939333333335,0.46434494195688225,0.5356550580431177,,2016-10-18
300054,2016-12-31,,0.28,,,,,2017-04-12
300054,2017-03-31,11.23546684,0.0766,146.6771127937337,0.5456702253855279,0.4543297746144721,,2017-04-21
300054,2017-06-30,10.02931839,0.16,62.6832399375,0.5388768898488121,0.4611231101511879,,2017-08-21
300054,2017-09-30,,0.24,,,,,2017-10-26
300054,2017-12-31,,0.35,,,,,2018-04-23
300054,2018-03-31,,0.0507,,,,,2018-04-23
300054,2018-06-30,,0.14,,,,,2018-08-16
300054,2018-09-30,,0.24,,,,,2018-10-26
300055,2015-06-30,23.69976546,0.2292,103.40211806282723,0.48550391164289003,0.5144960883571099,,2015-08-18
300055,2015-09-30,16.22439504,0.3257,49.813923979121896,0.4782608695652174,0.5217391304347826,,2015-10-27
300055,2015-12-31,21.27002514,0.3945,53.916413536121674,0.4941329856584094,0.5058670143415906,,2016-04-27
300055,2016-03-31,17.95852422,0.0953,188.4420169989507,0.48566055477197934,0.5143394452280207,,2016-04-27
300055,2016-06-30,17.84095614,0.1814,98.35146714443219,0.4559652928416486,0.5440347071583513,,2016-08-24
300055,2016-09-30,18.09595034,0.2465,73.41156324543611,0.4087893864013267,0.5912106135986732,,2016-10-28
300055,2016-12-31,,0.3191,,,,,2017-04-20
300055,2017-03-31,15.67466121,0.1177,133.17469167374682,0.5776986951364176,0.4223013048635824,,2017-04-26
300055,2017-06-30,18.0468856,0.2377,75.92295161968869,0.45176385889128867,0.5482361411087113,,2017-08-17
300055,2017-09-30,,0.3421,,,,,2017-10-26
300055,2017-12-31,,0.3515,,,,,2018-04-25
300055,2018-03-31,,0.1025,,,,,2018-04-25
300055,2018-06-30,,0.1812,,,,,2018-08-17
300055,2018-09-30,,0.2769,,,,,2018-10-25
300056,2015-06-30,23.18399475,0.1,231.8399475,0.24666359871145882,0.7533364012885412,,2015-08-26
300056,2015-09-30,23.18399475,0.16,144.8999671875,0.18270120259019426,0.8172987974098057,,2015-10-17
300056,2015-12-31,21.48104532,0.21,102.290692,0.28205128205128205,0.717948717948718,,2016-03-23
300056,2016-03-31,14.37049068,0.33,43.546941454545454,0.9036201222378938,0.09637987776210621,,2017-04-29
300056,2016-06-30,18.05,0.47,38.40425531914894,0.7800433839479393,0.21995661605206074,,2016-08-26
300056,2016-09-30,18.55,0.51,36.372549019607845,0.6873963515754561,0.3126036484245439,,2016-10-28
300056,2016-12-31,,-0.31,,,,,2017-04-29
300056,2017-03-31,17.88,-0.048,,,,,2017-04-29
300056,2017-06-30,15.16,-0.16,,,,,2017-08-25
300056,2017-09-30,,-0.168,,,,,2017-10-26
300056,2017-12-31,,0.11,,,,,2018-04-03
300056,2018-03-31,,-0.1006,,,,,2018-04-26
300056,2018-06-30,,-0.09,,,,,2018-08-29
300056,2018-09-30,,-0.1,,,,,2018-10-25
300057,2015-06-30,20.87344376,0.1109,188.21860919747522,0.30326737229636447,0.6967326277036355,,2015-08-26
300057,2015-09-30,8.76748228,0.0978,89.6470580777096,0.29463459759481964,0.7053654024051803,,2015-10-27
300057,2015-12-31,14.52238452,0.1499,96.88048378919278,0.29726205997392435,0.7027379400260756,,2016-03-31
300057,2016-03-31,10.42082436,0.0603,172.81632437810944,0.5138692994828397,0.48613070051716034,,2016-04-27
300057,2016-06-30,12.86668885,0.0791,162.66357585335018,0.29587852494577005,0.70412147505423,,2016-08-26
300057,2016-09-30,11.44059764,0.1149,99.57004038294168,0.30514096185737977,0.6948590381426203,,2016-10-29
300057,2016-12-31,,0.1722,,,,,2017-04-08
300057,2017-03-31,11.79911219,0.0375,314.64299173333336,0.30604982206405695,0.693950177935943,,2017-04-26
300057,2017-06-30,9.32022278,0.1072,86.94237667910447,0.3898488120950324,0.6101511879049676,,2017-08-29
300057,2017-09-30,,0.1583,,,,,2017-10-30
300057,2017-12-31,,0.1811,,,,,2018-04-10
300057,2018-03-31,,0.0387,,,,,2018-04-26
300057,2018-06-30,,0.0786,,,,,2018-08-25
300057,2018-09-30,,0.1366,,,,,2018-10-30
300058,2015-06-30,10.82126517,0.04,270.53162925,0.21445006902899216,0.7855499309710079,,2015-08-20
300058,2015-09-30,9.7877351,0.1,97.877351,0.2682701202590194,0.7317298797409806,,2015-10-27
300058,2015-12-31,10.08205161,0.04,252.05129025000002,0.12299000434593654,0.8770099956540635,,2016-04-14
300058,2016-03-31,7.24155506,0.06,120.69258433333333,0.6299952985425482,0.3700047014574518,,2016-04-27
300058,2016-06-30,6.64607747,0.18,36.92265261111111,0.7939262472885033,0.20607375271149675,,2016-08-13
300058,2016-09-30,7.41241424,0.25,29.64965696,0.7483416252072969,0.25165837479270314,,2016-10-29
300058,2016-12-31,,0.33,,,,,2017-04-27
300058,2017-03-31,6.27786104,0.04,156.946526,0.523922499011467,0.47607750098853296,,2017-04-27
300058,2017-06-30,5.42553946,0.14,38.753853285714285,0.7534197264218863,0.24658027357811374,,2017-08-29
300058,2017-09-30,,0.13,,,,,2017-10-30
300058,2017-12-31,,0.1,,,,,2018-04-24
300058,2018-03-31,,0.07,,,,,2018-04-24
300058,2018-06-30,,0.14,,,,,2018-08-10
300058,2018-09-30,,0.19,,,,,2018-10-27
300059,2015-06-30,9.51012351,0.3418,27.823649824458748,0.8890934192360792,0.11090658076392079,,2015-08-26
300059,2015-09-30,5.42358922,0.4835,11.217351023784902,0.9310823311748381,0.06891766882516193,,2015-10-27
300059,2015-12-31,7.84295017,0.6054,12.95498871820284,0.9152542372881356,0.0847457627118644,,2016-03-19
300059,2016-03-31,6.6777377,0.0292,228.68964726027397,0.4240714621532675,0.5759285378467325,,2016-04-27
300059,2016-06-30,6.0357804,0.0832,72.5454375,0.579175704989154,0.42082429501084595,,2016-07-30
300059,2016-09-30,5.2065403,0.1395,37.32286953405018,0.6786898839137645,0.3213101160862355,,2016-10-29
300059,2016-12-31,,0.1716,,,,,2017-03-06
300059,2017-03-31,4.07279236,0.0235,173.31031319148937,0.49347568208778175,0.5065243179122183,,2017-04-27
300059,2017-06-30,3.93183816,0.0507,77.55104852071005,0.44204463642908565,0.5579553635709144,,2017-07-29
300059,2017-09-30,,0.0891,,,,,2017-10-30
300059,2017-12-31,,0.124,,,,,2018-03-17
300059,2018-03-31,,0.0585,,,,,2018-04-17
300059,2018-06-30,,0.0904,,,,,2018-08-03
300059,2018-09-30,,0.1294,,,,,2018-10-23
300061,2015-06-30,11.1021156,0.08,138.776445,0.3957662218131615,0.6042337781868385,,2015-08-20
300061,2015-09-30,7.64558064,0.14,54.61129028571428,0.45004625346901017,0.5499537465309898,,2015-10-23
300061,2015-12-31,19.06816968,0.21,90.800808,0.3155149934810952,0.6844850065189048,,2016-04-22
300061,2016-03-31,18.21357384,0.04,455.339346,0.25105782792665726,0.7489421720733427,,2016-04-26
300061,2016-06-30,22.02109924,0.11,200.19181127272728,0.24164859002169198,0.758351409978308,,2016-08-24
300061,2016-09-30,19.80677234,0.17,116.51042552941175,0.26907131011608626,0.7309286898839138,,2016-10-28
300061,2016-12-31,,0.4,,,,,2017-04-25
300061,2017-03-31,16.05005222,0.1,160.5005222,0.5144325820482404,0.4855674179517596,,2017-04-27
300061,2017-06-30,14.06479362,0.21,66.97520771428572,0.5089992800575954,0.4910007199424046,,2017-08-29
300061,2017-09-30,,0.27,,,,,2017-10-28
300061,2017-12-31,,0.44,,,,,2018-04-24
300061,2018-03-31,,0.04,,,,,2018-04-27
300061,2018-06-30,,0.15,,,,,2018-08-30
300061,2018-09-30,,0.33,,,,,2018-10-30
300063,2015-06-30,13.7149016,0.007,1959.271657142857,0.03267372296364473,0.9673262770363553,,2015-08-26
300063,2015-09-30,14.164784,0.0714,198.38633053221287,0.13182238667900092,0.8681776133209991,,2015-10-24
300063,2015-12-31,17.28901664,0.2156,80.19024415584416,0.35419382877009997,0.6458061712299,,2016-04-26
300063,2016-03-31,17.28901664,0.0972,177.87054156378602,0.5054066760695816,0.49459332393041844,,2016-04-26
300063,2016-06-30,11.89002236,0.2326,51.11789492691315,0.6967462039045553,0.30325379609544467,,2016-08-27
300063,2016-09-30,12.1176017,0.4245,28.545587043580685,0.7591210613598673,0.24087893864013266,,2016-10-29
300063,2016-12-31,,0.196,,,,,2017-04-26
300063,2017-03-31,9.93363856,0.0407,244.0697434889435,0.38236457097667065,0.6176354290233294,,2017-04-26
300063,2017-06-30,8.35,0.1028,81.22568093385213,0.4164866810655148,0.5835133189344852,,2017-08-29
300063,2017-09-30,,0.1625,,,,,2017-10-30
300063,2017-12-31,,-0.4264,,,,,2018-04-26
300063,2018-03-31,,0.0279,,,,,2018-04-27
300063,2018-06-30,,0.1032,,,,,2018-08-31
300063,2018-09-30,,0.1475,,,,,2018-10-27
300065,2015-06-30,14.03013779,0.0614,228.50387280130292,0.25172572480441785,0.7482742751955822,,2015-07-31
300065,2015-09-30,9.75678238,0.0712,137.03346039325842,0.19287696577243293,0.807123034227567,,2015-10-27
300065,2015-12-31,16.8038362,0.17,98.84609529411763,0.292916123424598,0.707083876575402,,2016-03-31
300065,2016-03-31,13.77298721,0.0475,289.95762547368423,0.3535496003761166,0.6464503996238834,,2016-04-23
300065,2016-06-30,17.02975964,0.0828,205.67342560386476,0.2368763557483731,0.7631236442516269,,2016-08-19
300065,2016-09-30,16.2020464,0.1388,116.7294409221902,0.26824212271973463,0.7317578772802653,,2016-10-29
300065,2016-12-31,,0.23,,,,,2017-04-22
300065,2017-03-31,16.95931596,0.0563,301.23118934280643,0.31791221826809013,0.6820877817319099,,2017-04-27
300065,2017-06-30,16.95931974,0.133,127.5136822556391,0.26241900647948163,0.7375809935205184,,2017-08-26
300065,2017-09-30,,0.2017,,,,,2017-10-30
300065,2017-12-31,,0.2854,,,,,2018-04-25
300065,2018-03-31,,0.0811,,,,,2018-04-26
300065,2018-06-30,,0.1645,,,,,2018-08-08
300065,2018-09-30,,0.2364,,,,,2018-10-30
300067,2015-06-30,6.8638254,0.15,45.758836,0.7634606534744592,0.23653934652554076,,2015-08-26
300067,2015-09-30,4.97809245,0.1515,32.85869603960396,0.6396854764107308,0.3603145235892692,,2015-10-23
300067,2015-12-31,6.28779765,0.12,52.39831375,0.5032594524119948,0.49674054758800523,,2016-03-25
300067,2016-03-31,6.33630525,0.05,126.72610499999999,0.6168312176774801,0.38316878232251994,,2016-04-23
300067,2016-06-30,5.08723455,0.09,56.52482833333333,0.6685466377440347,0.33145336225596533,,2016-08-22
300067,2016-09-30,5.45104155,0.1241,43.92458944399678,0.6111111111111112,0.38888888888888884,,2016-10-28
300067,2016-12-31,,0.15,,,,,2017-03-22
300067,2017-03-31,4.99021935,0.06,83.17032250000001,0.7485172004744959,0.2514827995255041,,2017-04-27
300067,2017-06-30,4.58942302,0.09,50.99358911111111,0.6339092872570194,0.36609071274298055,,2017-08-26
300067,2017-09-30,,0.1335,,,,,2017-10-30
300067,2017-12-31,,0.1319,,,,,2018-04-20
300067,2018-03-31,,0.0571,,,,,2018-04-24
300067,2018-06-30,,0.1382,,,,,2018-08-22
300067,2018-09-30,,0.1746,,,,,2018-10-26
300069,2015-06-30,42.877192,0.06,714.6198666666667,0.08283479061205706,0.917165209387943,,2015-08-25
300069,2015-09-30,19.83902267,0.07,283.4146095714285,0.0851063829787234,0.9148936170212766,,2015-10-24
300069,2015-12-31,29.80346385,0.09,331.14959833333336,0.08909169926119079,0.9109083007388092,,2016-04-05
300069,2016-03-31,26.6583747,0.0794,335.7477921914358,0.3154677950164551,0.684532204983545,,2016-04-19
300069,2016-06-30,32.1,0.17,188.8235294117647,0.2629067245119306,0.7370932754880695,,2016-08-09
300069,2016-09-30,39.07,0.19,205.6315789473684,0.14344941956882257,0.8565505804311775,,2016-10-20
300069,2016-12-31,,0.2,,,,,2017-03-14
300069,2017-03-31,37.2,0.0573,649.2146596858639,0.1490707789640174,0.8509292210359826,,2017-04-26
300069,2017-06-30,32.68,0.09,363.11111111111114,0.08207343412526998,0.91792656587473,,2017-08-29
300069,2017-09-30,,0.174,,,,,2017-10-30
300069,2017-12-31,,0.15,,,,,2018-04-24
300069,2018-03-31,,0.0483,,,,,2018-04-24
300069,2018-06-30,,-0.0694,,,,,2018-08-30
300069,2018-09-30,,-0.1042,,,,,2018-10-30
300070,2015-06-30,18.73555516,0.05,374.71110319999997,0.16152784169351128,0.8384721583064887,,2015-08-19
300070,2015-09-30,16.77713476,0.09,186.41260844444443,0.1419981498612396,0.8580018501387604,,2015-10-23
300070,2015-12-31,19.87988708,0.48,41.41643141666667,0.5836592785745328,0.4163407214254672,,2016-04-15
300070,2016-03-31,14.97231596,0.01,1497.2315959999999,0.07428302773859896,0.925716972261401,,2016-04-27
300070,2016-06-30,14.12101584,0.09,156.90017600000002,0.3049891540130152,0.6950108459869848,,2016-07-27
300070,2016-09-30,17.56586043,0.14,125.47043164285714,0.25,0.75,,2016-10-27
300070,2016-12-31,,0.6,,,,,2017-04-12
300070,2017-03-31,15.39266646,0.07,219.8952351428571,0.41202056148675364,0.5879794385132464,,2017-04-27
300070,2017-06-30,17.7578213,0.171,103.84690818713449,0.3257739380849532,0.6742260619150469,,2017-08-08
300070,2017-09-30,,0.237,,,,,2017-10-26
300070,2017-12-31,,0.8,,,,,2018-04-21
300070,2018-03-31,,0.05,,,,,2018-04-27
300070,2018-06-30,,0.1161,,,,,2018-08-08
300070,2018-09-30,,0.182,,,,,2018-10-26
300071,2015-06-30,13.54091212,0.11,123.09920109090909,0.42797975149562817,0.5720202485043718,,2015-08-21
300071,2015-09-30,13.54091212,0.16,84.63070075,0.30851063829787234,0.6914893617021276,,2015-10-24
300071,2015-12-31,14.0762044,0.19,74.08528631578947,0.3820078226857888,0.6179921773142112,,2016-03-30
300071,2016-03-31,8.921538,0.03,297.38460000000003,0.3441466854724965,0.6558533145275035,,2016-04-27
300071,2016-06-30,10.7453196,0.09,119.39244000000001,0.389587852494577,0.6104121475054229,,2016-08-27
300071,2016-09-30,10.4468385,0.18,58.03799166666667,0.49917081260364843,0.5008291873963515,,2016-10-28
300071,2016-12-31,,0.19,,,,,2017-04-15
300071,2017-03-31,8.3574708,0.03,278.58236,0.3416370106761566,0.6583629893238434,,2017-04-27
300071,2017-06-30,8.1,0.05,161.99999999999997,0.19906407487401007,0.80093592512599,,2017-08-25
300071,2017-09-30,,0.2,,,,,2017-10-27
300071,2017-12-31,,-0.41,,,,,2018-04-27
300071,2018-03-31,,0.05,,,,,2018-04-27
300071,2018-06-30,,0.06,,,,,2018-08-28
300071,2018-09-30,,0.06,,,,,2018-10-30
300072,2015-06-30,11.3549117,0.61,18.614609344262295,0.9498389323515877,0.05016106764841233,,2015-08-22
300072,2015-09-30,10.61701091,0.75,14.156014546666666,0.8950046253469011,0.10499537465309894,,2015-10-22
300072,2015-12-31,11.44588577,0.79,14.488463,0.8952629291612343,0.10473707083876571,,2016-03-16
300072,2016-03-31,10.9842766,0.26,42.247217692307686,0.9069111424541608,0.09308885754583918,,2016-04-20
300072,2016-06-30,13.931251,0.45,30.958335555555553,0.8329718004338394,0.16702819956616055,,2016-08-10
300072,2016-09-30,21.97549,1.03,21.33542718446602,0.8466003316749585,0.15339966832504148,,2016-10-19
300072,2016-12-31,,0.93,,,,,2017-03-16
300072,2017-03-31,31.53684425,0.25,126.147377,0.5947014630288652,0.4052985369711348,,2017-04-20
300072,2017-06-30,28.1075379,0.68,41.334614558823525,0.7275017998560115,0.2724982001439885,,2017-08-26
300072,2017-09-30,,0.86,,,,,2017-10-26
300072,2017-12-31,,1.1,,,,,2018-04-20
300072,2018-03-31,,0.256,,,,,2018-04-28
300072,2018-06-30,,0.681,,,,,2018-08-28
300072,2018-09-30,,0.533,,,,,2018-10-26
300073,2015-06-30,12.57781448,0.006,2096.3024133333333,0.028992176714219973,0.9710078232857801,,2015-08-25
300073,2015-09-30,9.37244,0.0117,801.0632478632477,0.028677150786308975,0.971322849213691,,2015-10-27
300073,2015-12-31,18.19659226,0.0783,232.39581430395913,0.13472403302911778,0.8652759669708823,,2016-03-15
300073,2016-03-31,15.5816815,0.0861,180.9719105691057,0.4997649271274095,0.5002350728725905,,2016-04-26
300073,2016-06-30,31.36955668,0.0998,314.32421523046094,0.1561822125813449,0.8438177874186551,,2016-08-23
300073,2016-09-30,24.14809166,0.3427,70.46423011380216,0.42330016583747926,0.5766998341625207,,2016-10-25
300073,2016-12-31,,0.5425,,,,,2017-03-14
300073,2017-03-31,24.8603971,0.1073,231.69056011183596,0.3977856860419138,0.6022143139580862,,2017-04-25
300073,2017-06-30,23.43008252,0.3959,59.18181995453398,0.568394528437725,0.431605471562275,,2017-08-29
300073,2017-09-30,,0.5008,,,,,2017-10-24
300073,2017-12-31,,0.6834,,,,,2018-04-03
300073,2018-03-31,,0.1067,,,,,2018-04-25
300073,2018-06-30,,0.281,,,,,2018-08-28
300073,2018-09-30,,0.497,,,,,2018-10-23
300074,2015-06-30,15.34219866,-0.0386,,,,,2015-08-15
300074,2015-09-30,9.13154904,-0.0132,,,,,2015-10-27
300074,2015-12-31,14.69421756,0.0635,231.4050009448819,0.1351586266840504,0.8648413733159496,,2016-04-01
300074,2016-03-31,10.50726276,-0.0171,,,,,2016-04-26
300074,2016-06-30,11.962728,0.0114,1049.362105263158,0.040347071583514096,0.9596529284164859,,2016-08-26
300074,2016-09-30,9.98887788,0.0184,542.873797826087,0.04933665008291874,0.9506633499170812,,2016-10-20
300074,2016-12-31,,0.1337,,,,,2017-04-26
300074,2017-03-31,8.43372324,-0.0076,,,,,2017-04-26
300074,2017-06-30,6.83,0.013,525.3846153846154,0.05327573794096472,0.9467242620590353,,2017-08-18
300074,2017-09-30,,0.0295,,,,,2017-10-27
300074,2017-12-31,,0.0638,,,,,2018-04-04
300074,2018-03-31,,-0.0177,,,,,2018-04-26
300074,2018-06-30,,-0.0376,,,,,2018-08-29
300074,2018-09-30,,-0.0082,,,,,2018-10-27
300075,2015-06-30,30.71113115,0.09,341.23479055555555,0.17303267372296363,0.8269673262770364,,2015-08-20
300075,2015-09-30,19.10788075,0.1075,177.74772790697673,0.14801110083256244,0.8519888991674376,,2015-10-27
300075,2015-12-31,25.54507725,0.32,79.82836640625,0.3550630160799652,0.6449369839200347,,2016-04-20
300075,2016-03-31,18.73305665,0.02,936.6528325,0.12364833098260461,0.8763516690173954,,2016-04-27
300075,2016-06-30,20.937069,0.12,174.47557500000002,0.2824295010845987,0.7175704989154013,,2016-08-26
300075,2016-09-30,16.9863706,0.1318,128.87989833080425,0.2433665008291874,0.7566334991708126,,2016-10-28
300075,2016-12-31,,0.34,,,,,2017-04-25
300075,2017-03-31,13.5988916,0.03,453.2963866666667,0.20877817319098457,0.7912218268090154,,2017-04-27
300075,2017-06-30,17.11461798,0.15,114.09745319999999,0.2933765298776098,0.7066234701223901,,2017-08-26
300075,2017-09-30,,0.1791,,,,,2017-10-26
300075,2017-12-31,,0.42,,,,,2018-04-24
300075,2018-03-31,,0.04,,,,,2018-04-26
300075,2018-06-30,,0.19,,,,,2018-08-29
300075,2018-09-30,,0.2137,,,,,2018-10-30
300077,2015-06-30,21.18921654,0.05,423.78433079999996,0.1426599171652094,0.8573400828347906,,2015-08-07
300077,2015-09-30,12.950626,0.1184,109.38028716216216,0.23635522664199815,0.7636447733580018,,2015-10-23
300077,2015-12-31,22.50420318,0.16,140.651269875,0.2046936114732725,0.7953063885267275,,2016-03-02
300077,2016-03-31,20.14818545,0.05,402.963709,0.2778561354019746,0.7221438645980254,,2016-04-26
300077,2016-06-30,19.7687754,0.08,247.1096925,0.19696312364425161,0.8030368763557484,,2016-08-23
300077,2016-09-30,17.72200825,0.0842,210.4751573634204,0.14054726368159204,0.8594527363184079,,2016-10-25
300077,2016-12-31,,0.18,,,,,2017-03-30
300077,2017-03-31,14.33735428,0.04,358.433857,0.26611308817714513,0.7338869118228548,,2017-04-27
300077,2017-06-30,13.69,0.08,171.125,0.1861051115910727,0.8138948884089273,,2017-08-25
300077,2017-09-30,,0.09,,,,,2017-10-27
300077,2017-12-31,,-0.88,,,,,2018-04-21
300077,2018-03-31,,0.03,,,,,2018-04-21
300077,2018-06-30,,0.02,,,,,2018-08-30
300077,2018-09-30,,-0.04,,,,,2018-10-30
300079,2015-06-30,13.54620771,0.0804,168.48517052238805,0.3290381960423378,0.6709618039576621,,2015-08-20
300079,2015-09-30,7.2142378,0.0991,72.79755600403634,0.3501387604070305,0.6498612395929695,,2015-10-23
300079,2015-12-31,11.81575164,0.1589,74.3596704845815,0.38070404172099087,0.6192959582790092,,2016-04-20
300079,2016-03-31,10.00244322,0.0339,295.0573221238938,0.3469675599435825,0.6530324400564175,,2016-04-27
300079,2016-06-30,8.36513415,0.0721,116.02127808599167,0.39869848156182214,0.6013015184381778,,2016-08-23
300079,2016-09-30,7.77947715,0.1052,73.94940256653992,0.4071310116086235,0.5928689883913765,,2016-10-25
300079,2016-12-31,,0.1666,,,,,2017-04-21
300079,2017-03-31,6.58864125,0.0354,186.1198093220339,0.46698299723210757,0.5330170027678924,,2017-04-27
300079,2017-06-30,5.73948765,0.0429,133.7875909090909,0.24262059035277178,0.7573794096472282,,2017-08-25
300079,2017-09-30,,0.061,,,,,2017-10-27
300079,2017-12-31,,0.0265,,,,,2018-04-24
300079,2018-03-31,,0.038,,,,,2018-04-27
300079,2018-06-30,,0.0448,,,,,2018-08-28
300079,2018-09-30,,0.0607,,,,,2018-10-26
300080,2015-06-30,11.86,-0.0402,,,,,2015-08-21
300080,2015-09-30,7.41,-0.0173,,,,,2015-10-27
300080,2015-12-31,10.77,0.0127,848.0314960629921,0.030856149500217298,0.9691438504997827,,2016-03-16
300080,2016-03-31,8.17,0.0046,1776.0869565217392,0.0611189468735308,0.9388810531264692,,2016-04-23
300080,2016-06-30,7.76,0.0036,2155.5555555555557,0.01735357917570499,0.982646420824295,,2016-08-26
300080,2016-09-30,7.76,0.0067,1158.2089552238806,0.022388059701492536,0.9776119402985075,,2016-10-29
300080,2016-12-31,,0.0377,,,,,2017-03-17
300080,2017-03-31,8.86,0.0031,2858.064516129032,0.02530644523527086,0.9746935547647292,,2017-04-27
300080,2017-06-30,7.78,-0.4352,,,,,2017-08-25
300080,2017-09-30,,-0.5992,,,,,2017-10-27
300080,2017-12-31,,-2.0192,,,,,2018-04-17
300080,2018-03-31,,0.0157,,,,,2018-04-17
300080,2018-06-30,,0.1558,,,,,2018-08-27
300080,2018-09-30,,3.6709,,,,,2018-10-27
300083,2015-06-30,9.33285732,-0.84,,,,,2015-08-25
300083,2015-09-30,5.6886228,-0.93,,,,,2015-10-20
300083,2015-12-31,11.80638732,-2.12,,,,,2016-04-25
300083,2016-03-31,9.17914179,0.08,114.73927237499998,0.6483309826046074,0.3516690173953926,,2016-04-27
300083,2016-06-30,8.24101026,0.04,206.02525649999998,0.23644251626898047,0.7635574837310195,,2016-08-27
300083,2016-09-30,7.47278049,0.06,124.5463415,0.2524875621890547,0.7475124378109452,,2016-10-25
300083,2016-12-31,,0.09,,,,,2017-04-18
300083,2017-03-31,8.979309,0.1,89.79309,0.7184657967576117,0.2815342032423883,,2017-04-25
300083,2017-06-30,9.21875724,0.21,43.898844000000004,0.6997840172786177,0.3002159827213823,,2017-08-29
300083,2017-09-30,,0.29,,,,,2017-10-26
300083,2017-12-31,,0.32,,,,,2018-04-27
300083,2018-03-31,,0.005,,,,,2018-04-27
300083,2018-06-30,,0.02,,,,,2018-08-30
300083,2018-09-30,,-0.07,,,,,2018-10-30
300084,2015-06-30,21.31005629,0.0285,747.7212733333332,0.07915324436263231,0.9208467556373677,,2015-07-25
300084,2015-09-30,8.56180983,-0.0127,,,,,2015-10-27
300084,2015-12-31,11.45552256,0.0321,356.869861682243,0.08039982616253803,0.919600173837462,,2016-04-13
300084,2016-03-31,10.09319045,-0.0229,,,,,2016-04-27
300084,2016-06-30,12.15160466,0.009,1350.1782955555557,0.027331887201735357,0.9726681127982646,,2016-07-19
300084,2016-09-30,11.88311585,0.0063,1886.208865079365,0.01616915422885572,0.9838308457711443,,2016-10-27
300084,2016-12-31,,0.0205,,,,,2017-04-26
300084,2017-03-31,12.3305972,-0.0076,,,,,2017-04-26
300084,2017-06-30,9.16839566,0.0052,1763.1530115384617,0.014758819294456443,0.9852411807055436,,2017-08-26
300084,2017-09-30,,0.0063,,,,,2017-10-28
300084,2017-12-31,,0.0335,,,,,2018-04-25
300084,2018-03-31,,-0.0487,,,,,2018-04-25
300084,2018-06-30,,-0.0701,,,,,2018-08-29
300084,2018-09-30,,-0.0628,,,,,2018-10-27
300085,2015-06-30,54.98513361,0.0152,3617.4430006578946,0.01840773124712379,0.9815922687528762,,2015-08-25
300085,2015-09-30,23.34932622,0.06,389.155437,0.06290471785383904,0.937095282146161,,2015-10-24
300085,2015-12-31,42.8505363,0.1072,399.7251520522388,0.07127335940895263,0.9287266405910474,,2016-04-12
300085,2016-03-31,35.91319545,0.0088,4081.0449375000003,0.023507287259050307,0.9764927127409497,,2016-04-26
300085,2016-06-30,29.8241437,0.0223,1337.4055470852018,0.02776572668112798,0.972234273318872,,2016-08-23
300085,2016-09-30,23.85931496,0.0737,323.73561682496603,0.0912106135986733,0.9087893864013267,,2016-10-25
300085,2016-12-31,,0.1182,,,,,2017-04-11
300085,2017-03-31,18.53286254,0.01,1853.2862539999999,0.04112297350731514,0.9588770264926849,,2017-04-25
300085,2017-06-30,18.4639065,0.0148,1247.56125,0.02159827213822894,0.978401727861771,,2017-08-29
300085,2017-09-30,,0.039,,,,,2017-10-28
300085,2017-12-31,,0.0321,,,,,2018-04-24
300085,2018-03-31,,-0.0226,,,,,2018-04-27
300085,2018-06-30,,0.0018,,,,,2018-08-21
300085,2018-09-30,,0.0051,,,,,2018-10-30
300092,2015-06-30,12.789081,0.02,639.4540499999999,0.09479981592268753,0.9052001840773125,,2015-08-25
300092,2015-09-30,8.2480305,-0.02,,,,,2015-10-23
300092,2015-12-31,13.0856394,-0.18,,,,,2016-03-25
300092,2016-03-31,10.96339335,0.01,1096.3393350000001,0.10578279266572638,0.8942172073342736,,2016-04-25
300092,2016-06-30,14.1791985,0.05,283.58396999999997,0.17310195227765726,0.8268980477223428,,2016-08-26
300092,2016-09-30,13.0485696,0.0565,230.94813451327434,0.12935323383084577,0.8706467661691543,,2016-10-28
300092,2016-12-31,,0.1402,,,,,2017-03-29
300092,2017-03-31,11.4545682,0.0046,2490.1235217391304,0.03163305654408857,0.9683669434559115,,2017-04-25
300092,2017-06-30,11.7696615,0.02,588.483075,0.04859611231101512,0.9514038876889849,,2017-08-25
300092,2017-09-30,,0.0213,,,,,2017-10-27
300092,2017-12-31,,0.0262,,,,,2018-03-28
300092,2018-03-31,,0.0093,,,,,2018-04-26
300092,2018-06-30,,0.03,,,,,2018-08-24
300092,2018-09-30,,0.0288,,,,,2018-10-26
300094,2015-06-30,13.93698726,-0.11,,,,,2015-08-25
300094,2015-09-30,13.93698726,0.01,1393.698726,0.015263644773358002,0.984736355226642,,2015-10-27
300094,2015-12-31,11.2893732,0.03,376.31244000000004,0.07648848326814428,0.9235115167318557,,2016-04-26
300094,2016-03-31,6.97073996,-0.0038,,,,,2016-04-26
300094,2016-06-30,6.54962842,0.02,327.481421,0.1492407809110629,0.850759219088937,,2016-08-27
300094,2016-09-30,6.51886095,0.08,81.485761875,0.3752072968490879,0.6247927031509122,,2016-10-29
300094,2016-12-31,,0.12,,,,,2017-04-26
300094,2017-03-31,8.25986175,0.02,412.9930875,0.2269671807038355,0.7730328192961645,,2017-04-26
300094,2017-06-30,7.27065675,0.09,80.785075,0.4190064794816415,0.5809935205183585,,2017-08-29
300094,2017-09-30,,0.14,,,,,2017-10-31
300094,2017-12-31,,0.18,,,,,2018-04-27
300094,2018-03-31,,0.12,,,,,2018-04-27
300094,2018-06-30,,0.21,,,,,2018-08-10
300094,2018-09-30,,0.29,,,,,2018-10-25
300097,2015-06-30,19.77560184,0.0637,310.44900847723704,0.18821905200184078,0.8117809479981593,,2015-08-26
300097,2015-09-30,19.49356725,0.06,324.89278750000005,0.07585568917668825,0.9241443108233117,,2015-10-27
300097,2015-12-31,25.68726805,0.43,59.737832674418605,0.45371577574967403,0.546284224250326,,2016-04-09
300097,2016-03-31,19.65393986,-0.0357,,,,,2016-04-27
300097,2016-06-30,27.68310545,0.3423,80.8738108384458,0.5301518438177875,0.46984815618221254,,2016-08-20
300097,2016-09-30,24.889905,0.3113,79.95472213299068,0.38101160862354894,0.6189883913764511,,2016-10-29
300097,2016-12-31,,0.35,,,,,2017-04-15
300097,2017-03-31,32.98209378,-0.03,,,,,2017-04-27
300097,2017-06-30,26.913843,0.2086,129.0212991371045,0.25665946724262056,0.7433405327573794,,2017-08-29
300097,2017-09-30,,0.6001,,,,,2017-10-28
300097,2017-12-31,,0.62,,,,,2018-04-25
300097,2018-03-31,,0.12,,,,,2018-04-25
300097,2018-06-30,,0.2894,,,,,2018-08-30
300097,2018-09-30,,0.4871,,,,,2018-10-30
300098,2015-06-30,8.03780276,0.1404,57.24930740740741,0.6884491486424298,0.3115508513575702,,2015-08-26
300098,2015-09-30,6.55657418,0.2076,31.582727263969172,0.6586493987049029,0.3413506012950971,,2015-10-27
300098,2015-12-31,13.90824687,0.1894,73.43319361140442,0.38504997827031723,0.6149500217296828,,2016-04-16
300098,2016-03-31,9.76691562,0.0601,162.5110752079867,0.5340855665256229,0.4659144334743771,,2016-04-27
300098,2016-06-30,10.52893228,0.1234,85.32360032414911,0.5101952277657267,0.4898047722342733,,2016-08-23
300098,2016-09-30,9.04374284,0.1873,48.28479893219434,0.5692371475953566,0.4307628524046434,,2016-10-29
300098,2016-12-31,,0.3,,,,,2017-04-19
300098,2017-03-31,8.18843285,0.0663,123.50577450980393,0.6022143139580862,0.3977856860419138,,2017-04-26
300098,2017-06-30,8.5530999,0.119,71.87478907563025,0.476601871850252,0.523398128149748,,2017-08-29
300098,2017-09-30,,0.1809,,,,,2017-10-30
300098,2017-12-31,,0.25,,,,,2018-04-25
300098,2018-03-31,,0.0686,,,,,2018-04-25
300098,2018-06-30,,0.1447,,,,,2018-08-30
300098,2018-09-30,,0.2292,,,,,2018-10-24
300099,2015-06-30,8.7915568,-0.0111,,,,,2015-08-26
300099,2015-09-30,8.7915568,-0.0121,,,,,2015-10-27
300099,2015-12-31,9.18709376,0.0436,210.71315963302752,0.146458061712299,0.853541938287701,,2016-03-30
300099,2016-03-31,7.60494592,-0.0067,,,,,2016-04-25
300099,2016-06-30,7.3429224,0.0047,1562.323914893617,0.022559652928416486,0.9774403470715836,,2016-08-26
300099,2016-09-30,7.72675698,-0.0071,,,,,2016-10-28
300099,2016-12-31,,0.0453,,,,,2017-04-22
300099,2017-03-31,11.0978259,0.0117,948.5321282051282,0.09687623566627125,0.9031237643337288,,2017-04-27
300099,2017-06-30,8.1011525,0.0095,852.7528947368421,0.03635709143268539,0.9636429085673146,,2017-08-26
300099,2017-09-30,,0.0349,,,,,2017-10-27
300099,2017-12-31,,0.1539,,,,,2018-04-24
300099,2018-03-31,,0.0044,,,,,2018-04-26
300099,2018-06-30,,0.033,,,,,2018-08-28
300099,2018-09-30,,0.0363,,,,,2018-10-27
300101,2015-06-30,27.542016,0.0741,371.6871255060729,0.16244822825586747,0.8375517717441325,,2015-08-25
300101,2015-09-30,21.4935462,0.1107,194.16030894308943,0.13459759481961148,0.8654024051803886,,2015-10-23
300101,2015-12-31,29.22924186,0.1408,207.59404730113633,0.14906562364189482,0.8509343763581052,,2016-03-22
300101,2016-03-31,22.0383135,0.0396,556.5230681818182,0.2068641278796427,0.7931358721203573,,2016-04-26
300101,2016-06-30,27.73264662,0.0803,345.36297160647575,0.1405639913232104,0.8594360086767896,,2016-07-20
300101,2016-09-30,22.00341744,0.1177,186.9449230246389,0.1587893864013267,0.8412106135986733,,2016-10-21
300101,2016-12-31,,0.072,,,,,2017-03-23
300101,2017-03-31,17.90260002,0.0223,802.8071757847534,0.12099644128113879,0.8790035587188612,,2017-04-07
300101,2017-06-30,13.901076,0.0442,314.50398190045246,0.09935205183585313,0.9006479481641468,,2017-08-15
300101,2017-09-30,,0.0434,,,,,2017-10-27
300101,2017-12-31,,0.0549,,,,,2018-03-28
300101,2018-03-31,,0.0461,,,,,2018-04-20
300101,2018-06-30,,0.0473,,,,,2018-08-28
300101,2018-09-30,,0.0478,,,,,2018-10-29
300103,2015-06-30,16.2688064,0.1084,150.0812398523985,0.36723423838011965,0.6327657616198803,,2015-08-25
300103,2015-09-30,9.2370374,0.1531,60.33335989549314,0.41211840888066603,0.587881591119334,,2015-10-26
300103,2015-12-31,17.5563134,0.1778,98.74192013498312,0.2937853107344633,0.7062146892655368,,2016-03-29
300103,2016-03-31,11.1782018,0.0227,492.43179735682816,0.231311706629055,0.768688293370945,,2016-04-26
300103,2016-06-30,12.3818684,0.0693,178.67053968253967,0.2772234273318872,0.7227765726681128,,2016-08-26
300103,2016-09-30,12.1170156,0.0971,124.78903810504634,0.25165837479270314,0.7483416252072969,,2016-10-25
300103,2016-12-31,,0.1117,,,,,2017-03-28
300103,2017-03-31,15.6925284,0.0272,576.9311911764706,0.166073546856465,0.833926453143535,,2017-04-25
300103,2017-06-30,12.6792103,0.0997,127.17362387161484,0.2638588912886969,0.7361411087113031,,2017-08-29
300103,2017-09-30,,0.139,,,,,2017-10-30
300103,2017-12-31,,0.1364,,,,,2018-03-27
300103,2018-03-31,,0.0302,,,,,2018-04-27
300103,2018-06-30,,0.0641,,,,,2018-08-28
300103,2018-09-30,,0.0951,,,,,2018-10-27
300106,2015-06-30,23.5021882,0.11,213.65625636363634,0.26921306948918544,0.7307869305108146,,2015-08-25
300106,2015-09-30,12.80883429,0.12,106.74028575,0.242368177613321,0.757631822386679,,2015-10-27
300106,2015-12-31,18.42138207,0.14,131.5813005,0.21903520208604954,0.7809647979139505,,2016-04-23
300106,2016-03-31,13.3777828,-0.06,,,,,2016-04-26
300106,2016-06-30,14.8752958,-0.1261,,,,,2016-08-26
300106,2016-09-30,17.34331704,-0.2732,,,,,2016-10-29
300106,2016-12-31,,-0.26,,,,,2017-04-28
300106,2017-03-31,15.4851045,-0.08,,,,,2017-04-28
300106,2017-06-30,10.69970769,-0.2195,,,,,2017-08-29
300106,2017-09-30,,-0.3802,,,,,2017-10-28
300106,2017-12-31,,-1.74,,,,,2018-04-03
300106,2018-03-31,,-0.1692,,,,,2018-04-26
300106,2018-06-30,,-0.1969,,,,,2018-08-25
300106,2018-09-30,,0.1087,,,,,2018-10-24
300107,2015-06-30,7.12966234,0.0199,358.2744894472362,0.1675103543488265,0.8324896456511734,,2015-08-18
300107,2015-09-30,4.59044385,0.0274,167.53444708029195,0.15772432932469935,0.8422756706753006,,2015-10-24
300107,2015-12-31,6.66648242,0.043,155.03447488372095,0.18948283355063017,0.8105171664493698,,2016-04-05
300107,2016-03-31,5.41755085,0.007,773.9358357142856,0.14950634696755993,0.8504936530324401,,2016-04-23
300107,2016-06-30,5.33666352,0.0235,227.09206468085108,0.213882863340564,0.7861171366594359,,2016-08-24
300107,2016-09-30,6.53367216,0.0307,212.8231973941368,0.13930348258706468,0.8606965174129353,,2016-10-28
300107,2016-12-31,,0.042,,,,,2017-04-20
300107,2017-03-31,5.45303936,0.009,605.8932622222222,0.15776986951364175,0.8422301304863582,,2017-04-20
300107,2017-06-30,6.4717236,0.04,161.79308999999998,0.1994240460763139,0.8005759539236861,,2017-08-24
300107,2017-09-30,,0.063,,,,,2017-10-28
300107,2017-12-31,,0.1593,,,,,2018-03-31
300107,2018-03-31,,0.208,,,,,2018-04-27
300107,2018-06-30,,0.5183,,,,,2018-08-25
300107,2018-09-30,,0.903,,,,,2018-10-23
300113,2015-06-30,23.9993341,0.15,159.99556066666668,0.34192360791532445,0.6580763920846755,,2015-08-06
300113,2015-09-30,18.29273334,0.28,65.3311905,0.38621646623496764,0.6137835337650324,,2015-10-23
300113,2015-12-31,42.16312821,0.43,98.05378653488373,0.29465449804432853,0.7053455019556715,,2016-04-22
300113,2016-03-31,36.8932571,0.14,263.523265,0.38645980253878703,0.6135401974612129,,2016-04-22
300113,2016-06-30,35.80489692,0.37,96.76999167567567,0.4642082429501085,0.5357917570498916,,2016-08-25
300113,2016-09-30,31.79618217,0.58,54.821003741379315,0.5207296849087893,0.47927031509121065,,2016-10-28
300113,2016-12-31,,0.76,,,,,2017-03-25
300113,2017-03-31,24.22206936,0.19,127.48457557894736,0.5911427441676552,0.4088572558323448,,2017-04-27
300113,2017-06-30,25.4838226,0.33,77.22370484848484,0.4449244060475162,0.5550755939524838,,2017-08-26
300113,2017-09-30,,0.54,,,,,2017-10-28
300113,2017-12-31,,0.74,,,,,2018-04-19
300113,2018-03-31,,0.23,,,,,2018-04-27
300113,2018-06-30,,0.42,,,,,2018-08-30
300113,2018-09-30,,0.63,,,,,2018-10-30
300120,2015-06-30,18.48514404,0.0289,639.6243612456748,0.09433962264150944,0.9056603773584906,,2015-08-06
300120,2015-09-30,8.48792967,0.0362,234.47319530386739,0.10453283996299723,0.8954671600370028,,2015-10-26
300120,2015-12-31,12.52706301,0.0326,384.26573650306756,0.07431551499348109,0.9256844850065189,,2016-03-18
300120,2016-03-31,11.34119646,0.004,2835.2991150000003,0.036671368124118475,0.9633286318758816,,2016-04-27
300120,2016-06-30,10.70021575,0.0367,291.55901226158034,0.1665943600867679,0.8334056399132321,,2016-08-26
300120,2016-09-30,10.29616175,0.0429,240.00377039627037,0.12437810945273632,0.8756218905472637,,2016-10-28
300120,2016-12-31,,0.0766,,,,,2017-03-30
300120,2017-03-31,10.93110375,0.0275,397.49468181818185,0.23448003163305656,0.7655199683669435,,2017-04-27
300120,2017-06-30,9.4808385,0.0765,123.93252941176472,0.27141828653707706,0.7285817134629229,,2017-08-29
300120,2017-09-30,,0.0837,,,,,2017-10-27
300120,2017-12-31,,0.255,,,,,2018-04-13
300120,2018-03-31,,0.0779,,,,,2018-04-27
300120,2018-06-30,,0.1348,,,,,2018-08-24
300120,2018-09-30,,0.2385,,,,,2018-10-29
300121,2015-06-30,9.55221324,0.0646,147.86707801857585,0.3718361711919006,0.6281638288080994,,2015-08-21
300121,2015-09-30,6.2440442,0.1107,56.405096657633244,0.4380203515263645,0.5619796484736355,,2015-10-27
300121,2015-12-31,11.2954058,0.14,80.68146999999999,0.35289004780530203,0.6471099521946979,,2016-02-26
300121,2016-03-31,8.58029894,0.06,143.00498233333334,0.5731076633756464,0.42689233662435355,,2016-04-26
300121,2016-06-30,9.63927959,0.21,45.90133138095238,0.734056399132321,0.265943600867679,,2016-08-26
300121,2016-09-30,12.57542246,0.4267,29.47134394187954,0.7512437810945274,0.24875621890547261,,2016-10-25
300121,2016-12-31,,0.56,,,,,2017-02-24
300121,2017-03-31,10.89259717,0.12,90.77164308333334,0.7125345986555951,0.2874654013444049,,2017-04-14
300121,2017-06-30,9.7849728,0.29,33.74128551724138,0.8023758099352052,0.1976241900647948,,2017-08-25
300121,2017-09-30,,0.452,,,,,2017-10-28
300121,2017-12-31,,0.65,,,,,2018-04-04
300121,2018-03-31,,0.27,,,,,2018-04-27
300121,2018-06-30,,0.67,,,,,2018-08-08
300121,2018-09-30,,0.92,,,,,2018-10-30
300122,2015-06-30,8.9269401,0.07,127.52771571428569,0.42061665899677864,0.5793833410032214,,2015-08-25
300122,2015-09-30,6.7764294,0.1003,67.56160917248255,0.37419056429232195,0.625809435707678,,2015-10-27
300122,2015-12-31,11.25691788,0.12,93.807649,0.30378096479791394,0.6962190352020861,,2016-03-01
300122,2016-03-31,10.01302536,0.04,250.325634,0.4005641748942172,0.5994358251057827,,2016-04-25
300122,2016-06-30,9.60552411,0.01,960.5524109999999,0.04511930585683297,0.954880694143167,,2016-08-16
300122,2016-09-30,10.92185967,0.0042,2600.442778571429,0.011608623548922056,0.988391376451078,,2016-10-20
300122,2016-12-31,,0.02,,,,,2017-03-14
300122,2017-03-31,11.60486397,0.0377,307.82132546419103,0.31198102016607354,0.6880189798339265,,2017-04-25
300122,2017-06-30,11.87138043,0.1074,110.5342684357542,0.30381569474442044,0.6961843052555796,,2017-08-15
300122,2017-09-30,,0.1783,,,,,2017-10-23
300122,2017-12-31,,0.2702,,,,,2018-03-20
300122,2018-03-31,,0.1623,,,,,2018-04-26
300122,2018-06-30,,0.4265,,,,,2018-08-14
300122,2018-09-30,,0.6791,,,,,2018-10-19
300124,2015-06-30,14.74008,0.21,70.19085714285715,0.6258628624022089,0.3741371375977911,,2015-08-11
300124,2015-09-30,10.96600535,0.37,29.637852297297297,0.6799259944495837,0.3200740055504163,,2015-10-27
300124,2015-12-31,14.494412,0.51,28.42041568627451,0.7153411560191221,0.28465884398087793,,2016-04-12
300124,2016-03-31,11.73985955,0.09,130.4428838888889,0.6064880112834978,0.39351198871650217,,2016-04-23
300124,2016-06-30,12.0801084,0.24,50.333785000000006,0.702819956616052,0.297180043383948,,2016-08-09
300124,2016-09-30,11.77499226,0.43,27.38370293023256,0.7736318407960199,0.22636815920398012,,2016-10-27
300124,2016-12-31,,0.59,,,,,2017-04-11
300124,2017-03-31,13.6679577,0.11,124.25416090909091,0.5990510083036773,0.4009489916963227,,2017-04-25
300124,2017-06-30,16.09316264,0.27,59.60430607407407,0.5640748740100792,0.43592512598992084,,2017-08-25
300124,2017-09-30,,0.44,,,,,2017-10-25
300124,2017-12-31,,0.65,,,,,2018-04-25
300124,2018-03-31,,0.12,,,,,2018-04-25
300124,2018-06-30,,0.3,,,,,2018-08-18
300124,2018-09-30,,0.48,,,,,2018-10-25
300126,2015-06-30,29.16535391,0.062,470.40893403225806,0.12839392544868844,0.8716060745513116,,2015-08-25
300126,2015-09-30,12.92185839,0.034,380.05465852941177,0.06567992599444958,0.9343200740055504,,2015-10-24
300126,2015-12-31,17.39670485,0.025,695.8681939999999,0.03867883528900478,0.9613211647109953,,2016-04-13
300126,2016-03-31,11.61094522,0.01,1161.0945219999999,0.0996708979783733,0.9003291020216267,,2016-04-27
300126,2016-06-30,12.23190409,0.028,436.8537175,0.11496746203904555,0.8850325379609545,,2016-08-27
300126,2016-09-30,9.69462806,0.036,269.29522388888887,0.11359867330016583,0.8864013266998342,,2016-10-29
300126,2016-12-31,,0.02,,,,,2017-04-22
300126,2017-03-31,10.41530815,0.01,1041.5308149999998,0.08540925266903915,0.9145907473309609,,2017-04-22
300126,2017-06-30,8.61854409,0.005,1723.708818,0.015478761699064075,0.984521238300936,,2017-08-26
300126,2017-09-30,,0.006,,,,,2017-10-28
300126,2017-12-31,,0.01,,,,,2018-04-25
300126,2018-03-31,,-0.04,,,,,2018-04-25
300126,2018-06-30,,-0.05,,,,,2018-08-25
300126,2018-09-30,,-0.07,,,,,2018-10-27
300127,2015-06-30,13.20015168,0.11,120.0013789090909,0.4353428439944777,0.5646571560055222,,2015-08-15
300127,2015-09-30,8.64182592,0.2,43.2091296,0.5356151711378353,0.4643848288621647,,2015-10-24
300127,2015-12-31,14.38721568,0.29,49.611088551724144,0.5202086049543677,0.4797913950456323,,2016-03-26
300127,2016-03-31,11.03178144,0.07,157.59687771428568,0.5430183356840621,0.4569816643159379,,2016-04-27
300127,2016-06-30,20.42112436,0.16,127.63202725,0.3665943600867679,0.6334056399132322,,2016-08-26
300127,2016-09-30,16.60618904,0.26,63.869957846153845,0.4626865671641791,0.5373134328358209,,2016-10-18
300127,2016-12-31,,0.37,,,,,2017-03-29
300127,2017-03-31,14.6666631,0.09,162.96292333333332,0.5096876235666271,0.4903123764333729,,2017-04-25
300127,2017-06-30,13.27540818,0.34,39.04531817647058,0.7516198704103672,0.24838012958963285,,2017-08-25
300127,2017-09-30,,0.46,,,,,2017-10-26
300127,2017-12-31,,0.6,,,,,2018-03-28
300127,2018-03-31,,0.11,,,,,2018-04-26
300127,2018-06-30,,0.24,,,,,2018-08-25
300127,2018-09-30,,0.38,,,,,2018-10-27
300130,2015-06-30,18.36187608,0.16,114.76172549999998,0.44960883571099863,0.5503911642890014,,2015-08-15
300130,2015-09-30,11.13823488,0.2,55.6911744,0.4431082331174838,0.5568917668825162,,2015-10-23
300130,2015-12-31,17.77063416,0.37,48.028740972972976,0.5310734463276836,0.4689265536723164,,2016-04-20
300130,2016-03-31,14.95746696,0.02,747.873348,0.15420780441937001,0.84579219558063,,2016-04-26
300130,2016-06-30,14.7626604,0.15,98.417736,0.455531453362256,0.544468546637744,,2016-07-28
300130,2016-09-30,12.41210088,0.33,37.61242690909091,0.6745439469320066,0.3254560530679934,,2016-10-27
300130,2016-12-31,,0.6,,,,,2017-04-18
300130,2017-03-31,11.31326208,0.02,565.663104,0.16923685251087386,0.8307631474891262,,2017-04-18
300130,2017-06-30,9.05461926,0.08,113.18274075000001,0.2973362131029518,0.7026637868970482,,2017-08-29
300130,2017-09-30,,0.12,,,,,2017-10-26
300130,2017-12-31,,0.16,,,,,2018-03-22
300130,2018-03-31,,0.02,,,,,2018-04-26
300130,2018-06-30,,0.15,,,,,2018-08-15
300130,2018-09-30,,0.31,,,,,2018-10-30
300131,2015-06-30,13.87265624,0.004,3468.1640599999996,0.019328117809479982,0.98067188219052,,2015-08-14
300131,2015-09-30,10.54341372,0.0288,366.09075416666667,0.06706753006475485,0.9329324699352451,,2015-10-27
300131,2015-12-31,11.45980844,0.04,286.495211,0.10386788352890047,0.8961321164710996,,2016-02-05
300131,2016-03-31,10.96349958,0.0645,169.97673767441862,0.5213916314057357,0.47860836859426426,,2016-04-19
300131,2016-06-30,11.54001159,0.0941,122.63561732199788,0.3783080260303688,0.6216919739696312,,2016-07-29
300131,2016-09-30,10.00590336,0.1369,73.08914068663258,0.41044776119402987,0.5895522388059702,,2016-10-15
300131,2016-12-31,,0.19,,,,,2017-02-16
300131,2017-03-31,8.55973764,0.0309,277.0141631067961,0.3444049031237643,0.6555950968762356,,2017-04-15
300131,2017-06-30,8.34407686,0.0712,117.19209073033707,0.28293736501079914,0.7170626349892009,,2017-08-29
300131,2017-09-30,,0.1163,,,,,2017-10-24
300131,2017-12-31,,0.13,,,,,2018-03-19
300131,2018-03-31,,0.03,,,,,2018-04-23
300131,2018-06-30,,0.0844,,,,,2018-08-02
300131,2018-09-30,,0.1495,,,,,2018-10-19
300132,2015-06-30,11.01048267,0.0185,595.1612254054054,0.10032213529682467,0.8996778647031753,,2015-08-26
300132,2015-09-30,8.0962931,0.0013,6227.91776923077,0.0013876040703052729,0.9986123959296948,,2015-10-27
300132,2015-12-31,9.79358828,0.0282,347.2903645390071,0.08213820078226858,0.9178617992177314,,2017-04-10
300132,2016-03-31,8.13531138,0.0104,782.2414788461538,0.14809590973201692,0.8519040902679831,,2016-04-27
300132,2016-06-30,7.84267428,0.0348,225.36420344827587,0.21431670281995663,0.7856832971800434,,2016-08-27
300132,2016-09-30,10.87634555,0.0582,186.87878951890033,0.15920398009950248,0.8407960199004976,,2016-10-29
300132,2016-12-31,,0.0848,,,,,2017-04-10
300132,2017-03-31,8.779113,0.0297,295.59303030303033,0.32463424278370895,0.675365757216291,,2017-04-26
300132,2017-06-30,7.92071084,0.1065,74.3728717370892,0.46220302375809935,0.5377969762419006,,2017-08-26
300132,2017-09-30,,0.1879,,,,,2017-10-27
300132,2017-12-31,,0.2455,,,,,2018-04-16
300132,2018-03-31,,0.1575,,,,,2018-04-26
300132,2018-06-30,,0.3793,,,,,2018-08-23
300132,2018-09-30,,0.693,,,,,2018-10-26
300133,2015-06-30,16.336647,0.13,125.66651538461538,0.4238380119650253,0.5761619880349746,,2015-08-26
300133,2015-09-30,14.7634884,0.13,113.56529538461538,0.22802960222016652,0.7719703977798335,,2015-10-26
300133,2015-12-31,18.02476719,0.29,62.15436962068966,0.4337244676227727,0.5662755323772273,,2016-03-31
300133,2016-03-31,16.0946226,0.11,146.31475090909092,0.5655853314527504,0.43441466854724964,,2016-04-25
300133,2016-06-30,15.10098489,0.16,94.3811555625,0.4715835140997831,0.528416485900217,,2016-08-24
300133,2016-09-30,13.22912228,0.16,82.68201425,0.36981757877280264,0.6301824212271974,,2016-10-28
300133,2016-12-31,,0.27,,,,,2017-04-25
300133,2017-03-31,10.72683962,0.08,134.08549525,0.5749308026888098,0.4250691973111902,,2017-04-26
300133,2017-06-30,10.8626224,0.16,67.89139,0.5025197984161267,0.4974802015838733,,2017-07-27
300133,2017-09-30,,0.18,,,,,2017-10-30
300133,2017-12-31,,0.36,,,,,2018-04-23
300133,2018-03-31,,0.02,,,,,2018-04-23
300133,2018-06-30,,0.16,,,,,2018-08-25
300133,2018-09-30,,0.2,,,,,2018-10-30
300134,2015-06-30,27.57510665,0.08,344.688833125,0.17165209387942937,0.8283479061205706,,2015-08-28
300134,2015-09-30,22.64217165,0.1,226.4217165,0.10869565217391304,0.8913043478260869,,2015-10-27
300134,2015-12-31,29.6962687,0.15,197.9751246666667,0.15645371577574968,0.8435462842242503,,2016-03-30
300134,2016-03-31,18.36038407,0.04,459.00960174999994,0.24729666196520922,0.7527033380347907,,2016-04-22
300134,2016-06-30,29.7943212,0.07,425.6331599999999,0.1175704989154013,0.8824295010845987,,2016-08-25
300134,2016-09-30,30.629676,0.07,437.56679999999994,0.06633499170812604,0.9336650082918739,,2016-10-28
300134,2016-12-31,,0.18,,,,,2017-04-10
300134,2017-03-31,23.36,-0.03,,,,,2017-04-27
300134,2017-06-30,23.36,-0.12,,,,,2017-08-09
300134,2017-09-30,,-0.4775,,,,,2017-10-31
300134,2017-12-31,,-0.67,,,,,2018-04-19
300134,2018-03-31,,0.04,,,,,2018-04-26
300134,2018-06-30,,-0.02,,,,,2018-08-30
300134,2018-09-30,,-0.0907,,,,,2018-10-30
300136,2015-06-30,15.2022717,0.0786,193.41312595419848,0.29406350667280257,0.7059364933271974,,2015-07-22
300136,2015-09-30,16.95450141,0.1533,110.59687808219178,0.2326549491211841,0.7673450508788159,,2015-10-13
300136,2015-12-31,18.04125015,0.2445,73.78834417177914,0.3833116036505867,0.6166883963494133,,2016-04-09
300136,2016-03-31,18.00461817,0.1221,147.45797027027027,0.5632346027268453,0.43676539727315467,,2016-04-20
300136,2016-06-30,20.5063208,0.1715,119.57038367346938,0.3891540130151844,0.6108459869848156,,2016-08-10
300136,2016-09-30,24.97740315,0.3617,69.05557962399779,0.43076285240464346,0.5692371475953566,,2016-10-28
300136,2016-12-31,,0.5551,,,,,2017-04-26
300136,2017-03-31,33.60649425,0.2151,156.23660739191072,0.5266903914590747,0.4733096085409253,,2017-04-26
300136,2017-06-30,39.1537671,0.4151,94.3236981450253,0.3599712023038157,0.6400287976961843,,2017-08-29
300136,2017-09-30,,0.7331,,,,,2017-10-26
300136,2017-12-31,,0.9081,,,,,2018-04-18
300136,2018-03-31,,0.2137,,,,,2018-04-26
300136,2018-06-30,,0.4448,,,,,2018-07-26
300136,2018-09-30,,0.8773,,,,,2018-10-18
300137,2015-06-30,13.50373024,0.1,135.0373024,0.40266912103083297,0.597330878969167,,2015-08-26
300137,2015-09-30,9.81908455,0.171,57.42154707602339,0.4320074005550416,0.5679925994449584,,2015-10-26
300137,2015-12-31,12.38469725,0.24,51.60290520833334,0.510212950890917,0.489787049109083,,2016-04-26
300137,2016-03-31,8.31755085,0.028,297.0553875,0.3446168312176775,0.6553831687823225,,2016-04-26
300137,2016-06-30,8.77223001,0.122,71.90352467213114,0.582646420824295,0.41735357917570504,,2016-08-20
300137,2016-09-30,9.34162425,0.198,47.17992045454545,0.5791873963515755,0.42081260364842454,,2016-10-29
300137,2016-12-31,,0.31,,,,,2017-04-26
300137,2017-03-31,9.16368855,0.04,229.09221374999998,0.40213523131672596,0.5978647686832741,,2017-04-26
300137,2017-06-30,14.1162322,0.09,156.84702444444446,0.206983441324694,0.793016558675306,,2017-08-26
300137,2017-09-30,,0.17,,,,,2017-10-28
300137,2017-12-31,,0.34,,,,,2018-04-24
300137,2018-03-31,,0.04,,,,,2018-04-24
300137,2018-06-30,,0.14,,,,,2018-08-30
300137,2018-09-30,,0.27,,,,,2018-10-30
300138,2015-06-30,6.4172593,0.1567,40.95251627313338,0.8002761159687068,0.19972388403129315,,2015-08-22
300138,2015-09-30,5.44205005,0.189,28.793915608465607,0.6891766882516188,0.3108233117483812,,2015-10-23
300138,2015-12-31,8.14968985,0.3196,25.499655350438047,0.7501086484137331,0.24989135158626685,,2016-03-29
300138,2016-03-31,7.3733468,0.0616,119.69718831168831,0.6337564645039963,0.36624353549600375,,2016-04-26
300138,2016-06-30,7.6826179,0.14,54.87584214285714,0.6780911062906725,0.3219088937093275,,2016-08-23
300138,2016-09-30,7.32838941,0.217,33.77137976958525,0.7139303482587065,0.2860696517412935,,2016-10-25
300138,2016-12-31,,0.2541,,,,,2017-04-18
300138,2017-03-31,8.67169745,0.0945,91.76399417989418,0.7093712930011863,0.2906287069988137,,2017-04-26
300138,2017-06-30,8.485688,0.16,53.03554999999999,0.6115910727141829,0.3884089272858171,,2017-08-15
300138,2017-09-30,,0.226,,,,,2017-10-26
300138,2017-12-31,,0.2796,,,,,2018-03-27
300138,2018-03-31,,0.0916,,,,,2018-04-24
300138,2018-06-30,,0.18,,,,,2018-08-21
300138,2018-09-30,,0.249,,,,,2018-10-30
300141,2015-06-30,15.08488137,0.1,150.8488137,0.364012885411873,0.6359871145881271,,2015-08-26
300141,2015-09-30,9.60126102,0.09,106.68067800000001,0.2432932469935245,0.7567067530064755,,2015-10-27
300141,2015-12-31,17.82997515,0.14,127.35696535714284,0.2264232942199044,0.7735767057800956,,2016-04-25
300141,2016-03-31,15.81384168,0.01,1581.3841679999998,0.07005171603196991,0.9299482839680301,,2016-04-25
300141,2016-06-30,23.1822513,0.01,2318.22513,0.016052060737527116,0.9839479392624729,,2016-08-25
300141,2016-09-30,16.4376576,0.1,164.376576,0.18864013266998342,0.8113598673300166,,2016-10-28
300141,2016-12-31,,0.18,,,,,2017-04-06
300141,2017-03-31,14.290752,0.02,714.5376,0.1368129695531831,0.8631870304468169,,2017-04-27
300141,2017-06-30,12.34354884,0.01,1234.354884,0.021958243340532757,0.9780417566594672,,2017-08-29
300141,2017-09-30,,0.05,,,,,2017-10-30
300141,2017-12-31,,0.02,,,,,2018-04-20
300141,2018-03-31,,0.02,,,,,2018-04-27
300141,2018-06-30,,0.01,,,,,2018-08-30
300141,2018-09-30,,0.0013,,,,,2018-10-30
300142,2015-06-30,15.9537791,-0.05,,,,,2015-08-26
300142,2015-09-30,15.9537791,-0.08,,,,,2015-10-27
300142,2015-12-31,12.95570276,-0.6,,,,,2016-04-30
300142,2016-03-31,10.97007912,-0.03,,,,,2016-04-30
300142,2016-06-30,10.97007912,-0.12,,,,,2016-08-27
300142,2016-09-30,10.97007912,-0.17,,,,,2016-10-22
300142,2016-12-31,,0.05,,,,,2017-04-19
300142,2017-03-31,12.8279151,-0.02,,,,,2017-04-19
300142,2017-06-30,12.14965752,-0.03,,,,,2017-08-23
300142,2017-09-30,,-0.0256,,,,,2017-10-30
300142,2017-12-31,,-0.3494,,,,,2018-04-24
300142,2018-03-31,,0.0155,,,,,2018-04-24
300142,2018-06-30,,0.0476,,,,,2018-08-18
300142,2018-09-30,,0.0593,,,,,2018-10-23
300143,2015-06-30,7.78076568,0.0408,190.7050411764706,0.29820524620340544,0.7017947537965945,,2015-07-18
300143,2015-09-30,6.83396424,0.0659,103.70203702579667,0.24976873265494912,0.7502312673450509,,2015-10-23
300143,2015-12-31,11.96044896,0.07,170.86355657142857,0.17209908735332463,0.8279009126466754,,2016-03-16
300143,2016-03-31,8.42005896,0.0348,241.95571724137935,0.41090738128819937,0.5890926187118006,,2016-04-22
300143,2016-06-30,9.4477836,0.0591,159.86097461928932,0.3010845986984816,0.6989154013015184,,2016-08-13
300143,2016-09-30,11.80669488,0.1264,93.40739620253164,0.32545605306799336,0.6745439469320067,,2016-10-25
300143,2016-12-31,,0.22,,,,,2017-04-07
300143,2017-03-31,10.8032472,0.18,60.01804,0.8410438908659549,0.15895610913404512,,2017-04-26
300143,2017-06-30,11.1876324,0.15,74.584216,0.46004319654427644,0.5399568034557236,,2017-08-18
300143,2017-09-30,,0.23,,,,,2017-10-23
300143,2017-12-31,,0.23,,,,,2018-03-17
300143,2018-03-31,,0.0652,,,,,2018-04-26
300143,2018-06-30,,0.08,,,,,2018-08-25
300143,2018-09-30,,0.12,,,,,2018-10-23
300144,2015-06-30,15.806349,0.2062,76.6554267701261,0.5867464335020709,0.4132535664979291,,2015-08-06
300144,2015-09-30,11.23449836,0.3845,29.218461274382314,0.6845513413506013,0.31544865864939875,,2015-10-27
300144,2015-12-31,14.0804386,0.45,31.289863555555556,0.6910039113428944,0.3089960886571056,,2016-02-29
300144,2016-03-31,14.55807892,0.1336,108.96765658682635,0.6666666666666666,0.33333333333333337,,2016-04-26
300144,2016-06-30,12.42393723,0.3,41.413124100000005,0.7609544468546637,0.23904555314533626,,2016-08-24
300144,2016-09-30,12.2194485,0.53,23.05556320754717,0.8217247097844113,0.17827529021558874,,2016-10-11
300144,2016-12-31,,0.62,,,,,2017-02-28
300144,2017-03-31,9.73565856,0.17,57.268579764705876,0.8536971134835903,0.14630288651640966,,2017-04-26
300144,2017-06-30,10.46121272,0.36,29.058924222222224,0.8448524118070554,0.1551475881929446,,2017-08-16
300144,2017-09-30,,0.63,,,,,2017-10-26
300144,2017-12-31,,0.73,,,,,2018-03-28
300144,2018-03-31,,0.2218,,,,,2018-04-26
300144,2018-06-30,,0.4579,,,,,2018-08-23
300144,2018-09-30,,0.7899,,,,,2018-10-27
300146,2015-06-30,14.54377352,0.29,50.1509431724138,0.7294063506672802,0.2705936493327198,,2015-07-24
300146,2015-09-30,10.0340189,0.4,25.08504725,0.7382053654024052,0.2617946345975948,,2015-10-22
300146,2015-12-31,14.2549715,0.44,32.3976625,0.6740547588005215,0.32594524119947854,,2016-02-27
300146,2016-03-31,12.2925988,0.1544,79.61527720207253,0.7597555242125059,0.24024447578749408,,2016-04-25
300146,2016-06-30,10.21115038,0.25,40.84460152,0.7648590021691974,0.23514099783080256,,2016-07-30
300146,2016-09-30,9.53241808,0.39,24.44209764102564,0.8063847429519071,0.1936152570480929,,2016-10-28
300146,2016-12-31,,0.37,,,,,2017-02-28
300146,2017-03-31,8.31824141,0.19,43.78021794736842,0.9062870699881376,0.09371293001186243,,2017-04-27
300146,2017-06-30,10.60756854,0.4,26.51892135,0.8729301655867531,0.12706983441324693,,2017-07-31
300146,2017-09-30,,0.55,,,,,2017-10-27
300146,2017-12-31,,0.52,,,,,2018-02-28
300146,2018-03-31,,0.25,,,,,2018-04-25
300146,2018-06-30,,0.48,,,,,2018-07-31
300146,2018-09-30,,0.72,,,,,2018-10-27
300148,2015-06-30,13.63924152,0.1581,86.26971233396586,0.5508513575701794,0.44914864242982055,,2015-08-11
300148,2015-09-30,10.159584,0.2296,44.24905923344948,0.5249768732654949,0.4750231267345051,,2015-10-27
300148,2015-12-31,11.1755424,0.35,31.930121142857143,0.6810082572794437,0.3189917427205563,,2016-03-05
300148,2016-03-31,13.60114308,0.02,680.057154,0.17207334273624825,0.8279266572637518,,2016-04-30
300148,2016-06-30,11.61820413,0.11,105.62003754545455,0.4316702819956616,0.5683297180043384,,2016-08-23
300148,2016-09-30,14.40626758,0.17,84.74275047058823,0.3582089552238806,0.6417910447761195,,2016-10-29
300148,2016-12-31,,0.34,,,,,2017-04-18
300148,2017-03-31,15.49857737,0.09,172.20641522222223,0.4958481613285884,0.5041518386714117,,2017-04-21
300148,2017-06-30,15.49858041,0.13,119.21984930769231,0.2782577393808495,0.7217422606191505,,2017-08-08
300148,2017-09-30,,0.16,,,,,2017-10-28
300148,2017-12-31,,0.16,,,,,2018-04-25
300148,2018-03-31,,0.0716,,,,,2018-04-25
300148,2018-06-30,,0.17,,,,,2018-08-28
300148,2018-09-30,,0.22,,,,,2018-10-29
300149,2015-06-30,18.47435373,0.059,313.12463949152544,0.1863782788771284,0.8136217211228716,,2015-08-14
300149,2015-09-30,18.47435373,0.131,141.0256009923664,0.18917668825161887,0.8108233117483812,,2015-10-28
300149,2015-12-31,17.37199485,0.14,124.08567749999999,0.23294219904389396,0.767057800956106,,2016-03-18
300149,2016-03-31,15.08853717,0.0351,429.8728538461539,0.2614010343206394,0.7385989656793606,,2016-04-25
300149,2016-06-30,18.21013155,0.076,239.60699407894737,0.20477223427331886,0.7952277657266811,,2016-08-26
300149,2016-09-30,17.12443265,0.1278,133.99399569640062,0.23092868988391377,0.7690713101160862,,2016-10-28
300149,2016-12-31,,0.15,,,,,2017-03-06
300149,2017-03-31,19.16752058,0.0289,663.2360062283738,0.14709371293001186,0.8529062870699882,,2017-04-26
300149,2017-06-30,19.16750602,0.08,239.59382525,0.13102951763858892,0.8689704823614111,,2017-08-15
300149,2017-09-30,,0.1178,,,,,2017-10-30
300149,2017-12-31,,0.14,,,,,2018-04-03
300149,2018-03-31,,0.0258,,,,,2018-04-27
300149,2018-06-30,,0.13,,,,,2018-08-30
300149,2018-09-30,,0.2508,,,,,2018-10-27
300150,2015-06-30,12.233088,0.03,407.7696,0.15232397606994938,0.8476760239300506,,2015-08-26
300150,2015-09-30,10.97488,0.08,137.186,0.19241443108233117,0.8075855689176689,,2015-10-22
300150,2015-12-31,13.3168,0.21,63.41333333333334,0.4267709691438505,0.5732290308561495,,2016-03-25
300150,2016-03-31,11.672864,0.0026,4489.5630769230775,0.017865538316878232,0.9821344616831218,,2016-04-22
300150,2016-06-30,10.03164489,0.0017,5900.967582352942,0.004338394793926247,0.9956616052060737,,2016-08-25
300150,2016-09-30,9.0775734,-0.0349,,,,,2016-10-28
300150,2016-12-31,,0.17,,,,,2017-04-13
300150,2017-03-31,8.35507266,-0.04,,,,,2017-04-26
300150,2017-06-30,7.0734286,-0.04,,,,,2017-08-25
300150,2017-09-30,,-0.04,,,,,2017-10-27
300150,2017-12-31,,0.09,,,,,2018-04-03
300150,2018-03-31,,0.05,,,,,2018-04-26
300150,2018-06-30,,0.16,,,,,2018-08-16
300150,2018-09-30,,0.1603,,,,,2018-10-25
300153,2015-06-30,12.11599909,0.05,242.3199818,0.2369995398067188,0.7630004601932812,,2015-08-26
300153,2015-09-30,9.10384046,0.06,151.73067433333335,0.17298797409805736,0.8270120259019427,,2015-10-23
300153,2015-12-31,18.22692794,0.13,140.207138,0.20512820512820512,0.7948717948717949,,2016-04-22
300153,2016-03-31,18.22692794,0.02,911.3463969999999,0.12740949694405265,0.8725905030559473,,2016-04-27
300153,2016-06-30,26.08162456,0.04,652.040614,0.0737527114967462,0.9262472885032538,,2016-07-30
300153,2016-09-30,19.6167832,0.05,392.335664,0.07669983416252073,0.9233001658374793,,2016-10-29
300153,2016-12-31,,0.15,,,,,2017-04-22
300153,2017-03-31,14.6884288,0.02,734.42144,0.1324634242783709,0.8675365757216291,,2017-04-27
300153,2017-06-30,14.45847844,0.0505,286.3065037623762,0.11267098632109432,0.8873290136789057,,2017-08-29
300153,2017-09-30,,0.0641,,,,,2017-10-28
300153,2017-12-31,,0.0905,,,,,2018-04-25
300153,2018-03-31,,0.0062,,,,,2018-04-27
300153,2018-06-30,,0.0532,,,,,2018-08-30
300153,2018-09-30,,0.055,,,,,2018-10-29
300155,2015-06-30,35.1692345,0.03,1172.3078166666667,0.051081454210768526,0.9489185457892315,,2015-08-26
300155,2015-09-30,12.9975432,0.05,259.950864,0.09296947271045329,0.9070305272895467,,2015-10-27
300155,2015-12-31,17.51166,0.06,291.861,0.1016949152542373,0.8983050847457628,,2016-04-26
300155,2016-03-31,14.6125074,-0.02,,,,,2016-04-26
300155,2016-06-30,14.30557192,0.01,1430.557192,0.02472885032537961,0.9752711496746204,,2016-08-27
300155,2016-09-30,13.61368118,0.02,680.684059,0.03897180762852405,0.961028192371476,,2016-10-28
300155,2016-12-31,,0.03,,,,,2017-04-25
300155,2017-03-31,10.5732599,-0.02,,,,,2017-04-25
300155,2017-06-30,7.63994241,-0.02,,,,,2017-08-29
300155,2017-09-30,,0.01,,,,,2017-10-30
300155,2017-12-31,,0.02,,,,,2018-04-25
300155,2018-03-31,,-0.01,,,,,2018-04-25
300155,2018-06-30,,0.0299,,,,,2018-08-27
300155,2018-09-30,,0.0542,,,,,2018-10-26
300159,2015-06-30,15.968512,0.0114,1400.7466666666667,0.041877588587206624,0.9581224114127934,,2015-07-28
300159,2015-09-30,12.44703488,0.0574,216.84729756097562,0.1147086031452359,0.8852913968547641,,2015-10-27
300159,2015-12-31,13.9514368,0.02,697.57184,0.03780964797913951,0.9621903520208605,,2016-04-19
300159,2016-03-31,11.81669888,0.001,11816.69888,0.005641748942172073,0.9943582510578279,,2016-04-26
300159,2016-06-30,15.1700864,0.0122,1243.4497049180327,0.031236442516268982,0.968763557483731,,2016-08-10
300159,2016-09-30,13.21803267,0.0719,183.83911919332405,0.1625207296849088,0.8374792703150912,,2016-10-25
300159,2016-12-31,,-2.34,,,,,2017-03-28
300159,2017-03-31,12.49444845,0.0005,24988.8969,0.0011862396204033216,0.9988137603795967,,2017-04-20
300159,2017-06-30,11.1555606,0.06,185.92601,0.17134629229661627,0.8286537077033838,,2017-08-10
300159,2017-09-30,,0.1722,,,,,2017-10-25
300159,2017-12-31,,-0.25,,,,,2018-04-24
300159,2018-03-31,,0.0338,,,,,2018-04-24
300159,2018-06-30,,0.13,,,,,2018-08-16
300159,2018-09-30,,0.218,,,,,2018-10-26
300161,2015-06-30,37.8878678,-0.18,,,,,2015-08-26
300161,2015-09-30,20.06470067,-0.3229,,,,,2015-10-27
300161,2015-12-31,36.41996088,-0.2557,,,,,2016-02-23
300161,2016-03-31,22.812067,-0.1321,,,,,2016-04-26
300161,2016-06-30,30.39955885,-0.22,,,,,2016-07-26
300161,2016-09-30,25.18253831,-0.2178,,,,,2016-10-28
300161,2016-12-31,,0.08,,,,,2017-04-12
300161,2017-03-31,24.65686894,-0.05,,,,,2017-04-27
300161,2017-06-30,18.92409732,0.0178,1063.1515348314608,0.0251979841612671,0.9748020158387329,,2017-08-23
300161,2017-09-30,,0.0348,,,,,2017-10-26
300161,2017-12-31,,0.1902,,,,,2018-02-12
300161,2018-03-31,,-0.09,,,,,2018-04-26
300161,2018-06-30,,-0.28,,,,,2018-08-23
300161,2018-09-30,,-0.3423,,,,,2018-10-29
300162,2015-06-30,22.9085298,0.06,381.80883,0.15968706856879888,0.8403129314312011,,2015-08-20
300162,2015-09-30,14.13671668,0.0864,163.6194060185185,0.16003700277520813,0.8399629972247918,,2015-10-23
300162,2015-12-31,23.35886842,0.06,389.3144736666667,0.07301173402868318,0.9269882659713168,,2016-02-27
300162,2016-03-31,27.51960567,0.029,948.9519196551723,0.12082745651151858,0.8791725434884814,,2016-04-15
300162,2016-06-30,21.52814403,0.08,269.101800375,0.18481561822125814,0.8151843817787419,,2016-08-10
300162,2016-09-30,16.89748822,0.1174,143.93090477001704,0.21475953565505804,0.785240464344942,,2016-10-29
300162,2016-12-31,,0.09,,,,,2017-04-28
300162,2017-03-31,12.48221175,0.025,499.28846999999996,0.18900751285092923,0.8109924871490708,,2017-04-28
300162,2017-06-30,10.40509314,0.06,173.418219,0.18286537077033838,0.8171346292296616,,2017-08-24
300162,2017-09-30,,0.0684,,,,,2017-10-30
300162,2017-12-31,,0.06,,,,,2018-04-20
300162,2018-03-31,,0.002,,,,,2018-04-20
300162,2018-06-30,,0.03,,,,,2018-08-30
300162,2018-09-30,,0.0418,,,,,2018-10-23
300163,2015-06-30,9.85852032,0.0135,730.2607644444445,0.08191440404970088,0.9180855959502991,,2015-08-26
300163,2015-09-30,7.65672688,0.0313,244.62386198083067,0.09944495837187789,0.900555041628122,,2015-10-26
300163,2015-12-31,12.47689432,0.07,178.2413474285714,0.16688396349413298,0.833116036505867,,2016-03-05
300163,2016-03-31,11.87189388,0.0069,1720.5643304347827,0.06346967559943582,0.9365303244005642,,2016-04-27
300163,2016-06-30,11.8718948,0.0685,173.31233284671532,0.28459869848156183,0.7154013015184382,,2016-08-20
300163,2016-09-30,13.54091432,0.097,139.59705484536082,0.22056384742951907,0.7794361525704809,,2018-05-21
300163,2016-12-31,,0.14,,,,,2017-04-06
300163,2017-03-31,8.97097992,-0.002,,,,,2017-04-26
300163,2017-06-30,7.6,0.0054,1407.4074074074072,0.019438444924406047,0.980561555075594,,2017-08-29
300163,2017-09-30,,0.005,,,,,2017-10-30
300163,2017-12-31,,-0.06,,,,,2018-04-25
300163,2018-03-31,,-0.026,,,,,2018-04-25
300163,2018-06-30,,-0.04,,,,,2018-08-30
300163,2018-09-30,,-0.32,,,,,2018-10-30
300164,2015-06-30,16.41748044,-0.0696,,,,,2015-08-24
300164,2015-09-30,16.41748044,-0.0466,,,,,2015-10-24
300164,2015-12-31,10.27768758,-0.11,,,,,2016-04-22
300164,2016-03-31,7.72023876,-0.0418,,,,,2016-04-27
300164,2016-06-30,7.62445416,-0.0289,,,,,2016-08-25
300164,2016-09-30,7.76813106,0.0212,366.4212764150943,0.08167495854063019,0.9183250414593698,,2016-10-28
300164,2016-12-31,,0.05,,,,,2017-03-31
300164,2017-03-31,8.36199558,-0.0312,,,,,2017-04-27
300164,2017-06-30,6.56930755,0.0092,714.055168478261,0.04139668826493881,0.9586033117350612,,2017-08-11
300164,2017-09-30,,0.0245,,,,,2017-10-26
300164,2017-12-31,,0.1,,,,,2018-04-04
300164,2018-03-31,,0.0082,,,,,2018-04-19
300164,2018-06-30,,0.1492,,,,,2018-08-07
300164,2018-09-30,,0.2338,,,,,2018-10-30
300168,2015-06-30,48.72890656,0.0266,1831.9137804511279,0.034974689369535204,0.9650253106304648,,2015-08-25
300168,2015-09-30,30.2075571,0.1,302.07557099999997,0.08094357076780759,0.9190564292321924,,2015-10-24
300168,2015-12-31,32.86621894,0.2319,141.72582552824494,0.2033898305084746,0.7966101694915254,,2016-04-26
300168,2016-03-31,26.9834336,0.005,5396.686720000001,0.015044663845792195,0.9849553361542078,,2016-04-26
300168,2016-06-30,25.85287676,0.0313,825.970503514377,0.05639913232104121,0.9436008676789588,,2016-08-25
300168,2016-09-30,21.81429732,0.09,242.38108133333336,0.12271973466003316,0.8772802653399668,,2016-10-25
300168,2016-12-31,,0.2343,,,,,2017-04-26
300168,2017-03-31,17.09930556,0.004,4274.82639,0.016211941478845394,0.9837880585211546,,2017-04-26
300168,2017-06-30,14.4732342,0.0371,390.1141293800539,0.07379409647228222,0.9262059035277178,,2017-08-30
300168,2017-09-30,,0.11,,,,,2017-10-27
300168,2017-12-31,,0.3167,,,,,2018-04-23
300168,2018-03-31,,0.005,,,,,2018-04-23
300168,2018-06-30,,0.0749,,,,,2018-08-16
300168,2018-09-30,,0.15,,,,,2018-10-30
300169,2015-06-30,13.467195,0.0224,601.2140625000001,0.0980211688909342,0.9019788311090658,,2015-08-26
300169,2015-09-30,8.3097581,0.0407,204.17096068796067,0.12719703977798336,0.8728029602220166,,2015-10-23
300169,2015-12-31,17.257961,0.0719,240.02727399165508,0.13211647109952196,0.867883528900478,,2017-03-07
300169,2016-03-31,12.3798437,-0.0286,,,,,2016-04-27
300169,2016-06-30,10.6340962,0.0117,908.8971111111111,0.049023861171366596,0.9509761388286334,,2016-08-26
300169,2016-09-30,10.5143878,0.0381,275.9681837270341,0.11069651741293532,0.8893034825870647,,2016-10-28
300169,2016-12-31,,0.03,,,,,2017-03-07
300169,2017-03-31,9.6963804,-0.0229,,,,,2017-04-27
300169,2017-06-30,7.85,0.0076,1032.8947368421052,0.02771778257739381,0.9722822174226062,,2017-08-15
300169,2017-09-30,,0.0104,,,,,2017-10-25
300169,2017-12-31,,-0.11,,,,,2018-04-28
300169,2018-03-31,,-0.0144,,,,,2018-04-28
300169,2018-06-30,,0.0215,,,,,2018-08-17
300169,2018-09-30,,0.0116,,,,,2018-10-30
300170,2015-06-30,23.6161954,0.11,214.69268545454545,0.2664519098021169,0.733548090197883,,2015-08-25
300170,2015-09-30,14.9922492,0.18,83.29027333333333,0.3131359851988899,0.68686401480111,,2015-10-26
300170,2015-12-31,19.299361,0.26,74.22831153846154,0.3811386353759235,0.6188613646240765,,2016-04-25
300170,2016-03-31,13.708866,0.05,274.17732,0.3714151386929948,0.6285848613070052,,2016-04-25
300170,2016-06-30,14.79165006,0.126,117.39404809523809,0.39349240780911066,0.6065075921908893,,2016-08-26
300170,2016-09-30,12.5699793,0.1986,63.292947129909365,0.46558872305140964,0.5344112769485904,,2016-10-29
300170,2016-12-31,,0.28,,,,,2017-04-26
300170,2017-03-31,10.73807534,0.0548,195.9502799270073,0.4511664689600633,0.5488335310399367,,2017-04-26
300170,2017-06-30,10.09476844,0.1503,67.16412801064537,0.5079193664506839,0.4920806335493161,,2017-08-21
300170,2017-09-30,,0.23,,,,,2017-10-27
300170,2017-12-31,,0.38,,,,,2018-04-20
300170,2018-03-31,,0.0694,,,,,2018-04-20
300170,2018-06-30,,0.1788,,,,,2018-08-28
300170,2018-09-30,,0.2846,,,,,2018-10-26
300174,2015-06-30,14.23049624,0.1485,95.82825750841752,0.5186378278877128,0.48136217211228716,,2015-07-30
300174,2015-09-30,8.53204716,0.2042,41.78279706170421,0.5481036077705828,0.45189639222941724,,2015-10-15
300174,2015-12-31,16.668224,0.227,73.42829955947136,0.3854845719252499,0.6145154280747501,,2016-04-06
300174,2016-03-31,11.27188648,0.0609,185.08844794745482,0.4908321579689704,0.5091678420310296,,2016-04-12
300174,2016-06-30,12.68520408,0.0853,148.7128262602579,0.3210412147505423,0.6789587852494576,,2016-08-27
300174,2016-09-30,22.42936662,0.0916,244.86208100436681,0.12106135986733002,0.87893864013267,,2016-10-28
300174,2016-12-31,,0.1738,,,,,2017-03-30
300174,2017-03-31,29.7767373,0.0524,568.2583454198473,0.16844602609727166,0.8315539739027283,,2017-04-20
300174,2017-06-30,28.10810958,0.1239,226.86125569007265,0.13930885529157666,0.8606911447084233,,2017-08-29
300174,2017-09-30,,0.1364,,,,,2017-10-14
300174,2017-12-31,,0.1988,,,,,2018-04-21
300174,2018-03-31,,0.2117,,,,,2018-04-27
300174,2018-06-30,,0.2934,,,,,2018-08-28
300174,2018-09-30,,0.3402,,,,,2018-10-30
300175,2015-06-30,14.8524,0.0573,259.2041884816754,0.22365393465255407,0.7763460653474459,,2015-08-25
300175,2015-09-30,7.56207276,0.053,142.68061811320757,0.18640148011100832,0.8135985198889917,,2015-10-27
300175,2015-12-31,14.5882506,0.076,191.9506657894737,0.16036505867014342,0.8396349413298566,,2016-02-26
300175,2016-03-31,8.59416668,0.0107,803.1931476635515,0.14527503526093088,0.8547249647390691,,2016-04-26
300175,2016-06-30,8.98149312,0.033,272.16645818181814,0.18047722342733188,0.8195227765726681,,2016-08-20
300175,2016-09-30,12.00181824,0.066,181.84573090909092,0.16583747927031509,0.8341625207296849,,2016-10-26
300175,2016-12-31,,0.06,,,,,2017-03-25
300175,2017-03-31,15.37981344,0.1217,126.37480230073952,0.5935152234084619,0.40648477659153814,,2017-04-25
300175,2017-06-30,8.17703406,0.0985,83.01557421319797,0.4060475161987041,0.593952483801296,,2017-08-26
300175,2017-09-30,,0.109,,,,,2017-10-25
300175,2017-12-31,,0.084,,,,,2018-04-25
300175,2018-03-31,,-0.0097,,,,,2018-04-25
300175,2018-06-30,,0.0161,,,,,2018-08-23
300175,2018-09-30,,0.0971,,,,,2018-10-27
300176,2015-06-30,7.10926293,0.1015,70.04199931034482,0.6267832489645652,0.37321675103543483,,2015-08-25
300176,2015-09-30,4.7302064,0.1402,33.73899001426534,0.6276595744680851,0.37234042553191493,,2015-10-26
300176,2015-12-31,7.90717024,0.3567,22.16756445192038,0.7953063885267275,0.20469361147327247,,2016-03-16
300176,2016-03-31,6.98823616,0.1179,59.272571331636975,0.8368594264221909,0.1631405735778091,,2016-04-27
300176,2016-06-30,8.2134638,0.2392,34.337223244147154,0.806941431670282,0.19305856832971802,,2016-08-05
300176,2016-09-30,8.2134638,0.2998,27.396476984656434,0.7732172470978441,0.22678275290215588,,2016-10-28
300176,2016-12-31,,0.4671,,,,,2017-03-30
300176,2017-03-31,14.9854919,0.1244,120.4621535369775,0.6152629497825227,0.3847370502174773,,2017-04-25
300176,2017-06-30,17.99940998,0.2254,79.85541251109139,0.4269258459323254,0.5730741540676746,,2017-08-29
300176,2017-09-30,,0.7244,,,,,2017-10-27
300176,2017-12-31,,1.2682,,,,,2018-04-27
300176,2018-03-31,,0.5734,,,,,2018-04-27
300176,2018-06-30,,0.9875,,,,,2018-08-29
300176,2018-09-30,,0.9998,,,,,2018-10-30
300180,2015-06-30,5.0246668,0.21,23.926984761904766,0.9203865623561897,0.07961343764381035,,2015-08-22
300180,2015-09-30,4.92197288,0.3,16.40657626666667,0.8630897317298798,0.1369102682701202,,2015-10-26
300180,2015-12-31,5.46845124,0.3,18.2281708,0.8448500651890483,0.15514993481095174,,2016-04-26
300180,2016-03-31,5.868224,0.03,195.60746666666665,0.4692054536906441,0.530794546309356,,2016-04-26
300180,2016-06-30,6.27900272,0.09,69.76669688888889,0.5908893709327548,0.40911062906724516,,2016-08-27
300180,2016-09-30,6.27900272,0.17,36.935310117647056,0.6832504145936982,0.3167495854063018,,2016-10-28
300180,2016-12-31,,0.22,,,,,2017-04-26
300180,2017-03-31,9.59302288,0.06,159.88371466666666,0.5156188216686437,0.4843811783313563,,2017-04-26
300180,2017-06-30,9.81724925,0.08,122.715615625,0.27249820014398846,0.7275017998560116,,2017-08-29
300180,2017-09-30,,0.17,,,,,2017-10-27
300180,2017-12-31,,0.24,,,,,2018-04-21
300180,2018-03-31,,0.09,,,,,2018-04-21
300180,2018-06-30,,0.18,,,,,2018-08-28
300180,2018-09-30,,0.17,,,,,2018-10-30
300181,2015-06-30,9.89855762,0.1016,97.42674822834645,0.5112747353888634,0.48872526461113663,,2015-08-11
300181,2015-09-30,7.1777062,0.1307,54.917415455241006,0.4472710453283996,0.5527289546716003,,2015-10-21
300181,2015-12-31,9.92359613,0.15,66.15730753333334,0.4150369404606693,0.5849630595393307,,2016-04-08
300181,2016-03-31,7.47816832,0.04,186.954208,0.48754113775270336,0.5124588622472966,,2016-04-20
300181,2016-06-30,7.7720412,0.0944,82.33094491525424,0.5219088937093276,0.4780911062906724,,2016-08-05
300181,2016-09-30,8.6131712,0.1219,70.65768006562757,0.42122719734660036,0.5787728026533996,,2016-10-29
300181,2016-12-31,,0.12,,,,,2017-03-22
300181,2017-03-31,6.9561451,0.0171,406.79211111111107,0.23052589956504546,0.7694741004349546,,2017-04-20
300181,2017-06-30,5.85421618,0.0792,73.91687095959595,0.46508279337652986,0.5349172066234702,,2017-07-26
300181,2017-09-30,,0.0838,,,,,2017-10-26
300181,2017-12-31,,0.07,,,,,2018-03-16
300181,2018-03-31,,0.0147,,,,,2018-04-25
300181,2018-06-30,,0.0567,,,,,2018-08-01
300181,2018-09-30,,0.0422,,,,,2018-10-25
300182,2015-06-30,13.5007765,0.0691,195.38026772793057,0.28992176714219975,0.7100782328578003,,2015-08-26
300182,2015-09-30,11.40619001,0.11,103.69263645454545,0.25023126734505086,0.7497687326549491,,2015-10-22
300182,2015-12-31,15.729072,0.2407,65.34720398836727,0.418948283355063,0.5810517166449369,,2016-04-23
300182,2016-03-31,11.8623418,0.05,237.24683599999997,0.4141984015044664,0.5858015984955336,,2016-04-25
300182,2016-06-30,11.21351758,0.1667,67.26765194961008,0.6047722342733188,0.39522776572668117,,2016-08-02
300182,2016-09-30,11.63748556,0.25,46.54994224,0.5883084577114428,0.4116915422885572,,2016-10-28
300182,2016-12-31,,0.3759,,,,,2017-03-25
300182,2017-03-31,9.62216548,0.05,192.4433096,0.45630684064847765,0.5436931593515224,,2017-04-25
300182,2017-06-30,9.44434312,0.2043,46.22781752325012,0.6799856011519079,0.32001439884809213,,2017-08-01
300182,2017-09-30,,0.3,,,,,2017-10-28
300182,2017-12-31,,0.3895,,,,,2018-04-24
300182,2018-03-31,,0.0784,,,,,2018-04-26
300182,2018-06-30,,0.2234,,,,,2018-08-30
300182,2018-09-30,,0.3101,,,,,2018-10-29
300184,2015-06-30,14.21890724,0.0478,297.4666786610878,0.19788311090658076,0.8021168890934193,,2015-08-01
300184,2015-09-30,12.7992091,0.073,175.33163150684933,0.1498612395929695,0.8501387604070305,,2015-10-26
300184,2015-12-31,9.69122128,0.1014,95.57417435897436,0.3011734028683181,0.6988265971316818,,2016-03-19
300184,2016-03-31,6.04605038,0.0198,305.35607979797976,0.33803479078514337,0.6619652092148567,,2016-04-23
300184,2016-06-30,6.04605038,0.0574,105.3318881533101,0.4334056399132321,0.5665943600867679,,2016-07-30
300184,2016-09-30,8.9895944,0.0944,95.22875423728813,0.3200663349917081,0.6799336650082919,,2016-10-29
300184,2016-12-31,,0.1221,,,,,2017-02-18
300184,2017-03-31,7.44382268,0.0971,76.66140762100926,0.7718465796757612,0.2281534203242388,,2017-04-19
300184,2017-06-30,6.81893624,0.2863,23.817451065316103,0.894528437724982,0.10547156227501797,,2017-07-27
300184,2017-09-30,,0.4639,,,,,2017-10-28
300184,2017-12-31,,0.5426,,,,,2018-04-21
300184,2018-03-31,,0.1649,,,,,2018-04-23
300184,2018-06-30,,0.1818,,,,,2018-08-16
300184,2018-09-30,,0.2588,,,,,2018-10-26
300188,2015-06-30,22.36470865,0.043,520.1095034883722,0.11642890013805798,0.883571099861942,,2015-08-26
300188,2015-09-30,13.41882519,0.08,167.735314875,0.1572617946345976,0.8427382053654024,,2015-10-26
300188,2015-12-31,30.5219577,0.31,98.45792806451614,0.29421990438939594,0.7057800956106041,,2016-04-25
300188,2016-03-31,17.89176692,0.0022,8132.621327272726,0.009402914903620122,0.9905970850963799,,2016-04-25
300188,2016-06-30,16.05747312,0.049,327.7035330612245,0.14837310195227765,0.8516268980477224,,2016-08-26
300188,2016-09-30,14.2552267,0.095,150.05501789473684,0.20854063018242122,0.7914593698175788,,2016-10-27
300188,2016-12-31,,0.38,,,,,2017-03-28
300188,2017-03-31,11.4825399,0.0068,1688.6088088235297,0.04744958481613286,0.9525504151838672,,2017-04-26
300188,2017-06-30,10.44494087,0.041,254.75465536585364,0.1216702663786897,0.8783297336213103,,2017-08-25
300188,2017-09-30,,0.083,,,,,2017-10-27
300188,2017-12-31,,0.35,,,,,2018-03-23
300188,2018-03-31,,0.007,,,,,2018-04-26
300188,2018-06-30,,0.05,,,,,2018-08-29
300188,2018-09-30,,0.06,,,,,2018-10-26
300189,2015-06-30,11.3499859,0.0014,8107.132785714286,0.006902899217671422,0.9930971007823286,,2015-08-26
300189,2015-09-30,11.35,0.0044,2579.5454545454545,0.008325624421831638,0.9916743755781684,,2015-10-23
300189,2015-12-31,7.41,-0.0199,,,,,2016-04-26
300189,2016-03-31,6.6,-0.0039,,,,,2017-04-26
300189,2016-06-30,5.6,0.0051,1098.0392156862745,0.03774403470715835,0.9622559652928416,,2016-08-27
300189,2016-09-30,5.06,-0.0241,,,,,2016-10-29
300189,2016-12-31,,0.0156,,,,,2017-04-26
300189,2017-03-31,4.7,0.0051,921.5686274509803,0.10003954132068012,0.8999604586793198,,2017-04-26
300189,2017-06-30,3.25,0.0066,492.42424242424244,0.05723542116630669,0.9427645788336934,,2017-08-30
300189,2017-09-30,,-0.0123,,,,,2017-10-27
300189,2017-12-31,,-0.016,,,,,2018-04-24
300189,2018-03-31,,0.0126,,,,,2018-04-26
300189,2018-06-30,,-0.0028,,,,,2018-08-29
300189,2018-09-30,,0.0332,,,,,2018-10-27
300191,2015-06-30,24.7006257,-0.0168,,,,,2015-08-25
300191,2015-09-30,14.46325794,-0.05,,,,,2015-10-23
300191,2015-12-31,43.7468913,-0.15,,,,,2016-02-29
300191,2016-03-31,30.08714769,0.0151,1992.5263370860926,0.0540667606958157,0.9459332393041843,,2016-04-09
300191,2016-06-30,45.37952528,0.0191,2375.8913759162306,0.01475054229934924,0.9852494577006508,,2016-08-25
300191,2016-09-30,35.23785136,0.0321,1097.7523788161996,0.024875621890547265,0.9751243781094527,,2016-10-28
300191,2016-12-31,,0.04,,,,,2017-04-25
300191,2017-03-31,29.7204632,-0.0288,,,,,2017-04-28
300191,2017-06-30,26.4258071,-0.0498,,,,,2017-08-26
300191,2017-09-30,,-0.0634,,,,,2017-10-26
300191,2017-12-31,,-0.05,,,,,2018-04-25
300191,2018-03-31,,0.013,,,,,2018-04-26
300191,2018-06-30,,0.0279,,,,,2018-08-30
300191,2018-09-30,,0.0334,,,,,2018-10-26
300194,2015-06-30,7.9235736,0.1,79.235736,0.5789231477220432,0.42107685227795677,,2015-08-26
300194,2015-09-30,5.6768136,0.19,29.87796631578947,0.6780758556891767,0.3219241443108233,,2015-10-24
300194,2015-12-31,5.6768136,0.24,23.65339,0.7783572359843546,0.22164276401564542,,2016-04-26
300194,2016-03-31,5.59293456,0.11,50.84485963636364,0.8725905030559473,0.12740949694405268,,2016-04-26
300194,2016-06-30,6.5230151,0.07,93.18593,0.47592190889370933,0.5240780911062907,,2016-08-27
300194,2016-09-30,7.04124078,0.13,54.163390615384614,0.5265339966832504,0.4734660033167496,,2016-10-29
300194,2016-12-31,,0.19,,,,,2017-03-31
300194,2017-03-31,8.6170084,0.08,107.712605,0.6536180308422301,0.34638196915776986,,2017-04-26
300194,2017-06-30,6.33286085,0.15,42.21907233333334,0.7185025197984162,0.2814974802015838,,2017-08-29
300194,2017-09-30,,0.2,,,,,2017-10-28
300194,2017-12-31,,0.24,,,,,2018-03-31
300194,2018-03-31,,0.07,,,,,2018-04-26
300194,2018-06-30,,0.15,,,,,2018-08-25
300194,2018-09-30,,0.19,,,,,2018-10-27
300195,2015-06-30,29.13444836,0.38,76.66960094736842,0.5862862402208928,0.4137137597791072,,2015-08-12
300195,2015-09-30,15.61555383,0.45,34.70123073333333,0.6174838112858464,0.3825161887141536,,2015-10-24
300195,2015-12-31,21.77790899,0.58,37.548118948275864,0.6179921773142112,0.3820078226857888,,2016-04-08
300195,2016-03-31,15.81610385,0.1,158.1610385,0.5420780441937001,0.4579219558062999,,2016-04-27
300195,2016-06-30,16.91001305,0.21,80.52387166666666,0.5314533622559653,0.4685466377440347,,2016-08-26
300195,2016-09-30,17.19260626,0.26,66.1254086923077,0.44734660033167495,0.552653399668325,,2016-10-28
300195,2016-12-31,,0.41,,,,,2017-04-26
300195,2017-03-31,14.22993551,0.12,118.58279591666668,0.6207987346777383,0.3792012653222617,,2017-04-26
300195,2017-06-30,13.15340796,0.19,69.22846294736841,0.49388048956083513,0.5061195104391649,,2017-08-10
300195,2017-09-30,,0.31,,,,,2017-10-23
300195,2017-12-31,,0.36,,,,,2018-04-19
300195,2018-03-31,,0.11,,,,,2018-04-26
300195,2018-06-30,,0.21,,,,,2018-08-29
300195,2018-09-30,,0.28,,,,,2018-10-26
300199,2015-06-30,31.66998305,0.1,316.69983049999996,0.18499769903359412,0.8150023009664059,,2015-08-13
300199,2015-09-30,17.79905945,0.2,88.99529725000001,0.29509713228492135,0.7049028677150786,,2015-10-22
300199,2015-12-31,24.12717855,0.34,70.96228985294117,0.39417644502390264,0.6058235549760973,,2016-04-28
300199,2016-03-31,17.828447,0.0659,270.53789074355086,0.3756464503996239,0.624353549600376,,2016-04-28
300199,2016-06-30,19.95588155,0.12,166.29901291666667,0.29370932754880696,0.706290672451193,,2016-08-04
300199,2016-09-30,21.61315132,0.26,83.12750507692307,0.3656716417910448,0.6343283582089552,,2016-10-27
300199,2016-12-31,,0.33,,,,,2017-04-27
300199,2017-03-31,15.79799763,0.0854,184.98826264637,0.4693554764729142,0.5306445235270858,,2017-04-27
300199,2017-06-30,15.14154642,0.17,89.06792011764705,0.380849532037437,0.619150467962563,,2017-08-17
300199,2017-09-30,,0.25,,,,,2017-10-26
300199,2017-12-31,,0.36,,,,,2018-03-16
300199,2018-03-31,,0.107,,,,,2018-04-26
300199,2018-06-30,,0.23,,,,,2018-08-08
300199,2018-09-30,,0.32,,,,,2018-10-25
300201,2015-06-30,6.5083311,-0.0307,,,,,2015-07-31
300201,2015-09-30,4.9528809,0.0192,257.96254687500004,0.09435707678075855,0.9056429232192414,,2015-10-27
300201,2015-12-31,8.19885987,0.0727,112.77661444291608,0.2572794437201217,0.7427205562798783,,2016-04-26
300201,2016-03-31,6.44693175,-0.0214,,,,,2016-04-27
300201,2016-06-30,7.72188365,0.0111,695.6651936936936,0.06984815618221259,0.9301518438177874,,2016-08-30
300201,2016-09-30,7.20749656,0.0352,204.758425,0.14386401326699835,0.8561359867330016,,2016-10-29
300201,2016-12-31,,0.089,,,,,2017-04-26
300201,2017-03-31,8.4851448,0.0016,5303.2155,0.012257809410834321,0.9877421905891657,,2017-04-27
300201,2017-06-30,8.48514194,0.0275,308.550616,0.10187185025197984,0.8981281497480201,,2017-08-08
300201,2017-09-30,,0.0736,,,,,2017-10-20
300201,2017-12-31,,0.1556,,,,,2018-04-25
300201,2018-03-31,,-0.0181,,,,,2018-04-27
300201,2018-06-30,,0.0208,,,,,2018-08-15
300201,2018-09-30,,0.0527,,,,,2018-10-30
300204,2015-06-30,22.59276516,0.23,98.22941373913042,0.5057524160147262,0.4942475839852738,,2015-08-25
300204,2015-09-30,19.9889424,0.37,54.02416864864865,0.45420906567992597,0.545790934320074,,2015-10-20
300204,2015-12-31,23.30289864,0.45,51.784219199999995,0.5067362016514559,0.49326379834854406,,2016-03-01
300204,2016-03-31,16.05690702,0.12,133.8075585,0.6003761165961448,0.39962388340385524,,2016-04-26
300204,2016-06-30,17.1082632,0.25,68.4330528,0.5991323210412147,0.4008676789587853,,2016-08-23
300204,2016-09-30,16.2639834,0.43,37.82321720930233,0.6703980099502488,0.3296019900497512,,2016-10-28
300204,2016-12-31,,0.54,,,,,2017-03-21
300204,2017-03-31,15.540315,0.14,111.00224999999999,0.6433372874654013,0.3566627125345987,,2017-04-20
300204,2017-06-30,14.61961604,0.3,48.73205346666667,0.6547876169906407,0.3452123830093593,,2017-08-22
300204,2017-09-30,,0.47,,,,,2017-10-27
300204,2017-12-31,,0.55,,,,,2018-02-13
300204,2018-03-31,,0.11,,,,,2018-04-26
300204,2018-06-30,,0.2,,,,,2018-08-28
300204,2018-09-30,,0.25,,,,,2018-10-30
300209,2015-06-30,17.81442105,0.02,890.7210524999999,0.06810860561435803,0.931891394385642,,2015-08-26
300209,2015-09-30,17.73877595,0.0215,825.0593465116281,0.0272895467160037,0.9727104532839963,,2015-10-27
300209,2015-12-31,19.5164358,0.01,1951.64358,0.006953498478922208,0.9930465015210778,,2016-03-25
300209,2016-03-31,21.95220802,0.01,2195.220802,0.047954866008462625,0.9520451339915373,,2016-04-25
300209,2016-06-30,19.117482,0.1,191.17481999999998,0.25900216919739694,0.7409978308026031,,2016-08-26
300209,2016-09-30,18.64049136,0.2031,91.77986883308714,0.3308457711442786,0.6691542288557214,,2016-10-29
300209,2016-12-31,,0.36,,,,,2017-04-11
300209,2017-03-31,21.06330096,0.02,1053.1650479999998,0.08343218663503361,0.9165678133649664,,2017-04-27
300209,2017-06-30,21.06329148,0.07,300.904164,0.10655147588192944,0.8934485241180705,,2017-08-29
300209,2017-09-30,,0.249,,,,,2017-10-30
300209,2017-12-31,,0.3709,,,,,2018-04-25
300209,2018-03-31,,0.0247,,,,,2018-04-27
300209,2018-06-30,,0.0242,,,,,2018-08-30
300209,2018-09-30,,-0.074,,,,,2018-10-27
300213,2015-06-30,19.02890211,0.1192,159.63844052013422,0.344684767602393,0.655315232397607,,2015-07-30
300213,2015-09-30,9.3768309,0.2201,42.60259382099046,0.5407030527289547,0.4592969472710453,,2015-10-20
300213,2015-12-31,17.727342,0.32,55.397943749999996,0.4828335506301608,0.5171664493698391,,2016-03-22
300213,2016-03-31,12.21320562,0.02,610.6602809999999,0.1866478608368594,0.8133521391631406,,2016-04-19
300213,2016-06-30,13.23219088,0.0816,162.1592019607843,0.2967462039045553,0.7032537960954447,,2016-08-09
300213,2016-09-30,12.3466087,0.1404,87.93880840455842,0.3449419568822554,0.6550580431177446,,2016-10-26
300213,2016-12-31,,0.2,,,,,2017-03-16
300213,2017-03-31,10.13968168,0.0103,984.4351145631068,0.0937129300118624,0.9062870699881376,,2017-04-18
300213,2017-06-30,8.45809766,0.0574,147.35361777003484,0.21922246220302377,0.7807775377969762,,2017-08-25
300213,2017-09-30,,0.1007,,,,,2017-10-27
300213,2017-12-31,,0.2,,,,,2018-03-31
300213,2018-03-31,,0.0211,,,,,2018-04-27
300213,2018-06-30,,0.0839,,,,,2018-08-17
300213,2018-09-30,,0.1135,,,,,2018-10-30
300214,2015-06-30,9.12162234,0.12,76.0135195,0.5895075931891395,0.4104924068108605,,2015-08-22
300214,2015-09-30,6.0117729,0.2,30.058864500000002,0.6757631822386679,0.32423681776133206,,2015-10-23
300214,2015-12-31,9.86292366,0.26,37.93432176923077,0.6149500217296827,0.3850499782703173,,2016-03-31
300214,2016-03-31,7.34973138,0.04,183.7432845,0.4931828866948754,0.5068171133051246,,2016-04-27
300214,2016-06-30,7.0574119,0.11,64.15829,0.6186550976138828,0.3813449023861172,,2016-08-27
300214,2016-09-30,7.68066386,0.16,48.004149125,0.5717247097844113,0.42827529021558874,,2016-10-28
300214,2016-12-31,,0.2,,,,,2017-04-15
300214,2017-03-31,7.57067822,0.02,378.533911,0.25069197311190194,0.749308026888098,,2017-04-25
300214,2017-06-30,6.19669171,0.09,68.85213011111111,0.4971202303815695,0.5028797696184305,,2017-08-26
300214,2017-09-30,,0.19,,,,,2017-10-26
300214,2017-12-31,,0.23,,,,,2018-04-24
300214,2018-03-31,,0.08,,,,,2018-04-27
300214,2018-06-30,,0.14,,,,,2018-08-28
300214,2018-09-30,,0.2,,,,,2018-10-27
300215,2015-06-30,13.8376018,-0.03,,,,,2015-08-15
300215,2015-09-30,8.061599,0.01,806.1598999999999,0.028214616096207217,0.9717853839037928,,2015-10-27
300215,2015-12-31,17.540622,0.04,438.51554999999996,0.06258148631029987,0.9374185136897001,,2016-03-18
300215,2016-03-31,9.8599557,0.0036,2738.8765833333337,0.037611659614480486,0.9623883403855196,,2016-04-26
300215,2016-06-30,11.42046416,0.02,571.023208,0.0876355748373102,0.9123644251626898,,2016-08-16
300215,2016-09-30,20.26955052,0.07,289.5650074285714,0.10199004975124377,0.8980099502487562,,2016-10-22
300215,2016-12-31,,0.1,,,,,2017-03-28
300215,2017-03-31,11.526866,0.0092,1252.9202173913043,0.06722024515618821,0.9327797548438118,,2017-04-26
300215,2017-06-30,9.06964704,0.07,129.56638628571426,0.2544996400287977,0.7455003599712022,,2017-08-10
300215,2017-09-30,,0.12,,,,,2017-10-24
300215,2017-12-31,,0.17,,,,,2018-03-31
300215,2018-03-31,,0.01,,,,,2018-04-26
300215,2018-06-30,,0.07,,,,,2018-08-10
300215,2018-09-30,,0.12,,,,,2018-10-25
300221,2015-06-30,12.6897477,0.064,198.2773078125,0.2830188679245283,0.7169811320754718,,2015-08-05
300221,2015-09-30,8.15769495,0.0843,96.76980960854092,0.2719703977798335,0.7280296022201664,,2015-10-27
300221,2015-12-31,12.97239185,0.1,129.7239185,0.2199043893959148,0.7800956106040852,,2016-03-31
300221,2016-03-31,13.449963,0.1,134.49963,0.5975552421250587,0.4024447578749413,,2016-04-20
300221,2016-06-30,19.94098764,0.249,80.08428771084337,0.5327548806941431,0.4672451193058569,,2016-08-19
300221,2016-09-30,27.52871898,0.3681,74.78597929910352,0.40381426202321724,0.5961857379767828,,2016-10-12
300221,2016-12-31,,0.38,,,,,2017-03-10
300221,2017-03-31,15.61490658,0.1,156.1490658,0.5270858046658758,0.47291419533412415,,2017-04-19
300221,2017-06-30,13.6808943,0.2149,63.66167659376454,0.5316774658027358,0.4683225341972642,,2017-08-22
300221,2017-09-30,,0.3166,,,,,2017-10-21
300221,2017-12-31,,0.45,,,,,2018-04-24
300221,2018-03-31,,0.1,,,,,2018-04-24
300221,2018-06-30,,0.0815,,,,,2018-08-30
300221,2018-09-30,,0.0605,,,,,2018-10-30
300222,2015-06-30,23.20119595,0.2,116.00597975,0.4450069028992177,0.5549930971007824,,2015-08-19
300222,2015-09-30,18.88265548,0.15,125.88436986666667,0.20906567992599445,0.7909343200740055,,2015-10-24
300222,2015-12-31,18.88265548,0.24,78.67773116666667,0.3607127335940895,0.6392872664059105,,2016-03-22
300222,2016-03-31,27.88234107,0.06,464.7056845,0.2449459332393042,0.7550540667606958,,2016-04-26
300222,2016-06-30,26.95496463,0.12,224.62470525,0.2160520607375271,0.7839479392624729,,2016-08-18
300222,2016-09-30,20.99121561,0.27,77.745243,0.38930348258706465,0.6106965174129353,,2016-10-28
300222,2016-12-31,,0.44,,,,,2017-03-30
300222,2017-03-31,27.555276,0.07,393.6467999999999,0.23922499011466983,0.7607750098853302,,2017-04-18
300222,2017-06-30,22.38699774,0.15,149.2466516,0.21634269258459324,0.7836573074154067,,2017-08-29
300222,2017-09-30,,0.29,,,,,2017-10-27
300222,2017-12-31,,0.48,,,,,2018-03-30
300222,2018-03-31,,0.07,,,,,2018-04-27
300222,2018-06-30,,0.16,,,,,2018-08-16
300222,2018-09-30,,0.32,,,,,2018-10-30
300223,2015-06-30,29.284916,0.0026,11263.42923076923,0.004601932811780948,0.9953980671882191,,2015-08-20
300223,2015-09-30,18.5992121,0.2327,79.92785603781694,0.32146160962072157,0.6785383903792784,,2015-10-23
300223,2015-12-31,30.3625351,0.1926,157.64556126687435,0.18730986527596696,0.8126901347240331,,2016-03-29
300223,2016-03-31,21.2644685,-0.0201,,,,,2016-04-12
300223,2016-06-30,36.227664,0.0185,1958.2521081081081,0.01908893709327549,0.9809110629067245,,2016-08-13
300223,2016-09-30,36.227664,0.0489,740.8520245398772,0.03731343283582089,0.9626865671641791,,2016-10-26
300223,2016-12-31,,0.0424,,,,,2017-03-25
300223,2017-03-31,39.8504304,0.0123,3239.8723902439024,0.022538552787663108,0.9774614472123369,,2017-04-15
300223,2017-06-30,20.0487186,0.0189,1060.778761904762,0.025557955363570913,0.9744420446364291,,2017-08-09
300223,2017-09-30,,0.0344,,,,,2017-10-27
300223,2017-12-31,,0.0325,,,,,2018-03-31
300223,2018-03-31,,0.0178,,,,,2018-04-17
300223,2018-06-30,,0.0591,,,,,2018-08-11
300223,2018-09-30,,0.1036,,,,,2018-10-27
300225,2015-06-30,8.98302636,0.0723,124.24656099585061,0.4252185918085596,0.5747814081914404,,2015-08-20
300225,2015-09-30,5.77480266,0.0983,58.746720854526956,0.4213691026827012,0.5786308973172988,,2015-10-24
300225,2015-12-31,8.75942289,0.147,59.587910816326534,0.4554541503694046,0.5445458496305954,,2016-03-17
300225,2016-03-31,6.99003891,0.0364,192.034035989011,0.4767277856135402,0.5232722143864599,,2016-04-27
300225,2016-06-30,6.99003864,0.0832,84.0148875,0.5149674620390455,0.48503253796095447,,2016-08-25
300225,2016-09-30,8.46265914,0.1057,80.0630003784295,0.38018242122719736,0.6198175787728026,,2016-10-26
300225,2016-12-31,,0.149,,,,,2017-03-23
300225,2017-03-31,13.87208511,0.0228,608.4247855263158,0.15658362989323843,0.8434163701067616,,2017-04-27
300225,2017-06-30,14.73335955,0.0553,266.4260316455696,0.11879049676025918,0.8812095032397408,,2017-08-29
300225,2017-09-30,,0.0776,,,,,2017-10-27
300225,2017-12-31,,0.101,,,,,2018-04-12
300225,2018-03-31,,0.0162,,,,,2018-04-27
300225,2018-06-30,,0.0115,,,,,2018-08-30
300225,2018-09-30,,0.0162,,,,,2018-10-29
300226,2015-06-30,32.890374,-0.6977,,,,,2015-08-26
300226,2015-09-30,21.49649876,-1.1795,,,,,2015-10-27
300226,2015-12-31,20.5869378,-1.61,,,,,2016-04-26
300226,2016-03-31,18.60539428,0.0258,721.1393131782945,0.1617301363422661,0.8382698636577339,,2016-04-26
300226,2016-06-30,20.4651216,0.0871,234.96121239954076,0.20780911062906723,0.7921908893709327,,2016-08-19
300226,2016-09-30,20.76560156,0.1019,203.78411736997055,0.14469320066334992,0.8553067993366501,,2016-10-21
300226,2016-12-31,,0.1402,,,,,2017-03-31
300226,2017-03-31,15.62089738,0.0369,423.330552303523,0.2222222222222222,0.7777777777777778,,2017-04-25
300226,2017-06-30,15.1052088,0.1432,105.48330167597766,0.31893448524118073,0.6810655147588193,,2017-08-29
300226,2017-09-30,,0.2128,,,,,2017-10-30
300226,2017-12-31,,0.3023,,,,,2018-03-17
300226,2018-03-31,,0.1279,,,,,2018-04-26
300226,2018-06-30,,0.3799,,,,,2018-08-15
300226,2018-09-30,,0.6076,,,,,2018-10-27
300227,2015-06-30,11.6527401,0.2316,50.31407642487047,0.728025770823746,0.271974229176254,,2015-08-07
300227,2015-09-30,9.84009164,0.2802,35.11810007137759,0.6114708603145236,0.3885291396854764,,2015-10-28
300227,2015-12-31,13.312207,0.1883,70.69679766330324,0.3954802259887006,0.6045197740112994,,2016-02-06
300227,2016-03-31,8.3520422,-0.0272,,,,,2016-04-19
300227,2016-06-30,8.67990045,0.0029,2993.0691206896554,0.012581344902386117,0.9874186550976138,,2016-08-27
300227,2016-09-30,8.67990045,0.08,108.498755625,0.28316749585406303,0.7168325041459369,,2016-10-29
300227,2016-12-31,,0.12,,,,,2017-03-25
300227,2017-03-31,8.38801645,0.0326,257.3011180981595,0.36852510873863187,0.6314748912613681,,2017-04-20
300227,2017-06-30,7.91769591,0.0944,83.87389735169492,0.40244780417566595,0.597552195824334,,2017-08-19
300227,2017-09-30,,0.3329,,,,,2017-10-28
300227,2017-12-31,,0.42,,,,,2018-04-03
300227,2018-03-31,,0.068,,,,,2018-04-26
300227,2018-06-30,,0.1127,,,,,2018-08-28
300227,2018-09-30,,0.2772,,,,,2018-10-30
300228,2015-06-30,27.46045642,0.4,68.65114104999999,0.6318453750575241,0.36815462494247586,,2015-08-25
300228,2015-09-30,11.478356,0.0887,129.40649379932356,0.20212765957446807,0.7978723404255319,,2015-10-26
300228,2015-12-31,18.8486688,0.04,471.21671999999995,0.05693176879617558,0.9430682312038244,,2016-02-27
300228,2016-03-31,16.86110084,-0.0876,,,,,2016-04-27
300228,2016-06-30,16.435719,-0.15,,,,,2016-08-27
300228,2016-09-30,15.60426498,-0.2283,,,,,2016-10-29
300228,2016-12-31,,-0.63,,,,,2017-04-26
300228,2017-03-31,12.71351205,0.0392,324.32428698979595,0.29379201265322263,0.7062079873467774,,2017-04-26
300228,2017-06-30,10.88624682,0.0924,117.81652402597403,0.2814974802015839,0.7185025197984161,,2017-08-29
300228,2017-09-30,,0.1067,,,,,2017-10-28
300228,2017-12-31,,0.11,,,,,2018-04-14
300228,2018-03-31,,0.005,,,,,2018-04-27
300228,2018-06-30,,-0.058,,,,,2018-08-30
300228,2018-09-30,,-0.084,,,,,2018-10-30
300229,2015-06-30,16.7212731,0.0548,305.1327208029197,0.19190059825126554,0.8080994017487344,,2015-08-13
300229,2015-09-30,15.3009333,0.0917,166.85859651035986,0.15818686401480112,0.8418131359851989,,2015-10-23
300229,2015-12-31,20.2721226,0.2598,78.02972517321017,0.36332029552368533,0.6366797044763146,,2016-03-30
300229,2016-03-31,14.53911468,0.0044,3304.3442454545457,0.032910202162670425,0.9670897978373296,,2016-04-27
300229,2016-06-30,13.83636632,0.0343,403.39260408163267,0.1245119305856833,0.8754880694143167,,2016-08-19
300229,2016-09-30,11.86898776,0.0918,129.291805664488,0.24212271973466004,0.75787728026534,,2016-10-27
300229,2016-12-31,,0.2941,,,,,2017-03-30
300229,2017-03-31,9.92102412,-0.0104,,,,,2017-04-26
300229,2017-06-30,8.0371601,0.0356,225.76292415730336,0.14002879769618432,0.8599712023038157,,2017-08-18
300229,2017-09-30,,0.1316,,,,,2017-10-26
300229,2017-12-31,,0.3353,,,,,2018-03-30
300229,2018-03-31,,0.0035,,,,,2018-04-26
300229,2018-06-30,,0.0387,,,,,2018-08-30
300229,2018-09-30,,0.095,,,,,2018-10-27
300234,2015-06-30,11.6728386,0.21,55.584945714285716,0.699033594109526,0.30096640589047396,,2015-08-07
300234,2015-09-30,8.3372066,0.25,33.3488264,0.6327474560592045,0.36725254394079554,,2015-10-23
300234,2015-12-31,13.521274,0.25,54.085096,0.4915254237288136,0.5084745762711864,,2016-04-22
300234,2016-03-31,9.7112308,0.04,242.78076999999996,0.4094969440526563,0.5905030559473436,,2016-04-26
300234,2016-06-30,11.824272,0.06,197.0712,0.24815618221258134,0.7518438177874187,,2016-08-02
300234,2016-09-30,11.7253168,0.09,130.28129777777778,0.2396351575456053,0.7603648424543947,,2016-10-22
300234,2016-12-31,,0.1,,,,,2017-03-21
300234,2017-03-31,8.31182504,-0.01,,,,,2017-04-25
300234,2017-06-30,7.01358835,0.0021,3339.8039761904765,0.005399568034557235,0.9946004319654428,,2017-08-04
300234,2017-09-30,,0.01,,,,,2017-10-30
300234,2017-12-31,,-0.04,,,,,2018-04-24
300234,2018-03-31,,-0.0049,,,,,2018-04-27
300234,2018-06-30,,0.0024,,,,,2018-08-25
300234,2018-09-30,,-0.0072,,,,,2018-10-27
300238,2015-06-30,40.53243321,0.07,579.0347601428571,0.10170271514035895,0.8982972848596411,,2015-08-26
300238,2015-09-30,36.5855664,0.13,281.4274338461538,0.08556891766882516,0.9144310823311749,,2015-10-13
300238,2015-12-31,56.33978391,0.26,216.69147657692307,0.14167753150804,0.85832246849196,,2016-03-10
300238,2016-03-31,42.749439,0.03,1424.9813000000001,0.07992477668077104,0.920075223319229,,2016-04-23
300238,2016-06-30,43.62431124,0.06,727.071854,0.06637744034707159,0.9336225596529284,,2016-08-06
300238,2016-09-30,48.62500143,0.12,405.20834525,0.07379767827529021,0.9262023217247097,,2016-10-25
300238,2016-12-31,,0.23,,,,,2017-02-27
300238,2017-03-31,30.31233477,0.03,1010.411159,0.09134045077105575,0.9086595492289442,,2017-04-20
300238,2017-06-30,25.28299995,0.06,421.38333250000005,0.06551475881929446,0.9344852411807055,,2017-07-27
300238,2017-09-30,,0.09,,,,,2017-10-21
300238,2017-12-31,,0.17,,,,,2018-04-09
300238,2018-03-31,,0.01,,,,,2018-04-26
300238,2018-06-30,,0.02,,,,,2018-08-29
300238,2018-09-30,,0.1,,,,,2018-10-20
300239,2015-06-30,8.5120185,0.0203,419.3112561576355,0.14588127013345606,0.8541187298665439,,2015-08-26
300239,2015-09-30,5.386136,0.0264,204.020303030303,0.12812210915818686,0.8718778908418131,,2015-10-27
300239,2015-12-31,8.9255968,0.0145,615.5583999999999,0.042590178183398525,0.9574098218166015,,2016-03-31
300239,2016-03-31,7.2616655,0.0071,1022.7697887323943,0.11236483309826047,0.8876351669017395,,2016-04-22
300239,2016-06-30,7.98406584,0.0181,441.1086099447514,0.11323210412147505,0.886767895878525,,2016-08-16
300239,2016-09-30,7.86849432,0.0283,278.03866855123675,0.10945273631840796,0.8905472636815921,,2016-10-26
300239,2016-12-31,,0.0417,,,,,2017-04-20
300239,2017-03-31,7.37731536,0.0124,594.9447870967742,0.1601423487544484,0.8398576512455516,,2017-04-20
300239,2017-06-30,6.3759366,0.0263,242.4310494296578,0.12922966162706984,0.8707703383729302,,2017-08-25
300239,2017-09-30,,0.0338,,,,,2017-10-20
300239,2017-12-31,,0.0486,,,,,2018-03-09
300239,2018-03-31,,0.0149,,,,,2018-04-24
300239,2018-06-30,,0.0364,,,,,2018-08-01
300239,2018-09-30,,0.0493,,,,,2018-10-29
300241,2015-06-30,8.18359661,0.0988,82.82992520242915,0.5674183156925909,0.43258168430740906,,2015-08-28
300241,2015-09-30,5.11658222,0.1259,40.640049404289115,0.5601295097132285,0.4398704902867715,,2015-10-26
300241,2015-12-31,8.804826,0.1513,58.19448777263715,0.4658843980877879,0.5341156019122121,,2016-04-16
300241,2016-03-31,7.5330178,0.0729,103.33357750342934,0.68688293370945,0.31311706629055003,,2016-04-16
300241,2016-06-30,8.08633384,0.0984,82.1781894308943,0.5227765726681128,0.47722342733188716,,2016-08-26
300241,2016-09-30,7.9345008,0.194,40.89948865979382,0.6380597014925373,0.3619402985074627,,2016-10-29
300241,2016-12-31,,0.2262,,,,,2017-03-29
300241,2017-03-31,6.57290128,0.0729,90.1632548696845,0.7153024911032029,0.2846975088967971,,2017-04-18
300241,2017-06-30,6.27086484,0.0827,75.82666070133011,0.4521238300935925,0.5478761699064074,,2017-08-16
300241,2017-09-30,,0.1685,,,,,2017-10-24
300241,2017-12-31,,0.2605,,,,,2018-04-10
300241,2018-03-31,,0.0517,,,,,2018-04-26
300241,2018-06-30,,0.1318,,,,,2018-08-10
300241,2018-09-30,,0.1916,,,,,2018-10-30
300242,2015-06-30,13.289651,0.05,265.79301999999996,0.21721122871606074,0.7827887712839392,,2015-08-26
300242,2015-09-30,14.94095479,0.0406,368.00381256157635,0.0666049953746531,0.9333950046253469,,2015-10-27
300242,2015-12-31,24.77431468,0.13,190.57165138461536,0.16079965232507606,0.8392003476749239,,2016-04-08
300242,2016-03-31,15.40212598,0.09,171.1347331111111,0.5171603196991067,0.4828396803008933,,2016-04-20
300242,2016-06-30,17.36084834,0.18,96.44915744444445,0.46594360086767894,0.5340563991323211,,2016-08-26
300242,2016-09-30,14.91476499,0.2324,64.17712990533563,0.46102819237147596,0.538971807628524,,2016-10-28
300242,2016-12-31,,0.29,,,,,2017-04-26
300242,2017-03-31,11.16374625,0.1,111.6374625,0.6405693950177936,0.35943060498220636,,2017-04-26
300242,2017-06-30,9.41724017,0.17,55.395530411764696,0.5921526277897768,0.40784737221022316,,2017-08-29
300242,2017-09-30,,0.24,,,,,2017-10-30
300242,2017-12-31,,0.3,,,,,2018-03-29
300242,2018-03-31,,0.04,,,,,2018-04-26
300242,2018-06-30,,0.08,,,,,2018-08-17
300242,2018-09-30,,0.0523,,,,,2018-10-30
300243,2015-06-30,14.95573316,0.11,135.96121054545455,0.4012885411872987,0.5987114588127014,,2015-08-19
300243,2015-09-30,10.50783735,0.16,65.6739834375,0.3834412580943571,0.6165587419056429,,2015-10-27
300243,2015-12-31,17.1332609,0.23,74.49243869565217,0.37896566710126034,0.6210343328987397,,2016-02-27
300243,2016-03-31,11.95108248,0.044,271.6155109090909,0.37376586741889983,0.6262341325811002,,2016-04-26
300243,2016-06-30,13.8613784,0.06,231.02297333333334,0.21127982646420823,0.7887201735357918,,2016-08-18
300243,2016-09-30,12.83022708,0.1,128.3022708,0.24461028192371476,0.7553897180762852,,2016-10-29
300243,2016-12-31,,0.07,,,,,2017-04-18
300243,2017-03-31,12.5090488,0.02,625.45244,0.15342032423882956,0.8465796757611704,,2017-04-27
300243,2017-06-30,9.32262218,0.07,133.18031685714283,0.24658027357811374,0.7534197264218863,,2017-08-29
300243,2017-09-30,,0.11,,,,,2017-10-27
300243,2017-12-31,,0.15,,,,,2018-04-20
300243,2018-03-31,,0.09,,,,,2018-04-26
300243,2018-06-30,,0.24,,,,,2018-08-24
300243,2018-09-30,,0.35,,,,,2018-10-26
300244,2015-06-30,40.91588148,0.18,227.3104526666667,0.2535664979291302,0.7464335020708698,,2015-08-11
300244,2015-09-30,33.77485618,0.26,129.903293,0.20074005550416282,0.7992599444958371,,2015-10-26
300244,2015-12-31,33.89671668,0.36,94.15754633333333,0.3033463711429813,0.6966536288570186,,2016-03-15
300244,2016-03-31,27.4186125,0.0754,363.642075596817,0.2999529854254819,0.7000470145745181,,2016-04-20
300244,2016-06-30,28.98674862,0.25,115.94699448,0.39913232104121477,0.6008676789587852,,2016-08-16
300244,2016-09-30,28.00235934,0.35,80.00674097142858,0.3805970149253731,0.6194029850746269,,2016-10-29
300244,2016-12-31,,0.48,,,,,2017-03-28
300244,2017-03-31,27.26406738,0.1022,266.7716964774951,0.35626729932779755,0.6437327006722025,,2017-04-25
300244,2017-06-30,27.66878686,0.331,83.5915010876133,0.404247660187185,0.5957523398128151,,2017-08-18
300244,2017-09-30,,0.46,,,,,2017-10-27
300244,2017-12-31,,0.64,,,,,2018-03-31
300244,2018-03-31,,0.114,,,,,2018-04-27
300244,2018-06-30,,0.3703,,,,,2018-08-30
300244,2018-09-30,,0.5299,,,,,2018-10-26
300246,2015-06-30,27.251972,0.0565,482.33578761061943,0.12471237919926369,0.8752876208007363,,2015-08-20
300246,2015-09-30,13.90469935,0.1777,78.24816741699493,0.3283996299722479,0.6716003700277521,,2015-10-24
300246,2015-12-31,25.5796919,0.16,159.873074375,0.18383311603650587,0.8161668839634941,,2016-04-20
300246,2016-03-31,16.59273477,0.0965,171.9454380310881,0.5157498824635637,0.4842501175364363,,2016-04-20
300246,2016-06-30,18.80386935,0.2014,93.36578624627607,0.4741865509761388,0.5258134490238612,,2016-07-29
300246,2016-09-30,22.81155645,0.35,65.17587557142858,0.4564676616915423,0.5435323383084577,,2016-10-26
300246,2016-12-31,,0.4596,,,,,2017-04-21
300246,2017-03-31,18.95276175,0.1171,161.85108240819812,0.5120601028074337,0.48793989719256625,,2017-04-27
300246,2017-06-30,16.9980797,0.2621,64.85341358260207,0.5251979841612671,0.47480201583873294,,2017-08-25
300246,2017-09-30,,0.3837,,,,,2017-10-24
300246,2017-12-31,,0.3939,,,,,2018-04-24
300246,2018-03-31,,0.1289,,,,,2018-04-27
300246,2018-06-30,,0.2331,,,,,2018-08-30
300246,2018-09-30,,0.3411,,,,,2018-10-29
300249,2015-06-30,13.90011,-0.02,,,,,2015-08-15
300249,2015-09-30,5.86584642,-0.0222,,,,,2015-10-27
300249,2015-12-31,11.23526034,0.03,374.50867800000003,0.07735767057800956,0.9226423294219904,,2016-03-22
300249,2016-03-31,10.57202652,0.003,3524.00884,0.029619181946403384,0.9703808180535967,,2016-04-19
300249,2016-06-30,9.81767696,0.0251,391.14250836653383,0.12624728850325379,0.8737527114967463,,2016-08-27
300249,2016-09-30,13.69307576,0.0494,277.1877684210526,0.11028192371475953,0.8897180762852405,,2016-10-29
300249,2016-12-31,,0.1262,,,,,2017-04-25
300249,2017-03-31,14.0110572,-0.0232,,,,,2017-04-26
300249,2017-06-30,13.5142112,0.0524,257.90479389312975,0.12059035277177826,0.8794096472282218,,2017-07-25
300249,2017-09-30,,0.0812,,,,,2017-10-30
300249,2017-12-31,,0.2086,,,,,2018-04-24
300249,2018-03-31,,0.0288,,,,,2018-04-25
300249,2018-06-30,,0.0856,,,,,2018-07-24
300249,2018-09-30,,0.1347,,,,,2018-10-23
300250,2015-06-30,30.0017872,0.05,600.0357439999999,0.09940174873446847,0.9005982512655315,,2015-08-25
300250,2015-09-30,22.60361922,0.11,205.48744745454545,0.12580943570767808,0.8741905642923219,,2015-10-27
300250,2015-12-31,38.76367278,0.38,102.00966521052632,0.2842242503259452,0.7157757496740548,,2016-04-20
300250,2016-03-31,26.91394092,0.04,672.848523,0.17442407146215327,0.8255759285378468,,2016-04-26
300250,2016-06-30,28.85048672,0.23,125.4368987826087,0.3718004338394794,0.6281995661605206,,2016-08-17
300250,2016-09-30,28.26548192,0.33,85.65297551515151,0.3540630182421227,0.6459369817578773,,2016-10-27
300250,2016-12-31,,0.6,,,,,2017-04-15
300250,2017-03-31,22.73718656,-0.06,,,,,2017-04-22
300250,2017-06-30,17.32787436,0.06,288.797906,0.11087113030957524,0.8891288696904247,,2017-08-23
300250,2017-09-30,,0.23,,,,,2017-10-28
300250,2017-12-31,,0.34,,,,,2018-04-21
300250,2018-03-31,,0.01,,,,,2018-04-21
300250,2018-06-30,,0.08,,,,,2018-08-25
300250,2018-09-30,,0.26,,,,,2018-10-16
300251,2015-06-30,11.2641126,0.03,375.47042000000005,0.16106764841233318,0.8389323515876668,,2015-08-05
300251,2015-09-30,12.43576126,0.06,207.26268766666666,0.12395929694727105,0.876040703052729,,2015-10-27
300251,2015-12-31,13.70240846,0.14,97.87434614285712,0.2950890916992612,0.7049109083007388,,2016-04-12
300251,2016-03-31,10.4272207,0.07,148.9602957142857,0.5608838740009403,0.4391161259990597,,2016-04-27
300251,2016-06-30,10.49597136,0.11,95.41792145454546,0.4685466377440347,0.5314533622559653,,2016-08-16
300251,2016-09-30,9.8513226,0.1978,49.80446208291203,0.556799336650083,0.44320066334991703,,2016-10-25
300251,2016-12-31,,0.25,,,,,2017-04-21
300251,2017-03-31,8.51662728,0.06,141.943788,0.5539739027283511,0.4460260972716489,,2017-04-27
300251,2017-06-30,7.47119646,0.14,53.365688999999996,0.60943124550036,0.39056875449964,,2017-08-25
300251,2017-09-30,,0.2142,,,,,2017-10-24
300251,2017-12-31,,0.28,,,,,2018-04-21
300251,2018-03-31,,0.68,,,,,2018-04-26
300251,2018-06-30,,0.72,,,,,2018-08-30
300251,2018-09-30,,0.78,,,,,2018-10-26
300252,2015-06-30,29.99234482,0.19,157.85444642105261,0.34744592728946155,0.6525540727105384,,2015-08-25
300252,2015-09-30,18.94651276,0.2435,77.80908731006161,0.33117483811285847,0.6688251618871415,,2015-10-27
300252,2015-12-31,30.5442584,0.34,89.83605411764705,0.318122555410691,0.681877444589309,,2016-04-26
300252,2016-03-31,21.30537628,0.15,142.0358418666667,0.5763986835919135,0.4236013164080865,,2016-04-26
300252,2016-06-30,25.10445628,0.28,89.65877242857142,0.48893709327548807,0.5110629067245119,,2016-08-27
300252,2016-09-30,27.14281992,0.371,73.16123967654987,0.41003316749585406,0.5899668325041459,,2016-10-26
300252,2016-12-31,,0.47,,,,,2017-03-31
300252,2017-03-31,19.99718084,0.144,138.8693113888889,0.561091340450771,0.438908659549229,,2017-04-25
300252,2017-06-30,16.4811924,0.2523,65.32379072532699,0.5219582433405328,0.47804175665946724,,2017-08-29
300252,2017-09-30,,0.2744,,,,,2017-10-27
300252,2017-12-31,,0.23,,,,,2018-03-31
300252,2018-03-31,,0.09,,,,,2018-04-25
300252,2018-06-30,,0.1579,,,,,2018-08-14
300252,2018-09-30,,0.1926,,,,,2018-10-30
300253,2015-06-30,14.74798,0.0764,193.036387434555,0.2949838932351588,0.7050161067648413,,2015-08-26
300253,2015-09-30,9.47557715,0.1171,80.91867762596071,0.3191489361702128,0.6808510638297872,,2015-10-27
300253,2015-12-31,11.8777962,0.1988,59.747465794768615,0.45328118209474144,0.5467188179052586,,2016-03-26
300253,2016-03-31,9.2742105,0.0285,325.4108947368421,0.3229901269393512,0.6770098730606489,,2016-04-22
300253,2016-06-30,9.8356141,0.2786,35.30371177315147,0.8008676789587853,0.1991323210412147,,2016-08-27
300253,2016-09-30,8.6808254,0.3003,28.90717748917749,0.7562189054726368,0.24378109452736318,,2016-10-25
300253,2016-12-31,,0.3375,,,,,2017-04-25
300253,2017-03-31,7.11986964,0.017,418.81586117647055,0.22459470146302887,0.7754052985369712,,2017-04-25
300253,2017-06-30,5.93431916,0.0562,105.59286761565836,0.3185745140388769,0.6814254859611231,,2017-08-26
300253,2017-09-30,,0.0845,,,,,2017-10-28
300253,2017-12-31,,0.1439,,,,,2018-04-25
300253,2018-03-31,,0.0256,,,,,2018-04-25
300253,2018-06-30,,0.0748,,,,,2018-08-30
300253,2018-09-30,,0.1212,,,,,2018-10-30
300254,2015-06-30,28.2303414,0.1185,238.23072911392407,0.2393005062126093,0.7606994937873908,,2015-08-26
300254,2015-09-30,21.12960924,0.1869,113.05301894060995,0.2294172062904718,0.7705827937095282,,2015-10-24
300254,2015-12-31,28.94534568,0.1389,208.38981771058315,0.14863102998696218,0.8513689700130378,,2016-04-19
300254,2016-03-31,17.8340148,0.0382,466.8590261780105,0.24353549600376118,0.7564645039962388,,2016-04-26
300254,2016-06-30,20.92414824,0.1154,181.31844228769498,0.272885032537961,0.727114967462039,,2016-08-23
300254,2016-09-30,19.7419383,0.1396,141.41789613180515,0.2193200663349917,0.7806799336650083,,2016-10-28
300254,2016-12-31,,0.14,,,,,2017-04-06
300254,2017-03-31,18.4969512,0.0307,602.5065537459284,0.15816528272044286,0.8418347172795572,,2017-04-26
300254,2017-06-30,14.09182964,0.1023,137.75004535679375,0.2361411087113031,0.7638588912886969,,2017-08-12
300254,2017-09-30,,0.1151,,,,,2017-10-28
300254,2017-12-31,,0.1037,,,,,2018-04-26
300254,2018-03-31,,0.0351,,,,,2018-04-26
300254,2018-06-30,,0.0836,,,,,2018-08-30
300254,2018-09-30,,0.1049,,,,,2018-10-27
300256,2015-06-30,7.58693936,0.0255,297.5270337254902,0.19742291762540268,0.8025770823745974,,2015-08-19
300256,2015-09-30,5.55756572,0.0954,58.25540587002097,0.425531914893617,0.574468085106383,,2015-10-27
300256,2015-12-31,8.34961246,0.1221,68.38339443079443,0.4050412863972186,0.5949587136027814,,2016-03-22
300256,2016-03-31,7.96164397,0.014,568.688855,0.20216267042783262,0.7978373295721674,,2016-04-26
300256,2016-06-30,12.01158492,0.0446,269.3180475336323,0.1843817787418655,0.8156182212581344,,2016-08-27
300256,2016-09-30,9.28710291,0.1402,66.24181818830243,0.4465174129353234,0.5534825870646767,,2016-10-20
300256,2016-12-31,,0.23,,,,,2017-03-25
300256,2017-03-31,7.43100811,0.02,371.55040549999995,0.258204824041123,0.741795175958877,,2017-04-27
300256,2017-06-30,6.8940664,0.03,229.80221333333333,0.13714902807775378,0.8628509719222462,,2017-08-26
300256,2017-09-30,,0.07,,,,,2017-10-28
300256,2017-12-31,,0.07,,,,,2018-03-24
300256,2018-03-31,,0.03,,,,,2018-04-27
300256,2018-06-30,,0.04,,,,,2018-08-28
300256,2018-09-30,,0.07,,,,,2018-10-30
300257,2015-06-30,22.850003,0.1632,140.01227328431372,0.39254486884491485,0.6074551311550851,,2015-08-26
300257,2015-09-30,14.918597,0.1994,74.8174373119358,0.34135060129509714,0.6586493987049029,,2015-10-22
300257,2015-12-31,29.12903275,0.21,138.70967976190477,0.20643198609300303,0.7935680139069969,,2016-04-06
300257,2016-03-31,16.807027,0.02,840.35135,0.13916314057357781,0.8608368594264222,,2016-04-22
300257,2016-06-30,15.5984318,0.0515,302.88217087378644,0.1631236442516269,0.8368763557483732,,2016-08-24
300257,2016-09-30,14.05936135,0.088,159.76546988636363,0.1927860696517413,0.8072139303482587,,2016-10-26
300257,2016-12-31,,0.12,,,,,2017-04-19
300257,2017-03-31,20.66886635,0.02,1033.4433175,0.08738631870304468,0.9126136812969553,,2017-04-26
300257,2017-06-30,20.06586228,0.0375,535.0896608,0.051115910727141826,0.9488840892728582,,2017-08-18
300257,2017-09-30,,0.075,,,,,2017-10-25
300257,2017-12-31,,0.12,,,,,2018-04-18
300257,2018-03-31,,0.03,,,,,2018-04-25
300257,2018-06-30,,0.06,,,,,2018-08-17
300257,2018-09-30,,0.1052,,,,,2018-10-26
300260,2015-06-30,9.15213992,0.057,160.56385824561403,0.34100322135296823,0.6589967786470318,,2015-08-25
300260,2015-09-30,5.19426266,0.052,99.88966653846154,0.2631822386679001,0.7368177613320999,,2015-10-27
300260,2015-12-31,9.1615767,0.0208,440.4604182692308,0.061712299000434595,0.9382877009995654,,2016-04-26
300260,2016-03-31,7.54276123,0.013,580.2124023076923,0.19793135872120357,0.8020686412787964,,2016-04-26
300260,2016-06-30,9.69127258,0.0242,400.4658090909091,0.12537960954446856,0.8746203904555314,,2016-08-23
300260,2016-09-30,8.83457057,0.0634,139.34653895899055,0.2222222222222222,0.7777777777777778,,2016-10-26
300260,2016-12-31,,0.1218,,,,,2017-04-25
300260,2017-03-31,8.36973541,0.032,261.55423156250004,0.36219849742981414,0.6378015025701859,,2017-04-25
300260,2017-06-30,7.21295134,0.062,116.33792483870968,0.2861771058315335,0.7138228941684666,,2017-08-29
300260,2017-09-30,,0.062,,,,,2017-10-28
300260,2017-12-31,,0.11,,,,,2018-03-20
300260,2018-03-31,,0.03,,,,,2018-04-26
300260,2018-06-30,,0.109,,,,,2018-08-28
300260,2018-09-30,,0.164,,,,,2018-10-27
300265,2015-06-30,13.42263533,0.06,223.71058883333333,0.25816843074091117,0.7418315692590889,,2015-08-26
300265,2015-09-30,8.79081293,0.12,73.25677441666666,0.34782608695652173,0.6521739130434783,,2015-10-27
300265,2015-12-31,15.00517465,0.3,50.01724883333334,0.516297262059974,0.48370273794002605,,2016-04-23
300265,2016-03-31,11.94624194,0.05,238.9248388,0.4137282557592854,0.5862717442407146,,2016-04-27
300265,2016-06-30,11.94624194,0.2,59.7312097,0.6468546637744035,0.3531453362255965,,2016-08-10
300265,2016-09-30,17.12003892,0.26,65.84630353846153,0.45107794361525705,0.548922056384743,,2016-10-27
300265,2016-12-31,,0.37,,,,,2017-04-01
300265,2017-03-31,13.84523804,0.04,346.130951,0.27560300514037167,0.7243969948596283,,2017-04-27
300265,2017-06-30,12.3567317,0.12,102.97276416666666,0.330093592512599,0.669906407487401,,2017-08-15
300265,2017-09-30,,0.21,,,,,2017-10-27
300265,2017-12-31,,0.13,,,,,2018-04-24
300265,2018-03-31,,0.01,,,,,2018-04-27
300265,2018-06-30,,0.07,,,,,2018-08-18
300265,2018-09-30,,0.09,,,,,2018-10-30
300266,2015-06-30,16.67023659,0.085,196.1204304705882,0.28854118729866546,0.7114588127013346,,2015-08-26
300266,2015-09-30,16.67023659,0.15,111.1349106,0.23126734505087881,0.7687326549491211,,2015-10-27
300266,2015-12-31,15.46592292,0.22,70.29964963636364,0.3972186006084311,0.6027813993915689,,2016-04-26
300266,2016-03-31,10.8358047,0.09,120.39783000000001,0.6314057357780912,0.3685942642219088,,2016-04-26
300266,2016-06-30,13.8988296,0.28,49.638677142857134,0.7088937093275488,0.2911062906724512,,2016-08-27
300266,2016-09-30,16.0613865,0.35,45.88967571428572,0.5953565505804311,0.40464344941956887,,2016-10-27
300266,2016-12-31,,0.33,,,,,2017-04-25
300266,2017-03-31,17.5662072,0.21,83.64860571428572,0.7457493080268881,0.2542506919731119,,2017-04-25
300266,2017-06-30,20.4258816,0.26,78.56108307692307,0.4352051835853132,0.5647948164146868,,2017-08-03
300266,2017-09-30,,0.44,,,,,2017-10-27
300266,2017-12-31,,0.32,,,,,2018-04-26
300266,2018-03-31,,0.03,,,,,2018-04-26
300266,2018-06-30,,0.08,,,,,2018-08-28
300266,2018-09-30,,0.1,,,,,2018-10-27
300267,2015-06-30,16.43577761,0.16,102.72361006249999,0.4868844914864243,0.5131155085135757,,2015-08-12
300267,2015-09-30,13.00301913,0.2347,55.40272317852578,0.44495837187789083,0.5550416281221091,,2015-10-20
300267,2015-12-31,16.1995344,0.29,55.86046344827587,0.4793568013906997,0.5206431986093003,,2016-04-06
300267,2016-03-31,14.54101064,0.16,90.8813165,0.7221438645980254,0.2778561354019746,,2016-04-22
300267,2016-06-30,13.85616088,0.26,53.29292646153846,0.6859002169197397,0.3140997830802603,,2016-08-27
300267,2016-09-30,13.38203247,0.3513,38.092890606319386,0.667910447761194,0.332089552238806,,2016-10-29
300267,2016-12-31,,0.39,,,,,2017-04-21
300267,2017-03-31,12.9659606,0.11,117.8723690909091,0.6235666271253459,0.37643337287465406,,2017-04-21
300267,2017-06-30,11.10815508,0.21,52.89597657142857,0.6141108711303096,0.3858891288696904,,2017-08-30
300267,2017-09-30,,0.2693,,,,,2017-10-28
300267,2017-12-31,,0.2533,,,,,2018-04-25
300267,2018-03-31,,0.0501,,,,,2018-04-27
300267,2018-06-30,,0.1074,,,,,2018-08-30
300267,2018-09-30,,0.1444,,,,,2018-10-30
300269,2015-06-30,28.2796079,0.1899,148.91841969457607,0.36953520478601015,0.6304647952139899,,2015-08-25
300269,2015-09-30,28.2796079,0.3282,86.16577666057282,0.30203515263644776,0.6979648473635522,,2015-10-27
300269,2015-12-31,29.3888046,0.2609,112.64394250670755,0.258148631029987,0.741851368970013,,2017-03-22
300269,2016-03-31,22.5471223,0.1125,200.4188648888889,0.46262341325811,0.53737658674189,,2016-04-27
300269,2016-06-30,25.72739646,0.2648,97.15784161631422,0.462472885032538,0.5375271149674621,,2016-08-23
300269,2016-09-30,22.68724607,0.4575,49.589608896174866,0.5588723051409619,0.44112769485903813,,2016-10-28
300269,2016-12-31,,0.41,,,,,2017-03-22
300269,2017-03-31,22.3802602,0.1191,187.9115046179681,0.46302886516409647,0.5369711348359035,,2017-04-25
300269,2017-06-30,20.03,0.3014,66.45653616456536,0.5143988480921526,0.48560115190784736,,2017-08-29
300269,2017-09-30,,0.5629,,,,,2017-10-26
300269,2017-12-31,,0.17,,,,,2018-04-28
300269,2018-03-31,,0.0245,,,,,2018-04-28
300269,2018-06-30,,0.2576,,,,,2018-08-30
300269,2018-09-30,,0.3127,,,,,2018-10-30
300270,2015-06-30,18.16457324,0.1073,169.28772823858338,0.3276576161988035,0.6723423838011965,,2015-07-28
300270,2015-09-30,13.16086002,0.1009,130.43468800792863,0.20027752081406106,0.799722479185939,,2015-10-27
300270,2015-12-31,23.71541216,0.16,148.221326,0.19860930030421556,0.8013906996957845,,2016-04-27
300270,2016-03-31,16.25460716,0.0615,264.3025554471545,0.385049365303244,0.6149506346967559,,2016-04-27
300270,2016-06-30,16.97691749,0.13,130.59167300000001,0.35921908893709326,0.6407809110629068,,2016-07-30
300270,2016-09-30,16.19934875,0.1197,135.3329051796157,0.22927031509121062,0.7707296849087893,,2016-10-29
300270,2016-12-31,,0.16,,,,,2017-04-25
300270,2017-03-31,13.21866858,0.0683,193.53833938506588,0.45472518782127325,0.5452748121787268,,2017-04-25
300270,2017-06-30,11.69408611,0.1,116.9408611,0.2843772498200144,0.7156227501799857,,2017-08-29
300270,2017-09-30,,0.1291,,,,,2017-10-28
300270,2017-12-31,,0.17,,,,,2018-03-24
300270,2018-03-31,,0.0304,,,,,2018-04-27
300270,2018-06-30,,0.0332,,,,,2018-08-29
300270,2018-09-30,,-0.0326,,,,,2018-10-27
300271,2015-06-30,21.58282126,0.15,143.88547506666666,0.3824206166589968,0.6175793833410033,,2015-07-31
300271,2015-09-30,17.3657715,0.22,78.935325,0.3251618871415356,0.6748381128584644,,2015-10-23
300271,2015-12-31,23.39083208,0.34,68.79656494117647,0.4019991308126901,0.5980008691873099,,2016-02-23
300271,2016-03-31,21.0047607,0.04,525.1190174999999,0.2167371885284438,0.7832628114715562,,2016-04-22
300271,2016-06-30,18.65774988,0.2,93.2887494,0.47462039045553145,0.5253796095444685,,2016-08-15
300271,2016-09-30,20.07779004,0.29,69.2337587586207,0.4299336650082919,0.5700663349917081,,2016-10-29
300271,2016-12-31,,0.43,,,,,2017-03-16
300271,2017-03-31,17.20812555,0.06,286.80209249999996,0.3313562672993278,0.6686437327006722,,2017-04-18
300271,2017-06-30,16.40789157,0.24,68.366214875,0.49892008639308855,0.5010799136069115,,2017-08-15
300271,2017-09-30,,0.35,,,,,2017-10-27
300271,2017-12-31,,0.58,,,,,2018-04-10
300271,2018-03-31,,0.07,,,,,2018-04-25
300271,2018-06-30,,0.29,,,,,2018-08-30
300271,2018-09-30,,0.41,,,,,2018-10-29
300272,2015-06-30,9.5633482,0.0883,108.30518912797281,0.47307869305108147,0.5269213069489185,,2015-07-31
300272,2015-09-30,10.4173909,0.1597,65.23100125234815,0.3866790009250694,0.6133209990749307,,2015-10-23
300272,2015-12-31,13.1532226,0.2309,56.96501775660459,0.47414167753150804,0.525858322468492,,2016-04-26
300272,2016-03-31,8.5163015,0.0298,285.78192953020135,0.35778091208274565,0.6422190879172543,,2016-04-26
300272,2016-06-30,7.47912159,0.0876,85.37810034246576,0.5088937093275488,0.49110629067245115,,2016-08-16
300272,2016-09-30,7.54213428,0.1515,49.78306455445545,0.5576285240464345,0.4423714759535655,,2016-10-26
300272,2016-12-31,,0.23,,,,,2017-04-26
300272,2017-03-31,6.12677232,0.0287,213.476387456446,0.42190589165678133,0.5780941083432187,,2017-04-26
300272,2017-06-30,5.90945866,0.0976,60.54773217213115,0.5579553635709144,0.44204463642908565,,2017-08-15
300272,2017-09-30,,0.1295,,,,,2017-10-25
300272,2017-12-31,,0.12,,,,,2018-04-24
300272,2018-03-31,,0.59,,,,,2018-04-26
300272,2018-06-30,,0.52,,,,,2018-08-21
300272,2018-09-30,,0.57,,,,,2018-10-30
300274,2015-06-30,11.32976169,0.25,45.31904676,0.7662218131615278,0.23377818683847218,,2015-07-21
300274,2015-09-30,8.7091731,0.25,34.8366924,0.6142460684551342,0.3857539315448658,,2015-10-27
300274,2015-12-31,10.1792637,0.33,30.846253636363635,0.6992611907866145,0.30073880921338547,,2016-04-27
300274,2016-03-31,8.19315645,0.1,81.9315645,0.7508227550540668,0.24917724494593319,,2016-04-27
300274,2016-06-30,9.058134,0.19,47.674389473684215,0.721475054229935,0.27852494577006504,,2016-08-16
300274,2016-09-30,7.84314832,0.23,34.100644869565215,0.7122719734660033,0.28772802653399665,,2016-10-20
300274,2016-12-31,,0.41,,,,,2017-04-18
300274,2017-03-31,6.78979136,0.09,75.44212622222223,0.7754052985369712,0.22459470146302885,,2017-04-18
300274,2017-06-30,7.47509251,0.26,28.750355807692305,0.8491720662347012,0.1508279337652988,,2017-08-15
300274,2017-09-30,,0.53,,,,,2017-10-28
300274,2017-12-31,,0.71,,,,,2018-04-24
300274,2018-03-31,,0.14,,,,,2018-04-24
300274,2018-06-30,,0.26,,,,,2018-08-15
300274,2018-09-30,,0.42,,,,,2018-10-27
300276,2015-06-30,10.79618148,0.0365,295.78579397260273,0.19926369075011505,0.8007363092498849,,2015-08-18
300276,2015-09-30,7.5607812,0.0508,148.8342755905512,0.17761332099907493,0.8223866790009251,,2015-10-23
300276,2015-12-31,9.77144616,0.0615,158.88530341463414,0.18470230334637114,0.8152976966536288,,2016-04-22
300276,2016-03-31,7.62986448,0.0062,1230.6233032258065,0.09590973201692525,0.9040902679830748,,2016-04-22
300276,2016-06-30,8.08657668,0.022,367.5716672727273,0.13535791757049892,0.8646420824295011,,2016-08-16
300276,2016-09-30,6.9692007,0.0177,393.74015254237287,0.07628524046434494,0.9237147595356551,,2016-10-27
300276,2016-12-31,,0.0397,,,,,2017-03-21
300276,2017-03-31,8.33616238,0.0079,1055.210427848101,0.0826413602214314,0.9173586397785686,,2017-04-25
300276,2017-06-30,6.339762,0.0226,280.52044247787614,0.11519078473722102,0.884809215262779,,2017-08-05
300276,2017-09-30,,0.0218,,,,,2017-10-26
300276,2017-12-31,,0.1691,,,,,2018-04-24
300276,2018-03-31,,0.0741,,,,,2018-04-24
300276,2018-06-30,,0.0542,,,,,2018-08-28
300276,2018-09-30,,0.2387,,,,,2018-10-25
300277,2015-06-30,8.93871513,-0.0713,,,,,2015-08-15
300277,2015-09-30,6.21216155,-0.0368,,,,,2015-10-27
300277,2015-12-31,14.55420706,0.0441,330.02737097505667,0.0903954802259887,0.9096045197740112,,2016-03-31
300277,2016-03-31,12.43942866,-0.0244,,,,,2016-04-27
300277,2016-06-30,13.55160114,-0.0403,,,,,2016-08-18
300277,2016-09-30,12.64438098,-0.0545,,,,,2016-10-28
300277,2016-12-31,,0.078,,,,,2017-04-29
300277,2017-03-31,10.395231,-0.0036,,,,,2017-04-29
300277,2017-06-30,8.24341866,-0.0191,,,,,2017-08-25
300277,2017-09-30,,-0.011,,,,,2017-10-26
300277,2017-12-31,,0.0181,,,,,2018-04-19
300277,2018-03-31,,-0.0063,,,,,2018-04-26
300277,2018-06-30,,-0.005,,,,,2018-08-17
300277,2018-09-30,,-0.0043,,,,,2018-10-26
300278,2015-06-30,21.72595953,0.11,197.508723,0.28485964104924066,0.7151403589507593,,2015-08-26
300278,2015-09-30,21.72595953,0.15,144.83973020000002,0.18316373728029603,0.816836262719704,,2015-10-26
300278,2015-12-31,21.11396067,0.18,117.29978150000001,0.2481529769665363,0.7518470230334637,,2016-02-25
300278,2016-03-31,14.56742741,0.07,208.10610585714284,0.4513399153737659,0.5486600846262342,,2016-04-27
300278,2016-06-30,15.84706139,0.11,144.06419445454546,0.32841648590021694,0.671583514099783,,2016-08-27
300278,2016-09-30,18.44342019,0.14,131.73871564285713,0.23590381426202323,0.7640961857379768,,2016-10-28
300278,2016-12-31,,0.2137,,,,,2017-03-25
300278,2017-03-31,19.5654181,0.07,279.5059728571428,0.3404507710557533,0.6595492289442467,,2017-04-27
300278,2017-06-30,15.40197351,0.12,128.34977925,0.2591792656587473,0.7408207343412527,,2017-08-29
300278,2017-09-30,,0.12,,,,,2017-10-28
300278,2017-12-31,,0.11,,,,,2018-04-12
300278,2018-03-31,,0.0236,,,,,2018-04-26
300278,2018-06-30,,0.0434,,,,,2018-08-28
300278,2018-09-30,,0.0088,,,,,2018-10-27
300279,2015-06-30,13.5228491,0.1388,97.4268667146974,0.5108145421076852,0.4891854578923148,,2015-08-26
300279,2015-09-30,13.5228382,0.1522,88.84913403416557,0.2960222016651249,0.7039777983348752,,2015-10-27
300279,2015-12-31,17.6292498,0.1805,97.66897396121884,0.2963928726640591,0.7036071273359409,,2016-04-26
300279,2016-03-31,11.4696324,0.1516,75.65720580474934,0.7748001880582981,0.2251998119417019,,2016-04-26
300279,2016-06-30,16.81150749,0.1199,140.2127396997498,0.3370932754880694,0.6629067245119307,,2016-07-28
300279,2016-09-30,16.6215367,0.1688,98.4688193127962,0.30845771144278605,0.691542288557214,,2016-10-29
300279,2016-12-31,,0.162,,,,,2017-04-18
300279,2017-03-31,13.73715904,0.0695,197.65696460431653,0.4456306840648478,0.5543693159351522,,2017-04-18
300279,2017-06-30,13.85894688,0.113,122.64554761061946,0.2728581713462923,0.7271418286537077,,2017-08-22
300279,2017-09-30,,0.1949,,,,,2017-10-26
300279,2017-12-31,,0.1711,,,,,2018-04-23
300279,2018-03-31,,0.0606,,,,,2018-04-23
300279,2018-06-30,,0.0825,,,,,2018-08-29
300279,2018-09-30,,-0.0893,,,,,2018-10-27
300283,2015-06-30,9.0290926,0.02,451.45463,0.13391624482282558,0.8660837551771744,,2015-08-26
300283,2015-09-30,6.737643,0.03,224.58810000000003,0.11008325624421832,0.8899167437557817,,2015-10-26
300283,2015-12-31,9.374112,0.01,937.4112,0.026510212950890916,0.973489787049109,,2016-03-04
300283,2016-03-31,6.8873684,0.01,688.7368399999999,0.17066290550070523,0.8293370944992948,,2016-04-27
300283,2016-06-30,9.16361278,0.04,229.0903195,0.21258134490238612,0.7874186550976139,,2016-08-18
300283,2016-09-30,9.6716169,0.07,138.1659557142857,0.22388059701492538,0.7761194029850746,,2016-10-28
300283,2016-12-31,,0.06,,,,,2017-03-31
300283,2017-03-31,8.60676211,0.01,860.676211,0.11229735073151444,0.8877026492684855,,2017-04-27
300283,2017-06-30,7.06323936,0.02,353.161968,0.08495320374370051,0.9150467962562995,,2017-08-25
300283,2017-09-30,,0.01,,,,,2017-10-26
300283,2017-12-31,,0.02,,,,,2018-04-26
300283,2018-03-31,,0.03,,,,,2018-04-26
300283,2018-06-30,,0.04,,,,,2018-08-03
300283,2018-09-30,,0.0433,,,,,2018-10-30
300284,2015-06-30,10.38257062,0.1946,53.35339475847893,0.708697653014266,0.291302346985734,,2015-08-04
300284,2015-09-30,11.08561024,0.381,29.096089868766402,0.6864014801110083,0.3135985198889917,,2015-10-27
300284,2015-12-31,11.04485432,0.5823,18.96763578911214,0.8352890047805303,0.16471099521946975,,2016-03-29
300284,2016-03-31,9.80179876,0.1,98.0179876,0.7038081805359662,0.29619181946403383,,2016-04-26
300284,2016-06-30,9.98796234,0.2266,44.077503706972635,0.7431670281995661,0.25683297180043385,,2016-08-02
300284,2016-09-30,12.1966908,0.4353,28.019046175051688,0.7661691542288557,0.23383084577114432,,2016-10-28
300284,2016-12-31,,0.68,,,,,2017-04-18
300284,2017-03-31,9.38837712,0.1,93.88377119999998,0.7018584420719652,0.29814155792803476,,2017-04-18
300284,2017-06-30,10.15771392,0.1938,52.41338452012384,0.619150467962563,0.380849532037437,,2017-08-01
300284,2017-09-30,,0.3868,,,,,2017-10-31
300284,2017-12-31,,0.585,,,,,2018-04-10
300284,2018-03-31,,0.0876,,,,,2018-04-25
300284,2018-06-30,,0.1883,,,,,2018-07-31
300284,2018-09-30,,0.3768,,,,,2018-10-30
300288,2015-06-30,57.55085163,0.1,575.5085162999999,0.10308329498389324,0.8969167050161068,,2015-08-06
300288,2015-09-30,27.9248964,0.18,155.13831333333334,0.16882516188714153,0.8311748381128585,,2015-10-26
300288,2015-12-31,60.68748612,0.29,209.2671935172414,0.1477618426770969,0.8522381573229031,,2016-04-26
300288,2016-03-31,37.10864754,0.0443,837.6669873589165,0.14057357780912083,0.8594264221908792,,2017-04-26
300288,2016-06-30,35.65340646,0.12,297.1117205,0.16442516268980478,0.8355748373101952,,2016-08-12
300288,2016-09-30,31.37617761,0.18,174.31209783333333,0.17081260364842454,0.8291873963515755,,2016-10-28
300288,2016-12-31,,0.25,,,,,2017-03-23
300288,2017-03-31,25.34872638,0.0475,533.6573974736842,0.17912218268090155,0.8208778173190985,,2017-04-26
300288,2017-06-30,27.4419975,0.14,196.01426785714284,0.16234701223902087,0.8376529877609791,,2017-08-25
300288,2017-09-30,,0.26,,,,,2017-10-20
300288,2017-12-31,,0.29,,,,,2018-04-20
300288,2018-03-31,,0.0635,,,,,2018-04-20
300288,2018-06-30,,0.15,,,,,2018-08-22
300288,2018-09-30,,0.23,,,,,2018-10-26
300289,2015-06-30,20.445256,0.13,157.2712,0.34882650713299584,0.6511734928670041,,2015-08-28
300289,2015-09-30,15.28676064,0.2,76.4338032,0.3362627197039778,0.6637372802960222,,2015-10-23
300289,2015-12-31,19.5626353,0.4,48.90658825,0.5232507605388962,0.4767492394611038,,2016-03-28
300289,2016-03-31,14.76536594,0.04,369.1341485,0.29713211095439584,0.7028678890456042,,2016-04-27
300289,2016-06-30,14.76927496,0.08,184.615937,0.26941431670281996,0.73058568329718,,2016-08-19
300289,2016-09-30,13.33776101,0.11,121.25237281818181,0.25870646766169153,0.7412935323383085,,2016-10-29
300289,2016-12-31,,0.17,,,,,2017-04-26
300289,2017-03-31,11.87662953,0.04,296.91573825,0.3238434163701068,0.6761565836298933,,2017-04-26
300289,2017-06-30,16.43785728,0.096,171.22768,0.1857451403887689,0.8142548596112311,,2017-08-26
300289,2017-09-30,,0.1336,,,,,2017-10-28
300289,2017-12-31,,0.17,,,,,2018-04-25
300289,2018-03-31,,0.04,,,,,2018-04-27
300289,2018-06-30,,0.0911,,,,,2018-08-28
300289,2018-09-30,,0.1453,,,,,2018-10-30
300291,2015-06-30,37.26466432,0.088,423.4620945454546,0.14312011044638748,0.8568798895536125,,2015-08-20
300291,2015-09-30,21.4153394,0.27,79.31607185185185,0.32377428307123035,0.6762257169287696,,2015-10-27
300291,2015-12-31,35.1329992,0.377,93.19097931034483,0.30725771403737506,0.6927422859626249,,2016-03-29
300291,2016-03-31,25.64906318,0.056,458.0189853571428,0.24917724494593324,0.7508227550540667,,2016-04-15
300291,2016-06-30,23.29900599,0.129,180.61244953488372,0.2741865509761388,0.7258134490238612,,2016-08-25
300291,2016-09-30,22.79401266,0.253,90.09491169960474,0.3358208955223881,0.664179104477612,,2016-10-29
300291,2016-12-31,,0.5152,,,,,2017-04-24
300291,2017-03-31,20.03140209,0.078,256.8128473076923,0.3697113483590352,0.6302886516409648,,2017-04-26
300291,2017-06-30,19.82346366,0.079,250.92991974683545,0.12347012239020878,0.8765298776097912,,2017-08-29
300291,2017-09-30,,0.144,,,,,2017-10-27
300291,2017-12-31,,0.1356,,,,,2018-04-24
300291,2018-03-31,,-0.057,,,,,2018-04-26
300291,2018-06-30,,-0.3283,,,,,2018-08-30
300291,2018-09-30,,-0.4256,,,,,2018-10-19
300292,2015-06-30,8.25370808,0.26,31.745031076923073,0.8637827887712839,0.1362172112287161,,2015-08-19
300292,2015-09-30,7.8194308,0.11,71.08573454545454,0.35707678075855687,0.6429232192414431,,2015-10-27
300292,2015-12-31,10.3201848,0.15,68.801232,0.4015645371577575,0.5984354628422426,,2016-04-26
300292,2016-03-31,8.11464176,0.03,270.4880586666667,0.3761165961448049,0.623883403855195,,2016-04-27
300292,2016-06-30,8.11464176,0.1,81.14641759999999,0.5279826464208243,0.47201735357917574,,2016-08-27
300292,2016-09-30,8.88330904,0.14,63.45220742857143,0.4639303482587065,0.5360696517412935,,2016-10-29
300292,2016-12-31,,0.13,,,,,2017-04-26
300292,2017-03-31,7.22013444,0.04,180.50336099999998,0.4792408066429419,0.5207591933570581,,2017-04-26
300292,2017-06-30,6.62334826,0.07,94.61926085714285,0.35817134629229663,0.6418286537077034,,2017-08-29
300292,2017-09-30,,0.13,,,,,2017-10-30
300292,2017-12-31,,0.18,,,,,2018-04-25
300292,2018-03-31,,0.04,,,,,2018-04-27
300292,2018-06-30,,0.08,,,,,2018-08-30
300292,2018-09-30,,0.1,,,,,2018-10-30
300299,2015-06-30,13.52424954,0.08,169.05311924999998,0.3281178094799816,0.6718821905200184,,2015-08-22
300299,2015-09-30,12.17080696,0.13,93.62159199999999,0.2807585568917669,0.7192414431082331,,2015-10-27
300299,2015-12-31,23.94982791,0.21,114.04679957142858,0.25467188179052586,0.7453281182094742,,2016-03-31
300299,2016-03-31,14.02288628,0.04,350.572157,0.307005171603197,0.692994828396803,,2016-04-27
300299,2016-06-30,14.02286487,0.11,127.48058972727272,0.36746203904555313,0.6325379609544468,,2016-08-09
300299,2016-09-30,12.5905039,0.1289,97.67652366175331,0.3113598673300166,0.6886401326699834,,2016-10-28
300299,2016-12-31,,0.19,,,,,2017-04-26
300299,2017-03-31,12.07057216,0.11,109.73247418181818,0.6476868327402135,0.35231316725978645,,2017-04-26
300299,2017-06-30,9.71048985,0.11,88.27718045454546,0.38408927285817135,0.6159107271418287,,2017-08-29
300299,2017-09-30,,0.11,,,,,2017-10-28
300299,2017-12-31,,-0.23,,,,,2018-04-27
300299,2018-03-31,,0.03,,,,,2018-04-27
300299,2018-06-30,,0.03,,,,,2018-08-30
300299,2018-09-30,,0.05,,,,,2018-10-27
300300,2015-06-30,16.9000845,0.1188,142.25660353535352,0.3879429360331339,0.6120570639668661,,2015-08-25
300300,2015-09-30,11.933393,0.2053,58.12660983925962,0.42738205365402404,0.572617946345976,,2015-10-22
300300,2015-12-31,21.8067757,0.21,103.84178904761905,0.27857453281182093,0.721425467188179,,2016-04-28
300300,2016-03-31,18.866761,0.0596,316.55639261744966,0.3300423131170663,0.6699576868829338,,2016-04-28
300300,2016-06-30,20.3734352,0.0614,331.81490553745925,0.1470715835140998,0.8529284164859002,,2016-08-27
300300,2016-09-30,20.3734205,0.108,188.64278240740742,0.15754560530679934,0.8424543946932006,,2016-10-29
300300,2016-12-31,,0.08,,,,,2017-04-27
300300,2017-03-31,13.31286133,0.04,332.82153325,0.2858837485172005,0.7141162514827994,,2017-04-27
300300,2017-06-30,12.11717534,0.0999,121.29304644644644,0.2750179985601152,0.7249820014398848,,2017-08-17
300300,2017-09-30,,0.0957,,,,,2017-10-26
300300,2017-12-31,,0.12,,,,,2018-04-24
300300,2018-03-31,,0.2,,,,,2018-04-27
300300,2018-06-30,,0.25,,,,,2018-08-30
300300,2018-09-30,,0.1999,,,,,2018-10-25
300302,2015-06-30,16.76426955,0.03,558.8089850000001,0.10722503451449608,0.892774965485504,,2015-08-26
300302,2015-09-30,14.31938172,0.0616,232.45749545454547,0.10499537465309898,0.8950046253469011,,2015-10-20
300302,2015-12-31,34.26153255,0.16,214.13457843749998,0.14385049978270317,0.8561495002172969,,2016-04-26
300302,2016-03-31,24.70424376,0.0186,1328.185148387097,0.08415608838740009,0.9158439116125999,,2016-04-27
300302,2016-06-30,32.26871847,0.1,322.6871847,0.1509761388286334,0.8490238611713666,,2016-08-10
300302,2016-09-30,29.47613766,0.156,188.94960038461537,0.15713101160862356,0.8428689883913765,,2016-10-28
300302,2016-12-31,,0.31,,,,,2017-04-25
300302,2017-03-31,20.55180468,0.028,733.9930242857142,0.132858837485172,0.867141162514828,,2017-04-26
300302,2017-06-30,17.94909018,0.0283,634.2434692579506,0.047156227501799854,0.9528437724982002,,2017-08-28
300302,2017-09-30,,0.0421,,,,,2017-10-27
300302,2017-12-31,,0.1206,,,,,2018-03-13
300302,2018-03-31,,0.0303,,,,,2018-04-20
300302,2018-06-30,,0.0429,,,,,2018-08-30
300302,2018-09-30,,0.059,,,,,2018-10-19
300308,2015-06-30,10.86701798,-0.02,,,,,2015-08-26
300308,2015-09-30,5.58428702,-0.02,,,,,2015-10-24
300308,2015-12-31,11.31842074,0.03,377.2806913333334,0.07605388961321165,0.9239461103867883,,2016-04-23
300308,2016-03-31,6.17368404,-0.03,,,,,2016-04-23
300308,2016-06-30,6.17368404,0.02,308.684202,0.16052060737527116,0.8394793926247288,,2016-08-26
300308,2016-09-30,6.79354587,0.02,339.6772935,0.08830845771144279,0.9116915422885572,,2016-10-19
300308,2016-12-31,,0.05,,,,,2017-04-21
300308,2017-03-31,17.1463299,-0.02,,,,,2017-04-21
300308,2017-06-30,20.56656294,0.02,1028.328147,0.02843772498200144,0.9715622750179985,,2017-08-29
300308,2017-09-30,,0.47,,,,,2017-10-30
300308,2017-12-31,,0.5,,,,,2018-04-12
300308,2018-03-31,,0.31,,,,,2018-04-27
300308,2018-06-30,,0.67,,,,,2018-08-08
300308,2018-09-30,,1.01,,,,,2018-10-30
300310,2015-06-30,16.32188448,0.14,116.58488914285714,0.44408651633686147,0.5559134836631385,,2015-08-22
300310,2015-09-30,11.89793936,0.22,54.081542545454546,0.45374653098982426,0.5462534690101757,,2015-10-24
300310,2015-12-31,21.40873442,0.16,133.80459012499998,0.21468926553672316,0.7853107344632768,,2016-04-23
300310,2016-03-31,13.72865578,0.1,137.2865578,0.5923836389280677,0.40761636107193233,,2016-04-23
300310,2016-06-30,21.0113742,0.11,191.01249272727273,0.2603036876355748,0.7396963123644251,,2016-08-10
300310,2016-09-30,18.898683,0.17,111.16872352941175,0.2777777777777778,0.7222222222222222,,2016-10-26
300310,2016-12-31,,0.22,,,,,2017-03-15
300310,2017-03-31,14.0626008,0.06,234.37668000000002,0.39501779359430605,0.604982206405694,,2017-04-08
300310,2017-06-30,13.13726924,0.13,101.05591723076923,0.3365730741540677,0.6634269258459323,,2017-08-23
300310,2017-09-30,,0.19,,,,,2017-10-17
300310,2017-12-31,,0.27,,,,,2018-04-03
300310,2018-03-31,,0.06,,,,,2018-04-24
300310,2018-06-30,,-0.52,,,,,2018-08-29
300310,2018-09-30,,-0.64,,,,,2018-10-26
300313,2015-06-30,22.71,-0.0513,,,,,2015-08-18
300313,2015-09-30,14.09,-0.0721,,,,,2015-10-24
300313,2015-12-31,17.7,-0.2,,,,,2016-04-20
300313,2016-03-31,17.7,-0.0899,,,,,2016-04-20
300313,2016-06-30,16.4,-0.1516,,,,,2016-08-25
300313,2016-09-30,16.65,-0.293,,,,,2016-10-25
300313,2016-12-31,,-0.72,,,,,2017-03-30
300313,2017-03-31,19.7,-0.0247,,,,,2017-04-20
300313,2017-06-30,13.1,0.0085,1541.1764705882351,0.017638588912886968,0.9823614110871131,,2017-08-12
300313,2017-09-30,,0.019,,,,,2017-10-25
300313,2017-12-31,,0.04,,,,,2018-03-13
300313,2018-03-31,,-0.0269,,,,,2018-04-25
300313,2018-06-30,,-7.8872,,,,,2018-08-25
300313,2018-09-30,,-7.35,,,,,2018-10-25
300315,2015-06-30,13.45594945,0.07,192.22784928571429,0.29590427979751494,0.7040957202024851,,2015-08-25
300315,2015-09-30,10.90378782,0.11,99.12534381818182,0.2645698427382054,0.7354301572617946,,2015-10-26
300315,2015-12-31,13.902826,0.19,73.17276842105262,0.38722294654498046,0.6127770534550195,,2016-04-21
300315,2016-03-31,12.00608331,0.08,150.076041375,0.5594734367653973,0.4405265632346027,,2016-04-26
300315,2016-06-30,10.41718891,0.15,69.44792606666667,0.5934924078091106,0.4065075921908894,,2016-08-24
300315,2016-09-30,9.3723348,0.2,46.861674,0.5837479270315091,0.41625207296849087,,2016-10-27
300315,2016-12-31,,0.18,,,,,2017-04-25
300315,2017-03-31,8.7952696,0.06,146.58782666666667,0.546065638592329,0.45393436140767096,,2017-04-27
300315,2017-06-30,8.1187104,0.1,81.18710399999999,0.4168466522678186,0.5831533477321814,,2017-08-26
300315,2017-09-30,,0.14,,,,,2017-10-28
300315,2017-12-31,,0.1,,,,,2018-04-25
300315,2018-03-31,,0.05,,,,,2018-04-27
300315,2018-06-30,,0.14,,,,,2018-08-28
300315,2018-09-30,,0.19,,,,,2018-10-30
300316,2015-06-30,18.3348172,0.05,366.69634399999995,0.16428900138057984,0.8357109986194202,,2015-07-25
300316,2015-09-30,18.3348172,0.08,229.185215,0.10638297872340426,0.8936170212765957,,2015-10-29
300316,2015-12-31,10.3708522,0.12,86.42376833333334,0.3324641460234681,0.6675358539765319,,2016-03-10
300316,2016-03-31,6.97997288,0.0291,239.86161099656357,0.4123178185237424,0.5876821814762576,,2016-04-21
300316,2016-06-30,9.3280384,0.09,103.64487111111112,0.4399132321041215,0.5600867678958785,,2016-08-25
300316,2016-09-30,9.23547008,0.15,61.56980053333334,0.47761194029850745,0.5223880597014925,,2016-10-28
300316,2016-12-31,,0.23,,,,,2017-04-26
300316,2017-03-31,10.146912,0.06,169.11520000000002,0.49940688018979834,0.5005931198102016,,2017-04-26
300316,2017-06-30,8.96470999,0.11,81.49736354545453,0.4136069114470842,0.5863930885529158,,2017-08-29
300316,2017-09-30,,0.2,,,,,2017-10-27
300316,2017-12-31,,0.3,,,,,2018-04-10
300316,2018-03-31,,0.11,,,,,2018-04-24
300316,2018-06-30,,0.22,,,,,2018-08-22
300316,2018-09-30,,0.35,,,,,2018-10-27
300317,2015-06-30,12.2109276,-0.0468,,,,,2015-08-29
300317,2015-09-30,9.97446958,0.1642,60.74585615103531,0.4093432007400555,0.5906567992599445,,2015-10-24
300317,2015-12-31,13.54108448,0.4849,27.925519653536814,0.7218600608431117,0.2781399391568883,,2017-03-24
300317,2016-03-31,12.7497224,0.1209,105.45676095947064,0.6784203102961918,0.32157968970380824,,2016-04-27
300317,2016-06-30,18.15132,0.3148,57.65984752223633,0.6598698481561822,0.3401301518438178,,2016-08-12
300317,2016-09-30,20.0929612,0.5085,39.514181317600794,0.6521558872305141,0.3478441127694859,,2016-10-21
300317,2016-12-31,,0.4341,,,,,2017-03-24
300317,2017-03-31,20.874018,0.1148,181.829425087108,0.4752866745749308,0.5247133254250692,,2017-04-26
300317,2017-06-30,14.5626094,0.264,55.16139924242424,0.5953923686105111,0.40460763138948885,,2017-08-26
300317,2017-09-30,,0.3174,,,,,2017-10-24
300317,2017-12-31,,0.3393,,,,,2018-04-20
300317,2018-03-31,,0.0302,,,,,2018-04-27
300317,2018-06-30,,0.0216,,,,,2018-08-30
300317,2018-09-30,,0.0132,,,,,2018-10-30
300318,2015-06-30,11.9372112,0.0538,221.88124907063198,0.2604693971468017,0.7395306028531983,,2015-08-25
300318,2015-09-30,9.21812633,0.0405,227.60805753086422,0.10730804810360776,0.8926919518963923,,2015-10-24
300318,2015-12-31,13.14371625,0.0303,433.78601485148516,0.06605823554976098,0.933941764450239,,2016-04-30
300318,2016-03-31,8.10153634,0.0056,1446.7029178571427,0.07804419370004702,0.921955806299953,,2016-04-30
300318,2016-06-30,9.46862852,0.015,631.2419013333333,0.07592190889370933,0.9240780911062907,,2016-08-23
300318,2016-09-30,9.80786284,0.0253,387.66256284584983,0.0775290215588723,0.9224709784411277,,2016-10-25
300318,2016-12-31,,0.029,,,,,2017-04-18
300318,2017-03-31,7.8822092,0.0017,4636.593647058824,0.014234875444839857,0.9857651245551602,,2017-04-21
300318,2017-06-30,7.06405584,0.0191,369.8458554973822,0.08063354931605471,0.9193664506839453,,2017-08-22
300318,2017-09-30,,0.0263,,,,,2017-10-20
300318,2017-12-31,,0.0476,,,,,2018-04-24
300318,2018-03-31,,0.0092,,,,,2018-04-26
300318,2018-06-30,,0.0208,,,,,2018-08-14
300318,2018-09-30,,0.0283,,,,,2018-10-23
300320,2015-06-30,9.7800813,0.1522,64.2580900131406,0.6534744592728946,0.3465255407271054,,2015-08-26
300320,2015-09-30,4.706991,0.1846,25.498326110509215,0.7298797409805735,0.2701202590194265,,2015-10-22
300320,2015-12-31,7.93912482,0.2242,35.41090463871543,0.6427640156453716,0.35723598435462844,,2016-03-25
300320,2016-03-31,6.27075801,0.0687,91.27740917030567,0.7207334273624824,0.27926657263751764,,2016-04-22
300320,2016-06-30,6.91234035,0.1405,49.198151957295366,0.7136659436008677,0.28633405639913234,,2016-08-16
300320,2016-09-30,7.6313917,0.1145,66.64970917030567,0.4423714759535655,0.5576285240464345,,2016-10-29
300320,2016-12-31,,0.1572,,,,,2017-03-30
300320,2017-03-31,8.8280611,0.0447,197.495774049217,0.4468169236852511,0.553183076314749,,2017-04-25
300320,2017-06-30,7.94314872,0.114,69.67674315789473,0.4906407487401008,0.5093592512598992,,2017-08-25
300320,2017-09-30,,0.19,,,,,2017-10-25
300320,2017-12-31,,0.27,,,,,2018-01-30
300320,2018-03-31,,0.0857,,,,,2018-04-27
300320,2018-06-30,,0.1671,,,,,2018-08-25
300320,2018-09-30,,0.2174,,,,,2018-10-30
300322,2015-06-30,14.55750756,-0.07,,,,,2015-08-26
300322,2015-09-30,9.98116372,-0.09,,,,,2015-10-23
300322,2015-12-31,19.2324795,-0.26,,,,,2016-03-12
300322,2016-03-31,14.73503814,0.04,368.3759535,0.29807240244475786,0.7019275975552421,,2016-04-23
300322,2016-06-30,21.2050415,0.12,176.70867916666668,0.279826464208243,0.720173535791757,,2016-08-26
300322,2016-09-30,17.20074064,0.17,101.18082729411763,0.30223880597014924,0.6977611940298507,,2016-10-26
300322,2016-12-31,,0.16,,,,,2017-04-25
300322,2017-03-31,16.81609105,0.01,1681.609105,0.04784499802293397,0.952155001977066,,2017-04-27
300322,2017-06-30,16.81608338,0.02,840.8041689999999,0.037077033837293015,0.962922966162707,,2017-08-11
300322,2017-09-30,,0.07,,,,,2017-10-28
300322,2017-12-31,,0.13,,,,,2018-03-27
300322,2018-03-31,,0.04,,,,,2018-04-16
300322,2018-06-30,,0.08,,,,,2018-08-11
300322,2018-09-30,,0.12,,,,,2018-10-30
300323,2015-06-30,9.21661916,0.02,460.830958,0.13069489185457892,0.8693051081454211,,2015-08-25
300323,2015-09-30,5.70880142,0.0119,479.7312117647059,0.04995374653098982,0.9500462534690102,,2015-10-23
300323,2015-12-31,10.00268476,-0.14,,,,,2016-04-26
300323,2016-03-31,7.06476458,-0.02,,,,,2016-04-26
300323,2016-06-30,8.83341218,0.08,110.41765224999999,0.41431670281995664,0.5856832971800434,,2016-08-13
300323,2016-09-30,8.83341218,0.1882,46.93630276301806,0.582089552238806,0.417910447761194,,2016-10-27
300323,2016-12-31,,0.35,,,,,2017-02-27
300323,2017-03-31,11.96784876,0.1,119.6784876,0.6168446026097272,0.3831553973902728,,2017-04-25
300323,2017-06-30,13.69009384,0.26,52.65420707692307,0.6166306695464363,0.3833693304535637,,2017-08-25
300323,2017-09-30,,0.44,,,,,2017-10-25
300323,2017-12-31,,0.6,,,,,2018-04-28
300323,2018-03-31,,0.17,,,,,2018-04-28
300323,2018-06-30,,0.34,,,,,2018-08-30
300323,2018-09-30,,0.51,,,,,2018-10-29
300324,2015-06-30,9.28111685,0.0232,400.0481400862069,0.15508513575701796,0.844914864242982,,2015-08-11
300324,2015-09-30,9.0816987,0.044,206.4022431818182,0.12488436632747456,0.8751156336725254,,2016-10-26
300324,2015-12-31,16.10056375,0.1086,148.2556514732965,0.1981747066492829,0.8018252933507171,,2016-02-23
300324,2016-03-31,15.888069,0.038,418.10707894736845,0.26704278326281145,0.7329572167371885,,2016-04-28
300324,2016-06-30,14.0464284,0.1,140.464284,0.3362255965292842,0.6637744034707158,,2016-08-26
300324,2016-09-30,14.203518,0.2007,70.76989536621825,0.42081260364842454,0.5791873963515755,,2016-10-26
300324,2016-12-31,,0.3726,,,,,2017-03-25
300324,2017-03-31,13.3460706,0.0823,162.16367679222355,0.5112692763938316,0.4887307236061684,,2017-04-26
300324,2017-06-30,11.9845008,0.0899,133.30924137931035,0.24550035997120231,0.7544996400287977,,2017-08-29
300324,2017-09-30,,0.1633,,,,,2017-10-28
300324,2017-12-31,,0.2235,,,,,2018-03-31
300324,2018-03-31,,0.1201,,,,,2018-04-27
300324,2018-06-30,,0.1422,,,,,2018-08-30
300324,2018-09-30,,0.2024,,,,,2018-10-30
300328,2015-06-30,11.3096568,0.0506,223.51100395256918,0.2586286240220893,0.7413713759779107,,2015-08-19
300328,2015-09-30,7.56514543,0.0935,80.91064631016043,0.31961147086031455,0.6803885291396854,,2015-10-27
300328,2015-12-31,12.66536566,0.1334,94.94277106446778,0.3020425901781834,0.6979574098218166,,2016-03-29
300328,2016-03-31,8.93172896,0.0109,819.4246752293577,0.14292430653502586,0.8570756934649741,,2016-04-27
300328,2016-06-30,11.51584932,0.0334,344.7859077844311,0.14143167028199566,0.8585683297180043,,2016-08-27
300328,2016-09-30,8.27333202,0.0428,193.30215,0.15339966832504145,0.8466003316749585,,2016-10-28
300328,2016-12-31,,0.0759,,,,,2017-03-17
300328,2017-03-31,7.08113374,0.0258,274.4625480620155,0.3471727955713721,0.6528272044286278,,2017-04-27
300328,2017-06-30,7.2856515,0.0514,141.7441926070039,0.23074154067674585,0.7692584593232541,,2017-08-22
300328,2017-09-30,,0.0616,,,,,2017-10-27
300328,2017-12-31,,0.08,,,,,2018-03-30
300328,2018-03-31,,0.0074,,,,,2018-04-17
300328,2018-06-30,,0.0539,,,,,2018-08-16
300328,2018-09-30,,0.1138,,,,,2018-10-27
300331,2015-06-30,26.0181777,0.01,2601.8177699999997,0.025310630464795213,0.9746893695352048,,2015-08-26
300331,2015-09-30,15.1954767,0.03,506.51589,0.04394079555966698,0.956059204440333,,2015-10-23
300331,2015-12-31,25.26678294,0.05,505.3356588,0.054324206866579745,0.9456757931334202,,2016-02-27
300331,2016-03-31,25.26678294,0.02,1263.339147,0.0921485660554772,0.9078514339445228,,2016-04-26
300331,2016-06-30,28.06216492,0.03,935.4054973333334,0.04815618221258135,0.9518438177874187,,2016-08-05
300331,2016-09-30,30.39493696,0.06,506.5822826666667,0.05472636815920398,0.945273631840796,,2016-10-28
300331,2016-12-31,,0.17,,,,,2017-04-15
300331,2017-03-31,24.69588628,0.05,493.9177256,0.19137999209173587,0.8086200079082642,,2017-04-27
300331,2017-06-30,21.35917555,0.16,133.4948471875,0.24442044636429086,0.7555795536357092,,2017-08-25
300331,2017-09-30,,0.27,,,,,2017-10-26
300331,2017-12-31,,0.36,,,,,2018-04-28
300331,2018-03-31,,0.07,,,,,2018-04-28
300331,2018-06-30,,0.17,,,,,2018-08-28
300331,2018-09-30,,0.28,,,,,2018-10-26
300332,2015-06-30,12.0876336,0.0948,127.50668354430381,0.4210768522779567,0.5789231477220433,,2015-08-11
300332,2015-09-30,9.7372604,0.1419,68.62058069062721,0.3695652173913043,0.6304347826086957,,2015-10-24
300332,2015-12-31,11.7038992,0.21,55.73285333333334,0.480225988700565,0.519774011299435,,2016-04-22
300332,2016-03-31,8.83548456,0.0286,308.93302657342656,0.3338034790785143,0.6661965209214857,,2016-04-22
300332,2016-06-30,9.0225604,0.0776,116.27010824742267,0.39739696312364425,0.6026030368763557,,2016-08-17
300332,2016-09-30,9.3595824,0.1146,81.67174869109948,0.3747927031509121,0.6252072968490878,,2016-10-27
300332,2016-12-31,,0.08,,,,,2017-04-28
300332,2017-03-31,9.8410424,0.0032,3075.3257499999995,0.024120205614867538,0.9758797943851325,,2017-04-28
300332,2017-06-30,9.7348547,0.0186,523.3792849462366,0.05399568034557235,0.9460043196544277,,2017-08-26
300332,2017-09-30,,0.0508,,,,,2017-10-26
300332,2017-12-31,,0.1,,,,,2018-04-20
300332,2018-03-31,,-0.0183,,,,,2018-04-25
300332,2018-06-30,,0.0424,,,,,2018-08-24
300332,2018-09-30,,0.0351,,,,,2018-10-27
300337,2015-06-30,11.85836398,-0.0368,,,,,2015-08-26
300337,2015-09-30,6.29778921,-0.0734,,,,,2015-10-27
300337,2015-12-31,9.01629648,-0.23,,,,,2017-04-25
300337,2016-03-31,6.86108526,-0.0097,,,,,2016-04-26
300337,2016-06-30,7.78051023,0.0028,2778.7536535714285,0.013015184381778741,0.9869848156182213,,2016-08-06
300337,2016-09-30,10.68707949,0.0126,848.180911904762,0.03275290215588723,0.9672470978441128,,2016-10-25
300337,2016-12-31,,0.01,,,,,2017-04-25
300337,2017-03-31,9.15470454,0.0268,341.5934529850746,0.27837089758797945,0.7216291024120205,,2017-04-25
300337,2017-06-30,8.76913923,0.0335,261.7653501492537,0.11987041036717062,0.8801295896328294,,2017-08-18
300337,2017-09-30,,0.0073,,,,,2017-10-27
300337,2017-12-31,,0.0095,,,,,2018-04-25
300337,2018-03-31,,0.013,,,,,2018-04-25
300337,2018-06-30,,0.0174,,,,,2018-08-28
300337,2018-09-30,,0.0261,,,,,2018-10-29
300340,2015-06-30,17.887881,-0.0963,,,,,2015-08-21
300340,2015-09-30,10.0270599,-0.1888,,,,,2015-10-23
300340,2015-12-31,19.8681296,-0.7433,,,,,2016-04-15
300340,2016-03-31,13.3201805,0.0222,600.0081306306306,0.1913493182886695,0.8086506817113305,,2016-04-27
300340,2016-06-30,43.3411869,0.0411,1054.530094890511,0.03947939262472885,0.9605206073752711,,2016-08-18
300340,2016-09-30,28.3963273,0.0584,486.23848116438353,0.05804311774461028,0.9419568822553898,,2016-10-28
300340,2016-12-31,,0.3309,,,,,2017-03-31
300340,2017-03-31,31.0877149,0.1754,177.23896750285064,0.48438117833135624,0.5156188216686437,,2017-04-26
300340,2017-06-30,21.9413733,0.5156,42.55502967416602,0.7167026637868971,0.28329733621310293,,2017-08-25
300340,2017-09-30,,0.6384,,,,,2017-10-26
300340,2017-12-31,,0.56,,,,,2018-04-23
300340,2018-03-31,,0.1338,,,,,2018-04-27
300340,2018-06-30,,0.1748,,,,,2018-08-30
300340,2018-09-30,,0.24,,,,,2018-10-27
300343,2015-06-30,13.07586986,0.0393,332.7193348600509,0.1753336401288541,0.8246663598711459,,2015-08-08
300343,2015-09-30,8.58149903,0.27,31.783329740740736,0.6558741905642923,0.3441258094357077,,2015-10-23
300343,2015-12-31,14.40492162,0.08,180.06152025,0.16558018252933507,0.834419817470665,,2016-04-29
300343,2016-03-31,12.63628305,0.11,114.87530045454545,0.6478608368594264,0.3521391631405736,,2016-04-29
300343,2016-06-30,11.83370851,0.1489,79.47420087306917,0.5383947939262473,0.46160520607375266,,2016-08-18
300343,2016-09-30,13.627025,0.28,48.667946428571426,0.5655058043117744,0.43449419568822556,,2016-10-18
300343,2016-12-31,,0.36,,,,,2017-04-29
300343,2017-03-31,10.52551411,0.04,263.13785275,0.36061684460260973,0.6393831553973903,,2017-04-29
300343,2017-06-30,10.6290854,0.2209,48.11718153010411,0.6598272138228942,0.3401727861771058,,2017-08-18
300343,2017-09-30,,0.3875,,,,,2017-10-27
300343,2017-12-31,,0.04,,,,,2018-04-14
300343,2018-03-31,,0.05,,,,,2018-04-14
300343,2018-06-30,,0.17,,,,,2018-08-30
300343,2018-09-30,,0.2717,,,,,2018-10-27
300345,2015-06-30,13.19072448,0.05,263.8144896,0.21859180855959504,0.781408191440405,,2015-08-05
300345,2015-09-30,11.33558496,0.0806,140.64001191066998,0.18963922294172064,0.8103607770582794,,2015-10-27
300345,2015-12-31,14.9590378,0.06,249.3172966666667,0.12516297262059975,0.8748370273794003,,2017-04-11
300345,2016-03-31,10.55581272,0.0254,415.58317795275593,0.27033380347907854,0.7296661965209215,,2016-04-26
300345,2016-06-30,10.39677976,0.025,415.87119039999993,0.1193058568329718,0.8806941431670282,,2016-08-06
300345,2016-09-30,11.503245100000001,0.0271,424.47398892988934,0.07006633499170813,0.9299336650082919,,2016-10-29
300345,2016-12-31,,0.02,,,,,2017-04-11
300345,2017-03-31,11.13442355,-0.006,,,,,2017-04-27
300345,2017-06-30,8.88,-0.003,,,,,2017-08-26
300345,2017-09-30,,-0.0157,,,,,2017-10-27
300345,2017-12-31,,-0.11,,,,,2018-04-24
300345,2018-03-31,,0.001,,,,,2018-04-24
300345,2018-06-30,,-0.007,,,,,2018-08-30
300345,2018-09-30,,-0.1358,,,,,2018-10-29
300347,2015-06-30,21.540809,0.18,119.67116111111112,0.43626323055683386,0.5637367694431661,,2015-08-18
300347,2015-09-30,20.42336375,0.2569,79.4992750097314,0.32238667900092505,0.6776133209990749,,2015-10-24
300347,2015-12-31,19.4069305,0.36,53.90814027777778,0.494567579313342,0.5054324206866581,,2016-04-16
300347,2016-03-31,17.323558,0.09,192.48397777777777,0.47578749412317817,0.5242125058768219,,2016-04-25
300347,2016-06-30,18.3817033,0.1658,110.86672677925212,0.41301518438177875,0.5869848156182212,,2016-08-26
300347,2016-09-30,20.3326215,0.2115,96.13532624113475,0.31550580431177444,0.6844941956882256,,2016-10-29
300347,2016-12-31,,0.3,,,,,2017-04-27
300347,2017-03-31,16.2534289,0.09,180.59365444444444,0.47844998022933966,0.5215500197706604,,2017-04-27
300347,2017-06-30,15.328643,0.2392,64.08295568561873,0.5298776097912167,0.4701223902087833,,2017-08-23
300347,2017-09-30,,0.4006,,,,,2017-10-30
300347,2017-12-31,,0.6121,,,,,2018-04-20
300347,2018-03-31,,0.1917,,,,,2018-04-26
300347,2018-06-30,,0.4372,,,,,2018-08-28
300347,2018-09-30,,0.6356,,,,,2018-10-27
300348,2015-06-30,23.81137,0.0247,964.0230769230769,0.06304647952139898,0.936953520478601,,2015-08-26
300348,2015-09-30,11.93166104,0.0213,560.1718798122066,0.04024051803885292,0.9597594819611471,,2015-10-24
300348,2015-12-31,16.40603393,0.1383,118.62642031814894,0.24554541503694047,0.7544545849630595,,2016-04-15
300348,2016-03-31,12.72393026,0.0697,182.55280143472024,0.49647390691114246,0.5035260930888575,,2016-04-22
300348,2016-06-30,16.0265952,0.0214,748.9063177570093,0.06290672451193059,0.9370932754880694,,2016-08-26
300348,2016-09-30,12.228084,0.2027,60.32601874691663,0.4867330016583748,0.5132669983416251,,2016-10-28
300348,2016-12-31,,0.3648,,,,,2017-04-15
300348,2017-03-31,9.6957432,0.003,3231.9144,0.022933965994464216,0.9770660340055358,,2017-04-22
300348,2017-06-30,9.2267488,0.0658,140.22414589665652,0.23218142548596113,0.7678185745140389,,2017-08-29
300348,2017-09-30,,0.0927,,,,,2017-10-28
300348,2017-12-31,,0.304,,,,,2018-04-18
300348,2018-03-31,,0.0117,,,,,2018-04-18
300348,2018-06-30,,0.0258,,,,,2018-08-25
300348,2018-09-30,,0.0981,,,,,2018-10-27
300353,2015-06-30,37.65999712,0.0382,985.8637989528796,0.06074551311550851,0.9392544868844915,,2015-08-26
300353,2015-09-30,37.66000199,0.06,627.6666998333333,0.03654024051803885,0.9634597594819612,,2015-10-27
300353,2015-12-31,24.1245484,0.1709,141.16178115857227,0.20425901781833986,0.7957409821816601,,2016-04-25
300353,2016-03-31,16.89707099,0.0126,1341.03738015873,0.08321579689703808,0.9167842031029619,,2016-04-25
300353,2016-06-30,21.85432179,0.0806,271.1454316377171,0.182646420824295,0.817353579175705,,2016-08-12
300353,2016-09-30,21.85432179,0.1313,166.4457105102818,0.1828358208955224,0.8171641791044776,,2016-10-26
300353,2016-12-31,,0.2502,,,,,2017-03-31
300353,2017-03-31,16.31406819,0.0187,872.4100636363636,0.1103202846975089,0.8896797153024911,,2017-04-27
300353,2017-06-30,12.78981424,0.0842,151.89803135391924,0.21454283657307416,0.7854571634269258,,2017-08-22
300353,2017-09-30,,0.1454,,,,,2017-10-20
300353,2017-12-31,,0.2449,,,,,2018-03-31
300353,2018-03-31,,0.0242,,,,,2018-04-21
300353,2018-06-30,,0.0607,,,,,2018-08-25
300353,2018-09-30,,0.0879,,,,,2018-10-29
300354,2015-06-30,34.00481416,0.0139,2446.389507913669,0.026691210308329497,0.9733087896916705,,2015-08-18
300354,2015-09-30,22.69539088,0.0106,2141.0746113207547,0.012025901942645698,0.9879740980573543,,2015-10-20
300354,2015-12-31,41.42004516,0.059,702.0346637288136,0.03737505432420687,0.9626249456757932,,2016-03-29
300354,2016-03-31,23.91053196,-0.0143,,,,,2016-04-21
300354,2016-06-30,25.70106165,0.0109,2357.8955642201836,0.015618221258134491,0.9843817787418655,,2016-08-16
300354,2016-09-30,25.33732223,0.0083,3052.689425301205,0.008706467661691543,0.9912935323383084,,2016-10-25
300354,2016-12-31,,0.014,,,,,2017-04-25
300354,2017-03-31,19.49834733,-0.031,,,,,2017-04-25
300354,2017-06-30,14.84631159,0.0015,9897.54106,0.0021598272138228943,0.9978401727861771,,2017-08-29
300354,2017-09-30,,0.01,,,,,2017-10-27
300354,2017-12-31,,0.033,,,,,2018-04-25
300354,2018-03-31,,-0.03,,,,,2018-04-25
300354,2018-06-30,,0.0074,,,,,2018-08-29
300354,2018-09-30,,0.0179,,,,,2018-10-30
300355,2015-06-30,5.26315797,0.13,40.485830538461535,0.8039576622181316,0.19604233778186841,,2015-08-26
300355,2015-09-30,3.52360901,0.17,20.72711182352941,0.8029602220166513,0.1970397779833487,,2015-10-27
300355,2015-12-31,5.26916888,0.18,29.273160444444443,0.7096914385049978,0.29030856149500217,,2016-04-25
300355,2016-03-31,4.28563007,-0.04,,,,,2016-04-25
300355,2016-06-30,4.22205309,0.08,52.775663625,0.6872017353579176,0.3127982646420824,,2016-08-25
300355,2016-09-30,6.93580592,0.16,43.348787,0.6156716417910447,0.3843283582089553,,2016-10-29
300355,2016-12-31,,0.22,,,,,2017-04-26
300355,2017-03-31,8.7291393,0.01,872.9139299999999,0.10913404507710557,0.8908659549228944,,2017-04-26
300355,2017-06-30,10.24304946,0.25,40.97219784,0.7296616270698344,0.2703383729301656,,2017-08-25
300355,2017-09-30,,0.45,,,,,2017-10-26
300355,2017-12-31,,0.53,,,,,2018-04-25
300355,2018-03-31,,0.01,,,,,2018-04-25
300355,2018-06-30,,0.12,,,,,2018-08-28
300355,2018-09-30,,0.2,,,,,2018-10-30
300357,2015-06-30,12.41625483,0.32,38.80079634375,0.8182236539346526,0.18177634606534743,,2015-08-12
300357,2015-09-30,10.26139131,0.56,18.323913053571427,0.8362627197039778,0.1637372802960222,,2015-10-30
300357,2015-12-31,14.5281357,0.73,19.90155575342466,0.8239895697522817,0.17601043024771834,,2016-04-08
300357,2016-03-31,10.55080782,0.18,58.615598999999996,0.8396803008932769,0.16031969910672306,,2016-04-22
300357,2016-06-30,10.90528152,0.335,32.5530791641791,0.8221258134490239,0.1778741865509761,,2016-08-26
300357,2016-09-30,10.43617488,0.6348,16.440099054820415,0.9050580431177446,0.09494195688225537,,2016-10-28
300357,2016-12-31,,0.8,,,,,2017-04-26
300357,2017-03-31,10.28270172,0.24,42.8445905,0.9110320284697508,0.08896797153024916,,2017-04-26
300357,2017-06-30,12.0060508,0.2707,44.35186848910233,0.6961843052555795,0.3038156947444205,,2017-08-08
300357,2017-09-30,,0.5105,,,,,2017-10-26
300357,2017-12-31,,0.6398,,,,,2018-03-15
300357,2018-03-31,,0.1786,,,,,2018-04-25
300357,2018-06-30,,0.1985,,,,,2018-08-15
300357,2018-09-30,,0.3616,,,,,2018-10-25
300359,2015-06-30,49.81662198,0.06,830.2770330000001,0.07317073170731707,0.926829268292683,,2015-08-07
300359,2015-09-30,31.16968812,0.0617,505.1813309562399,0.04440333024976873,0.9555966697502313,,2015-10-27
300359,2015-12-31,34.24768488,0.17,201.45696988235292,0.1534115601912212,0.8465884398087788,,2016-04-12
300359,2016-03-31,29.21313204,0.02,1460.656602,0.076163610719323,0.923836389280677,,2016-04-16
300359,2016-06-30,29.5096238,0.06,491.82706333333334,0.10412147505422993,0.89587852494577,,2016-08-24
300359,2016-09-30,26.7138705,0.07,381.6267214285714,0.07835820895522388,0.9216417910447761,,2016-10-27
300359,2016-12-31,,0.16,,,,,2017-04-24
300359,2017-03-31,16.316852,-0.01,,,,,2017-04-26
300359,2017-06-30,13.0037351,-0.03,,,,,2017-08-25
300359,2017-09-30,,0.0,,,,,2017-10-27
300359,2017-12-31,,0.1,,,,,2018-04-25
300359,2018-03-31,,0.01,,,,,2018-04-27
300359,2018-06-30,,0.0,,,,,2018-08-28
300359,2018-09-30,,0.01,,,,,2018-10-27
300363,2015-06-30,28.55933448,0.2,142.7966724,0.3865623561895996,0.6134376438104003,,2015-08-29
300363,2015-09-30,20.64724992,0.2022,102.11300652818991,0.25578168362627196,0.744218316373728,,2015-10-27
300363,2015-12-31,24.75297792,0.27,91.677696,0.31203824424163407,0.6879617557583659,,2016-02-24
300363,2016-03-31,19.7074944,0.11,179.15904,0.5035260930888575,0.49647390691114246,,2016-04-26
300363,2016-06-30,22.68888034,0.22,103.13127427272728,0.441648590021692,0.558351409978308,,2016-08-24
300363,2016-09-30,20.63207209,0.2875,71.76372900869566,0.4158374792703151,0.5841625207296849,,2016-10-27
300363,2016-12-31,,0.41,,,,,2017-02-24
300363,2017-03-31,16.60986929,0.13,127.76822530769229,0.5903519177540529,0.40964808224594706,,2017-04-27
300363,2017-06-30,13.90411528,0.14,99.31510914285712,0.3434125269978402,0.6565874730021598,,2017-08-26
300363,2017-09-30,,0.17,,,,,2017-10-28
300363,2017-12-31,,0.25,,,,,2018-04-18
300363,2018-03-31,,0.05,,,,,2018-04-24
300363,2018-06-30,,0.07,,,,,2018-08-25
300363,2018-09-30,,0.21,,,,,2018-10-27
300365,2015-06-30,11.12416809,0.11,101.12880081818182,0.4942475839852738,0.5057524160147262,,2015-08-21
300365,2015-09-30,7.37386427,0.159,46.3765048427673,0.503700277520814,0.49629972247918597,,2015-10-24
300365,2015-12-31,13.93202121,0.46,30.28700263043478,0.7027379400260756,0.2972620599739244,,2016-03-18
300365,2016-03-31,11.4394016,0.0169,676.8876686390533,0.17301363422661026,0.8269863657733898,,2016-04-26
300365,2016-06-30,14.88700425,0.1691,88.03668982850385,0.49587852494577006,0.50412147505423,,2016-08-18
300365,2016-09-30,14.8707343,0.252,59.0108503968254,0.4929519071310116,0.5070480928689884,,2016-10-26
300365,2016-12-31,,0.71,,,,,2017-03-03
300365,2017-03-31,12.2024625,0.0309,394.9016990291262,0.2388295769078687,0.7611704230921312,,2017-04-20
300365,2017-06-30,11.6401278,0.135,86.22316888888888,0.39092872570194387,0.6090712742980562,,2017-08-18
300365,2017-09-30,,0.203,,,,,2017-10-26
300365,2017-12-31,,0.54,,,,,2018-03-16
300365,2018-03-31,,0.0501,,,,,2018-04-25
300365,2018-06-30,,0.183,,,,,2018-08-16
300365,2018-09-30,,0.1842,,,,,2018-10-26
300368,2015-06-30,13.53275875,-0.0107,,,,,2015-08-07
300368,2015-09-30,7.96073845,0.0174,457.5137040229885,0.05504162812210916,0.9449583718778909,,2015-10-27
300368,2015-12-31,28.1680028,0.1071,263.00656209150327,0.11647109952194698,0.883528900478053,,2017-04-14
300368,2016-03-31,22.744967,-0.0173,,,,,2016-04-27
300368,2016-06-30,29.28108942,-0.0279,,,,,2016-08-18
300368,2016-09-30,23.09886348,0.0113,2044.147210619469,0.014925373134328358,0.9850746268656716,,2016-10-22
300368,2016-12-31,,0.0841,,,,,2017-06-17
300368,2017-03-31,16.34015988,-0.023,,,,,2017-04-22
300368,2017-06-30,14.31132112,-0.0285,,,,,2017-07-21
300368,2017-09-30,,-0.0258,,,,,2017-10-28
300368,2017-12-31,,-0.3043,,,,,2018-04-13
300368,2018-03-31,,0.0042,,,,,2018-04-13
300368,2018-06-30,,0.0167,,,,,2018-08-22
300368,2018-09-30,,0.0951,,,,,2018-10-25
300370,2015-06-30,6.84801144,-0.0183,,,,,2015-08-26
300370,2015-09-30,4.0237422,0.0133,302.537007518797,0.08048103607770583,0.9195189639222942,,2015-10-23
300370,2015-12-31,5.98512528,0.1635,36.60627082568807,0.6292916123424598,0.3707083876575402,,2016-04-25
300370,2016-03-31,5.38232892,-0.0285,,,,,2016-04-25
300370,2016-06-30,6.97832304,-0.0129,,,,,2016-08-27
300370,2016-09-30,6.49917762,0.0099,656.4825878787879,0.04145936981757877,0.9585406301824212,,2016-10-28
300370,2016-12-31,,0.0981,,,,,2017-03-28
300370,2017-03-31,5.15388471,-0.0191,,,,,2017-04-18
300370,2017-06-30,4.79533284,-0.0105,,,,,2017-08-25
300370,2017-09-30,,0.022,,,,,2017-10-27
300370,2017-12-31,,0.1108,,,,,2018-04-18
300370,2018-03-31,,-0.0203,,,,,2018-04-25
300370,2018-06-30,,-0.0271,,,,,2018-08-30
300370,2018-09-30,,-0.0089,,,,,2018-10-27
300374,2015-06-30,18.43476768,0.11,167.58879709090908,0.3294983893235159,0.6705016106764841,,2015-08-26
300374,2015-09-30,14.22842188,0.1227,115.96105851670742,0.22432932469935246,0.7756706753006475,,2015-10-26
300374,2015-12-31,25.1466325,0.23,109.33318478260868,0.2664059104737071,0.7335940895262929,,2016-04-23
300374,2016-03-31,19.42234452,-0.02,,,,,2016-04-23
300374,2016-06-30,21.6718251,0.03,722.39417,0.06724511930585683,0.9327548806941431,,2016-08-10
300374,2016-09-30,21.67184128,0.0614,352.9615843648208,0.08582089552238806,0.914179104477612,,2016-10-27
300374,2016-12-31,,0.26,,,,,2017-03-18
300374,2017-03-31,18.99946896,0.03,633.315632,0.15183867141162516,0.8481613285883749,,2017-04-11
300374,2017-06-30,22.2566841,0.14,158.976315,0.20374370050395968,0.7962562994960403,,2017-07-18
300374,2017-09-30,,0.23,,,,,2017-10-26
300374,2017-12-31,,0.36,,,,,2018-04-12
300374,2018-03-31,,0.07,,,,,2018-04-27
300374,2018-06-30,,0.1,,,,,2018-08-23
300374,2018-09-30,,0.22,,,,,2018-10-26
300376,2015-06-30,4.603794,0.21,21.92282857142857,0.9305108145421077,0.06948918545789229,,2015-08-05
300376,2015-09-30,4.11154218,0.38,10.819847842105263,0.9347826086956522,0.06521739130434778,,2015-10-27
300376,2015-12-31,5.66738846,0.56,10.120336535714284,0.949587136027814,0.05041286397218603,,2016-02-19
300376,2016-03-31,7.8405663,0.07,112.00808999999998,0.6553831687823225,0.3446168312176775,,2016-04-26
300376,2016-06-30,6.4701861,0.08,80.87732625,0.5297180043383948,0.4702819956616052,,2016-08-18
300376,2016-09-30,6.306594,0.13,48.51226153846153,0.5679933665008292,0.4320066334991708,,2016-10-27
300376,2016-12-31,,0.23,,,,,2017-03-01
300376,2017-03-31,13.8650232,0.03,462.16744,0.20521945432977462,0.7947805456702254,,2017-04-25
300376,2017-06-30,8.61315317,0.14,61.52252264285714,0.5493160547156227,0.4506839452843773,,2017-08-23
300376,2017-09-30,,0.23,,,,,2017-10-25
300376,2017-12-31,,0.31,,,,,2018-03-15
300376,2018-03-31,,0.04,,,,,2018-04-26
300376,2018-06-30,,0.16,,,,,2018-08-24
300376,2018-09-30,,0.24,,,,,2018-10-27
300377,2015-06-30,34.43683023,0.0296,1163.4064266891892,0.05200184077312471,0.9479981592268752,,2015-07-28
300377,2015-09-30,9.93472383,0.0463,214.5728688984881,0.11702127659574468,0.8829787234042553,,2015-10-24
300377,2015-12-31,15.06989583,0.2639,57.10456926866237,0.47327249022164275,0.5267275097783573,,2016-04-25
300377,2016-03-31,14.79112935,0.015,986.0752900000001,0.11753643629525153,0.8824635637047484,,2016-04-25
300377,2016-06-30,18.22305933,0.0637,286.0762846153846,0.17049891540130152,0.8295010845986985,,2016-08-27
300377,2016-09-30,13.90387392,0.0914,152.12115886214443,0.20398009950248755,0.7960199004975125,,2016-10-29
300377,2016-12-31,,0.1695,,,,,2017-04-26
300377,2017-03-31,13.76395146,0.0505,272.5534942574257,0.35033610122578096,0.649663898774219,,2017-04-26
300377,2017-06-30,10.58708473,0.0671,157.78069642324888,0.2044636429085673,0.7955363570914327,,2017-08-15
300377,2017-09-30,,0.1123,,,,,2017-10-27
300377,2017-12-31,,0.2808,,,,,2018-04-25
300377,2018-03-31,,0.0343,,,,,2018-04-25
300377,2018-06-30,,0.102,,,,,2018-08-15
300377,2018-09-30,,0.1588,,,,,2018-10-30
300380,2015-06-30,105.60849105,0.05,2112.169821,0.028531983433041877,0.9714680165669581,,2015-08-08
300380,2015-09-30,51.86969996,0.0722,718.4168969529086,0.03145235892691952,0.9685476410730804,,2015-10-22
300380,2015-12-31,66.81274459,0.16,417.57965368749996,0.06823120382442416,0.9317687961755758,,2016-04-16
300380,2016-03-31,47.23086757,0.02,2361.5433785,0.044193700047014575,0.9558062999529854,,2016-04-25
300380,2016-06-30,50.0009895,0.05,1000.0197900000001,0.04338394793926247,0.9566160520607375,,2016-08-08
300380,2016-09-30,40.4862381,0.0487,831.33959137577,0.03316749585406302,0.966832504145937,,2016-10-28
300380,2016-12-31,,-0.14,,,,,2017-04-26
300380,2017-03-31,30.14622765,-0.06,,,,,2017-04-26
300380,2017-06-30,24.03931068,-0.05,,,,,2017-08-22
300380,2017-09-30,,0.0122,,,,,2017-10-27
300380,2017-12-31,,0.0921,,,,,2018-04-18
300380,2018-03-31,,0.02,,,,,2018-04-25
300380,2018-06-30,,0.04,,,,,2018-08-22
300380,2018-09-30,,0.0979,,,,,2018-10-25
300382,2015-06-30,10.32531637,0.42,24.584086595238094,0.9171652093879429,0.08283479061205712,,2015-08-25
300382,2015-09-30,5.64780998,0.55,10.268745418181817,0.9421831637372803,0.05781683626271972,,2015-10-26
300382,2015-12-31,8.97483535,0.84,10.684327797619048,0.9413298565840938,0.05867014341590615,,2016-03-30
300382,2016-03-31,6.47058203,0.12,53.92151691666667,0.8594264221908792,0.14057357780912083,,2016-04-27
300382,2016-06-30,7.20104202,0.37,19.46227572972973,0.9301518438177874,0.06984815618221263,,2016-08-26
300382,2016-09-30,8.8719597,0.46,19.286868913043477,0.8689883913764511,0.13101160862354888,,2016-10-28
300382,2016-12-31,,0.91,,,,,2017-04-26
300382,2017-03-31,8.53662645,0.11,77.605695,0.7682878608145512,0.23171213918544875,,2017-04-26
300382,2017-06-30,7.91961327,0.36,21.99892575,0.9071274298056156,0.09287257019438444,,2017-08-29
300382,2017-09-30,,0.18,,,,,2017-10-28
300382,2017-12-31,,0.44,,,,,2018-04-25
300382,2018-03-31,,0.05,,,,,2018-04-25
300382,2018-06-30,,0.18,,,,,2018-08-30
300382,2018-09-30,,0.15,,,,,2018-10-30
300383,2015-06-30,23.5812123,0.09,262.01347000000004,0.21997238840312933,0.7800276115968707,,2015-08-21
300383,2015-09-30,23.5812123,0.14,168.4372307142857,0.15679925994449584,0.8432007400555042,,2015-10-24
300383,2015-12-31,27.08681481,0.21,128.98483242857142,0.222077357670578,0.777922642329422,,2016-03-15
300383,2016-03-31,19.42412945,0.11,176.58299499999998,0.5077574047954866,0.4922425952045134,,2016-04-09
300383,2016-06-30,18.4368719,0.11,167.60792636363635,0.29197396963123645,0.7080260303687635,,2016-08-03
300383,2016-09-30,16.53480939,0.16,103.34255868749999,0.2972636815920398,0.7027363184079602,,2016-10-29
300383,2016-12-31,,0.25,,,,,2017-03-21
300383,2017-03-31,11.69938705,0.06,194.98978416666668,0.4527481217872677,0.5472518782127322,,2017-04-26
300383,2017-06-30,13.24774032,0.14,94.62671657142856,0.3578113750899928,0.6421886249100073,,2017-08-25
300383,2017-09-30,,0.22,,,,,2017-10-28
300383,2017-12-31,,0.3,,,,,2018-03-17
300383,2018-03-31,,0.1,,,,,2018-04-25
300383,2018-06-30,,0.2,,,,,2018-08-16
300383,2018-09-30,,0.33,,,,,2018-10-26
300390,2015-06-30,5.4758765,0.13,42.12212692307692,0.7896916705016107,0.2103083294983893,,2015-07-30
300390,2015-09-30,3.5797521,0.2,17.898760499999998,0.8422756706753006,0.15772432932469937,,2015-10-27
300390,2015-12-31,7.25431042,0.2,36.2715521,0.632768361581921,0.36723163841807904,,2016-03-30
300390,2016-03-31,5.94827301,0.0149,399.2129536912752,0.28020686412787965,0.7197931358721203,,2016-04-26
300390,2016-06-30,7.09474026,0.03,236.491342,0.20650759219088938,0.7934924078091106,,2016-08-16
300390,2016-09-30,5.50397289,0.06,91.7328815,0.33167495854063017,0.6683250414593698,,2016-10-28
300390,2016-12-31,,0.05,,,,,2017-04-25
300390,2017-03-31,4.57910814,0.0194,236.03650206185566,0.3914590747330961,0.6085409252669038,,2017-04-25
300390,2017-06-30,3.76933767,0.04,94.23344175,0.3603311735061195,0.6396688264938806,,2017-08-16
300390,2017-09-30,,0.07,,,,,2017-10-20
300390,2017-12-31,,0.09,,,,,2018-04-21
300390,2018-03-31,,0.0219,,,,,2018-04-21
300390,2018-06-30,,0.06,,,,,2018-07-25
300390,2018-09-30,,0.11,,,,,2018-10-23
300394,2015-06-30,5.82214396,0.2748,21.186841193595342,0.9351127473538886,0.06488725264611139,,2015-08-22
300394,2015-09-30,3.8758906,0.3957,9.795022997220116,0.952358926919519,0.047641073080481044,,2015-10-27
300394,2015-12-31,8.344182,0.5753,14.504053537284895,0.894393741851369,0.105606258148631,,2016-04-12
300394,2016-03-31,6.212984,0.1541,40.31787151200519,0.919134931828867,0.08086506817113304,,2016-04-20
300394,2016-06-30,7.41815613,0.3238,22.90968539221742,0.9036876355748373,0.09631236442516267,,2016-08-10
300394,2016-09-30,7.29455049,0.4778,15.26695372540812,0.9187396351575456,0.08126036484245436,,2016-10-25
300394,2016-12-31,,0.6542,,,,,2017-03-18
300394,2017-03-31,5.33867301,0.1708,31.256867740046836,0.9513641755634639,0.048635824436536135,,2017-04-20
300394,2017-06-30,4.70681988,0.3281,14.345686924718075,0.9647228221742261,0.03527717782577389,,2017-08-08
300394,2017-09-30,,0.4535,,,,,2017-10-24
300394,2017-12-31,,0.5985,,,,,2018-03-20
300394,2018-03-31,,0.1475,,,,,2018-04-27
300394,2018-06-30,,0.2924,,,,,2018-08-21
300394,2018-09-30,,0.4835,,,,,2018-10-23
300397,2015-06-30,50.138267,-0.0646,,,,,2015-08-03
300397,2015-09-30,18.633216,-0.1087,,,,,2015-10-26
300397,2015-12-31,22.487408,-0.23,,,,,2016-04-22
300397,2016-03-31,15.7023664,-0.04,,,,,2016-04-22
300397,2016-06-30,18.85504,-0.0904,,,,,2016-08-26
300397,2016-09-30,17.0693568,-0.2047,,,,,2016-10-28
300397,2016-12-31,,-0.29,,,,,2017-04-26
300397,2017-03-31,14.6459296,0.055,266.2896290909091,0.3570581257413998,0.6429418742586002,,2017-04-26
300397,2017-06-30,13.5922656,0.0849,160.09735689045934,0.20122390208783297,0.798776097912167,,2017-08-18
300397,2017-09-30,,0.1183,,,,,2017-10-27
300397,2017-12-31,,0.29,,,,,2018-04-26
300397,2018-03-31,,-0.05,,,,,2018-04-26
300397,2018-06-30,,-0.22,,,,,2018-08-23
300397,2018-09-30,,-0.306,,,,,2018-10-27
300398,2015-06-30,16.17835582,0.5,32.35671164,0.8601012425218592,0.13989875747814084,,2015-08-18
300398,2015-09-30,11.63569858,0.89,13.073818629213482,0.9061054579093432,0.09389454209065684,,2015-10-27
300398,2015-12-31,18.20265172,1.01,18.022427445544555,0.8478922207735767,0.15210777922642327,,2016-03-18
300398,2016-03-31,12.2830158,0.17,72.25303411764705,0.7879642689233662,0.21203573107663376,,2016-04-27
300398,2016-06-30,17.1738556,0.35,49.06815885714286,0.7145336225596529,0.2854663774403471,,2016-08-26
300398,2016-09-30,17.03839337,0.51,33.408614450980394,0.7172470978441128,0.2827529021558872,,2016-10-28
300398,2016-12-31,,0.65,,,,,2017-02-21
300398,2017-03-31,20.5912832,0.04,514.78208,0.18465796757611705,0.8153420324238829,,2017-04-27
300398,2017-06-30,13.9956378,0.07,199.93768285714285,0.15910727141828654,0.8408927285817135,,2017-08-29
300398,2017-09-30,,0.14,,,,,2017-10-27
300398,2017-12-31,,0.27,,,,,2018-03-16
300398,2018-03-31,,0.17,,,,,2018-04-27
300398,2018-06-30,,0.36,,,,,2018-08-17
300398,2018-09-30,,0.6,,,,,2018-10-25
300399,2015-06-30,57.3215682,0.1,573.215682,0.10354348826507133,0.8964565117349287,,2015-08-28
300399,2015-09-30,29.79432885,0.15,198.628859,0.13089731729879742,0.8691026827012026,,2015-10-23
300399,2015-12-31,42.36940764,0.22,192.58821654545454,0.1590612777053455,0.8409387222946545,,2016-04-26
300399,2016-03-31,33.7020792,0.09,374.4675466666667,0.2943112364833098,0.7056887635166902,,2016-04-26
300399,2016-06-30,32.56795734,0.13,250.52274876923076,0.1947939262472885,0.8052060737527115,,2016-08-25
300399,2016-09-30,26.36597754,0.19,138.76830284210527,0.22263681592039802,0.777363184079602,,2016-10-28
300399,2016-12-31,,0.1,,,,,2017-03-31
300399,2017-03-31,21.6312954,0.07,309.01850571428565,0.31039936733886914,0.6896006326611308,,2017-04-27
300399,2017-06-30,19.26375903,-0.01,,,,,2017-08-25
300399,2017-09-30,,0.01,,,,,2017-10-27
300399,2017-12-31,,-0.12,,,,,2018-04-24
300399,2018-03-31,,-0.01,,,,,2018-04-24
300399,2018-06-30,,-0.09,,,,,2018-08-29
300399,2018-09-30,,-0.02,,,,,2018-10-30
300400,2015-06-30,20.39475666,0.1564,130.4012574168798,0.412793373216751,0.587206626783249,,2015-08-25
300400,2015-09-30,12.4207339,0.2184,56.87149221611721,0.4357076780758557,0.5642923219241442,,2015-10-27
300400,2015-12-31,21.45118207,0.27,79.44882248148149,0.35723598435462844,0.6427640156453716,,2016-04-12
300400,2016-03-31,12.97325765,0.01,1297.325765,0.08838740009402915,0.9116125999059709,,2016-04-27
300400,2016-06-30,16.01549728,0.08,200.19371600000002,0.24121475054229935,0.7587852494577007,,2016-08-16
300400,2016-09-30,17.29957088,0.13,133.07362215384615,0.2325870646766169,0.7674129353233831,,2016-10-25
300400,2016-12-31,,0.22,,,,,2017-04-07
300400,2017-03-31,16.4051472,0.03,546.8382399999999,0.17595887702649268,0.8240411229735073,,2017-04-26
300400,2017-06-30,13.26110488,0.13,102.00849907692307,0.3326133909287257,0.6673866090712743,,2017-08-09
300400,2017-09-30,,0.21,,,,,2017-10-25
300400,2017-12-31,,0.33,,,,,2018-04-03
300400,2018-03-31,,0.08,,,,,2018-04-25
300400,2018-06-30,,0.22,,,,,2018-08-09
300400,2018-09-30,,0.3,,,,,2018-10-23
300401,2015-06-30,8.36389836,0.06,139.39830600000002,0.39392544868844914,0.6060745513115509,,2015-08-22
300401,2015-09-30,6.2224713,0.05,124.44942599999999,0.21045328399629973,0.7895467160037003,,2015-10-24
300401,2015-12-31,10.6697631,0.07,152.42518714285714,0.19295958279009126,0.8070404172099087,,2016-01-26
300401,2016-03-31,13.2707165,0.02,663.535825,0.1777150916784203,0.8222849083215797,,2016-04-30
300401,2016-06-30,10.1679856,0.09,112.97761777777778,0.40563991323210413,0.5943600867678959,,2016-07-30
300401,2016-09-30,11.21842823,0.15,74.78952153333334,0.40298507462686567,0.5970149253731343,,2016-10-29
300401,2016-12-31,,0.24,,,,,2017-01-24
300401,2017-03-31,11.67475858,0.11,106.13416890909092,0.6591538157374456,0.3408461842625544,,2017-04-22
300401,2017-06-30,13.87266855,0.17,81.60393264705881,0.4128869690424766,0.5871130309575234,,2017-08-12
300401,2017-09-30,,0.23,,,,,2017-10-30
300401,2017-12-31,,0.72,,,,,2018-04-03
300401,2018-03-31,,0.25,,,,,2018-04-14
300401,2018-06-30,,0.32,,,,,2018-07-31
300401,2018-09-30,,0.47,,,,,2018-10-20
300402,2015-06-30,20.47255725,0.01,2047.255725,0.02991256327657616,0.9700874367234238,,2015-08-25
300402,2015-09-30,13.13067465,-0.0773,,,,,2015-10-27
300402,2015-12-31,19.18302146,0.02,959.1510729999999,0.024771838331160364,0.9752281616688396,,2016-04-25
300402,2016-03-31,16.32156978,-0.1413,,,,,2016-04-25
300402,2016-06-30,15.52149024,-0.286,,,,,2016-08-27
300402,2016-09-30,17.06610456,-0.4279,,,,,2016-10-28
300402,2016-12-31,,-0.49,,,,,2017-04-26
300402,2017-03-31,23.37641916,-0.0491,,,,,2017-04-26
300402,2017-06-30,18.34700424,0.0077,2382.7278233766233,0.010079193664506839,0.9899208063354932,,2017-08-29
300402,2017-09-30,,-0.0215,,,,,2017-10-28
300402,2017-12-31,,0.05,,,,,2018-04-19
300402,2018-03-31,,-0.0645,,,,,2018-04-26
300402,2018-06-30,,0.012,,,,,2018-08-28
300402,2018-09-30,,0.0153,,,,,2018-10-30
300405,2015-06-30,13.33638351,0.0301,443.0692196013289,0.13667740450989416,0.8633225954901058,,2015-08-26
300405,2015-09-30,9.5988483,-0.0812,,,,,2015-10-26
300405,2015-12-31,15.42877551,-0.4219,,,,,2016-04-26
300405,2016-03-31,7.76538981,0.0204,380.6563632352941,0.2924306535025858,0.7075693464974142,,2016-04-26
300405,2016-06-30,12.03386949,0.0627,191.92774306220096,0.2572668112798265,0.7427331887201736,,2016-08-26
300405,2016-09-30,12.43665495,0.0784,158.63080293367346,0.19444444444444445,0.8055555555555556,,2016-10-26
300405,2016-12-31,,0.2013,,,,,2017-04-26
300405,2017-03-31,10.21871943,0.0271,377.0745177121771,0.2530644523527086,0.7469355476472914,,2017-04-26
300405,2017-06-30,8.21259712,0.122,67.31636983606558,0.5064794816414687,0.4935205183585313,,2017-08-24
300405,2017-09-30,,0.1518,,,,,2017-10-26
300405,2017-12-31,,0.1796,,,,,2018-04-25
300405,2018-03-31,,0.0187,,,,,2018-04-25
300405,2018-06-30,,0.0344,,,,,2018-08-24
300405,2018-09-30,,0.0687,,,,,2018-10-27
300409,2015-06-30,14.6588715,0.2,73.29435749999999,0.6051541647491947,0.3948458352508053,,2015-08-20
300409,2015-09-30,10.273739,0.26,39.51438076923077,0.5730804810360777,0.42691951896392233,,2015-10-24
300409,2015-12-31,14.47344304,0.26,55.667088615384614,0.4810951760104302,0.5189048239895697,,2016-04-26
300409,2016-03-31,16.60085875,0.05,332.017175,0.31828866948754114,0.6817113305124589,,2016-04-26
300409,2016-06-30,24.01950375,0.22,109.17956249999999,0.4190889370932755,0.5809110629067245,,2016-08-27
300409,2016-09-30,21.64014225,0.39,55.48754423076923,0.5165837479270315,0.48341625207296846,,2016-10-29
300409,2016-12-31,,0.47,,,,,2017-02-21
300409,2017-03-31,17.39343375,0.08,217.417921875,0.4139976275207592,0.5860023724792408,,2017-04-27
300409,2017-06-30,18.75430194,0.32,58.6071935625,0.5727141828653708,0.4272858171346292,,2017-07-21
300409,2017-09-30,,0.29,,,,,2017-10-27
300409,2017-12-31,,0.39,,,,,2018-04-24
300409,2018-03-31,,0.17,,,,,2018-04-24
300409,2018-06-30,,0.31,,,,,2018-08-24
300409,2018-09-30,,0.47,,,,,2018-10-26
300410,2015-06-30,12.5550405,0.1102,113.92958711433756,0.4528301886792453,0.5471698113207547,,2015-08-19
300410,2015-09-30,9.09474885,0.1582,57.48893078381795,0.43108233117483813,0.5689176688251618,,2015-10-22
300410,2015-12-31,24.15061376,0.26,92.88697599999999,0.3098652759669709,0.6901347240330291,,2016-03-23
300410,2016-03-31,18.91423808,0.01,1891.423808,0.05688763516690174,0.9431123648330982,,2016-04-27
300410,2016-06-30,25.16276075,0.12,209.68967291666667,0.2299349240780911,0.7700650759219089,,2016-08-25
300410,2016-09-30,21.84178725,0.23,94.96429239130434,0.3204809286898839,0.679519071310116,,2016-10-26
300410,2016-12-31,,0.45,,,,,2017-04-20
300410,2017-03-31,20.45208757,0.12,170.43406308333334,0.498220640569395,0.501779359430605,,2017-04-20
300410,2017-06-30,18.4791568,0.44,41.99808363636363,0.720662347012239,0.27933765298776103,,2017-08-23
300410,2017-09-30,,0.76,,,,,2017-10-26
300410,2017-12-31,,1.05,,,,,2018-04-21
300410,2018-03-31,,0.15,,,,,2018-04-26
300410,2018-06-30,,0.31,,,,,2018-08-01
300410,2018-09-30,,0.44,,,,,2018-10-30
300411,2015-06-30,29.66265544,0.14,211.87611028571428,0.27059364933271973,0.7294063506672803,,2015-08-25
300411,2015-09-30,14.92526683,0.21,71.07269919047619,0.35753931544865863,0.6424606845513414,,2015-10-27
300411,2015-12-31,19.2851467,0.27,71.42646925925925,0.39287266405910476,0.6071273359408953,,2016-04-22
300411,2016-03-31,17.75449179,0.0343,517.6236673469388,0.21908791725434884,0.7809120827456512,,2016-04-22
300411,2016-06-30,17.34556176,0.12,144.546348,0.32711496746203905,0.672885032537961,,2016-08-22
300411,2016-09-30,17.34556176,0.21,82.59791314285714,0.37023217247097845,0.6297678275290215,,2016-10-28
300411,2016-12-31,,0.27,,,,,2017-02-13
300411,2017-03-31,20.79917712,0.036,577.7549200000001,0.1656781336496639,0.8343218663503361,,2017-04-27
300411,2017-06-30,20.2999797,0.1029,197.2787142857143,0.16162706983441325,0.8383729301655868,,2017-08-25
300411,2017-09-30,,0.1217,,,,,2017-10-30
300411,2017-12-31,,0.22,,,,,2018-04-20
300411,2018-03-31,,0.06,,,,,2018-04-27
300411,2018-06-30,,0.1693,,,,,2018-08-30
300411,2018-09-30,,0.1344,,,,,2018-10-29
300413,2015-06-30,25.80515815,0.112,230.40319776785714,0.24804417855499308,0.7519558214450069,,2015-08-21
300413,2015-09-30,15.2160645,0.1409,107.99194109297375,0.2391304347826087,0.7608695652173914,,2015-10-24
300413,2015-12-31,22.071654,0.25,88.286616,0.3246414602346806,0.6753585397653195,,2016-04-23
300413,2016-03-31,15.94621265,0.0314,507.84116719745225,0.22237893747061588,0.7776210625293841,,2016-04-27
300413,2016-06-30,13.57183775,0.07,193.88339642857142,0.2533622559652928,0.7466377440347072,,2016-08-20
300413,2016-09-30,13.57184318,0.0852,159.2939340375587,0.19361525704809288,0.8063847429519071,,2016-10-27
300413,2016-12-31,,0.17,,,,,2017-04-21
300413,2017-03-31,11.33687518,0.0239,474.34624184100414,0.20126532226176355,0.7987346777382365,,2017-04-25
300413,2017-06-30,11.33687518,0.33,34.35416721212121,0.7944564434845213,0.20554355651547873,,2017-08-28
300413,2017-09-30,,0.66,,,,,2017-10-27
300413,2017-12-31,,0.79,,,,,2018-03-01
300413,2018-03-31,,0.37,,,,,2018-04-26
300413,2018-06-30,,0.64,,,,,2018-08-30
300413,2018-09-30,,0.51,,,,,2018-10-29
300416,2015-06-30,12.13301537,0.28,43.33219775,0.7800276115968707,0.21997238840312927,,2015-08-07
300416,2015-09-30,7.22654302,0.42,17.20605480952381,0.8487511563367253,0.15124884366327473,,2015-10-24
300416,2015-12-31,11.75274596,0.4,29.3818649,0.7083876575401999,0.29161234245980006,,2016-03-29
300416,2016-03-31,8.96980054,-0.01,,,,,2016-04-25
300416,2016-06-30,9.8868808,0.16,61.793005,0.6316702819956616,0.36832971800433845,,2016-08-16
300416,2016-09-30,10.8155618,0.24,45.064840833333335,0.6032338308457711,0.3967661691542289,,2016-10-28
300416,2016-12-31,,0.43,,,,,2017-02-24
300416,2017-03-31,9.06964152,-0.01,,,,,2017-04-27
300416,2017-06-30,7.15924858,0.18,39.77360322222222,0.7393808495320374,0.2606191504679626,,2017-08-15
300416,2017-09-30,,0.3,,,,,2017-10-27
300416,2017-12-31,,0.49,,,,,2018-03-15
300416,2018-03-31,,0.02,,,,,2018-04-26
300416,2018-06-30,,0.24,,,,,2018-07-27
300416,2018-09-30,,0.36,,,,,2018-10-27
300417,2015-06-30,21.7983732,0.3552,61.36929391891892,0.664979291302347,0.335020708697653,,2015-08-26
300417,2015-09-30,14.3597592,0.617,23.273515721231764,0.7668825161887142,0.23311748381128583,,2015-10-24
300417,2015-12-31,27.5659942,0.8079,34.12055229607625,0.6575401999130812,0.3424598000869188,,2016-04-22
300417,2016-03-31,22.1918651,0.1224,181.30608741830068,0.4983544898918665,0.5016455101081335,,2016-04-22
300417,2016-06-30,22.73242056,0.2001,113.60530014992504,0.40433839479392625,0.5956616052060737,,2016-08-26
300417,2016-09-30,23.20803944,0.2502,92.7579513988809,0.32794361525704807,0.6720563847429519,,2016-10-28
300417,2016-12-31,,0.4304,,,,,2017-04-26
300417,2017-03-31,21.50554004,0.0668,321.93922215568864,0.29616449189402927,0.7038355081059707,,2017-04-26
300417,2017-06-30,14.725017,0.2228,66.09074057450628,0.5179985601151907,0.48200143988480926,,2017-08-29
300417,2017-09-30,,0.3238,,,,,2017-10-24
300417,2017-12-31,,0.4563,,,,,2018-04-21
300417,2018-03-31,,0.0723,,,,,2018-04-21
300417,2018-06-30,,0.1805,,,,,2018-08-29
300417,2018-09-30,,0.227,,,,,2018-10-26
300420,2015-06-30,4.08305964,0.1355,30.13328147601476,0.8766682006442706,0.12333179935572935,,2015-08-24
300420,2015-09-30,4.1065255,0.2197,18.691513427401002,0.8307123034227567,0.1692876965772433,,2015-10-27
300420,2015-12-31,6.58430699,0.28,23.515382107142855,0.7800956106040852,0.21990438939591483,,2016-04-07
300420,2016-03-31,4.92676397,0.0363,135.72352534435262,0.5942642219087917,0.4057357780912083,,2016-04-08
300420,2016-06-30,6.70270292,0.3495,19.177976881258942,0.9327548806941431,0.06724511930585686,,2016-08-03
300420,2016-09-30,6.751811,0.2128,31.72843515037594,0.7359038142620232,0.2640961857379768,,2016-10-29
300420,2016-12-31,,0.15,,,,,2017-03-04
300420,2017-03-31,7.792604,0.0204,381.9903921568627,0.24752866745749308,0.752471332542507,,2017-04-27
300420,2017-06-30,4.4069578,0.0908,48.534777533039644,0.6565874730021598,0.3434125269978402,,2017-08-08
300420,2017-09-30,,0.1303,,,,,2017-10-28
300420,2017-12-31,,0.11,,,,,2018-04-04
300420,2018-03-31,,0.0157,,,,,2018-04-27
300420,2018-06-30,,0.0771,,,,,2018-08-27
300420,2018-09-30,,0.1246,,,,,2018-10-26
300423,2015-06-30,12.07612424,0.26,46.44663169230769,0.7565577542567878,0.24344224574321216,,2015-08-20
300423,2015-09-30,8.53825504,0.32,26.682046999999997,0.713691026827012,0.286308973172988,,2015-10-23
300423,2015-12-31,14.51266512,0.52,27.908971384615384,0.7222946544980443,0.2777053455019557,,2016-04-20
300423,2016-03-31,10.17248416,0.03,339.08280533333334,0.3131170662905501,0.68688293370945,,2016-04-20
300423,2016-06-30,10.1724792,0.08,127.15598999999999,0.3683297180043384,0.6316702819956617,,2016-08-12
300423,2016-09-30,11.19150864,0.1317,84.97728656036446,0.357379767827529,0.642620232172471,,2016-10-25
300423,2016-12-31,,0.23,,,,,2017-03-08
300423,2017-03-31,12.114336,0.03,403.8112,0.2321075523922499,0.7678924476077501,,2017-04-26
300423,2017-06-30,12.11434455,0.06,201.9057425,0.15766738660907129,0.8423326133909287,,2017-08-29
300423,2017-09-30,,0.09,,,,,2017-10-26
300423,2017-12-31,,0.16,,,,,2018-04-26
300423,2018-03-31,,0.27,,,,,2018-04-26
300423,2018-06-30,,0.46,,,,,2018-08-14
300423,2018-09-30,,0.72,,,,,2018-10-25
300427,2015-06-30,19.40816,0.1339,144.94518297236743,0.3796594569719282,0.6203405430280717,,2015-08-26
300427,2015-09-30,15.71985669,0.1426,110.23742419354839,0.2345050878815911,0.7654949121184089,,2015-10-27
300427,2015-12-31,22.88577489,0.26,88.02221111538461,0.3259452411994785,0.6740547588005215,,2016-04-15
300427,2016-03-31,18.968607,-0.065,,,,,2016-04-27
300427,2016-06-30,21.14950508,0.0455,464.8242874725275,0.10802603036876356,0.8919739696312364,,2016-08-26
300427,2016-09-30,21.14950508,0.0503,420.4672978131213,0.0708955223880597,0.9291044776119403,,2016-10-29
300427,2016-12-31,,0.26,,,,,2017-03-23
300427,2017-03-31,23.68087572,-0.0187,,,,,2017-04-26
300427,2017-06-30,19.3161486,0.0505,382.49799207920785,0.07703383729301656,0.9229661627069834,,2017-08-29
300427,2017-09-30,,0.0875,,,,,2017-10-25
300427,2017-12-31,,0.38,,,,,2018-03-30
300427,2018-03-31,,0.1684,,,,,2018-04-27
300427,2018-06-30,,0.3438,,,,,2018-08-24
300427,2018-09-30,,0.4795,,,,,2018-10-30
300428,2015-06-30,12.7876331,0.47,27.20773,0.8946157386102163,0.10538426138978374,,2015-07-31
300428,2015-09-30,9.16405815,0.22,41.654809772727276,0.5490286771507863,0.4509713228492137,,2015-10-26
300428,2015-12-31,14.92467662,0.27,55.27658007407407,0.48457192524989134,0.5154280747501087,,2016-03-16
300428,2016-03-31,11.59296641,0.06,193.21610683333336,0.47343676539727314,0.5265632346027269,,2016-04-26
300428,2016-06-30,15.43206016,0.14,110.22900114285714,0.41691973969631235,0.5830802603036876,,2016-08-27
300428,2016-09-30,18.44926869,0.21,87.85366042857143,0.34618573797678276,0.6538142620232172,,2016-10-28
300428,2016-12-31,,0.29,,,,,2017-04-06
300428,2017-03-31,20.58765495,0.07,294.1093564285714,0.3258204824041123,0.6741795175958877,,2017-04-26
300428,2017-06-30,19.95819,0.12,166.31825,0.1929445644348452,0.8070554355651548,,2017-08-18
300428,2017-09-30,,0.24,,,,,2017-10-26
300428,2017-12-31,,0.78,,,,,2018-03-16
300428,2018-03-31,,0.16,,,,,2018-04-20
300428,2018-06-30,,0.34,,,,,2018-08-15
300428,2018-09-30,,0.56,,,,,2018-10-25
300433,2015-06-30,14.44389534,0.3567,40.49311841883936,0.8034974689369535,0.1965025310630465,,2015-08-26
300433,2015-09-30,9.7697652,0.5547,17.6127009194159,0.8464384828862165,0.15356151711378352,,2015-10-24
300433,2015-12-31,13.62212412,0.78,17.46426169230769,0.8526727509778357,0.14732724902216432,,2016-04-23
300433,2016-03-31,11.00977386,0.0817,134.75855397796818,0.5970850963798777,0.4029149036201223,,2016-04-29
300433,2016-06-30,13.9333194,0.0993,140.31540181268883,0.3366594360086768,0.6633405639913232,,2016-08-26
300433,2016-09-30,11.9711592,0.3138,38.149009560229445,0.6670812603648425,0.3329187396351575,,2016-10-29
300433,2016-12-31,,0.47,,,,,2017-04-20
300433,2017-03-31,15.2216064,0.0843,180.5647259786477,0.47884539343614074,0.5211546065638593,,2017-04-26
300433,2017-06-30,17.34485432,0.1188,146.00045723905723,0.22102231821454282,0.7789776817854572,,2017-08-12
300433,2017-09-30,,0.23,,,,,2017-10-27
300433,2017-12-31,,0.52,,,,,2018-04-24
300433,2018-03-31,,0.03,,,,,2018-04-27
300433,2018-06-30,,0.1163,,,,,2018-08-30
300433,2018-09-30,,0.27,,,,,2018-10-29
300434,2015-06-30,15.57076243,0.1203,129.43277165419784,0.4155545329038196,0.5844454670961804,,2015-08-15
300434,2015-09-30,10.44793693,0.3075,33.977030666666664,0.6234967622571693,0.3765032377428307,,2015-10-22
300434,2015-12-31,16.98150976,0.1875,90.56805205333335,0.3163841807909605,0.6836158192090396,,2016-04-12
300434,2016-03-31,13.1617209,0.0363,362.58184297520665,0.3008932769158439,0.6991067230841561,,2016-04-23
300434,2016-06-30,15.61014698,0.09,173.44607755555555,0.2841648590021692,0.7158351409978307,,2016-08-26
300434,2016-09-30,15.61014698,0.11,141.91042709090908,0.21849087893864014,0.7815091210613598,,2016-10-27
300434,2016-12-31,,0.19,,,,,2017-03-24
300434,2017-03-31,18.4732353,-0.04,,,,,2017-04-27
300434,2017-06-30,12.96517586,0.1,129.6517586,0.25377969762419006,0.7462203023758099,,2017-08-29
300434,2017-09-30,,0.19,,,,,2017-10-27
300434,2017-12-31,,0.37,,,,,2018-04-20
300434,2018-03-31,,0.12,,,,,2018-04-26
300434,2018-06-30,,0.12,,,,,2018-08-24
300434,2018-09-30,,0.16,,,,,2018-10-26
300436,2015-06-30,73.71261136,0.6425,114.72779978210117,0.4500690289921767,0.5499309710078233,,2015-08-18
300436,2015-09-30,60.192482,0.8047,74.80114576860942,0.3418131359851989,0.6581868640148011,,2015-10-23
300436,2015-12-31,82.32555366,0.9241,89.08727806514446,0.32073011734028684,0.6792698826597132,,2016-03-28
300436,2016-03-31,59.19585238,0.2014,293.92180923535255,0.34790785143394454,0.6520921485660555,,2016-04-25
300436,2016-06-30,60.87680152,0.2911,209.12676578495362,0.231236442516269,0.768763557483731,,2016-08-16
300436,2016-09-30,57.0410278,0.4233,134.7531958421923,0.2296849087893864,0.7703150912106136,,2016-10-24
300436,2016-12-31,,0.47,,,,,2017-03-21
300436,2017-03-31,47.4763724,0.1438,330.1555799721836,0.2890470541716093,0.7109529458283907,,2017-04-18
300436,2017-06-30,37.4900241,0.1921,195.158896928683,0.16342692584593232,0.8365730741540677,,2017-08-15
300436,2017-09-30,,0.2074,,,,,2017-10-27
300436,2017-12-31,,0.24,,,,,2018-03-21
300436,2018-03-31,,0.0856,,,,,2018-04-27
300436,2018-06-30,,0.0306,,,,,2018-08-24
300436,2018-09-30,,0.0427,,,,,2018-10-26
300437,2015-06-30,25.3732272,0.1187,213.75928559393427,0.26875287620800736,0.7312471237919926,,2015-08-26
300437,2015-09-30,19.75292096,0.1525,129.52735055737705,0.20120259019426456,0.7987974098057354,,2015-10-14
300437,2015-12-31,36.07158926,0.2285,157.8625350547046,0.18687527162103434,0.8131247283789657,,2016-02-19
300437,2016-03-31,36.07158926,0.0515,700.4192089320389,0.16643159379407615,0.8335684062059239,,2016-04-21
300437,2016-06-30,26.11649838,0.0902,289.5398933481153,0.16789587852494578,0.8321041214750542,,2016-08-18
300437,2016-09-30,26.07824646,0.1251,208.45920431654676,0.1413764510779436,0.8586235489220564,,2016-10-20
300437,2016-12-31,,0.1995,,,,,2017-04-26
300437,2017-03-31,20.01531714,0.0413,484.6323762711864,0.1981020166073547,0.8018979833926453,,2017-04-26
300437,2017-06-30,17.4859704,0.1303,134.19777743668456,0.24226061915046795,0.7577393808495321,,2017-08-10
300437,2017-09-30,,0.1944,,,,,2017-10-26
300437,2017-12-31,,0.4292,,,,,2018-03-31
300437,2018-03-31,,0.2289,,,,,2018-04-26
300437,2018-06-30,,0.5002,,,,,2018-08-29
300437,2018-09-30,,0.7047,,,,,2018-10-27
300438,2015-06-30,15.0040285,0.15,100.02685666666667,0.49884951679705475,0.5011504832029452,,2015-08-25
300438,2015-09-30,11.9163688,0.23,51.810299130434785,0.46808510638297873,0.5319148936170213,,2015-10-23
300438,2015-12-31,27.0333075,0.38,71.14028289473684,0.39374185136897,0.60625814863103,,2016-04-13
300438,2016-03-31,22.7731188,0.08,284.66398499999997,0.35966149506346967,0.6403385049365303,,2016-04-29
300438,2016-06-30,27.06251634,0.17,159.19127258823528,0.3023861171366594,0.6976138828633406,,2016-08-26
300438,2016-09-30,20.82685338,0.34,61.255451117647056,0.47885572139303484,0.5211442786069651,,2016-10-29
300438,2016-12-31,,0.55,,,,,2017-04-26
300438,2017-03-31,19.67886522,0.12,163.9905435,0.5069197311190193,0.49308026888098067,,2017-04-26
300438,2017-06-30,16.4371032,0.36,45.65862,0.6857451403887689,0.3142548596112311,,2017-08-29
300438,2017-09-30,,0.71,,,,,2017-10-24
300438,2017-12-31,,0.92,,,,,2018-04-24
300438,2018-03-31,,0.26,,,,,2018-04-24
300438,2018-06-30,,0.55,,,,,2018-08-30
300438,2018-09-30,,0.96,,,,,2018-10-30
300440,2015-06-30,16.7798568,0.2191,76.5853801916933,0.5881270133456051,0.41187298665439487,,2015-08-11
300440,2015-09-30,12.10070064,0.3277,36.92615392126945,0.5943570767807586,0.40564292321924145,,2015-10-26
300440,2015-12-31,20.16861504,0.6251,32.264621724524076,0.6770969143850499,0.32290308561495007,,2016-04-25
300440,2016-03-31,18.42622656,0.0462,398.8360727272727,0.28114715561824166,0.7188528443817583,,2016-04-27
300440,2016-06-30,15.85957741,0.106,149.61865481132077,0.3193058568329718,0.6806941431670281,,2016-08-22
300440,2016-09-30,16.14186001,0.1682,95.96825214030915,0.3167495854063018,0.6832504145936982,,2016-10-26
300440,2016-12-31,,0.31,,,,,2017-03-31
300440,2017-03-31,12.43454853,0.0256,485.724551953125,0.19691577698695137,0.8030842230130486,,2017-04-26
300440,2017-06-30,12.4345456,0.1475,84.30200406779662,0.40028797696184304,0.599712023038157,,2017-08-17
300440,2017-09-30,,0.2112,,,,,2017-10-30
300440,2017-12-31,,0.3,,,,,2018-04-16
300440,2018-03-31,,0.0061,,,,,2018-04-27
300440,2018-06-30,,0.0976,,,,,2018-08-29
300440,2018-09-30,,0.1412,,,,,2018-10-29
300442,2015-06-30,34.25936448,0.32,107.060514,0.4767602393005062,0.5232397606994938,,2015-08-25
300442,2015-09-30,21.5185344,0.29,74.2018427586207,0.3445883441258094,0.6554116558741906,,2015-10-22
300442,2015-12-31,33.79493568,0.55,61.445337599999995,0.43850499782703173,0.5614950021729683,,2016-03-31
300442,2016-03-31,24.45475648,0.03,815.1585493333333,0.14386459802538787,0.8561354019746121,,2016-04-27
300442,2016-06-30,23.46341256,0.04,586.5853139999999,0.08373101952277658,0.9162689804772234,,2016-08-26
300442,2016-09-30,23.58238489,0.02,1179.1192445,0.02155887230514096,0.978441127694859,,2016-10-28
300442,2016-12-31,,0.07,,,,,2017-03-31
300442,2017-03-31,19.9149335,0.02,995.746675,0.09252669039145907,0.9074733096085409,,2017-04-19
300442,2017-06-30,15.09381231,0.02,754.6906155,0.03995680345572354,0.9600431965442765,,2017-08-25
300442,2017-09-30,,0.01,,,,,2017-10-26
300442,2017-12-31,,0.09,,,,,2018-04-24
300442,2018-03-31,,0.03,,,,,2018-04-24
300442,2018-06-30,,-0.13,,,,,2018-08-29
300442,2018-09-30,,-0.29,,,,,2018-10-26
300444,2015-06-30,12.2814379,0.08,153.51797375,0.354348826507133,0.6456511734928669,,2015-08-25
300444,2015-09-30,9.17653611,0.14,65.54668649999999,0.38482886216466233,0.6151711378353377,,2015-10-24
300444,2015-12-31,16.25104558,0.3857,42.13390090744102,0.5745328118209474,0.4254671881790526,,2016-04-25
300444,2016-03-31,10.62911584,0.03,354.3038613333334,0.304654442877292,0.6953455571227081,,2016-04-25
300444,2016-06-30,14.56050057,0.07,208.007151,0.23427331887201736,0.7657266811279826,,2016-08-27
300444,2016-09-30,14.28754428,0.17,84.04437811764706,0.36069651741293535,0.6393034825870647,,2016-10-22
300444,2016-12-31,,0.3484,,,,,2017-03-07
300444,2017-03-31,11.5575672,-0.06,,,,,2017-04-15
300444,2017-06-30,10.73935656,0.06,178.989276,0.17746580273578114,0.8225341972642188,,2017-08-29
300444,2017-09-30,,0.0549,,,,,2017-10-21
300444,2017-12-31,,0.1871,,,,,2018-04-18
300444,2018-03-31,,0.199,,,,,2018-04-25
300444,2018-06-30,,0.3246,,,,,2018-08-30
300444,2018-09-30,,0.3457,,,,,2018-10-30
300446,2015-06-30,33.12479913,0.8729,37.94798846374155,0.8232857800276115,0.17671421997238845,,2015-08-18
300446,2015-09-30,19.29313261,1.3716,14.066150925925927,0.8963922294172063,0.10360777058279369,,2015-10-26
300446,2015-12-31,31.81117717,1.7545,18.13119245939014,0.8465884398087787,0.15341156019122126,,2016-04-26
300446,2016-03-31,24.7821958,0.4826,51.35142105263158,0.8711800658204043,0.1288199341795957,,2016-04-26
300446,2016-06-30,27.3631212,0.4258,64.26284922498826,0.6177874186550976,0.38221258134490244,,2016-08-05
300446,2016-09-30,22.04622204,0.6235,35.358816423416194,0.6985903814262023,0.30140961857379767,,2016-10-12
300446,2016-12-31,,0.8793,,,,,2017-02-27
300446,2017-03-31,20.62244988,0.2484,83.0211347826087,0.7497034400948992,0.2502965599051008,,2017-04-17
300446,2017-06-30,19.08587772,0.3712,51.41669644396552,0.6274298056155507,0.37257019438444927,,2017-08-25
300446,2017-09-30,,0.5573,,,,,2017-10-18
300446,2017-12-31,,0.85,,,,,2018-03-20
300446,2018-03-31,,0.2487,,,,,2018-04-17
300446,2018-06-30,,0.3735,,,,,2018-08-23
300446,2018-09-30,,0.3807,,,,,2018-10-23
300448,2015-06-30,12.24481089,0.08,153.06013612499999,0.3557294063506673,0.6442705936493327,,2015-08-26
300448,2015-09-30,7.64175588,0.06,127.362598,0.2072155411655874,0.7927844588344126,,2015-10-27
300448,2015-12-31,12.80260329,0.36,35.56278691666667,0.6401564537157758,0.3598435462842242,,2016-04-15
300448,2016-03-31,10.32042711,-0.07,,,,,2016-04-27
300448,2016-06-30,11.294766,-0.19,,,,,2016-08-27
300448,2016-09-30,8.716269,0.07,124.51812857142856,0.25290215588723053,0.7470978441127695,,2016-10-27
300448,2016-12-31,,0.44,,,,,2017-03-31
300448,2017-03-31,8.22588,-0.08,,,,,2017-04-21
300448,2017-06-30,7.63517612,0.02,381.758806,0.078113750899928,0.921886249100072,,2017-08-18
300448,2017-09-30,,0.04,,,,,2017-10-28
300448,2017-12-31,,0.3,,,,,2018-04-18
300448,2018-03-31,,0.02,,,,,2018-04-25
300448,2018-06-30,,0.02,,,,,2018-08-25
300448,2018-09-30,,0.04,,,,,2018-10-25
300456,2015-06-30,19.64385488,0.1155,170.0766656277056,0.32581684307409114,0.6741831569259089,,2015-08-26
300456,2015-09-30,17.7144864,0.1229,144.1373995117982,0.1854764107308048,0.8145235892691952,,2015-10-27
300456,2015-12-31,17.7144864,0.32,55.357769999999995,0.48326814428509346,0.5167318557149065,,2016-04-26
300456,2016-03-31,15.534506,0.0072,2157.570277777778,0.048895157498824636,0.9511048425011753,,2016-04-26
300456,2016-06-30,23.2831005,0.0827,281.5368863361548,0.17396963123644252,0.8260303687635575,,2016-08-25
300456,2016-09-30,23.3861991,0.1026,227.93566374269005,0.1310116086235489,0.8689883913764511,,2016-10-29
300456,2016-12-31,,0.34,,,,,2017-04-26
300456,2017-03-31,15.77064918,0.0509,309.8359367387033,0.3096085409252669,0.6903914590747331,,2017-04-26
300456,2017-06-30,12.81171936,0.0867,147.7706961937716,0.21850251979841612,0.7814974802015839,,2017-08-29
300456,2017-09-30,,0.1422,,,,,2017-10-25
300456,2017-12-31,,0.17,,,,,2018-04-20
300456,2018-03-31,,0.0222,,,,,2018-04-20
300456,2018-06-30,,0.2039,,,,,2018-08-23
300456,2018-09-30,,0.1554,,,,,2018-10-26
300458,2015-06-30,11.7363852,0.392,29.939758163265306,0.8780487804878049,0.12195121951219512,,2015-08-10
300458,2015-09-30,11.97273,0.61,19.6274262295082,0.8177613320999075,0.18223866790009247,,2015-10-23
300458,2015-12-31,18.50331,0.89,20.79023595505618,0.8131247283789657,0.18687527162103434,,2016-03-17
300458,2016-03-31,12.7470702,0.24,53.1127925,0.8627174424071462,0.1372825575928538,,2016-04-27
300458,2016-06-30,16.68042858,0.413,40.38844692493947,0.7665943600867678,0.23340563991323215,,2016-08-25
300458,2016-09-30,12.48147605,0.86,14.513344244186046,0.9237147595356551,0.07628524046434493,,2016-10-28
300458,2016-12-31,,0.92,,,,,2017-04-07
300458,2017-03-31,10.89731869,-0.04,,,,,2017-04-27
300458,2017-06-30,8.27439492,0.005,1654.8789840000002,0.016198704103671708,0.9838012958963283,,2017-08-29
300458,2017-09-30,,0.017,,,,,2017-10-27
300458,2017-12-31,,0.05,,,,,2018-04-13
300458,2018-03-31,,-0.04,,,,,2018-04-26
300458,2018-06-30,,0.23,,,,,2018-08-29
300458,2018-09-30,,0.44,,,,,2018-10-30
300461,2015-06-30,26.60204256,0.23,115.66105460869565,0.446387482742752,0.553612517257248,,2015-08-26
300461,2015-09-30,19.05711506,0.32,59.5534845625,0.4167437557816836,0.5832562442183165,,2015-10-27
300461,2015-12-31,32.8857095,0.37,88.88029594594595,0.32246849196001737,0.6775315080399826,,2016-04-27
300461,2016-03-31,26.98838983,0.08,337.35487287499996,0.3140573577809121,0.685942642219088,,2016-04-27
300461,2016-06-30,25.617669,0.05,512.3533799999999,0.10108459869848156,0.8989154013015185,,2016-08-26
300461,2016-09-30,25.617669,0.05,512.3533799999999,0.053482587064676616,0.9465174129353234,,2016-10-29
300461,2016-12-31,,0.2,,,,,2017-04-25
300461,2017-03-31,37.7611095,0.12,314.67591250000004,0.3056544088572558,0.6943455911427442,,2017-04-25
300461,2017-06-30,35.65405975,0.22,162.06390795454547,0.19870410367170627,0.8012958963282937,,2017-08-22
300461,2017-09-30,,0.33,,,,,2017-10-28
300461,2017-12-31,,0.17,,,,,2018-04-21
300461,2018-03-31,,0.05,,,,,2018-04-21
300461,2018-06-30,,0.18,,,,,2018-08-21
300461,2018-09-30,,0.71,,,,,2018-10-30
300463,2015-06-30,26.52115976,0.88,30.137681545454544,0.8762080073630925,0.12379199263690754,,2015-08-18
300463,2015-09-30,24.58405135,1.17,21.0120097008547,0.7983348751156337,0.20166512488436628,,2015-10-23
300463,2015-12-31,35.47537539,0.45,78.83416753333334,0.3594089526292916,0.6405910473707084,,2016-04-26
300463,2016-03-31,26.8052287,0.12,223.37690583333335,0.4315937940761636,0.5684062059238364,,2016-04-26
300463,2016-06-30,24.61439909,0.3,82.04799696666667,0.5232104121475054,0.4767895878524946,,2016-08-23
300463,2016-09-30,24.45072743,0.44,55.56983506818182,0.5157545605306799,0.4842454394693201,,2016-10-20
300463,2016-12-31,,0.56,,,,,2017-04-18
300463,2017-03-31,19.9133853,0.14,142.23846642857143,0.553183076314749,0.44681692368525106,,2017-04-18
300463,2017-06-30,23.288334,0.35,66.53809714285714,0.5129589632829373,0.48704103671706267,,2017-08-01
300463,2017-09-30,,0.53,,,,,2017-10-26
300463,2017-12-31,,0.6705,,,,,2018-04-20
300463,2018-03-31,,0.1798,,,,,2018-04-20
300463,2018-06-30,,0.4175,,,,,2018-07-31
300463,2018-09-30,,0.6371,,,,,2018-10-26
300464,2015-06-30,14.32241404,0.22,65.101882,0.6497929130234699,0.35020708697653014,,2015-08-20
300464,2015-09-30,11.60257032,0.34,34.12520682352941,0.6216466234967623,0.37835337650323775,,2015-10-23
300464,2015-12-31,20.29663724,0.5,40.59327448,0.5897435897435898,0.41025641025641024,,2016-04-26
300464,2016-03-31,17.04225776,0.09,189.35841955555554,0.4823695345557123,0.5176304654442877,,2016-04-26
300464,2016-06-30,19.96255239,0.2,99.81276195,0.4511930585683297,0.5488069414316703,,2016-08-25
300464,2016-09-30,18.1128312,0.14,129.3773657142857,0.24170812603648426,0.7582918739635157,,2016-10-28
300464,2016-12-31,,0.1995,,,,,2017-04-20
300464,2017-03-31,16.66577349,0.0214,778.7744621495327,0.12455516014234876,0.8754448398576512,,2017-04-20
300464,2017-06-30,12.32499884,0.064,192.57810687499997,0.16558675305975523,0.8344132469402448,,2017-08-29
300464,2017-09-30,,0.1,,,,,2017-10-30
300464,2017-12-31,,0.07,,,,,2018-04-24
300464,2018-03-31,,-0.0393,,,,,2018-04-24
300464,2018-06-30,,-0.03,,,,,2018-08-28
300464,2018-09-30,,0.01,,,,,2018-10-29
300465,2015-06-30,28.2652018,0.13,217.42462923076923,0.26369075011504833,0.7363092498849517,,2015-08-26
300465,2015-09-30,14.48243308,0.21,68.96396704761905,0.3681776133209991,0.6318223866790009,,2015-10-22
300465,2015-12-31,26.93707786,0.1079,249.6485436515292,0.12385919165580182,0.8761408083441982,,2016-04-25
300465,2016-03-31,21.16329896,0.01,2116.3298959999997,0.05077574047954866,0.9492242595204513,,2016-04-25
300465,2016-06-30,23.27934882,0.04,581.9837205,0.08546637744034707,0.914533622559653,,2016-08-27
300465,2016-09-30,18.28826139,0.09,203.20290433333332,0.1451077943615257,0.8548922056384742,,2016-10-28
300465,2016-12-31,,0.05,,,,,2017-04-26
300465,2017-03-31,14.26470627,-0.03,,,,,2017-04-26
300465,2017-06-30,10.57709631,0.01,1057.709631,0.026277897768178547,0.9737221022318214,,2017-08-29
300465,2017-09-30,,0.03,,,,,2017-10-28
300465,2017-12-31,,0.08,,,,,2018-04-25
300465,2018-03-31,,0.003,,,,,2018-04-25
300465,2018-06-30,,0.03,,,,,2018-08-30
300465,2018-09-30,,0.06,,,,,2018-10-30
300467,2015-06-30,74.0101593,0.25,296.0406372,0.19880349746893694,0.801196502531063,,2015-08-28
300467,2015-09-30,54.49070979,0.33,165.12336299999998,0.15911193339500462,0.8408880666049954,,2015-10-26
300467,2015-12-31,90.64809666,0.38,238.54762278947365,0.13298565840938723,0.8670143415906127,,2016-04-23
300467,2016-03-31,73.22345151,0.11,665.667741,0.1763046544428773,0.8236953455571228,,2016-04-26
300467,2016-06-30,61.79008836,0.12,514.917403,0.09934924078091106,0.9006507592190889,,2016-08-16
300467,2016-09-30,50.5264782,0.22,229.66581,0.12976782752902155,0.8702321724709785,,2016-10-27
300467,2016-12-31,,0.24,,,,,2017-03-31
300467,2017-03-31,46.5322902,0.09,517.0254466666667,0.18386714116251482,0.8161328588374852,,2017-04-21
300467,2017-06-30,41.29656403,0.18,229.42535572222224,0.1375089992800576,0.8624910007199424,,2017-08-08
300467,2017-09-30,,0.3,,,,,2017-10-30
300467,2017-12-31,,0.61,,,,,2018-04-25
300467,2018-03-31,,0.23,,,,,2018-04-25
300467,2018-06-30,,0.46,,,,,2018-08-28
300467,2018-09-30,,0.76,,,,,2018-10-26
300468,2015-06-30,17.2082043,0.3561,48.32407834877843,0.7418315692590888,0.2581684307409112,,2015-08-13
300468,2015-09-30,10.26296505,0.4076,25.179011408243376,0.7354301572617946,0.2645698427382054,,2015-10-28
300468,2015-12-31,16.60461804,0.57,29.130908842105264,0.7109952194697957,0.2890047805302043,,2016-04-23
300468,2016-03-31,12.5314101,0.08,156.64262625,0.5439586271744241,0.4560413728255759,,2016-04-23
300468,2016-06-30,15.15102575,0.2,75.75512875,0.5605206073752711,0.4394793926247289,,2016-08-25
300468,2016-09-30,12.0255135,0.4073,29.52495335133808,0.75,0.25,,2016-10-29
300468,2016-12-31,,0.74,,,,,2017-04-26
300468,2017-03-31,11.076447,0.12,92.303725,0.708580466587584,0.291419533412416,,2017-04-26
300468,2017-06-30,8.97712634,0.27,33.24861607407407,0.8088552915766739,0.1911447084233261,,2017-07-25
300468,2017-09-30,,0.2864,,,,,2017-10-23
300468,2017-12-31,,0.47,,,,,2018-04-23
300468,2018-03-31,,0.07,,,,,2018-04-23
300468,2018-06-30,,0.16,,,,,2018-08-30
300468,2018-09-30,,0.2826,,,,,2018-10-29
300469,2015-06-30,14.91257712,-0.244,,,,,2015-08-25
300469,2015-09-30,16.6074839,0.004,4151.870975,0.0037002775208140612,0.996299722479186,,2015-10-19
300469,2015-12-31,39.95230358,0.654,61.08914920489296,0.44024337244676226,0.5597566275532377,,2016-03-30
300469,2016-03-31,38.1110037,-0.328,,,,,2016-04-22
300469,2016-06-30,41.29183872,-0.175,,,,,2016-08-26
300469,2016-09-30,28.38488061,0.02,1419.2440305,0.019071310116086235,0.9809286898839138,,2016-10-18
300469,2016-12-31,,0.445,,,,,2017-03-31
300469,2017-03-31,22.31427648,-0.306,,,,,2017-04-27
300469,2017-06-30,17.76252537,-0.154,,,,,2017-08-29
300469,2017-09-30,,0.024,,,,,2017-10-27
300469,2017-12-31,,0.275,,,,,2018-04-17
300469,2018-03-31,,-0.149,,,,,2018-04-26
300469,2018-06-30,,-0.009,,,,,2018-08-28
300469,2018-09-30,,0.085,,,,,2018-10-30
300470,2015-06-30,22.80735985,0.84,27.15161886904762,0.8955361251725725,0.10446387482742747,,2015-08-06
300470,2015-09-30,15.6426523,0.5847,26.753296220283907,0.7127659574468085,0.2872340425531915,,2015-10-23
300470,2015-12-31,27.2119483,0.88,30.92266852272727,0.6970882225119513,0.30291177748804865,,2016-04-14
300470,2016-03-31,22.88792392,0.15,152.58615946666666,0.5538316878232252,0.4461683121767748,,2016-04-14
300470,2016-06-30,23.45674764,0.3387,69.25523365810452,0.5943600867678959,0.40563991323210413,,2016-08-27
300470,2016-09-30,20.29203333,0.5663,35.83265641885926,0.6915422885572139,0.3084577114427861,,2016-10-27
300470,2016-12-31,,0.92,,,,,2017-04-25
300470,2017-03-31,19.49911137,0.16,121.8694460625,0.6073546856465006,0.39264531435349936,,2017-04-25
300470,2017-06-30,16.53048891,0.3999,41.336556414103526,0.7271418286537077,0.2728581713462923,,2017-08-25
300470,2017-09-30,,0.3985,,,,,2017-10-27
300470,2017-12-31,,0.6252,,,,,2018-04-20
300470,2018-03-31,,0.1597,,,,,2018-04-20
300470,2018-06-30,,0.3841,,,,,2018-08-24
300470,2018-09-30,,0.6433,,,,,2018-10-30
300471,2015-06-30,24.65222538,0.588,41.92555336734694,0.7919926369075011,0.2080073630924989,,2015-08-17
300471,2015-09-30,18.56181324,1.008,18.41449726190476,0.8344125809435707,0.16558741905642926,,2015-10-23
300471,2015-12-31,29.0966856,1.369,21.253970489408328,0.8066058235549761,0.19339417644502388,,2016-04-26
300471,2016-03-31,21.90832212,0.05,438.1664424,0.25858015984955335,0.7414198401504466,,2016-04-27
300471,2016-06-30,18.89569968,0.1604,117.8036139650873,0.39219088937093277,0.6078091106290673,,2016-08-16
300471,2016-09-30,17.42638524,0.242,72.00985636363636,0.4141791044776119,0.585820895522388,,2016-10-28
300471,2016-12-31,,0.457,,,,,2017-04-18
300471,2017-03-31,19.13663565,0.0256,747.5248300781249,0.12969553183076316,0.8703044681692369,,2017-04-21
300471,2017-06-30,15.14995092,0.1669,90.77262384661475,0.3718502519798416,0.6281497480201583,,2017-08-22
300471,2017-09-30,,0.176,,,,,2017-10-26
300471,2017-12-31,,0.087,,,,,2018-04-23
300471,2018-03-31,,-0.1081,,,,,2018-04-23
300471,2018-06-30,,-0.207,,,,,2018-08-15
300471,2018-09-30,,-0.414,,,,,2018-10-23
300473,2015-06-30,62.768928,1.151,54.53425543006082,0.704095720202485,0.295904279797515,,2015-08-15
300473,2015-09-30,44.603952,1.5056,29.625366631243356,0.6803885291396855,0.3196114708603145,,2015-10-24
300473,2015-12-31,84.53664,1.5796,53.5177513294505,0.4971751412429379,0.5028248587570621,,2016-04-09
300473,2016-03-31,73.274544,0.2608,280.9606748466258,0.3634226610249177,0.6365773389750823,,2016-04-23
300473,2016-06-30,67.24398425,0.6226,108.00511443944747,0.4229934924078091,0.5770065075921909,,2016-08-25
300473,2016-09-30,69.51268765,0.8972,77.47736028756131,0.39096185737976785,0.6090381426202321,,2016-10-27
300473,2016-12-31,,1.0971,,,,,2017-04-22
300473,2017-03-31,60.0821875,0.301,199.60859634551497,0.4420719652036378,0.5579280347963622,,2017-04-22
300473,2017-06-30,46.015872,0.6187,74.37509616938742,0.46184305255579555,0.5381569474442045,,2017-08-09
300473,2017-09-30,,0.884,,,,,2017-10-26
300473,2017-12-31,,1.3006,,,,,2018-04-24
300473,2018-03-31,,0.4556,,,,,2018-04-24
300473,2018-06-30,,0.9738,,,,,2018-08-24
300473,2018-09-30,,1.4584,,,,,2018-10-26
300474,2015-06-30,,0.41,,,,,2016-08-23
300474,2015-09-30,,0.38,,,,,2016-10-28
300474,2015-12-31,,0.44,,,,,2016-03-14
300474,2016-03-31,6.42864336,0.23,27.950623304347822,0.9581570286788904,0.04184297132110959,,2016-04-29
300474,2016-06-30,49.38337188,0.23,214.71031252173913,0.227765726681128,0.7722342733188721,,2016-08-23
300474,2016-09-30,38.99699136,0.36,108.324976,0.2835820895522388,0.7164179104477613,,2016-10-28
300474,2016-12-31,,0.47,,,,,2017-03-30
300474,2017-03-31,28.61178048,0.05,572.2356096,0.16765519968366943,0.8323448003163305,,2017-04-27
300474,2017-06-30,23.2093728,0.21,110.52082285714286,0.30417566594672424,0.6958243340532757,,2017-08-29
300474,2017-09-30,,0.35,,,,,2017-10-30
300474,2017-12-31,,0.44,,,,,2018-02-07
300474,2018-03-31,,0.05,,,,,2018-04-27
300474,2018-06-30,,0.23,,,,,2018-08-24
300474,2018-09-30,,0.37,,,,,2018-10-30
300475,2015-06-30,13.49268784,0.3415,39.510066881405564,0.8122411412793373,0.18775885872066267,,2015-08-18
300475,2015-09-30,9.4313144,0.4724,19.964679085520746,0.8135985198889917,0.18640148011100832,,2015-10-22
300475,2015-12-31,13.80341792,0.6,23.00569653333333,0.7848761408083442,0.21512385919165578,,2016-03-28
300475,2016-03-31,10.31973984,0.1528,67.53756439790577,0.8058298072402444,0.19417019275975556,,2016-04-26
300475,2016-06-30,11.84546412,0.2519,47.02447050416832,0.7258134490238611,0.27418655097613887,,2016-08-18
300475,2016-09-30,10.90011342,0.3992,27.30489333667335,0.7744610281923715,0.2255389718076285,,2016-10-28
300475,2016-12-31,,0.48,,,,,2017-03-30
300475,2017-03-31,17.70224148,0.0633,279.65626350710903,0.34005535784895213,0.6599446421510479,,2017-04-26
300475,2017-06-30,7.82658732,0.1465,53.42380423208191,0.6087113030957524,0.3912886969042476,,2017-08-18
300475,2017-09-30,,0.2577,,,,,2017-10-26
300475,2017-12-31,,0.44,,,,,2018-04-21
300475,2018-03-31,,-0.0002,,,,,2018-04-21
300475,2018-06-30,,0.05,,,,,2018-08-30
300475,2018-09-30,,0.08,,,,,2018-10-30
300478,2015-06-30,25.61784975,0.31,82.638225,0.567878508973769,0.432121491026231,,2015-08-25
300478,2015-09-30,17.89257225,0.54,33.134393055555556,0.6350601295097132,0.36493987049028676,,2015-10-23
300478,2015-12-31,33.0268575,0.7,47.181225,0.540199913081269,0.459800086918731,,2016-04-26
300478,2016-03-31,27.2199375,0.03,907.3312500000001,0.12834978843441466,0.8716502115655853,,2016-04-26
300478,2016-06-30,30.32255088,0.23,131.83717773913042,0.35488069414316703,0.645119305856833,,2016-08-11
300478,2016-09-30,31.4040136,0.35,89.72575314285714,0.33665008291873966,0.6633499170812603,,2016-10-28
300478,2016-12-31,,0.53,,,,,2017-04-25
300478,2017-03-31,28.9863205,0.03,966.2106833333335,0.09489916963226572,0.9051008303677343,,2017-04-25
300478,2017-06-30,28.9863372,0.2,144.93168599999998,0.22390208783297336,0.7760979121670266,,2017-08-28
300478,2017-09-30,,0.25,,,,,2017-10-28
300478,2017-12-31,,0.33,,,,,2018-04-20
300478,2018-03-31,,-0.0208,,,,,2018-04-24
300478,2018-06-30,,0.1782,,,,,2018-07-18
300478,2018-09-30,,0.2089,,,,,2018-10-30
300479,2015-06-30,22.34712896,0.14,159.6223497142857,0.3451449608835711,0.654855039116429,,2015-08-19
300479,2015-09-30,24.0350084,0.1999,120.2351595797899,0.21692876965772434,0.7830712303422757,,2015-10-26
300479,2015-12-31,53.548222,0.353,151.69467988668558,0.19382877009995655,0.8061712299000434,,2016-03-31
300479,2016-03-31,41.46655864,0.0203,2042.6876177339905,0.05312646920545369,0.9468735307945463,,2016-04-27
300479,2016-06-30,42.47984013,0.0501,847.9010005988024,0.05336225596529284,0.9466377440347071,,2016-08-05
300479,2016-09-30,28.25053049,0.0624,452.73286041666665,0.06260364842454395,0.9373963515754561,,2016-10-28
300479,2016-12-31,,0.1288,,,,,2017-03-31
300479,2017-03-31,25.33728743,0.0418,606.1552016746411,0.15737445630684066,0.8426255436931593,,2017-04-20
300479,2017-06-30,21.22989828,0.0545,389.5394179816514,0.07415406767458603,0.925845932325414,,2017-08-11
300479,2017-09-30,,0.071,,,,,2017-10-26
300479,2017-12-31,,0.1071,,,,,2018-03-30
300479,2018-03-31,,0.0092,,,,,2018-04-25
300479,2018-06-30,,0.029,,,,,2018-08-10
300479,2018-09-30,,0.0393,,,,,2018-10-23
300480,2015-06-30,,0.13,,,,,2015-08-22
300480,2015-09-30,14.91033654,0.1509,98.80938727634194,0.26595744680851063,0.7340425531914894,,2015-10-22
300480,2015-12-31,18.16068672,0.15,121.07124480000002,0.23989569752281617,0.7601043024771839,,2016-03-29
300480,2016-03-31,14.41160556,0.01,1441.160556,0.07898448519040903,0.921015514809591,,2016-04-26
300480,2016-06-30,14.97811728,0.08,187.226466,0.2642082429501085,0.7357917570498915,,2016-08-25
300480,2016-09-30,12.72223876,0.0813,156.485101599016,0.19693200663349916,0.8030679933665008,,2016-10-28
300480,2016-12-31,,0.17,,,,,2017-03-24
300480,2017-03-31,13.39213162,0.01,1339.213162,0.060102807433768286,0.9398971925662317,,2017-04-27
300480,2017-06-30,9.45979155,0.09,105.108795,0.31965442764578833,0.6803455723542117,,2017-08-24
300480,2017-09-30,,0.1087,,,,,2017-10-26
300480,2017-12-31,,0.21,,,,,2018-03-30
300480,2018-03-31,,0.02,,,,,2018-04-27
300480,2018-06-30,,0.1,,,,,2018-08-28
300480,2018-09-30,,0.1236,,,,,2018-10-29
300482,2015-06-30,4.4727552,0.89,5.025567640449438,0.9986194201564658,0.0013805798435342354,,2015-08-25
300482,2015-09-30,15.4508067,0.58,26.639321896551724,0.7146160962072156,0.28538390379278444,,2015-10-26
300482,2015-12-31,23.59938416,0.81,29.135042172839505,0.7105606258148631,0.2894393741851369,,2016-03-26
300482,2016-03-31,18.99914093,0.1485,127.94034296296296,0.613540197461213,0.386459802538787,,2016-04-27
300482,2016-06-30,20.63170275,0.46,44.8515277173913,0.7388286334056399,0.26117136659436013,,2016-08-20
300482,2016-09-30,23.4878006,0.67,35.05641880597015,0.7006633499170812,0.29933665008291876,,2016-10-29
300482,2016-12-31,,0.82,,,,,2017-03-08
300482,2017-03-31,31.872961,0.1997,159.60421131697547,0.5172004744958482,0.48279952550415184,,2017-04-27
300482,2017-06-30,27.59575013,0.62,44.5092744032258,0.6947444204463643,0.3052555795536357,,2017-08-19
300482,2017-09-30,,0.48,,,,,2017-10-30
300482,2017-12-31,,0.67,,,,,2018-04-28
300482,2018-03-31,,0.17,,,,,2018-04-28
300482,2018-06-30,,0.5,,,,,2018-08-29
300482,2018-09-30,,0.69,,,,,2018-10-29
300483,2015-06-30,9.048208,0.34,26.612376470588234,0.9001380579843534,0.09986194201564658,,2015-08-18
300483,2015-09-30,21.1750136,0.24,88.22922333333334,0.2978723404255319,0.7021276595744681,,2015-10-22
300483,2015-12-31,33.7597468,0.43,78.51103906976745,0.3615819209039548,0.6384180790960452,,2016-04-26
300483,2016-03-31,25.93084,0.18,144.06022222222222,0.5707569346497414,0.4292430653502586,,2016-04-26
300483,2016-06-30,33.2466472,0.21,158.31736761904762,0.3036876355748373,0.6963123644251628,,2016-08-26
300483,2016-09-30,28.56787797,0.21,136.03751414285716,0.22802653399668324,0.7719734660033167,,2016-10-28
300483,2016-12-31,,0.24,,,,,2017-04-25
300483,2017-03-31,24.9906732,0.12,208.25561000000002,0.42862791617240015,0.5713720838275999,,2017-04-25
300483,2017-06-30,18.5392611,0.18,102.995895,0.32973362131029516,0.6702663786897048,,2017-08-22
300483,2017-09-30,,0.1,,,,,2017-10-28
300483,2017-12-31,,0.09,,,,,2018-02-06
300483,2018-03-31,,0.09,,,,,2018-04-27
300483,2018-06-30,,0.11,,,,,2018-08-30
300483,2018-09-30,,0.06,,,,,2018-10-29
300484,2015-06-30,,0.7,,,,,2016-08-23
300484,2015-09-30,,0.9908,,,,,2016-03-09
300484,2015-12-31,,0.91,,,,,2017-04-14
300484,2016-03-31,11.90274945,0.33,36.068937727272726,0.9299482839680301,0.07005171603196991,,2016-04-19
300484,2016-06-30,52.8761865,0.37,142.90861216216217,0.3301518438177874,0.6698481561822126,,2016-08-23
300484,2016-09-30,41.39929015,1.0632,38.938384264484576,0.6600331674958541,0.33996683250414594,,2016-10-22
300484,2016-12-31,,0.8,,,,,2017-04-14
300484,2017-03-31,31.8525785,0.17,187.3681088235294,0.4638196915776987,0.5361803084223014,,2017-04-14
300484,2017-06-30,27.63874212,0.34,81.29041799999999,0.41540676745860333,0.5845932325413967,,2017-08-22
300484,2017-09-30,,0.5142,,,,,2017-10-24
300484,2017-12-31,,0.62,,,,,2018-04-17
300484,2018-03-31,,0.02,,,,,2018-04-17
300484,2018-06-30,,0.0581,,,,,2018-08-22
300484,2018-09-30,,0.0672,,,,,2018-10-23
300489,2015-06-30,,0.1758,,,,,2015-08-20
300489,2015-09-30,23.34840209,0.2103,111.0242610080837,0.23172987974098058,0.7682701202590194,,2015-10-26
300489,2015-12-31,32.87781965,0.3203,102.64695488604434,0.2816166883963494,0.7183833116036507,,2016-04-22
300489,2016-03-31,26.29893305,0.0432,608.7715983796296,0.18758815232722145,0.8124118476727785,,2016-04-26
300489,2016-06-30,30.3359771,0.1198,253.22184557595995,0.19349240780911062,0.8065075921908894,,2016-08-27
300489,2016-09-30,25.01377683,0.2089,119.74043480134036,0.26285240464344944,0.7371475953565505,,2016-10-29
300489,2016-12-31,,0.3453,,,,,2017-04-26
300489,2017-03-31,23.18382508,0.0272,852.3465102941176,0.11348359035191775,0.8865164096480822,,2017-04-26
300489,2017-06-30,15.74423942,0.1238,127.17479337641358,0.2634989200863931,0.7365010799136069,,2017-08-29
300489,2017-09-30,,0.1387,,,,,2017-10-27
300489,2017-12-31,,0.138,,,,,2018-04-17
300489,2018-03-31,,0.0345,,,,,2018-04-27
300489,2018-06-30,,0.0607,,,,,2018-08-30
300489,2018-09-30,,0.0101,,,,,2018-10-26
300492,2015-06-30,,0.25,,,,,2015-12-04
300492,2015-09-30,,0.2744,,,,,2015-12-04
300492,2015-12-31,5.05028249,0.43,11.744843,0.9269882659713168,0.07301173402868322,,2016-04-23
300492,2016-03-31,10.55420036,-0.01,,,,,2016-04-27
300492,2016-06-30,14.4327078,0.05,288.65415599999994,0.16919739696312364,0.8308026030368764,,2016-08-25
300492,2016-09-30,14.7784014,0.0877,168.51084834663627,0.1791044776119403,0.8208955223880597,,2016-10-28
300492,2016-12-31,,0.24,,,,,2017-04-20
300492,2017-03-31,13.67794344,0.01,1367.794344,0.05891656781336497,0.941083432186635,,2017-04-27
300492,2017-06-30,13.26023034,0.05,265.20460679999997,0.119150467962563,0.880849532037437,,2017-08-22
300492,2017-09-30,,0.0813,,,,,2017-10-26
300492,2017-12-31,,0.25,,,,,2018-04-03
300492,2018-03-31,,0.02,,,,,2018-04-17
300492,2018-06-30,,0.1,,,,,2018-08-28
300492,2018-09-30,,0.15,,,,,2018-10-26
300493,2015-06-30,,0.22,,,,,2015-11-23
300493,2015-09-30,,0.32,,,,,2015-11-23
300493,2015-12-31,10.54513122,0.46,22.924198304347826,0.7879182963928727,0.2120817036071273,,2016-04-15
300493,2016-03-31,12.25673815,0.08,153.209226875,0.5528913963328632,0.4471086036671368,,2016-04-25
300493,2016-06-30,18.47119283,0.19,97.21680436842105,0.46203904555314534,0.5379609544468547,,2016-07-21
300493,2016-09-30,13.46084015,0.29,46.416690172413794,0.5916252072968491,0.4083747927031509,,2016-10-21
300493,2016-12-31,,0.16,,,,,2017-03-10
300493,2017-03-31,10.74817988,0.04,268.704497,0.3554764729141953,0.6445235270858047,,2017-04-12
300493,2017-06-30,8.29807033,0.1,82.98070329999999,0.40676745860331176,0.5932325413966882,,2017-07-28
300493,2017-09-30,,0.15,,,,,2017-10-30
300493,2017-12-31,,0.18,,,,,2018-04-05
300493,2018-03-31,,0.04,,,,,2018-04-27
300493,2018-06-30,,0.06,,,,,2018-08-30
300493,2018-09-30,,0.1,,,,,2018-10-30
300496,2015-06-30,,0.231,,,,,2015-11-23
300496,2015-09-30,,0.3453,,,,,2015-11-23
300496,2015-12-31,34.6594755,0.3978,87.12789215686274,0.33116036505867014,0.6688396349413299,,2016-04-25
300496,2016-03-31,47.772199,0.3269,146.13704190884062,0.5669957686882934,0.4330042313117066,,2016-04-29
300496,2016-06-30,65.6362556,0.1843,356.1381204557786,0.13796095444685466,0.8620390455531454,,2016-08-27
300496,2016-09-30,46.8525782,0.2487,188.38994049055088,0.1583747927031509,0.8416252072968491,,2016-10-28
300496,2016-12-31,,0.3039,,,,,2017-03-21
300496,2017-03-31,33.0216661,0.0639,516.7709874804382,0.18426255436931593,0.8157374456306841,,2017-04-27
300496,2017-06-30,27.4934783,0.1434,191.72579009762902,0.1673866090712743,0.8326133909287257,,2017-08-29
300496,2017-09-30,,0.1817,,,,,2017-10-26
300496,2017-12-31,,0.197,,,,,2018-04-27
300496,2018-03-31,,0.094,,,,,2018-04-27
300496,2018-06-30,,0.1546,,,,,2018-08-29
300496,2018-09-30,,0.2604,,,,,2018-10-30
300497,2015-06-30,,0.75,,,,,2015-12-04
300497,2015-09-30,,0.79,,,,,2015-12-04
300497,2015-12-31,7.09818577,1.16,6.1191256637931035,0.9839200347674923,0.016079965232507654,,2016-04-26
300497,2016-03-31,14.60217068,0.34,42.94756082352941,0.9055007052186178,0.09449929478138219,,2016-04-26
300497,2016-06-30,19.5070095,0.8,24.383761874999998,0.8898047722342733,0.11019522776572666,,2016-08-24
300497,2016-09-30,17.7999032,1.2,14.833252666666667,0.9216417910447762,0.07835820895522383,,2016-10-28
300497,2016-12-31,,1.61,,,,,2017-04-25
300497,2017-03-31,14.25483868,0.47,30.329444000000002,0.9537366548042705,0.0462633451957295,,2017-04-25
300497,2017-06-30,13.25250718,0.47,28.196823787234045,0.8538516918646508,0.14614830813534918,,2017-07-20
300497,2017-09-30,,0.64,,,,,2017-10-28
300497,2017-12-31,,0.81,,,,,2018-04-20
300497,2018-03-31,,0.28,,,,,2018-04-25
300497,2018-06-30,,0.5,,,,,2018-07-31
300497,2018-09-30,,0.78,,,,,2018-10-29
300499,2015-06-30,,0.28,,,,,2016-01-20
300499,2015-09-30,,0.38,,,,,2016-01-20
300499,2015-12-31,,0.57,,,,,2016-04-26
300499,2016-03-31,14.9346153,-0.06,,,,,2016-04-26
300499,2016-06-30,25.00377352,0.18,138.90985288888888,0.33969631236442516,0.6603036876355748,,2016-08-10
300499,2016-09-30,18.80657616,0.2,94.03288079999999,0.324212271973466,0.675787728026534,,2016-10-27
300499,2016-12-31,,0.5,,,,,2017-04-08
300499,2017-03-31,15.25865658,-0.04,,,,,2017-04-25
300499,2017-06-30,11.02447992,0.11,100.22254472727272,0.34053275737940963,0.6594672426205903,,2017-08-25
300499,2017-09-30,,0.22,,,,,2017-10-26
300499,2017-12-31,,0.34,,,,,2018-04-25
300499,2018-03-31,,-0.07,,,,,2018-04-25
300499,2018-06-30,,0.1,,,,,2018-08-17
300499,2018-09-30,,0.19,,,,,2018-10-23
300502,2015-06-30,,0.88,,,,,2016-08-19
300502,2015-09-30,,1.23,,,,,2016-10-27
300502,2015-12-31,,1.62,,,,,2016-02-19
300502,2016-03-31,5.16407487,0.37,13.956959108108109,0.9887165021156559,0.01128349788434413,,2016-04-26
300502,2016-06-30,8.719266,0.24,36.330275,0.7960954446854663,0.20390455531453366,,2016-08-19
300502,2016-09-30,7.71714762,0.38,20.308283210526316,0.8569651741293532,0.14303482587064675,,2016-10-27
300502,2016-12-31,,0.4824,,,,,2017-04-15
300502,2017-03-31,5.32950204,0.1283,41.53937677318785,0.9137999209173586,0.08620007908264138,,2017-04-25
300502,2017-06-30,4.31553672,0.2692,16.030968499257057,0.9535637149028078,0.04643628509719222,,2017-08-15
300502,2017-09-30,,0.415,,,,,2017-10-28
300502,2017-12-31,,0.4772,,,,,2018-04-25
300502,2018-03-31,,-0.0156,,,,,2018-04-25
300502,2018-06-30,,-0.0651,,,,,2018-08-28
300502,2018-09-30,,0.0233,,,,,2018-10-26
300508,2015-06-30,,0.6785,,,,,2016-08-26
300508,2015-09-30,,0.9247,,,,,2016-10-27
300508,2015-12-31,,1.1487,,,,,2016-03-30
300508,2016-03-31,,0.1859,,,,,2016-04-18
300508,2016-06-30,128.236951,0.5466,234.6083991950238,0.20824295010845986,0.7917570498915402,,2016-08-26
300508,2016-09-30,71.298737,0.6846,104.14656295647094,0.2939469320066335,0.7060530679933665,,2016-10-27
300508,2016-12-31,,0.8389,,,,,2017-04-25
300508,2017-03-31,47.75251806,0.196,243.6352962244898,0.3831553973902728,0.6168446026097272,,2017-04-25
300508,2017-06-30,35.0435994,0.6917,50.663003325140956,0.6371490280777538,0.36285097192224625,,2017-08-04
300508,2017-09-30,,0.7607,,,,,2017-10-26
300508,2017-12-31,,0.8876,,,,,2018-04-17
300508,2018-03-31,,0.0863,,,,,2018-04-17
300508,2018-06-30,,-0.0078,,,,,2018-07-31
300508,2018-09-30,,0.0373,,,,,2018-10-22
300513,2015-06-30,,0.1587,,,,,2016-08-24
300513,2015-09-30,,0.0217,,,,,2016-10-28
300513,2015-12-31,,0.6819,,,,,2016-05-16
300513,2016-03-31,,-0.0378,,,,,2016-05-16
300513,2016-06-30,42.20149421,0.0747,564.9463749665327,0.08893709327548807,0.911062906724512,,2016-08-24
300513,2016-09-30,29.90271515,0.0307,974.029809446254,0.026533996683250415,0.9734660033167496,,2016-10-28
300513,2016-12-31,,0.3623,,,,,2017-04-25
300513,2017-03-31,24.74276611,0.0011,22493.423736363635,0.0015816528272044287,0.9984183471727955,,2017-04-27
300513,2017-06-30,15.28398518,0.0796,192.00986407035174,0.16702663786897048,0.8329733621310296,,2017-08-23
300513,2017-09-30,,0.0468,,,,,2017-10-28
300513,2017-12-31,,0.3039,,,,,2018-04-18
300513,2018-03-31,,0.0108,,,,,2018-04-26
300513,2018-06-30,,0.3169,,,,,2018-08-25
300513,2018-09-30,,0.4983,,,,,2018-10-27
300521,2015-06-30,,0.24,,,,,2016-08-25
300521,2015-09-30,,0.471,,,,,2016-10-28
300521,2015-12-31,,0.71,,,,,2016-06-22
300521,2016-03-31,,0.1,,,,,2016-06-22
300521,2016-06-30,,0.26,,,,,2016-08-25
300521,2016-09-30,37.24504222,0.2249,165.60712414406404,0.18490878938640132,0.8150912106135987,,2016-10-28
300521,2016-12-31,,0.39,,,,,2017-04-20
300521,2017-03-31,33.80517848,0.0436,775.3481302752294,0.12534598655595097,0.874654013444049,,2017-04-20
300521,2017-06-30,28.63988788,0.1329,215.4995325808879,0.1493880489560835,0.8506119510439165,,2017-08-29
300521,2017-09-30,,0.2015,,,,,2017-10-30
300521,2017-12-31,,0.2547,,,,,2018-04-21
300521,2018-03-31,,0.0172,,,,,2018-04-21
300521,2018-06-30,,0.0696,,,,,2018-08-28
300521,2018-09-30,,0.1268,,,,,2018-10-30
300523,2015-09-30,,-0.09,,,,,2016-10-28
300523,2015-12-31,,1.3,,,,,2016-07-11
300523,2016-03-31,,0.05,,,,,2017-04-26
300523,2016-06-30,,0.22,,,,,2016-07-25
300523,2016-09-30,50.36832284,0.08,629.6040355,0.044361525704809286,0.9556384742951907,,2016-10-28
300523,2016-12-31,,0.6452,,,,,2017-04-13
300523,2017-03-31,33.09177256,-0.17,,,,,2017-04-26
300523,2017-06-30,26.37668,-0.05,,,,,2017-08-09
300523,2017-09-30,,0.01,,,,,2017-10-27
300523,2017-12-31,,0.632,,,,,2018-03-30
300523,2018-03-31,,0.06,,,,,2018-04-26
300523,2018-06-30,,0.25,,,,,2018-08-07
300523,2018-09-30,,0.56,,,,,2018-10-26
300525,2015-06-30,,0.07,,,,,2015-11-24
300525,2015-09-30,,0.27,,,,,2016-10-26
300525,2015-12-31,,0.72,,,,,2016-07-13
300525,2016-03-31,,0.03,,,,,2016-07-13
300525,2016-06-30,,0.0939,,,,,2016-07-25
300525,2016-09-30,10.2520441,0.22,46.60020045454546,0.5874792703150912,0.4125207296849088,,2016-10-26
300525,2016-12-31,,0.6585,,,,,2017-04-25
300525,2017-03-31,8.29338094,-0.0867,,,,,2017-04-25
300525,2017-06-30,5.014007,0.0397,126.29740554156173,0.265658747300216,0.734341252699784,,2017-08-25
300525,2017-09-30,,0.102,,,,,2017-10-27
300525,2017-12-31,,0.4459,,,,,2018-04-25
300525,2018-03-31,,-0.1039,,,,,2018-04-25
300525,2018-06-30,,-0.0764,,,,,2018-08-15
300525,2018-09-30,,0.0101,,,,,2018-10-30
300529,2015-06-30,,0.22,,,,,2015-12-22
300529,2015-09-30,,0.366,,,,,2016-10-28
300529,2015-12-31,,0.54,,,,,2016-07-14
300529,2016-03-31,,0.13,,,,,2016-07-14
300529,2016-06-30,,0.27,,,,,2016-08-01
300529,2016-09-30,24.44166942,0.37,66.058566,0.44776119402985076,0.5522388059701493,,2016-10-28
300529,2016-12-31,,0.52,,,,,2017-04-21
300529,2017-03-31,16.9190817,0.14,120.85058357142856,0.6128904705417161,0.3871095294582839,,2017-04-27
300529,2017-06-30,13.37365344,0.36,37.14903733333333,0.7699784017278618,0.2300215982721382,,2017-08-29
300529,2017-09-30,,0.49,,,,,2017-10-28
300529,2017-12-31,,0.69,,,,,2018-04-03
300529,2018-03-31,,0.22,,,,,2018-04-17
300529,2018-06-30,,0.51,,,,,2018-08-03
300529,2018-09-30,,0.74,,,,,2018-10-24
300534,2015-09-30,,0.6683,,,,,2016-10-26
300534,2015-12-31,,0.9335,,,,,2016-08-24
300534,2016-03-31,,0.1588,,,,,2017-04-21
300534,2016-06-30,,0.1083,,,,,2016-08-24
300534,2016-09-30,15.73669786,0.1651,95.3161590551181,0.31923714759535654,0.6807628524046434,,2016-10-26
300534,2016-12-31,,0.1917,,,,,2017-03-23
300534,2017-03-31,22.65432892,0.0252,898.9813063492064,0.1055753262158956,0.8944246737841044,,2017-04-21
300534,2017-06-30,18.57123129,0.0459,404.60198888888885,0.07055435565154787,0.9294456443484521,,2017-08-16
300534,2017-09-30,,0.0425,,,,,2017-10-26
300534,2017-12-31,,0.0564,,,,,2018-03-23
300534,2018-03-31,,0.0212,,,,,2018-04-21
300534,2018-06-30,,0.0352,,,,,2018-07-28
300534,2018-09-30,,0.0351,,,,,2018-10-26
300537,2015-06-30,,0.28,,,,,2016-08-09
300537,2015-09-30,,0.3764,,,,,2016-10-27
300537,2015-12-31,,0.55,,,,,2016-08-09
300537,2016-03-31,,0.11,,,,,2016-08-09
300537,2016-06-30,,0.16,,,,,2016-08-09
300537,2016-09-30,27.87999856,0.22,126.72726618181818,0.2470978441127695,0.7529021558872305,,2016-10-27
300537,2016-12-31,,0.2959,,,,,2017-03-28
300537,2017-03-31,26.1528106,0.04,653.820265,0.14788453934361406,0.8521154606563859,,2017-04-25
300537,2017-06-30,20.2879149,0.15,135.252766,0.2408207343412527,0.7591792656587473,,2017-08-29
300537,2017-09-30,,0.28,,,,,2017-10-27
300537,2017-12-31,,0.3522,,,,,2018-04-17
300537,2018-03-31,,0.0947,,,,,2018-04-27
300537,2018-06-30,,0.16,,,,,2018-08-24
300537,2018-09-30,,0.19,,,,,2018-10-27
300538,2015-09-30,,0.74,,,,,2016-10-28
300538,2015-12-31,,1.01,,,,,2016-08-10
300538,2016-03-31,,0.13,,,,,2017-04-21
300538,2016-06-30,,0.38,,,,,2016-08-10
300538,2016-09-30,31.8349179,0.63,50.531615714285714,0.5530679933665008,0.4469320066334992,,2016-10-28
300538,2016-12-31,,0.6,,,,,2017-04-10
300538,2017-03-31,23.54660085,0.1,235.4660085,0.3922499011466983,0.6077500988533018,,2017-04-21
300538,2017-06-30,16.9667316,0.09,188.51924,0.16918646508279336,0.8308135349172067,,2017-08-25
300538,2017-09-30,,0.13,,,,,2017-10-28
300538,2017-12-31,,0.22,,,,,2018-04-03
300538,2018-03-31,,0.14,,,,,2018-04-20
300538,2018-06-30,,0.16,,,,,2018-08-22
300538,2018-09-30,,0.25,,,,,2018-10-26
300542,2015-06-30,,0.09,,,,,2015-12-11
300542,2015-09-30,,0.108,,,,,2016-10-28
300542,2015-12-31,,0.52,,,,,2016-08-26
300542,2016-03-31,,-0.02,,,,,2017-04-26
300542,2016-06-30,,0.101,,,,,2016-08-26
300542,2016-09-30,7.44149736,0.143,52.03844307692308,0.5393864013266998,0.4606135986733002,,2016-10-28
300542,2016-12-31,,0.47,,,,,2017-04-21
300542,2017-03-31,12.88448832,-0.03,,,,,2017-04-26
300542,2017-06-30,9.12243029,0.049,186.17204673469388,0.17098632109431244,0.8290136789056876,,2017-08-29
300542,2017-09-30,,0.0686,,,,,2017-10-27
300542,2017-12-31,,0.23,,,,,2018-04-21
300542,2018-03-31,,-0.05,,,,,2018-04-27
300542,2018-06-30,,0.03,,,,,2018-08-30
300542,2018-09-30,,0.05,,,,,2018-10-26
300546,2015-09-30,,0.69,,,,,2016-10-27
300546,2015-12-31,,1.34,,,,,2016-09-13
300546,2016-03-31,,-0.17,,,,,2017-04-25
300546,2016-06-30,,0.14,,,,,2016-09-13
300546,2016-09-30,10.6424064,0.81,13.138773333333333,0.9423714759535655,0.05762852404643448,,2016-10-27
300546,2016-12-31,,0.45,,,,,2017-04-10
300546,2017-03-31,28.6537824,0.04,716.34456,0.13602214313958086,0.8639778568604192,,2017-04-25
300546,2017-06-30,23.596629,0.19,124.19278421052631,0.2710583153347732,0.7289416846652268,,2017-08-18
300546,2017-09-30,,0.31,,,,,2017-10-24
300546,2017-12-31,,0.59,,,,,2018-04-16
300546,2018-03-31,,-0.03,,,,,2018-04-25
300546,2018-06-30,,0.25,,,,,2018-08-20
300546,2018-09-30,,0.43,,,,,2018-10-27
300552,2015-06-30,,0.08,,,,,2015-12-17
300552,2015-09-30,,-0.2,,,,,2016-10-20
300552,2015-12-31,,0.8,,,,,2016-09-26
300552,2016-03-31,,0.28,,,,,2017-04-26
300552,2016-06-30,,0.44,,,,,2016-09-26
300552,2016-09-30,,0.7,,,,,2016-10-20
300552,2016-12-31,,0.82,,,,,2017-03-25
300552,2017-03-31,25.78728194,0.0,,,,,2017-04-26
300552,2017-06-30,17.4252296,0.07,248.93185142857143,0.12491000719942405,0.875089992800576,,2017-08-19
300552,2017-09-30,,0.11,,,,,2017-10-26
300552,2017-12-31,,0.35,,,,,2018-04-05
300552,2018-03-31,,-0.15,,,,,2018-04-27
300552,2018-06-30,,-0.26,,,,,2018-08-25
300552,2018-09-30,,-0.15,,,,,2018-10-30
300554,2015-06-30,,0.47,,,,,2015-12-25
300554,2015-12-31,,0.8591,,,,,2017-03-06
300554,2016-03-31,,0.1376,,,,,2017-04-27
300554,2016-06-30,,0.3504,,,,,2017-08-25
300554,2016-09-30,,0.6754,,,,,2017-10-26
300554,2016-12-31,,0.9722,,,,,2017-03-06
300554,2017-03-31,,0.2258,,,,,2017-04-27
300554,2017-06-30,26.64952875,0.2464,108.15555499188312,0.3095752339812815,0.6904247660187185,,2017-08-25
300554,2017-09-30,,0.4916,,,,,2017-10-26
300554,2017-12-31,,1.0038,,,,,2018-04-17
300554,2018-03-31,,0.5611,,,,,2018-04-27
300554,2018-06-30,,0.7005,,,,,2018-08-17
300554,2018-09-30,,0.6782,,,,,2018-10-27
300559,2015-09-30,,0.77,,,,,2016-10-31
300559,2015-12-31,,1.0703,,,,,2016-10-17
300559,2016-03-31,,0.111,,,,,2017-04-27
300559,2016-06-30,,0.5512,,,,,2016-10-17
300559,2016-09-30,,0.7414,,,,,2016-10-31
300559,2016-12-31,,1.09,,,,,2017-03-21
300559,2017-03-31,9.56179368,0.0246,388.69079999999997,0.24396994859628313,0.7560300514037168,,2017-04-27
300559,2017-06-30,6.7815125,0.1723,39.35874927452118,0.7462203023758099,0.25377969762419006,,2017-08-16
300559,2017-09-30,,0.2906,,,,,2017-10-20
300559,2017-12-31,,0.54,,,,,2018-03-09
300559,2018-03-31,,0.0535,,,,,2018-04-26
300559,2018-06-30,,0.1862,,,,,2018-08-28
300559,2018-09-30,,0.2913,,,,,2018-10-29
300560,2015-09-30,,0.46,,,,,2016-10-31
300560,2015-12-31,,0.66,,,,,2016-10-18
300560,2016-03-31,,0.14,,,,,2017-04-27
300560,2016-06-30,,0.43,,,,,2016-10-18
300560,2016-09-30,,0.55,,,,,2016-10-31
300560,2016-12-31,,0.69,,,,,2017-04-15
300560,2017-03-31,20.86042994,0.12,173.83691616666667,0.4918940292605773,0.5081059707394227,,2017-04-27
300560,2017-06-30,28.6114724,0.16,178.8217025,0.17782577393808496,0.822174226061915,,2017-08-29
300560,2017-09-30,,0.2,,,,,2017-10-27
300560,2017-12-31,,0.25,,,,,2018-04-17
300560,2018-03-31,,0.06,,,,,2018-04-26
300560,2018-06-30,,0.15,,,,,2018-08-17
300560,2018-09-30,,0.18,,,,,2018-10-27
300562,2015-12-31,,1.14,,,,,2016-10-31
300562,2016-03-31,,0.11,,,,,2017-04-26
300562,2016-06-30,,0.25,,,,,2016-10-31
300562,2016-09-30,,0.4,,,,,2017-10-28
300562,2016-12-31,,0.55,,,,,2017-03-03
300562,2017-03-31,38.5459611,0.05,770.919222,0.12613681296955317,0.8738631870304469,,2017-04-26
300562,2017-06-30,25.9663904,-0.08,,,,,2017-08-17
300562,2017-09-30,,-0.02,,,,,2017-10-28
300562,2017-12-31,,0.09,,,,,2018-03-30
300562,2018-03-31,,0.02,,,,,2018-04-27
300562,2018-06-30,,0.05,,,,,2018-08-21
300562,2018-09-30,,0.09,,,,,2018-10-26
300565,2015-09-30,,0.44,,,,,2016-11-21
300565,2015-12-31,,0.52,,,,,2016-10-31
300565,2016-03-31,,0.17,,,,,2017-04-20
300565,2016-06-30,,0.28,,,,,2016-10-31
300565,2016-09-30,,0.46,,,,,2016-11-21
300565,2016-12-31,,0.5,,,,,2017-04-20
300565,2017-03-31,24.38738774,0.05,487.7477548,0.19572953736654805,0.8042704626334519,,2017-04-20
300565,2017-06-30,17.1192448,0.13,131.68649846153846,0.24838012958963282,0.7516198704103672,,2017-08-29
300565,2017-09-30,,0.19,,,,,2017-10-27
300565,2017-12-31,,0.28,,,,,2018-04-25
300565,2018-03-31,,0.04,,,,,2018-04-25
300565,2018-06-30,,0.08,,,,,2018-08-28
300565,2018-09-30,,0.1,,,,,2018-10-25
300569,2015-09-30,,1.59,,,,,2016-11-08
300569,2015-12-31,,2.76,,,,,2016-11-08
300569,2016-03-31,,0.58,,,,,2017-04-27
300569,2016-06-30,,0.97,,,,,2016-11-08
300569,2016-09-30,,1.36,,,,,2016-11-08
300569,2016-12-31,,1.4819,,,,,2017-04-20
300569,2017-03-31,10.7554104,0.22,48.88822909090909,0.8849347568208779,0.11506524317912215,,2017-04-27
300569,2017-06-30,7.18624175,0.34,21.13600514705882,0.9143268538516919,0.08567314614830812,,2017-08-12
300569,2017-09-30,,0.47,,,,,2017-10-27
300569,2017-12-31,,0.6372,,,,,2018-03-28
300569,2018-03-31,,0.13,,,,,2018-04-26
300569,2018-06-30,,0.136,,,,,2018-08-17
300569,2018-09-30,,0.2668,,,,,2018-10-27
300571,2015-09-30,,0.46,,,,,2016-12-12
300571,2015-12-31,,0.86,,,,,2016-11-28
300571,2016-03-31,,0.31,,,,,2017-04-26
300571,2016-06-30,,0.83,,,,,2016-11-28
300571,2016-09-30,,0.6,,,,,2016-12-12
300571,2016-12-31,,0.81,,,,,2017-04-26
300571,2017-03-31,40.2656863,0.27,149.13217148148146,0.5393436140767102,0.46065638592328984,,2017-04-26
300571,2017-06-30,45.2683302,0.63,71.85449238095238,0.4769618430525558,0.5230381569474443,,2017-08-29
300571,2017-09-30,,0.77,,,,,2017-10-28
300571,2017-12-31,,1.21,,,,,2018-04-23
300571,2018-03-31,,0.4,,,,,2018-04-26
300571,2018-06-30,,0.91,,,,,2018-08-29
300571,2018-09-30,,0.91,,,,,2018-10-29
300572,2015-09-30,,0.6507,,,,,2016-11-21
300572,2015-12-31,,0.8444,,,,,2016-11-21
300572,2016-03-31,,0.1208,,,,,2017-04-26
300572,2016-06-30,,0.5045,,,,,2016-11-21
300572,2016-09-30,,0.778,,,,,2016-11-21
300572,2016-12-31,,0.9542,,,,,2017-04-10
300572,2017-03-31,19.37320605,0.1015,190.8690251231527,0.4594701463028865,0.5405298536971135,,2017-04-26
300572,2017-06-30,14.7343911,0.5833,25.26039962283559,0.8822894168466523,0.1177105831533477,,2017-08-26
300572,2017-09-30,,0.9042,,,,,2017-10-27
300572,2017-12-31,,0.66,,,,,2018-04-11
300572,2018-03-31,,0.12,,,,,2018-04-27
300572,2018-06-30,,0.31,,,,,2018-07-31
300572,2018-09-30,,0.49,,,,,2018-10-26
300578,2015-12-31,,0.62,,,,,2017-01-12
300578,2016-03-31,,0.14,,,,,2017-04-26
300578,2016-06-30,,0.3,,,,,2016-10-14
300578,2016-09-30,,0.52,,,,,2017-01-12
300578,2016-12-31,,0.58,,,,,2017-04-20
300578,2017-03-31,28.3793398,0.07,405.41913999999997,0.2317121391854488,0.7682878608145511,,2017-04-26
300578,2017-06-30,19.75339353,0.19,103.96522910526316,0.3254139668826494,0.6745860331173505,,2017-08-29
300578,2017-09-30,,0.47,,,,,2017-10-30
300578,2017-12-31,,0.27,,,,,2018-04-18
300578,2018-03-31,,0.07,,,,,2018-04-27
300578,2018-06-30,,0.12,,,,,2018-08-30
300578,2018-09-30,,0.1,,,,,2018-10-30
300579,2015-06-30,,0.2,,,,,2016-01-08
300579,2015-09-30,,0.22,,,,,2016-12-08
300579,2015-12-31,,0.8,,,,,2016-12-08
300579,2016-03-31,,-0.1,,,,,2017-04-26
300579,2016-06-30,,0.24,,,,,2016-12-08
300579,2016-09-30,,0.3004,,,,,2016-12-08
300579,2016-12-31,,1.0,,,,,2017-04-08
300579,2017-03-31,17.9856362,-0.02,,,,,2017-04-26
300579,2017-06-30,13.9879774,0.27,51.8073237037037,0.6227501799856011,0.3772498200143989,,2017-08-25
300579,2017-09-30,,0.3929,,,,,2017-10-25
300579,2017-12-31,,0.702,,,,,2018-03-29
300579,2018-03-31,,0.0507,,,,,2018-04-24
300579,2018-06-30,,0.1344,,,,,2018-08-25
300579,2018-09-30,,0.2176,,,,,2018-10-26
300581,2015-09-30,,0.6429,,,,,2016-12-07
300581,2015-12-31,,1.49,,,,,2016-12-07
300581,2016-03-31,,0.1135,,,,,2017-04-27
300581,2016-06-30,,0.2694,,,,,2016-10-14
300581,2016-09-30,,0.3193,,,,,2016-12-07
300581,2016-12-31,,0.6629,,,,,2017-04-27
300581,2017-03-31,9.181296,0.0415,221.23604819277105,0.4100434954527481,0.5899565045472519,,2017-04-27
300581,2017-06-30,7.1234609,0.1,71.234609,0.48020158387329015,0.5197984161267099,,2017-08-28
300581,2017-09-30,,0.1313,,,,,2017-10-26
300581,2017-12-31,,0.2825,,,,,2018-04-25
300581,2018-03-31,,-0.008,,,,,2018-04-25
300581,2018-06-30,,0.03,,,,,2018-08-23
300581,2018-09-30,,0.1869,,,,,2018-10-30
300582,2015-09-30,,0.52,,,,,2016-12-07
300582,2015-12-31,,0.94,,,,,2016-12-07
300582,2016-03-31,,0.2,,,,,2017-04-27
300582,2016-06-30,,0.37,,,,,2016-12-07
300582,2016-09-30,,0.47,,,,,2016-12-07
300582,2016-12-31,,0.41,,,,,2017-04-26
300582,2017-03-31,15.61972695,0.06,260.32878250000005,0.3637801502570186,0.6362198497429814,,2017-04-27
300582,2017-06-30,12.19310752,0.12,101.60922933333333,0.33441324694024477,0.6655867530597552,,2017-08-15
300582,2017-09-30,,0.15,,,,,2017-10-26
300582,2017-12-31,,0.13,,,,,2018-04-20
300582,2018-03-31,,0.07,,,,,2018-04-26
300582,2018-06-30,,0.16,,,,,2018-08-27
300582,2018-09-30,,0.26,,,,,2018-10-26
300584,2015-09-30,,0.37,,,,,2016-12-28
300584,2015-12-31,,0.67,,,,,2016-11-22
300584,2016-03-31,,0.0875,,,,,2017-04-27
300584,2016-06-30,,0.3534,,,,,2016-11-22
300584,2016-09-30,,0.5199,,,,,2016-12-28
300584,2016-12-31,,0.7539,,,,,2017-04-21
300584,2017-03-31,29.75494666,0.1071,277.8239650793651,0.3420324238829577,0.6579675761170423,,2017-04-27
300584,2017-06-30,22.21992032,0.2554,87.00047110415035,0.38948884089272856,0.6105111591072714,,2017-08-08
300584,2017-09-30,,0.3934,,,,,2017-10-23
300584,2017-12-31,,0.5583,,,,,2018-03-12
300584,2018-03-31,,0.1416,,,,,2018-04-26
300584,2018-06-30,,0.3392,,,,,2018-07-31
300584,2018-09-30,,0.5191,,,,,2018-10-25
300585,2015-09-30,,0.49,,,,,2016-12-06
300585,2015-12-31,,0.66,,,,,2016-12-16
300585,2016-03-31,,0.22,,,,,2017-04-26
300585,2016-06-30,,0.43,,,,,2016-11-11
300585,2016-09-30,,0.31,,,,,2016-12-16
300585,2016-12-31,,0.4258,,,,,2017-04-26
300585,2017-03-31,23.0355352,0.1033,222.99646853823816,0.4084618426255437,0.5915381573744563,,2017-04-26
300585,2017-06-30,19.69065098,0.19,103.63500515789474,0.326133909287257,0.673866090712743,,2017-08-29
300585,2017-09-30,,0.29,,,,,2017-10-27
300585,2017-12-31,,0.3678,,,,,2018-04-24
300585,2018-03-31,,0.0946,,,,,2018-04-24
300585,2018-06-30,,0.18,,,,,2018-08-28
300585,2018-09-30,,0.21,,,,,2018-10-26
300587,2015-09-30,,,,,,,2016-12-16
300587,2015-12-31,,0.85,,,,,2016-06-03
300587,2016-03-31,,0.07,,,,,2017-04-27
300587,2016-06-30,,0.48,,,,,2016-08-22
300587,2016-09-30,,0.6,,,,,2016-12-16
300587,2016-12-31,,0.9,,,,,2017-04-27
300587,2017-03-31,4.6254861,-0.04,,,,,2017-04-27
300587,2017-06-30,3.1029399,0.27,11.49237,0.9798416126709864,0.02015838732901365,,2017-08-17
300587,2017-09-30,,0.46,,,,,2017-10-27
300587,2017-12-31,,0.68,,,,,2018-04-23
300587,2018-03-31,,0.0062,,,,,2018-04-23
300587,2018-06-30,,0.26,,,,,2018-08-27
300587,2018-09-30,,0.4,,,,,2018-10-29
300589,2015-12-31,,0.5,,,,,2016-12-26
300589,2016-03-31,,-0.0843,,,,,2017-04-25
300589,2016-06-30,,0.0959,,,,,2016-11-14
300589,2016-09-30,,0.2391,,,,,2017-10-26
300589,2016-12-31,,0.436,,,,,2017-04-25
300589,2017-03-31,11.0606055,0.0387,285.80375968992246,0.33254250691973114,0.6674574930802688,,2017-04-25
300589,2017-06-30,7.9656676,0.0992,80.2990685483871,0.42296616270698345,0.5770338372930166,,2017-08-24
300589,2017-09-30,,0.1083,,,,,2017-10-26
300589,2017-12-31,,0.1742,,,,,2018-04-10
300589,2018-03-31,,-0.0087,,,,,2018-04-18
300589,2018-06-30,,0.0366,,,,,2018-08-28
300589,2018-09-30,,0.072,,,,,2018-10-25
300595,2015-09-30,,,,,,,2017-01-04
300595,2015-12-31,,1.74,,,,,2017-01-04
300595,2016-03-31,,0.37,,,,,2017-04-25
300595,2016-06-30,,0.52,,,,,2016-11-28
300595,2016-09-30,,0.95,,,,,2017-01-04
300595,2016-12-31,,1.24,,,,,2017-03-10
300595,2017-03-31,7.79660362,0.24,32.48584841666667,0.9485962831158561,0.05140371688414391,,2017-04-25
300595,2017-06-30,8.692949,0.2768,31.405162572254337,0.8275737940964722,0.17242620590352775,,2017-08-26
300595,2017-09-30,,0.5267,,,,,2017-10-30
300595,2017-12-31,,0.6909,,,,,2018-04-10
300595,2018-03-31,,0.1617,,,,,2018-04-25
300595,2018-06-30,,0.2094,,,,,2018-08-23
300595,2018-09-30,,0.4163,,,,,2018-10-26
300597,2015-09-30,,0.2,,,,,2017-01-04
300597,2015-12-31,,0.32,,,,,2017-01-04
300597,2016-03-31,,0.01,,,,,2017-04-26
300597,2016-06-30,,0.076,,,,,2016-10-28
300597,2016-09-30,,0.2,,,,,2017-01-04
300597,2016-12-31,,0.31,,,,,2017-04-26
300597,2017-03-31,24.7409832,0.01,2474.0983199999996,0.03202846975088968,0.9679715302491103,,2017-04-26
300597,2017-06-30,16.94831424,0.0584,290.21086027397257,0.11051115910727141,0.8894888408927286,,2017-08-25
300597,2017-09-30,,0.15,,,,,2017-10-27
300597,2017-12-31,,0.18,,,,,2018-04-24
300597,2018-03-31,,0.01,,,,,2018-04-24
300597,2018-06-30,,0.0554,,,,,2018-08-30
300597,2018-09-30,,0.1,,,,,2018-10-26
300601,2015-09-30,,0.14,,,,,2017-01-12
300601,2015-12-31,,0.17,,,,,2017-01-12
300601,2016-03-31,,0.17,,,,,2017-04-25
300601,2016-06-30,,0.15,,,,,2017-01-12
300601,2016-09-30,,0.2,,,,,2017-01-12
300601,2016-12-31,,0.23,,,,,2017-04-25
300601,2017-03-31,12.26056248,0.07,175.15089257142856,0.48675365757216293,0.5132463424278371,,2017-04-25
300601,2017-06-30,11.13892208,0.11,101.262928,0.33585313174946,0.66414686825054,,2017-07-18
300601,2017-09-30,,0.25,,,,,2017-10-28
300601,2017-12-31,,0.35,,,,,2018-04-25
300601,2018-03-31,,0.18,,,,,2018-04-25
300601,2018-06-30,,0.46,,,,,2018-08-29
300601,2018-09-30,,0.6,,,,,2018-10-30
300602,2015-09-30,,0.89,,,,,2017-01-09
300602,2015-12-31,,1.34,,,,,2017-01-09
300602,2016-03-31,,0.33,,,,,2017-04-21
300602,2016-06-30,,0.68,,,,,2016-12-05
300602,2016-09-30,,1.01,,,,,2017-01-09
300602,2016-12-31,,1.55,,,,,2017-04-21
300602,2017-03-31,12.5681948,0.18,69.82330444444445,0.8003163305654409,0.19968366943455906,,2017-04-21
300602,2017-06-30,9.89387193,0.18,54.96595516666667,0.595752339812815,0.40424766018718505,,2017-08-29
300602,2017-09-30,,0.72,,,,,2017-10-28
300602,2017-12-31,,0.57,,,,,2018-04-25
300602,2018-03-31,,0.16,,,,,2018-04-25
300602,2018-06-30,,0.23,,,,,2018-08-24
300602,2018-09-30,,0.4,,,,,2018-10-25
300603,2015-06-30,,0.02,,,,,2015-11-13
300603,2015-12-31,,0.34,,,,,2017-01-09
300603,2016-03-31,,-0.0309,,,,,2017-04-25
300603,2016-06-30,,0.1995,,,,,2016-12-06
300603,2016-09-30,,0.2133,,,,,2017-01-09
300603,2016-12-31,,0.46,,,,,2017-04-11
300603,2017-03-31,17.01935697,0.04,425.48392425000003,0.2202451561882167,0.7797548438117833,,2017-04-25
300603,2017-06-30,12.72693334,0.3716,34.24901329386437,0.7962562994960403,0.20374370050395973,,2017-08-18
300603,2017-09-30,,0.5904,,,,,2017-10-26
300603,2017-12-31,,0.8,,,,,2018-04-24
300603,2018-03-31,,-0.05,,,,,2018-04-24
300603,2018-06-30,,0.0331,,,,,2018-08-29
300603,2018-09-30,,0.3543,,,,,2018-10-29
300604,2015-06-30,,0.49,,,,,2015-12-25
300604,2015-12-31,,0.56,,,,,2017-03-06
300604,2016-03-31,,0.05,,,,,2017-04-14
300604,2016-06-30,,0.24,,,,,2017-08-24
300604,2016-09-30,,0.25,,,,,2017-10-27
300604,2016-12-31,,0.72,,,,,2018-04-25
300604,2017-03-31,,0.07,,,,,2017-04-14
300604,2017-06-30,5.3227034,0.27,19.713716296296294,0.9262059035277178,0.07379409647228219,,2017-08-24
300604,2017-09-30,,0.37,,,,,2017-10-27
300604,2017-12-31,,0.38,,,,,2018-04-25
300604,2018-03-31,,0.05,,,,,2018-04-27
300604,2018-06-30,,0.17,,,,,2018-08-21
300604,2018-09-30,,0.22,,,,,2018-10-29
300609,2015-09-30,,0.13,,,,,2017-01-18
300609,2015-12-31,,0.5,,,,,2017-01-18
300609,2016-03-31,,-0.1418,,,,,2017-04-25
300609,2016-06-30,,0.0464,,,,,2016-12-12
300609,2016-09-30,,0.2478,,,,,2017-01-18
300609,2016-12-31,,0.64,,,,,2017-02-14
300609,2017-03-31,52.4817264,-0.0236,,,,,2017-04-25
300609,2017-06-30,32.68933052,0.1094,298.80558062157223,0.10763138948884089,0.8923686105111591,,2017-08-15
300609,2017-09-30,,0.33,,,,,2017-10-23
300609,2017-12-31,,0.62,,,,,2018-04-24
300609,2018-03-31,,-0.0037,,,,,2018-04-24
300609,2018-06-30,,0.1405,,,,,2018-08-24
300609,2018-09-30,,0.3897,,,,,2018-10-30
300611,2015-09-30,,0.49,,,,,2017-01-25
300611,2015-12-31,,0.74,,,,,2016-12-21
300611,2016-03-31,,0.17,,,,,2017-04-21
300611,2016-06-30,,0.13,,,,,2016-12-21
300611,2016-09-30,,0.21,,,,,2017-01-25
300611,2016-12-31,,0.35,,,,,2017-03-21
300611,2017-03-31,29.15814224,0.07,416.54488914285713,0.2257809410834322,0.7742190589165678,,2017-04-21
300611,2017-06-30,21.28102185,0.12,177.34184875,0.1785457163426926,0.8214542836573074,,2017-08-21
300611,2017-09-30,,0.19,,,,,2017-10-24
300611,2017-12-31,,0.27,,,,,2018-04-17
300611,2018-03-31,,0.05,,,,,2018-04-27
300611,2018-06-30,,0.11,,,,,2018-08-28
300611,2018-09-30,,0.15,,,,,2018-10-27
300612,2015-09-30,,0.4,,,,,2017-01-25
300612,2015-12-31,,0.99,,,,,2017-01-25
300612,2016-03-31,,0.06,,,,,2017-04-25
300612,2016-06-30,,0.32,,,,,2016-11-08
300612,2016-09-30,,0.34,,,,,2017-01-25
300612,2016-12-31,,0.72,,,,,2017-04-21
300612,2017-03-31,40.37110396,0.08,504.6387995,0.18703044681692368,0.8129695531830763,,2017-04-25
300612,2017-06-30,43.69641309,0.18,242.75785050000002,0.1285097192224622,0.8714902807775378,,2017-08-15
300612,2017-09-30,,0.23,,,,,2017-10-27
300612,2017-12-31,,0.48,,,,,2018-04-20
300612,2018-03-31,,0.03,,,,,2018-04-26
300612,2018-06-30,,0.02,,,,,2018-08-08
300612,2018-09-30,,0.05,,,,,2018-10-26
300613,2015-12-31,,1.12,,,,,2016-11-28
300613,2016-03-31,,0.73,,,,,2017-04-20
300613,2016-06-30,,1.65,,,,,2016-11-28
300613,2016-09-30,,2.82,,,,,2017-10-27
300613,2016-12-31,,3.36,,,,,2017-02-06
300613,2017-03-31,43.92554105,0.74,59.35883925675676,0.8457888493475683,0.15421115065243174,,2017-04-20
300613,2017-06-30,32.80434963,1.42,23.101654669014085,0.8984881209503239,0.10151187904967607,,2017-08-28
300613,2017-09-30,,1.9254,,,,,2017-10-27
300613,2017-12-31,,2.49,,,,,2018-04-25
300613,2018-03-31,,0.336,,,,,2018-04-25
300613,2018-06-30,,0.87,,,,,2018-08-27
300613,2018-09-30,,1.0701,,,,,2018-10-30
300615,2015-09-30,,0.69,,,,,2017-01-25
300615,2015-12-31,,0.88,,,,,2017-01-25
300615,2016-03-31,,0.2512,,,,,2017-04-25
300615,2016-06-30,,0.5258,,,,,2017-01-25
300615,2016-09-30,,0.74,,,,,2017-01-25
300615,2016-12-31,,0.96,,,,,2017-04-25
300615,2017-03-31,21.1659525,0.1514,139.801535667107,0.5587188612099644,0.4412811387900356,,2017-04-25
300615,2017-06-30,14.8470942,0.1404,105.7485341880342,0.3171346292296616,0.6828653707703384,,2017-08-18
300615,2017-09-30,,0.1463,,,,,2017-10-26
300615,2017-12-31,,0.23,,,,,2018-04-24
300615,2018-03-31,,0.0193,,,,,2018-04-24
300615,2018-06-30,,0.063,,,,,2018-08-28
300615,2018-09-30,,0.1299,,,,,2018-10-23
300617,2015-12-31,,1.28,,,,,2016-12-20
300617,2016-03-31,,0.47,,,,,2017-04-25
300617,2016-06-30,,0.767,,,,,2016-12-20
300617,2016-09-30,,0.9684,,,,,2017-10-26
300617,2016-12-31,,1.4517,,,,,2017-02-13
300617,2017-03-31,43.34559601,0.5357,80.9139369236513,0.7556346381969158,0.2443653618030842,,2017-04-25
300617,2017-06-30,32.53109924,0.4273,76.13175576878072,0.4503239740820734,0.5496760259179265,,2017-08-23
300617,2017-09-30,,0.5962,,,,,2017-10-26
300617,2017-12-31,,0.815,,,,,2018-04-12
300617,2018-03-31,,0.2545,,,,,2018-04-25
300617,2018-06-30,,0.4356,,,,,2018-08-28
300617,2018-09-30,,0.6009,,,,,2018-10-25
300618,2015-12-31,,0.32,,,,,2016-11-21
300618,2016-03-31,,0.05,,,,,2017-04-27
300618,2016-06-30,,0.2,,,,,2016-11-21
300618,2016-09-30,,0.44,,,,,2017-10-28
300618,2016-12-31,,0.74,,,,,2017-02-14
300618,2017-03-31,45.99516192,0.55,83.62756712727273,0.7465401344404903,0.2534598655595097,,2017-04-27
300618,2017-06-30,40.2201759,0.81,49.65453814814815,0.6468682505399568,0.3531317494600432,,2017-08-29
300618,2017-09-30,,1.77,,,,,2017-10-28
300618,2017-12-31,,2.44,,,,,2018-02-13
300618,2018-03-31,,1.33,,,,,2018-04-26
300618,2018-06-30,,1.97,,,,,2018-08-29
300618,2018-09-30,,2.61,,,,,2018-10-27
300619,2015-12-31,,0.43,,,,,2016-06-29
300619,2016-03-31,,-0.14,,,,,2017-04-18
300619,2016-06-30,,0.3,,,,,2016-08-15
300619,2016-09-30,,0.37,,,,,2017-10-27
300619,2016-12-31,,0.77,,,,,2017-02-13
300619,2017-03-31,29.27091376,0.06,487.8485626666667,0.19533412415974694,0.8046658758402531,,2017-04-18
300619,2017-06-30,18.48196944,0.31,59.61925625806452,0.5637149028077754,0.43628509719222464,,2017-08-25
300619,2017-09-30,,0.56,,,,,2017-10-27
300619,2017-12-31,,0.66,,,,,2018-03-30
300619,2018-03-31,,0.05,,,,,2018-04-26
300619,2018-06-30,,0.3649,,,,,2018-08-30
300619,2018-09-30,,0.5313,,,,,2018-10-30
300620,2015-06-30,,0.44,,,,,2015-11-13
300620,2015-12-31,,0.4805,,,,,2017-01-05
300620,2016-03-31,,0.1459,,,,,2017-04-26
300620,2016-06-30,,0.318,,,,,2017-01-05
300620,2016-09-30,,0.4783,,,,,2017-10-26
300620,2016-12-31,,0.751,,,,,2017-02-21
300620,2017-03-31,24.08665485,0.1454,165.65787379642364,0.5041518386714117,0.49584816132858833,,2017-04-26
300620,2017-06-30,14.8021419,0.3294,44.93667850637522,0.6918646508279338,0.3081353491720662,,2017-08-11
300620,2017-09-30,,0.5205,,,,,2017-10-26
300620,2017-12-31,,0.7265,,,,,2018-04-03
300620,2018-03-31,,0.1851,,,,,2018-04-26
300620,2018-06-30,,0.5176,,,,,2018-08-10
300620,2018-09-30,,0.7856,,,,,2018-10-25
300623,2015-12-31,,1.15,,,,,2017-02-22
300623,2016-03-31,,0.2829,,,,,2017-04-14
300623,2016-06-30,,0.6956,,,,,2017-08-10
300623,2016-09-30,,1.2624,,,,,2017-10-27
300623,2016-12-31,,1.66,,,,,2017-02-22
300623,2017-03-31,12.85305888,0.3321,38.702375429087624,0.9232898378805852,0.07671016211941484,,2017-04-14
300623,2017-06-30,9.3647904,0.4676,20.027353293413174,0.9229661627069834,0.0770338372930166,,2017-08-10
300623,2017-09-30,,0.6913,,,,,2017-10-27
300623,2017-12-31,,0.87,,,,,2018-04-12
300623,2018-03-31,,0.1872,,,,,2018-04-26
300623,2018-06-30,,0.31,,,,,2018-08-10
300623,2018-09-30,,0.49,,,,,2018-10-26
300624,2015-12-31,,0.83,,,,,2016-03-29
300624,2016-12-31,,1.06,,,,,2017-05-05
300624,2017-03-31,,0.38,,,,,2018-04-18
300624,2017-06-30,,0.58,,,,,2017-12-13
300624,2017-09-30,,0.88,,,,,2018-10-23
300624,2017-12-31,,1.14,,,,,2018-04-18
300624,2018-03-31,,0.32,,,,,2018-04-18
300624,2018-06-30,,0.63,,,,,2018-08-10
300624,2018-09-30,,0.93,,,,,2018-10-23
300626,2015-06-30,,0.15,,,,,2015-11-13
300626,2015-12-31,,0.3,,,,,2016-12-12
300626,2016-03-31,,0.0067,,,,,2017-04-27
300626,2016-06-30,,0.21,,,,,2016-12-12
300626,2016-09-30,,0.31,,,,,2017-10-26
300626,2016-12-31,,0.53,,,,,2017-03-01
300626,2017-03-31,13.97185608,0.04,349.296402,0.2736259391063662,0.7263740608936338,,2017-04-27
300626,2017-06-30,15.95138514,0.26,61.3514813076923,0.5500359971202304,0.44996400287976956,,2017-08-23
300626,2017-09-30,,0.42,,,,,2017-10-26
300626,2017-12-31,,0.61,,,,,2018-04-17
300626,2018-03-31,,0.11,,,,,2018-04-26
300626,2018-06-30,,0.13,,,,,2018-08-21
300626,2018-09-30,,0.19,,,,,2018-10-29
300633,2015-12-31,,0.29,,,,,2017-03-16
300633,2016-03-31,,0.0177,,,,,2017-04-27
300633,2016-06-30,,0.0927,,,,,2017-08-19
300633,2016-09-30,,0.1473,,,,,2017-01-18
300633,2016-12-31,,0.36,,,,,2017-03-16
300633,2017-03-31,,0.028,,,,,2017-04-27
300633,2017-06-30,18.04635504,0.1973,91.46657394830208,0.36789056875449966,0.6321094312455003,,2017-08-19
300633,2017-09-30,,0.3005,,,,,2017-10-27
300633,2017-12-31,,0.49,,,,,2018-03-31
300633,2018-03-31,,0.0523,,,,,2018-04-24
300633,2018-06-30,,0.2949,,,,,2018-08-04
300633,2018-09-30,,0.426,,,,,2018-10-29
300635,2015-06-30,,0.34,,,,,2015-11-13
300635,2015-12-31,,0.82,,,,,2017-01-18
300635,2016-03-31,,0.19,,,,,2017-04-26
300635,2016-06-30,,0.3827,,,,,2017-01-18
300635,2016-09-30,,0.4353,,,,,2017-10-30
300635,2016-12-31,,0.54,,,,,2017-03-13
300635,2017-03-31,11.0214628,0.11,100.19511636363636,0.6781336496638988,0.3218663503361012,,2017-04-26
300635,2017-06-30,19.6903374,0.2079,94.71061760461761,0.3567314614830814,0.6432685385169186,,2017-08-25
300635,2017-09-30,,0.3258,,,,,2017-10-30
300635,2017-12-31,,0.4063,,,,,2018-03-23
300635,2018-03-31,,0.0921,,,,,2018-04-27
300635,2018-06-30,,0.1871,,,,,2018-08-25
300635,2018-09-30,,0.2999,,,,,2018-10-27
300638,2015-12-31,,0.58,,,,,2017-02-24
300638,2016-03-31,,0.0732,,,,,2017-04-28
300638,2016-06-30,,0.201,,,,,2017-08-25
300638,2016-09-30,,0.3196,,,,,2017-10-26
300638,2016-12-31,,0.67,,,,,2017-02-24
300638,2017-03-31,,0.1011,,,,,2017-04-28
300638,2017-06-30,4.1606908,0.1347,30.888573125464,0.830093592512599,0.16990640748740105,,2017-08-25
300638,2017-09-30,,0.2284,,,,,2017-10-26
300638,2017-12-31,,0.38,,,,,2018-04-13
300638,2018-03-31,,0.0556,,,,,2018-04-27
300638,2018-06-30,,0.1848,,,,,2018-08-07
300638,2018-09-30,,0.4814,,,,,2018-10-29
300643,2015-06-30,,0.04,,,,,2015-12-11
300643,2015-12-31,,0.24,,,,,2017-03-20
300643,2016-03-31,,0.04,,,,,2017-05-04
300643,2016-06-30,,0.1,,,,,2017-08-19
300643,2016-09-30,,0.2,,,,,2017-10-27
300643,2016-12-31,,0.26,,,,,2017-03-20
300643,2017-03-31,,0.06,,,,,2017-05-04
300643,2017-06-30,15.16911317,0.11,137.9010288181818,0.23542116630669546,0.7645788336933046,,2017-08-19
300643,2017-09-30,,0.16,,,,,2017-10-27
300643,2017-12-31,,0.19,,,,,2018-04-13
300643,2018-03-31,,0.002,,,,,2018-04-27
300643,2018-06-30,,0.06,,,,,2018-08-18
300643,2018-09-30,,0.14,,,,,2018-10-27
300647,2015-12-31,,0.53,,,,,2017-03-20
300647,2016-03-31,,0.09,,,,,2017-05-02
300647,2016-06-30,,0.25,,,,,2017-08-29
300647,2016-09-30,,0.37,,,,,2017-10-26
300647,2016-12-31,,0.59,,,,,2017-03-20
300647,2017-03-31,,0.07,,,,,2017-05-02
300647,2017-06-30,9.0071178,0.21,42.891037142857144,0.7123830093592513,0.28761699064074875,,2017-08-29
300647,2017-09-30,,0.27,,,,,2017-10-26
300647,2017-12-31,,0.17,,,,,2018-03-28
300647,2018-03-31,,0.03,,,,,2018-04-19
300647,2018-06-30,,0.04,,,,,2018-08-29
300647,2018-09-30,,0.06,,,,,2018-10-23
300651,2015-06-30,,0.27,,,,,2015-12-25
300651,2015-12-31,,0.78,,,,,2017-03-06
300651,2016-03-31,,0.0326,,,,,2017-05-08
300651,2016-06-30,,0.22,,,,,2017-08-25
300651,2016-09-30,,0.39,,,,,2017-10-26
300651,2016-12-31,,0.8153,,,,,2017-03-06
300651,2017-03-31,,0.0346,,,,,2017-05-08
300651,2017-06-30,18.81809211,0.1472,127.84029966032608,0.2609791216702664,0.7390208783297336,,2017-08-25
300651,2017-09-30,,0.3499,,,,,2017-10-26
300651,2017-12-31,,0.632,,,,,2018-04-18
300651,2018-03-31,,0.0277,,,,,2018-04-26
300651,2018-06-30,,0.1779,,,,,2018-08-27
300651,2018-09-30,,0.3567,,,,,2018-10-29
300653,2015-06-30,,0.3,,,,,2015-12-18
300653,2015-12-31,,0.78,,,,,2017-03-28
300653,2016-03-31,,0.13,,,,,2017-05-15
300653,2016-06-30,,0.32,,,,,2017-08-02
300653,2016-09-30,,0.5,,,,,2017-10-30
300653,2016-12-31,,0.76,,,,,2017-03-28
300653,2017-03-31,,0.13,,,,,2017-05-15
300653,2017-06-30,13.7209275,0.33,41.57856818181818,0.7242620590352772,0.2757379409647228,,2017-08-02
300653,2017-09-30,,0.56,,,,,2017-10-30
300653,2017-12-31,,0.86,,,,,2018-03-30
300653,2018-03-31,,0.27,,,,,2018-04-26
300653,2018-06-30,,0.5,,,,,2018-08-10
300653,2018-09-30,,0.81,,,,,2018-10-20
300654,2015-06-30,,0.11,,,,,2016-08-29
300654,2015-12-31,,0.48,,,,,2016-04-27
300654,2016-06-30,,0.08,,,,,2016-08-29
300654,2016-09-30,,0.26,,,,,2017-10-27
300654,2016-12-31,,0.45,,,,,2017-03-27
300654,2017-03-31,,0.02,,,,,2018-04-21
300654,2017-06-30,,0.07,,,,,2017-09-05
300654,2017-09-30,,0.13,,,,,2017-10-27
300654,2017-12-31,,0.28,,,,,2018-04-21
300654,2018-03-31,,0.02,,,,,2018-04-21
300654,2018-06-30,,0.05,,,,,2018-07-28
300654,2018-09-30,,0.16,,,,,2018-10-29
300655,2015-06-30,,0.2364,,,,,2016-01-08
300655,2015-12-31,,0.4293,,,,,2017-04-05
300655,2016-06-30,,0.2085,,,,,2017-08-28
300655,2016-09-30,,0.3385,,,,,2017-10-26
300655,2016-12-31,,0.5121,,,,,2017-04-05
300655,2017-03-31,,0.098,,,,,2018-04-23
300655,2017-06-30,3.10026665,0.121,25.622038429752067,0.8797696184305256,0.12023038156947441,,2017-08-28
300655,2017-09-30,,0.1544,,,,,2017-10-26
300655,2017-12-31,,0.2704,,,,,2018-03-27
300655,2018-03-31,,0.0622,,,,,2018-04-23
300655,2018-06-30,,0.1592,,,,,2018-08-17
300655,2018-09-30,,0.262,,,,,2018-10-23
300659,2015-12-31,,0.62,,,,,2017-04-10
300659,2016-03-31,,,,,,,2017-05-08
300659,2016-06-30,,0.07,,,,,2017-08-28
300659,2016-09-30,,0.2,,,,,2017-10-30
300659,2016-12-31,,0.75,,,,,2017-04-10
300659,2017-03-31,,-0.02,,,,,2017-05-08
300659,2017-06-30,13.37088114,0.06,222.848019,0.1421886249100072,0.8578113750899928,,2017-08-28
300659,2017-09-30,,0.08,,,,,2017-10-30
300659,2017-12-31,,0.42,,,,,2018-03-22
300659,2018-03-31,,-0.07,,,,,2018-04-27
300659,2018-06-30,,-0.04,,,,,2018-08-29
300659,2018-09-30,,-0.03,,,,,2018-10-29
300661,2015-12-31,,1.5635,,,,,2017-04-18
300661,2016-06-30,,0.6733,,,,,2017-08-22
300661,2016-09-30,,1.1636,,,,,2017-10-26
300661,2016-12-31,,1.7932,,,,,2017-04-18
300661,2017-03-31,,0.3195,,,,,2018-04-26
300661,2017-06-30,6.84910962,0.5419,12.63906554714892,0.9722822174226062,0.027717782577393768,,2017-08-22
300661,2017-09-30,,1.1465,,,,,2017-10-26
300661,2017-12-31,,1.7393,,,,,2018-04-23
300661,2018-03-31,,0.2873,,,,,2018-04-26
300661,2018-06-30,,0.5177,,,,,2018-08-22
300661,2018-09-30,,0.9121,,,,,2018-10-27
300662,2015-06-30,,0.24,,,,,2015-11-13
300662,2015-12-31,,0.49,,,,,2017-04-18
300662,2016-03-31,,0.05,,,,,2017-05-17
300662,2016-06-30,,0.2,,,,,2017-08-26
300662,2016-09-30,,0.35,,,,,2017-10-27
300662,2016-12-31,,0.46,,,,,2017-04-18
300662,2017-03-31,,0.09,,,,,2017-05-17
300662,2017-06-30,24.196025,0.24,100.81677083333334,0.33729301655867533,0.6627069834413246,,2017-08-26
300662,2017-09-30,,0.38,,,,,2017-10-27
300662,2017-12-31,,0.47,,,,,2018-04-12
300662,2018-03-31,,0.0842,,,,,2018-04-26
300662,2018-06-30,,0.2657,,,,,2018-08-28
300662,2018-09-30,,0.5115,,,,,2018-10-30
300666,2015-06-30,,0.08,,,,,2016-01-08
300666,2015-12-31,,0.15,,,,,2017-04-18
300666,2016-03-31,,0.04,,,,,2017-05-23
300666,2016-06-30,,0.09,,,,,2017-08-21
300666,2016-09-30,,0.22,,,,,2017-10-28
300666,2016-12-31,,0.33,,,,,2017-04-18
300666,2017-03-31,,0.06,,,,,2017-05-23
300666,2017-06-30,18.6862465,0.11,169.87496818181816,0.1879049676025918,0.8120950323974082,,2017-08-21
300666,2017-09-30,,0.21,,,,,2017-10-28
300666,2017-12-31,,0.33,,,,,2018-04-23
300666,2018-03-31,,0.06,,,,,2018-04-23
300666,2018-06-30,,0.11,,,,,2018-08-30
300666,2018-09-30,,0.21,,,,,2018-10-27
300672,2015-12-31,,0.55,,,,,2016-05-06
300672,2016-03-31,,-0.49,,,,,2017-06-20
300672,2016-06-30,,-0.43,,,,,2017-08-25
300672,2016-09-30,,-0.78,,,,,2017-10-28
300672,2016-12-31,,0.61,,,,,2017-05-03
300672,2017-03-31,,-0.32,,,,,2017-06-20
300672,2017-06-30,,-0.31,,,,,2017-08-25
300672,2017-09-30,,0.05,,,,,2017-10-28
300672,2017-12-31,,0.55,,,,,2018-04-24
300672,2018-03-31,,-0.34,,,,,2018-04-27
300672,2018-06-30,,-0.32,,,,,2018-08-30
300672,2018-09-30,,-0.43,,,,,2018-10-30
300673,2015-06-30,,0.33,,,,,2015-08-19
300673,2015-12-31,,1.0,,,,,2016-04-18
300673,2016-03-31,,0.21,,,,,2017-06-28
300673,2016-06-30,,0.51,,,,,2016-08-31
300673,2016-09-30,,0.86,,,,,2017-10-25
300673,2016-12-31,,1.34,,,,,2017-03-20
300673,2017-03-31,,0.23,,,,,2017-06-28
300673,2017-06-30,,0.42,,,,,2017-08-29
300673,2017-09-30,,0.95,,,,,2017-10-25
300673,2017-12-31,,0.99,,,,,2018-04-11
300673,2018-03-31,,0.37,,,,,2018-04-17
300673,2018-06-30,,0.568,,,,,2018-08-23
300673,2018-09-30,,0.85,,,,,2018-10-30
300674,2015-12-31,,0.21,,,,,2016-12-02
300674,2016-06-30,,0.05,,,,,2016-12-02
300674,2016-12-31,,0.49,,,,,2017-12-20
300674,2017-06-30,,-0.04,,,,,2017-12-20
300674,2017-09-30,,0.2,,,,,2018-11-06
300674,2017-12-31,,0.52,,,,,2018-10-16
300674,2018-03-31,,-0.04,,,,,2019-04-25
300674,2018-06-30,,0.19,,,,,2018-10-16
300674,2018-09-30,,0.23,,,,,2018-11-06
300675,2015-12-31,,0.2121,,,,,2017-02-20
300675,2016-03-31,,-0.1762,,,,,2017-06-26
300675,2016-06-30,,-0.0228,,,,,2017-07-18
300675,2016-09-30,,-0.1995,,,,,2017-10-27
300675,2016-12-31,,0.2867,,,,,2017-02-20
300675,2017-03-31,,-0.0637,,,,,2017-06-26
300675,2017-06-30,,0.03,,,,,2017-07-18
300675,2017-09-30,,0.0222,,,,,2017-10-27
300675,2017-12-31,,0.2713,,,,,2018-04-23
300675,2018-03-31,,-0.1826,,,,,2018-04-23
300675,2018-06-30,,0.0246,,,,,2018-08-30
300675,2018-09-30,,0.025,,,,,2018-10-30
300676,2015-06-30,,0.24,,,,,2015-12-18
300676,2015-12-31,,0.77,,,,,2017-03-14
300676,2016-03-31,,0.21,,,,,2017-06-27
300676,2016-06-30,,0.41,,,,,2017-08-30
300676,2016-09-30,,0.71,,,,,2017-10-27
300676,2016-12-31,,0.92,,,,,2017-03-14
300676,2017-03-31,,0.26,,,,,2017-06-27
300676,2017-06-30,,0.53,,,,,2017-08-30
300676,2017-09-30,,0.85,,,,,2017-10-27
300676,2017-12-31,,1.05,,,,,2018-04-20
300676,2018-03-31,,0.25,,,,,2018-04-26
300676,2018-06-30,,0.52,,,,,2018-08-28
300676,2018-09-30,,0.8,,,,,2018-10-27
300678,2015-12-31,,0.541,,,,,2016-12-21
300678,2016-03-31,,-0.0326,,,,,2017-07-04
300678,2016-06-30,,0.1486,,,,,2016-12-21
300678,2016-09-30,,0.1516,,,,,2017-10-27
300678,2016-12-31,,0.5168,,,,,2017-07-04
300678,2017-03-31,,-0.0147,,,,,2017-07-04
300678,2017-06-30,,0.1633,,,,,2017-08-18
300678,2017-09-30,,0.1515,,,,,2017-10-27
300678,2017-12-31,,0.2767,,,,,2018-04-25
300678,2018-03-31,,0.0056,,,,,2018-04-26
300678,2018-06-30,,0.0698,,,,,2018-08-17
300678,2018-09-30,,0.0736,,,,,2018-10-26
300681,2015-12-31,,1.69,,,,,2016-04-08
300681,2016-03-31,,0.27,,,,,2017-07-12
300681,2016-06-30,,0.43,,,,,2017-08-29
300681,2016-09-30,,0.6098,,,,,2017-10-25
300681,2016-12-31,,1.15,,,,,2017-04-18
300681,2017-03-31,,0.3948,,,,,2017-07-12
300681,2017-06-30,,0.6803,,,,,2017-08-29
300681,2017-09-30,,0.8774,,,,,2017-10-25
300681,2017-12-31,,1.31,,,,,2018-03-13
300681,2018-03-31,,0.3147,,,,,2018-04-25
300681,2018-06-30,,0.5346,,,,,2018-08-14
300681,2018-09-30,,0.7176,,,,,2018-10-27
300682,2015-12-31,,0.2,,,,,2017-05-15
300682,2016-03-31,,-0.0891,,,,,2017-07-12
300682,2016-06-30,,-0.1517,,,,,2017-08-30
300682,2016-09-30,,-0.1944,,,,,2017-10-30
300682,2016-12-31,,0.34,,,,,2017-05-15
300682,2017-03-31,,0.0,,,,,2017-07-12
300682,2017-06-30,,0.0025,,,,,2017-08-30
300682,2017-09-30,,-0.0483,,,,,2017-10-30
300682,2017-12-31,,0.371,,,,,2018-03-30
300682,2018-03-31,,-0.0602,,,,,2018-04-27
300682,2018-06-30,,-0.1235,,,,,2018-08-29
300682,2018-09-30,,-0.1581,,,,,2018-10-27
300684,2015-12-31,,0.5172,,,,,2017-10-31
300684,2016-12-31,,0.5659,,,,,2017-10-31
300684,2017-03-31,,-0.087,,,,,2018-04-26
300684,2017-06-30,,-0.0065,,,,,2018-08-10
300684,2017-09-30,,0.2534,,,,,2017-10-31
300684,2017-12-31,,0.7013,,,,,2018-03-30
300684,2018-03-31,,0.0844,,,,,2018-04-26
300684,2018-06-30,,0.1727,,,,,2018-08-10
300684,2018-09-30,,0.4311,,,,,2018-10-29
300685,2015-06-30,,0.2,,,,,2015-12-04
300685,2015-12-31,,0.35,,,,,2017-03-14
300685,2016-06-30,,0.56,,,,,2017-08-29
300685,2016-09-30,,0.8749,,,,,2017-10-17
300685,2016-12-31,,1.12,,,,,2017-03-14
300685,2017-03-31,,0.27,,,,,2018-04-24
300685,2017-06-30,,0.73,,,,,2017-08-29
300685,2017-09-30,,0.4713,,,,,2017-10-17
300685,2017-12-31,,0.76,,,,,2018-04-03
300685,2018-03-31,,0.17,,,,,2018-04-24
300685,2018-06-30,,0.48,,,,,2018-07-28
300685,2018-09-30,,0.6658,,,,,2018-10-30
300686,2015-12-31,,,,,,,2017-05-08
300686,2016-03-31,,0.14,,,,,2017-07-17
300686,2016-06-30,,0.255,,,,,2017-08-25
300686,2016-09-30,,0.3823,,,,,2017-10-30
300686,2016-12-31,,0.63,,,,,2017-05-08
300686,2017-03-31,,0.12,,,,,2017-07-17
300686,2017-06-30,,0.2217,,,,,2017-08-25
300686,2017-09-30,,0.1336,,,,,2017-10-30
300686,2017-12-31,,0.2517,,,,,2018-04-25
300686,2018-03-31,,0.0155,,,,,2018-04-25
300686,2018-06-30,,0.0293,,,,,2018-08-29
300686,2018-09-30,,0.0458,,,,,2018-10-30
300687,2015-12-31,,0.72,,,,,2016-06-03
300687,2016-03-31,,,,,,,2017-07-21
300687,2016-06-30,,0.4858,,,,,2017-08-29
300687,2016-09-30,,0.94,,,,,2017-10-28
300687,2016-12-31,,1.37,,,,,2017-06-09
300687,2017-03-31,,0.2528,,,,,2017-07-21
300687,2017-06-30,,0.261,,,,,2017-08-29
300687,2017-09-30,,0.4602,,,,,2017-10-28
300687,2017-12-31,,0.84,,,,,2018-04-25
300687,2018-03-31,,0.0625,,,,,2018-04-25
300687,2018-06-30,,0.1167,,,,,2018-08-30
300687,2018-09-30,,0.3146,,,,,2018-10-27
300696,2015-12-31,,1.02,,,,,2016-06-24
300696,2016-06-30,,0.22,,,,,2017-08-09
300696,2016-09-30,,0.27,,,,,2017-10-26
300696,2016-12-31,,1.32,,,,,2017-06-09
300696,2017-03-31,,0.16,,,,,2017-08-09
300696,2017-06-30,,0.31,,,,,2017-08-09
300696,2017-09-30,,0.33,,,,,2017-10-26
300696,2017-12-31,,0.63,,,,,2018-04-24
300696,2018-03-31,,0.08,,,,,2018-04-27
300696,2018-06-30,,0.33,,,,,2018-08-30
300696,2018-09-30,,0.4,,,,,2018-10-29
300698,2015-06-30,,0.15,,,,,2016-08-23
300698,2015-12-31,,0.34,,,,,2016-04-07
300698,2016-06-30,,0.28,,,,,2016-08-23
300698,2016-09-30,,0.3156,,,,,2017-10-27
300698,2016-12-31,,0.37,,,,,2017-08-14
300698,2017-03-31,,0.04,,,,,2018-04-27
300698,2017-06-30,,0.25,,,,,2017-08-14
300698,2017-09-30,,0.2893,,,,,2017-10-27
300698,2017-12-31,,0.24,,,,,2018-04-24
300698,2018-03-31,,-0.01,,,,,2018-04-27
300698,2018-06-30,,0.04,,,,,2018-08-23
300698,2018-09-30,,0.0463,,,,,2018-10-29
300702,2015-12-31,,0.56,,,,,2016-08-26
300702,2016-03-31,,0.5,,,,,2016-08-26
300702,2016-09-30,,1.12,,,,,2017-10-28
300702,2016-12-31,,1.36,,,,,2017-07-17
300702,2017-03-31,,0.35,,,,,2018-04-26
300702,2017-06-30,,0.56,,,,,2017-08-30
300702,2017-09-30,,0.79,,,,,2017-10-28
300702,2017-12-31,,0.69,,,,,2018-04-24
300702,2018-03-31,,0.11,,,,,2018-04-26
300702,2018-06-30,,0.22,,,,,2018-08-30
300702,2018-09-30,,0.44,,,,,2018-10-30
300705,2015-06-30,,0.29,,,,,2015-08-18
300705,2015-12-31,,0.55,,,,,2016-03-29
300705,2016-03-31,,0.08,,,,,2016-10-14
300705,2016-06-30,,0.2,,,,,2016-08-16
300705,2016-09-30,,0.33,,,,,2017-10-30
300705,2016-12-31,,0.63,,,,,2017-04-11
300705,2017-03-31,,0.12,,,,,2018-04-25
300705,2017-06-30,,0.14,,,,,2017-08-14
300705,2017-09-30,,0.27,,,,,2017-10-30
300705,2017-12-31,,0.36,,,,,2018-03-29
300705,2018-03-31,,0.06,,,,,2018-04-25
300705,2018-06-30,,0.12,,,,,2018-08-17
300705,2018-09-30,,0.19,,,,,2018-10-29
300706,2015-12-31,,0.51,,,,,2016-03-25
300706,2016-09-30,,0.44,,,,,2017-10-26
300706,2016-12-31,,0.61,,,,,2017-08-07
300706,2017-03-31,,0.18,,,,,2018-04-24
300706,2017-06-30,,0.21,,,,,2017-08-07
300706,2017-09-30,,0.33,,,,,2017-10-26
300706,2017-12-31,,0.36,,,,,2018-04-24
300706,2018-03-31,,0.1,,,,,2018-04-24
300706,2018-06-30,,0.14,,,,,2018-08-29
300706,2018-09-30,,0.19,,,,,2018-10-30
300709,2015-12-31,,1.81,,,,,2016-07-01
300709,2016-09-30,,2.1,,,,,2017-10-30
300709,2016-12-31,,2.45,,,,,2017-08-25
300709,2017-03-31,,0.74,,,,,2018-04-24
300709,2017-06-30,,1.16,,,,,2017-08-25
300709,2017-09-30,,1.78,,,,,2017-10-30
300709,2017-12-31,,2.23,,,,,2018-04-24
300709,2018-03-31,,0.03,,,,,2018-04-24
300709,2018-06-30,,-0.12,,,,,2018-08-25
300709,2018-09-30,,0.21,,,,,2018-10-26
300710,2015-06-30,,0.24,,,,,2016-08-30
300710,2015-12-31,,0.7852,,,,,2016-04-21
300710,2016-06-30,,0.4761,,,,,2016-08-30
300710,2016-09-30,,0.76,,,,,2017-10-30
300710,2016-12-31,,0.8804,,,,,2017-09-04
300710,2017-03-31,,0.1083,,,,,2018-04-26
300710,2017-06-30,,0.52,,,,,2017-09-04
300710,2017-09-30,,0.83,,,,,2017-10-30
300710,2017-12-31,,0.8658,,,,,2018-04-24
300710,2018-03-31,,0.0179,,,,,2018-04-26
300710,2018-06-30,,0.2464,,,,,2018-08-27
300710,2018-09-30,,0.1974,,,,,2018-10-27
300711,2015-12-31,,0.47,,,,,2016-12-23
300711,2016-06-30,,0.31,,,,,2016-12-23
300711,2016-09-30,,0.27,,,,,2017-10-31
300711,2016-12-31,,0.5,,,,,2017-08-02
300711,2017-03-31,,-0.02,,,,,2018-04-26
300711,2017-06-30,,0.27,,,,,2017-09-04
300711,2017-09-30,,0.33,,,,,2017-10-31
300711,2017-12-31,,0.48,,,,,2018-04-24
300711,2018-03-31,,-0.04,,,,,2018-04-26
300711,2018-06-30,,0.13,,,,,2018-08-28
300711,2018-09-30,,0.108,,,,,2018-10-25
300713,2015-12-31,,1.43,,,,,2016-06-24
300713,2016-09-30,,,,,,,2017-10-31
300713,2016-12-31,,2.3,,,,,2017-06-02
300713,2017-03-31,,0.32,,,,,2018-04-24
300713,2017-06-30,,0.49,,,,,2017-10-11
300713,2017-09-30,,0.91,,,,,2017-10-31
300713,2017-12-31,,0.97,,,,,2018-04-16
300713,2018-03-31,,0.1513,,,,,2018-04-24
300713,2018-06-30,,0.2276,,,,,2018-08-10
300713,2018-09-30,,0.2949,,,,,2018-10-26
300715,2015-06-30,,0.27,,,,,2015-08-28
300715,2015-12-31,,0.55,,,,,2016-02-26
300715,2016-06-30,,0.31,,,,,2016-08-02
300715,2016-09-30,,0.48,,,,,2017-10-25
300715,2016-12-31,,0.745,,,,,2017-01-23
300715,2017-03-31,,0.151,,,,,2018-04-23
300715,2017-06-30,,0.35,,,,,2017-10-10
300715,2017-09-30,,0.53,,,,,2017-10-25
300715,2017-12-31,,0.43,,,,,2018-03-13
300715,2018-03-31,,0.14,,,,,2018-04-23
300715,2018-06-30,,0.19,,,,,2018-08-28
300715,2018-09-30,,0.31,,,,,2018-10-26
300720,2015-12-31,,0.59,,,,,2016-06-24
300720,2016-09-30,,0.35,,,,,2017-11-03
300720,2016-12-31,,0.7,,,,,2017-06-23
300720,2017-03-31,,0.09,,,,,2018-04-24
300720,2017-06-30,,0.26,,,,,2017-10-24
300720,2017-09-30,,0.4366,,,,,2017-11-03
300720,2017-12-31,,0.69,,,,,2018-04-24
300720,2018-03-31,,0.08,,,,,2018-04-24
300720,2018-06-30,,0.15,,,,,2018-08-28
300720,2018-09-30,,0.27,,,,,2018-10-30
300722,2015-12-31,,0.64,,,,,2017-02-03
300722,2016-09-30,,0.41,,,,,2017-02-03
300722,2016-12-31,,0.57,,,,,2017-09-11
300722,2017-03-31,,0.07,,,,,2018-04-25
300722,2017-06-30,,0.25,,,,,2017-09-11
300722,2017-09-30,,0.46,,,,,2017-11-09
300722,2017-12-31,,0.73,,,,,2018-03-30
300722,2018-03-31,,0.07,,,,,2018-04-25
300722,2018-06-30,,0.21,,,,,2018-08-28
300722,2018-09-30,,0.32,,,,,2018-10-29
300724,2015-06-30,,0.08,,,,,2016-08-30
300724,2015-12-31,,0.17,,,,,2016-04-29
300724,2016-06-30,,0.19,,,,,2016-08-30
300724,2016-12-31,,0.49,,,,,2017-03-30
300724,2017-03-31,,0.29,,,,,2018-07-23
300724,2017-06-30,,0.63,,,,,2017-08-30
300724,2017-09-30,,0.88,,,,,2018-10-29
300724,2017-12-31,,1.06,,,,,2018-01-18
300724,2018-03-31,,0.31,,,,,2018-07-23
300724,2018-06-30,,0.77,,,,,2018-08-28
300724,2018-09-30,,1.05,,,,,2018-10-29
300725,2015-06-30,,0.31,,,,,2016-08-17
300725,2015-12-31,,0.46,,,,,2016-06-07
300725,2016-06-30,,0.48,,,,,2016-08-17
300725,2016-09-30,,0.53,,,,,2016-12-15
300725,2016-12-31,,0.69,,,,,2017-03-27
300725,2017-03-31,,0.23,,,,,2018-04-26
300725,2017-06-30,,0.3848,,,,,2017-09-18
300725,2017-09-30,,0.638,,,,,2017-11-09
300725,2017-12-31,,0.79,,,,,2018-04-13
300725,2018-03-31,,0.18,,,,,2018-04-26
300725,2018-06-30,,0.37,,,,,2018-08-28
300725,2018-09-30,,0.6575,,,,,2018-10-26
300726,2015-12-31,,0.23,,,,,2016-10-14
300726,2016-03-31,,0.16,,,,,2016-10-14
300726,2016-09-30,,0.3841,,,,,2017-11-20
300726,2016-12-31,,0.5463,,,,,2017-09-11
300726,2017-03-31,,0.099,,,,,2018-04-20
300726,2017-06-30,,0.2654,,,,,2017-09-11
300726,2017-09-30,,0.4071,,,,,2017-11-20
300726,2017-12-31,,0.55,,,,,2018-04-20
300726,2018-03-31,,0.1059,,,,,2018-04-20
300726,2018-06-30,,0.3234,,,,,2018-08-30
300726,2018-09-30,,0.4446,,,,,2018-10-30
300729,2015-12-31,,0.85,,,,,2016-12-02
300729,2016-06-30,,0.49,,,,,2016-12-02
300729,2016-09-30,,0.66,,,,,2017-11-13
300729,2016-12-31,,0.95,,,,,2017-10-16
300729,2017-03-31,,0.24,,,,,2018-04-26
300729,2017-06-30,,0.49,,,,,2017-10-16
300729,2017-09-30,,0.68,,,,,2017-11-13
300729,2017-12-31,,0.95,,,,,2018-04-21
300729,2018-03-31,,0.16,,,,,2018-04-26
300729,2018-06-30,,0.35,,,,,2018-08-28
300729,2018-09-30,,0.5,,,,,2018-10-29
300735,2015-12-31,,0.4,,,,,2017-01-20
300735,2016-06-30,,0.24,,,,,2017-01-20
300735,2016-12-31,,0.61,,,,,2018-04-16
300735,2017-03-31,,0.1134,,,,,2018-04-26
300735,2017-06-30,,0.31,,,,,2017-12-18
300735,2017-09-30,,0.397,,,,,2017-12-11
300735,2017-12-31,,0.65,,,,,2018-04-16
300735,2018-03-31,,0.0608,,,,,2018-04-26
300735,2018-06-30,,0.25,,,,,2018-08-28
300735,2018-09-30,,0.4998,,,,,2018-10-29
300736,2015-06-30,,0.4,,,,,2015-08-25
300736,2015-12-31,,0.99,,,,,2016-03-31
300736,2016-06-30,,0.56,,,,,2016-08-23
300736,2016-09-30,,0.74,,,,,2017-12-26
300736,2016-12-31,,1.16,,,,,2017-03-17
300736,2017-03-31,,0.27,,,,,2018-04-26
300736,2017-06-30,,0.34,,,,,2017-08-25
300736,2017-09-30,,0.53,,,,,2017-12-26
300736,2017-12-31,,0.65,,,,,2018-04-13
300736,2018-03-31,,0.13,,,,,2018-04-26
300736,2018-06-30,,0.24,,,,,2018-08-28
300736,2018-09-30,,0.27,,,,,2018-10-30
300740,2015-12-31,,,,,,,2017-04-21
300740,2016-12-31,,0.62,,,,,2017-04-21
300740,2017-03-31,,0.204,,,,,2018-04-25
300740,2017-06-30,,0.46,,,,,2017-11-07
300740,2017-09-30,,0.48,,,,,2018-10-30
300740,2017-12-31,,0.78,,,,,2018-01-22
300740,2018-03-31,,0.1294,,,,,2018-04-25
300740,2018-06-30,,0.1739,,,,,2018-08-30
300740,2018-09-30,,0.2859,,,,,2018-10-30
300746,2015-12-31,,0.31,,,,,2017-12-27
300746,2016-12-31,,0.3,,,,,2017-12-27
300746,2017-03-31,,0.05,,,,,2018-05-08
300746,2017-06-30,,0.14,,,,,2017-12-27
300746,2017-09-30,,0.23,,,,,2018-10-25
300746,2017-12-31,,0.38,,,,,2018-05-08
300746,2018-03-31,,0.07,,,,,2018-05-08
300746,2018-06-30,,0.19,,,,,2018-08-28
300746,2018-09-30,,0.24,,,,,2018-10-25
300747,2015-12-31,,0.26,,,,,2017-06-16
300747,2016-12-31,,0.93,,,,,2017-06-16
300747,2017-03-31,,,,,,,2018-06-05
300747,2017-06-30,,1.47,,,,,2018-08-21
300747,2017-09-30,,2.25,,,,,2018-10-26
300747,2017-12-31,,2.89,,,,,2018-03-30
300747,2018-03-31,,1.17,,,,,2019-04-18
300747,2018-06-30,,1.6131,,,,,2018-08-21
300747,2018-09-30,,2.2769,,,,,2018-10-26
300752,2015-12-31,,0.39,,,,,2017-06-02
300752,2016-12-31,,1.17,,,,,2017-06-02
300752,2017-06-30,,0.71,,,,,2017-12-06
300752,2017-12-31,,1.82,,,,,2018-11-19
300752,2018-03-31,,0.63,,,,,2019-04-27
300752,2018-06-30,,1.48,,,,,2018-11-19
300752,2018-09-30,,2.53,,,,,2018-11-19
300755,2015-12-31,,0.15,,,,,2017-05-12
300755,2016-12-31,,0.68,,,,,2017-05-12
300755,2017-06-30,,0.8,,,,,2017-10-25
300755,2017-09-30,,,,,,,2018-12-17
300755,2017-12-31,,1.17,,,,,2018-12-17
300755,2018-03-31,,0.35,,,,,2019-04-29
300755,2018-06-30,,0.8,,,,,2018-12-17
300755,2018-09-30,,1.14,,,,,2019-10-22
300759,2015-12-31,,,,,,,2017-06-30
300759,2016-12-31,,0.35,,,,,2017-06-30
300759,2017-09-30,,0.26,,,,,2019-01-07
300759,2017-12-31,,0.39,,,,,2018-04-13
300759,2018-03-31,,0.0691,,,,,2019-04-29
300759,2018-06-30,,0.1972,,,,,2019-01-07
300759,2018-09-30,,0.3801,,,,,2019-01-07
300760,2015-12-31,,0.98,,,,,2017-05-26
300760,2016-12-31,,1.61,,,,,2017-05-26
300760,2017-06-30,,,,,,,2018-09-14
300760,2017-09-30,,1.82,,,,,2018-10-30
300760,2017-12-31,,2.37,,,,,2018-03-30
300760,2018-03-31,,0.74,,,,,2018-09-14
300760,2018-06-30,,1.71,,,,,2019-08-29
300760,2018-09-30,,2.65,,,,,2018-10-30
300761,2015-09-30,,,,,,,2016-03-25
300761,2015-12-31,,,,,,,2017-11-14
300761,2016-12-31,,,,,,,2017-11-14
300761,2017-09-30,,0.5981,,,,,2017-11-14
300761,2017-12-31,,2.1802,,,,,2019-01-22
300761,2018-03-31,,1.0761,,,,,2019-04-26
300761,2018-06-30,,1.48,,,,,2019-01-22
300761,2018-09-30,,2.693,,,,,2019-01-22
300763,2015-06-30,,0.63,,,,,2016-08-16
300763,2015-12-31,,2.0,,,,,2016-03-25
300763,2016-06-30,,0.92,,,,,2016-08-16
300763,2016-12-31,,0.5,,,,,2017-03-10
300763,2017-06-30,,0.59,,,,,2017-11-03
300763,2017-12-31,,1.96,,,,,2018-05-11
300763,2018-03-31,,0.1,,,,,2019-04-25
300763,2018-06-30,,0.71,,,,,2019-08-28
300763,2018-09-30,,1.35,,,,,2019-10-25
300766,2015-12-31,,,,,,,2017-09-22
300766,2016-12-31,,0.1,,,,,2017-09-22
300766,2017-06-30,,0.09,,,,,2017-09-22
300766,2017-12-31,,0.41,,,,,2018-05-02
300766,2018-03-31,,0.19,,,,,2019-04-26
300766,2018-06-30,,0.35,,,,,2019-08-28
300766,2018-09-30,,0.53,,,,,2019-10-28
300769,2015-12-31,,2.21,,,,,2016-09-02
300769,2016-03-31,,0.72,,,,,2016-09-02
300769,2016-12-31,,2.36,,,,,2017-12-20
300769,2017-09-30,,1.85,,,,,2017-12-20
300769,2017-12-31,,2.89,,,,,2019-04-01
300769,2018-03-31,,0.4494,,,,,2019-04-25
300769,2018-06-30,,0.99,,,,,2019-08-22
300769,2018-09-30,,1.93,,,,,2019-10-30
300772,2015-12-31,,0.61,,,,,2017-10-20
300772,2016-12-31,,0.47,,,,,2017-10-20
300772,2017-06-30,,0.09,,,,,2017-10-20
300772,2017-12-31,,0.43,,,,,2018-05-08
300772,2018-03-31,,-0.22,,,,,2019-04-25
300772,2018-06-30,,0.04,,,,,2019-08-30
300772,2018-09-30,,-0.28,,,,,2019-10-28
300777,2015-12-31,,0.17,,,,,2016-11-04
300777,2016-12-31,,0.16,,,,,2017-08-28
300777,2017-06-30,,0.11,,,,,2017-08-28
300777,2017-12-31,,0.31,,,,,2019-04-22
300777,2018-03-31,,0.03,,,,,2019-04-22
300777,2018-06-30,,0.12,,,,,2019-08-26
300777,2018-09-30,,0.1261,,,,,2019-10-25
300779,2015-12-31,,0.07,,,,,2017-12-22
300779,2016-12-31,,0.43,,,,,2017-12-22
300779,2017-06-30,,0.41,,,,,2017-12-22
300779,2017-12-31,,0.67,,,,,2018-07-26
300779,2018-03-31,,0.21,,,,,2019-05-21
300779,2018-06-30,,0.38,,,,,2019-07-26
300779,2018-09-30,,0.54,,,,,2019-10-25
300783,2015-12-31,,0.03,,,,,2017-04-21
300783,2016-12-31,,0.67,,,,,2017-04-21
300783,2017-06-30,,0.67,,,,,2017-10-31
300783,2017-12-31,,0.84,,,,,2019-06-03
300783,2018-03-31,,0.6475,,,,,2019-06-03
300783,2018-06-30,,0.5785,,,,,2019-08-30
300783,2018-09-30,,0.7439,,,,,2019-10-30
300785,2015-12-31,,0.57,,,,,2017-04-21
300785,2016-12-31,,0.88,,,,,2017-04-21
300785,2017-12-31,,2.16,,,,,2018-04-12
300785,2018-03-31,,0.42,,,,,2019-07-01
300785,2018-06-30,,1.02,,,,,2019-08-30
300785,2018-09-30,,0.95,,,,,2019-10-26
300791,2015-09-30,,1.0,,,,,2016-03-11
300791,2015-12-31,,1.01,,,,,2017-07-14
300791,2016-12-31,,11.73,,,,,2017-07-14
300791,2017-12-31,,1.74,,,,,2018-04-27
300791,2018-06-30,,1.2,,,,,2018-11-14
300791,2018-09-30,,2.27,,,,,2019-10-29
300795,2015-06-30,,0.25,,,,,2016-08-26
300795,2015-12-31,,0.67,,,,,2016-03-07
300795,2016-06-30,,0.2,,,,,2016-08-26
300795,2016-12-31,,0.47,,,,,2017-03-31
300795,2017-03-31,,-0.34,,,,,2018-04-20
300795,2017-06-30,,0.13,,,,,2017-08-18
300795,2017-12-31,,0.7,,,,,2018-03-27
300795,2018-03-31,,-0.26,,,,,2018-04-20
300795,2018-06-30,,0.22,,,,,2018-08-28
300795,2018-09-30,,0.33,,,,,2019-10-30
300803,2015-06-30,,0.39,,,,,2016-08-25
300803,2015-12-31,,0.33,,,,,2016-03-31
300803,2016-06-30,,0.18,,,,,2016-08-25
300803,2016-12-31,,0.42,,,,,2017-02-16
300803,2017-06-30,,0.37,,,,,2017-08-25
300803,2017-12-31,,0.44,,,,,2018-02-12
300803,2018-06-30,,0.32,,,,,2018-08-07
300803,2018-09-30,,0.29,,,,,2019-11-15
300805,2015-12-31,,,,,,,2018-06-22
300805,2016-12-31,,0.31,,,,,2018-06-22
300805,2017-12-31,,0.42,,,,,2018-06-22
300805,2018-09-30,,0.35,,,,,2019-11-04
300810,2015-12-31,,0.53,,,,,2017-04-21
300810,2016-12-31,,-0.05,,,,,2017-04-21
300810,2017-06-30,,0.53,,,,,2017-10-13
300810,2017-12-31,,1.35,,,,,2018-10-19
300810,2018-06-30,,0.55,,,,,2018-10-19
300810,2018-09-30,,0.48,,,,,2019-11-19
300815,2015-06-30,,0.3,,,,,2016-08-18
300815,2015-12-31,,0.65,,,,,2017-03-28
300815,2016-06-30,,0.42,,,,,2016-08-18
300815,2016-12-31,,1.08,,,,,2017-03-28
300815,2017-12-31,,1.49,,,,,2018-09-28
300815,2018-06-30,,0.84,,,,,2018-09-28
300815,2018-09-30,,1.41,,,,,2020-01-06
300820,2015-12-31,,0.44,,,,,2018-11-16
300820,2016-12-31,,0.73,,,,,2018-11-16
300820,2017-12-31,,1.52,,,,,2018-11-16
300820,2018-06-30,,1.47,,,,,2018-11-16
300820,2018-09-30,,,,,,,2020-01-31
300827,2015-12-31,,0.67,,,,,2016-10-28
300827,2016-06-30,,0.37,,,,,2016-10-28
300827,2016-12-31,,0.73,,,,,2017-09-11
300827,2017-06-30,,0.52,,,,,2017-09-11
300827,2017-12-31,,1.09,,,,,2018-12-21
300827,2018-06-30,,0.47,,,,,2018-12-21
300832,2015-06-30,,0.3708,,,,,2016-08-16
300832,2015-12-31,,0.6833,,,,,2016-03-04
300832,2016-06-30,,0.5183,,,,,2016-08-16
300832,2016-12-31,,1.2195,,,,,2017-03-30
300832,2017-06-30,,0.6584,,,,,2017-10-31
300832,2017-12-31,,1.453,,,,,2020-04-20
300836,2015-06-30,,0.22,,,,,2016-08-25
300836,2015-12-31,,0.58,,,,,2017-04-27
300836,2016-06-30,,0.23,,,,,2016-08-25
300836,2016-12-31,,0.86,,,,,2017-04-27
300836,2017-06-30,,0.27,,,,,2017-08-08
300836,2017-12-31,,1.01,,,,,2018-12-28
300836,2018-06-30,,0.59,,,,,2018-12-28
300850,2016-12-31,,0.54,,,,,2019-04-26
300850,2017-12-31,,0.51,,,,,2019-04-26
300857,2016-12-31,,0.29,,,,,2019-05-24
300857,2017-12-31,,0.36,,,,,2019-05-24
300859,2015-06-30,,-0.12,,,,,2016-08-26
300859,2015-12-31,,0.3,,,,,2017-04-26
300859,2016-06-30,,-0.1,,,,,2016-08-26
300859,2016-12-31,,0.4,,,,,2017-04-26
300859,2017-06-30,,-0.11,,,,,2017-08-24
300859,2017-12-31,,0.39,,,,,2018-04-12
300859,2018-06-30,,-0.02,,,,,2018-08-29
300860,2015-06-30,,0.29,,,,,2016-07-29
300860,2015-12-31,,0.52,,,,,2016-04-13
300860,2016-06-30,,0.58,,,,,2016-07-29
300860,2016-12-31,,0.7,,,,,2018-06-22
300860,2017-12-31,,1.08,,,,,2018-06-22
300860,2018-06-30,,1.13,,,,,2019-01-11
300865,2016-12-31,,0.3229,,,,,2019-05-10
300865,2017-12-31,,0.6,,,,,2019-05-10
300866,2015-12-31,,27.55,,,,,2017-03-21
300866,2016-06-30,,4.07,,,,,2017-08-18
300866,2016-12-31,,0.77,,,,,2017-03-21
300866,2017-03-31,,0.21,,,,,2018-04-26
300866,2017-06-30,,7.81,,,,,2017-08-18
300866,2017-12-31,,0.91,,,,,2018-04-13
300866,2018-03-31,,0.22,,,,,2018-04-26
300870,2016-12-31,,,,,,,2019-06-06
300870,2017-12-31,,0.75,,,,,2019-06-06
300875,2015-06-30,,0.28,,,,,2016-08-15
300875,2015-12-31,,0.2,,,,,2017-04-21
300875,2016-06-30,,-0.7,,,,,2016-08-15
300875,2016-12-31,,0.06,,,,,2017-04-21
300875,2017-03-31,,-0.58,,,,,2018-04-26
300875,2017-06-30,,-0.48,,,,,2017-08-16
300875,2017-12-31,,0.47,,,,,2018-04-20
300875,2018-03-31,,-0.26,,,,,2018-04-26
300877,2015-06-30,,0.46,,,,,2016-08-09
300877,2015-12-31,,0.46,,,,,2016-04-05
300877,2016-06-30,,0.28,,,,,2016-08-09
300877,2016-12-31,,0.48,,,,,2017-06-08
300877,2017-12-31,,0.67,,,,,2018-03-16
300879,2016-12-31,,0.32,,,,,2019-06-21
300879,2017-12-31,,0.45,,,,,2019-06-21
300887,2016-12-31,,1.76,,,,,2019-12-12
300887,2017-12-31,,1.77,,,,,2019-12-12
300893,2016-12-31,,1.33,,,,,2019-06-21
300893,2017-12-31,,0.67,,,,,2019-06-21
300900,2015-12-31,,0.16,,,,,2016-10-10
300900,2016-06-30,,0.06,,,,,2016-10-10
300900,2016-12-31,,0.07,,,,,2019-06-21
300900,2017-12-31,,0.14,,,,,2019-06-21
300910,2016-12-31,,0.42,,,,,2019-05-10
300910,2017-12-31,,0.51,,,,,2019-05-10
300926,2015-12-31,,0.42,,,,,2016-04-26
300926,2016-12-31,,0.61,,,,,2019-06-28
300926,2017-12-31,,0.58,,,,,2019-06-28
300940,2016-12-31,,,,,,,2019-11-08
300940,2017-12-31,,,,,,,2019-11-08
300956,2017-12-31,,0.59,,,,,2020-04-24
300961,2016-12-31,,0.2,,,,,2020-01-03
300961,2017-12-31,,0.43,,,,,2020-01-03
300965,2016-12-31,,,,,,,2020-01-03
300965,2017-12-31,,,,,,,2020-01-03
300972,2015-06-30,,0.18,,,,,2016-08-22
300972,2015-09-30,,0.28,,,,,2016-10-20
300972,2015-12-31,,0.3,,,,,2017-04-27
300972,2016-06-30,,0.06,,,,,2016-08-22
300972,2016-09-30,,0.24,,,,,2016-10-20
300972,2016-12-31,,0.34,,,,,2018-04-24
300972,2017-06-30,,0.12,,,,,2017-08-29
300972,2017-12-31,,0.14,,,,,2018-04-24
300972,2018-06-30,,-0.05,,,,,2018-08-23
300979,2017-12-31,,28.67,,,,,2020-07-06
300980,2015-06-30,,0.44,,,,,2016-08-08
300980,2015-12-31,,0.63,,,,,2017-02-28
300980,2016-06-30,,0.41,,,,,2016-08-08
300980,2016-12-31,,0.5,,,,,2017-02-28
300980,2017-06-30,,0.18,,,,,2017-08-30
300980,2017-12-31,,0.51,,,,,2018-04-26
300980,2018-06-30,,0.29,,,,,2018-08-29
300985,2017-12-31,,,,,,,2020-07-03
300989,2015-12-31,,1.77,,,,,2017-04-19
300989,2016-06-30,,1.1,,,,,2017-08-23
300989,2016-12-31,,1.05,,,,,2017-04-19
300989,2017-06-30,,0.43,,,,,2017-08-23
300989,2017-12-31,,1.19,,,,,2018-04-19
300989,2018-06-30,,0.56,,,,,2018-08-23
300991,2015-06-30,,0.36,,,,,2016-08-04
300991,2015-12-31,,0.52,,,,,2017-04-25
300991,2016-06-30,,0.41,,,,,2016-08-04
300991,2016-12-31,,0.42,,,,,2017-04-25
300991,2017-06-30,,0.39,,,,,2017-08-21
300991,2017-12-31,,0.52,,,,,2018-04-17
300995,2017-12-31,,0.95,,,,,2020-07-03
300996,2015-12-31,,0.6,,,,,2017-03-02
300996,2016-12-31,,0.63,,,,,2017-03-02
300996,2017-12-31,,0.64,,,,,2020-07-06
301001,2015-12-31,,1.31,,,,,2017-06-06
301001,2016-06-30,,0.86,,,,,2016-10-31
301001,2016-12-31,,2.22,,,,,2017-06-06
301001,2017-06-30,,0.48,,,,,2017-08-21
301001,2017-12-31,,1.04,,,,,2018-04-24
301001,2018-06-30,,0.51,,,,,2018-08-20
301004,2017-12-31,,0.34,,,,,2020-07-06
301011,2015-06-30,,,,,,,2016-08-25
301011,2015-12-31,,0.19,,,,,2017-04-27
301011,2016-06-30,,0.19,,,,,2016-08-25
301011,2016-12-31,,0.53,,,,,2017-04-27
301011,2017-06-30,,0.23,,,,,2017-08-24
301011,2017-12-31,,0.62,,,,,2020-04-17
301021,2016-12-31,,0.03,,,,,2019-06-28
301021,2017-12-31,,0.3995,,,,,2019-06-28
301025,2016-12-31,,,,,,,2019-06-28
301025,2017-12-31,,,,,,,2019-06-28
301035,2015-06-30,,0.53,,,,,2016-08-25
301035,2015-09-30,,0.88,,,,,2016-01-21
301035,2015-12-31,,1.0,,,,,2017-04-27
301035,2016-06-30,,0.6,,,,,2016-08-25
301035,2016-12-31,,1.32,,,,,2017-04-27
301035,2017-12-31,,1.28,,,,,2018-04-02
301036,2017-12-31,,0.82,,,,,2020-04-17
301061,2017-12-31,,1.88,,,,,2020-07-07
301073,2015-06-30,,1.26,,,,,2016-08-22
301073,2015-12-31,,2.17,,,,,2017-04-20
301073,2016-06-30,,0.63,,,,,2016-08-22
301073,2016-12-31,,0.91,,,,,2017-04-20
301073,2017-06-30,,0.5,,,,,2017-08-25
301073,2017-12-31,,1.46,,,,,2018-04-26
301073,2018-06-30,,0.5,,,,,2018-08-29
301079,2015-06-30,,0.04,,,,,2016-08-26
301079,2015-12-31,,0.03,,,,,2016-04-15
301079,2016-06-30,,0.1,,,,,2016-08-26
301079,2016-12-31,,-0.29,,,,,2017-05-18
301079,2017-06-30,,0.18,,,,,2017-08-21
301079,2017-12-31,,0.37,,,,,2018-04-24
301079,2018-06-30,,0.25,,,,,2018-08-28
301096,2015-06-30,,0.38,,,,,2016-08-12
301096,2015-09-30,,,,,,,2016-01-29
301096,2015-12-31,,0.51,,,,,2017-03-28
301096,2016-06-30,,-0.35,,,,,2016-08-12
301096,2016-12-31,,0.27,,,,,2017-03-28
301096,2017-06-30,,0.06,,,,,2017-08-11
301096,2017-12-31,,-0.12,,,,,2020-11-17
301116,2015-06-30,,,,,,,2016-08-31
301116,2015-09-30,,,,,,,2016-10-31
301116,2015-12-31,,,,,,,2016-04-29
301116,2016-03-31,,,,,,,2016-04-29
301116,2016-06-30,,,,,,,2016-08-31
301116,2016-09-30,,,,,,,2016-10-31
301116,2016-12-31,,0.51,,,,,2020-01-03
301116,2017-12-31,,0.22,,,,,2020-01-03
301128,2017-12-31,,,,,,,2020-07-16
301150,2015-12-31,,-0.21,,,,,2017-03-16
301150,2016-06-30,,0.21,,,,,2017-08-01
301150,2016-12-31,,1.14,,,,,2017-03-16
301150,2017-06-30,,1.05,,,,,2017-08-01
301150,2017-12-31,,1.35,,,,,2020-11-16
301153,2015-06-30,,,,,,,2015-12-04
301153,2017-12-31,,0.57,,,,,2020-11-17
301155,2017-12-31,,,,,,,2020-11-27
301160,2015-06-30,,,,,,,2016-08-25
301160,2015-12-31,,1.24,,,,,2017-04-20
301160,2016-06-30,,0.91,,,,,2016-08-25
301160,2016-12-31,,2.11,,,,,2017-04-20
301160,2017-06-30,,1.12,,,,,2017-08-18
301160,2017-12-31,,1.11,,,,,2018-04-18
301160,2018-06-30,,1.16,,,,,2018-08-20
301178,2015-06-30,,0.22,,,,,2016-08-23
301178,2015-12-31,,0.46,,,,,2017-04-27
301178,2016-06-30,,0.15,,,,,2016-08-23
301178,2016-12-31,,0.52,,,,,2017-04-27
301178,2017-06-30,,0.13,,,,,2017-08-28
301178,2017-12-31,,0.84,,,,,2018-04-26
301178,2018-06-30,,0.35,,,,,2018-08-28
301180,2017-12-31,,,,,,,2020-07-31
301189,2015-12-31,,0.49,,,,,2017-04-26
301189,2016-06-30,,0.05,,,,,2017-08-29
301189,2016-12-31,,0.33,,,,,2017-04-26
301189,2017-06-30,,-0.02,,,,,2017-08-29
301189,2017-12-31,,-0.06,,,,,2020-12-01
301201,2017-12-31,,0.06,,,,,2020-10-13
301213,2015-06-30,,-1.23,,,,,2016-07-06
301213,2015-12-31,,0.13,,,,,2017-04-10
301213,2016-06-30,,0.15,,,,,2016-07-06
301213,2016-12-31,,0.76,,,,,2017-04-10
301213,2017-06-30,,0.05,,,,,2017-08-25
301213,2017-12-31,,0.69,,,,,2018-04-17
301213,2018-06-30,,0.26,,,,,2018-08-15
301221,2015-06-30,,-0.04,,,,,2016-08-05
301221,2015-12-31,,0.19,,,,,2017-04-13
301221,2016-06-30,,0.07,,,,,2016-08-05
301221,2016-12-31,,-0.23,,,,,2017-04-13
301221,2017-06-30,,0.12,,,,,2017-08-18
301221,2017-12-31,,1.29,,,,,2018-04-19
301221,2018-06-30,,0.06,,,,,2018-08-23
301232,2015-12-31,,1.49,,,,,2017-04-26
301232,2016-03-31,,0.0989,,,,,2016-07-29
301232,2016-06-30,,0.18,,,,,2017-08-30
301232,2016-12-31,,0.49,,,,,2017-04-26
301232,2017-06-30,,0.36,,,,,2017-08-30
301232,2017-12-31,,0.56,,,,,2018-04-24
301232,2018-06-30,,0.37,,,,,2018-08-09
301235,2017-12-31,,0.22,,,,,2020-12-30
301265,2015-06-30,,0.01,,,,,2016-08-19
301265,2015-12-31,,0.15,,,,,2016-04-27
301265,2016-06-30,,0.02,,,,,2016-08-19
301265,2016-12-31,,0.07,,,,,2017-04-27
301265,2017-06-30,,0.05,,,,,2017-08-30
301265,2017-12-31,,0.18,,,,,2018-04-25
301265,2018-06-30,,0.11,,,,,2018-08-23
301270,2017-12-31,,,,,,,2020-12-31
301327,2015-12-31,,0.17,,,,,2017-04-18
301327,2016-06-30,,0.19,,,,,2016-10-31
301327,2016-12-31,,0.32,,,,,2017-04-18
301327,2017-06-30,,-0.01,,,,,2017-08-17
301327,2017-12-31,,0.27,,,,,2018-04-19
301327,2018-06-30,,0.01,,,,,2018-08-22
301345,2017-12-31,,0.81,,,,,2020-07-24
301349,2017-12-31,,0.94,,,,,2020-12-30
301369,2017-12-31,,3.49,,,,,2020-09-28
301396,2015-06-30,,0.0,,,,,2016-08-24
301396,2015-12-31,,0.18,,,,,2017-04-13
301396,2016-06-30,,0.06,,,,,2016-08-24
301396,2016-12-31,,0.53,,,,,2017-04-13
301396,2017-06-30,,0.15,,,,,2017-08-10
302132,2015-06-30,43.99,0.14,314.2142857142857,0.1859180855959503,0.8140819144040496,,2015-08-25
302132,2015-09-30,31.13,0.1955,159.23273657289002,0.16558741905642924,0.8344125809435707,,2015-10-23
302132,2015-12-31,50.11,0.25,200.44,0.15428074750108647,0.8457192524989136,,2016-03-24
302132,2016-03-31,38.38,0.0315,1218.4126984126985,0.09685002350728726,0.9031499764927128,,2016-04-22
302132,2016-06-30,29.8,0.104,286.53846153846155,0.1700650759219089,0.8299349240780911,,2016-08-26
302132,2016-09-30,26.05,0.1438,181.15438108484005,0.16666666666666666,0.8333333333333334,,2016-10-27
302132,2016-12-31,,0.17,,,,,2017-03-14
302132,2017-03-31,22.95,0.0286,802.4475524475524,0.12139185448793989,0.8786081455120601,,2017-04-21
302132,2017-06-30,13.48,0.12,112.33333333333334,0.2994960403167747,0.7005039596832253,,2017-08-25
302132,2017-09-30,,0.1745,,,,,2017-10-27
302132,2017-12-31,,0.22,,,,,2018-03-15
302132,2018-03-31,,0.0392,,,,,2018-04-11
302132,2018-06-30,,0.15,,,,,2018-08-07
302132,2018-09-30,,0.22,,,,,2018-10-16
600000,2015-06-30,7.98829568,1.165,6.8569061630901285,0.9953980671882191,0.0046019328117808955,,2015-08-20
600000,2015-09-30,7.83286304,1.811,4.325159050248482,0.9930619796484736,0.006938020351526353,,2015-10-30
600000,2015-12-31,8.60531616,2.422,3.5529794219653175,0.9939156888309431,0.006084311169056944,,2016-04-07
600000,2016-03-31,8.44517344,0.63,13.405037206349206,0.9896567936060179,0.010343206393982118,,2016-04-30
600000,2016-06-30,8.30366784,0.95,8.740702989473684,0.9869848156182213,0.013015184381778733,,2016-08-11
600000,2016-09-30,8.79431488,1.44,6.107163111111111,0.9896351575456053,0.01036484245439473,,2016-10-29
600000,2016-12-31,,2.404,,,,,2017-04-01
600000,2017-03-31,8.53832512,0.49,17.42515330612245,0.9841834717279557,0.015816528272044272,,2017-04-27
600000,2017-06-30,8.8822734,0.97,9.15698288659794,0.9877609791216703,0.012239020878329732,,2017-08-30
600000,2017-09-30,,1.45,,,,,2017-10-28
600000,2017-12-31,,1.84,,,,,2018-04-28
600000,2018-03-31,,0.46,,,,,2018-04-28
600000,2018-06-30,,0.95,,,,,2018-08-30
600000,2018-09-30,,1.44,,,,,2018-10-31
600004,2015-06-30,10.0863594,0.54,18.67844333333333,0.9489185457892315,0.051081454210768484,,2015-08-18
600004,2015-09-30,7.15594374,0.81,8.834498444444444,0.9620721554116559,0.037927844588344084,,2015-10-31
600004,2015-12-31,8.49283398,1.09,7.791590807339449,0.9726205997392438,0.027379400260756248,,2016-04-29
600004,2016-03-31,7.4006424,0.3,24.668808,0.9652092148566056,0.0347907851433944,,2016-04-29
600004,2016-06-30,7.31708676,0.61,11.995224196721312,0.9700650759219089,0.029934924078091063,,2016-08-31
600004,2016-09-30,8.44840094,0.92,9.183044500000001,0.9734660033167496,0.026533996683250405,,2016-10-29
600004,2016-12-31,,0.84,,,,,2017-04-29
600004,2017-03-31,9.74439298,0.35,27.841122800000004,0.9584816132858838,0.04151838671411623,,2017-04-29
600004,2017-06-30,11.28491182,0.55,20.51802149090909,0.9182865370770338,0.08171346292296622,,2017-08-31
600004,2017-09-30,,0.57,,,,,2017-10-31
600004,2017-12-31,,0.82,,,,,2018-03-24
600004,2018-03-31,,0.21,,,,,2018-04-21
600004,2018-06-30,,0.34,,,,,2018-08-18
600004,2018-09-30,,0.44,,,,,2018-10-31
600006,2015-06-30,11.6785336,0.1179,99.05456827820186,0.5029912563276576,0.4970087436723424,,2015-08-29
600006,2015-09-30,7.6592649,0.166,46.14015,0.5069380203515264,0.49306197964847365,,2015-10-31
600006,2015-12-31,8.17603458,0.1722,47.4798756097561,0.5371577574967406,0.46284224250325945,,2016-04-23
600006,2016-03-31,5.73060663,0.0607,94.40867594728171,0.7127409496944053,0.28725905030559473,,2016-04-30
600006,2016-06-30,8.23098746,0.1112,74.0196714028777,0.5691973969631237,0.43080260303687634,,2016-08-30
600006,2016-09-30,7.04320122,0.1136,62.00001073943662,0.4755389718076285,0.5244610281923715,,2016-10-29
600006,2016-12-31,,0.1094,,,,,2017-04-15
600006,2017-03-31,6.38435104,0.0352,181.3736090909091,0.476077500988533,0.523922499011467,,2017-04-29
600006,2017-06-30,5.4285543,0.0674,80.54234866468843,0.42116630669546434,0.5788336933045357,,2017-08-30
600006,2017-09-30,,0.0577,,,,,2017-10-31
600006,2017-12-31,,0.1004,,,,,2018-03-31
600006,2018-03-31,,0.0647,,,,,2018-04-28
600006,2018-06-30,,0.1456,,,,,2018-08-28
600006,2018-09-30,,0.2069,,,,,2018-10-30
600009,2015-06-30,28.6754396,0.67,42.79916358208955,0.7827887712839392,0.2172112287160608,,2015-08-28
600009,2015-09-30,25.37400096,1.0,25.37400096,0.7326549491211841,0.2673450508788159,,2015-10-28
600009,2015-12-31,27.02166336,1.31,20.627223938931298,0.813993915688831,0.18600608431116905,,2017-02-14
600009,2016-03-31,27.54342312,0.33,83.46491854545454,0.7451810061118946,0.25481899388810536,,2016-04-28
600009,2016-06-30,23.8453364,0.73,32.66484438356164,0.820824295010846,0.17917570498915403,,2016-08-27
600009,2016-09-30,25.05801579,1.09,22.989005311926604,0.8225538971807629,0.17744610281923712,,2016-10-29
600009,2016-12-31,,1.46,,,,,2017-02-14
600009,2017-03-31,27.85462786,0.41,67.93811673170732,0.8058521154606564,0.19414788453934362,,2017-04-28
600009,2017-06-30,34.66498217,0.88,39.39202519318182,0.7458603311735061,0.25413966882649386,,2017-08-26
600009,2017-09-30,,1.4,,,,,2017-10-28
600009,2017-12-31,,1.91,,,,,2018-02-24
600009,2018-03-31,,0.53,,,,,2018-04-27
600009,2018-06-30,,1.05,,,,,2018-08-25
600009,2018-09-30,,1.63,,,,,2018-10-30
600010,2015-06-30,3.66209514,-0.0089,,,,,2015-08-28
600010,2015-09-30,2.5049013,-0.0567,,,,,2015-10-30
600010,2015-12-31,2.54723766,-0.1288,,,,,2016-04-20
600010,2016-03-31,2.08859376,-0.0169,,,,,2016-04-30
600010,2016-06-30,2.01803316,0.0008,2522.5414499999997,0.013449023861171366,0.9865509761388286,,2016-08-26
600010,2016-09-30,1.96158468,0.0072,272.44231666666667,0.11276948590381426,0.8872305140961857,,2016-10-29
600010,2016-12-31,,0.0026,,,,,2017-04-21
600010,2017-03-31,2.13798618,0.0061,350.489537704918,0.27164887307236063,0.7283511269276394,,2017-04-28
600010,2017-06-30,2.1590553,0.0129,167.36862790697674,0.19186465082793377,0.8081353491720662,,2017-08-24
600010,2017-09-30,,0.0309,,,,,2017-10-27
600010,2017-12-31,,0.0452,,,,,2018-04-20
600010,2018-03-31,,0.0139,,,,,2018-04-27
600010,2018-06-30,,0.0311,,,,,2018-08-29
600010,2018-09-30,,0.0505,,,,,2018-10-31
600011,2015-06-30,9.89739335,0.63,15.710148174603175,0.9700874367234238,0.02991256327657621,,2015-08-26
600011,2015-09-30,6.2987743,0.92,6.846493804347825,0.9782608695652174,0.021739130434782594,,2015-10-21
600011,2015-12-31,6.35702886,0.95,6.691609326315789,0.9813124728378966,0.018687527162103423,,2016-03-23
600011,2016-03-31,5.80361054,0.33,17.586698606060605,0.9830747531734838,0.016925246826516194,,2016-04-27
600011,2016-06-30,5.47592864,0.51,10.737114980392157,0.9783080260303688,0.021691973969631184,,2016-08-02
600011,2016-09-30,5.4564576,0.73,7.474599452054795,0.9817578772802653,0.018242122719734688,,2016-10-26
600011,2016-12-31,,0.68,,,,,2017-03-22
600011,2017-03-31,5.55721605,0.04,138.93040125,0.56069592724397,0.43930407275603,,2017-04-26
600011,2017-06-30,5.91101944,0.05,118.22038879999998,0.28005759539236863,0.7199424046076314,,2017-08-02
600011,2017-09-30,,0.19,,,,,2017-10-25
600011,2017-12-31,,0.11,,,,,2018-03-14
600011,2018-03-31,,0.08,,,,,2018-04-25
600011,2018-06-30,,0.13,,,,,2018-08-01
600011,2018-09-30,,0.12,,,,,2018-10-24
600012,2015-06-30,8.2343173,0.2839,29.00428777738641,0.883571099861942,0.11642890013805796,,2015-08-24
600012,2015-09-30,6.11158905,0.4235,14.431142975206612,0.8917668825161887,0.10823311748381126,,2015-10-29
600012,2015-12-31,8.64676673,0.5655,15.290480512820512,0.8813559322033898,0.11864406779661019,,2016-03-28
600012,2016-03-31,8.78257982,0.1533,57.290148858447495,0.847202632816173,0.15279736718382697,,2016-04-29
600012,2016-06-30,9.24175741,0.2904,31.824233505509643,0.8255965292841648,0.17440347071583517,,2016-08-22
600012,2016-09-30,8.00323479,0.4225,18.94256755029586,0.8747927031509121,0.12520729684908793,,2016-10-29
600012,2016-12-31,,0.5627,,,,,2017-03-27
600012,2017-03-31,10.93140765,0.177,61.759365254237295,0.8351126927639383,0.1648873072360617,,2017-04-28
600012,2017-06-30,8.86986891,0.3161,28.060325561531158,0.8552915766738661,0.14470842332613387,,2017-08-28
600012,2017-09-30,,0.498,,,,,2017-10-28
600012,2017-12-31,,0.658,,,,,2018-03-26
600012,2018-03-31,,0.1616,,,,,2018-04-27
600012,2018-06-30,,0.335,,,,,2018-08-27
600012,2018-09-30,,0.5135,,,,,2018-10-30
600015,2015-06-30,6.30024057,0.87,7.241655827586206,0.9935572940635067,0.00644270593649332,,2015-08-08
600015,2015-09-30,5.16309612,1.3,3.9716123999999997,0.996299722479186,0.0037002775208140326,,2015-10-31
600015,2015-12-31,6.19980088,1.77,3.5027123615819207,0.9952194697957409,0.004780530204259059,,2016-04-19
600015,2016-03-31,5.18863072,0.41,12.65519687804878,0.9905970850963799,0.009402914903620108,,2016-04-30
600015,2016-06-30,5.05074388,0.77,6.559407636363636,0.9921908893709328,0.007809110629067195,,2016-08-11
600015,2016-09-30,5.3237262,1.14,4.669935263157895,0.9937810945273632,0.006218905472636815,,2016-10-31
600015,2016-12-31,,1.53,,,,,2017-04-29
600015,2017-03-31,5.98058396,0.29,20.62270331034483,0.974298141557928,0.025701858442071956,,2017-04-29
600015,2017-06-30,5.95423912,0.7,8.506055885714288,0.9899208063354932,0.010079193664506825,,2017-08-11
600015,2017-09-30,,1.04,,,,,2017-10-31
600015,2017-12-31,,1.48,,,,,2018-04-20
600015,2018-03-31,,0.29,,,,,2018-04-28
600015,2018-06-30,,0.72,,,,,2018-08-20
600015,2018-09-30,,1.07,,,,,2018-10-31
600016,2015-06-30,4.92123436,0.78,6.30927482051282,0.9967786470317533,0.00322135296824666,,2015-08-29
600016,2015-09-30,4.23073755,1.1,3.846125045454545,0.9972247918593895,0.0027752081406104967,,2015-10-31
600016,2015-12-31,4.82654556,1.3,3.7127273538461534,0.9930465015210778,0.006953498478922238,,2016-03-31
600016,2016-03-31,4.60041335,0.38,12.106350921052632,0.9915373765867419,0.008462623413258097,,2016-04-30
600016,2016-06-30,4.59031469,0.75,6.120419586666666,0.9956616052060737,0.004338394793926281,,2016-08-30
600016,2016-09-30,4.81642232,1.07,4.5013292710280375,0.9958540630182421,0.004145936981757914,,2016-10-29
600016,2016-12-31,,1.31,,,,,2017-03-31
600016,2017-03-31,4.41071936,0.39,11.30953682051282,0.9948596283115856,0.0051403716884144135,,2017-04-27
600016,2017-06-30,4.27548504,0.64,6.680445375000001,0.996040316774658,0.0039596832253420144,,2017-08-29
600016,2017-09-30,,0.92,,,,,2017-10-31
600016,2017-12-31,,1.13,,,,,2018-03-30
600016,2018-03-31,,0.34,,,,,2018-04-28
600016,2018-06-30,,0.68,,,,,2018-08-31
600016,2018-09-30,,0.97,,,,,2018-10-31
600019,2015-06-30,5.10755112,0.19,26.881848,0.8978370915784629,0.10216290842153708,,2015-08-25
600019,2015-09-30,3.26672892,0.14,23.333777999999995,0.7645698427382054,0.23543015726179461,,2015-10-29
600019,2015-12-31,3.26088504,0.06,54.348084,0.48891786179921776,0.5110821382007822,,2016-03-31
600019,2016-03-31,3.068037,0.07,43.8291,0.9022096850023508,0.09779031499764923,,2016-04-28
600019,2016-06-30,2.896733,0.17,17.039605882352937,0.9453362255965293,0.0546637744034707,,2016-08-31
600019,2016-09-30,2.896733,0.27,10.728640740740738,0.9614427860696517,0.03855721393034828,,2016-10-25
600019,2016-12-31,,0.41,,,,,2017-04-28
600019,2017-03-31,3.8485167,0.17,22.638333529411764,0.9711348359035191,0.028865164096480878,,2017-04-28
600019,2017-06-30,4.09752189,0.28,14.63400675,0.9636429085673146,0.036357091432685396,,2017-08-25
600019,2017-09-30,,0.53,,,,,2017-10-28
600019,2017-12-31,,0.86,,,,,2018-04-10
600019,2018-03-31,,0.23,,,,,2018-04-28
600019,2018-06-30,,0.45,,,,,2018-08-28
600019,2018-09-30,,0.71,,,,,2018-10-30
600022,2015-06-30,4.13124698,0.0012,3442.705816666667,0.02024850437183617,0.9797514956281639,,2015-08-27
600022,2015-09-30,2.1687269,-0.1165,,,,,2015-10-31
600022,2015-12-31,2.21139038,0.0122,181.26150655737703,0.1647109952194698,0.8352890047805301,,2016-04-29
600022,2016-03-31,1.89141428,-0.0393,,,,,2016-04-29
600022,2016-06-30,1.68520746,0.0033,510.6689272727273,0.10151843817787419,0.8984815618221258,,2016-08-26
600022,2016-09-30,1.73498152,0.0031,559.6714580645162,0.048507462686567165,0.9514925373134329,,2016-10-28
600022,2016-12-31,,-0.0712,,,,,2017-04-20
600022,2017-03-31,1.91274602,0.0537,35.619106517690874,0.9359430604982206,0.06405693950177938,,2017-04-20
600022,2017-06-30,1.90277874,0.0674,28.231138575667657,0.8531317494600432,0.14686825053995678,,2017-07-28
600022,2017-09-30,,0.1124,,,,,2017-10-28
600022,2017-12-31,,0.1758,,,,,2018-03-30
600022,2018-03-31,,0.0568,,,,,2018-04-27
600022,2018-06-30,,0.15,,,,,2018-08-17
600022,2018-09-30,,0.2209,,,,,2018-10-30
600025,2015-06-30,,,,,,,2016-08-26
600025,2015-09-30,,,,,,,2016-10-27
600025,2015-12-31,,0.14,,,,,2016-04-26
600025,2016-03-31,,,,,,,2016-04-26
600025,2016-06-30,,,,,,,2016-08-26
600025,2016-09-30,,0.05,,,,,2016-10-27
600025,2016-12-31,,0.03,,,,,2017-04-27
600025,2017-03-31,,0.05,,,,,2017-04-27
600025,2017-06-30,,0.09,,,,,2017-08-29
600025,2017-09-30,,0.1,,,,,2017-10-31
600025,2017-12-31,,0.14,,,,,2018-04-26
600025,2018-03-31,,0.02,,,,,2018-04-26
600025,2018-06-30,,0.05,,,,,2018-08-30
600025,2018-09-30,,0.12,,,,,2018-10-30
600026,2015-06-30,10.51400832,0.2135,49.245940608899296,0.7353888633225955,0.26461113667740455,,2015-08-29
600026,2015-09-30,9.09605952,0.3354,27.120034347048303,0.7072155411655874,0.2927844588344126,,2015-10-29
600026,2015-12-31,7.58552256,0.2902,26.138947484493453,0.7435897435897436,0.2564102564102564,,2016-03-30
600026,2016-03-31,5.45106816,0.1355,40.229285313653136,0.919605077574048,0.08039492242595203,,2016-04-29
600026,2016-06-30,4.9245648,0.4515,10.90712026578073,0.9778741865509761,0.022125813449023868,,2016-08-30
600026,2016-09-30,5.425368,0.5505,9.855346049046322,0.9676616915422885,0.03233830845771146,,2016-10-29
600026,2016-12-31,,0.4768,,,,,2017-03-29
600026,2017-03-31,5.97625152,0.1397,42.779180529706515,0.9118228548833531,0.08817714511664687,,2017-04-29
600026,2017-06-30,5.53387536,0.2112,26.20206136363636,0.8761699064074874,0.12383009359251262,,2017-08-30
600026,2017-09-30,,0.3094,,,,,2017-10-31
600026,2017-12-31,,0.4381,,,,,2018-03-29
600026,2018-03-31,,-0.0214,,,,,2018-04-28
600026,2018-06-30,,-0.0539,,,,,2018-08-30
600026,2018-09-30,,-0.0672,,,,,2018-10-31
600027,2015-06-30,7.27273576,0.433,16.79615648960739,0.9641049240681087,0.03589507593189134,,2015-08-22
600027,2015-09-30,4.50621847,0.679,6.636551502209131,0.9796484736355227,0.020351526364477346,,2015-10-28
600027,2015-12-31,4.4473564,0.842,5.28189596199525,0.9860930030421556,0.013906996957844364,,2016-03-25
600027,2016-03-31,3.69522995,0.184,20.082771467391304,0.9755524212505877,0.02444757874941228,,2016-04-27
600027,2016-06-30,3.42973125,0.267,12.845435393258427,0.9665943600867679,0.03340563991323209,,2016-08-31
600027,2016-09-30,3.42973125,0.377,9.097430371352786,0.9738805970149254,0.026119402985074647,,2016-10-26
600027,2016-12-31,,0.339,,,,,2017-03-29
600027,2017-03-31,3.49209,0.001,3492.09,0.019770660340055358,0.9802293396599446,,2017-04-29
600027,2017-06-30,3.34658625,-0.021,,,,,2017-08-31
600027,2017-09-30,,-0.024,,,,,2017-10-28
600027,2017-12-31,,0.044,,,,,2018-03-27
600027,2018-03-31,,0.07,,,,,2018-04-28
600027,2018-06-30,,0.1,,,,,2018-08-29
600027,2018-09-30,,0.159,,,,,2018-10-31
600028,2015-06-30,3.68413392,0.203,18.148442955665022,0.9544408651633686,0.04555913483663143,,2015-08-27
600028,2015-09-30,2.5184568,0.214,11.768489719626169,0.92368177613321,0.07631822386678999,,2015-10-30
600028,2015-12-31,2.6353472,0.267,9.870214232209737,0.954367666232073,0.04563233376792697,,2016-03-30
600028,2016-03-31,2.5290832,0.051,49.58986666666667,0.8787023977433004,0.12129760225669961,,2016-04-29
600028,2016-06-30,2.54019072,0.159,15.976042264150943,0.951409978308026,0.04859002169197402,,2016-08-29
600028,2016-09-30,2.65940172,0.241,11.034861908713694,0.9585406301824212,0.041459369817578806,,2016-10-28
600028,2016-12-31,,0.383,,,,,2017-03-27
600028,2017-03-31,3.14093948,0.137,22.926565547445254,0.970344009489917,0.029655990510083052,,2017-04-28
600028,2017-06-30,3.24490786,0.224,14.486195803571428,0.9643628509719222,0.0356371490280778,,2017-08-28
600028,2017-09-30,,0.317,,,,,2017-10-31
600028,2017-12-31,,0.422,,,,,2018-03-26
600028,2018-03-31,,0.155,,,,,2018-04-27
600028,2018-06-30,,0.344,,,,,2018-08-27
600028,2018-09-30,,0.495,,,,,2018-10-31
600029,2015-06-30,13.8729775,0.35,39.637078571428574,0.810860561435803,0.18913943856419702,,2015-08-29
600029,2015-09-30,7.17021445,0.48,14.937946770833333,0.883441258094357,0.11655874190564297,,2015-10-31
600029,2015-12-31,8.20410385,0.39,21.036163717948714,0.8096479791395046,0.1903520208604954,,2017-03-31
600029,2016-03-31,6.04059455,0.27,22.372572407407404,0.9722614010343207,0.027738598965679317,,2016-04-30
600029,2016-06-30,6.7585733,0.32,21.1205415625,0.9201735357917571,0.07982646420824291,,2016-08-30
600029,2016-09-30,6.777939,0.66,10.269604545454545,0.9631011608623549,0.036898839137645134,,2016-10-29
600029,2016-12-31,,0.51,,,,,2017-03-31
600029,2017-03-31,7.80431262,0.16,48.776953875,0.8861209964412812,0.11387900355871883,,2017-04-29
600029,2017-06-30,8.4240099,0.28,30.085749642857138,0.8362131029517639,0.16378689704823612,,2017-08-30
600029,2017-09-30,,0.71,,,,,2017-10-31
600029,2017-12-31,,0.6,,,,,2018-03-27
600029,2018-03-31,,0.25,,,,,2018-04-28
600029,2018-06-30,,0.21,,,,,2018-08-29
600029,2018-09-30,,0.4,,,,,2018-10-31
600030,2015-06-30,19.73676276,1.13,17.46616173451328,0.9581224114127934,0.04187758858720658,,2015-08-25
600030,2015-09-30,10.08752276,1.4,7.205373400000001,0.9764107308048103,0.023589269195189666,,2015-10-30
600030,2015-12-31,14.3736057,1.71,8.405617368421053,0.9665362885701869,0.03346371142981308,,2016-03-24
600030,2016-03-31,13.2222316,0.14,94.44451142857143,0.7122708039492243,0.28772919605077574,,2016-04-30
600030,2016-06-30,12.05600106,0.43,28.03721176744186,0.8616052060737527,0.13839479392624732,,2016-08-25
600030,2016-09-30,12.32709296,0.66,18.677413575757576,0.8781094527363185,0.12189054726368154,,2016-10-29
600030,2016-12-31,,0.86,,,,,2017-03-23
600030,2017-03-31,12.31944588,0.19,64.83918884210526,0.8204824041122973,0.17951759588770266,,2017-04-29
600030,2017-06-30,13.01533016,0.41,31.744707707317072,0.8250539956803455,0.17494600431965446,,2017-08-26
600030,2017-09-30,,0.65,,,,,2017-10-31
600030,2017-12-31,,0.94,,,,,2018-03-23
600030,2018-03-31,,0.22,,,,,2018-04-28
600030,2018-06-30,,0.46,,,,,2018-08-24
600030,2018-09-30,,0.6,,,,,2018-10-31
600031,2015-06-30,8.11693509,0.035,231.91243114285712,0.24620340543028071,0.7537965945697193,,2015-08-31
600031,2015-09-30,5.32752396,-0.01,,,,,2015-10-31
600031,2015-12-31,5.51180938,0.0007,7874.0134,0.000869187309865276,0.9991308126901347,,2016-04-29
600031,2016-03-31,4.76629109,0.012,397.19092416666666,0.2830277385989657,0.7169722614010343,,2016-04-29
600031,2016-06-30,4.20505822,0.018,233.61434555555556,0.20997830802603037,0.7900216919739697,,2016-08-30
600031,2016-09-30,4.59038571,0.023,199.58198739130432,0.1480099502487562,0.8519900497512438,,2016-10-31
600031,2016-12-31,,0.0267,,,,,2017-04-28
600031,2017-03-31,6.0421896,0.097,62.29061443298969,0.8327402135231317,0.16725978647686834,,2017-04-28
600031,2017-06-30,6.82263909,0.151,45.18304033112583,0.6907847372210223,0.3092152627789777,,2017-08-30
600031,2017-09-30,,0.236,,,,,2017-10-31
600031,2017-12-31,,0.2733,,,,,2018-04-17
600031,2018-03-31,,0.1956,,,,,2018-04-26
600031,2018-06-30,,0.441,,,,,2018-08-27
600031,2018-09-30,,0.633,,,,,2018-10-30
600032,2016-12-31,,,,,,,2020-01-03
600032,2017-12-31,,,,,,,2020-01-03
600033,2015-06-30,3.85483106,0.1168,33.00369058219178,0.8559595029912563,0.14404049700874366,,2015-08-29
600033,2015-09-30,2.52022125,0.1732,14.550931004618938,0.88945420906568,0.11054579093432004,,2015-10-31
600033,2015-12-31,2.86297134,0.2007,14.264929446935726,0.8996088657105606,0.10039113428943935,,2016-04-23
600033,2016-03-31,2.33204473,0.0625,37.31271568,0.9280677009873061,0.07193229901269393,,2016-04-30
600033,2016-06-30,2.19618234,0.125,17.56945872,0.9414316702819957,0.0585683297180043,,2016-08-31
600033,2016-09-30,2.30703066,0.1961,11.764562264150944,0.9527363184079602,0.04726368159203975,,2016-10-29
600033,2016-12-31,,0.2446,,,,,2017-04-15
600033,2017-03-31,2.6672877,0.0783,34.06497701149426,0.9422696718070384,0.057730328192961644,,2017-04-29
600033,2017-06-30,2.74295235,0.1509,18.177285288270376,0.9391648668106551,0.06083513318934486,,2017-08-31
600033,2017-09-30,,0.2149,,,,,2017-10-31
600033,2017-12-31,,0.2391,,,,,2018-04-21
600033,2018-03-31,,0.0669,,,,,2018-04-28
600033,2018-06-30,,0.145,,,,,2018-08-31
600033,2018-09-30,,0.2211,,,,,2018-10-31
600036,2015-06-30,11.65612032,1.31,8.897801770992366,0.9875747814081914,0.012425218591808562,,2015-08-26
600036,2015-09-30,11.47689666,1.92,5.97755034375,0.984736355226642,0.015263644773357954,,2015-10-30
600036,2015-12-31,11.61898542,2.29,5.073792759825327,0.9873967840069535,0.01260321599304648,,2016-03-31
600036,2016-03-31,10.39185522,0.73,14.235418109589041,0.9877762106252939,0.01222378937470614,,2016-04-29
600036,2016-06-30,11.302515,1.4,8.073225,0.989587852494577,0.010412147505422964,,2016-08-19
600036,2016-09-30,12.096756,2.07,5.84384347826087,0.9904643449419569,0.009535655058043102,,2016-10-29
600036,2016-12-31,,2.46,,,,,2017-03-25
600036,2017-03-31,12.88304514,0.79,16.307652075949367,0.9857651245551602,0.014234875444839812,,2017-04-28
600036,2017-06-30,16.61520246,1.56,10.650770807692307,0.9838012958963283,0.016198704103671746,,2017-08-19
600036,2017-09-30,,2.33,,,,,2017-10-28
600036,2017-12-31,,2.78,,,,,2018-03-24
600036,2018-03-31,,0.9,,,,,2018-04-28
600036,2018-06-30,,1.77,,,,,2018-08-25
600036,2018-09-30,,2.66,,,,,2018-10-31
600037,2015-06-30,27.528354,0.2721,101.16998897464167,0.4937873907040957,0.5062126092959043,,2015-08-29
600037,2015-09-30,15.69553136,0.3838,40.89507910369985,0.5578168362627197,0.4421831637372803,,2015-10-31
600037,2015-12-31,18.81541148,0.5934,31.707804988203574,0.6857887874837028,0.31421121251629724,,2016-04-01
600037,2016-03-31,13.8515686,0.1326,104.4613016591252,0.6812411847672779,0.3187588152327221,,2016-04-29
600037,2016-06-30,13.45458348,0.2912,46.20392678571429,0.7318872017353579,0.26811279826464207,,2016-08-20
600037,2016-09-30,14.60454788,0.4274,34.1706782405241,0.7106135986733002,0.2893864013266998,,2016-10-29
600037,2016-12-31,,0.5211,,,,,2017-04-01
600037,2017-03-31,13.39266232,0.1275,105.04048878431372,0.6627125345986556,0.33728746540134436,,2017-04-29
600037,2017-06-30,13.04297904,0.2722,47.91689581190302,0.6612670986321094,0.3387329013678906,,2017-08-26
600037,2017-09-30,,0.4579,,,,,2017-10-28
600037,2017-12-31,,0.547,,,,,2018-02-14
600037,2018-03-31,,0.1232,,,,,2018-04-28
600037,2018-06-30,,0.2628,,,,,2018-08-31
600037,2018-09-30,,0.3929,,,,,2018-10-30
600038,2015-06-30,57.60649965,0.3169,181.7813179236352,0.3092498849516797,0.6907501150483203,,2015-08-27
600038,2015-09-30,39.61837275,0.4899,80.87032608695652,0.32007400555041626,0.6799259944495837,,2015-10-28
600038,2015-12-31,49.21264535,0.7414,66.37799480712167,0.414167753150804,0.585832246849196,,2016-03-30
600038,2016-03-31,40.6169984,0.0944,430.264813559322,0.2609308885754584,0.7390691114245416,,2016-04-22
600038,2016-06-30,38.7130766,0.2969,130.39096194004716,0.3600867678958785,0.6399132321041214,,2016-08-26
600038,2016-09-30,38.15307375,0.5152,74.05487917313664,0.40671641791044777,0.5932835820895522,,2016-10-28
600038,2016-12-31,,0.745,,,,,2017-03-16
600038,2017-03-31,46.92875,0.1205,389.4502074688797,0.2431791221826809,0.7568208778173191,,2017-04-28
600038,2017-06-30,43.18408654,0.2604,165.8375059139785,0.19402447804175665,0.8059755219582434,,2017-08-31
600038,2017-09-30,,0.4605,,,,,2017-10-27
600038,2017-12-31,,0.7725,,,,,2018-03-17
600038,2018-03-31,,0.1199,,,,,2018-04-27
600038,2018-06-30,,0.302,,,,,2018-08-25
600038,2018-09-30,,0.5196,,,,,2018-10-26
600039,2015-06-30,3.12921518,0.1117,28.0144599820949,0.8872526461113668,0.11274735388863322,,2015-08-29
600039,2015-09-30,2.15813156,0.1556,13.869740102827766,0.8991674375578168,0.1008325624421832,,2015-10-31
600039,2015-12-31,2.4678186,0.3503,7.044871824150729,0.9808778791829639,0.019122120817036126,,2016-04-15
600039,2016-03-31,1.94522172,0.0367,53.0033166212534,0.8645980253878702,0.13540197461212977,,2016-04-30
600039,2016-06-30,1.90651084,0.1189,16.03457392767031,0.9505422993492407,0.04945770065075927,,2016-08-31
600039,2016-09-30,2.13161745,0.1904,11.195469800420167,0.9572968490878938,0.04270315091210619,,2016-10-29
600039,2016-12-31,,0.3459,,,,,2017-04-15
600039,2017-03-31,2.450135,0.0303,80.8625412541254,0.7560300514037169,0.24396994859628307,,2017-04-29
600039,2017-06-30,2.06301472,0.1241,16.62380918614021,0.949244060475162,0.050755939524838034,,2017-08-31
600039,2017-09-30,,0.1409,,,,,2017-10-31
600039,2017-12-31,,0.3308,,,,,2018-04-14
600039,2018-03-31,,0.0318,,,,,2018-04-28
600039,2018-06-30,,0.1324,,,,,2018-08-31
600039,2018-09-30,,0.1528,,,,,2018-10-31
600048,2015-06-30,7.64867062,0.46,16.627544826086954,0.9650253106304648,0.034974689369535183,,2015-08-25
600048,2015-09-30,5.35139039,0.6,8.918983983333334,0.9611470860314524,0.03885291396854762,,2015-10-30
600048,2015-12-31,7.12625704,1.15,6.196745252173913,0.9830508474576272,0.016949152542372836,,2016-04-15
600048,2016-03-31,6.21538208,0.13,47.810631384615384,0.8848142924306535,0.11518570756934654,,2016-04-28
600048,2016-06-30,6.00801614,0.46,13.060904652173912,0.9644251626898048,0.03557483731019517,,2016-08-30
600048,2016-09-30,6.6833088,0.64,10.44267,0.9618573797678275,0.03814262023217252,,2016-10-29
600048,2016-12-31,,1.1,,,,,2017-04-18
600048,2017-03-31,6.63457634,0.16,41.466102125,0.9145907473309609,0.08540925266903909,,2017-04-29
600048,2017-06-30,7.16180992,0.48,14.920437333333332,0.9618430525557955,0.0381569474442045,,2017-08-30
600048,2017-09-30,,0.7,,,,,2017-10-27
600048,2017-12-31,,1.32,,,,,2018-04-17
600048,2018-03-31,,0.16,,,,,2018-04-27
600048,2018-06-30,,0.55,,,,,2018-08-14
600048,2018-09-30,,0.81,,,,,2018-10-30
600050,2015-06-30,5.94856621,0.1087,54.72462014719411,0.7022549470777727,0.2977450529222273,,2015-08-22
600050,2015-09-30,4.92575994,0.1269,38.81607517730496,0.5786308973172988,0.4213691026827012,,2015-10-23
600050,2015-12-31,5.06509092,0.1638,30.92241098901099,0.6975228161668839,0.30247718383311606,,2016-03-17
600050,2016-03-31,3.59801766,0.0069,521.4518347826087,0.21767748001880582,0.7823225199811942,,2016-04-22
600050,2016-06-30,3.17195835,0.0211,150.3297796208531,0.3175704989154013,0.6824295010845987,,2016-08-18
600050,2016-09-30,3.45502025,0.0231,149.5679761904762,0.20978441127694858,0.7902155887230514,,2016-10-22
600050,2016-12-31,,0.0073,,,,,2017-03-16
600050,2017-03-31,6.21903645,0.0129,482.0958488372093,0.1988928430209569,0.8011071569790431,,2017-04-22
600050,2017-06-30,6.21903645,0.0367,169.4560340599455,0.18898488120950324,0.8110151187904968,,2017-08-17
600050,2017-09-30,,0.0619,,,,,2017-10-28
600050,2017-12-31,,0.0188,,,,,2018-03-16
600050,2018-03-31,,0.043,,,,,2018-04-21
600050,2018-06-30,,0.085,,,,,2018-08-16
600050,2018-09-30,,0.114,,,,,2018-10-23
600052,2015-06-30,10.04170668,-0.08,,,,,2015-08-25
600052,2015-09-30,5.17045046,-0.12,,,,,2015-10-31
600052,2015-12-31,8.25589106,-0.75,,,,,2016-04-29
600052,2016-03-31,6.46072562,-0.01,,,,,2016-04-29
600052,2016-06-30,6.43267616,0.56,11.486921714285712,0.9731019522776573,0.02689804772234272,,2016-08-16
600052,2016-09-30,6.7786195,0.51,13.291410784313724,0.9402985074626866,0.05970149253731338,,2016-10-25
600052,2016-12-31,,0.41,,,,,2017-03-21
600052,2017-03-31,5.94648552,0.02,297.324276,0.32344800316330563,0.6765519968366944,,2017-04-25
600052,2017-06-30,4.7216591,0.04,118.0414775,0.28041756659467243,0.7195824334053276,,2017-08-22
600052,2017-09-30,,0.05,,,,,2017-10-31
600052,2017-12-31,,0.22,,,,,2018-03-23
600052,2018-03-31,,0.05,,,,,2018-04-28
600052,2018-06-30,,0.12,,,,,2018-08-28
600052,2018-09-30,,0.12,,,,,2018-10-30
600055,2015-06-30,21.1431914,0.093,227.3461440860215,0.25310630464795214,0.7468936953520479,,2015-08-22
600055,2015-09-30,11.36311722,0.117,97.12065999999999,0.27150786308973174,0.7284921369102683,,2015-10-24
600055,2015-12-31,17.75146256,0.19,93.42875031578947,0.3059539330725771,0.6940460669274229,,2016-04-16
600055,2016-03-31,12.00488796,-0.038,,,,,2016-04-29
600055,2016-06-30,11.80715084,0.084,140.56131952380952,0.33535791757049893,0.6646420824295011,,2016-08-20
600055,2016-09-30,12.15006923,0.117,103.84674555555554,0.2947761194029851,0.7052238805970149,,2016-10-22
600055,2016-12-31,,0.185,,,,,2017-04-08
600055,2017-03-31,11.26923964,0.006,1878.2066066666666,0.039541320680110716,0.9604586793198893,,2017-04-29
600055,2017-06-30,11.972268,0.056,213.79049999999998,0.15154787616990642,0.8484521238300936,,2017-08-26
600055,2017-09-30,,0.117,,,,,2017-10-28
600055,2017-12-31,,0.2,,,,,2018-04-28
600055,2018-03-31,,0.007,,,,,2018-04-28
600055,2018-06-30,,0.079,,,,,2018-08-25
600055,2018-09-30,,0.164,,,,,2018-10-27
600056,2015-06-30,14.47100624,0.369,39.21681907859079,0.815462494247584,0.184537505752416,,2015-08-28
600056,2015-09-30,8.25810504,0.511,16.160675225048923,0.8672525439407955,0.13274745605920446,,2015-10-31
600056,2015-12-31,9.88713368,0.6069,16.291207249958806,0.867883528900478,0.13211647109952196,,2016-03-29
600056,2016-03-31,7.77653088,0.2523,30.82255600475624,0.9473436765397273,0.052656323460272714,,2016-04-29
600056,2016-06-30,9.54364398,0.5034,18.95837103694875,0.9331887201735358,0.06681127982646418,,2016-08-29
600056,2016-09-30,11.70390135,0.7504,15.596883462153519,0.9150082918739635,0.08499170812603651,,2016-10-29
600056,2016-12-31,,0.9252,,,,,2017-03-28
600056,2017-03-31,14.22520452,0.309,46.03626058252427,0.8952155001977066,0.10478449980229343,,2017-04-28
600056,2017-06-30,15.77959815,0.6216,25.385453909266406,0.8815694744420446,0.11843052555795541,,2017-08-26
600056,2017-09-30,,0.9431,,,,,2017-10-28
600056,2017-12-31,,1.2292,,,,,2018-03-31
600056,2018-03-31,,0.4095,,,,,2018-04-28
600056,2018-06-30,,0.7858,,,,,2018-08-28
600056,2018-09-30,,1.1608,,,,,2018-10-27
600058,2015-06-30,32.58025551,-0.2739,,,,,2015-08-28
600058,2015-09-30,37.20750943,-0.859,,,,,2015-10-30
600058,2015-12-31,22.6376431,-3.6878,,,,,2016-03-31
600058,2016-03-31,16.41478438,0.1507,108.92358579960187,0.6671368124118476,0.33286318758815236,,2016-04-29
600058,2016-06-30,18.71843881,0.1049,178.4407894184938,0.27809110629067246,0.7219088937093275,,2016-08-30
600058,2016-09-30,16.20536125,0.0279,580.8373207885304,0.046019900497512436,0.9539800995024875,,2016-10-29
600058,2016-12-31,,0.027,,,,,2017-03-28
600058,2017-03-31,14.23080031,0.0086,1654.7442220930232,0.04942665085013839,0.9505733491498616,,2017-04-29
600058,2017-06-30,12.37590973,0.0176,703.1766892045454,0.042116630669546434,0.9578833693304536,,2017-08-31
600058,2017-09-30,,0.0357,,,,,2017-10-31
600058,2017-12-31,,0.0322,,,,,2018-02-14
600058,2018-03-31,,0.0211,,,,,2018-04-27
600058,2018-06-30,,-0.1394,,,,,2018-08-31
600058,2018-09-30,,-0.3691,,,,,2018-10-30
600059,2015-06-30,13.73664736,0.09,152.62941511111111,0.3571099861942016,0.6428900138057985,,2015-07-29
600059,2015-09-30,7.99012572,0.11,72.63750654545454,0.35106382978723405,0.648936170212766,,2015-10-27
600059,2015-12-31,9.94467516,0.16,62.154219749999996,0.43415906127770537,0.5658409387222947,,2016-03-31
600059,2016-03-31,8.30683512,0.08,103.83543900000001,0.6840620592383639,0.31593794076163606,,2016-04-26
600059,2016-06-30,9.31125636,0.1,93.11256359999999,0.47635574837310196,0.523644251626898,,2016-08-12
600059,2016-09-30,9.13027956,0.12,76.085663,0.39676616915422885,0.6032338308457712,,2016-10-26
600059,2016-12-31,,0.15,,,,,2017-04-26
600059,2017-03-31,9.23886564,0.08,115.4858205,0.631079478054567,0.368920521945433,,2017-04-28
600059,2017-06-30,8.46464725,0.12,70.53872708333334,0.48344132469402445,0.5165586753059755,,2017-07-28
600059,2017-09-30,,0.13,,,,,2017-10-28
600059,2017-12-31,,0.2,,,,,2018-03-30
600059,2018-03-31,,0.1,,,,,2018-04-28
600059,2018-06-30,,0.13,,,,,2018-07-28
600059,2018-09-30,,0.14,,,,,2018-10-27
600061,2015-06-30,21.38463824,0.81,26.400787950617282,0.9019788311090658,0.09802116889093415,,2015-08-28
600061,2015-09-30,8.340122,1.07,7.794506542056073,0.9717853839037928,0.028214616096207235,,2015-10-30
600061,2015-12-31,14.66165176,1.33,11.023798315789472,0.9361147327249022,0.0638852672750978,,2016-03-31
600061,2016-03-31,10.8280228,0.22,49.21828545454545,0.8801128349788434,0.1198871650211566,,2016-04-22
600061,2016-06-30,10.07599824,0.43,23.43255404651163,0.8984815618221258,0.1015184381778742,,2016-08-26
600061,2016-09-30,8.83204784,0.66,13.381890666666665,0.9390547263681592,0.06094527363184077,,2016-10-27
600061,2016-12-31,,0.84,,,,,2017-03-31
600061,2017-03-31,8.612656,0.15,57.41770666666667,0.8533017002767892,0.1466982997232108,,2017-04-28
600061,2017-06-30,8.9456662,0.34,26.31078294117647,0.8740100791936645,0.12598992080633553,,2017-08-24
600061,2017-09-30,,0.52,,,,,2017-10-28
600061,2017-12-31,,0.68,,,,,2018-03-31
600061,2018-03-31,,0.12,,,,,2018-04-28
600061,2018-06-30,,0.2,,,,,2018-08-30
600061,2018-09-30,,0.26,,,,,2018-10-31
600062,2015-06-30,14.65421832,0.5668,25.854301905434017,0.9061205706396687,0.09387942936033133,,2015-08-27
600062,2015-09-30,11.15386356,0.7702,14.481775590755648,0.8908418131359852,0.1091581868640148,,2015-10-30
600062,2015-12-31,12.83650998,0.9125,14.067408197260274,0.9004780530204259,0.09952194697957406,,2016-03-11
600062,2016-03-31,9.7638513,0.2518,38.776216441620335,0.924306535025858,0.07569346497414198,,2016-04-28
600062,2016-06-30,10.25345076,0.4987,20.560358451975137,0.923644251626898,0.076355748373102,,2016-08-15
600062,2016-09-30,11.33550356,0.6919,16.383152998988294,0.9054726368159204,0.09452736318407962,,2016-10-31
600062,2016-12-31,,0.8215,,,,,2017-03-10
600062,2017-03-31,13.43109515,0.2701,49.726379674194746,0.8817714511664689,0.11822854883353107,,2017-04-27
600062,2017-06-30,15.57779873,0.4992,31.205526302083335,0.8286537077033838,0.17134629229661624,,2017-08-18
600062,2017-09-30,,0.6948,,,,,2017-10-25
600062,2017-12-31,,0.8077,,,,,2018-03-15
600062,2018-03-31,,0.288,,,,,2018-04-24
600062,2018-06-30,,0.559,,,,,2018-08-23
600062,2018-09-30,,0.809,,,,,2018-10-29
600066,2015-06-30,11.04955005,0.43,25.696628023255816,0.9079613437643811,0.09203865623561891,,2015-08-25
600066,2015-09-30,10.1085908,0.84,12.034036666666667,0.9204440333024977,0.07955596669750231,,2015-10-27
600066,2015-12-31,12.09267059,1.6,7.55791911875,0.9743589743589743,0.02564102564102566,,2016-04-05
600066,2016-03-31,10.42045158,0.17,61.29677399999999,0.8274565115185708,0.1725434884814292,,2016-04-28
600066,2016-06-30,11.4325596,0.56,20.415284999999997,0.9245119305856833,0.07548806941431674,,2016-08-23
600066,2016-09-30,12.73748812,1.03,12.366493320388349,0.9481757877280266,0.051824212271973424,,2016-10-25
600066,2016-12-31,,1.83,,,,,2017-03-28
600066,2017-03-31,12.40259496,0.14,88.589964,0.7236061684460261,0.2763938315539739,,2017-04-20
600066,2017-06-30,13.26082836,0.36,36.83563433333333,0.7739380849532037,0.2260619150467963,,2017-08-29
600066,2017-09-30,,0.86,,,,,2017-10-24
600066,2017-12-31,,1.41,,,,,2018-04-03
600066,2018-03-31,,0.13,,,,,2018-04-25
600066,2018-06-30,,0.28,,,,,2018-08-28
600066,2018-09-30,,0.54,,,,,2018-10-29
600067,2015-06-30,8.36631968,0.24,34.85966533333333,0.8421537045559134,0.15784629544408657,,2015-07-28
600067,2015-09-30,5.91208679,0.18,32.84492661111111,0.6406105457909343,0.35938945420906565,,2015-10-29
600067,2015-12-31,7.37113246,0.15,49.14088306666667,0.5228161668839635,0.4771838331160365,,2016-03-26
600067,2016-03-31,5.57473519,0.001,5574.73519,0.01457451810061119,0.9854254818993888,,2016-04-28
600067,2016-06-30,6.17577597,0.02,308.7887985,0.16008676789587853,0.8399132321041215,,2016-08-20
600067,2016-09-30,6.21860382,0.17,36.58002247058823,0.6853233830845771,0.3146766169154229,,2016-10-24
600067,2016-12-31,,0.22,,,,,2017-03-15
600067,2017-03-31,5.90167773,0.2,29.50838865,0.9553183076314749,0.04468169236852515,,2017-04-26
600067,2017-06-30,5.97677634,0.34,17.57875394117647,0.9431245500359972,0.056875449964002844,,2017-08-25
600067,2017-09-30,,0.35,,,,,2017-10-28
600067,2017-12-31,,0.4,,,,,2018-03-16
600067,2018-03-31,,-0.02,,,,,2018-04-27
600067,2018-06-30,,0.09,,,,,2018-08-15
600067,2018-09-30,,0.2,,,,,2018-10-27
600071,2015-06-30,24.01,-0.0249,,,,,2015-07-30
600071,2015-09-30,15.86,-0.0701,,,,,2015-10-29
600071,2015-12-31,25.85,0.08,323.125,0.09213385484571925,0.9078661451542808,,2016-02-29
600071,2016-03-31,24.14,-0.0548,,,,,2016-04-30
600071,2016-06-30,29.67,-0.1363,,,,,2016-08-31
600071,2016-09-30,30.29,-0.2047,,,,,2016-10-31
600071,2016-12-31,,-0.49,,,,,2017-03-10
600071,2017-03-31,20.59,-0.0219,,,,,2017-04-29
600071,2017-06-30,22.67,-0.0781,,,,,2017-08-11
600071,2017-09-30,,-0.1493,,,,,2017-10-24
600071,2017-12-31,,0.14,,,,,2018-03-08
600071,2018-03-31,,-0.0098,,,,,2018-04-27
600071,2018-06-30,,-0.0126,,,,,2018-08-28
600071,2018-09-30,,-0.0179,,,,,2018-10-31
600072,2015-06-30,28.11229604,-0.061,,,,,2015-08-29
600072,2015-09-30,25.41447744,-0.094,,,,,2015-10-31
600072,2015-12-31,19.13664192,0.163,117.40271116564416,0.24771838331160365,0.7522816166883963,,2016-03-29
600072,2016-03-31,15.63591744,0.004,3908.97936,0.02538787023977433,0.9746121297602257,,2016-04-30
600072,2016-06-30,13.61235382,-0.022,,,,,2016-08-23
600072,2016-09-30,14.41480746,0.038,379.3370384210526,0.07877280265339967,0.9212271973466003,,2016-10-31
600072,2016-12-31,,-0.08,,,,,2017-04-29
600072,2017-03-31,20.24727538,0.004,5061.818845000001,0.013048635824436536,0.9869513641755635,,2017-04-29
600072,2017-06-30,16.46008564,0.018,914.4492022222222,0.03311735061195104,0.9668826493880489,,2017-08-31
600072,2017-09-30,,0.023,,,,,2017-10-31
600072,2017-12-31,,0.041,,,,,2018-04-20
600072,2018-03-31,,0.015,,,,,2018-04-28
600072,2018-06-30,,0.011,,,,,2018-08-31
600072,2018-09-30,,0.004,,,,,2018-10-31
600073,2015-06-30,11.55816328,0.08,144.477041,0.3801196502531063,0.6198803497468937,,2015-08-11
600073,2015-09-30,12.10302565,0.131,92.38950877862594,0.2872340425531915,0.7127659574468085,,2015-10-31
600073,2015-12-31,12.69516775,0.17,74.67745735294118,0.37722729248152975,0.6227727075184702,,2016-04-29
600073,2016-03-31,10.21893715,0.137,74.59078211678832,0.7799717912552891,0.22002820874471085,,2016-04-29
600073,2016-06-30,10.27276825,0.216,47.55911226851852,0.7227765726681128,0.2772234273318872,,2016-08-18
600073,2016-09-30,10.7123889,0.31,34.55609322580646,0.7077114427860697,0.2922885572139303,,2016-10-18
600073,2016-12-31,,0.27,,,,,2017-04-28
600073,2017-03-31,9.30380845,0.197,47.2274540609137,0.8904705417160933,0.1095294582839067,,2017-04-28
600073,2017-06-30,8.56811675,0.297,28.848877946127946,0.8473722102231821,0.1526277897768179,,2017-08-31
600073,2017-09-30,,0.319,,,,,2017-10-31
600073,2017-12-31,,0.3,,,,,2018-03-31
600073,2018-03-31,,0.178,,,,,2018-04-21
600073,2018-06-30,,0.307,,,,,2018-08-28
600073,2018-09-30,,0.317,,,,,2018-10-30
600075,2015-06-30,10.447808,0.31,33.7026064516129,0.8504371836171192,0.14956281638288083,,2015-08-18
600075,2015-09-30,5.88995176,0.36,16.36097711111111,0.864477335800185,0.13552266419981496,,2015-10-24
600075,2015-12-31,6.99350148,0.52,13.449041307692307,0.9069969578444155,0.09300304215558453,,2016-03-30
600075,2016-03-31,6.92820268,0.25,27.71281072,0.9595674659144334,0.040432534085566574,,2016-04-29
600075,2016-06-30,7.51589188,0.4,18.7897297,0.9336225596529284,0.0663774403470716,,2016-08-30
600075,2016-09-30,8.652091,0.51,16.96488431372549,0.8996683250414593,0.10033167495854067,,2016-10-28
600075,2016-12-31,,0.59,,,,,2017-04-22
600075,2017-03-31,8.99164476,0.16,56.197779749999995,0.8596283115856069,0.14037168841439307,,2017-04-22
600075,2017-06-30,8.03711936,0.35,22.963198171428573,0.900287976961843,0.09971202303815696,,2017-08-26
600075,2017-09-30,,0.53,,,,,2017-10-25
600075,2017-12-31,,0.55,,,,,2018-04-12
600075,2018-03-31,,0.16,,,,,2018-04-28
600075,2018-06-30,,0.23,,,,,2018-08-30
600075,2018-09-30,,0.32,,,,,2018-10-27
600078,2015-06-30,14.74551847,0.0312,472.612771474359,0.12747353888633225,0.8725264611136677,,2015-07-31
600078,2015-09-30,5.89627101,0.0316,186.59085474683545,0.1410730804810361,0.8589269195189639,,2015-10-31
600078,2015-12-31,7.6486931,0.027,283.28492962962963,0.10517166449369839,0.8948283355063016,,2017-03-28
600078,2016-03-31,6.69018599,0.0169,395.8689934911243,0.2839680300893277,0.7160319699106723,,2016-04-29
600078,2016-06-30,6.26418283,0.04,156.60457075,0.3054229934924078,0.6945770065075922,,2016-08-06
600078,2016-09-30,6.66159855,0.06,111.02664250000001,0.27860696517412936,0.7213930348258706,,2016-10-27
600078,2016-12-31,,0.09,,,,,2017-03-28
600078,2017-03-31,7.1561277,0.0175,408.9215828571428,0.22815342032423883,0.7718465796757612,,2017-04-27
600078,2017-06-30,5.99366085,0.03,199.78869500000002,0.15946724262059037,0.8405327573794097,,2017-08-18
600078,2017-09-30,,0.06,,,,,2017-10-31
600078,2017-12-31,,0.14,,,,,2018-03-31
600078,2018-03-31,,0.01,,,,,2018-04-28
600078,2018-06-30,,0.04,,,,,2018-08-31
600078,2018-09-30,,0.04,,,,,2018-10-31
600081,2015-06-30,18.33033951,0.3771,48.608696658711224,0.7404509894155545,0.25954901058444546,,2016-08-10
600081,2015-09-30,14.6058768,0.4347,33.59990062111802,0.6304347826086957,0.3695652173913043,,2015-10-29
600081,2015-12-31,19.6318368,0.4884,40.196226044226044,0.5940895262929161,0.4059104737070839,,2016-03-31
600081,2016-03-31,15.5673648,0.0991,157.08743491422806,0.5434884814292431,0.4565115185707569,,2016-04-28
600081,2016-06-30,14.26268382,0.1941,73.48111190108192,0.5739696312364425,0.4260303687635575,,2016-08-10
600081,2016-09-30,13.28361276,0.2479,53.58456135538523,0.5294361525704809,0.47056384742951907,,2016-10-22
600081,2016-12-31,,0.3721,,,,,2017-03-31
600081,2017-03-31,13.08074218,0.1214,107.7491118616145,0.653222617635429,0.346777382364571,,2017-04-15
600081,2017-06-30,11.08860495,0.263,42.161996007604564,0.7192224622030238,0.28077753779697623,,2017-08-31
600081,2017-09-30,,0.4004,,,,,2017-10-27
600081,2017-12-31,,0.4461,,,,,2018-03-31
600081,2018-03-31,,0.164,,,,,2018-04-28
600081,2018-06-30,,0.3629,,,,,2018-08-28
600081,2018-09-30,,0.4408,,,,,2018-10-31
600085,2015-06-30,30.9138417,0.365,84.69545671232876,0.5595950299125633,0.44040497008743673,,2015-08-25
600085,2015-09-30,19.48641093,0.491,39.68719130346233,0.5716928769657724,0.4283071230342276,,2015-10-31
600085,2015-12-31,38.68663959,0.645,59.97928618604651,0.4485006518904824,0.5514993481095176,,2016-03-22
600085,2016-03-31,26.16399723,0.191,136.98427869109946,0.5928537846732487,0.4071462153267513,,2016-04-29
600085,2016-06-30,25.83445401,0.411,62.85755233576643,0.6255965292841649,0.37440347071583513,,2016-08-30
600085,2016-09-30,26.67412206,0.553,48.23530209764918,0.5696517412935324,0.43034825870646765,,2016-10-31
600085,2016-12-31,,0.68,,,,,2017-03-28
600085,2017-03-31,27.61772022,0.214,129.05476738317756,0.5856069592724397,0.41439304072756034,,2017-04-29
600085,2017-06-30,30.54462192,0.437,69.89616000000001,0.4888408927285817,0.5111591072714183,,2017-08-29
600085,2017-09-30,,0.597,,,,,2017-10-31
600085,2017-12-31,,0.742,,,,,2018-03-31
600085,2018-03-31,,0.231,,,,,2018-04-28
600085,2018-06-30,,0.466,,,,,2018-08-28
600085,2018-09-30,,0.62,,,,,2018-10-30
600088,2015-06-30,26.21982678,0.092,284.99811717391304,0.20570639668660837,0.7942936033133916,,2015-08-29
600088,2015-09-30,15.42151572,0.122,126.40586655737705,0.20860314523589268,0.7913968547641073,,2015-10-31
600088,2015-12-31,24.46479654,0.08,305.80995674999997,0.096045197740113,0.903954802259887,,2016-04-28
600088,2016-03-31,17.96468454,-0.027,,,,,2016-04-28
600088,2016-06-30,19.27283208,-0.01,,,,,2016-08-30
600088,2016-09-30,19.64756432,-0.038,,,,,2016-10-29
600088,2016-12-31,,-0.376,,,,,2017-04-28
600088,2017-03-31,15.37812257,0.077,199.71587753246754,0.4412811387900356,0.5587188612099644,,2017-04-28
600088,2017-06-30,14.24773704,0.15,94.98491360000001,0.3560115190784737,0.6439884809215263,,2017-08-30
600088,2017-09-30,,0.2,,,,,2017-10-28
600088,2017-12-31,,0.248,,,,,2018-04-28
600088,2018-03-31,,0.073,,,,,2018-04-28
600088,2018-06-30,,0.135,,,,,2018-08-29
600088,2018-09-30,,0.195,,,,,2018-10-30
600089,2015-06-30,8.36265903,0.3427,24.402273212722495,0.9185457892314772,0.08145421076852277,,2015-08-26
600089,2015-09-30,6.01366024,0.4984,12.065931460674157,0.9185938945420906,0.08140610545790938,,2015-10-28
600089,2015-12-31,6.71544412,0.5816,11.546499518569464,0.9295958279009127,0.07040417209908734,,2016-04-19
600089,2016-03-31,5.19776516,0.1706,30.467556623681126,0.9506346967559943,0.049365303244005676,,2016-04-29
600089,2016-06-30,4.86113712,0.3736,13.011608993576019,0.9648590021691974,0.0351409978308026,,2016-08-30
600089,2016-09-30,5.02053798,0.5443,9.223843431930922,0.972636815920398,0.027363184079602032,,2016-10-28
600089,2016-12-31,,0.68,,,,,2017-04-18
600089,2017-03-31,6.51738051,0.1895,34.39250928759894,0.9406880189798339,0.059311981020166105,,2017-04-27
600089,2017-06-30,6.36812477,0.4206,15.140572444127438,0.9600431965442765,0.0399568034557235,,2017-08-29
600089,2017-09-30,,0.546,,,,,2017-10-28
600089,2017-12-31,,0.6116,,,,,2018-04-17
600089,2018-03-31,,0.1349,,,,,2018-04-27
600089,2018-06-30,,0.3834,,,,,2018-08-28
600089,2018-09-30,,0.5218,,,,,2018-10-30
600094,2015-06-30,19.48218075,0.0649,300.1876848998459,0.1960423377818684,0.8039576622181316,,2015-08-05
600094,2015-09-30,7.63893902,0.136,56.168669264705876,0.438945420906568,0.561054579093432,,2015-10-27
600094,2015-12-31,10.21732146,0.2273,44.95082032556093,0.5528031290743155,0.4471968709256845,,2016-04-22
600094,2016-03-31,7.24448499,0.0728,99.51215645604395,0.6976962858486131,0.3023037141513869,,2016-04-28
600094,2016-06-30,9.1397885,0.1742,52.46721297359357,0.6876355748373102,0.3123644251626898,,2016-08-08
600094,2016-09-30,9.29372178,0.3901,23.823947141758524,0.8121890547263682,0.18781094527363185,,2016-10-27
600094,2016-12-31,,0.3949,,,,,2017-04-25
600094,2017-03-31,7.7928723,0.1125,69.269976,0.8026888098062476,0.19731119019375243,,2017-04-25
600094,2017-06-30,7.37917661,0.1595,46.26443015673981,0.6789056875449964,0.32109431245500364,,2017-08-30
600094,2017-09-30,,0.2654,,,,,2017-10-18
600094,2017-12-31,,0.5704,,,,,2018-03-06
600094,2018-03-31,,0.0152,,,,,2018-04-27
600094,2018-06-30,,0.1072,,,,,2018-08-30
600094,2018-09-30,,0.0225,,,,,2018-10-30
600095,2015-06-30,12.665952,-0.0295,,,,,2015-08-20
600095,2015-09-30,9.64752,-0.0284,,,,,2015-10-31
600095,2015-12-31,10.631376,0.0404,263.15287128712873,0.11603650586701435,0.8839634941329857,,2016-03-23
600095,2016-03-31,9.0744,-0.0067,,,,,2016-04-30
600095,2016-06-30,9.485136,-0.0246,,,,,2016-08-31
600095,2016-09-30,10.7092944,-0.0321,,,,,2016-10-31
600095,2016-12-31,,0.0426,,,,,2017-03-22
600095,2017-03-31,10.87184619,-0.0217,,,,,2017-04-29
600095,2017-06-30,8.22305238,-0.0326,,,,,2017-08-31
600095,2017-09-30,,0.017,,,,,2017-10-31
600095,2017-12-31,,0.058,,,,,2018-03-23
600095,2018-03-31,,-0.015,,,,,2018-04-28
600095,2018-06-30,,-0.0354,,,,,2018-08-28
600095,2018-09-30,,-0.0073,,,,,2018-10-31
600096,2015-06-30,12.6008156,0.0304,414.5005131578948,0.1486424298205246,0.8513575701794753,,2015-08-18
600096,2015-09-30,8.16115,0.0379,215.3337730870712,0.11609620721554116,0.8839037927844589,,2015-10-31
600096,2015-12-31,10.58501155,0.0896,118.13628962053572,0.2459800086918731,0.7540199913081269,,2016-03-15
600096,2016-03-31,7.8999932,-0.2957,,,,,2016-04-27
600096,2016-06-30,7.5898695,-0.7363,,,,,2016-08-26
600096,2016-09-30,6.91249405,-1.1114,,,,,2016-10-29
600096,2016-12-31,,-2.4876,,,,,2017-03-30
600096,2017-03-31,7.18997315,0.0228,315.3496995614035,0.3040727560300514,0.6959272439699487,,2017-04-29
600096,2017-06-30,6.039251,-0.2457,,,,,2017-08-31
600096,2017-09-30,,0.0159,,,,,2017-10-27
600096,2017-12-31,,0.1528,,,,,2018-03-23
600096,2018-03-31,,0.0388,,,,,2018-04-27
600096,2018-06-30,,0.0499,,,,,2018-08-14
600096,2018-09-30,,0.0628,,,,,2018-10-27
600103,2015-06-30,6.26330962,-0.07,,,,,2015-08-25
600103,2015-09-30,3.88295442,-0.0835,,,,,2015-10-28
600103,2015-12-31,5.75004553,-0.138,,,,,2016-04-26
600103,2016-03-31,3.97221774,-0.0215,,,,,2016-04-28
600103,2016-06-30,3.89783164,0.0028,1392.0827285714286,0.026030368763557483,0.9739696312364425,,2016-08-26
600103,2016-09-30,5.27397449,0.0341,154.6620085043988,0.19900497512437812,0.8009950248756219,,2016-10-28
600103,2016-12-31,,0.0363,,,,,2017-04-11
600103,2017-03-31,3.85319998,0.0131,294.1374030534351,0.3254250691973112,0.6745749308026888,,2017-04-27
600103,2017-06-30,2.96056678,0.0359,82.46704122562674,0.40964722822174227,0.5903527717782577,,2017-08-22
600103,2017-09-30,,0.0568,,,,,2017-10-27
600103,2017-12-31,,0.0594,,,,,2018-04-17
600103,2018-03-31,,0.0286,,,,,2018-04-27
600103,2018-06-30,,0.0551,,,,,2018-08-21
600103,2018-09-30,,0.0747,,,,,2018-10-30
600104,2015-06-30,14.308625,1.285,11.13511673151751,0.9848136217211229,0.015186378278877144,,2015-08-28
600104,2015-09-30,11.2327656,1.928,5.8261232365145235,0.9861239592969473,0.013876040703052706,,2015-10-30
600104,2015-12-31,14.18805274,2.702,5.250944759437454,0.9869621903520208,0.013037809647979182,,2016-04-22
600104,2016-03-31,13.41245702,0.72,18.62841252777778,0.9802538787023978,0.019746121297602226,,2016-04-30
600104,2016-06-30,13.56623893,1.366,9.931360856515374,0.9830802603036877,0.01691973969631233,,2016-08-25
600104,2016-09-30,15.61022995,2.094,7.454742096466094,0.9821724709784412,0.01782752902155882,,2016-10-29
600104,2016-12-31,,2.903,,,,,2017-04-06
600104,2017-03-31,18.13215726,0.721,25.148623106796116,0.9659944642151048,0.03400553578489518,,2017-04-29
600104,2017-06-30,23.39614395,1.379,16.966021718636693,0.9478041756659468,0.05219582433405323,,2017-08-30
600104,2017-09-30,,2.122,,,,,2017-10-31
600104,2017-12-31,,2.959,,,,,2018-03-30
600104,2018-03-31,,0.831,,,,,2018-04-28
600104,2018-06-30,,1.625,,,,,2018-08-31
600104,2018-09-30,,2.369,,,,,2018-10-30
600105,2015-06-30,7.952913,0.108,73.63808333333333,0.6033133916244823,0.3966866083755177,,2015-08-25
600105,2015-09-30,4.9408695,0.134,36.87216044776119,0.5952821461609621,0.4047178538390379,,2015-10-20
600105,2015-12-31,8.04026925,0.2,40.20134624999999,0.5936549326379835,0.4063450673620165,,2016-04-28
600105,2016-03-31,5.632731,0.048,117.34856249999999,0.6393982134461683,0.3606017865538317,,2016-04-30
600105,2016-06-30,6.56320713,0.121,54.24138123966942,0.6815618221258134,0.3184381778741866,,2016-08-20
600105,2016-09-30,7.18660674,0.169,42.524300236686386,0.6227197346600332,0.37728026533996684,,2016-10-28
600105,2016-12-31,,0.27,,,,,2017-04-18
600105,2017-03-31,7.03250796,0.059,119.19505016949154,0.6192170818505338,0.3807829181494662,,2017-04-28
600105,2017-06-30,5.7227598,0.108,52.98851666666667,0.6133909287257019,0.3866090712742981,,2017-08-18
600105,2017-09-30,,0.137,,,,,2017-10-28
600105,2017-12-31,,0.23,,,,,2018-04-03
600105,2018-03-31,,0.0322,,,,,2018-04-28
600105,2018-06-30,,0.062,,,,,2018-08-08
600105,2018-09-30,,0.084,,,,,2018-10-30
600108,2015-06-30,10.25126144,0.0447,229.33470782997765,0.25034514496088356,0.7496548550391164,,2015-08-28
600108,2015-09-30,7.14283885,0.0556,128.4683246402878,0.20444033302497688,0.7955596669750231,,2015-10-29
600108,2015-12-31,7.2716279,0.0632,115.05740348101266,0.2524989135158627,0.7475010864841374,,2016-04-28
600108,2016-03-31,5.53792915,0.0069,802.598427536232,0.1457451810061119,0.8542548189938881,,2016-04-28
600108,2016-06-30,5.00295925,0.0204,245.24310049019607,0.19913232104121475,0.8008676789587852,,2016-08-26
600108,2016-09-30,5.21096625,0.0279,186.77298387096775,0.15961857379767827,0.8403814262023217,,2016-10-28
600108,2016-12-31,,0.0388,,,,,2017-04-28
600108,2017-03-31,5.19111495,0.01,519.111495,0.18307631474891262,0.8169236852510874,,2017-04-28
600108,2017-06-30,4.27795515,0.0178,240.33455898876406,0.1306695464362851,0.869330453563715,,2017-08-30
600108,2017-09-30,,0.0318,,,,,2017-10-28
600108,2017-12-31,,0.0503,,,,,2018-04-20
600108,2018-03-31,,0.0132,,,,,2018-04-20
600108,2018-06-30,,0.0233,,,,,2018-08-29
600108,2018-09-30,,0.0322,,,,,2018-10-31
600109,2015-06-30,22.36809,0.43,52.01881395348837,0.7179015186378279,0.2820984813621721,,2015-08-27
600109,2015-09-30,11.0923725,0.577,19.224215771230504,0.8214616096207216,0.17853839037927843,,2015-10-29
600109,2015-12-31,14.777607,0.801,18.44894756554307,0.8418079096045198,0.1581920903954802,,2016-03-21
600109,2016-03-31,13.22834175,0.105,125.98420714285714,0.6191819464033851,0.3808180535966149,,2016-04-25
600109,2016-06-30,12.43331844,0.211,58.925679810426544,0.6542299349240781,0.3457700650759219,,2016-08-29
600109,2016-09-30,11.77844781,0.335,35.15954570149253,0.7002487562189055,0.2997512437810945,,2016-10-28
600109,2016-12-31,,0.429,,,,,2017-04-12
600109,2017-03-31,12.6362361,0.094,134.42804361702127,0.5733491498616053,0.42665085013839465,,2017-04-27
600109,2017-06-30,10.8557086,0.182,59.64675054945055,0.5629949604031678,0.43700503959683223,,2017-08-30
600109,2017-09-30,,0.291,,,,,2017-10-30
600109,2017-12-31,,0.397,,,,,2018-03-29
600109,2018-03-31,,0.09,,,,,2018-04-26
600109,2018-06-30,,0.164,,,,,2018-08-29
600109,2018-09-30,,0.235,,,,,2018-10-30
600110,2015-06-30,13.36699253,0.031,431.1933074193548,0.1394385641969627,0.8605614358030373,,2015-08-25
600110,2015-09-30,13.36699253,-0.4651,,,,,2015-10-31
600110,2015-12-31,9.39486365,0.1396,67.2984502148997,0.41199478487614083,0.5880052151238592,,2017-03-31
600110,2016-03-31,6.51312309,0.0077,845.8601415584415,0.1382228490832158,0.8617771509167842,,2017-04-29
600110,2016-06-30,9.57984024,0.0172,556.9674558139534,0.0911062906724512,0.9088937093275488,,2016-07-26
600110,2016-09-30,9.81349488,0.0236,415.82605423728813,0.07213930348258707,0.927860696517413,,2016-10-25
600110,2016-12-31,,0.0228,,,,,2017-03-31
600110,2017-03-31,13.11386667,0.0308,425.7748918831169,0.21984974298141557,0.7801502570185844,,2017-04-29
600110,2017-06-30,13.71747449,0.1,137.1747449,0.23686105111591071,0.7631389488840893,,2017-08-01
600110,2017-09-30,,0.1422,,,,,2017-10-26
600110,2017-12-31,,0.1652,,,,,2018-04-26
600110,2018-03-31,,0.0207,,,,,2018-04-26
600110,2018-06-30,,0.0288,,,,,2018-08-29
600110,2018-09-30,,0.0528,,,,,2018-10-19
600111,2015-06-30,17.42285324,0.0717,242.99655843793582,0.23653934652554073,0.7634606534744592,,2015-08-22
600111,2015-09-30,12.1498949,0.083,146.38427590361445,0.18131359851988899,0.818686401480111,,2015-10-23
600111,2015-12-31,13.46573332,0.09,149.61925911111112,0.19556714471968709,0.8044328552803129,,2016-04-16
600111,2016-03-31,12.17870888,0.002,6089.35444,0.013164080865068171,0.9868359191349318,,2016-04-23
600111,2016-06-30,12.81178008,0.009,1423.53112,0.025162689804772233,0.9748373101952278,,2016-08-19
600111,2016-09-30,11.89734048,0.009,1321.9267200000002,0.0203150912106136,0.9796849087893864,,2016-10-22
600111,2016-12-31,,0.025,,,,,2017-04-15
600111,2017-03-31,11.65669848,0.02,582.834924,0.16488730723606168,0.8351126927639383,,2017-04-28
600111,2017-06-30,10.91597914,0.0308,354.4149071428571,0.08423326133909287,0.9157667386609072,,2017-08-18
600111,2017-09-30,,0.096,,,,,2017-10-28
600111,2017-12-31,,0.1105,,,,,2018-04-20
600111,2018-03-31,,0.03,,,,,2018-04-28
600111,2018-06-30,,0.0599,,,,,2018-08-24
600111,2018-09-30,,0.104,,,,,2018-10-20
600113,2015-06-30,14.62216384,0.12,121.85136533333335,0.4302807179015186,0.5697192820984813,,2015-08-29
600113,2015-09-30,6.88244548,0.21,32.77354990476191,0.6424606845513413,0.3575393154486587,,2015-10-31
600113,2015-12-31,11.98564536,0.29,41.3298115862069,0.5845284658843981,0.4154715341156019,,2016-04-23
600113,2016-03-31,9.7454134,0.07,139.2201914285714,0.5853314527503526,0.4146685472496474,,2016-04-30
600113,2016-06-30,9.7454134,0.16,60.90883375,0.6403470715835141,0.3596529284164859,,2016-07-30
600113,2016-09-30,14.9257048,0.25,59.7028192,0.4896351575456053,0.5103648424543947,,2016-10-31
600113,2016-12-31,,0.31,,,,,2017-03-11
600113,2017-03-31,14.8204802,0.04,370.512005,0.2586002372479241,0.7413997627520759,,2017-04-28
600113,2017-06-30,11.20124892,0.13,86.16345323076922,0.39164866810655147,0.6083513318934486,,2017-08-18
600113,2017-09-30,,0.24,,,,,2017-10-28
600113,2017-12-31,,0.3,,,,,2018-03-09
600113,2018-03-31,,0.05,,,,,2018-04-28
600113,2018-06-30,,0.15,,,,,2018-07-31
600113,2018-09-30,,0.27,,,,,2018-10-31
600115,2015-06-30,11.9022288,0.28,42.50796,0.7846295444086516,0.21537045559134838,,2015-08-15
600115,2015-09-30,7.0427961,0.42,16.768562142857146,0.8561517113783533,0.14384828862164667,,2015-10-28
600115,2015-12-31,7.3519449,0.36,20.422069166666667,0.81877444589309,0.18122555410691,,2016-03-31
600115,2016-03-31,5.8738272,0.2,29.369135999999997,0.9525152797367183,0.047484720263281655,,2016-04-29
600115,2016-06-30,6.3858549,0.25,25.5434196,0.8793926247288504,0.12060737527114962,,2016-08-31
600115,2016-09-30,5.9994189,0.49,12.243712040816327,0.9490049751243781,0.05099502487562191,,2016-10-28
600115,2016-12-31,,0.33,,,,,2017-03-31
600115,2017-03-31,6.68701755,0.19,35.194829210526315,0.9375247133254251,0.062475286674574915,,2017-04-28
600115,2017-06-30,6.618882,0.3,22.06294,0.906407487401008,0.09359251259899204,,2017-08-30
600115,2017-09-30,,0.55,,,,,2017-10-27
600115,2017-12-31,,0.44,,,,,2018-03-30
600115,2018-03-31,,0.14,,,,,2018-04-27
600115,2018-06-30,,0.16,,,,,2018-08-31
600115,2018-09-30,,0.31,,,,,2018-10-27
600117,2015-06-30,10.07,-0.32,,,,,2015-08-31
600117,2015-09-30,5.12,-0.68,,,,,2015-10-30
600117,2015-12-31,6.97,-2.18,,,,,2016-04-29
600117,2016-03-31,6.24,-0.34,,,,,2016-04-30
600117,2016-06-30,5.03,-0.49,,,,,2016-08-30
600117,2016-09-30,5.07,-0.47,,,,,2016-10-29
600117,2016-12-31,,0.09,,,,,2017-04-11
600117,2017-03-31,6.15,0.01,615.0,0.15579280347963623,0.8442071965203638,,2017-04-29
600117,2017-06-30,5.04,0.01,504.0,0.05579553635709143,0.9442044636429086,,2017-08-16
600117,2017-09-30,,-0.15,,,,,2017-10-31
600117,2017-12-31,,0.06,,,,,2018-04-10
600117,2018-03-31,,0.01,,,,,2018-04-28
600117,2018-06-30,,0.01,,,,,2018-08-30
600117,2018-09-30,,-0.55,,,,,2018-10-31
600118,2015-06-30,55.15163392,0.14,393.94024228571425,0.15646571560055222,0.8435342843994478,,2015-08-26
600118,2015-09-30,34.64405656,0.2,173.2202828,0.15263644773358,0.84736355226642,,2015-10-30
600118,2015-12-31,41.18944008,0.32,128.71700024999998,0.22294654498044328,0.7770534550195567,,2016-03-12
600118,2016-03-31,34.5665964,0.05,691.331928,0.1692524682651622,0.8307475317348378,,2016-04-27
600118,2016-06-30,32.6420976,0.14,233.15783999999996,0.21084598698481563,0.7891540130151844,,2016-08-23
600118,2016-09-30,30.92255853,0.2,154.61279265,0.1994195688225539,0.800580431177446,,2016-10-29
600118,2016-12-31,,0.34,,,,,2017-03-11
600118,2017-03-31,31.23343565,0.05,624.668713,0.15381573744563068,0.8461842625543693,,2017-04-26
600118,2017-06-30,27.15739104,0.15,181.04927360000002,0.1767458603311735,0.8232541396688264,,2017-08-25
600118,2017-09-30,,0.22,,,,,2017-10-27
600118,2017-12-31,,0.35,,,,,2018-03-15
600118,2018-03-31,,0.05,,,,,2018-04-26
600118,2018-06-30,,0.15,,,,,2018-08-24
600118,2018-09-30,,0.23,,,,,2018-10-26
600120,2015-06-30,6.96422555,0.59,11.80377211864407,0.9838932351587667,0.0161067648412333,,2015-08-28
600120,2015-09-30,3.72269832,0.89,4.182807101123595,0.9944495837187789,0.005550416281221104,,2015-10-31
600120,2015-12-31,4.09826988,1.16,3.532991275862069,0.9943502824858758,0.005649717514124242,,2016-03-15
600120,2016-03-31,4.09826988,0.28,14.636678142857143,0.9873060648801129,0.012693935119887145,,2016-04-30
600120,2016-06-30,4.50727823,0.72,6.260108652777777,0.9939262472885032,0.006073752711496794,,2016-08-24
600120,2016-09-30,6.16818223,0.9,6.8535358111111115,0.9867330016583747,0.013266998341625258,,2016-10-29
600120,2016-12-31,,1.27,,,,,2017-04-08
600120,2017-03-31,5.73219493,0.37,15.492418729729732,0.9869513641755635,0.013048635824436494,,2017-04-29
600120,2017-06-30,5.6073024,0.58,9.66776275862069,0.9856011519078474,0.014398848092152639,,2017-08-31
600120,2017-09-30,,0.89,,,,,2017-10-31
600120,2017-12-31,,1.1,,,,,2018-04-11
600120,2018-03-31,,0.34,,,,,2018-04-28
600120,2018-06-30,,0.38,,,,,2018-08-31
600120,2018-09-30,,0.5,,,,,2018-10-30
600121,2015-06-30,7.4524554,-0.17,,,,,2015-08-29
600121,2015-09-30,4.09556745,-0.42,,,,,2015-10-31
600121,2015-12-31,5.9915115,-0.536,,,,,2016-04-19
600121,2016-03-31,4.0709448,-0.1192,,,,,2016-04-30
600121,2016-06-30,3.939624,-0.19,,,,,2016-08-30
600121,2016-09-30,4.76858655,-0.14,,,,,2016-10-29
600121,2016-12-31,,-0.6186,,,,,2017-04-18
600121,2017-03-31,4.07915235,0.2244,18.178040775401072,0.9818109924871491,0.018189007512850908,,2017-04-29
600121,2017-06-30,4.12839765,0.4,10.320994125,0.9841612670986322,0.015838732901367836,,2017-08-26
600121,2017-09-30,,0.6059,,,,,2017-10-31
600121,2017-12-31,,0.618,,,,,2018-03-31
600121,2018-03-31,,0.0408,,,,,2018-04-28
600121,2018-06-30,,0.1012,,,,,2018-08-30
600121,2018-09-30,,0.1623,,,,,2018-10-30
600125,2015-06-30,13.02131528,0.12,108.51096066666666,0.47215830648872525,0.5278416935112747,,2015-08-21
600125,2015-09-30,6.8355576,0.178,38.402008988764045,0.5823311748381128,0.4176688251618872,,2015-10-27
600125,2015-12-31,7.75540424,0.215,36.07164762790698,0.6353759235115167,0.3646240764884833,,2016-03-25
600125,2016-03-31,5.93258888,0.041,144.69728975609755,0.5693464974141984,0.4306535025858016,,2016-04-27
600125,2016-06-30,5.43601786,0.097,56.0414212371134,0.6715835140997831,0.3284164859002169,,2016-08-25
600125,2016-09-30,5.70056504,0.148,38.51733135135135,0.664179104477612,0.33582089552238803,,2016-10-27
600125,2016-12-31,,0.185,,,,,2017-03-24
600125,2017-03-31,8.37163818,0.068,123.11232617647057,0.6037959667852907,0.3962040332147093,,2017-04-29
600125,2017-06-30,7.70024192,0.141,54.61164482269504,0.5986321094312455,0.40136789056875455,,2017-08-25
600125,2017-09-30,,0.213,,,,,2017-10-27
600125,2017-12-31,,0.253,,,,,2018-03-30
600125,2018-03-31,,0.098,,,,,2018-04-28
600125,2018-06-30,,0.213,,,,,2018-08-30
600125,2018-09-30,,0.313,,,,,2018-10-26
600126,2015-06-30,6.2745033,-0.3,,,,,2015-08-22
600126,2015-09-30,4.5091794,-0.55,,,,,2015-10-24
600126,2015-12-31,5.3620887,-1.78,,,,,2016-04-16
600126,2016-03-31,4.5686847,0.05,91.373694,0.7197931358721203,0.28020686412787965,,2016-04-30
600126,2016-06-30,3.96702,0.23,17.24791304347826,0.9440347071583514,0.05596529284164864,,2016-08-27
600126,2016-09-30,5.7191205,0.28,20.425430357142854,0.8553067993366501,0.1446932006633499,,2016-10-29
600126,2016-12-31,,0.32,,,,,2017-04-22
600126,2017-03-31,5.5141578,0.08,68.9269725,0.8038750494266509,0.1961249505733491,,2017-04-29
600126,2017-06-30,4.5356262,0.14,32.39733,0.8160547156227502,0.18394528437724977,,2017-08-26
600126,2017-09-30,,0.35,,,,,2017-10-28
600126,2017-12-31,,0.53,,,,,2018-04-21
600126,2018-03-31,,0.15,,,,,2018-04-28
600126,2018-06-30,,0.34,,,,,2018-08-25
600126,2018-09-30,,0.48,,,,,2018-10-30
600127,2015-06-30,9.89,-0.1336,,,,,2015-08-15
600127,2015-09-30,5.95,-0.1614,,,,,2015-10-23
600127,2015-12-31,7.32,-0.27,,,,,2016-04-16
600127,2016-03-31,5.83,0.0104,560.5769230769231,0.2059238363892807,0.7940761636107193,,2016-04-29
600127,2016-06-30,6.21,0.0152,408.55263157894734,0.12190889370932755,0.8780911062906724,,2016-08-12
600127,2016-09-30,6.95,0.0212,327.8301886792453,0.08955223880597014,0.9104477611940298,,2016-10-29
600127,2016-12-31,,0.02,,,,,2017-03-25
600127,2017-03-31,7.09,0.0065,1090.7692307692307,0.08066429418742586,0.9193357058125742,,2017-04-29
600127,2017-06-30,5.64,0.0109,517.4311926605504,0.0550755939524838,0.9449244060475162,,2017-08-19
600127,2017-09-30,,0.0141,,,,,2017-10-28
600127,2017-12-31,,0.02,,,,,2018-04-13
600127,2018-03-31,,0.0076,,,,,2018-04-28
600127,2018-06-30,,0.0079,,,,,2018-08-18
600127,2018-09-30,,-0.0273,,,,,2018-10-31
600128,2015-06-30,16.6932375,0.0869,192.09709436133485,0.29682466635987115,0.7031753336401289,,2016-08-31
600128,2015-09-30,10.46762508,0.1287,81.33352820512819,0.3172987974098057,0.6827012025901943,,2015-10-31
600128,2015-12-31,14.05857708,0.2683,52.39872187849422,0.5028248587570622,0.4971751412429378,,2016-04-16
600128,2016-03-31,11.8052547,-0.0033,,,,,2016-04-30
600128,2016-06-30,11.51797854,0.0659,174.7796440060698,0.28156182212581343,0.7184381778741866,,2016-08-31
600128,2016-09-30,13.3949829,0.1232,108.72551055194805,0.28233830845771146,0.7176616915422885,,2016-10-29
600128,2016-12-31,,0.096,,,,,2017-04-28
600128,2017-03-31,12.87979125,-0.0121,,,,,2017-04-28
600128,2017-06-30,9.84287205,0.0048,2050.5983437500004,0.012958963282937365,0.9870410367170627,,2017-08-31
600128,2017-09-30,,0.0241,,,,,2017-10-28
600128,2017-12-31,,0.0497,,,,,2018-04-03
600128,2018-03-31,,-0.0763,,,,,2018-04-28
600128,2018-06-30,,-0.1487,,,,,2018-08-22
600128,2018-09-30,,-0.1639,,,,,2018-10-30
600129,2015-06-30,26.2132683,0.4216,62.17568382352941,0.660377358490566,0.339622641509434,,2015-08-29
600129,2015-09-30,15.2348973,0.4749,32.08022173089071,0.6530989824236818,0.3469010175763182,,2015-10-31
600129,2015-12-31,20.54110995,0.54,38.039092499999995,0.6132116471099522,0.38678835289004776,,2016-04-16
600129,2016-03-31,16.13050125,2.1544,7.48723600538433,0.998119417019276,0.0018805829807240215,,2016-04-30
600129,2016-06-30,17.05499565,2.26,7.546458252212389,0.9900216919739696,0.009978308026030391,,2016-08-20
600129,2016-09-30,18.1817232,2.18,8.34024,0.9788557213930348,0.021144278606965217,,2016-10-29
600129,2016-12-31,,2.01,,,,,2017-04-29
600129,2017-03-31,17.07425595,0.0054,3161.89925,0.02332937920126532,0.9766706207987347,,2017-04-29
600129,2017-06-30,12.97181205,0.0814,159.3588703931204,0.20302375809935205,0.796976241900648,,2017-08-05
600129,2017-09-30,,0.1833,,,,,2017-10-28
600129,2017-12-31,,0.23,,,,,2018-04-21
600129,2018-03-31,,0.02,,,,,2018-04-28
600129,2018-06-30,,0.1,,,,,2018-08-18
600129,2018-09-30,,0.26,,,,,2018-10-25
600130,2015-06-30,16.21,0.03,540.3333333333334,0.11090658076392085,0.8890934192360791,,2015-08-18
600130,2015-09-30,6.04,0.04,151.0,0.17391304347826086,0.8260869565217391,,2015-10-31
600130,2015-12-31,10.99,0.08,137.375,0.2094741416775315,0.7905258583224685,,2016-03-29
600130,2016-03-31,8.67,0.01,867.0,0.13446168312176776,0.8655383168782322,,2016-04-30
600130,2016-06-30,8.97,0.02,448.5,0.11062906724511931,0.8893709327548807,,2016-08-30
600130,2016-09-30,9.31,0.03,310.33333333333337,0.09701492537313433,0.9029850746268657,,2016-10-29
600130,2016-12-31,,0.04,,,,,2017-03-28
600130,2017-03-31,7.62,-0.01,,,,,2017-04-29
600130,2017-06-30,5.93,-0.04,,,,,2017-08-29
600130,2017-09-30,,-0.09,,,,,2017-10-31
600130,2017-12-31,,-0.2,,,,,2018-04-21
600130,2018-03-31,,0.009,,,,,2018-04-21
600130,2018-06-30,,0.04,,,,,2018-08-28
600130,2018-09-30,,0.05,,,,,2018-10-31
600131,2015-06-30,9.97608288,0.152,65.63212421052631,0.6465715600552232,0.3534284399447768,,2015-08-08
600131,2015-09-30,6.31083696,0.24,26.295154,0.7183163737280296,0.2816836262719704,,2015-10-30
600131,2015-12-31,9.07584704,0.25,36.30338816,0.6323337679269883,0.36766623207301175,,2016-03-19
600131,2016-03-31,7.3947944,0.087,84.9976367816092,0.7395392571697226,0.2604607428302774,,2016-04-23
600131,2016-06-30,9.4186596,0.245,38.44350857142857,0.779175704989154,0.220824295010846,,2016-07-30
600131,2016-09-30,10.12967606,0.326,31.072625950920244,0.7388059701492538,0.26119402985074625,,2016-10-22
600131,2016-12-31,,0.33,,,,,2017-03-18
600131,2017-03-31,10.21278188,0.005,2042.556376,0.03716884143930407,0.9628311585606959,,2017-04-26
600131,2017-06-30,7.50671592,0.075,100.08954560000001,0.3408927285817135,0.6591072714182865,,2017-08-12
600131,2017-09-30,,0.118,,,,,2017-10-28
600131,2017-12-31,,0.16,,,,,2018-03-31
600131,2018-03-31,,0.073,,,,,2018-04-26
600131,2018-06-30,,0.165,,,,,2018-08-18
600131,2018-09-30,,0.218,,,,,2018-10-31
600132,2015-06-30,16.84266296,0.17,99.07448799999999,0.5025310630464795,0.49746893695352046,,2015-08-29
600132,2015-09-30,9.85729564,0.36,27.38137677777778,0.7044403330249769,0.2955596669750231,,2015-10-29
600132,2015-12-31,11.95888902,-0.14,,,,,2016-04-09
600132,2016-03-31,10.12653892,0.05,202.53077839999997,0.459332393041843,0.5406676069581571,,2016-04-29
600132,2016-06-30,11.50868831,0.2,57.54344155,0.6607375271149675,0.33926247288503253,,2016-08-27
600132,2016-09-30,13.43311677,0.54,24.876142166666664,0.8014096185737977,0.19859038142620233,,2016-10-28
600132,2016-12-31,,0.37,,,,,2017-04-14
600132,2017-03-31,16.42583032,0.1,164.25830319999997,0.5065243179122183,0.4934756820877817,,2017-04-28
600132,2017-06-30,18.26459712,0.33,55.347264,0.5928725701943844,0.40712742980561556,,2017-08-26
600132,2017-09-30,,0.65,,,,,2017-10-28
600132,2017-12-31,,0.68,,,,,2018-04-14
600132,2018-03-31,,0.16,,,,,2018-04-28
600132,2018-06-30,,0.43,,,,,2018-08-24
600132,2018-09-30,,0.79,,,,,2018-10-31
600133,2015-06-30,9.84789845,0.0196,502.4437984693878,0.11965025310630464,0.8803497468936954,,2015-08-31
600133,2015-09-30,8.17093225,0.06,136.18220416666668,0.1942645698427382,0.8057354301572618,,2015-10-31
600133,2015-12-31,10.3526995,0.2209,46.86600045269353,0.5423728813559322,0.4576271186440678,,2016-03-31
600133,2016-03-31,7.3752289,0.0182,405.2323571428571,0.2759755524212506,0.7240244475787494,,2016-04-29
600133,2016-06-30,6.4682982,0.023,281.23035652173917,0.17440347071583515,0.8255965292841648,,2016-08-30
600133,2016-09-30,7.2725575,0.0512,142.042138671875,0.21766169154228857,0.7823383084577115,,2016-10-29
600133,2016-12-31,,0.2296,,,,,2017-04-18
600133,2017-03-31,6.83620405,1.0829,6.312867346938776,0.9996045867931989,0.0003954132068011429,,2017-04-29
600133,2017-06-30,8.20515605,1.1269,7.281174948975064,0.9935205183585313,0.006479481641468721,,2017-08-30
600133,2017-09-30,,1.1576,,,,,2017-10-31
600133,2017-12-31,,1.4395,,,,,2018-04-17
600133,2018-03-31,,0.0413,,,,,2018-04-28
600133,2018-06-30,,0.1891,,,,,2018-08-28
600133,2018-09-30,,0.2411,,,,,2018-10-30
600135,2015-06-30,19.4176,0.0282,688.5673758865248,0.08651633686148182,0.9134836631385181,,2015-08-26
600135,2015-09-30,13.0000832,0.0869,149.59819562715765,0.1757631822386679,0.8242368177613321,,2015-10-28
600135,2015-12-31,21.0292608,0.1015,207.18483546798026,0.14950021729682747,0.8504997827031725,,2016-03-30
600135,2016-03-31,15.4661184,0.0386,400.6766424870466,0.27973671838269865,0.7202632816173014,,2016-04-29
600135,2016-06-30,16.55428174,0.0793,208.7551291298865,0.23210412147505424,0.7678958785249458,,2016-08-26
600135,2016-09-30,14.70627144,0.111,132.4889318918919,0.23383084577114427,0.7661691542288558,,2016-10-29
600135,2016-12-31,,0.1103,,,,,2017-03-30
600135,2017-03-31,14.0059728,0.0715,195.88773146853148,0.4515618821668644,0.5484381178331357,,2017-04-28
600135,2017-06-30,15.19036594,0.1334,113.87080914542729,0.2940964722822174,0.7059035277177825,,2017-08-26
600135,2017-09-30,,0.1864,,,,,2017-10-28
600135,2017-12-31,,0.1588,,,,,2018-03-31
600135,2018-03-31,,0.0475,,,,,2018-04-28
600135,2018-06-30,,0.0693,,,,,2018-08-25
600135,2018-09-30,,0.1265,,,,,2018-10-25
600138,2015-06-30,19.97671104,0.2287,87.34897700043726,0.5453290381960424,0.4546709618039576,,2015-08-06
600138,2015-09-30,19.1167884,0.3957,48.31131766489765,0.4888991674375578,0.5111008325624422,,2015-10-27
600138,2015-12-31,22.16976804,0.41,54.072604975609764,0.4919600173837462,0.5080399826162538,,2016-04-22
600138,2016-03-31,19.86814476,0.1093,181.77625580969809,0.49741419840150447,0.5025858015984955,,2016-04-29
600138,2016-06-30,18.37494288,0.4396,41.79923312101911,0.7566160520607376,0.24338394793926243,,2016-08-11
600138,2016-09-30,19.55480868,0.606,32.26866118811881,0.7292703150912107,0.27072968490878935,,2016-10-29
600138,2016-12-31,,0.67,,,,,2017-04-20
600138,2017-03-31,20.86419714,0.1197,174.30406967418548,0.4903123764333729,0.5096876235666271,,2017-04-28
600138,2017-06-30,20.12826348,0.4792,42.0038887312187,0.7199424046076314,0.28005759539236863,,2017-08-25
600138,2017-09-30,,0.6924,,,,,2017-10-28
600138,2017-12-31,,0.79,,,,,2018-04-27
600138,2018-03-31,,0.1365,,,,,2018-04-27
600138,2018-06-30,,0.5594,,,,,2018-08-24
600138,2018-09-30,,0.7551,,,,,2018-10-26
600141,2015-06-30,11.54337634,0.1,115.43376339999999,0.44730786930510813,0.5526921306948919,,2015-08-04
600141,2015-09-30,8.039496,0.2,40.19748,0.5652173913043478,0.4347826086956522,,2015-10-16
600141,2015-12-31,9.79478596,0.15,65.29857306666668,0.41938287700999566,0.5806171229900043,,2016-03-08
600141,2016-03-31,7.68441826,0.028,274.4435092857143,0.3709449929478138,0.6290550070521862,,2016-04-28
600141,2016-06-30,7.79328,0.07,111.33257142857143,0.4108459869848156,0.5891540130151844,,2016-07-26
600141,2016-09-30,8.882445,0.15,59.216300000000004,0.49212271973466004,0.50787728026534,,2016-10-14
600141,2016-12-31,,0.17,,,,,2017-03-21
600141,2017-03-31,9.883665,0.035,282.3904285714286,0.33807829181494664,0.6619217081850534,,2017-04-15
600141,2017-06-30,8.43953146,0.1299,64.96944926866821,0.5244780417566595,0.47552195824334054,,2017-08-12
600141,2017-09-30,,0.3164,,,,,2017-10-21
600141,2017-12-31,,0.42,,,,,2018-03-31
600141,2018-03-31,,0.108,,,,,2018-04-21
600141,2018-06-30,,0.2272,,,,,2018-08-11
600141,2018-09-30,,0.4975,,,,,2018-10-30
600143,2015-06-30,9.78325656,0.165,59.292463999999995,0.6751035434882651,0.32489645651173493,,2015-08-11
600143,2015-09-30,5.71237128,0.2126,26.869102916274695,0.7104532839962997,0.2895467160037003,,2015-10-22
600143,2015-12-31,7.0583898,0.28,25.208534999999998,0.7544545849630595,0.2455454150369405,,2017-04-25
600143,2016-03-31,5.24454777,0.0972,53.95625277777778,0.8584861307005172,0.14151386929948284,,2016-04-26
600143,2016-06-30,5.36988452,0.1762,30.476075595913738,0.8386117136659436,0.16138828633405644,,2016-08-16
600143,2016-09-30,5.45326782,0.2409,22.6370602739726,0.8275290215588723,0.1724709784411277,,2016-10-19
600143,2016-12-31,,0.288,,,,,2017-04-25
600143,2017-03-31,6.45386742,0.0468,137.90314999999998,0.564650059311981,0.435349940688019,,2017-04-25
600143,2017-06-30,5.12129709,0.0881,58.13050045402951,0.5763138948884089,0.4236861051115911,,2017-08-29
600143,2017-09-30,,0.1685,,,,,2017-10-31
600143,2017-12-31,,0.2017,,,,,2018-04-24
600143,2018-03-31,,0.0683,,,,,2018-04-24
600143,2018-06-30,,0.1291,,,,,2018-08-28
600143,2018-09-30,,0.2408,,,,,2018-10-23
600149,2015-06-30,21.23,-0.012,,,,,2015-08-20
600149,2015-09-30,16.03,-0.0053,,,,,2015-10-29
600149,2015-12-31,15.26,-0.1687,,,,,2016-03-24
600149,2016-03-31,12.71,-0.0339,,,,,2016-04-29
600149,2016-06-30,16.64,-0.038,,,,,2016-08-04
600149,2016-09-30,24.69,-0.0403,,,,,2016-10-27
600149,2016-12-31,,-0.0652,,,,,2017-04-27
600149,2017-03-31,16.57,-0.0061,,,,,2017-04-27
600149,2017-06-30,12.4,-0.014,,,,,2017-08-31
600149,2017-09-30,,-0.0143,,,,,2017-10-31
600149,2017-12-31,,0.0536,,,,,2018-04-28
600149,2018-03-31,,-0.0076,,,,,2018-04-28
600149,2018-06-30,,-0.021,,,,,2018-08-31
600149,2018-09-30,,-0.0297,,,,,2018-10-31
600150,2015-06-30,49.7460645,0.125,397.968516,0.15554532903819604,0.8444546709618039,,2015-08-29
600150,2015-09-30,34.15574448,0.124,275.44955225806456,0.08788159111933395,0.9121184088806661,,2015-10-31
600150,2015-12-31,33.64379469,0.04,841.09486725,0.03129074315514994,0.9687092568448501,,2016-04-16
600150,2016-03-31,24.26448816,0.084,288.86295428571424,0.3544898918664786,0.6455101081335214,,2016-04-30
600150,2016-06-30,21.52087896,0.012,1793.40658,0.019956616052060738,0.9800433839479392,,2016-08-31
600150,2016-09-30,20.85378972,-0.317,,,,,2016-10-29
600150,2016-12-31,,-1.89,,,,,2017-04-29
600150,2017-03-31,27.3603268,-0.052,,,,,2017-04-29
600150,2017-06-30,22.11062452,-0.014,,,,,2017-08-26
600150,2017-09-30,,-0.211,,,,,2017-10-31
600150,2017-12-31,,-1.67,,,,,2018-04-21
600150,2018-03-31,,0.052,,,,,2018-04-26
600150,2018-06-30,,0.151,,,,,2018-08-24
600150,2018-09-30,,0.225,,,,,2018-10-31
600151,2015-06-30,15.87088622,-0.01,,,,,2015-08-21
600151,2015-09-30,9.07897858,-0.01,,,,,2015-10-28
600151,2015-12-31,12.23731464,0.1381,88.61198146270817,0.3237722729248153,0.6762277270751846,,2017-01-25
600151,2016-03-31,11.06902732,0.0371,298.3565315363881,0.3432063939821345,0.6567936060178655,,2016-04-29
600151,2016-06-30,11.2432175,0.0771,145.82642671854734,0.3262472885032538,0.6737527114967462,,2016-08-23
600151,2016-09-30,10.4074385,0.0736,141.4054144021739,0.2197346600331675,0.7802653399668324,,2016-10-28
600151,2016-12-31,,0.1523,,,,,2017-01-25
600151,2017-03-31,10.91487575,-0.0876,,,,,2017-04-28
600151,2017-06-30,8.18864425,-0.1384,,,,,2017-08-25
600151,2017-09-30,,-0.1701,,,,,2017-10-30
600151,2017-12-31,,-0.2155,,,,,2018-04-27
600151,2018-03-31,,-0.0938,,,,,2018-04-28
600151,2018-06-30,,-0.1218,,,,,2018-08-24
600151,2018-09-30,,-0.1688,,,,,2018-10-31
600152,2015-06-30,12.16813114,0.0657,185.20747549467276,0.30602853198343305,0.693971468016567,,2015-08-28
600152,2015-09-30,7.55641942,0.0655,115.36518198473283,0.22617946345975948,0.7738205365402405,,2015-10-30
600152,2015-12-31,12.11822084,0.1507,80.41287883211679,0.3537592351151673,0.6462407648848327,,2016-04-19
600152,2016-03-31,10.84051716,-0.0387,,,,,2016-04-29
600152,2016-06-30,10.8305351,-0.1524,,,,,2016-08-30
600152,2016-09-30,11.45,-0.1508,,,,,2016-10-28
600152,2016-12-31,,-0.1518,,,,,2017-04-18
600152,2017-03-31,11.12,-0.035,,,,,2017-04-28
600152,2017-06-30,9.41,0.1158,81.26079447322971,0.41576673866090713,0.5842332613390928,,2017-08-29
600152,2017-09-30,,0.1112,,,,,2017-10-31
600152,2017-12-31,,0.042,,,,,2018-04-18
600152,2018-03-31,,-0.0127,,,,,2018-04-28
600152,2018-06-30,,0.1222,,,,,2018-08-31
600152,2018-09-30,,0.2167,,,,,2018-10-30
600155,2015-06-30,14.9406775,-0.11,,,,,2015-08-14
600155,2015-09-30,14.9406775,0.6,24.901129166666667,0.7395929694727105,0.26040703052728953,,2015-10-24
600155,2015-12-31,14.9406775,0.47,31.788675531914894,0.6836158192090396,0.3163841807909604,,2016-02-27
600155,2016-03-31,13.9831975,-0.02,,,,,2016-04-29
600155,2016-06-30,13.7039325,-0.08,,,,,2016-08-24
600155,2016-09-30,14.960625,-0.02,,,,,2016-10-29
600155,2016-12-31,,-0.22,,,,,2017-04-07
600155,2017-03-31,12.8661375,0.03,428.87125000000003,0.21866350336101226,0.7813364966389877,,2017-04-28
600155,2017-06-30,14.7412025,0.09,163.7911388888889,0.19438444924406048,0.8056155507559395,,2017-08-30
600155,2017-09-30,,0.13,,,,,2017-10-27
600155,2017-12-31,,0.08,,,,,2018-04-17
600155,2018-03-31,,0.04,,,,,2018-04-25
600155,2018-06-30,,0.06,,,,,2018-08-28
600155,2018-09-30,,0.14,,,,,2018-10-30
600157,2015-06-30,6.75375888,0.0386,174.96784663212435,0.3189139438564197,0.6810860561435803,,2015-07-21
600157,2015-09-30,4.05421863,0.0433,93.63091524249424,0.2802960222016651,0.719703977798335,,2015-10-27
600157,2015-12-31,4.68247527,0.0506,92.53903695652174,0.31029986962190353,0.6897001303780965,,2016-04-28
600157,2016-03-31,3.83825541,0.0041,936.1598560975609,0.12411847672778561,0.8758815232722144,,2016-04-28
600157,2016-06-30,3.86770494,0.0191,202.49764083769634,0.23991323210412147,0.7600867678958785,,2016-08-20
600157,2016-09-30,3.926604,0.0371,105.83838274932614,0.2898009950248756,0.7101990049751243,,2016-10-29
600157,2016-12-31,,0.0538,,,,,2017-04-28
600157,2017-03-31,3.92427288,0.0086,456.31080000000003,0.20798734677738237,0.7920126532226176,,2017-04-28
600157,2017-06-30,3.53779146,0.0205,172.57519317073172,0.18394528437724983,0.8160547156227502,,2017-08-30
600157,2017-09-30,,0.0331,,,,,2017-10-31
600157,2017-12-31,,0.0485,,,,,2018-04-28
600157,2018-03-31,,0.0411,,,,,2018-04-28
600157,2018-06-30,,0.0271,,,,,2018-08-31
600157,2018-09-30,,0.0025,,,,,2018-10-31
600158,2015-06-30,28.07525235,0.0146,1922.9624897260273,0.03359410952600092,0.966405890473999,,2015-08-25
600158,2015-09-30,17.7368959,0.0593,299.1044839797639,0.08233117483811286,0.9176688251618872,,2015-10-30
600158,2015-12-31,25.55680912,0.092,277.79140347826086,0.10864841373315949,0.8913515862668405,,2016-04-12
600158,2016-03-31,20.04955194,-0.0135,,,,,2016-04-30
600158,2016-06-30,17.4213765,0.0084,2073.973392857143,0.01822125813449024,0.9817787418655097,,2016-08-30
600158,2016-09-30,15.74303544,0.0243,647.8615407407408,0.04228855721393035,0.9577114427860697,,2016-10-31
600158,2016-12-31,,0.0723,,,,,2017-03-28
600158,2017-03-31,18.12804642,-0.015,,,,,2017-04-29
600158,2017-06-30,16.8054867,0.016,1050.3429187499999,0.026997840172786176,0.9730021598272138,,2017-08-31
600158,2017-09-30,,0.0467,,,,,2017-10-31
600158,2017-12-31,,0.0689,,,,,2018-03-27
600158,2018-03-31,,-0.0126,,,,,2018-04-28
600158,2018-06-30,,0.0304,,,,,2018-08-28
600158,2018-09-30,,0.0526,,,,,2018-10-31
600159,2015-06-30,7.35638852,-0.0198,,,,,2015-08-28
600159,2015-09-30,3.8743209,0.0272,142.43826838235293,0.1868640148011101,0.81313598519889,,2015-10-30
600159,2015-12-31,5.61139905,0.07,80.16284357142857,0.3546284224250326,0.6453715775749673,,2016-03-01
600159,2016-03-31,4.42909455,0.0259,171.0075115830116,0.5176304654442877,0.4823695345557123,,2016-04-29
600159,2016-06-30,4.26672682,0.11,38.788425636363634,0.7778741865509762,0.22212581344902382,,2016-08-30
600159,2016-09-30,5.1620999,0.1283,40.234605611847236,0.6446932006633499,0.3553067993366501,,2016-10-29
600159,2016-12-31,,0.12,,,,,2017-03-30
600159,2017-03-31,4.8880061,-0.02,,,,,2017-04-28
600159,2017-06-30,4.3661088,-0.03,,,,,2017-08-30
600159,2017-09-30,,-0.045,,,,,2017-10-31
600159,2017-12-31,,0.03,,,,,2018-04-20
600159,2018-03-31,,-0.03,,,,,2018-04-27
600159,2018-06-30,,-0.03,,,,,2018-08-30
600159,2018-09-30,,-0.037,,,,,2018-10-31
600160,2015-06-30,7.31510906,0.047,155.64061829787235,0.3529682466635987,0.6470317533364013,,2015-08-21
600160,2015-09-30,8.15813887,0.077,105.94985545454546,0.24375578168362627,0.7562442183163738,,2015-10-13
600160,2015-12-31,15.57945641,0.09,173.10507122222222,0.17122990004345937,0.8287700999565406,,2016-04-23
600160,2016-03-31,7.99218812,-0.019,,,,,2016-04-23
600160,2016-06-30,7.12904139,0.027,264.03857,0.18611713665943602,0.8138828633405639,,2016-08-26
600160,2016-09-30,7.41071565,0.039,190.01835,0.15630182421227198,0.843698175787728,,2016-10-26
600160,2016-12-31,,0.08,,,,,2017-04-20
600160,2017-03-31,7.51802013,0.087,86.41402448275862,0.7346777382364571,0.2653222617635429,,2017-04-28
600160,2017-06-30,8.17515492,0.192,42.578931875,0.7159827213822895,0.28401727861771053,,2017-08-25
600160,2017-09-30,,0.294,,,,,2017-10-26
600160,2017-12-31,,0.33,,,,,2018-04-20
600160,2018-03-31,,0.155,,,,,2018-04-27
600160,2018-06-30,,0.388,,,,,2018-08-25
600160,2018-09-30,,0.605,,,,,2018-10-27
600161,2015-06-30,10.24525236,0.11,93.13865781818183,0.5306028531983433,0.4693971468016567,,2015-08-25
600161,2015-09-30,6.73857942,0.08,84.23224275,0.31036077705827936,0.6896392229417206,,2015-10-24
600161,2015-12-31,9.50256678,0.02,475.12833900000004,0.05649717514124294,0.943502824858757,,2016-04-05
600161,2016-03-31,7.8757317,-0.001,,,,,2016-04-30
600161,2016-06-30,7.56015834,0.15,50.4010556,0.7015184381778742,0.2984815618221258,,2016-08-30
600161,2016-09-30,11.03690622,0.27,40.87743044444444,0.6384742951907131,0.3615257048092869,,2016-10-29
600161,2016-12-31,,0.38,,,,,2017-04-27
600161,2017-03-31,10.79206482,0.08,134.90081025,0.5725583234480032,0.42744167655199683,,2017-04-27
600161,2017-06-30,13.81162518,1.01,13.674876415841585,0.9672426205903528,0.03275737940964718,,2017-08-29
600161,2017-09-30,,1.15,,,,,2017-10-31
600161,2017-12-31,,1.35,,,,,2018-04-02
600161,2018-03-31,,0.13,,,,,2018-04-28
600161,2018-06-30,,0.23,,,,,2018-08-24
600161,2018-09-30,,0.38,,,,,2018-10-27
600162,2015-06-30,5.12168163,0.15,34.144544200000006,0.8462954440865164,0.15370455591348364,,2015-08-15
600162,2015-09-30,2.71631758,0.19,14.296408315789474,0.8936170212765957,0.1063829787234043,,2015-10-31
600162,2015-12-31,4.03023667,0.1801,22.377771626873958,0.7931334202520643,0.20686657974793565,,2016-04-07
600162,2016-03-31,2.99502769,0.042,71.31018309523809,0.7945463093559003,0.20545369064409968,,2016-04-30
600162,2016-06-30,2.82095521,0.097,29.082012474226804,0.8550976138828633,0.14490238611713668,,2016-08-16
600162,2016-09-30,2.8950137,0.18,16.083409444444445,0.9104477611940298,0.08955223880597019,,2016-10-29
600162,2016-12-31,,0.247,,,,,2017-04-08
600162,2017-03-31,2.53145384,0.038,66.61720631578947,0.8113879003558719,0.18861209964412806,,2017-04-26
600162,2017-06-30,2.49451509,0.102,24.45603029411765,0.89056875449964,0.10943124550035999,,2017-08-26
600162,2017-09-30,,0.13,,,,,2017-10-31
600162,2017-12-31,,0.249,,,,,2018-04-11
600162,2018-03-31,,0.0041,,,,,2018-04-28
600162,2018-06-30,,0.0208,,,,,2018-08-31
600162,2018-09-30,,0.0843,,,,,2018-10-31
600163,2015-06-30,7.75877939,-0.073,,,,,2015-08-20
600163,2015-09-30,5.02373843,-0.052,,,,,2015-10-27
600163,2015-12-31,6.95156244,0.006,1158.59374,0.01955671447196871,0.9804432855280313,,2016-03-10
600163,2016-03-31,5.66951199,0.039,145.3721023076923,0.5684062059238364,0.4315937940761636,,2016-04-29
600163,2016-06-30,5.32763187,0.052,102.45445903846155,0.4442516268980477,0.5557483731019524,,2016-08-25
600163,2016-09-30,5.00474509,0.059,84.8261879661017,0.3577943615257048,0.6422056384742951,,2016-10-28
600163,2016-12-31,,0.106,,,,,2017-03-30
600163,2017-03-31,5.64102198,0.05,112.82043959999999,0.6366152629497825,0.36338473705021745,,2017-04-28
600163,2017-06-30,4.51091825,0.057,79.13891666666666,0.431605471562275,0.568394528437725,,2017-08-29
600163,2017-09-30,,0.085,,,,,2017-10-28
600163,2017-12-31,,0.154,,,,,2018-03-30
600163,2018-03-31,,0.065,,,,,2018-04-26
600163,2018-06-30,,0.075,,,,,2018-08-30
600163,2018-09-30,,0.097,,,,,2018-10-26
600166,2015-06-30,4.2978259,0.05,85.956518,0.55315232397607,0.44684767602393005,,2015-08-31
600166,2015-09-30,2.83080124,0.025,113.2320496,0.22895467160037003,0.7710453283996299,,2015-10-31
600166,2015-12-31,3.10016814,0.06,51.66946900000001,0.5093437635810517,0.4906562364189483,,2016-04-16
600166,2016-03-31,2.66428352,0.011,242.20759272727275,0.4104372355430183,0.5895627644569816,,2016-04-29
600166,2016-06-30,2.70346416,0.022,122.88473454545455,0.37787418655097615,0.6221258134490238,,2016-08-31
600166,2016-09-30,2.62897545,0.035,75.11358428571428,0.4021558872305141,0.5978441127694859,,2016-10-29
600166,2016-12-31,,0.08,,,,,2017-04-15
600166,2017-03-31,3.21975645,0.01,321.97564500000004,0.2957690786872281,0.7042309213127719,,2017-04-29
600166,2017-06-30,2.7963634,0.015,186.4242266666667,0.17062634989200864,0.8293736501079914,,2017-08-31
600166,2017-09-30,,0.021,,,,,2017-10-31
600166,2017-12-31,,0.02,,,,,2018-04-14
600166,2018-03-31,,-0.091,,,,,2018-04-28
600166,2018-06-30,,-0.135,,,,,2018-08-31
600166,2018-09-30,,-0.254,,,,,2018-10-31
600170,2015-06-30,4.59867632,0.13,35.37443323076923,0.8357109986194201,0.1642890013805799,,2015-08-29
600170,2015-09-30,3.91720936,0.2,19.5860468,0.8182238667900092,0.18177613320999075,,2015-10-31
600170,2015-12-31,3.47106912,0.26,13.350265846153846,0.9078661451542808,0.09213385484571923,,2016-03-26
600170,2016-03-31,2.63762032,0.07,37.68029028571428,0.926187118006582,0.07381288199341796,,2017-04-29
600170,2016-06-30,2.32389846,0.12,19.3658205,0.93058568329718,0.06941431670281994,,2016-08-31
600170,2016-09-30,2.56660326,0.19,13.508438210526315,0.9369817578772802,0.06301824212271978,,2016-10-29
600170,2016-12-31,,0.24,,,,,2017-03-25
600170,2017-03-31,2.96099856,0.06,49.349976000000005,0.8829576907868723,0.11704230921312775,,2017-04-29
600170,2017-06-30,2.84180878,0.14,20.298634142857143,0.9208063354931606,0.0791936645068394,,2017-08-29
600170,2017-09-30,,0.21,,,,,2017-10-31
600170,2017-12-31,,0.28,,,,,2018-02-01
600170,2018-03-31,,0.06,,,,,2018-04-28
600170,2018-06-30,,0.14,,,,,2018-08-29
600170,2018-09-30,,0.19,,,,,2018-10-31
600171,2015-06-30,23.03251125,0.033,697.9548863636363,0.08605614358030372,0.9139438564196962,,2015-08-11
600171,2015-09-30,12.25574525,0.054,226.95824537037038,0.10777058279370953,0.8922294172062905,,2015-10-24
600171,2015-12-31,19.96150975,0.08,249.518871875,0.1247283789656671,0.8752716210343329,,2016-03-29
600171,2016-03-31,14.544866,0.016,909.054125,0.12787964268923366,0.8721203573107663,,2016-04-23
600171,2016-06-30,16.38366192,0.041,399.60151024390245,0.12581344902386118,0.8741865509761388,,2016-08-09
600171,2016-09-30,14.30858672,0.058,246.69977103448272,0.12023217247097844,0.8797678275290216,,2016-10-25
600171,2016-12-31,,0.06,,,,,2017-03-28
600171,2017-03-31,12.18635072,0.022,553.9250327272728,0.17358639778568605,0.8264136022143139,,2017-04-20
600171,2017-06-30,9.61027371,0.198,48.53673590909091,0.656227501799856,0.343772498200144,,2017-08-15
600171,2017-09-30,,0.226,,,,,2017-10-31
600171,2017-12-31,,0.26,,,,,2018-04-03
600171,2018-03-31,,0.026,,,,,2018-04-26
600171,2018-06-30,,0.105,,,,,2018-08-28
600171,2018-09-30,,0.141,,,,,2018-10-27
600176,2015-06-30,5.89983768,0.1979,29.81221667508843,0.878969167050161,0.12103083294983896,,2015-08-20
600176,2015-09-30,4.56550632,0.3147,14.50748751191611,0.8899167437557817,0.11008325624421833,,2015-10-27
600176,2015-12-31,5.54009148,0.4042,13.70631241959426,0.9043893959148196,0.0956106040851804,,2016-03-18
600176,2016-03-31,4.69196256,0.1479,31.723884787018257,0.9449929478138223,0.05500705218617774,,2016-04-27
600176,2016-06-30,4.6620255,0.2611,17.855325545767908,0.9392624728850325,0.06073752711496749,,2016-08-19
600176,2016-09-30,5.2953205,0.3912,13.536095347648262,0.9365671641791045,0.06343283582089554,,2016-10-26
600176,2016-12-31,,0.5212,,,,,2017-03-21
600176,2017-03-31,5.144304,0.1611,31.932364990689013,0.9501779359430605,0.04982206405693945,,2017-04-29
600176,2017-06-30,6.56831286,0.2873,22.8622097459102,0.9013678905687545,0.09863210943124545,,2017-08-18
600176,2017-09-30,,0.443,,,,,2017-10-12
600176,2017-12-31,,0.6138,,,,,2018-03-20
600176,2018-03-31,,0.1761,,,,,2018-04-26
600176,2018-06-30,,0.3618,,,,,2018-08-20
600176,2018-09-30,,0.5461,,,,,2018-10-19
600177,2015-06-30,4.92886702,1.3,3.7914361692307694,0.9990796134376438,0.0009203865623561569,,2015-08-31
600177,2015-09-30,3.28771086,1.46,2.2518567534246574,0.9990749306197965,0.0009250693802035359,,2015-10-30
600177,2015-12-31,4.39441156,1.96,2.2420467142857143,1.0,0.0,,2016-04-29
600177,2016-03-31,4.08129624,1.0992,3.7129696506550225,1.0,0.0,,2016-04-29
600177,2016-06-30,3.92667492,0.94,4.177313744680851,1.0,0.0,,2016-08-31
600177,2016-09-30,4.04626908,0.98,4.128846,0.9979270315091211,0.0020729684908789014,,2016-10-29
600177,2016-12-31,,1.08,,,,,2017-04-29
600177,2017-03-31,3.96653964,0.35,11.3329704,0.9944642151047846,0.005535784895215445,,2017-04-29
600177,2017-06-30,4.18313236,0.57,7.3388287017543865,0.9928005759539237,0.007199424046076319,,2017-08-29
600177,2017-09-30,,0.75,,,,,2017-10-31
600177,2017-12-31,,0.08,,,,,2018-04-24
600177,2018-03-31,,0.14,,,,,2018-04-28
600177,2018-06-30,,0.3,,,,,2018-08-31
600177,2018-09-30,,0.47,,,,,2018-10-31
600178,2015-06-30,11.71760492,0.1459,80.31257655928718,0.5757017947537966,0.42429820524620343,,2015-08-25
600178,2015-09-30,8.65195247,0.0806,107.3443234491315,0.2400555041628122,0.7599444958371878,,2015-10-24
600178,2015-12-31,10.92929429,0.0507,215.56793471400394,0.1421121251629726,0.8578878748370273,,2016-04-12
600178,2016-03-31,9.56678209,0.0076,1258.7871171052632,0.0930888575458392,0.9069111424541608,,2016-04-26
600178,2016-06-30,8.48650456,0.12,70.72087133333333,0.5856832971800434,0.4143167028199566,,2016-08-19
600178,2016-09-30,11.56188924,0.1554,74.40083166023165,0.40630182421227196,0.593698175787728,,2016-10-19
600178,2016-12-31,,0.17,,,,,2017-03-28
600178,2017-03-31,12.70056015,0.0517,245.65880367504832,0.3815737445630684,0.6184262554369315,,2017-04-25
600178,2017-06-30,9.32347634,0.09,103.59418155555555,0.32685385169186465,0.6731461483081354,,2017-08-22
600178,2017-09-30,,0.1,,,,,2017-10-23
600178,2017-12-31,,0.09,,,,,2018-04-24
600178,2018-03-31,,0.0081,,,,,2018-04-24
600178,2018-06-30,,0.03,,,,,2018-08-23
600178,2018-09-30,,0.143,,,,,2018-10-27
600179,2015-06-30,11.02908702,-0.42,,,,,2015-08-22
600179,2015-09-30,6.54810366,0.26,25.185014076923075,0.7349676225716929,0.2650323774283071,,2015-10-31
600179,2015-12-31,11.40917043,0.46,24.802544413043478,0.7614080834419817,0.23859191655801826,,2016-04-29
600179,2016-03-31,8.56187892,0.1,85.6187892,0.7376586741889986,0.26234132581100145,,2016-04-29
600179,2016-06-30,7.09489032,0.27,26.277371555555554,0.8737527114967462,0.12624728850325384,,2016-08-31
600179,2016-09-30,10.24224768,0.37,27.681750486486486,0.7707296849087893,0.22927031509121065,,2016-10-26
600179,2016-12-31,,0.5,,,,,2017-04-06
600179,2017-03-31,11.6025462,0.11,105.47769272727274,0.6615262949782523,0.3384737050217477,,2017-04-20
600179,2017-06-30,11.66255937,0.22,53.0116335,0.6130309575233981,0.3869690424766019,,2017-08-16
600179,2017-09-30,,0.25,,,,,2017-10-21
600179,2017-12-31,,0.52,,,,,2018-03-13
600179,2018-03-31,,0.16,,,,,2018-04-27
600179,2018-06-30,,0.23,,,,,2018-08-28
600179,2018-09-30,,0.34,,,,,2018-10-31
600184,2015-06-30,27.27160832,0.04,681.790208,0.0883571099861942,0.9116428900138058,,2015-07-31
600184,2015-09-30,20.7732954,0.03,692.44318,0.03330249768732655,0.9666975023126735,,2015-10-30
600184,2015-12-31,27.99794732,0.11,254.52679381818183,0.11951325510647545,0.8804867448935245,,2016-03-26
600184,2016-03-31,22.10975916,0.001,22109.759159999998,0.0028208744710860366,0.997179125528914,,2016-04-22
600184,2016-06-30,21.98742464,0.01,2198.742464,0.016919739696312365,0.9830802603036877,,2016-08-26
600184,2016-09-30,21.37558376,0.01,2137.558376,0.013681592039800995,0.986318407960199,,2016-10-28
600184,2016-12-31,,0.06,,,,,2017-04-08
600184,2017-03-31,24.09487656,0.002,12047.43828,0.0035587188612099642,0.99644128113879,,2017-04-29
600184,2017-06-30,18.23933496,0.01,1823.933496,0.014038876889848811,0.9859611231101512,,2017-08-26
600184,2017-09-30,,0.04,,,,,2017-10-28
600184,2017-12-31,,0.09,,,,,2018-04-21
600184,2018-03-31,,0.01,,,,,2018-04-21
600184,2018-06-30,,0.05,,,,,2018-08-25
600184,2018-09-30,,0.09,,,,,2018-10-27
600186,2015-06-30,9.64915126,-0.4716,,,,,2015-08-31
600186,2015-09-30,9.64915126,-0.456,,,,,2015-10-31
600186,2015-12-31,7.40752243,-0.48,,,,,2016-04-22
600186,2016-03-31,4.84302525,0.0102,474.8063970588235,0.2388340385519511,0.7611659614480489,,2016-04-22
600186,2016-06-30,4.89837411,-0.0053,,,,,2016-08-27
600186,2016-09-30,4.87069968,-0.0423,,,,,2016-10-29
600186,2016-12-31,,0.06,,,,,2017-04-29
600186,2017-03-31,4.31721108,-0.0385,,,,,2017-04-29
600186,2017-06-30,3.39473008,-0.0568,,,,,2017-08-31
600186,2017-09-30,,-0.1028,,,,,2017-10-31
600186,2017-12-31,,-0.1,,,,,2018-04-28
600186,2018-03-31,,-0.0285,,,,,2018-04-28
600186,2018-06-30,,-0.0556,,,,,2018-08-24
600186,2018-09-30,,-0.0936,,,,,2018-10-31
600189,2015-06-30,13.88746728,-0.08,,,,,2015-08-21
600189,2015-09-30,10.53771124,-0.29,,,,,2015-10-29
600189,2015-12-31,9.84997084,0.14,70.35693457142855,0.3963494132985658,0.6036505867014341,,2016-04-30
600189,2016-03-31,8.33694196,0.3,27.789806533333337,0.9586271744240714,0.041372825575928585,,2016-04-30
600189,2016-06-30,8.65788748,0.19,45.56782884210526,0.735357917570499,0.26464208242950105,,2016-08-25
600189,2016-09-30,9.24629035,0.12,77.05241958333335,0.39344941956882257,0.6065505804311775,,2016-10-25
600189,2016-12-31,,0.14,,,,,2017-04-18
600189,2017-03-31,8.06460677,-0.2,,,,,2017-04-18
600189,2017-06-30,8.00322061,-0.03,,,,,2017-07-29
600189,2017-09-30,,-0.15,,,,,2017-10-27
600189,2017-12-31,,0.03,,,,,2018-04-28
600189,2018-03-31,,0.04,,,,,2018-04-28
600189,2018-06-30,,0.05,,,,,2018-08-22
600189,2018-09-30,,0.05,,,,,2018-10-25
600191,2015-06-30,11.38318632,0.3239,35.14413806730472,0.8389323515876668,0.16106764841233323,,2015-08-29
600191,2015-09-30,14.73813292,0.3192,46.172095614035086,0.5064754856614246,0.49352451433857536,,2015-10-31
600191,2015-12-31,20.57238714,0.3,68.5746238,0.4041720990873533,0.5958279009126467,,2016-03-26
600191,2016-03-31,16.89277318,0.0041,4120.188580487804,0.022566995768688293,0.9774330042313117,,2016-04-30
600191,2016-06-30,13.77444909,0.0255,540.174474117647,0.09501084598698481,0.9049891540130152,,2016-08-27
600191,2016-09-30,13.99261891,0.0329,425.30756565349543,0.06965174129353234,0.9303482587064676,,2016-10-29
600191,2016-12-31,,0.02,,,,,2017-04-29
600191,2017-03-31,9.78789147,0.018,543.7717483333333,0.1767497034400949,0.8232502965599051,,2017-04-29
600191,2017-06-30,9.51002768,0.029,327.93198896551723,0.09575233981281497,0.904247660187185,,2017-08-31
600191,2017-09-30,,0.0705,,,,,2017-10-31
600191,2017-12-31,,0.02,,,,,2018-04-28
600191,2018-03-31,,-0.042,,,,,2018-04-28
600191,2018-06-30,,-0.0968,,,,,2018-08-30
600191,2018-09-30,,-0.1254,,,,,2018-10-31
600192,2015-06-30,15.3185644,0.0785,195.14094777070062,0.291302346985734,0.708697653014266,,2015-08-08
600192,2015-09-30,7.5799114,0.089,85.16754382022472,0.30619796484736356,0.6938020351526364,,2015-10-21
600192,2015-12-31,10.2586759,0.0916,111.99427838427948,0.2590178183398522,0.7409821816601478,,2016-03-25
600192,2016-03-31,8.40338345,0.01,840.338345,0.13963328631875882,0.8603667136812412,,2016-04-20
600192,2016-06-30,10.64642864,0.0437,243.6253693363844,0.20130151843817787,0.7986984815618221,,2016-08-12
600192,2016-09-30,9.35535054,0.0513,182.3655076023392,0.1654228855721393,0.8345771144278606,,2016-10-22
600192,2016-12-31,,0.0505,,,,,2017-03-02
600192,2017-03-31,9.51425246,0.007,1359.1789228571429,0.05931198102016608,0.9406880189798339,,2017-04-27
600192,2017-06-30,7.68631004,0.0308,249.55552077922079,0.12455003599712024,0.8754499640028798,,2017-08-24
600192,2017-09-30,,0.0318,,,,,2017-10-27
600192,2017-12-31,,0.0375,,,,,2018-03-26
600192,2018-03-31,,0.0053,,,,,2018-04-19
600192,2018-06-30,,0.0262,,,,,2018-08-18
600192,2018-09-30,,0.0293,,,,,2018-10-26
600195,2015-06-30,10.5357578,0.3282,32.10163863497868,0.8614818223653935,0.1385181776346065,,2015-08-29
600195,2015-09-30,6.44143484,0.5349,12.042316021686297,0.919981498612396,0.08001850138760402,,2015-10-31
600195,2015-12-31,8.01617444,0.6414,12.497933333333334,0.9213385484571925,0.07866145154280746,,2016-03-29
600195,2016-03-31,7.123822,0.1893,37.63244585314316,0.926657263751763,0.07334273624823695,,2016-04-30
600195,2016-06-30,6.9348216,0.3096,22.399294573643413,0.909761388286334,0.09023861171366598,,2016-08-30
600195,2016-09-30,8.56052568,0.4994,17.14162130556668,0.8971807628524047,0.10281923714759533,,2016-10-31
600195,2016-12-31,,0.7781,,,,,2017-04-11
600195,2017-03-31,7.6358828,0.1734,44.03623298731257,0.9054962435745354,0.0945037564254646,,2017-04-29
600195,2017-06-30,7.34787928,0.2651,27.717386948321387,0.857451403887689,0.14254859611231097,,2017-08-28
600195,2017-09-30,,0.6117,,,,,2017-10-30
600195,2017-12-31,,0.6646,,,,,2018-04-20
600195,2018-03-31,,0.2906,,,,,2018-04-28
600195,2018-06-30,,0.4477,,,,,2018-08-29
600195,2018-09-30,,0.4013,,,,,2018-10-30
600198,2015-06-30,35.44,-0.3326,,,,,2015-08-22
600198,2015-09-30,18.29,-0.472,,,,,2015-10-31
600198,2015-12-31,24.67,0.0322,766.1490683229814,0.03346371142981312,0.9665362885701869,,2016-04-23
600198,2016-03-31,16.78,-0.1715,,,,,2016-04-28
600198,2016-06-30,19.88,-0.4254,,,,,2016-08-26
600198,2016-09-30,17.9,-0.7085,,,,,2016-10-29
600198,2016-12-31,,-2.0129,,,,,2017-04-22
600198,2017-03-31,15.89,-0.1484,,,,,2017-04-29
600198,2017-06-30,12.77,-0.3651,,,,,2017-08-26
600198,2017-09-30,,-0.5738,,,,,2017-10-28
600198,2017-12-31,,-3.0027,,,,,2018-04-26
600198,2018-03-31,,-0.1736,,,,,2018-04-28
600198,2018-06-30,,-0.4148,,,,,2018-08-15
600198,2018-09-30,,0.286,,,,,2018-10-26
600199,2015-06-30,13.867686,0.0617,224.75990275526743,0.257248044178555,0.742751955821445,,2015-08-26
600199,2015-09-30,7.8963697,0.0689,114.606236574746,0.22710453283996299,0.772895467160037,,2015-10-31
600199,2015-12-31,9.9848302,0.09,110.94255777777778,0.262929161234246,0.7370708387657541,,2016-04-19
600199,2016-03-31,8.3339519,0.05,166.679038,0.5260930888575458,0.4739069111424542,,2016-04-30
600199,2016-06-30,11.0390055,0.0195,566.1028461538461,0.08850325379609544,0.9114967462039045,,2016-08-30
600199,2016-09-30,9.49095448,0.018,527.2752488888889,0.05223880597014925,0.9477611940298507,,2016-10-29
600199,2016-12-31,,0.03,,,,,2017-04-28
600199,2017-03-31,9.50092397,0.01,950.092397,0.09568999604586793,0.9043100039541321,,2017-04-28
600199,2017-06-30,7.90580557,0.0092,859.3266923913044,0.035277177825773935,0.9647228221742261,,2017-08-30
600199,2017-09-30,,0.009,,,,,2017-10-28
600199,2017-12-31,,0.01,,,,,2018-03-17
600199,2018-03-31,,0.01,,,,,2018-04-27
600199,2018-06-30,,0.0108,,,,,2018-08-31
600199,2018-09-30,,0.0029,,,,,2018-10-31
600202,2015-06-30,18.60459788,0.0056,3322.2496214285716,0.02116889093419236,0.9788311090658076,,2015-08-18
600202,2015-09-30,10.9810556,-0.0646,,,,,2015-10-27
600202,2015-12-31,13.035066,0.0364,358.1062087912088,0.07996523250760539,0.9200347674923947,,2016-04-12
600202,2016-03-31,12.61043885,-0.0675,,,,,2016-04-19
600202,2016-06-30,10.18117655,-0.1187,,,,,2016-08-30
600202,2016-09-30,11.6328089,-0.2151,,,,,2016-10-29
600202,2016-12-31,,-0.4726,,,,,2017-04-25
600202,2017-03-31,14.4965734,-0.0653,,,,,2017-04-25
600202,2017-06-30,13.65719415,-0.0876,,,,,2017-08-29
600202,2017-09-30,,-0.1062,,,,,2017-10-31
600202,2017-12-31,,-0.2283,,,,,2018-04-24
600202,2018-03-31,,-0.0406,,,,,2018-04-24
600202,2018-06-30,,0.0148,,,,,2018-08-28
600202,2018-09-30,,0.0282,,,,,2018-10-30
600203,2015-06-30,15.6234666,0.0621,251.58561352657006,0.22871606074551312,0.7712839392544869,,2015-08-24
600203,2015-09-30,9.33967538,0.02,466.98376899999994,0.05319148936170213,0.9468085106382979,,2015-10-29
600203,2015-12-31,13.65106071,0.31,44.03567970967742,0.5584528465884399,0.44154715341156014,,2016-03-31
600203,2016-03-31,11.80901386,0.05,236.1802772,0.41701927597555244,0.5829807240244476,,2016-04-30
600203,2016-06-30,13.7406738,0.0892,154.04342825112107,0.3106290672451193,0.6893709327548807,,2016-08-24
600203,2016-09-30,11.93845499,0.17,70.22620582352941,0.42454394693200664,0.5754560530679933,,2016-10-28
600203,2016-12-31,,0.15,,,,,2017-03-15
600203,2017-03-31,10.21589226,0.03,340.529742,0.27955713720838277,0.7204428627916173,,2017-04-29
600203,2017-06-30,8.35393139,0.04,208.84828474999998,0.15442764578833693,0.8455723542116631,,2017-08-26
600203,2017-09-30,,0.12,,,,,2017-10-31
600203,2017-12-31,,-0.25,,,,,2018-04-16
600203,2018-03-31,,0.0706,,,,,2018-04-28
600203,2018-06-30,,0.0613,,,,,2018-08-18
600203,2018-09-30,,0.0433,,,,,2018-10-25
600206,2015-06-30,15.41408484,0.027,570.8920311111111,0.10400368154624942,0.8959963184537506,,2015-08-29
600206,2015-09-30,10.8194102,0.016,676.2131375,0.034227567067530065,0.96577243293247,,2015-10-31
600206,2015-12-31,15.1567068,0.04,378.91767,0.07518470230334637,0.9248152976966536,,2016-03-15
600206,2016-03-31,10.02821104,0.004,2507.05276,0.041372825575928536,0.9586271744240714,,2016-04-29
600206,2016-06-30,12.8212394,0.021,610.5352095238095,0.08069414316702819,0.9193058568329718,,2016-08-26
600206,2016-09-30,9.83756064,0.035,281.0731611428571,0.10737976782752902,0.892620232172471,,2016-10-26
600206,2016-12-31,,0.06,,,,,2017-03-15
600206,2017-03-31,9.33233708,0.011,848.3942800000001,0.11506524317912219,0.8849347568208779,,2017-04-26
600206,2017-06-30,8.27422736,0.039,212.15967589743587,0.15190784737221022,0.8480921526277898,,2017-08-25
600206,2017-09-30,,0.058,,,,,2017-10-19
600206,2017-12-31,,0.05,,,,,2018-03-26
600206,2018-03-31,,0.003,,,,,2018-04-24
600206,2018-06-30,,0.043,,,,,2018-08-24
600206,2018-09-30,,0.08,,,,,2018-10-23
600207,2015-06-30,8.72,-0.1384,,,,,2015-08-29
600207,2015-09-30,5.94,0.0843,70.4626334519573,0.3617021276595745,0.6382978723404256,,2015-10-30
600207,2015-12-31,14.77,0.027,547.0370370370371,0.0469361147327249,0.9530638852672751,,2016-04-28
600207,2016-03-31,11.2,0.0,,,,,2016-04-28
600207,2016-06-30,10.23,0.0018,5683.333333333334,0.005206073752711497,0.9947939262472885,,2016-08-27
600207,2016-09-30,9.09,0.0022,4131.818181818181,0.005804311774461028,0.9941956882255389,,2016-10-29
600207,2016-12-31,,0.0125,,,,,2017-04-01
600207,2017-03-31,9.68,-0.02,,,,,2017-04-29
600207,2017-06-30,7.46,-0.0173,,,,,2017-08-30
600207,2017-09-30,,-0.0075,,,,,2017-10-28
600207,2017-12-31,,0.0105,,,,,2018-03-10
600207,2018-03-31,,-0.01,,,,,2018-04-28
600207,2018-06-30,,0.0007,,,,,2018-08-30
600207,2018-09-30,,-0.0303,,,,,2018-10-31
600208,2015-06-30,7.1628862,0.054,132.64604074074074,0.4086516336861482,0.5913483663138518,,2015-07-29
600208,2015-09-30,4.68556675,0.073,64.18584589041096,0.3908418131359852,0.6091581868640148,,2015-10-24
600208,2015-12-31,4.42577295,0.14,31.612663928571425,0.6870925684485006,0.31290743155149936,,2016-04-16
600208,2016-03-31,3.73917505,0.012,311.5979208333333,0.3333333333333333,0.6666666666666667,,2016-04-23
600208,2016-06-30,3.92474205,0.034,115.43358970588234,0.4,0.6,,2016-08-27
600208,2016-09-30,4.13966259,0.078,53.07259730769231,0.5319237147595357,0.4680762852404643,,2016-10-29
600208,2016-12-31,,0.66,,,,,2017-04-29
600208,2017-03-31,4.59023811,0.044,104.3235934090909,0.6650850138394623,0.3349149861605377,,2017-04-29
600208,2017-06-30,4.2241455,0.055,76.80264545454544,0.4470842332613391,0.5529157667386608,,2017-08-30
600208,2017-09-30,,0.201,,,,,2017-10-28
600208,2017-12-31,,0.39,,,,,2018-04-28
600208,2018-03-31,,0.092,,,,,2018-04-28
600208,2018-06-30,,0.169,,,,,2018-08-30
600208,2018-09-30,,0.206,,,,,2018-10-30
600211,2015-06-30,26.37416304,0.168,156.9890657142857,0.34974689369535206,0.6502531063046479,,2015-08-13
600211,2015-09-30,16.2754732,0.44,36.98971181818182,0.5938945420906568,0.40610545790934316,,2015-10-28
600211,2015-12-31,19.20593576,0.63,30.485612317460316,0.702303346371143,0.297696653628857,,2016-03-19
600211,2016-03-31,19.51740708,0.138,141.43048608695653,0.5782792665726375,0.4217207334273625,,2016-04-23
600211,2016-06-30,19.54683476,0.42,46.54008276190476,0.7297180043383948,0.27028199566160516,,2016-08-19
600211,2016-09-30,21.66191156,0.81,26.743100691358023,0.7794361525704809,0.22056384742951907,,2016-10-28
600211,2016-12-31,,1.36,,,,,2017-03-22
600211,2017-03-31,22.65335381,0.37,61.225280567567566,0.8374851720047449,0.16251482799525507,,2017-04-27
600211,2017-06-30,19.50717707,0.37,52.72210018918919,0.6159107271418287,0.3840892728581713,,2017-08-17
600211,2017-09-30,,0.819,,,,,2017-10-28
600211,2017-12-31,,1.365,,,,,2018-03-16
600211,2018-03-31,,0.38,,,,,2018-04-27
600211,2018-06-30,,0.72,,,,,2018-08-24
600211,2018-09-30,,1.287,,,,,2018-10-26
600212,2015-06-30,12.24,-0.4505,,,,,2015-08-28
600212,2015-09-30,7.24,-0.4615,,,,,2015-10-28
600212,2015-12-31,12.39,-0.6654,,,,,2016-04-08
600212,2016-03-31,10.89,-0.0273,,,,,2016-04-29
600212,2016-06-30,9.96,0.0262,380.1526717557252,0.12928416485900218,0.8707158351409978,,2016-07-26
600212,2016-09-30,9.96,0.0546,182.41758241758242,0.16500829187396351,0.8349917081260365,,2016-10-28
600212,2016-12-31,,0.0871,,,,,2017-02-14
600212,2017-03-31,9.05,0.0096,942.7083333333335,0.09727164887307237,0.9027283511269276,,2017-04-28
600212,2017-06-30,9.37,0.0275,340.7272727272727,0.09035277177825773,0.9096472282217423,,2017-08-30
600212,2017-09-30,,0.0492,,,,,2017-10-27
600212,2017-12-31,,0.0246,,,,,2018-04-18
600212,2018-03-31,,0.0015,,,,,2018-04-27
600212,2018-06-30,,-0.0197,,,,,2018-08-30
600212,2018-09-30,,-0.0535,,,,,2018-10-30
600215,2015-06-30,10.32201069,-0.0643,,,,,2015-08-28
600215,2015-09-30,7.70115057,-0.1327,,,,,2015-10-29
600215,2015-12-31,10.57839918,0.01,1057.839918,0.022598870056497175,0.9774011299435028,,2016-04-28
600215,2016-03-31,6.60912552,-0.0442,,,,,2016-04-28
600215,2016-06-30,6.71358009,0.0575,116.75791460869564,0.3952277657266811,0.6047722342733188,,2016-08-29
600215,2016-09-30,7.84358862,0.0325,241.3411883076923,0.12354892205638475,0.8764510779436152,,2016-10-28
600215,2016-12-31,,0.02,,,,,2017-04-28
600215,2017-03-31,12.64849884,-0.006,,,,,2017-04-28
600215,2017-06-30,10.38848178,0.0312,332.96415961538463,0.09359251259899208,0.906407487401008,,2017-08-29
600215,2017-09-30,,0.0181,,,,,2017-10-30
600215,2017-12-31,,0.019,,,,,2018-04-27
600215,2018-03-31,,-0.0055,,,,,2018-04-27
600215,2018-06-30,,0.1872,,,,,2018-08-28
600215,2018-09-30,,0.1622,,,,,2018-10-30
600216,2015-06-30,10.79181936,0.14,77.084424,0.5839852738150023,0.4160147261849977,,2015-08-28
600216,2015-09-30,7.1488025,0.2,35.7440125,0.6063829787234043,0.3936170212765957,,2015-10-28
600216,2015-12-31,10.10636422,0.17,59.44920129411764,0.4576271186440678,0.5423728813559322,,2016-04-28
600216,2016-03-31,10.9070301,0.07,155.8147157142857,0.5458392101551481,0.45416078984485186,,2016-04-28
600216,2016-06-30,10.77630914,0.21,51.31575780952382,0.6932754880694143,0.3067245119305857,,2016-08-29
600216,2016-09-30,11.6422676,0.43,27.07504093023256,0.7769485903814262,0.22305140961857384,,2016-10-28
600216,2016-12-31,,0.48,,,,,2017-04-12
600216,2017-03-31,9.64996406,0.03,321.6654686666667,0.29655990510083036,0.7034400948991697,,2017-04-27
600216,2017-06-30,8.12499098,0.09,90.27767755555556,0.375089992800576,0.624910007199424,,2017-08-29
600216,2017-09-30,,0.14,,,,,2017-10-23
600216,2017-12-31,,0.27,,,,,2018-04-25
600216,2018-03-31,,0.49,,,,,2018-04-25
600216,2018-06-30,,0.5,,,,,2018-08-23
600216,2018-09-30,,0.54,,,,,2018-10-24
600217,2015-06-30,15.2400384,0.1,152.40038399999997,0.35757017947537967,0.6424298205246204,,2015-08-28
600217,2015-09-30,6.151578,0.12,51.26315,0.4708603145235893,0.5291396854764108,,2015-10-31
600217,2015-12-31,10.3386198,0.1732,59.69180023094688,0.4545849630595393,0.5454150369404607,,2016-03-01
600217,2016-03-31,8.3740836,0.0002,41870.418,0.0014104372355430183,0.998589562764457,,2016-04-29
600217,2016-06-30,7.5208002,0.02,376.04001,0.13058568329718004,0.86941431670282,,2016-08-30
600217,2016-09-30,8.5229121,0.05,170.45824199999998,0.175787728026534,0.824212271973466,,2016-10-29
600217,2016-12-31,,0.1045,,,,,2017-04-26
600217,2017-03-31,9.0487728,0.0286,316.39065734265733,0.3028865164096481,0.6971134835903519,,2017-04-28
600217,2017-06-30,6.3301722,0.08,79.1271525,0.4323254139668827,0.5676745860331174,,2017-08-15
600217,2017-09-30,,0.11,,,,,2017-10-30
600217,2017-12-31,,0.176,,,,,2018-03-20
600217,2018-03-31,,0.0422,,,,,2018-04-27
600217,2018-06-30,,0.1266,,,,,2018-08-21
600217,2018-09-30,,0.1725,,,,,2018-10-30
600219,2015-06-30,2.73376442,0.13,21.028957076923074,0.936493327197423,0.06350667280257705,,2015-08-29
600219,2015-09-30,1.78277204,0.21,8.489390666666667,0.9653098982423681,0.034690101757631875,,2015-10-29
600219,2015-12-31,1.78277204,0.11,16.207018545454545,0.8700564971751412,0.12994350282485878,,2016-04-05
600219,2016-03-31,1.88030972,0.03,62.67699066666667,0.8232251998119418,0.17677480018805825,,2016-04-27
600219,2016-06-30,2.0049412,0.06,33.41568666666667,0.8143167028199566,0.1856832971800434,,2016-08-26
600219,2016-09-30,1.97297856,0.11,17.936168727272726,0.8872305140961857,0.1127694859038143,,2016-10-27
600219,2016-12-31,,0.14,,,,,2017-04-20
600219,2017-03-31,2.24015274,0.03,74.67175800000001,0.7801502570185844,0.21984974298141557,,2017-04-28
600219,2017-06-30,2.32236018,0.08,29.02950225,0.8452123830093593,0.1547876169906407,,2017-08-26
600219,2017-09-30,,0.14,,,,,2017-10-26
600219,2017-12-31,,0.17,,,,,2018-02-10
600219,2018-03-31,,0.03,,,,,2018-04-28
600219,2018-06-30,,0.09,,,,,2018-08-30
600219,2018-09-30,,0.15,,,,,2018-10-31
600221,2015-06-30,6.25297284,0.132,47.37100636363636,0.7491946617579384,0.25080533824206164,,2015-08-14
600221,2015-09-30,3.70872724,0.204,18.18003549019608,0.8385753931544866,0.1614246068455134,,2015-10-30
600221,2015-12-31,3.80658284,0.246,15.473913983739838,0.878748370273794,0.12125162972620596,,2016-03-25
600221,2016-03-31,3.10202252,0.1183,26.221661200338122,0.9623883403855195,0.03761165961448054,,2016-04-29
600221,2016-06-30,3.10202252,0.137,22.642500145985398,0.9084598698481562,0.09154013015184381,,2016-08-30
600221,2016-09-30,3.1313792,0.27,11.59770074074074,0.9548092868988391,0.04519071310116085,,2016-10-29
600221,2016-12-31,,0.21,,,,,2017-03-29
600221,2017-03-31,3.3760182,0.0497,67.92793158953722,0.8062475286674575,0.19375247133254248,,2017-04-29
600221,2017-06-30,3.20018412,0.0683,46.85481874084919,0.6713462922966162,0.32865370770338376,,2017-08-26
600221,2017-09-30,,0.164,,,,,2017-10-31
600221,2017-12-31,,0.182,,,,,2018-03-23
600221,2018-03-31,,0.0796,,,,,2018-04-28
600221,2018-06-30,,0.0326,,,,,2018-08-30
600221,2018-09-30,,0.043,,,,,2018-10-31
600222,2015-06-30,11.7552389,0.0032,3673.51215625,0.016566958122411414,0.9834330418775886,,2015-08-26
600222,2015-09-30,6.48282656,0.0036,1800.7851555555558,0.01341350601295097,0.986586493987049,,2015-10-28
600222,2015-12-31,9.27103312,0.01,927.103312,0.027379400260756193,0.9726205997392439,,2016-04-16
600222,2016-03-31,8.5715184,0.0023,3726.747130434783,0.027268453220498354,0.9727315467795017,,2016-04-30
600222,2016-06-30,7.85229904,0.0032,2453.84345,0.01388286334056399,0.986117136659436,,2016-08-20
600222,2016-09-30,8.00008384,0.0037,2162.1848216216217,0.013266998341625208,0.9867330016583747,,2016-10-27
600222,2016-12-31,,0.007,,,,,2017-04-01
600222,2017-03-31,7.5370248,0.0028,2691.7945714285715,0.026888098062475288,0.9731119019375247,,2017-04-26
600222,2017-06-30,6.12814304,0.004,1532.03576,0.017998560115190784,0.9820014398848093,,2017-08-19
600222,2017-09-30,,0.0049,,,,,2017-10-28
600222,2017-12-31,,0.0089,,,,,2018-03-31
600222,2018-03-31,,0.0036,,,,,2018-04-28
600222,2018-06-30,,0.0048,,,,,2018-08-18
600222,2018-09-30,,0.0098,,,,,2018-10-27
600227,2015-06-30,11.68,-0.1466,,,,,2015-08-29
600227,2015-09-30,4.61,-0.1375,,,,,2015-10-13
600227,2015-12-31,5.04,0.0908,55.50660792951542,0.4819643633202955,0.5180356366797045,,2016-04-12
600227,2016-03-31,6.26,-0.0165,,,,,2016-04-30
600227,2016-06-30,5.75,-0.0336,,,,,2016-08-30
600227,2016-09-30,7.2,-0.0775,,,,,2016-10-28
600227,2016-12-31,,-0.2623,,,,,2017-01-24
600227,2017-03-31,7.2,-0.0313,,,,,2017-04-28
600227,2017-06-30,6.57,0.0017,3864.7058823529414,0.004679625629949604,0.9953203743700504,,2017-08-25
600227,2017-09-30,,-0.0143,,,,,2017-10-31
600227,2017-12-31,,0.0211,,,,,2018-04-27
600227,2018-03-31,,0.0254,,,,,2018-04-27
600227,2018-06-30,,0.0739,,,,,2018-08-15
600227,2018-09-30,,0.1092,,,,,2018-10-25
600228,2015-06-30,14.5,-0.02,,,,,2015-08-25
600228,2015-09-30,10.0,-0.06,,,,,2015-10-29
600228,2015-12-31,16.15,-0.1,,,,,2016-03-19
600228,2016-03-31,10.77,-0.029,,,,,2016-04-27
600228,2016-06-30,10.77,-0.07,,,,,2016-08-24
600228,2016-09-30,14.86,-0.1,,,,,2016-10-29
600228,2016-12-31,,-0.15,,,,,2017-03-11
600228,2017-03-31,14.97,-0.028,,,,,2017-04-26
600228,2017-06-30,10.96,-0.06,,,,,2017-08-19
600228,2017-09-30,,-0.08,,,,,2017-10-28
600228,2017-12-31,,0.11,,,,,2018-04-28
600228,2018-03-31,,0.0015,,,,,2018-04-28
600228,2018-06-30,,0.02,,,,,2018-08-18
600228,2018-09-30,,0.03,,,,,2018-10-30
600230,2015-06-30,10.42999468,-0.7972,,,,,2015-08-15
600230,2015-09-30,5.72952604,-1.3018,,,,,2015-10-30
600230,2015-12-31,10.29721308,-2.0734,,,,,2016-03-24
600230,2016-03-31,8.34532356,-0.2165,,,,,2016-04-29
600230,2016-06-30,6.57932828,-0.0769,,,,,2016-08-10
600230,2016-09-30,9.75280852,0.2812,34.68281834992888,0.7056384742951907,0.29436152570480933,,2016-10-28
600230,2016-12-31,,1.2613,,,,,2017-03-07
600230,2017-03-31,15.6350334,1.444,10.827585457063712,0.9968366943455912,0.00316330565440881,,2017-04-28
600230,2017-06-30,19.8288868,1.593,12.447512115505337,0.9744420446364291,0.02555795536357086,,2017-08-11
600230,2017-09-30,,2.3428,,,,,2017-10-27
600230,2017-12-31,,3.1152,,,,,2018-04-10
600230,2018-03-31,,0.9656,,,,,2018-04-27
600230,2018-06-30,,1.8648,,,,,2018-08-03
600230,2018-09-30,,2.4981,,,,,2018-10-26
600231,2015-06-30,3.30236034,-0.06,,,,,2015-08-29
600231,2015-09-30,1.90026331,-0.07,,,,,2015-10-31
600231,2015-12-31,2.74794948,0.02,137.397474,0.20903954802259886,0.7909604519774012,,2016-03-31
600231,2016-03-31,2.42253441,-0.05,,,,,2016-04-22
600231,2016-06-30,1.91135997,-0.03,,,,,2016-08-30
600231,2016-09-30,2.0968506,0.01,209.68505999999996,0.14096185737976782,0.8590381426202321,,2016-10-29
600231,2016-12-31,,0.05,,,,,2017-03-03
600231,2017-03-31,2.78235945,0.07,39.747992142857136,0.9205219454329775,0.0794780545670225,,2017-04-13
600231,2017-06-30,2.6792502,0.15,17.861667999999998,0.9420446364290856,0.05795536357091435,,2017-07-22
600231,2017-09-30,,0.36,,,,,2017-10-14
600231,2017-12-31,,0.44,,,,,2018-04-21
600231,2018-03-31,,0.09,,,,,2018-04-21
600231,2018-06-30,,0.27,,,,,2018-08-11
600231,2018-09-30,,0.46,,,,,2018-10-10
600233,2015-06-30,7.99747734,0.0616,129.82917759740258,0.4146341463414634,0.5853658536585367,,2015-08-26
600233,2015-09-30,6.25304658,0.2673,23.39336543209877,0.7627197039777983,0.2372802960222017,,2015-10-24
600233,2015-12-31,10.90486194,0.3391,32.15824812739605,0.6779661016949152,0.3220338983050848,,2016-03-08
600233,2016-03-31,10.90486194,0.1234,88.3700319286872,0.7273154677950164,0.27268453220498357,,2016-04-26
600233,2016-06-30,16.93173734,0.3084,54.901872049286645,0.6772234273318872,0.32277657266811277,,2016-08-30
600233,2016-09-30,24.71894439,0.4305,57.41915073170732,0.5041459369817579,0.4958540630182421,,2016-10-26
600233,2016-12-31,,0.5703,,,,,2017-04-28
600233,2017-03-31,20.00311621,0.099,202.0516788888889,0.43851324634242783,0.5614867536575722,,2017-04-28
600233,2017-06-30,17.17529742,0.2456,69.931992752443,0.4884809215262779,0.511519078473722,,2017-08-25
600233,2017-09-30,,0.375,,,,,2017-10-26
600233,2017-12-31,,0.5113,,,,,2018-03-24
600233,2018-03-31,,0.1117,,,,,2018-04-25
600233,2018-06-30,,0.2837,,,,,2018-08-25
600233,2018-09-30,,0.4442,,,,,2018-10-24
600236,2015-06-30,5.70926628,0.2899,19.693916109003105,0.9433962264150944,0.05660377358490565,,2015-08-31
600236,2015-09-30,3.43941195,0.4481,7.675545525552333,0.9750231267345051,0.024976873265494914,,2015-10-21
600236,2015-12-31,3.8803622,0.5421,7.158019184652278,0.9800086918730987,0.019991308126901308,,2016-03-31
600236,2016-03-31,3.11259,0.12,25.93825,0.9628584861307005,0.037141513869299536,,2016-04-28
600236,2016-06-30,3.63592992,0.3,12.119766400000001,0.968763557483731,0.031236442516269003,,2016-07-30
600236,2016-09-30,3.67380419,0.4,9.184510475,0.9730514096185738,0.026948590381426163,,2016-10-28
600236,2016-12-31,,0.43,,,,,2017-04-29
600236,2017-03-31,3.5710026,0.05,71.420052,0.7935943060498221,0.20640569395017794,,2017-04-29
600236,2017-06-30,3.0840477,0.12,25.7003975,0.8790496760259179,0.12095032397408212,,2017-08-31
600236,2017-09-30,,0.3,,,,,2017-10-31
600236,2017-12-31,,0.4071,,,,,2018-04-27
600236,2018-03-31,,0.1,,,,,2018-04-27
600236,2018-06-30,,0.21,,,,,2018-08-31
600236,2018-09-30,,0.26,,,,,2018-10-31
600237,2015-06-30,11.68850474,0.0033,3541.9711333333335,0.018867924528301886,0.9811320754716981,,2015-08-28
600237,2015-09-30,5.68549509,-0.041,,,,,2015-10-31
600237,2015-12-31,5.68549509,0.02,284.2747545,0.10430247718383312,0.8956975228161669,,2016-02-26
600237,2016-03-31,7.37229119,0.0029,2542.169375862069,0.040432534085566525,0.9595674659144334,,2016-04-30
600237,2016-06-30,7.55089313,-0.0538,,,,,2016-08-31
600237,2016-09-30,8.55304846,-0.1103,,,,,2016-10-29
600237,2016-12-31,,-0.3718,,,,,2017-04-28
600237,2017-03-31,7.15399993,0.0082,872.4390158536585,0.10992487149070779,0.8900751285092923,,2017-04-28
600237,2017-06-30,5.94347567,0.0112,530.6674705357143,0.052915766738660906,0.9470842332613391,,2017-08-19
600237,2017-09-30,,0.0154,,,,,2017-10-28
600237,2017-12-31,,0.0249,,,,,2018-04-28
600237,2018-03-31,,0.0051,,,,,2018-04-28
600237,2018-06-30,,0.0094,,,,,2018-08-18
600237,2018-09-30,,0.0076,,,,,2018-10-26
600246,2015-06-30,5.17783896,0.0122,424.4130295081967,0.1421997238840313,0.8578002761159687,,2015-08-28
600246,2015-09-30,4.20456096,0.0297,141.5677090909091,0.18825161887141537,0.8117483811285846,,2015-10-31
600246,2015-12-31,7.3969128,-0.5031,,,,,2016-03-18
600246,2016-03-31,5.52821904,0.0039,1417.4920615384615,0.08086506817113305,0.919134931828867,,2016-04-30
600246,2016-06-30,4.9637178,0.2177,22.80072485071199,0.9045553145336226,0.09544468546637741,,2016-08-31
600246,2016-09-30,5.71314186,0.1513,37.760355981493724,0.6708126036484245,0.32918739635157546,,2016-10-31
600246,2016-12-31,,0.0706,,,,,2017-03-28
600246,2017-03-31,4.94425224,0.0368,134.3546804347826,0.5737445630684065,0.4262554369315935,,2017-04-28
600246,2017-06-30,4.8177261,0.0249,193.48297590361446,0.16486681065514758,0.8351331893448524,,2017-07-31
600246,2017-09-30,,0.055,,,,,2017-10-24
600246,2017-12-31,,0.1734,,,,,2018-04-27
600246,2018-03-31,,0.004,,,,,2018-04-28
600246,2018-06-30,,0.1558,,,,,2018-07-31
600246,2018-09-30,,0.1652,,,,,2018-10-30
600248,2015-06-30,8.64866292,0.1168,74.04677157534246,0.6010124252185918,0.3989875747814082,,2015-08-29
600248,2015-09-30,4.88560162,0.1585,30.82398498422713,0.6688251618871416,0.3311748381128584,,2015-10-24
600248,2015-12-31,7.23910945,0.1967,36.80279334011184,0.626684050412864,0.373315949587136,,2016-03-19
600248,2016-03-31,5.54254283,0.0318,174.2937996855346,0.5110484250117536,0.4889515749882464,,2016-04-23
600248,2016-06-30,5.0906513,0.0891,57.134133557800226,0.6633405639913232,0.33665943600867676,,2016-08-20
600248,2016-09-30,6.85986126,0.1374,49.92621004366812,0.5559701492537313,0.44402985074626866,,2016-10-28
600248,2016-12-31,,0.1994,,,,,2017-03-18
600248,2017-03-31,6.25065217,0.0246,254.09155162601627,0.37327006722024514,0.6267299327797549,,2017-04-28
600248,2017-06-30,5.04844263,0.1008,50.08375625,0.6421886249100072,0.35781137508999283,,2017-08-19
600248,2017-09-30,,0.1399,,,,,2017-10-31
600248,2017-12-31,,0.2494,,,,,2018-03-31
600248,2018-03-31,,0.0994,,,,,2018-04-27
600248,2018-06-30,,0.1556,,,,,2018-08-17
600248,2018-09-30,,0.2063,,,,,2018-10-26
600249,2015-06-30,10.9368464,-0.1679,,,,,2015-08-18
600249,2015-09-30,6.0606712,-0.1875,,,,,2015-10-29
600249,2015-12-31,9.1699732,-0.32,,,,,2016-04-15
600249,2016-03-31,7.4129708,-0.0832,,,,,2016-04-29
600249,2016-06-30,6.8898184,-0.142,,,,,2016-08-24
600249,2016-09-30,8.094056,-0.1676,,,,,2016-10-26
600249,2016-12-31,,0.05,,,,,2017-03-29
600249,2017-03-31,11.4205156,-0.05,,,,,2017-04-27
600249,2017-06-30,7.7683196,-0.1073,,,,,2017-08-11
600249,2017-09-30,,-0.1279,,,,,2017-10-27
600249,2017-12-31,,-0.2618,,,,,2018-03-30
600249,2018-03-31,,-0.0077,,,,,2018-04-27
600249,2018-06-30,,-0.022,,,,,2018-08-17
600249,2018-09-30,,0.0039,,,,,2018-10-26
600251,2015-06-30,12.13529946,0.1454,83.4614818431912,0.5637367694431661,0.4362632305568339,,2015-08-17
600251,2015-09-30,8.16917122,0.1752,46.62768961187215,0.5018501387604071,0.49814986123959293,,2015-10-23
600251,2015-12-31,9.9153206,0.1671,59.33764572112507,0.4589308996088657,0.5410691003911343,,2016-04-11
600251,2016-03-31,7.13376606,-0.0061,,,,,2016-04-27
600251,2016-06-30,7.089808,0.0128,553.8912499999999,0.09154013015184381,0.9084598698481562,,2016-08-17
600251,2016-09-30,6.88597602,0.0155,444.25651741935485,0.06509121061359867,0.9349087893864013,,2016-10-24
600251,2016-12-31,,0.0337,,,,,2017-04-10
600251,2017-03-31,7.6658549,0.0699,109.66888268955651,0.6488730723606169,0.35112692763938314,,2017-04-25
600251,2017-06-30,7.07222732,0.0982,72.01860814663951,0.4762419006479482,0.5237580993520519,,2017-08-17
600251,2017-09-30,,0.1162,,,,,2017-10-20
600251,2017-12-31,,0.1107,,,,,2018-03-29
600251,2018-03-31,,0.0945,,,,,2018-04-24
600251,2018-06-30,,0.1241,,,,,2018-08-17
600251,2018-09-30,,0.1637,,,,,2018-10-19
600255,2015-06-30,8.88931492,-0.02,,,,,2015-08-20
600255,2015-09-30,4.230637,-0.06,,,,,2015-10-29
600255,2015-12-31,5.39530648,0.02,269.765324,0.1121251629726206,0.8878748370273795,,2016-04-28
600255,2016-03-31,4.29036364,-0.02,,,,,2016-04-28
600255,2016-06-30,4.32022696,-0.03,,,,,2016-08-16
600255,2016-09-30,4.4,-0.05,,,,,2016-10-29
600255,2016-12-31,,0.11,,,,,2017-04-15
600255,2017-03-31,4.92,0.01,492.0,0.19217081850533807,0.8078291814946619,,2017-04-29
600255,2017-06-30,4.04,0.004,1010.0,0.029517638588912886,0.9704823614110871,,2017-08-30
600255,2017-09-30,,0.02,,,,,2017-10-31
600255,2017-12-31,,0.09,,,,,2018-04-28
600255,2018-03-31,,0.0003,,,,,2018-04-28
600255,2018-06-30,,0.016,,,,,2018-08-29
600255,2018-09-30,,0.02,,,,,2018-10-31
600256,2015-06-30,6.199336,0.0779,79.58069319640565,0.577542567878509,0.422457432121491,,2015-08-18
600256,2015-09-30,3.8375232,0.0655,58.58814045801527,0.4222941720629047,0.5777058279370952,,2015-10-23
600256,2015-12-31,3.99941871,0.0476,84.02140147058823,0.33854845719252497,0.661451542807475,,2016-04-22
600256,2016-03-31,2.69226237,0.0051,527.8945823529411,0.2148566055477198,0.7851433944522802,,2016-04-22
600256,2016-06-30,2.4584133,0.013,189.1087153846154,0.26203904555314533,0.7379609544468546,,2016-08-20
600256,2016-09-30,2.45241717,0.0315,77.85451333333333,0.3888888888888889,0.6111111111111112,,2016-10-18
600256,2016-12-31,,0.0394,,,,,2017-04-22
600256,2017-03-31,2.81218497,0.0058,484.85947758620694,0.19731119019375248,0.8026888098062475,,2017-04-22
600256,2017-06-30,2.50060554,0.0209,119.64619808612441,0.2778977681785457,0.7221022318214543,,2017-08-16
600256,2017-09-30,,0.0473,,,,,2017-10-20
600256,2017-12-31,,0.1252,,,,,2018-04-11
600256,2018-03-31,,0.1014,,,,,2018-04-19
600256,2018-06-30,,0.1514,,,,,2018-08-17
600256,2018-09-30,,0.2244,,,,,2018-10-19
600257,2015-06-30,16.8487085,0.0163,1033.6630981595094,0.05890473999079614,0.9410952600092038,,2015-08-15
600257,2015-09-30,8.58386865,0.0101,849.8879851485149,0.026364477335800184,0.9736355226641998,,2015-10-29
600257,2015-12-31,14.94450535,0.0062,2410.4040887096776,0.003476749239461104,0.9965232507605389,,2016-04-29
600257,2016-03-31,11.4650975,0.0133,862.0374060150377,0.13587212035731078,0.8641278796426892,,2016-04-29
600257,2016-06-30,11.09622045,0.0172,645.1290959302326,0.07462039045553145,0.9253796095444685,,2016-08-30
600257,2016-09-30,11.7442477,0.0123,954.8168861788619,0.0269485903814262,0.9730514096185738,,2016-10-29
600257,2016-12-31,,0.0139,,,,,2017-04-28
600257,2017-03-31,9.24186555,0.0132,700.1413295454546,0.14076710162119416,0.8592328983788058,,2017-04-29
600257,2017-06-30,7.2778445,0.0162,449.24966049382715,0.06371490280777538,0.9362850971922246,,2017-08-29
600257,2017-09-30,,0.0128,,,,,2017-10-27
600257,2017-12-31,,0.0172,,,,,2018-04-28
600257,2018-03-31,,0.0151,,,,,2018-04-28
600257,2018-06-30,,0.0173,,,,,2018-08-24
600257,2018-09-30,,0.0459,,,,,2018-10-27
600258,2015-06-30,11.6384926,0.1811,64.26555825510766,0.6530142659917165,0.3469857340082835,,2015-08-31
600258,2015-09-30,11.6384926,0.2902,40.1050744314266,0.5661424606845513,0.4338575393154487,,2015-10-30
600258,2015-12-31,18.75334468,0.4327,43.34029276635083,0.5645371577574967,0.4354628422425033,,2016-03-31
600258,2016-03-31,13.81561224,0.0304,454.4609289473684,0.25152797367183827,0.7484720263281617,,2016-04-30
600258,2016-06-30,12.48339834,0.0603,207.02153134328358,0.2351409978308026,0.7648590021691974,,2016-08-31
600258,2016-09-30,15.2406231,0.6779,22.48211107833014,0.8312603648424544,0.16873963515754564,,2016-10-17
600258,2016-12-31,,0.5997,,,,,2017-04-10
600258,2017-03-31,16.91645925,0.0427,396.1700058548009,0.23606168446026096,0.763938315539739,,2017-04-28
600258,2017-06-30,17.7300064,0.2459,72.10250671004474,0.47516198704103674,0.5248380129589633,,2017-08-29
600258,2017-09-30,,0.5623,,,,,2017-10-31
600258,2017-12-31,,0.6445,,,,,2018-03-30
600258,2018-03-31,,0.077,,,,,2018-04-28
600258,2018-06-30,,0.3473,,,,,2018-08-30
600258,2018-09-30,,0.8188,,,,,2018-10-30
600259,2015-06-30,58.5670239,-0.13,,,,,2015-08-26
600259,2015-09-30,48.37320675,-0.37,,,,,2015-10-30
600259,2015-12-31,39.537234,-1.05,,,,,2016-03-26
600259,2016-03-31,42.2529228,-0.25,,,,,2016-04-30
600259,2016-06-30,57.1692429,-0.38,,,,,2016-08-25
600259,2016-09-30,48.5629056,-0.45,,,,,2016-10-31
600259,2016-12-31,,0.1,,,,,2017-03-30
600259,2017-03-31,43.131528,0.01,4313.1528,0.015816528272044286,0.9841834717279557,,2017-04-29
600259,2017-06-30,38.9781216,-0.11,,,,,2017-08-31
600259,2017-09-30,,0.03,,,,,2017-10-31
600259,2017-12-31,,0.07,,,,,2018-03-30
600259,2018-03-31,,0.01,,,,,2018-04-28
600259,2018-06-30,,-0.1,,,,,2018-08-31
600259,2018-09-30,,-0.45,,,,,2018-10-31
600266,2015-06-30,12.1808678,0.1863,65.38307997852925,0.6474919466175794,0.35250805338242064,,2015-08-15
600266,2015-09-30,6.3909578,0.51,12.531289803921569,0.9130434782608695,0.08695652173913049,,2015-10-31
600266,2015-12-31,8.0727888,0.91,8.871196483516483,0.9634941329856584,0.03650586701434155,,2016-03-26
600266,2016-03-31,6.8320938,0.11,62.10994363636364,0.8251057827926658,0.17489421720733422,,2016-04-30
600266,2016-06-30,7.05150428,0.2775,25.410826234234232,0.8802603036876355,0.11973969631236447,,2016-08-13
600266,2016-09-30,7.71769924,0.44,17.540225545454547,0.8897180762852405,0.11028192371475953,,2016-10-29
600266,2016-12-31,,0.92,,,,,2017-03-31
600266,2017-03-31,8.26533408,0.07,118.07620114285714,0.6231712139185449,0.3768287860814551,,2017-04-29
600266,2017-06-30,8.20887688,0.1686,48.68847497034401,0.6551475881929446,0.3448524118070554,,2017-08-12
600266,2017-09-30,,0.3077,,,,,2017-10-28
600266,2017-12-31,,0.93,,,,,2018-03-24
600266,2018-03-31,,0.06,,,,,2018-04-28
600266,2018-06-30,,0.1676,,,,,2018-08-09
600266,2018-09-30,,0.3098,,,,,2018-10-27
600267,2015-06-30,17.23074943,0.038,453.4407744736842,0.1325356649792913,0.8674643350207087,,2015-08-18
600267,2015-09-30,10.44482363,0.01,1044.482363,0.020814061054579093,0.9791859389454209,,2015-10-27
600267,2015-12-31,14.53471945,0.01,1453.471945,0.013472403302911778,0.9865275966970882,,2016-04-08
600267,2016-03-31,12.55396273,0.006,2092.3271216666667,0.05124588622472966,0.9487541137752703,,2016-04-29
600267,2016-06-30,11.21023395,0.021,533.8206642857142,0.09674620390455531,0.9032537960954446,,2016-08-16
600267,2016-09-30,13.41537462,0.032,419.23045687499996,0.07131011608623548,0.9286898839137645,,2016-10-29
600267,2016-12-31,,-0.1,,,,,2017-04-18
600267,2017-03-31,11.98526247,0.007,1712.180352857143,0.04705417160933175,0.9529458283906682,,2017-04-28
600267,2017-06-30,10.77658704,0.014,769.7562171428572,0.03959683225341973,0.9604031677465803,,2017-08-22
600267,2017-09-30,,0.005,,,,,2017-10-31
600267,2017-12-31,,0.01,,,,,2018-03-27
600267,2018-03-31,,0.011,,,,,2018-04-27
600267,2018-06-30,,0.015,,,,,2018-08-28
600267,2018-09-30,,0.007,,,,,2018-10-30
600268,2015-06-30,9.12101382,-0.19,,,,,2015-08-22
600268,2015-09-30,4.61335532,-0.16,,,,,2015-10-29
600268,2015-12-31,6.16150286,0.05,123.23005719999999,0.23468057366362452,0.7653194263363755,,2016-03-26
600268,2016-03-31,4.77500928,-0.18,,,,,2016-04-28
600268,2016-06-30,4.7441704,-0.18,,,,,2016-08-20
600268,2016-09-30,5.2511332,-0.18,,,,,2016-10-22
600268,2016-12-31,,0.05,,,,,2017-03-25
600268,2017-03-31,5.0195576,-0.21,,,,,2017-04-27
600268,2017-06-30,3.8738962,-0.15,,,,,2017-08-26
600268,2017-09-30,,-0.12,,,,,2017-10-27
600268,2017-12-31,,0.06,,,,,2018-03-24
600268,2018-03-31,,-0.15,,,,,2018-04-21
600268,2018-06-30,,-0.04,,,,,2018-08-25
600268,2018-09-30,,-0.03,,,,,2018-10-27
600269,2015-06-30,4.607306,0.18,25.596144444444448,0.9093419236079153,0.09065807639208467,,2015-08-18
600269,2015-09-30,3.2386651,0.21,15.422214761904762,0.8746530989824237,0.12534690101757628,,2015-10-30
600269,2015-12-31,3.8484556,0.3,12.828185333333334,0.9165580182529335,0.08344198174706652,,2016-03-29
600269,2016-03-31,3.2386651,0.08,40.48331375,0.9172543488481429,0.08274565115185706,,2016-04-29
600269,2016-06-30,3.04918905,0.32,9.52871578125,0.9848156182212582,0.015184381778741818,,2016-08-09
600269,2016-09-30,3.32256462,0.39,8.519396461538461,0.9767827529021559,0.023217247097844118,,2016-10-28
600269,2016-12-31,,0.44,,,,,2017-03-07
600269,2017-03-31,3.81323872,0.19,20.069677473684212,0.9754843811783314,0.02451561882166864,,2017-04-25
600269,2017-06-30,3.76201596,0.25,15.04806384,0.9611231101511879,0.0388768898488121,,2017-08-09
600269,2017-09-30,,0.35,,,,,2017-10-28
600269,2017-12-31,,0.42,,,,,2018-03-27
600269,2018-03-31,,0.1,,,,,2018-04-27
600269,2018-06-30,,0.25,,,,,2018-08-10
600269,2018-09-30,,0.35,,,,,2018-10-30
600272,2015-06-30,17.32224205,0.05,346.444841,0.17119190059825126,0.8288080994017487,,2015-08-22
600272,2015-09-30,13.38801334,0.07,191.25733342857143,0.13783533765032377,0.8621646623496763,,2015-10-28
600272,2015-12-31,18.2388823,0.08,227.98602875,0.13689700130378096,0.8631029986962191,,2016-04-29
600272,2016-03-31,15.34183556,0.02,767.091778,0.151857075693465,0.848142924306535,,2016-04-29
600272,2016-06-30,16.92991766,0.05,338.5983532,0.14533622559652928,0.8546637744034707,,2016-08-27
600272,2016-09-30,20.80157638,0.06,346.6929396666667,0.08706467661691543,0.9129353233830846,,2016-10-28
600272,2016-12-31,,0.09,,,,,2017-04-21
600272,2017-03-31,16.56225558,0.02,828.1127789999999,0.11704230921312772,0.8829576907868723,,2017-04-21
600272,2017-06-30,13.1896179,0.07,188.42311285714283,0.1695464362850972,0.8304535637149029,,2017-08-25
600272,2017-09-30,,0.08,,,,,2017-10-28
600272,2017-12-31,,0.16,,,,,2018-03-30
600272,2018-03-31,,0.03,,,,,2018-04-28
600272,2018-06-30,,0.09,,,,,2018-08-18
600272,2018-09-30,,0.11,,,,,2018-10-26
600273,2015-06-30,11.022318,0.24,45.926325000000006,0.7616198803497469,0.23838011965025308,,2015-08-12
600273,2015-09-30,5.3371224,0.33,16.173098181818183,0.8667900092506938,0.13320999074930617,,2015-10-31
600273,2015-12-31,6.7809816,0.51,13.296042352941175,0.9087353324641461,0.09126466753585394,,2016-03-15
600273,2016-03-31,5.5176048,0.14,39.41146285714285,0.921485660554772,0.07851433944522801,,2016-04-30
600273,2016-06-30,5.84983377,0.3,19.4994459,0.928416485900217,0.07158351409978303,,2016-08-02
600273,2016-09-30,6.09932163,0.41,14.876394219512196,0.9208126036484245,0.07918739635157546,,2016-10-28
600273,2016-12-31,,0.57,,,,,2017-04-18
600273,2017-03-31,5.86953018,0.18,32.608501000000004,0.9470146302886516,0.052985369711348373,,2017-04-28
600273,2017-06-30,6.27616738,0.35,17.931906800000004,0.9409647228221742,0.05903527717782575,,2017-08-01
600273,2017-09-30,,0.51,,,,,2017-10-26
600273,2017-12-31,,0.7,,,,,2018-03-29
600273,2018-03-31,,0.2,,,,,2018-04-27
600273,2018-06-30,,0.39,,,,,2018-08-08
600273,2018-09-30,,0.58,,,,,2018-10-23
600276,2015-06-30,13.3143422,0.4536,29.352606261022927,0.8808099401748735,0.11919005982512654,,2015-08-25
600276,2015-09-30,13.8075767,0.6716,20.55922677188803,0.8048103607770583,0.19518963922294175,,2015-10-28
600276,2015-12-31,14.6834416,0.9245,15.882576095186588,0.8744024337244676,0.12559756627553242,,2016-04-13
600276,2016-03-31,14.1184639,0.2892,48.819031466113415,0.8824635637047484,0.11753643629525157,,2016-04-26
600276,2016-06-30,14.41806093,0.465,31.006582645161288,0.8321041214750542,0.1678958785249458,,2016-08-30
600276,2016-09-30,15.83434515,0.68,23.28580169117647,0.8196517412935324,0.18034825870646765,,2016-10-29
600276,2016-12-31,,0.92,,,,,2017-03-11
600276,2017-03-31,19.52962479,0.29,67.3435337586207,0.8098062475286675,0.19019375247133252,,2017-04-21
600276,2017-06-30,21.87349712,0.43,50.868597953488376,0.6357091432685386,0.36429085673146144,,2017-08-30
600276,2017-09-30,,0.64,,,,,2017-10-19
600276,2017-12-31,,0.87,,,,,2018-04-16
600276,2018-03-31,,0.21,,,,,2018-04-27
600276,2018-06-30,,0.43,,,,,2018-08-10
600276,2018-09-30,,0.66,,,,,2018-10-26
600279,2015-06-30,9.4711692,0.06,157.85282,0.3479061205706397,0.6520938794293603,,2015-08-20
600279,2015-09-30,6.3731232,0.0844,75.51093838862559,0.33950046253469013,0.6604995374653099,,2015-10-29
600279,2015-12-31,9.61279416,0.11,87.38903781818182,0.3285528031290743,0.6714471968709257,,2016-03-18
600279,2016-03-31,7.56513328,0.028,270.1833314285714,0.3770568876351669,0.622943112364833,,2016-04-28
600279,2016-06-30,6.34775344,0.0503,126.1978815109344,0.3700650759219089,0.6299349240780912,,2016-08-25
600279,2016-09-30,6.2765304,0.0892,70.36469058295964,0.42371475953565507,0.5762852404643449,,2016-10-28
600279,2016-12-31,,0.12,,,,,2017-03-17
600279,2017-03-31,6.91753776,0.04,172.938444,0.49466192170818507,0.5053380782918149,,2017-04-27
600279,2017-06-30,6.03707192,0.097,62.23785484536082,0.5446364290856731,0.4553635709143269,,2017-08-25
600279,2017-09-30,,0.1729,,,,,2017-10-27
600279,2017-12-31,,0.7,,,,,2018-03-29
600279,2018-03-31,,0.03,,,,,2018-04-28
600279,2018-06-30,,0.087,,,,,2018-08-23
600279,2018-09-30,,0.1487,,,,,2018-10-26
600280,2015-06-30,13.71855347,0.144,95.26773243055555,0.5200184077312471,0.4799815922687529,,2015-08-29
600280,2015-09-30,12.9569611,0.15,86.37974066666666,0.3011100832562442,0.6988899167437558,,2015-10-30
600280,2015-12-31,11.04803477,0.098,112.73504867346938,0.25771403737505433,0.7422859626249456,,2016-04-28
600280,2016-03-31,7.13127401,0.037,192.7371354054054,0.47484720263281616,0.5251527973671839,,2016-04-28
600280,2016-06-30,6.68618756,0.065,102.86442399999999,0.4420824295010846,0.5579175704989154,,2016-08-26
600280,2016-09-30,6.8363808,0.07,97.66258285714284,0.3117744610281924,0.6882255389718076,,2016-10-29
600280,2016-12-31,,0.103,,,,,2017-04-27
600280,2017-03-31,8.197695,0.04,204.94237499999997,0.4321866350336101,0.5678133649663899,,2017-04-27
600280,2017-06-30,7.8797238,0.211,37.344662559241705,0.7685385169186465,0.2314614830813535,,2017-08-18
600280,2017-09-30,,0.24,,,,,2017-10-20
600280,2017-12-31,,0.209,,,,,2018-04-27
600280,2018-03-31,,0.035,,,,,2018-04-27
600280,2018-06-30,,0.061,,,,,2018-08-30
600280,2018-09-30,,0.07,,,,,2018-10-19
600282,2015-06-30,3.67107673,0.009,407.89741444444445,0.15186378278877127,0.8481362172112288,,2015-08-25
600282,2015-09-30,1.75674737,-0.1224,,,,,2015-10-31
600282,2015-12-31,1.85012929,-0.6276,,,,,2016-04-16
600282,2016-03-31,1.52912894,0.0028,546.1174785714286,0.20921485660554773,0.7907851433944523,,2016-04-30
600282,2016-06-30,1.37154695,0.0367,37.3718514986376,0.7900216919739697,0.20997830802603035,,2016-07-30
600282,2016-09-30,1.48243798,0.0574,25.826445644599303,0.7906301824212272,0.20936981757877282,,2016-10-29
600282,2016-12-31,,0.0893,,,,,2017-03-01
600282,2017-03-31,2.14194779,0.1385,15.465327003610108,0.9877421905891657,0.01225780941083432,,2017-04-15
600282,2017-06-30,2.16529327,0.3049,7.101650606756313,0.9953203743700504,0.004679625629949613,,2017-08-18
600282,2017-09-30,,0.4642,,,,,2017-10-28
600282,2017-12-31,,0.7856,,,,,2018-02-13
600282,2018-03-31,,0.2286,,,,,2018-04-18
600282,2018-06-30,,0.5179,,,,,2018-08-18
600282,2018-09-30,,0.7775,,,,,2018-10-30
600283,2015-06-30,10.818766,0.08,135.234575,0.40220892774965483,0.5977910722503452,,2015-08-22
600283,2015-09-30,6.46873436,0.12,53.90611966666667,0.4555966697502313,0.5444033302497687,,2015-10-30
600283,2015-12-31,11.72418192,0.12,97.701516,0.2955236853541938,0.7044763146458062,,2016-03-31
600283,2016-03-31,8.8761508,0.01,887.6150799999999,0.1321109543958627,0.8678890456041373,,2016-04-30
600283,2016-06-30,7.98624453,-0.01,,,,,2016-08-25
600283,2016-09-30,8.03129184,-0.51,,,,,2016-10-29
600283,2016-12-31,,0.17,,,,,2017-03-30
600283,2017-03-31,7.82536128,0.02,391.268064,0.24120205614867538,0.7587979438513246,,2017-04-28
600283,2017-06-30,7.44567681,0.09,82.72974233333333,0.408207343412527,0.5917926565874729,,2017-08-30
600283,2017-09-30,,0.17,,,,,2017-10-28
600283,2017-12-31,,0.21,,,,,2018-03-30
600283,2018-03-31,,0.08,,,,,2018-04-27
600283,2018-06-30,,0.17,,,,,2018-08-18
600283,2018-09-30,,0.25,,,,,2018-10-27
600284,2015-06-30,8.8719876,0.2083,42.592355256841095,0.7837091578462955,0.21629084215370453,,2015-08-27
600284,2015-09-30,6.9844464,0.3297,21.184247497725206,0.7955596669750231,0.20444033302497688,,2015-10-29
600284,2015-12-31,7.4468124,0.5471,13.6114282580881,0.9052585832246849,0.09474141677531511,,2016-03-05
600284,2016-03-31,6.1304292,0.0862,71.11866821345708,0.7950164551010813,0.20498354489891868,,2016-04-29
600284,2016-06-30,5.7664818,0.2087,27.63048298993771,0.8629067245119306,0.13709327548806938,,2016-08-30
600284,2016-09-30,6.09236535,0.3275,18.602642290076336,0.8793532338308457,0.12064676616915426,,2016-10-28
600284,2016-12-31,,0.5182,,,,,2017-03-03
600284,2017-03-31,6.65575725,0.0988,67.3659640688259,0.8094108343218663,0.19058916567813367,,2017-04-28
600284,2017-06-30,6.00992144,0.1531,39.254875506205096,0.7483801295896328,0.25161987041036715,,2017-08-29
600284,2017-09-30,,0.2242,,,,,2017-10-27
600284,2017-12-31,,0.3827,,,,,2018-02-09
600284,2018-03-31,,0.0755,,,,,2018-04-27
600284,2018-06-30,,0.1672,,,,,2018-08-30
600284,2018-09-30,,0.2215,,,,,2018-10-30
600285,2015-06-30,9.00569584,0.146,61.682848219178084,0.6640589047399907,0.33594109526000926,,2015-08-28
600285,2015-09-30,8.25283114,0.196,42.106281326530606,0.5444033302497687,0.4555966697502313,,2015-10-30
600285,2015-12-31,9.5004355,0.25,38.001742,0.6140808344198174,0.3859191655801826,,2016-03-29
600285,2016-03-31,7.3493935,0.093,79.02573655913979,0.7611659614480489,0.23883403855195107,,2016-04-27
600285,2016-06-30,7.73658106,0.178,43.463938539325845,0.7470715835140997,0.25292841648590025,,2016-08-12
600285,2016-09-30,8.77916559,0.583,15.058603070325901,0.9203980099502488,0.07960199004975121,,2016-10-28
600285,2016-12-31,,0.6,,,,,2017-04-28
600285,2017-03-31,8.54679727,0.116,73.67928681034483,0.7837089758797944,0.21629102412020562,,2017-04-28
600285,2017-06-30,8.26689712,0.226,36.579190796460175,0.7760979121670266,0.22390208783297338,,2017-08-30
600285,2017-09-30,,0.321,,,,,2017-10-27
600285,2017-12-31,,0.37,,,,,2018-04-27
600285,2018-03-31,,0.125,,,,,2018-04-27
600285,2018-06-30,,0.248,,,,,2018-08-30
600285,2018-09-30,,0.359,,,,,2018-10-26
600288,2015-06-30,24.55939066,0.0233,1054.0511012875536,0.05752416014726185,0.9424758398527382,,2015-08-28
600288,2015-09-30,15.00742236,0.0202,742.941700990099,0.030989824236817762,0.9690101757631823,,2015-10-29
600288,2015-12-31,17.22308511,0.0632,272.51716946202527,0.11082138200782268,0.8891786179921773,,2016-04-23
600288,2016-03-31,14.04237814,-0.0477,,,,,2016-04-28
600288,2016-06-30,12.74252266,-0.0148,,,,,2016-08-20
600288,2016-09-30,12.70429104,-0.0104,,,,,2016-10-26
600288,2016-12-31,,0.0672,,,,,2017-04-22
600288,2017-03-31,12.15193056,-0.0254,,,,,2017-04-28
600288,2017-06-30,10.4553948,-0.0079,,,,,2017-08-24
600288,2017-09-30,,0.0119,,,,,2017-10-26
600288,2017-12-31,,0.0798,,,,,2018-04-17
600288,2018-03-31,,0.0213,,,,,2018-04-20
600288,2018-06-30,,0.0388,,,,,2018-08-10
600288,2018-09-30,,0.0723,,,,,2018-10-19
600292,2015-06-30,22.12616892,0.3,73.7538964,0.6023930050621261,0.3976069949378739,,2015-08-28
600292,2015-09-30,15.540558,0.4,38.851395,0.5781683626271971,0.42183163737280294,,2015-10-28
600292,2015-12-31,19.5962646,0.37,52.962877297297304,0.49934810951760106,0.5006518904823989,,2016-03-25
600292,2016-03-31,13.88226675,0.08,173.528334375,0.5133991537376587,0.48660084626234135,,2016-04-28
600292,2016-06-30,12.10294148,0.07,172.89916399999998,0.2854663774403471,0.7145336225596529,,2016-08-30
600292,2016-09-30,12.10294148,0.15,80.68627653333334,0.3781094527363184,0.6218905472636815,,2016-10-28
600292,2016-12-31,,0.19,,,,,2017-03-24
600292,2017-03-31,11.00441088,0.03,366.813696,0.2597864768683274,0.7402135231316727,,2017-04-28
600292,2017-06-30,10.3523035,0.04,258.8075875,0.12023038156947444,0.8797696184305256,,2017-08-30
600292,2017-09-30,,0.12,,,,,2017-10-28
600292,2017-12-31,,0.14,,,,,2018-03-28
600292,2018-03-31,,0.03,,,,,2018-04-26
600292,2018-06-30,,0.05,,,,,2018-08-31
600292,2018-09-30,,0.14,,,,,2018-10-30
600293,2015-06-30,8.17016388,0.0068,1201.4946882352942,0.05062126092959043,0.9493787390704096,,2015-07-31
600293,2015-09-30,5.2922889,0.0059,896.9981186440679,0.024514338575393153,0.9754856614246068,,2015-10-30
600293,2015-12-31,9.58492323,-0.1919,,,,,2016-03-24
600293,2016-03-31,7.56601302,0.003,2522.00434,0.04090267983074753,0.9590973201692524,,2016-04-20
600293,2016-06-30,7.71628789,0.0123,627.3404788617886,0.07678958785249458,0.9232104121475054,,2016-08-10
600293,2016-09-30,9.51305264,0.0611,155.69644255319147,0.19776119402985073,0.8022388059701493,,2016-10-29
600293,2016-12-31,,0.3677,,,,,2017-04-28
600293,2017-03-31,11.25754787,0.0846,133.06794172576832,0.5780941083432186,0.4219058916567814,,2017-04-28
600293,2017-06-30,10.53453328,0.22,47.88424218181818,0.6623470122390209,0.3376529877609791,,2017-07-14
600293,2017-09-30,,0.3067,,,,,2017-10-17
600293,2017-12-31,,0.3474,,,,,2018-03-20
600293,2018-03-31,,0.0915,,,,,2018-04-24
600293,2018-06-30,,0.18,,,,,2018-08-01
600293,2018-09-30,,0.2367,,,,,2018-10-30
600295,2015-06-30,3.830904,0.11,34.8264,0.8430740911182697,0.1569259088817303,,2015-08-31
600295,2015-09-30,2.3145045,0.17,13.614732352941175,0.9010175763182239,0.09898242368177612,,2015-10-30
600295,2015-12-31,3.15730338,0.25,12.62921352,0.9200347674923947,0.07996523250760534,,2016-04-29
600295,2016-03-31,2.65290102,0.09,29.476678,0.9515749882463563,0.048425011753643665,,2016-04-30
600295,2016-06-30,2.53504911,0.11,23.045901,0.9015184381778741,0.09848156182212586,,2016-08-31
600295,2016-09-30,2.97844173,0.18,16.5468985,0.9033996683250415,0.09660033167495852,,2016-10-29
600295,2016-12-31,,0.26,,,,,2017-04-29
600295,2017-03-31,3.21941598,0.11,29.267418,0.9565045472518782,0.04349545274812183,,2017-04-29
600295,2017-06-30,3.2772498,0.16,20.482811249999997,0.9193664506839453,0.08063354931605471,,2017-08-31
600295,2017-09-30,,0.35,,,,,2017-10-31
600295,2017-12-31,,0.5,,,,,2018-04-27
600295,2018-03-31,,0.2,,,,,2018-04-27
600295,2018-06-30,,0.27,,,,,2018-08-30
600295,2018-09-30,,0.51,,,,,2018-10-31
600299,2015-06-30,21.85656984,0.2,109.28284919999999,0.4684767602393005,0.5315232397606995,,2015-08-27
600299,2015-09-30,12.0865824,0.47,25.716132765957447,0.7261794634597595,0.2738205365402405,,2015-10-24
600299,2015-12-31,15.72934404,0.58,27.119558689655175,0.7305519339417644,0.26944806605823557,,2016-04-14
600299,2016-03-31,12.83360034,0.21,61.112382571428576,0.8288669487541138,0.17113305124588618,,2016-04-16
600299,2016-06-30,11.70628914,0.41,28.55192473170732,0.8572668112798265,0.1427331887201735,,2016-07-28
600299,2016-09-30,11.893182,0.58,20.505486206896553,0.8540630182421227,0.14593698175787728,,2016-10-29
600299,2016-12-31,,0.7,,,,,2017-03-30
600299,2017-03-31,11.99512356,0.12,99.959363,0.678924476077501,0.32107552392249905,,2017-04-29
600299,2017-06-30,10.53772309,0.22,47.89874131818182,0.661987041036717,0.338012958963283,,2017-07-27
600299,2017-09-30,,0.34,,,,,2017-10-28
600299,2017-12-31,,0.49,,,,,2018-03-21
600299,2018-03-31,,0.13,,,,,2018-04-25
600299,2018-06-30,,0.18,,,,,2018-07-26
600299,2018-09-30,,0.26,,,,,2018-10-25
600301,2015-06-30,13.03736785,-0.0434,,,,,2015-08-28
600301,2015-09-30,9.30389465,-0.0433,,,,,2015-10-29
600301,2015-12-31,14.36791415,-0.1779,,,,,2016-03-24
600301,2016-03-31,13.75228825,-0.0358,,,,,2016-04-26
600301,2016-06-30,12.30258855,-0.0622,,,,,2016-07-30
600301,2016-09-30,13.37496915,-0.1399,,,,,2016-10-28
600301,2016-12-31,,0.03,,,,,2017-03-30
600301,2017-03-31,11.8359044,-0.0098,,,,,2017-04-28
600301,2017-06-30,8.8769283,-0.0397,,,,,2017-08-10
600301,2017-09-30,,-0.0079,,,,,2017-10-30
600301,2017-12-31,,-0.14,,,,,2018-02-10
600301,2018-03-31,,-0.0152,,,,,2018-04-27
600301,2018-06-30,,-0.0539,,,,,2018-08-02
600301,2018-09-30,,0.2117,,,,,2018-10-24
600303,2015-06-30,8.609584,0.0,,,,,2015-08-25
600303,2015-09-30,5.578856,-0.1,,,,,2015-10-31
600303,2015-12-31,14.81582,0.17,87.15188235294117,0.3307257714037375,0.6692742285962625,,2016-03-24
600303,2016-03-31,12.422124,0.15,82.81416,0.7475317348377997,0.25246826516220033,,2016-04-28
600303,2016-06-30,14.33322,0.13,110.25553846153846,0.4160520607375271,0.5839479392624729,,2016-08-26
600303,2016-09-30,9.980168,0.05,199.60336,0.14759535655058043,0.8524046434494196,,2016-10-29
600303,2016-12-31,,0.1,,,,,2017-03-31
600303,2017-03-31,9.352788,0.66,14.17089090909091,0.9897192566231712,0.010280743376828827,,2017-04-28
600303,2017-06-30,9.89491202,0.58,17.060193137931034,0.9456443484521239,0.05435565154787614,,2017-08-25
600303,2017-09-30,,0.57,,,,,2017-10-30
600303,2017-12-31,,0.47,,,,,2018-04-13
600303,2018-03-31,,0.02,,,,,2018-04-28
600303,2018-06-30,,0.03,,,,,2018-08-24
600303,2018-09-30,,-0.05,,,,,2018-10-30
600305,2015-06-30,8.09895054,0.3004,26.96055439414115,0.8964565117349287,0.10354348826507132,,2015-08-25
600305,2015-09-30,5.3250801,0.3482,15.293165134979896,0.8765032377428307,0.12349676225716932,,2015-10-28
600305,2015-12-31,6.88638822,0.3976,17.319889889336014,0.8544111255975663,0.14558887440243373,,2016-04-19
600305,2016-03-31,5.52359694,0.0603,91.60193930348258,0.7183826986365773,0.28161730136342267,,2016-04-28
600305,2016-06-30,6.24847104,0.1261,49.55171324345758,0.7097613882863341,0.29023861171366594,,2016-08-23
600305,2016-09-30,6.2647431,0.1941,32.27585316846986,0.7288557213930348,0.2711442786069652,,2016-10-28
600305,2016-12-31,,0.2827,,,,,2017-04-18
600305,2017-03-31,5.7494612,0.0739,77.80055751014885,0.7667062079873468,0.2332937920126532,,2017-04-28
600305,2017-06-30,5.61117348,0.1198,46.83784207011686,0.672066234701224,0.32793376529877605,,2017-08-22
600305,2017-09-30,,0.1849,,,,,2017-10-28
600305,2017-12-31,,0.3585,,,,,2018-04-17
600305,2018-03-31,,0.0756,,,,,2018-04-28
600305,2018-06-30,,0.1571,,,,,2018-08-21
600305,2018-09-30,,0.2786,,,,,2018-10-23
600308,2015-06-30,4.26318664,0.05,85.26373279999999,0.5563736769443166,0.4436263230556834,,2015-08-15
600308,2015-09-30,2.71610936,0.059,46.035751864406784,0.5087881591119334,0.4912118408880666,,2015-10-24
600308,2015-12-31,3.35587816,0.055,61.015966545454546,0.44111255975662755,0.5588874402433724,,2016-04-16
600308,2016-03-31,2.68121288,0.024,111.71720333333333,0.6577338975082275,0.3422661024917725,,2016-04-28
600308,2016-06-30,2.85126688,0.061,46.74208,0.7266811279826464,0.2733188720173536,,2016-08-20
600308,2016-09-30,2.88632344,0.102,28.297288627450982,0.7624378109452736,0.23756218905472637,,2016-10-26
600308,2016-12-31,,0.156,,,,,2017-03-31
600308,2017-03-31,3.46475668,0.106,32.68638377358491,0.9462238038750495,0.05377619612495055,,2017-04-29
600308,2017-06-30,3.3502912,0.253,13.242257707509882,0.9679625629949604,0.03203743700503958,,2017-08-12
600308,2017-09-30,,0.414,,,,,2017-10-31
600308,2017-12-31,,0.577,,,,,2018-03-17
600308,2018-03-31,,0.143,,,,,2018-04-28
600308,2018-06-30,,0.32,,,,,2018-08-25
600308,2018-09-30,,0.56,,,,,2018-10-27
600309,2015-06-30,15.4145082,0.47,32.79682595744681,0.859180855959503,0.140819144040497,,2015-07-24
600309,2015-09-30,10.1679655,0.66,15.406008333333332,0.8751156336725254,0.12488436632747457,,2015-10-27
600309,2015-12-31,11.3791965,0.74,15.377292567567569,0.8804867448935245,0.11951325510647548,,2016-03-08
600309,2016-03-31,9.4029775,0.21,44.77608333333334,0.8984485190409027,0.10155148095909727,,2016-04-15
600309,2016-06-30,11.1617005,0.53,21.059812264150942,0.9210412147505423,0.07895878524945765,,2016-08-02
600309,2016-09-30,13.2650036,0.96,13.817712083333333,0.9324212271973465,0.06757877280265345,,2016-10-27
600309,2016-12-31,,1.42,,,,,2017-04-11
600309,2017-03-31,17.49096535,0.8,21.8637066875,0.9723210755239226,0.02767892447607745,,2017-04-15
600309,2017-06-30,22.5737616,1.79,12.611040000000001,0.97264218862491,0.02735781137508997,,2017-08-01
600309,2017-09-30,,2.87,,,,,2017-10-14
600309,2017-12-31,,4.09,,,,,2018-03-13
600309,2018-03-31,,1.65,,,,,2018-04-27
600309,2018-06-30,,3.35,,,,,2018-07-31
600309,2018-09-30,,4.32,,,,,2018-10-19
600310,2015-06-30,7.97406312,0.4725,16.876324063492063,0.9631845375057524,0.03681546249424761,,2015-08-12
600310,2015-09-30,6.122216,0.487,12.571285420944559,0.9121184088806661,0.08788159111933391,,2015-10-30
600310,2015-12-31,7.2701315,0.4541,16.009979079497906,0.8730986527596697,0.1269013472403303,,2016-03-30
600310,2016-03-31,6.122216,0.021,291.53409523809523,0.35025858015984956,0.6497414198401504,,2016-04-28
600310,2016-06-30,6.34100992,0.1364,46.48834252199414,0.7301518438177874,0.2698481561822126,,2016-08-18
600310,2016-09-30,8.36457216,0.1251,66.86308681055156,0.4398839137645108,0.5601160862354893,,2016-10-28
600310,2016-12-31,,0.253,,,,,2017-04-08
600310,2017-03-31,6.81986816,-0.0944,,,,,2017-04-29
600310,2017-06-30,5.35615766,0.0067,799.4265164179104,0.03851691864650828,0.9614830813534917,,2017-08-18
600310,2017-09-30,,0.0209,,,,,2017-10-27
600310,2017-12-31,,0.0766,,,,,2018-04-26
600310,2018-03-31,,-0.0902,,,,,2018-04-26
600310,2018-06-30,,0.0028,,,,,2018-08-22
600310,2018-09-30,,0.0116,,,,,2018-10-27
600312,2015-06-30,18.58487544,0.2583,71.95073728222998,0.6111366774045099,0.38886332259549006,,2015-08-12
600312,2015-09-30,18.58486848,0.4477,41.511879562206836,0.5518038852913969,0.4481961147086031,,2015-10-31
600312,2015-12-31,16.413267,0.73,22.483927397260278,0.7926988265971316,0.20730117340286836,,2016-02-03
600312,2016-03-31,13.12219654,0.08,164.02745675,0.5307945463093559,0.46920545369064415,,2016-04-08
600312,2016-06-30,13.60009926,0.41,33.17097380487805,0.817353579175705,0.18264642082429505,,2016-08-05
600312,2016-09-30,14.92015998,0.6878,21.692585024716486,0.8420398009950248,0.15796019900497515,,2016-10-15
600312,2016-12-31,,0.929,,,,,2017-03-23
600312,2017-03-31,14.65962168,0.08,183.245271,0.47291419533412415,0.5270858046658758,,2017-04-19
600312,2017-06-30,12.48044046,0.2581,48.35505796203022,0.6587473002159827,0.3412526997840173,,2017-08-11
600312,2017-09-30,,0.3409,,,,,2017-10-28
600312,2017-12-31,,0.4647,,,,,2018-04-12
600312,2018-03-31,,-0.02,,,,,2018-04-26
600312,2018-06-30,,-0.1,,,,,2018-08-17
600312,2018-09-30,,0.0017,,,,,2018-10-31
600313,2015-06-30,6.97771256,0.0019,3672.480294736842,0.017027151403589506,0.9829728485964105,,2015-08-15
600313,2015-09-30,4.70837731,0.0152,309.761665131579,0.07909343200740056,0.9209065679925994,,2015-10-28
600313,2015-12-31,5.99104506,0.0894,67.0139268456376,0.4132985658409387,0.5867014341590613,,2016-04-28
600313,2016-03-31,4.37685703,0.003,1458.9523433333334,0.076633756464504,0.923366243535496,,2016-04-28
600313,2016-06-30,5.1211435,0.0074,692.0464189189188,0.0702819956616052,0.9297180043383948,,2016-08-27
600313,2016-09-30,5.487647,0.0145,378.45841379310343,0.07960199004975124,0.9203980099502488,,2016-10-27
600313,2016-12-31,,0.0413,,,,,2017-04-28
600313,2017-03-31,6.022544,-0.0061,,,,,2017-04-28
600313,2017-06-30,4.061255,-0.0182,,,,,2017-08-26
600313,2017-09-30,,-0.0401,,,,,2017-10-27
600313,2017-12-31,,-0.2635,,,,,2018-04-27
600313,2018-03-31,,-0.0098,,,,,2018-04-27
600313,2018-06-30,,-0.0143,,,,,2018-08-25
600313,2018-09-30,,-0.0018,,,,,2018-10-27
600315,2015-06-30,39.1011866,0.96,40.73040270833334,0.8025770823745974,0.19742291762540265,,2015-08-20
600315,2015-09-30,31.04670254,1.19,26.089666,0.7210915818686402,0.2789084181313598,,2015-10-28
600315,2015-12-31,35.57847601,3.31,10.74878429305136,0.9391568883094307,0.06084311169056933,,2016-03-11
600315,2016-03-31,27.65012481,0.19,145.52697268421053,0.5679360601786554,0.4320639398213446,,2016-04-26
600315,2016-06-30,25.98336916,0.55,47.242489381818174,0.7240780911062906,0.2759219088937094,,2016-08-15
600315,2016-09-30,26.15326812,0.64,40.8644814375,0.6388888888888888,0.36111111111111116,,2016-10-27
600315,2016-12-31,,0.3,,,,,2017-03-22
600315,2017-03-31,28.0912374,0.17,165.24257294117646,0.5045472518782127,0.4954527481217873,,2017-04-27
600315,2017-06-30,30.3328322,0.34,89.21421235294116,0.3801295896328294,0.6198704103671706,,2017-08-17
600315,2017-09-30,,0.49,,,,,2017-10-27
600315,2017-12-31,,0.58,,,,,2018-03-21
600315,2018-03-31,,0.22,,,,,2018-04-27
600315,2018-06-30,,0.47,,,,,2018-08-22
600315,2018-09-30,,0.68,,,,,2018-10-30
600316,2015-06-30,34.15307532,0.0211,1618.629162085308,0.038656235618959964,0.9613437643810401,,2015-08-27
600316,2015-09-30,19.33793894,0.0154,1255.7103207792209,0.01572617946345976,0.9842738205365402,,2015-10-28
600316,2015-12-31,23.06323428,0.109,211.5893053211009,0.14558887440243373,0.8544111255975663,,2016-03-30
600316,2016-03-31,20.53359076,-0.037,,,,,2016-04-29
600316,2016-06-30,19.27865042,0.0013,14829.731092307695,0.0013015184381778742,0.9986984815618222,,2016-08-26
600316,2016-09-30,18.1517976,0.0017,10677.528,0.0020729684908789387,0.9979270315091211,,2016-10-28
600316,2016-12-31,,0.0154,,,,,2017-03-16
600316,2017-03-31,21.2265302,-0.0401,,,,,2017-04-28
600316,2017-06-30,15.8877662,-0.0831,,,,,2017-08-31
600316,2017-09-30,,-0.1219,,,,,2017-10-27
600316,2017-12-31,,0.0428,,,,,2018-03-17
600316,2018-03-31,,-0.0261,,,,,2018-04-27
600316,2018-06-30,,-0.0651,,,,,2018-08-25
600316,2018-09-30,,-0.1049,,,,,2019-03-21
600318,2015-06-30,12.07414071,0.01,1207.414071,0.050161067648412334,0.9498389323515877,,2015-08-29
600318,2015-09-30,10.16769744,0.03,338.923248,0.07354301572617947,0.9264569842738205,,2015-10-31
600318,2015-12-31,15.05449776,0.19,79.2341987368421,0.35767057800956104,0.642329421990439,,2016-04-16
600318,2016-03-31,13.22194764,0.32,41.318586374999995,0.9130230371415139,0.0869769628584861,,2016-04-26
600318,2016-06-30,13.22194764,0.17,77.77616258823528,0.5466377440347071,0.4533622559652929,,2016-08-26
600318,2016-09-30,14.586688,0.22,66.30312727272728,0.4456882255389718,0.5543117744610282,,2016-10-29
600318,2016-12-31,,0.34,,,,,2017-02-21
600318,2017-03-31,14.1663936,0.04,354.15984,0.269276393831554,0.730723606168446,,2017-04-26
600318,2017-06-30,10.66064128,0.08,133.258016,0.24622030237580994,0.7537796976241901,,2017-08-12
600318,2017-09-30,,0.08,,,,,2017-10-21
600318,2017-12-31,,-0.64,,,,,2018-04-13
600318,2018-03-31,,0.04,,,,,2018-04-28
600318,2018-06-30,,0.07,,,,,2018-08-25
600318,2018-09-30,,0.08,,,,,2018-10-27
600320,2015-06-30,7.807758,0.03,260.2586,0.2213529682466636,0.7786470317533364,,2015-08-29
600320,2015-09-30,4.32029276,0.04,108.007319,0.23866790009250693,0.7613320999074931,,2015-10-31
600320,2015-12-31,4.43926812,0.05,88.7853624,0.32290308561495,0.67709691438505,,2016-03-29
600320,2016-03-31,3.45028544,0.01,345.028544,0.31029619181946405,0.689703808180536,,2016-04-27
600320,2016-06-30,3.160283,0.03,105.34276666666668,0.4329718004338395,0.5670281995661606,,2016-08-31
600320,2016-09-30,3.50977312,0.04,87.744328,0.3466003316749585,0.6533996683250415,,2016-10-29
600320,2016-12-31,,0.05,,,,,2017-03-29
600320,2017-03-31,4.29798488,0.02,214.89924399999998,0.4195334124159747,0.5804665875840254,,2017-04-28
600320,2017-06-30,3.85182728,0.03,128.39424266666668,0.2584593232541397,0.7415406767458603,,2017-08-30
600320,2017-09-30,,0.032,,,,,2017-10-31
600320,2017-12-31,,0.06,,,,,2018-03-30
600320,2018-03-31,,0.016,,,,,2018-04-28
600320,2018-06-30,,0.03,,,,,2018-08-29
600320,2018-09-30,,0.037,,,,,2018-10-31
600322,2015-06-30,8.23,0.0295,278.98305084745766,0.20938794293603313,0.7906120570639669,,2015-08-31
600322,2015-09-30,4.31,0.04,107.74999999999999,0.23959296947271044,0.7604070305272895,,2015-10-31
600322,2015-12-31,5.36,0.0041,1307.3170731707316,0.016079965232507605,0.9839200347674923,,2016-04-29
600322,2016-03-31,5.19,0.003,1730.0,0.06205923836389281,0.9379407616361072,,2016-04-29
600322,2016-06-30,4.46,-0.0794,,,,,2016-08-29
600322,2016-09-30,6.32,-0.24,,,,,2016-10-29
600322,2016-12-31,,-0.34,,,,,2017-04-29
600322,2017-03-31,6.03,0.0493,122.31237322515214,0.6065638592328984,0.39343614076710165,,2017-04-29
600322,2017-06-30,5.05,0.1581,31.94180898165718,0.8218142548596112,0.17818574514038876,,2017-08-29
600322,2017-09-30,,0.1641,,,,,2017-10-31
600322,2017-12-31,,0.1973,,,,,2018-03-20
600322,2018-03-31,,0.0677,,,,,2018-04-25
600322,2018-06-30,,0.1266,,,,,2018-08-30
600322,2018-09-30,,0.1345,,,,,2018-10-27
600323,2015-06-30,14.33325888,0.25,57.33303552,0.6879889553612517,0.3120110446387483,,2015-08-28
600323,2015-09-30,10.07923455,0.42,23.998177500000004,0.7534690101757632,0.24653098982423682,,2015-10-30
600323,2015-12-31,13.40279325,0.53,25.288289150943395,0.752716210343329,0.24728378965667097,,2016-03-12
600323,2016-03-31,10.3381047,0.14,73.843605,0.7818523742360132,0.21814762576398683,,2016-04-26
600323,2016-06-30,10.59697485,0.34,31.167573088235294,0.8303687635574837,0.16963123644251632,,2016-08-08
600323,2016-09-30,12.4538744,0.56,22.239061428571425,0.8374792703150912,0.16252072968490883,,2016-10-28
600323,2016-12-31,,0.66,,,,,2017-03-15
600323,2017-03-31,11.9069137,0.17,70.04066882352942,0.7999209173586398,0.2000790826413602,,2017-04-28
600323,2017-06-30,12.20984578,0.41,29.780111658536587,0.8394528437724982,0.16054715622750182,,2017-08-18
600323,2017-09-30,,0.71,,,,,2017-10-27
600323,2017-12-31,,0.85,,,,,2018-03-21
600323,2018-03-31,,0.4,,,,,2018-04-27
600323,2018-06-30,,0.65,,,,,2018-08-08
600323,2018-09-30,,0.97,,,,,2018-10-30
600325,2015-06-30,6.3955807,0.29,22.05372655172414,0.9300506212609296,0.06994937873907037,,2015-08-22
600325,2015-09-30,4.10235867,0.36,11.39544075,0.9283071230342276,0.07169287696577242,,2015-10-31
600325,2015-12-31,5.7595561,0.8,7.199445125,0.9791395045632334,0.020860495436766602,,2016-04-08
600325,2016-03-31,4.39210321,-0.03,,,,,2016-04-30
600325,2016-06-30,3.9664917,0.16,24.790573125,0.8850325379609545,0.11496746203904551,,2016-08-30
600325,2016-09-30,5.2384922,0.18,29.102734444444444,0.753731343283582,0.24626865671641796,,2016-10-31
600325,2016-12-31,,0.48,,,,,2017-04-08
600325,2017-03-31,4.8515174,0.2,24.257586999999997,0.9671807038355081,0.03281929616449186,,2017-04-29
600325,2017-06-30,5.6640889,0.27,20.978107037037038,0.9154067674586033,0.08459323254139672,,2017-08-31
600325,2017-09-30,,0.41,,,,,2017-10-31
600325,2017-12-31,,0.76,,,,,2018-04-12
600325,2018-03-31,,0.28,,,,,2018-04-28
600325,2018-06-30,,0.64,,,,,2018-08-23
600325,2018-09-30,,0.77,,,,,2018-10-30
600326,2015-06-30,8.78872622,0.1047,83.94198872970391,0.5614358030372757,0.4385641969627243,,2015-08-28
600326,2015-09-30,5.05048508,0.2703,18.68473947465779,0.8311748381128584,0.16882516188714158,,2015-10-28
600326,2015-12-31,6.22488827,0.26,23.941877961538463,0.7740112994350282,0.22598870056497178,,2016-03-29
600326,2016-03-31,4.87404892,0.0038,1282.6444526315788,0.08979783732957217,0.9102021626704279,,2016-04-28
600326,2016-06-30,4.4495361,0.1178,37.7719533106961,0.7856832971800434,0.21431670281995663,,2016-08-31
600326,2016-09-30,5.20961895,0.2564,20.31832663806552,0.8565505804311775,0.1434494195688225,,2016-10-28
600326,2016-12-31,,0.38,,,,,2017-03-28
600326,2017-03-31,6.35251725,0.0624,101.80316105769231,0.6725978647686833,0.32740213523131667,,2017-04-28
600326,2017-06-30,6.1250472,0.2306,26.561349522983523,0.8725701943844493,0.12742980561555073,,2017-08-26
600326,2017-09-30,,0.4486,,,,,2017-10-28
600326,2017-12-31,,0.43,,,,,2018-03-27
600326,2018-03-31,,0.0242,,,,,2018-04-27
600326,2018-06-30,,0.2506,,,,,2018-08-25
600326,2018-09-30,,0.4391,,,,,2018-10-30
600328,2015-06-30,9.605319,-0.054,,,,,2015-07-29
600328,2015-09-30,7.48173456,-0.073,,,,,2015-10-29
600328,2015-12-31,9.28082496,-0.09,,,,,2016-04-15
600328,2016-03-31,7.599606,0.018,422.20033333333333,0.26610249177244943,0.7338975082275505,,2016-04-15
600328,2016-06-30,7.45691952,0.097,76.87545896907216,0.5540130151843817,0.44598698481561827,,2016-08-25
600328,2016-09-30,8.32544592,0.138,60.32931826086956,0.486318407960199,0.513681592039801,,2016-10-27
600328,2016-12-31,,0.19,,,,,2017-04-15
600328,2017-03-31,7.46932704,0.129,57.901759999999996,0.8521154606563859,0.14788453934361412,,2017-04-15
600328,2017-06-30,7.22117664,0.265,27.249723169811322,0.8639308855291576,0.13606911447084236,,2017-08-17
600328,2017-09-30,,0.436,,,,,2017-10-27
600328,2017-12-31,,0.48,,,,,2018-03-22
600328,2018-03-31,,0.173,,,,,2018-04-18
600328,2018-06-30,,0.47,,,,,2018-08-16
600328,2018-09-30,,0.563,,,,,2018-10-27
600329,2015-06-30,18.42434385,0.32,57.57607453125,0.6866083755177175,0.3133916244822825,,2015-08-15
600329,2015-09-30,12.13417485,0.45,26.964833000000002,0.7090656799259945,0.29093432007400555,,2015-10-31
600329,2015-12-31,15.4913697,0.6,25.818949500000002,0.7470664928292047,0.2529335071707953,,2016-03-30
600329,2016-03-31,12.54376725,0.156,80.40876442307692,0.7545839210155149,0.24541607898448514,,2016-04-30
600329,2016-06-30,12.63153705,0.336,37.59386026785714,0.7878524945770065,0.21214750542299354,,2016-08-15
600329,2016-09-30,12.44699128,0.46,27.058676695652174,0.777363184079602,0.22263681592039797,,2016-10-31
600329,2016-12-31,,0.55,,,,,2017-03-31
600329,2017-03-31,13.5406117,0.17,79.65065705882353,0.7599841834717279,0.24001581652827209,,2017-04-29
600329,2017-06-30,13.42937995,0.36,37.303833194444444,0.7688984881209503,0.2311015118790497,,2017-08-15
600329,2017-09-30,,0.47,,,,,2017-10-31
600329,2017-12-31,,0.62,,,,,2018-03-31
600329,2018-03-31,,0.23,,,,,2018-04-28
600329,2018-06-30,,0.408,,,,,2018-08-15
600329,2018-09-30,,0.521,,,,,2018-10-31
600330,2015-06-30,13.50481734,0.028,482.314905,0.12517257248044178,0.8748274275195582,,2015-08-29
600330,2015-09-30,7.15334534,0.072,99.35201861111112,0.2641073080481036,0.7358926919518964,,2015-10-24
600330,2015-12-31,11.66289046,0.08,145.78613074999998,0.20165145588874403,0.798348544111256,,2016-04-19
600330,2016-03-31,9.71775216,0.064,151.8398775,0.5566525622943113,0.44334743770568874,,2016-04-30
600330,2016-06-30,11.05950062,0.112,98.74554124999999,0.45379609544468547,0.5462039045553145,,2016-08-30
600330,2016-09-30,11.05950062,0.131,84.42366885496183,0.3598673300165838,0.6401326699834162,,2016-10-29
600330,2016-12-31,,0.13,,,,,2017-04-18
600330,2017-03-31,8.10606614,0.065,124.70870984615384,0.597469355476473,0.40253064452352705,,2017-04-25
600330,2017-06-30,6.97074052,0.101,69.01723287128712,0.4953203743700504,0.5046796256299496,,2017-08-15
600330,2017-09-30,,0.151,,,,,2017-10-21
600330,2017-12-31,,0.16,,,,,2018-04-21
600330,2018-03-31,,0.082,,,,,2018-04-21
600330,2018-06-30,,0.163,,,,,2018-08-15
600330,2018-09-30,,0.234,,,,,2018-10-16
600331,2015-06-30,10.71,-0.0003,,,,,2015-08-29
600331,2015-09-30,5.75,0.0162,354.9382716049383,0.07123034227567067,0.9287696577243293,,2015-10-31
600331,2015-12-31,7.5,0.0194,386.5979381443299,0.07388092133854846,0.9261190786614515,,2016-04-29
600331,2016-03-31,6.19,-0.0253,,,,,2016-04-29
600331,2016-06-30,5.46,0.0124,440.3225806451613,0.11366594360086768,0.8863340563991323,,2016-08-27
600331,2016-09-30,5.97,0.0254,235.03937007874015,0.12686567164179105,0.8731343283582089,,2016-10-29
600331,2016-12-31,,0.0632,,,,,2017-04-28
600331,2017-03-31,6.36,0.0235,270.63829787234044,0.3534994068801898,0.6465005931198102,,2017-04-28
600331,2017-06-30,5.46,0.0616,88.63636363636363,0.38192944564434844,0.6180705543556515,,2017-08-31
600331,2017-09-30,,0.1062,,,,,2017-10-31
600331,2017-12-31,,0.1015,,,,,2018-04-27
600331,2018-03-31,,0.0054,,,,,2018-04-27
600331,2018-06-30,,0.0064,,,,,2018-08-31
600331,2018-09-30,,0.0081,,,,,2018-10-31
600332,2015-06-30,27.64374308,0.6,46.072905133333336,0.7602393005062126,0.23976069949378742,,2015-08-15
600332,2015-09-30,20.33411248,0.74,27.47853037837838,0.7030527289546716,0.29694727104532836,,2015-10-31
600332,2015-12-31,24.50292933,1.007,24.33260112214499,0.7674923946110387,0.2325076053889613,,2016-03-19
600332,2016-03-31,18.50468994,0.317,58.37441621451104,0.841560883874001,0.15843911612599904,,2016-04-28
600332,2016-06-30,19.94556256,0.644,30.971370434782607,0.8325379609544469,0.16746203904555312,,2016-08-18
600332,2016-09-30,19.78366676,0.8,24.729583449999996,0.8043117744610282,0.1956882255389718,,2016-10-26
600332,2016-12-31,,1.075,,,,,2017-03-16
600332,2017-03-31,23.31581967,0.298,78.24100560402685,0.7655199683669435,0.23448003163305653,,2017-04-27
600332,2017-06-30,23.78262744,0.712,33.40256662921348,0.8074154067674586,0.1925845932325414,,2017-08-21
600332,2017-09-30,,0.91,,,,,2017-10-23
600332,2017-12-31,,1.268,,,,,2018-03-16
600332,2018-03-31,,0.557,,,,,2018-04-27
600332,2018-06-30,,1.611,,,,,2018-08-23
600332,2018-09-30,,2.115,,,,,2018-10-30
600333,2015-06-30,11.68094844,-0.03,,,,,2015-07-29
600333,2015-09-30,6.40158912,0.013,492.4299323076923,0.04717853839037928,0.9528214616096207,,2015-10-31
600333,2015-12-31,8.55822204,-0.62,,,,,2016-04-15
600333,2016-03-31,7.79705748,0.04,194.926437,0.4715561824165491,0.5284438175834509,,2016-04-27
600333,2016-06-30,8.99735544,0.003,2999.1184799999996,0.012147505422993492,0.9878524945770065,,2016-08-26
600333,2016-09-30,8.51544456,0.05,170.3088912,0.1762023217247098,0.8237976782752903,,2016-10-26
600333,2016-12-31,,0.12,,,,,2017-04-27
600333,2017-03-31,8.29961532,0.03,276.653844,0.34519572953736655,0.6548042704626335,,2017-04-27
600333,2017-06-30,6.74956896,0.02,337.478448,0.09251259899208063,0.9074874010079194,,2017-08-30
600333,2017-09-30,,-0.02,,,,,2017-10-31
600333,2017-12-31,,0.1,,,,,2018-04-14
600333,2018-03-31,,-0.04,,,,,2018-04-28
600333,2018-06-30,,-0.14,,,,,2018-08-16
600333,2018-09-30,,-0.21,,,,,2018-10-30
600335,2015-06-30,21.88397901,0.4824,45.364798942786074,0.7653014265991717,0.23469857340082834,,2015-07-31
600335,2015-09-30,8.69361792,0.5875,14.797647523404255,0.8857539315448658,0.11424606845513419,,2015-10-28
600335,2015-12-31,10.88299264,0.51,21.33920125490196,0.8048674489352455,0.19513255106475447,,2016-04-14
600335,2016-03-31,9.26854656,0.1975,46.929349670886076,0.8881053126469205,0.1118946873530795,,2016-04-14
600335,2016-06-30,9.83703283,0.45,21.860072955555555,0.9136659436008677,0.08633405639913228,,2016-07-30
600335,2016-09-30,11.79390912,0.5634,20.933456017039404,0.8507462686567164,0.14925373134328357,,2016-10-28
600335,2016-12-31,,0.63,,,,,2017-04-12
600335,2017-03-31,11.34637239,0.1586,71.54080952080707,0.7924080664294187,0.20759193357058126,,2017-04-27
600335,2017-06-30,10.6266992,0.49,21.687141224489796,0.9089272858171347,0.09107271418286533,,2017-07-21
600335,2017-09-30,,0.6379,,,,,2017-10-27
600335,2017-12-31,,0.65,,,,,2018-03-21
600335,2018-03-31,,0.1961,,,,,2018-04-20
600335,2018-06-30,,0.3,,,,,2018-08-24
600335,2018-09-30,,0.43,,,,,2018-10-30
600336,2015-06-30,8.3656179,0.1101,75.98199727520436,0.5899677864703176,0.41003221352968244,,2015-08-28
600336,2015-09-30,5.2641732,0.1033,50.960050338818974,0.47224791859389453,0.5277520814061054,,2015-10-30
600336,2015-12-31,7.5649482,0.03,252.16494,0.12255541069100391,0.877444589308996,,2016-03-31
600336,2016-03-31,6.1292646,0.0435,140.90263448275863,0.5792195580629995,0.4207804419370005,,2016-04-30
600336,2016-06-30,6.4881855,0.0942,68.87670382165605,0.5960954446854664,0.4039045553145336,,2016-08-31
600336,2016-09-30,7.270449,0.0878,82.80693621867881,0.3673300165837479,0.6326699834162521,,2016-10-29
600336,2016-12-31,,0.04,,,,,2017-04-22
600336,2017-03-31,6.626232,0.0408,162.40764705882353,0.5108738631870304,0.48912613681296957,,2017-04-28
600336,2017-06-30,5.3470011,0.0596,89.71478355704699,0.37688984881209503,0.6231101511879049,,2017-08-18
600336,2017-09-30,,0.0472,,,,,2017-10-31
600336,2017-12-31,,0.04,,,,,2018-04-14
600336,2018-03-31,,0.04,,,,,2018-04-27
600336,2018-06-30,,0.0773,,,,,2018-08-25
600336,2018-09-30,,0.0634,,,,,2018-10-23
600339,2015-06-30,8.43291117,-0.3636,,,,,2015-07-31
600339,2015-09-30,5.52251739,-0.52,,,,,2015-10-30
600339,2015-12-31,6.79694448,0.26,26.142094153846152,0.7431551499348109,0.2568448500651891,,2016-04-16
600339,2016-03-31,4.86270762,-0.0107,,,,,2016-04-30
600339,2016-06-30,4.86270762,0.0267,182.1238808988764,0.2720173535791757,0.7279826464208243,,2016-08-31
600339,2016-09-30,5.6942487,0.0816,69.78245955882353,0.42661691542288555,0.5733830845771144,,2016-10-29
600339,2016-12-31,,0.28,,,,,2017-04-29
600339,2017-03-31,6.52578978,0.0416,156.8699466346154,0.5247133254250692,0.4752866745749308,,2017-04-29
600339,2017-06-30,5.85694152,0.1061,55.202087841658816,0.5943124550035997,0.40568754499640025,,2017-08-30
600339,2017-09-30,,0.0961,,,,,2017-10-31
600339,2017-12-31,,0.12,,,,,2018-04-28
600339,2018-03-31,,-0.0048,,,,,2018-04-28
600339,2018-06-30,,0.0221,,,,,2018-08-28
600339,2018-09-30,,0.094,,,,,2018-10-30
600343,2015-06-30,33.66887912,0.0206,1634.4116077669903,0.03819604233778187,0.9618039576622182,,2015-08-15
600343,2015-09-30,18.59814188,0.0282,659.5085773049645,0.03469010175763182,0.9653098982423682,,2015-10-29
600343,2015-12-31,25.33588108,0.0782,323.98824910485934,0.09169926119078661,0.9083007388092134,,2016-03-31
600343,2016-03-31,19.03411324,0.0083,2293.2666554216867,0.0460742830277386,0.9539257169722614,,2016-04-25
600343,2016-06-30,23.6719199,0.0221,1071.1275972850678,0.0386117136659436,0.9613882863340564,,2016-08-20
600343,2016-09-30,25.55332985,0.0293,872.1272986348123,0.03150912106135987,0.9684908789386402,,2016-10-22
600343,2016-12-31,,0.0465,,,,,2017-03-30
600343,2017-03-31,21.55160075,0.0086,2506.0000872093024,0.03084223013048636,0.9691577698695136,,2017-04-22
600343,2017-06-30,17.2611897,0.0206,837.9218300970873,0.037437005039596835,0.9625629949604032,,2017-08-26
600343,2017-09-30,,0.0166,,,,,2017-10-28
600343,2017-12-31,,0.0247,,,,,2018-03-31
600343,2018-03-31,,0.0054,,,,,2018-04-28
600343,2018-06-30,,0.0177,,,,,2018-08-04
600343,2018-09-30,,0.0156,,,,,2018-10-27
600345,2015-06-30,20.4664982,0.11,186.05907454545454,0.30556833870225497,0.694431661297745,,2015-08-31
600345,2015-09-30,13.13953732,0.13,101.073364,0.2599444958371878,0.7400555041628122,,2015-10-31
600345,2015-12-31,22.54646576,0.37,60.936393945945944,0.4415471534115602,0.5584528465884397,,2016-04-15
600345,2016-03-31,20.0769114,0.06,334.61519000000004,0.3159379407616361,0.6840620592383639,,2016-04-30
600345,2016-06-30,20.01038469,0.13,153.92603607692305,0.3110629067245119,0.6889370932754881,,2016-08-31
600345,2016-09-30,21.06156912,0.26,81.00603507692308,0.37728026533996684,0.6227197346600332,,2016-10-29
600345,2016-12-31,,0.32,,,,,2017-04-20
600345,2017-03-31,20.77746522,0.33,62.96201581818181,0.8291814946619217,0.1708185053380783,,2017-04-29
600345,2017-06-30,19.51793793,0.6,32.52989655,0.8153347732181425,0.18466522678185748,,2017-08-31
600345,2017-09-30,,1.0,,,,,2017-10-31
600345,2017-12-31,,1.32,,,,,2018-04-19
600345,2018-03-31,,0.32,,,,,2018-04-28
600345,2018-06-30,,0.73,,,,,2018-08-31
600345,2018-09-30,,1.09,,,,,2018-10-31
600346,2015-06-30,4.10577622,0.19,21.609348526315788,0.93235158766682,0.06764841233317997,,2015-07-22
600346,2015-09-30,3.3320604,0.14,23.800431428571425,0.7553191489361702,0.24468085106382975,,2015-10-28
600346,2015-12-31,7.341828,0.32,22.943212499999998,0.78748370273794,0.21251629726206,,2016-04-28
600346,2016-03-31,4.50675288,0.06,75.11254799999999,0.7776210625293841,0.22237893747061588,,2016-04-28
600346,2016-06-30,3.28123236,0.19,17.269644,0.9431670281995662,0.056832971800433785,,2016-08-23
600346,2016-09-30,4.17354684,0.26,16.05210323076923,0.9108623548922057,0.08913764510779432,,2016-10-28
600346,2016-12-31,,0.45,,,,,2017-02-28
600346,2017-03-31,4.73830284,0.23,20.601316695652173,0.9746935547647292,0.025306445235270814,,2017-04-24
600346,2017-06-30,4.7216912,0.18,26.23161777777778,0.8747300215982722,0.12526997840172782,,2017-08-01
600346,2017-09-30,,0.4,,,,,2017-10-31
600346,2017-12-31,,0.7,,,,,2018-03-10
600346,2018-03-31,,0.28,,,,,2018-04-28
600346,2018-06-30,,0.28,,,,,2018-07-28
600346,2018-09-30,,0.56,,,,,2018-10-20
600350,2015-06-30,4.92062184,0.205,24.00303336585366,0.9199263690750115,0.08007363092498854,,2015-08-29
600350,2015-09-30,3.50504024,0.354,9.90124361581921,0.9495837187789085,0.05041628122109154,,2015-10-31
600350,2015-12-31,4.18134834,0.56,7.466693464285714,0.9765319426336375,0.023468057366362483,,2016-03-26
600350,2016-03-31,3.31096922,0.108,30.657122407407407,0.9492242595204513,0.05077574047954869,,2016-04-30
600350,2016-06-30,3.1168982,0.264,11.806432575757576,0.9709327548806942,0.029067245119305807,,2016-08-05
600350,2016-09-30,3.65054011,0.512,7.12996115234375,0.9859038142620232,0.014096185737976774,,2016-10-29
600350,2016-12-31,,0.642,,,,,2017-03-31
600350,2017-03-31,4.30046988,0.119,36.13840235294118,0.933570581257414,0.06642941874258601,,2017-04-29
600350,2017-06-30,3.7659482,0.264,14.264955303030302,0.9650827933765299,0.03491720662347009,,2017-08-31
600350,2017-09-30,,0.553,,,,,2017-10-28
600350,2017-12-31,,0.562,,,,,2018-03-31
600350,2018-03-31,,0.12,,,,,2018-04-28
600350,2018-06-30,,0.517,,,,,2018-08-31
600350,2018-09-30,,0.615,,,,,2018-10-26
600351,2015-06-30,10.7909738,0.205,52.638896585365856,0.7128393925448688,0.28716060745513117,,2015-08-14
600351,2015-09-30,8.8304276,0.299,29.533202675585287,0.681313598519889,0.31868640148011096,,2015-10-28
600351,2015-12-31,12.4486714,0.3209,38.79299283265815,0.6071273359408953,0.3928726640591047,,2016-03-31
600351,2016-03-31,8.9659125,0.09,99.62125,0.6967559943582511,0.3032440056417489,,2016-04-29
600351,2016-06-30,8.07290628,0.1134,71.18964973544973,0.5843817787418655,0.4156182212581345,,2016-08-27
600351,2016-09-30,8.15339388,0.0874,93.28825949656749,0.32628524046434493,0.6737147595356551,,2016-10-26
600351,2016-12-31,,0.0286,,,,,2017-04-27
600351,2017-03-31,6.98632368,0.0516,135.39386976744186,0.5713720838275999,0.42862791617240015,,2017-04-27
600351,2017-06-30,6.31035682,0.1361,46.36559015429831,0.6771058315334774,0.32289416846652264,,2017-08-19
600351,2017-09-30,,0.1884,,,,,2017-10-21
600351,2017-12-31,,0.2544,,,,,2018-04-28
600351,2018-03-31,,0.0763,,,,,2018-04-28
600351,2018-06-30,,0.1844,,,,,2018-08-29
600351,2018-09-30,,0.2712,,,,,2018-10-27
600352,2015-06-30,10.62067006,0.5853,18.145686075516828,0.9549010584445468,0.04509894155545324,,2015-08-28
600352,2015-09-30,7.09044028,0.7222,9.817834782608697,0.9518963922294172,0.04810360777058276,,2015-10-31
600352,2015-12-31,8.72438952,0.8369,10.424649922332419,0.9452411994784876,0.054758800521512385,,2016-04-21
600352,2016-03-31,7.95238598,0.0949,83.79753403582718,0.7447108603667136,0.25528913963328637,,2016-04-30
600352,2016-06-30,6.56925028,0.2971,22.11124294850219,0.9119305856832972,0.08806941431670279,,2016-08-27
600352,2016-09-30,7.0112648,0.4379,16.011109385704497,0.9112769485903814,0.08872305140961856,,2016-10-26
600352,2016-12-31,,0.62,,,,,2017-04-18
600352,2017-03-31,7.1636836,0.1541,46.48723945489942,0.8932384341637011,0.10676156583629892,,2017-04-28
600352,2017-06-30,7.41995317,0.3114,23.827723731535002,0.8938084953203743,0.10619150467962568,,2017-07-31
600352,2017-09-30,,0.5755,,,,,2017-10-28
600352,2017-12-31,,0.76,,,,,2018-04-10
600352,2018-03-31,,0.2387,,,,,2018-04-27
600352,2018-06-30,,0.5712,,,,,2018-08-31
600352,2018-09-30,,0.9771,,,,,2018-10-31
600353,2015-06-30,7.9545191,0.0683,116.46440849194728,0.4445467096180396,0.5554532903819605,,2015-08-19
600353,2015-09-30,4.28110784,0.07,61.15868342857142,0.4070305272895467,0.5929694727104533,,2015-10-29
600353,2015-12-31,6.71000896,0.0893,75.14007793952968,0.3763581051716645,0.6236418948283355,,2016-04-14
600353,2016-03-31,5.65838976,0.0165,342.93271272727276,0.31170662905500707,0.688293370944993,,2016-04-29
600353,2016-06-30,5.6323662,0.0377,149.39963395225465,0.32017353579175706,0.679826464208243,,2016-08-24
600353,2016-09-30,6.6335244,0.06,110.55874,0.27943615257048093,0.7205638474295191,,2016-10-28
600353,2016-12-31,,0.0801,,,,,2017-03-31
600353,2017-03-31,7.4848494,0.0228,328.2828684210526,0.29062870699881377,0.7093712930011862,,2017-04-28
600353,2017-06-30,5.16298104,0.0392,131.7087,0.24802015838732902,0.751979841612671,,2017-08-22
600353,2017-09-30,,0.06,,,,,2017-10-28
600353,2017-12-31,,0.0507,,,,,2018-02-14
600353,2018-03-31,,0.0193,,,,,2018-04-28
600353,2018-06-30,,0.0572,,,,,2018-08-17
600353,2018-09-30,,0.1,,,,,2018-10-30
600354,2015-06-30,11.38,-0.231,,,,,2015-08-29
600354,2015-09-30,6.8,-0.303,,,,,2015-10-29
600354,2015-12-31,9.88,0.0485,203.71134020618558,0.1521077792264233,0.8478922207735767,,2016-04-15
600354,2016-03-31,7.53,-0.1294,,,,,2016-04-28
600354,2016-06-30,8.03,-0.1957,,,,,2016-08-27
600354,2016-09-30,7.81,-0.3341,,,,,2016-10-29
600354,2016-12-31,,-0.4813,,,,,2017-04-28
600354,2017-03-31,7.83,0.5186,15.098341689163133,0.9885330170027679,0.011466982997232145,,2017-04-28
600354,2017-06-30,7.49,0.3675,20.380952380952383,0.9204463642908567,0.07955363570914331,,2017-08-31
600354,2017-09-30,,0.2353,,,,,2017-10-31
600354,2017-12-31,,0.0485,,,,,2018-04-27
600354,2018-03-31,,-0.0784,,,,,2018-04-27
600354,2018-06-30,,-0.1507,,,,,2018-08-29
600354,2018-09-30,,-0.2348,,,,,2018-10-31
600358,2015-06-30,17.04,0.09,189.33333333333334,0.3014265991716521,0.698573400828348,,2015-08-07
600358,2015-09-30,9.86,0.048,205.41666666666666,0.12627197039777982,0.8737280296022202,,2015-10-29
600358,2015-12-31,17.0,0.03,566.6666666666667,0.04563233376792699,0.954367666232073,,2016-02-05
600358,2016-03-31,13.57,-0.023,,,,,2016-04-27
600358,2016-06-30,13.5,-0.0711,,,,,2016-08-18
600358,2016-09-30,10.19,-0.112,,,,,2016-10-28
600358,2016-12-31,,-0.327,,,,,2017-02-25
600358,2017-03-31,10.53,-0.012,,,,,2017-04-27
600358,2017-06-30,7.0,-0.0453,,,,,2017-08-25
600358,2017-09-30,,0.09,,,,,2017-10-25
600358,2017-12-31,,0.064,,,,,2018-03-23
600358,2018-03-31,,0.0029,,,,,2018-04-28
600358,2018-06-30,,-0.0189,,,,,2018-08-31
600358,2018-09-30,,-0.03,,,,,2018-10-30
600359,2015-06-30,19.29,0.18,107.16666666666667,0.4753796594569719,0.5246203405430281,,2015-08-25
600359,2015-09-30,10.42,0.07,148.85714285714283,0.17715078630897318,0.8228492136910268,,2015-10-27
600359,2015-12-31,11.96,0.04,299.0,0.09865275966970882,0.9013472403302911,,2016-04-29
600359,2016-03-31,9.49,-0.04,,,,,2016-04-29
600359,2016-06-30,10.53,-0.17,,,,,2016-08-25
600359,2016-09-30,9.31,-0.31,,,,,2016-10-29
600359,2016-12-31,,-0.4,,,,,2017-04-27
600359,2017-03-31,10.37,0.09,115.22222222222221,0.6318703044681693,0.3681296955318307,,2017-04-28
600359,2017-06-30,7.51,0.11,68.27272727272727,0.5,0.5,,2017-08-31
600359,2017-09-30,,-0.12,,,,,2017-10-28
600359,2017-12-31,,0.09,,,,,2018-04-17
600359,2018-03-31,,-0.02,,,,,2018-04-28
600359,2018-06-30,,-0.06,,,,,2018-08-28
600359,2018-09-30,,-0.12,,,,,2018-10-31
600360,2015-06-30,8.25517518,0.026,317.5067376923077,0.184537505752416,0.815462494247584,,2015-08-29
600360,2015-09-30,4.85011626,0.038,127.63463842105264,0.20675300647548567,0.7932469935245143,,2015-10-31
600360,2015-12-31,8.33774403,0.06,138.9624005,0.20599739243807041,0.7940026075619295,,2016-04-23
600360,2016-03-31,7.44655659,0.01,744.655659,0.15514809590973203,0.844851904090268,,2016-04-30
600360,2016-06-30,10.16296446,0.035,290.3704131428571,0.16746203904555315,0.8325379609544469,,2016-08-27
600360,2016-09-30,8.45526955,0.051,165.78959901960786,0.18407960199004975,0.8159203980099503,,2016-10-29
600360,2016-12-31,,0.06,,,,,2017-04-19
600360,2017-03-31,7.59686655,0.02,379.8433275,0.24990114669829971,0.7500988533017003,,2017-04-19
600360,2017-06-30,6.24912486,0.05,124.9824972,0.2685385169186465,0.7314614830813535,,2017-08-26
600360,2017-09-30,,0.075,,,,,2017-10-28
600360,2017-12-31,,0.13,,,,,2018-02-10
600360,2018-03-31,,0.03,,,,,2018-04-28
600360,2018-06-30,,0.07,,,,,2018-08-31
600360,2018-09-30,,0.1,,,,,2018-10-31
600361,2015-06-30,8.77514422,0.09,97.50160244444444,0.509894155545329,0.490105844454671,,2015-08-28
600361,2015-09-30,5.22459,0.1,52.2459,0.46438482886216464,0.5356151711378354,,2015-10-28
600361,2015-12-31,6.675865,0.08,83.4483125,0.34159061277705344,0.6584093872229466,,2016-04-29
600361,2016-03-31,5.829979,-0.07,,,,,2016-04-29
600361,2016-06-30,5.166539,-0.11,,,,,2016-08-26
600361,2016-09-30,5.85777444,-0.22,,,,,2016-10-27
600361,2016-12-31,,-0.39,,,,,2017-04-28
600361,2017-03-31,5.90122974,0.0048,1229.4228625,0.06919731119019375,0.9308026888098062,,2017-04-28
600361,2017-06-30,5.15379858,0.1,51.5379858,0.6263498920086393,0.37365010799136067,,2017-08-18
600361,2017-09-30,,0.11,,,,,2017-10-27
600361,2017-12-31,,0.12,,,,,2018-04-17
600361,2018-03-31,,0.05,,,,,2018-04-28
600361,2018-06-30,,0.06,,,,,2018-08-29
600361,2018-09-30,,0.1,,,,,2018-10-27
600362,2015-06-30,17.56861515,0.26,67.57159673076923,0.6378278877128394,0.3621721122871606,,2015-08-26
600362,2015-09-30,10.7449383,0.35,30.699823714285714,0.6702127659574468,0.32978723404255317,,2015-10-28
600362,2015-12-31,13.0196558,0.18,72.33142111111111,0.39113428943937417,0.6088657105606259,,2017-03-30
600362,2016-03-31,11.7127272,0.06,195.21212,0.4706158909261871,0.529384109073813,,2016-04-29
600362,2016-06-30,11.1502516,0.14,79.64465428571428,0.5366594360086768,0.4633405639913232,,2016-08-24
600362,2016-09-30,11.60803316,0.29,40.02770055172414,0.6455223880597015,0.3544776119402985,,2016-10-26
600362,2016-12-31,,0.23,,,,,2017-03-30
600362,2017-03-31,14.3643165,0.16,89.776978125,0.7188612099644128,0.28113879003558717,,2017-04-29
600362,2017-06-30,14.03955804,0.24,58.4981585,0.5737940964722822,0.4262059035277178,,2017-08-30
600362,2017-09-30,,0.46,,,,,2017-10-27
600362,2017-12-31,,0.46,,,,,2018-03-29
600362,2018-03-31,,0.22,,,,,2018-04-28
600362,2018-06-30,,0.37,,,,,2018-08-29
600362,2018-09-30,,0.59,,,,,2018-10-30
600363,2015-06-30,16.96199732,0.1908,88.89935702306079,0.5411872986654395,0.45881270133456054,,2015-08-04
600363,2015-09-30,12.00702628,0.2758,43.53526569978245,0.532377428307123,0.467622571692877,,2015-10-31
600363,2015-12-31,19.9466846,0.32,62.333389375,0.4315514993481095,0.5684485006518905,,2016-04-19
600363,2016-03-31,16.03537872,0.0711,225.53275274261605,0.4297132110954396,0.5702867889045604,,2016-04-30
600363,2016-06-30,17.37166028,0.2237,77.65605847116674,0.5488069414316703,0.4511930585683297,,2016-07-30
600363,2016-09-30,18.32568724,0.3529,51.92883887786909,0.5402155887230514,0.4597844112769486,,2016-10-29
600363,2016-12-31,,0.35,,,,,2017-04-11
600363,2017-03-31,15.49282514,0.1094,141.61631755027423,0.5547647291419533,0.4452352708580467,,2017-04-28
600363,2017-06-30,13.68565449,0.2607,52.495797813578825,0.6187904967602592,0.3812095032397408,,2017-08-19
600363,2017-09-30,,0.3894,,,,,2017-10-31
600363,2017-12-31,,0.45,,,,,2018-04-17
600363,2018-03-31,,0.0891,,,,,2018-04-28
600363,2018-06-30,,0.2578,,,,,2018-08-31
600363,2018-09-30,,0.3951,,,,,2018-10-31
600366,2015-06-30,17.34561862,0.4362,39.765287987161855,0.8090197883110907,0.19098021168890933,,2015-08-25
600366,2015-09-30,7.86459938,0.5488,14.330538228862974,0.8926919518963923,0.10730804810360772,,2015-10-27
600366,2015-12-31,10.79590512,0.662,16.308013776435047,0.8674489352455454,0.13255106475445455,,2017-03-31
600366,2016-03-31,9.76772368,1.2275,7.957412366598778,0.997649271274095,0.002350728725905027,,2016-04-30
600366,2016-06-30,11.91167901,1.38,8.63165145652174,0.9878524945770065,0.012147505422993476,,2016-08-31
600366,2016-09-30,10.69905312,1.439,7.435061236970118,0.9834162520729685,0.016583747927031545,,2016-10-22
600366,2016-12-31,,1.481,,,,,2017-03-31
600366,2017-03-31,9.51636861,0.1483,64.16971416048551,0.8236457097667063,0.17635429023329374,,2017-04-28
600366,2017-06-30,8.906877,0.1647,54.07939890710382,0.6015118790496761,0.39848812095032393,,2017-08-22
600366,2017-09-30,,0.5535,,,,,2017-10-30
600366,2017-12-31,,0.4203,,,,,2018-04-17
600366,2018-03-31,,0.0205,,,,,2018-04-17
600366,2018-06-30,,0.0556,,,,,2018-08-22
600366,2018-09-30,,0.0661,,,,,2018-10-26
600367,2015-06-30,13.24516452,-0.03,,,,,2015-08-07
600367,2015-09-30,8.4298998,-0.04,,,,,2015-10-28
600367,2015-12-31,12.27664718,-0.65,,,,,2016-03-31
600367,2016-03-31,9.86395172,0.006,1643.9919533333332,0.06629055007052186,0.9337094499294781,,2016-04-21
600367,2016-06-30,13.45877106,0.1,134.58771059999998,0.3457700650759219,0.6542299349240781,,2016-08-12
600367,2016-09-30,15.18350918,0.1,151.8350918,0.20439469320066336,0.7956053067993366,,2016-10-27
600367,2016-12-31,,0.16,,,,,2017-03-10
600367,2017-03-31,12.3541635,0.045,274.5369666666667,0.34677738236457095,0.653222617635429,,2017-04-18
600367,2017-06-30,10.57036761,0.13,81.31052007692307,0.4150467962562995,0.5849532037437005,,2017-08-05
600367,2017-09-30,,0.26,,,,,2017-10-13
600367,2017-12-31,,0.33,,,,,2018-03-15
600367,2018-03-31,,0.073,,,,,2018-04-20
600367,2018-06-30,,0.23,,,,,2018-08-08
600367,2018-09-30,,0.34,,,,,2018-10-17
600368,2015-06-30,3.10001472,0.08,38.750184,0.8191440404970087,0.18085595950299127,,2015-08-20
600368,2015-09-30,2.00404992,0.1,20.0404992,0.8126734505087881,0.18732654949121186,,2015-10-27
600368,2015-12-31,2.57160312,-0.1147,,,,,2016-04-15
600368,2016-03-31,2.0745048,0.11,18.85913454545455,0.9793135872120358,0.020686412787964237,,2016-04-30
600368,2016-06-30,1.98839328,0.1737,11.447284283246978,0.9735357917570499,0.02646420824295015,,2016-08-18
600368,2016-09-30,2.27412696,0.2361,9.632049809402794,0.9701492537313433,0.02985074626865669,,2016-10-26
600368,2016-12-31,,0.27,,,,,2017-03-10
600368,2017-03-31,2.66554296,0.15,17.7702864,0.9829972321075524,0.01700276789244759,,2017-04-28
600368,2017-06-30,2.2952139,0.2763,8.306963083604778,0.9910007199424046,0.008999280057595427,,2017-08-18
600368,2017-09-30,,0.3529,,,,,2017-10-27
600368,2017-12-31,,0.44,,,,,2018-03-16
600368,2018-03-31,,0.19,,,,,2018-04-27
600368,2018-06-30,,0.2134,,,,,2018-08-17
600368,2018-09-30,,0.2608,,,,,2018-10-26
600369,2015-06-30,8.22688515,0.5,16.4537703,0.9654855039116429,0.034514496088357105,,2015-08-31
600369,2015-09-30,6.2065776,0.55,11.284686545454544,0.9292321924144311,0.07076780758556889,,2015-10-30
600369,2015-12-31,8.3485215,0.63,13.251621428571429,0.910039113428944,0.08996088657105605,,2016-03-05
600369,2016-03-31,7.17635535,0.06,119.6059225,0.6342266102491773,0.36577338975082274,,2016-04-29
600369,2016-06-30,6.22724322,0.15,41.514954800000005,0.7592190889370932,0.24078091106290678,,2016-08-30
600369,2016-09-30,6.18435587,0.19,32.549241421052635,0.7259535655058044,0.27404643449419563,,2016-10-31
600369,2016-12-31,,0.16,,,,,2017-04-14
600369,2017-03-31,5.32660887,0.0042,1268.2402071428573,0.06484776591538158,0.9351522340846185,,2017-04-29
600369,2017-06-30,4.81196067,0.06,80.19934450000001,0.42332613390928725,0.5766738660907127,,2017-08-30
600369,2017-09-30,,0.1,,,,,2017-10-31
600369,2017-12-31,,0.12,,,,,2018-03-31
600369,2018-03-31,,0.05,,,,,2018-04-28
600369,2018-06-30,,0.05,,,,,2018-08-31
600369,2018-09-30,,0.05,,,,,2018-10-31
600372,2015-06-30,32.87566191,0.09,365.2851323333333,0.16520938794293602,0.834790612057064,,2015-08-27
600372,2015-09-30,20.91675999,0.12,174.30633325,0.15124884366327473,0.8487511563367253,,2015-10-28
600372,2015-12-31,23.21675523,0.2712,85.60750453539823,0.33463711429813126,0.6653628857018687,,2016-03-30
600372,2016-03-31,18.65446959,0.03,621.8156530000001,0.18382698636577338,0.8161730136342267,,2016-04-29
600372,2016-06-30,18.35283087,0.07,262.1832981428571,0.18741865509761388,0.8125813449023861,,2016-08-26
600372,2016-09-30,17.98990592,0.13,138.3838916923077,0.2234660033167496,0.7765339966832504,,2016-10-28
600372,2016-12-31,,0.2617,,,,,2017-03-16
600372,2017-03-31,18.2355664,-0.0106,,,,,2017-04-28
600372,2017-06-30,16.41200976,0.0829,197.97357973462002,0.16090712742980562,0.8390928725701944,,2017-08-31
600372,2017-09-30,,0.1255,,,,,2017-10-27
600372,2017-12-31,,0.3084,,,,,2018-03-17
600372,2018-03-31,,-0.0339,,,,,2018-04-27
600372,2018-06-30,,0.0843,,,,,2018-08-25
600372,2018-09-30,,0.1407,,,,,2018-10-26
600373,2015-06-30,16.0980052,0.39,41.276936410256404,0.7970547630004602,0.2029452369995398,,2015-08-28
600373,2015-09-30,14.1575072,0.6,23.595845333333333,0.7585568917668826,0.24144310823311743,,2015-10-29
600373,2015-12-31,15.87397824,0.78,20.351254153846153,0.8205128205128205,0.17948717948717952,,2016-03-31
600373,2016-03-31,13.06950784,0.28,46.67681371428571,0.8904560413728255,0.10954395862717448,,2016-04-29
600373,2016-06-30,14.076302,0.46,30.60065652173913,0.8368763557483732,0.16312364425162684,,2016-08-24
600373,2016-09-30,15.85364712,0.72,22.018954333333333,0.8403814262023217,0.1596185737976783,,2016-10-28
600373,2016-12-31,,0.94,,,,,2017-03-22
600373,2017-03-31,15.13456856,0.34,44.513436941176465,0.9039145907473309,0.09608540925266906,,2017-04-26
600373,2017-06-30,16.04124916,0.58,27.657326137931037,0.8585313174946004,0.14146868250539957,,2017-08-25
600373,2017-09-30,,0.8,,,,,2017-10-27
600373,2017-12-31,,1.05,,,,,2018-03-28
600373,2018-03-31,,0.33,,,,,2018-04-24
600373,2018-06-30,,0.62,,,,,2018-08-29
600373,2018-09-30,,0.88,,,,,2018-10-27
600375,2015-06-30,12.54551565,-0.4,,,,,2015-08-01
600375,2015-09-30,5.67602356,-0.67,,,,,2015-10-29
600375,2015-12-31,7.26418247,-1.7,,,,,2016-04-09
600375,2016-03-31,6.00493221,-0.03,,,,,2016-04-23
600375,2016-06-30,5.41289664,-0.37,,,,,2016-08-27
600375,2016-09-30,6.45600693,-0.38,,,,,2016-10-29
600375,2016-12-31,,0.14,,,,,2017-02-28
600375,2017-03-31,7.85621804,0.02,392.810902,0.24001581652827206,0.7599841834717279,,2017-04-25
600375,2017-06-30,7.85621804,0.05,157.12436079999998,0.20626349892008639,0.7937365010799136,,2017-07-25
600375,2017-09-30,,0.04,,,,,2017-10-28
600375,2017-12-31,,0.1,,,,,2018-04-10
600375,2018-03-31,,0.02,,,,,2018-04-28
600375,2018-06-30,,0.07,,,,,2018-07-28
600375,2018-09-30,,0.03,,,,,2018-10-27
600376,2015-06-30,13.60845843,0.4107,33.13479043097151,0.8550391164289002,0.14496088357109982,,2015-08-28
600376,2015-09-30,6.53262442,0.693,9.426586464646466,0.9551341350601296,0.04486586493987044,,2015-10-29
600376,2015-12-31,8.8183375,0.8927,9.878276576677495,0.9534984789222077,0.04650152107779226,,2016-04-27
600376,2016-03-31,7.09699802,0.2023,35.081552249134944,0.9332393041842971,0.06676069581570288,,2016-04-29
600376,2016-06-30,7.84479304,0.3116,25.175844159178435,0.8815618221258135,0.11843817787418653,,2016-08-25
600376,2016-09-30,9.04522116,0.346,26.142257687861274,0.7864842454394693,0.21351575456053073,,2016-10-21
600376,2016-12-31,,0.5793,,,,,2017-04-13
600376,2017-03-31,8.6710354,0.0345,251.33435942028981,0.3760379596678529,0.6239620403321471,,2017-04-28
600376,2017-06-30,8.48416712,0.0665,127.58146045112782,0.26169906407487403,0.738300935925126,,2017-08-26
600376,2017-09-30,,0.2717,,,,,2017-10-31
600376,2017-12-31,,0.7124,,,,,2018-04-14
600376,2018-03-31,,0.081,,,,,2018-04-28
600376,2018-06-30,,0.4384,,,,,2018-08-30
600376,2018-09-30,,0.5955,,,,,2018-10-31
600377,2015-06-30,5.60479744,0.3428,16.350050875145858,0.966405890473999,0.03359410952600095,,2015-08-31
600377,2015-09-30,4.84622312,0.4897,9.896310230753523,0.9500462534690102,0.04995374653098983,,2015-10-31
600377,2015-12-31,5.3271925,0.4976,10.705772709003215,0.9404606692742286,0.059539330725771444,,2016-03-28
600377,2016-03-31,5.08975192,0.1536,33.13640572916667,0.9388810531264692,0.06111894687353081,,2016-04-30
600377,2016-06-30,5.32465632,0.3096,17.198502325581394,0.944468546637744,0.055531453362255956,,2016-08-27
600377,2016-09-30,5.62472688,0.4843,11.614137683254182,0.9543946932006634,0.04560530679933661,,2016-10-28
600377,2016-12-31,,0.6642,,,,,2017-03-27
600377,2017-03-31,5.9694888,0.1744,34.22872018348624,0.9418742586002372,0.05812574139976279,,2017-04-29
600377,2017-06-30,6.2567904,0.3771,16.5918599840891,0.9496040316774658,0.050395968322534235,,2017-08-28
600377,2017-09-30,,0.5749,,,,,2017-10-28
600377,2017-12-31,,0.7122,,,,,2018-03-26
600377,2018-03-31,,0.2019,,,,,2018-04-28
600377,2018-06-30,,0.4939,,,,,2018-08-27
600377,2018-09-30,,0.7249,,,,,2018-10-27
600378,2015-06-30,18.89631778,0.09,209.95908644444447,0.2738150023009664,0.7261849976990336,,2015-08-01
600378,2015-09-30,12.94205695,0.1,129.4205695,0.20166512488436633,0.7983348751156336,,2015-10-28
600378,2015-12-31,18.97863475,0.15,126.52423166666668,0.22903085614950022,0.7709691438504997,,2016-03-18
600378,2016-03-31,12.57620375,0.003,4192.067916666666,0.021156558533145273,0.9788434414668548,,2016-04-21
600378,2016-06-30,13.9986155,0.04,349.96538749999996,0.14013015184381777,0.8598698481561822,,2016-08-01
600378,2016-09-30,14.20056274,0.05,284.0112548,0.10572139303482588,0.8942786069651741,,2016-10-28
600378,2016-12-31,,0.09,,,,,2017-03-11
600378,2017-03-31,12.06175788,0.013,927.8275292307693,0.09885330170027679,0.9011466982997232,,2017-04-21
600378,2017-06-30,11.32809285,0.08,141.601160625,0.23110151187904968,0.7688984881209503,,2017-08-02
600378,2017-09-30,,0.09,,,,,2017-10-28
600378,2017-12-31,,0.39,,,,,2018-03-10
600378,2018-03-31,,0.114,,,,,2018-04-20
600378,2018-06-30,,0.2901,,,,,2018-08-10
600378,2018-09-30,,0.4016,,,,,2018-10-27
600379,2015-06-30,13.1364188,0.0593,221.5247689713322,0.26092959042797975,0.7390704095720202,,2015-07-31
600379,2015-09-30,9.8022006,0.1052,93.17681178707225,0.28307123034227566,0.7169287696577243,,2015-10-31
600379,2015-12-31,14.5395968,0.1164,124.91062542955326,0.23076923076923078,0.7692307692307692,,2016-02-29
600379,2016-03-31,14.4393698,0.0283,510.2250812720848,0.22143864598025387,0.7785613540197461,,2016-04-30
600379,2016-06-30,13.0762826,0.1023,127.82289931573803,0.36616052060737525,0.6338394793926247,,2016-08-13
600379,2016-09-30,12.5417386,0.1728,72.57950578703704,0.4129353233830846,0.5870646766169154,,2016-10-29
600379,2016-12-31,,0.1532,,,,,2017-04-29
600379,2017-03-31,14.7600962,0.0262,563.3624503816793,0.1708185053380783,0.8291814946619217,,2017-04-29
600379,2017-06-30,8.6395674,0.0984,87.80048170731708,0.38696904247660185,0.6130309575233981,,2017-08-19
600379,2017-09-30,,0.1461,,,,,2017-10-28
600379,2017-12-31,,0.15,,,,,2018-04-10
600379,2018-03-31,,0.0203,,,,,2018-04-26
600379,2018-06-30,,0.0902,,,,,2018-08-16
600379,2018-09-30,,0.1445,,,,,2018-10-26
600380,2015-06-30,11.51274656,0.2128,54.10125263157895,0.7059364933271974,0.29406350667280257,,2015-08-29
600380,2015-09-30,7.7564409,0.2818,27.524630589070263,0.7021276595744681,0.2978723404255319,,2015-10-31
600380,2015-12-31,10.5714017,0.2644,39.98260854765506,0.5971316818774446,0.4028683181225554,,2016-03-29
600380,2016-03-31,7.4810643,0.103,72.63169223300972,0.7865538316878232,0.21344616831217678,,2016-04-25
600380,2016-06-30,7.0221033,0.1638,42.869983516483515,0.7531453362255965,0.24685466377440346,,2016-08-30
600380,2016-09-30,7.80092206,0.2395,32.571699624217125,0.7251243781094527,0.27487562189054726,,2016-10-28
600380,2016-12-31,,0.289,,,,,2017-04-18
600380,2017-03-31,7.36796702,0.1227,60.04863096984515,0.8406484776591538,0.15935152234084615,,2017-04-28
600380,2017-06-30,7.02005672,0.2048,34.277620703125,0.7951763858891289,0.20482361411087113,,2017-08-28
600380,2017-09-30,,1.2956,,,,,2017-10-27
600380,2017-12-31,,1.3644,,,,,2018-04-03
600380,2018-03-31,,0.1445,,,,,2018-04-27
600380,2018-06-30,,0.2725,,,,,2018-08-25
600380,2018-09-30,,0.4099,,,,,2018-10-30
600382,2015-06-30,7.11601605,0.35,20.33147442857143,0.9397146801656696,0.060285319834330386,,2015-08-08
600382,2015-09-30,4.18446072,0.41,10.20600175609756,0.9449583718778909,0.05504162812210911,,2015-10-23
600382,2015-12-31,6.43077006,0.46,13.97993491304348,0.9022164276401564,0.09778357235984358,,2016-03-12
600382,2016-03-31,5.38465488,0.05,107.6930976,0.6723084156088387,0.3276915843911613,,2016-04-22
600382,2016-06-30,6.512928,0.36,18.091466666666665,0.9362255965292842,0.06377440347071583,,2016-08-10
600382,2016-09-30,7.15200906,0.42,17.028593,0.8992537313432836,0.10074626865671643,,2016-10-22
600382,2016-12-31,,0.5,,,,,2017-03-09
600382,2017-03-31,6.38674002,0.14,45.61957157142857,0.8979833926453143,0.10201660735468565,,2017-04-22
600382,2017-06-30,5.87727701,0.36,16.325769472222223,0.9517638588912887,0.04823614110871133,,2017-08-10
600382,2017-09-30,,0.52,,,,,2017-10-25
600382,2017-12-31,,0.71,,,,,2018-03-30
600382,2018-03-31,,0.18,,,,,2018-04-28
600382,2018-06-30,,0.39,,,,,2018-08-08
600382,2018-09-30,,0.62,,,,,2018-10-27
600383,2015-06-30,8.46210365,0.12,70.51753041666666,0.6221813161527842,0.37781868384721584,,2015-08-29
600383,2015-09-30,8.06557475,0.19,42.45039342105263,0.5420906567992599,0.45790934320074006,,2015-10-30
600383,2015-12-31,9.329835,0.71,13.140612676056337,0.9113428943937418,0.08865710560625817,,2016-04-23
600383,2016-03-31,7.8559915,0.07,112.22845,0.6544428772919605,0.3455571227080395,,2016-04-28
600383,2016-06-30,7.004137,0.17,41.20080588235294,0.7631236442516269,0.23687635574837307,,2016-08-20
600383,2016-09-30,8.43731504,0.38,22.203460631578945,0.837893864013267,0.16210613598673296,,2016-10-27
600383,2016-12-31,,1.4,,,,,2017-04-01
600383,2017-03-31,7.8110256,0.19,41.11066105263158,0.9157769869513642,0.08422301304863578,,2017-04-29
600383,2017-06-30,8.5745132,0.26,32.978896923076924,0.8110151187904968,0.18898488120950319,,2017-08-30
600383,2017-09-30,,0.5,,,,,2017-10-31
600383,2017-12-31,,1.52,,,,,2018-04-18
600383,2018-03-31,,0.24,,,,,2018-04-28
600383,2018-06-30,,0.53,,,,,2018-08-30
600383,2018-09-30,,1.16,,,,,2018-10-30
600389,2015-06-30,11.29304132,0.0553,204.2141287522604,0.27841693511274734,0.7215830648872527,,2015-08-18
600389,2015-09-30,7.18286591,0.0381,188.52666430446195,0.13922294172062905,0.860777058279371,,2015-10-27
600389,2015-12-31,9.57594957,0.0356,268.98734747191014,0.11255975662755324,0.8874402433724468,,2016-03-22
600389,2016-03-31,9.57594957,0.0242,395.7003954545455,0.2849083215796897,0.7150916784203103,,2016-04-19
600389,2016-06-30,7.5473664,0.0141,535.2742127659575,0.0963123644251627,0.9036876355748373,,2016-08-23
600389,2016-09-30,9.75727872,0.0272,358.72348235294123,0.08416252072968491,0.9158374792703151,,2016-10-25
600389,2016-12-31,,0.1764,,,,,2017-04-18
600389,2017-03-31,10.01247744,0.1313,76.2564923076923,0.7734282325029656,0.22657176749703445,,2017-04-25
600389,2017-06-30,9.03105968,0.2241,40.29923998215083,0.7350611951043916,0.2649388048956084,,2017-08-22
600389,2017-09-30,,0.2939,,,,,2017-10-14
600389,2017-12-31,,0.8383,,,,,2018-04-24
600389,2018-03-31,,0.2852,,,,,2018-04-28
600389,2018-06-30,,0.6169,,,,,2018-08-30
600389,2018-09-30,,0.8738,,,,,2018-10-30
600390,2015-06-30,10.55789682,-0.0527,,,,,2015-08-29
600390,2015-09-30,7.3072119,-0.121,,,,,2015-10-31
600390,2015-12-31,10.86520947,4.08,2.663041536764706,0.9991308126901347,0.0008691873098652936,,2016-04-28
600390,2016-03-31,8.75499594,1.29,6.786818558139535,0.999059708509638,0.0009402914903620108,,2016-04-28
600390,2016-06-30,9.18523365,2.14,4.292165257009346,0.9995661605206074,0.0004338394793925726,,2016-08-11
600390,2016-09-30,10.20960915,2.98,3.4260433389261746,0.9995854063018242,0.0004145936981757581,,2016-10-29
600390,2016-12-31,,3.45,,,,,2017-04-26
600390,2017-03-31,10.02522156,0.16,62.65763475,0.8311585606959272,0.1688414393040728,,2017-04-28
600390,2017-06-30,8.27012487,0.312,26.506810480769232,0.8732901367890569,0.12670986321094313,,2017-08-30
600390,2017-09-30,,0.62,,,,,2017-10-31
600390,2017-12-31,,0.71,,,,,2018-04-28
600390,2018-03-31,,0.14,,,,,2018-04-28
600390,2018-06-30,,0.3129,,,,,2018-08-30
600390,2018-09-30,,0.38,,,,,2018-10-30
600391,2015-06-30,58.376088,0.07,833.9441142857142,0.07225034514496088,0.9277496548550391,,2015-08-22
600391,2015-09-30,36.008892,0.1,360.08892000000003,0.0698427382053654,0.9301572617946345,,2015-10-29
600391,2015-12-31,51.714792,0.1,517.14792,0.05258583224684919,0.9474141677531508,,2017-04-01
600391,2016-03-31,42.769908,0.02,2138.4954,0.04936530324400564,0.9506346967559943,,2016-04-29
600391,2016-06-30,38.3739459,0.1,383.739459,0.12885032537960955,0.8711496746203904,,2016-08-26
600391,2016-09-30,38.08451952,0.12,317.370996,0.09369817578772803,0.906301824212272,,2016-10-28
600391,2016-12-31,,0.13,,,,,2017-04-01
600391,2017-03-31,35.80902936,0.01,3580.9029359999995,0.018979833926453145,0.9810201660735468,,2017-04-28
600391,2017-06-30,26.71704894,0.08,333.96311175,0.09323254139668827,0.9067674586033118,,2017-08-31
600391,2017-09-30,,0.07,,,,,2017-10-28
600391,2017-12-31,,0.14,,,,,2018-04-03
600391,2018-03-31,,-0.04,,,,,2018-04-25
600391,2018-06-30,,-0.14,,,,,2018-08-25
600391,2018-09-30,,-0.23,,,,,2018-10-30
600392,2015-06-30,7.40672646,0.0233,317.8852557939914,0.18407731247123793,0.8159226875287621,,2015-08-25
600392,2015-09-30,7.86547392,0.0247,318.4402396761134,0.07816836262719704,0.9218316373728029,,2015-10-30
600392,2015-12-31,8.99851152,0.0205,438.9517814634146,0.062146892655367235,0.9378531073446328,,2016-03-31
600392,2016-03-31,7.66079616,-0.0161,,,,,2016-04-28
600392,2016-06-30,11.97364896,-0.0245,,,,,2016-08-10
600392,2016-09-30,10.416636,-0.0707,,,,,2016-10-29
600392,2016-12-31,,-0.0349,,,,,2017-04-28
600392,2017-03-31,9.40786704,0.0316,297.717311392405,0.32265717674970346,0.6773428232502965,,2017-04-28
600392,2017-06-30,9.64178448,0.0767,125.70775071707952,0.26673866090712745,0.7332613390928726,,2017-08-18
600392,2017-09-30,,0.2271,,,,,2017-10-27
600392,2017-12-31,,0.216,,,,,2018-03-29
600392,2018-03-31,,0.0438,,,,,2018-04-26
600392,2018-06-30,,0.1109,,,,,2018-07-27
600392,2018-09-30,,0.1929,,,,,2018-10-26
600395,2015-06-30,10.02835282,0.013,771.4117553846154,0.07685227795674184,0.9231477220432581,,2015-07-25
600395,2015-09-30,4.062933,0.009,451.43700000000007,0.05550416281221091,0.9444958371877891,,2015-10-30
600395,2015-12-31,5.2947111,0.014,378.19365,0.07561929595827901,0.924380704041721,,2016-04-23
600395,2016-03-31,5.9589684,-0.064,,,,,2016-04-23
600395,2016-06-30,5.3269566,0.0,,,,,2016-08-26
600395,2016-09-30,5.47506112,0.046,119.02306782608697,0.2640961857379768,0.7359038142620232,,2016-10-29
600395,2016-12-31,,0.118,,,,,2017-04-22
600395,2017-03-31,5.10704404,0.159,32.11977383647799,0.9493871095294583,0.05061289047054174,,2017-04-22
600395,2017-06-30,4.73257052,0.278,17.023634964028776,0.9467242620590353,0.05327573794096474,,2017-08-29
600395,2017-09-30,,0.389,,,,,2017-10-28
600395,2017-12-31,,0.53,,,,,2018-04-27
600395,2018-03-31,,0.166,,,,,2018-04-27
600395,2018-06-30,,0.319,,,,,2018-08-29
600395,2018-09-30,,0.439,,,,,2018-10-27
600396,2015-06-30,12.46580158,0.1658,75.18577551266587,0.5931891394385642,0.4068108605614358,,2015-08-22
600396,2015-09-30,6.22018928,0.2167,28.704149884633132,0.6910268270120259,0.3089731729879741,,2015-10-30
600396,2015-12-31,6.99276056,0.2153,32.4791479795634,0.6731855714906563,0.3268144285093437,,2016-03-31
600396,2016-03-31,5.11085616,0.0975,52.41903753846154,0.8669487541137753,0.13305124588622474,,2016-04-27
600396,2016-06-30,5.19009424,0.1202,43.17882063227953,0.7501084598698482,0.2498915401301518,,2016-08-26
600396,2016-09-30,5.3,0.1405,37.722419928825616,0.6724709784411277,0.3275290215588723,,2016-10-27
600396,2016-12-31,,0.0146,,,,,2017-03-31
600396,2017-03-31,4.95,-0.0319,,,,,2017-04-26
600396,2017-06-30,3.89,-0.0871,,,,,2017-08-12
600396,2017-09-30,,-0.2091,,,,,2017-10-27
600396,2017-12-31,,-0.6082,,,,,2018-03-30
600396,2018-03-31,,0.0088,,,,,2018-04-27
600396,2018-06-30,,-0.1257,,,,,2018-08-24
600396,2018-09-30,,-0.2951,,,,,2018-10-27
600397,2015-06-30,9.67,-0.1128,,,,,2015-08-29
600397,2015-09-30,4.88,0.0269,181.41263940520446,0.1452358926919519,0.8547641073080481,,2015-10-15
600397,2015-12-31,5.84,0.0284,205.63380281690138,0.15080399826162538,0.8491960017383746,,2016-04-16
600397,2016-03-31,4.97,-0.1388,,,,,2016-04-28
600397,2016-06-30,4.42,-0.26,,,,,2016-08-27
600397,2016-09-30,5.14,-0.7437,,,,,2016-10-26
600397,2016-12-31,,-2.077,,,,,2017-04-26
600397,2017-03-31,5.23,-0.0541,,,,,2017-04-29
600397,2017-06-30,4.32,-0.0202,,,,,2017-08-26
600397,2017-09-30,,-0.1016,,,,,2017-10-28
600397,2017-12-31,,-0.6971,,,,,2018-04-18
600397,2018-03-31,,0.0139,,,,,2018-04-26
600397,2018-06-30,,0.0565,,,,,2018-08-22
600397,2018-09-30,,0.0823,,,,,2018-10-26
600398,2015-06-30,10.09578115,0.37,27.285895,0.892774965485504,0.10722503451449605,,2015-08-11
600398,2015-09-30,7.8405184,0.51,15.373565490196077,0.876040703052729,0.12395929694727104,,2015-10-20
600398,2015-12-31,7.7736958,0.66,11.778326969696968,0.9261190786614515,0.07388092133854851,,2016-04-26
600398,2016-03-31,6.40940105,0.21,30.52095738095238,0.9501645510108133,0.04983544898918668,,2016-04-26
600398,2016-06-30,6.4807195,0.39,16.617229487179486,0.9479392624728851,0.05206073752711493,,2016-08-23
600398,2016-09-30,6.15381595,0.54,11.395955462962963,0.9556384742951907,0.044361525704809335,,2016-10-29
600398,2016-12-31,,0.7,,,,,2017-03-11
600398,2017-03-31,6.00470205,0.22,27.294100227272725,0.9608540925266904,0.039145907473309594,,2017-04-28
600398,2017-06-30,5.69641046,0.42,13.562882047619048,0.9676025917926566,0.03239740820734338,,2017-08-25
600398,2017-09-30,,0.56,,,,,2017-10-25
600398,2017-12-31,,0.74,,,,,2018-03-24
600398,2018-03-31,,0.25,,,,,2018-04-28
600398,2018-06-30,,0.46,,,,,2018-08-30
600398,2018-09-30,,0.58,,,,,2018-10-30
600399,2015-06-30,11.61846176,0.1006,115.49166759443341,0.44684767602393005,0.55315232397607,,2015-08-18
600399,2015-09-30,8.29189205,0.1417,58.51723394495413,0.42321924144310824,0.5767807585568918,,2015-10-22
600399,2015-12-31,9.19467793,0.0542,169.64350424354242,0.1738374619730552,0.8261625380269448,,2018-06-26
600399,2016-03-31,7.51667374,0.0377,199.38126631299735,0.463093559003291,0.536906440996709,,2016-04-15
600399,2016-06-30,6.3788377,0.08,79.73547125,0.5353579175704989,0.4646420824295011,,2016-08-25
600399,2016-09-30,6.7732017,0.1016,66.66537106299214,0.4419568822553897,0.5580431177446104,,2016-10-26
600399,2016-12-31,,-0.03,,,,,2017-03-29
600399,2017-03-31,7.4830569,0.02,374.152845,0.2554369315935152,0.7445630684064848,,2017-04-29
600399,2017-06-30,6.1520784,0.045,136.71285333333333,0.23722102231821454,0.7627789776817855,,2017-08-26
600399,2017-09-30,,0.0519,,,,,2017-10-28
600399,2017-12-31,,-1.03,,,,,2018-06-26
600399,2018-03-31,,-0.0168,,,,,2018-06-26
600399,2018-06-30,,-0.053,,,,,2018-08-31
600399,2018-09-30,,-0.097,,,,,2018-10-22
600403,2015-06-30,7.35749484,-0.0972,,,,,2015-08-20
600403,2015-09-30,4.13731332,-0.2426,,,,,2015-10-29
600403,2015-12-31,4.9037877,-0.54,,,,,2016-04-09
600403,2016-03-31,4.64829624,-0.1976,,,,,2016-04-30
600403,2016-06-30,4.92851268,-0.4014,,,,,2016-08-31
600403,2016-09-30,4.6565379,-0.5379,,,,,2016-10-29
600403,2016-12-31,,-0.82,,,,,2017-03-24
600403,2017-03-31,4.14555498,0.06,69.092583,0.8030842230130486,0.1969157769869514,,2017-04-28
600403,2017-06-30,3.84885522,0.1212,31.75623118811881,0.8246940244780417,0.17530597552195826,,2017-08-18
600403,2017-09-30,,0.1731,,,,,2017-10-26
600403,2017-12-31,,0.2009,,,,,2018-03-30
600403,2018-03-31,,0.12,,,,,2018-04-27
600403,2018-06-30,,0.1876,,,,,2018-08-30
600403,2018-09-30,,0.2815,,,,,2018-10-31
600405,2015-06-30,13.91958811,-0.038,,,,,2015-08-28
600405,2015-09-30,8.95144706,0.008,1118.9308824999998,0.01942645698427382,0.9805735430157262,,2015-10-24
600405,2015-12-31,14.71976658,0.117,125.80997076923076,0.23033463711429814,0.7696653628857019,,2016-03-30
600405,2016-03-31,12.16095411,-0.061,,,,,2017-04-20
600405,2016-06-30,11.81802048,-0.059,,,,,2016-08-26
600405,2016-09-30,10.20301607,0.06,170.05026783333335,0.17661691542288557,0.8233830845771144,,2016-10-26
600405,2016-12-31,,0.07,,,,,2017-04-20
600405,2017-03-31,9.27707252,-0.061,,,,,2017-04-20
600405,2017-06-30,8.06,-0.066,,,,,2017-08-25
600405,2017-09-30,,-0.051,,,,,2017-10-30
600405,2017-12-31,,0.04,,,,,2018-04-27
600405,2018-03-31,,-0.065,,,,,2018-04-27
600405,2018-06-30,,-0.088,,,,,2018-08-30
600405,2018-09-30,,-0.086,,,,,2018-10-31
600406,2015-06-30,9.70152031,0.01,970.152031,0.0621260929590428,0.9378739070409572,,2015-08-25
600406,2015-09-30,6.65367681,0.12,55.44730675,0.4440333024976873,0.5559666975023128,,2015-10-23
600406,2015-12-31,7.82123532,0.54,14.48376911111111,0.8956975228161669,0.10430247718383312,,2016-04-05
600406,2016-03-31,6.7521456,0.01,675.21456,0.17395392571697227,0.8260460742830278,,2016-04-27
600406,2016-06-30,6.40120838,0.12,53.34340316666667,0.6850325379609544,0.3149674620390456,,2016-08-25
600406,2016-09-30,7.81359168,0.32,24.417474,0.806799336650083,0.19320066334991703,,2016-10-25
600406,2016-12-31,,0.78,,,,,2017-03-30
600406,2017-03-31,7.96201162,0.02,398.100581,0.2332937920126532,0.7667062079873468,,2017-04-29
600406,2017-06-30,8.60036845,0.22,39.092583863636364,0.7505399568034558,0.24946004319654425,,2017-07-29
600406,2017-09-30,,0.42,,,,,2017-10-28
600406,2017-12-31,,0.79,,,,,2018-04-19
600406,2018-03-31,,0.02,,,,,2018-04-28
600406,2018-06-30,,0.31,,,,,2018-08-28
600406,2018-09-30,,0.52,,,,,2018-10-30
600408,2015-06-30,6.16,-0.23,,,,,2015-07-31
600408,2015-09-30,3.17,-0.34,,,,,2015-10-31
600408,2015-12-31,5.29,0.04,132.25,0.21729682746631898,0.782703172533681,,2016-03-05
600408,2016-03-31,5.58,-0.12,,,,,2016-04-30
600408,2016-06-30,5.88,-0.35,,,,,2016-08-16
600408,2016-09-30,5.88,-0.44,,,,,2016-10-29
600408,2016-12-31,,-0.58,,,,,2017-01-25
600408,2017-03-31,4.1,-0.05,,,,,2017-04-29
600408,2017-06-30,3.87,-0.07,,,,,2017-08-31
600408,2017-09-30,,0.01,,,,,2017-10-27
600408,2017-12-31,,-0.28,,,,,2018-04-21
600408,2018-03-31,,0.04,,,,,2018-04-21
600408,2018-06-30,,0.44,,,,,2018-08-11
600408,2018-09-30,,0.57,,,,,2018-10-27
600409,2015-06-30,8.7276115,0.1024,85.23058105468749,0.5572940635066728,0.44270593649332723,,2015-08-26
600409,2015-09-30,5.151201,0.179,28.777659217877098,0.6896392229417206,0.31036077705827936,,2015-10-29
600409,2015-12-31,6.04875875,0.223,27.12447869955157,0.7301173402868318,0.26988265971316816,,2016-03-31
600409,2016-03-31,5.53363865,0.0691,80.08160130246021,0.7564645039962389,0.24353549600376112,,2016-04-28
600409,2016-06-30,5.32663548,0.1588,33.543044584382876,0.8130151843817788,0.18698481561822122,,2016-08-09
600409,2016-09-30,6.9546576,0.3082,22.565404282933162,0.8287728026533997,0.1712271973466003,,2016-10-22
600409,2016-12-31,,0.4123,,,,,2017-04-13
600409,2017-03-31,7.5473841,0.2759,27.355505980427694,0.9604586793198893,0.039541320680110736,,2017-04-26
600409,2017-06-30,8.06317991,0.52,15.506115211538463,0.9568034557235421,0.043196544276457916,,2017-08-08
600409,2017-09-30,,0.7618,,,,,2017-10-27
600409,2017-12-31,,0.9651,,,,,2018-04-12
600409,2018-03-31,,0.2122,,,,,2018-04-27
600409,2018-06-30,,0.571,,,,,2018-08-24
600409,2018-09-30,,0.7479,,,,,2018-10-30
600410,2015-06-30,33.50359584,0.0613,546.5513187601958,0.10906580763920846,0.8909341923607915,,2015-08-28
600410,2015-09-30,13.48827876,0.0502,268.6908119521912,0.09065679925994449,0.9093432007400555,,2015-10-28
600410,2015-12-31,18.56564226,0.058,320.0972803448276,0.09343763581051717,0.9065623641894829,,2016-04-08
600410,2016-03-31,11.57638878,0.0085,1361.9280917647059,0.08274565115185707,0.9172543488481429,,2016-04-27
600410,2016-06-30,11.0357676,0.04,275.89419,0.17787418655097614,0.8221258134490239,,2016-08-26
600410,2016-09-30,11.8619748,0.03,395.39916000000005,0.07462686567164178,0.9253731343283582,,2016-10-28
600410,2016-12-31,,0.0378,,,,,2017-04-20
600410,2017-03-31,9.737442,-0.0081,,,,,2017-04-28
600410,2017-06-30,8.74315432,0.14,62.451102285714285,0.5417566594672426,0.4582433405327574,,2017-08-29
600410,2017-09-30,,0.17,,,,,2017-10-20
600410,2017-12-31,,0.2072,,,,,2018-04-20
600410,2018-03-31,,0.017,,,,,2018-04-28
600410,2018-06-30,,0.01,,,,,2018-08-18
600410,2018-09-30,,0.05,,,,,2018-10-26
600415,2015-06-30,12.80720704,0.04,320.18017599999996,0.18131615278416935,0.8186838472158307,,2015-08-31
600415,2015-09-30,6.31978672,0.07,90.28266742857141,0.2918593894542091,0.7081406105457909,,2015-10-22
600415,2015-12-31,7.70276392,0.13,59.25203015384615,0.45936549326379833,0.5406345067362017,,2016-03-30
600415,2016-03-31,6.4119852,0.04,160.29963,0.537846732487071,0.46215326751292896,,2016-04-21
600415,2016-06-30,5.22171684,0.1,52.2171684,0.6885032537960954,0.31149674620390455,,2016-08-27
600415,2016-09-30,6.86089656,0.15,45.7393104,0.5961857379767828,0.40381426202321724,,2016-10-18
600415,2016-12-31,,0.19,,,,,2017-03-30
600415,2017-03-31,6.69190896,0.12,55.765908,0.8620007908264136,0.13799920917358643,,2017-04-29
600415,2017-06-30,6.1673578,0.19,32.45977789473684,0.8156947444204463,0.18430525557955368,,2017-08-26
600415,2017-09-30,,0.22,,,,,2017-10-17
600415,2017-12-31,,0.27,,,,,2018-04-11
600415,2018-03-31,,0.13,,,,,2018-04-21
600415,2018-06-30,,0.22,,,,,2018-08-22
600415,2018-09-30,,0.25,,,,,2018-10-20
600416,2015-06-30,22.38106632,-0.09,,,,,2015-07-31
600416,2015-09-30,13.09604625,0.02,654.8023125,0.03515263644773358,0.9648473635522664,,2015-10-31
600416,2015-12-31,20.52010875,0.09,228.00120833333332,0.13646240764884832,0.8635375923511517,,2016-02-25
600416,2016-03-31,12.6506025,0.01,1265.06025,0.09167842031029619,0.9083215796897038,,2016-04-30
600416,2016-06-30,12.37631289,0.1,123.76312889999998,0.3752711496746204,0.6247288503253796,,2016-08-25
600416,2016-09-30,12.84278178,0.13,98.79062907692307,0.3076285240464345,0.6923714759535655,,2016-10-29
600416,2016-12-31,,0.17,,,,,2017-03-30
600416,2017-03-31,16.85242926,-0.04,,,,,2017-04-29
600416,2017-06-30,13.649447,0.02,682.47235,0.04427645788336933,0.9557235421166307,,2017-08-31
600416,2017-09-30,,0.06,,,,,2017-10-31
600416,2017-12-31,,0.1,,,,,2018-03-30
600416,2018-03-31,,-0.19,,,,,2018-04-28
600416,2018-06-30,,-0.23,,,,,2018-08-28
600416,2018-09-30,,-0.45,,,,,2018-10-31
600418,2015-06-30,13.21047552,0.37,35.70398789189189,0.8315692590888173,0.1684307409111827,,2015-08-11
600418,2015-09-30,12.59359664,0.44,28.621810545454544,0.6914893617021277,0.3085106382978723,,2015-10-30
600418,2015-12-31,13.83588667,0.59,23.450655372881357,0.7805302042590179,0.21946979574098213,,2016-04-29
600418,2016-03-31,10.78231881,0.19,56.74904636842105,0.849083215796897,0.15091678420310295,,2016-04-29
600418,2016-06-30,12.22083184,0.39,31.335466256410257,0.8290672451193059,0.17093275488069415,,2016-08-30
600418,2016-09-30,13.37737744,0.54,24.772921185185183,0.8030679933665008,0.1969320066334992,,2016-10-29
600418,2016-12-31,,0.72,,,,,2017-03-22
600418,2017-03-31,11.29559536,0.14,80.682824,0.7568208778173191,0.2431791221826809,,2017-04-28
600418,2017-06-30,10.3544452,0.18,57.52469555555556,0.5795536357091433,0.4204463642908567,,2017-08-31
600418,2017-09-30,,0.12,,,,,2017-10-27
600418,2017-12-31,,0.23,,,,,2018-03-21
600418,2018-03-31,,0.11,,,,,2018-04-27
600418,2018-06-30,,0.09,,,,,2018-08-30
600418,2018-09-30,,0.03,,,,,2018-10-30
600422,2015-06-30,15.53519538,0.3243,47.903778538390384,0.7445927289461574,0.25540727105384264,,2015-08-28
600422,2015-09-30,12.60315336,0.4562,27.626377378342834,0.7016651248843663,0.2983348751156337,,2015-10-30
600422,2015-12-31,16.75092012,0.5336,31.39227908545727,0.6888309430682312,0.3111690569317688,,2017-03-25
600422,2016-03-31,12.58212006,0.1083,116.17839390581717,0.6426892336624354,0.35731076633756464,,2016-04-29
600422,2016-06-30,11.63959852,0.3149,36.962840647824706,0.7934924078091107,0.20650759219088932,,2016-08-18
600422,2016-09-30,11.85293427,0.4189,28.295379016471713,0.7628524046434494,0.2371475953565506,,2016-10-28
600422,2016-12-31,,0.5164,,,,,2017-03-25
600422,2017-03-31,10.59852006,0.1197,88.54235639097745,0.7240015816528272,0.27599841834717276,,2017-04-28
600422,2017-06-30,9.83526138,0.2733,35.987052250274424,0.7825773938084953,0.21742260619150466,,2017-08-19
600422,2017-09-30,,0.3553,,,,,2017-10-25
600422,2017-12-31,,0.4201,,,,,2018-03-30
600422,2018-03-31,,0.1054,,,,,2018-04-13
600422,2018-06-30,,0.2293,,,,,2018-08-11
600422,2018-09-30,,0.3383,,,,,2018-10-19
600425,2015-06-30,8.47607408,-0.169,,,,,2015-08-29
600425,2015-09-30,4.56303948,-0.21,,,,,2015-10-31
600425,2015-12-31,5.06618832,-0.49,,,,,2016-04-09
600425,2016-03-31,4.48496466,-0.113,,,,,2016-04-30
600425,2016-06-30,3.6868665,-0.124,,,,,2016-08-31
600425,2016-09-30,3.76494132,-0.135,,,,,2016-10-29
600425,2016-12-31,,-0.42,,,,,2017-04-08
600425,2017-03-31,6.0291111,-0.112,,,,,2017-04-29
600425,2017-06-30,2.75864364,-0.089,,,,,2017-07-28
600425,2017-09-30,,0.002,,,,,2017-10-24
600425,2017-12-31,,0.04,,,,,2018-04-21
600425,2018-03-31,,-0.06,,,,,2018-04-28
600425,2018-06-30,,0.048,,,,,2018-07-26
600425,2018-09-30,,0.328,,,,,2018-10-31
600426,2015-06-30,5.39646848,0.422,12.787840000000001,0.9815922687528762,0.018407731247123804,,2015-08-28
600426,2015-09-30,3.39896102,0.62,5.482195193548388,0.9875115633672525,0.012488436632747457,,2015-10-30
600426,2015-12-31,4.19563794,0.73,5.747449232876713,0.984354628422425,0.01564537157757495,,2016-03-18
600426,2016-03-31,3.51526422,0.178,19.748675393258427,0.9783732957216738,0.021626704278326248,,2016-04-28
600426,2016-06-30,3.36044235,0.302,11.127292549668875,0.9770065075921909,0.022993492407809124,,2016-08-20
600426,2016-09-30,4.3407303,0.398,10.906357537688441,0.9593698175787728,0.04063018242122718,,2016-10-29
600426,2016-12-31,,0.54,,,,,2017-03-30
600426,2017-03-31,5.0807142,0.194,26.189248453608247,0.9636219849742982,0.036378015025701815,,2017-04-28
600426,2017-06-30,5.86091324,0.337,17.391433946587536,0.9442044636429086,0.055795536357091446,,2017-08-18
600426,2017-09-30,,0.523,,,,,2017-10-28
600426,2017-12-31,,0.754,,,,,2018-03-30
600426,2018-03-31,,0.451,,,,,2018-04-20
600426,2018-06-30,,1.037,,,,,2018-08-10
600426,2018-09-30,,1.564,,,,,2018-10-26
600428,2015-06-30,13.80953573,0.232,59.52386090517241,0.6732627703635526,0.32673722963644736,,2015-08-29
600428,2015-09-30,12.1788195,0.217,56.123592165898614,0.44033302497687327,0.5596669750231267,,2015-10-31
600428,2015-12-31,8.76875004,0.086,101.96220976744188,0.2846588439808779,0.7153411560191221,,2016-04-09
600428,2016-03-31,5.69199564,0.0005,11383.99128,0.006582040432534086,0.9934179595674659,,2016-04-29
600428,2016-06-30,4.79460894,0.002,2397.30447,0.014316702819956615,0.9856832971800434,,2016-08-27
600428,2016-09-30,4.82861832,0.016,301.78864500000003,0.09867330016583747,0.9013266998341625,,2016-10-28
600428,2016-12-31,,0.024,,,,,2017-04-01
600428,2017-03-31,6.32685982,0.005,1265.371964,0.06524317912218268,0.9347568208778173,,2017-04-28
600428,2017-06-30,5.32517836,0.034,156.62289294117645,0.20770338372930167,0.7922966162706984,,2017-08-31
600428,2017-09-30,,0.075,,,,,2017-10-28
600428,2017-12-31,,0.111,,,,,2018-01-16
600428,2018-03-31,,0.009,,,,,2018-04-28
600428,2018-06-30,,0.028,,,,,2018-08-30
600428,2018-09-30,,0.06,,,,,2018-10-26
600429,2015-06-30,10.81125884,0.0392,275.79741938775516,0.21214910262310172,0.7878508973768983,,2015-08-27
600429,2015-09-30,6.98087484,0.0293,238.25511399317406,0.10175763182238667,0.8982423681776133,,2015-10-30
600429,2015-12-31,6.98087484,0.0807,86.50402527881042,0.33202955236853543,0.6679704476314645,,2016-04-27
600429,2016-03-31,6.942571,0.0156,445.03660256410257,0.2552891396332863,0.7447108603667136,,2016-04-27
600429,2016-06-30,7.49797668,0.12,62.483139,0.6273318872017354,0.3726681127982646,,2016-08-26
600429,2016-09-30,7.68949588,0.1402,54.8466182596291,0.5203150912106136,0.4796849087893864,,2016-10-26
600429,2016-12-31,,0.078,,,,,2017-04-28
600429,2017-03-31,8.12999004,0.0088,923.8625045454544,0.099644128113879,0.900355871886121,,2017-04-28
600429,2017-06-30,6.25310188,0.0292,214.14732465753426,0.15082793376529877,0.8491720662347012,,2017-08-26
600429,2017-09-30,,0.0824,,,,,2017-10-28
600429,2017-12-31,,0.051,,,,,2018-04-28
600429,2018-03-31,,0.0237,,,,,2018-04-28
600429,2018-06-30,,0.0834,,,,,2018-08-30
600429,2018-09-30,,0.0928,,,,,2018-10-27
600435,2015-06-30,22.16406166,0.005,4432.812332,0.012425218591808559,0.9875747814081914,,2015-08-20
600435,2015-09-30,13.5111516,0.005,2702.23032,0.006938020351526364,0.9930619796484736,,2015-10-27
600435,2015-12-31,14.039466000000001,0.03,467.98220000000003,0.05736636245110821,0.9426336375488917,,2016-04-21
600435,2016-03-31,11.6033496,0.006,1933.8916,0.05594734367653973,0.9440526563234602,,2016-04-21
600435,2016-06-30,13.04800596,0.003,4349.33532,0.00824295010845987,0.9917570498915401,,2016-08-25
600435,2016-09-30,14.28320412,0.003,4761.06804,0.004560530679933665,0.9954394693200663,,2016-10-25
600435,2016-12-31,,0.03,,,,,2017-03-30
600435,2017-03-31,16.52812776,0.005,3305.625552,0.021352313167259787,0.9786476868327402,,2017-04-28
600435,2017-06-30,14.04821286,0.003,4682.73762,0.003599712023038157,0.9964002879769619,,2017-08-24
600435,2017-09-30,,0.003,,,,,2017-10-26
600435,2017-12-31,,0.03,,,,,2018-03-27
600435,2018-03-31,,-0.0068,,,,,2018-04-27
600435,2018-06-30,,0.009,,,,,2018-08-11
600435,2018-09-30,,0.003,,,,,2018-10-27
600436,2015-06-30,41.14252369,0.42,97.95838973809524,0.5080533824206167,0.4919466175793833,,2015-08-25
600436,2015-09-30,29.57176744,0.62,47.69639909677419,0.49306197964847365,0.5069380203515264,,2015-10-23
600436,2015-12-31,42.45079053,0.77,55.13089679220779,0.4858757062146893,0.5141242937853108,,2016-04-15
600436,2016-03-31,33.96556928,0.24,141.52320533333332,0.5778091208274565,0.4221908791725435,,2016-04-15
600436,2016-06-30,41.91164663,0.51,82.1796992745098,0.5223427331887202,0.47765726681127985,,2016-07-30
600436,2016-09-30,44.5095914,0.8,55.63698924999999,0.5140961857379768,0.4859038142620232,,2016-10-31
600436,2016-12-31,,0.89,,,,,2017-04-13
600436,2017-03-31,46.82818727,0.38,123.23207176315789,0.6030051403716884,0.3969948596283116,,2017-04-13
600436,2017-06-30,57.11073312,0.72,79.32046266666667,0.4298056155507559,0.5701943844492441,,2017-08-25
600436,2017-09-30,,1.12,,,,,2017-10-27
600436,2017-12-31,,1.34,,,,,2018-04-16
600436,2018-03-31,,0.54,,,,,2018-04-27
600436,2018-06-30,,1.02,,,,,2018-08-25
600436,2018-09-30,,1.52,,,,,2018-10-24
600438,2015-06-30,6.37131066,0.0457,139.41598818380746,0.39346525540727106,0.6065347445927289,,2015-08-18
600438,2015-09-30,4.3744536,0.2108,20.751677419354838,0.8006475485661425,0.1993524514338575,,2015-10-28
600438,2015-12-31,5.75564682,0.2698,21.333012676056338,0.8053020425901782,0.19469795740982176,,2016-04-12
600438,2016-03-31,5.59363002,0.0507,110.32800828402367,0.6610249177244946,0.33897508227550543,,2016-04-30
600438,2016-06-30,5.19690228,0.2434,21.35128299096138,0.9197396963123644,0.08026030368763559,,2016-08-30
600438,2016-09-30,4.92725169,0.2892,17.037523132780084,0.898424543946932,0.10157545605306795,,2016-10-31
600438,2016-12-31,,0.3218,,,,,2017-04-15
600438,2017-03-31,5.12336121,0.0684,74.90294166666666,0.7793594306049823,0.22064056939501775,,2017-04-25
600438,2017-06-30,4.6278567,0.2039,22.696697891123097,0.902447804175666,0.09755219582433405,,2017-08-22
600438,2017-09-30,,0.3937,,,,,2017-10-23
600438,2017-12-31,,0.5173,,,,,2018-03-30
600438,2018-03-31,,0.0825,,,,,2018-04-18
600438,2018-06-30,,0.2365,,,,,2018-08-18
600438,2018-09-30,,0.4275,,,,,2018-10-27
600446,2015-06-30,39.97128614,0.099,403.750365050505,0.15416474919466175,0.8458352508053383,,2015-08-14
600446,2015-09-30,32.87775687,0.1659,198.17816075949366,0.1322849213691027,0.8677150786308974,,2015-10-10
600446,2015-12-31,47.83368413,0.31,154.30220687096775,0.19078661451542808,0.8092133854845719,,2016-03-23
600446,2016-03-31,35.98952327,0.0346,1040.159632080925,0.11048425011753643,0.8895157498824635,,2016-04-25
600446,2016-06-30,35.0337783,0.0451,776.8021796008869,0.05986984815618221,0.9401301518438178,,2016-07-20
600446,2016-09-30,28.64096646,0.1164,246.05641288659794,0.12064676616915423,0.8793532338308457,,2016-10-28
600446,2016-12-31,,0.28,,,,,2017-04-19
600446,2017-03-31,20.5135197,-0.0309,,,,,2017-04-29
600446,2017-06-30,17.13195612,0.0238,719.8300890756303,0.04103671706263499,0.958963282937365,,2017-08-24
600446,2017-09-30,,0.0354,,,,,2017-10-26
600446,2017-12-31,,0.16,,,,,2018-04-20
600446,2018-03-31,,-0.0293,,,,,2018-04-28
600446,2018-06-30,,0.087,,,,,2018-08-24
600446,2018-09-30,,0.1156,,,,,2018-10-25
600449,2015-06-30,9.83346954,-0.09,,,,,2015-08-20
600449,2015-09-30,6.55818534,0.04,163.9546335,0.1595744680851064,0.8404255319148937,,2015-10-28
600449,2015-12-31,8.5309728,0.04,213.27432000000002,0.14471968709256844,0.8552803129074316,,2016-03-24
600449,2016-03-31,7.30464546,-0.19,,,,,2016-04-28
600449,2016-06-30,6.88668882,-0.09,,,,,2016-08-19
600449,2016-09-30,7.34478342,0.19,38.65675484210526,0.6629353233830846,0.3370646766169154,,2016-10-15
600449,2016-12-31,,0.12,,,,,2017-03-16
600449,2017-03-31,9.80322444,-0.12,,,,,2017-04-20
600449,2017-06-30,7.36804466,0.24,30.700186083333335,0.8318934485241181,0.16810655147588194,,2017-08-18
600449,2017-09-30,,0.6,,,,,2017-10-17
600449,2017-12-31,,0.7099,,,,,2018-03-24
600449,2018-03-31,,-0.18,,,,,2018-04-28
600449,2018-06-30,,0.3,,,,,2018-08-21
600449,2018-09-30,,0.73,,,,,2018-10-27
600452,2015-06-30,2.95263671,0.85,3.473690247058824,0.9995398067188219,0.00046019328117807845,,2015-08-07
600452,2015-09-30,2.22873445,1.05,2.122604238095238,0.9995374653098983,0.00046253469010171244,,2015-10-28
600452,2015-12-31,3.82783687,1.16,3.2998593706896555,0.9978270317253368,0.0021729682746631784,,2016-03-30
600452,2016-03-31,3.56364746,0.15,23.757649733333334,0.9685002350728726,0.03149976492712736,,2016-04-21
600452,2016-06-30,3.92921646,0.46,8.541774913043477,0.9887201735357918,0.01127982646420822,,2016-07-29
600452,2016-09-30,4.19735814,0.81,5.18192362962963,0.9925373134328358,0.007462686567164201,,2016-10-28
600452,2016-12-31,,1.05,,,,,2017-03-31
600452,2017-03-31,5.64626406,0.35,16.13218302857143,0.9865559509687624,0.013444049031237637,,2017-04-22
600452,2017-06-30,5.39029309,0.49,11.000598142857143,0.9816414686825053,0.018358531317494653,,2017-07-28
600452,2017-09-30,,0.8,,,,,2017-10-14
600452,2017-12-31,,1.01,,,,,2018-03-30
600452,2018-03-31,,0.28,,,,,2018-04-27
600452,2018-06-30,,0.39,,,,,2018-08-02
600452,2018-09-30,,0.67,,,,,2018-10-31
600456,2015-06-30,23.34980406,-0.1162,,,,,2015-08-13
600456,2015-09-30,12.57503832,-0.2091,,,,,2015-10-29
600456,2015-12-31,18.1818574,-0.43,,,,,2016-04-28
600456,2016-03-31,14.89479254,-0.1156,,,,,2016-04-28
600456,2016-06-30,18.02063896,-0.2102,,,,,2016-08-26
600456,2016-09-30,16.55327452,-0.2699,,,,,2016-10-28
600456,2016-12-31,,0.09,,,,,2017-03-31
600456,2017-03-31,20.99680537,-0.0843,,,,,2017-04-28
600456,2017-06-30,18.46619424,-0.1216,,,,,2017-08-18
600456,2017-09-30,,-0.0624,,,,,2017-10-27
600456,2017-12-31,,0.05,,,,,2018-04-20
600456,2018-03-31,,-0.0193,,,,,2018-04-20
600456,2018-06-30,,0.079,,,,,2018-08-16
600456,2018-09-30,,0.225,,,,,2018-10-27
600458,2015-06-30,22.327203,0.31,72.02323548387098,0.6106764841233318,0.38932351587666825,,2015-08-28
600458,2015-09-30,13.6009137,0.34,40.00268735294117,0.5666049953746531,0.43339500462534686,,2015-10-30
600458,2015-12-31,15.744681,0.39,40.370976923076924,0.5923511516731855,0.4076488483268145,,2016-03-30
600458,2016-03-31,12.7736508,0.08,159.670635,0.5401974612129761,0.45980253878702393,,2016-04-27
600458,2016-06-30,13.90462028,0.23,60.454870782608694,0.6438177874186551,0.35618221258134486,,2016-08-23
600458,2016-09-30,13.64580514,0.25,54.58322056,0.521558872305141,0.478441127694859,,2016-10-27
600458,2016-12-31,,0.3,,,,,2017-03-30
600458,2017-03-31,13.02107894,0.03,434.0359646666667,0.21629102412020562,0.7837089758797944,,2017-04-28
600458,2017-06-30,10.31055325,0.04,257.76383125,0.12095032397408208,0.8790496760259179,,2017-08-25
600458,2017-09-30,,0.07,,,,,2017-10-27
600458,2017-12-31,,0.09,,,,,2018-03-29
600458,2018-03-31,,0.04,,,,,2018-04-26
600458,2018-06-30,,0.1,,,,,2018-08-24
600458,2018-09-30,,0.11,,,,,2018-10-31
600459,2015-06-30,10.84095933,0.15,72.27306220000001,0.6097560975609756,0.3902439024390244,,2015-08-20
600459,2015-09-30,7.3545366,0.2,36.772683,0.5962072155411656,0.4037927844588344,,2015-10-29
600459,2015-12-31,9.75639792,0.25,39.02559168,0.6045197740112994,0.3954802259887006,,2016-04-08
600459,2016-03-31,8.26221675,0.06,137.70361250000002,0.5905030559473436,0.40949694405265635,,2016-04-30
600459,2016-06-30,13.94266536,0.16,87.14165849999999,0.500650759219089,0.49934924078091103,,2016-08-25
600459,2016-09-30,12.12283956,0.22,55.103816181818175,0.5190713101160862,0.4809286898839138,,2016-10-27
600459,2016-12-31,,0.32,,,,,2017-04-14
600459,2017-03-31,10.95161834,0.11,99.56016672727273,0.6816923685251087,0.3183076314748913,,2017-04-27
600459,2017-06-30,10.04637166,0.23,43.679876782608694,0.7019438444924406,0.2980561555075594,,2017-08-24
600459,2017-09-30,,0.34,,,,,2017-10-26
600459,2017-12-31,,0.35,,,,,2018-03-22
600459,2018-03-31,,0.06,,,,,2018-04-27
600459,2018-06-30,,0.22,,,,,2018-08-23
600459,2018-09-30,,0.35,,,,,2018-10-30
600460,2015-06-30,9.04803978,0.05,180.96079559999998,0.3101702715140359,0.689829728485964,,2015-08-18
600460,2015-09-30,5.46019302,0.07,78.00275742857143,0.32978723404255317,0.6702127659574468,,2015-10-31
600460,2015-12-31,8.6755311,0.03,289.18437000000006,0.10256410256410256,0.8974358974358975,,2016-04-08
600460,2016-03-31,5.95033602,0.002,2975.16801,0.035731076633756464,0.9642689233662436,,2016-04-30
600460,2016-06-30,7.78401663,0.02,389.2008315,0.12711496746203904,0.8728850325379609,,2016-08-23
600460,2016-09-30,6.41960514,0.05,128.39210279999998,0.24419568822553897,0.7558043117744611,,2016-10-29
600460,2016-12-31,,0.08,,,,,2017-03-07
600460,2017-03-31,6.21347103,0.03,207.115701,0.4302095689996046,0.5697904310003954,,2017-04-29
600460,2017-06-30,5.97788775,0.07,85.39839642857142,0.3959683225341973,0.6040316774658028,,2017-08-15
600460,2017-09-30,,0.11,,,,,2017-10-31
600460,2017-12-31,,0.14,,,,,2018-03-27
600460,2018-03-31,,0.02,,,,,2018-04-28
600460,2018-06-30,,0.07,,,,,2018-08-08
600460,2018-09-30,,0.12,,,,,2018-10-30
600467,2015-06-30,4.4846249,0.047,95.41755106382979,0.519558214450069,0.480441785549931,,2015-08-28
600467,2015-09-30,2.82084469,0.047,60.017972127659576,0.4139685476410731,0.586031452358927,,2015-10-28
600467,2015-12-31,5.08614102,0.02,254.307051,0.11994784876140809,0.8800521512385919,,2016-04-23
600467,2016-03-31,3.62543197,0.006,604.2386616666666,0.18946873530794547,0.8105312646920545,,2016-04-29
600467,2016-06-30,3.73049055,0.026,143.48040576923077,0.3292841648590022,0.6707158351409979,,2016-08-26
600467,2016-09-30,3.76885035,0.027,139.58705,0.22097844112769485,0.7790215588723052,,2016-10-28
600467,2016-12-31,,0.03,,,,,2017-04-26
600467,2017-03-31,3.90310965,0.007,557.5870928571429,0.17279557137208382,0.8272044286279162,,2017-04-29
600467,2017-06-30,3.27017295,0.0299,109.37033277591974,0.3074154067674586,0.6925845932325414,,2017-08-26
600467,2017-09-30,,0.0304,,,,,2017-10-26
600467,2017-12-31,,0.04,,,,,2018-04-26
600467,2018-03-31,,0.007,,,,,2018-04-28
600467,2018-06-30,,0.0221,,,,,2018-08-27
600467,2018-09-30,,0.0353,,,,,2018-10-24
600468,2015-06-30,10.81367217,0.0569,190.0469625659051,0.29958582604693973,0.7004141739530603,,2015-08-21
600468,2015-09-30,5.81275471,0.0687,84.61069446870452,0.3089731729879741,0.6910268270120259,,2015-10-29
600468,2015-12-31,8.22043204,0.031,265.1752270967742,0.11386353759235116,0.8861364624076489,,2016-03-31
600468,2016-03-31,5.32101329,0.0197,270.10219746192894,0.37799717912552894,0.622002820874471,,2016-04-28
600468,2016-06-30,6.5691658,0.0509,129.06023182711198,0.36355748373101954,0.6364425162689804,,2016-08-29
600468,2016-09-30,6.23954688,0.0734,85.0074506811989,0.35655058043117743,0.6434494195688225,,2016-10-28
600468,2016-12-31,,0.0657,,,,,2017-04-10
600468,2017-03-31,5.72422716,0.0201,284.78742089552236,0.33451957295373663,0.6654804270462633,,2017-04-27
600468,2017-06-30,4.5403865,0.0442,102.72367647058823,0.3308135349172066,0.6691864650827934,,2017-08-29
600468,2017-09-30,,0.0585,,,,,2017-10-30
600468,2017-12-31,,0.0815,,,,,2018-04-12
600468,2018-03-31,,0.0205,,,,,2018-04-28
600468,2018-06-30,,0.035,,,,,2018-08-18
600468,2018-09-30,,0.0416,,,,,2018-10-30
600469,2015-06-30,10.03839568,0.391,25.67364624040921,0.9088817303267372,0.09111826967326275,,2015-08-14
600469,2015-09-30,7.1623509,0.55,13.02245618181818,0.9074930619796485,0.09250693802035148,,2015-10-30
600469,2015-12-31,9.54424899,0.27,35.34907033333333,0.6436332029552368,0.35636679704476315,,2016-04-29
600469,2016-03-31,9.54424899,0.078,122.36216653846154,0.6262341325811002,0.37376586741889983,,2016-04-29
600469,2016-06-30,9.38690592,0.17,55.217093647058825,0.6759219088937093,0.3240780911062907,,2016-08-26
600469,2016-09-30,8.50467792,0.11,77.31525381818183,0.3917910447761194,0.6082089552238805,,2016-10-27
600469,2016-12-31,,0.15,,,,,2017-03-30
600469,2017-03-31,10.53380232,-0.21,,,,,2017-04-29
600469,2017-06-30,6.71494634,-0.2,,,,,2017-08-30
600469,2017-09-30,,-0.36,,,,,2017-10-31
600469,2017-12-31,,-0.85,,,,,2018-04-03
600469,2018-03-31,,-0.18,,,,,2018-04-28
600469,2018-06-30,,-0.16,,,,,2018-08-31
600469,2018-09-30,,0.003,,,,,2018-10-31
600470,2015-06-30,8.97899478,0.105,85.51423600000001,0.5554532903819605,0.44454670961803955,,2015-08-15
600470,2015-09-30,5.95674898,0.273,21.819593333333334,0.786308973172988,0.21369102682701202,,2015-10-24
600470,2015-12-31,11.08481766,0.29,38.2235091724138,0.612342459800087,0.38765754019991305,,2016-03-26
600470,2016-03-31,8.41354234,-0.07,,,,,2016-04-23
600470,2016-06-30,7.40332045,-0.062,,,,,2016-08-20
600470,2016-09-30,7.3540307,-0.119,,,,,2016-10-29
600470,2016-12-31,,-0.24,,,,,2017-04-15
600470,2017-03-31,7.4131784,-0.04,,,,,2017-04-29
600470,2017-06-30,6.2696562,-0.02,,,,,2017-08-19
600470,2017-09-30,,0.03,,,,,2017-10-28
600470,2017-12-31,,0.14,,,,,2018-04-10
600470,2018-03-31,,-0.04,,,,,2018-04-28
600470,2018-06-30,,0.03,,,,,2018-08-18
600470,2018-09-30,,0.07,,,,,2018-10-27
600475,2015-06-30,9.29907495,0.2101,44.26023298429319,0.7749654855039116,0.22503451449608836,,2015-08-28
600475,2015-09-30,6.41567628,0.2808,22.847849999999998,0.772895467160037,0.227104532839963,,2015-10-29
600475,2015-12-31,9.45444033,0.44,21.487364386363637,0.8005215123859192,0.19947848761408082,,2016-04-22
600475,2016-03-31,6.91375941,0.1032,66.99379273255813,0.8091208274565115,0.19087917254348852,,2016-04-22
600475,2016-06-30,6.78581145,0.69,9.834509347826087,0.9835140997830802,0.016485900216919758,,2016-08-26
600475,2016-09-30,9.14308492,0.9164,9.977176909646442,0.9664179104477612,0.03358208955223885,,2016-10-28
600475,2016-12-31,,1.18,,,,,2017-04-25
600475,2017-03-31,8.50648264,0.2681,31.728767773218948,0.9505733491498616,0.04942665085013842,,2017-04-28
600475,2017-06-30,9.19382858,0.4668,19.695433976006857,0.9265658747300216,0.07343412526997839,,2017-08-28
600475,2017-09-30,,0.5753,,,,,2017-10-28
600475,2017-12-31,,0.7225,,,,,2018-04-20
600475,2018-03-31,,0.2682,,,,,2018-04-28
600475,2018-06-30,,0.4706,,,,,2018-08-30
600475,2018-09-30,,0.5837,,,,,2018-10-27
600478,2015-06-30,11.3112367,-0.042,,,,,2015-08-29
600478,2015-09-30,7.58291485,0.003,2527.638283333333,0.009250693802035153,0.9907493061979649,,2015-10-31
600478,2015-12-31,14.5677032,0.01,1456.77032,0.01303780964797914,0.9869621903520208,,2016-04-19
600478,2016-03-31,11.46409125,-0.038,,,,,2016-04-30
600478,2016-06-30,12.03599881,-0.046,,,,,2016-08-30
600478,2016-09-30,10.41059052,-0.086,,,,,2016-10-29
600478,2016-12-31,,-0.15,,,,,2017-03-25
600478,2017-03-31,9.36354837,-0.024,,,,,2017-04-29
600478,2017-06-30,8.58574563,-0.056,,,,,2017-08-30
600478,2017-09-30,,-0.052,,,,,2017-10-20
600478,2017-12-31,,0.016,,,,,2018-03-27
600478,2018-03-31,,-0.007,,,,,2018-04-26
600478,2018-06-30,,-0.032,,,,,2018-08-23
600478,2018-09-30,,0.002,,,,,2018-10-27
600480,2015-06-30,10.63507824,0.29,36.6726835862069,0.8283479061205706,0.17165209387942937,,2015-08-18
600480,2015-09-30,6.02172936,0.35,17.20494102857143,0.849213691026827,0.15078630897317302,,2015-10-30
600480,2015-12-31,7.63324164,0.37,20.63038281081081,0.8135593220338984,0.18644067796610164,,2016-04-19
600480,2016-03-31,5.76894312,0.14,41.20673657142857,0.9139633286318759,0.0860366713681241,,2016-04-26
600480,2016-06-30,6.3647964,0.33,19.28726181818182,0.9318872017353579,0.06811279826464212,,2016-08-23
600480,2016-09-30,6.82070911,0.42,16.239783595238094,0.9075456053067993,0.09245439469320071,,2016-10-28
600480,2016-12-31,,0.47,,,,,2017-03-28
600480,2017-03-31,8.46567693,0.21,40.31274728571429,0.9173586397785686,0.08264136022143143,,2017-04-26
600480,2017-06-30,9.64757832,0.52,18.55303523076923,0.9352051835853131,0.06479481641468687,,2017-08-29
600480,2017-09-30,,0.64,,,,,2017-10-27
600480,2017-12-31,,0.73,,,,,2018-04-24
600480,2018-03-31,,0.15,,,,,2018-04-24
600480,2018-06-30,,0.39,,,,,2018-08-28
600480,2018-09-30,,0.49,,,,,2018-10-26
600481,2015-06-30,9.9321608,0.115,86.3666156521739,0.5503911642890014,0.44960883571099863,,2015-07-31
600481,2015-09-30,6.8163238,0.1305,52.232366283524904,0.4648473635522664,0.5351526364477336,,2015-10-28
600481,2015-12-31,7.53120654,0.2151,35.01258270571827,0.6479791395045632,0.3520208604954368,,2016-04-22
600481,2016-03-31,5.22030652,0.0228,228.96081228070176,0.4231311706629055,0.5768688293370945,,2016-04-30
600481,2016-06-30,4.84523643,0.0378,128.18085793650792,0.3644251626898048,0.6355748373101953,,2016-08-06
600481,2016-09-30,5.09891373,0.0808,63.10536794554455,0.46766169154228854,0.5323383084577115,,2016-10-22
600481,2016-12-31,,0.0996,,,,,2017-04-22
600481,2017-03-31,7.06068485,-0.0074,,,,,2017-04-29
600481,2017-06-30,4.49008821,0.0084,534.5343107142858,0.05183585313174946,0.9481641468682506,,2017-08-26
600481,2017-09-30,,0.0137,,,,,2017-10-28
600481,2017-12-31,,0.0592,,,,,2018-04-25
600481,2018-03-31,,-0.0139,,,,,2018-04-28
600481,2018-06-30,,0.0331,,,,,2018-08-28
600481,2018-09-30,,0.0928,,,,,2018-10-19
600482,2015-06-30,40.03918308,0.36,111.219953,0.4620340543028072,0.5379659456971928,,2015-08-06
600482,2015-09-30,40.03918308,0.94,42.59487561702128,0.5411655874190564,0.4588344125809436,,2015-10-27
600482,2015-12-31,44.4512403,0.73,60.89211,0.44198174706649285,0.5580182529335072,,2016-04-22
600482,2016-03-31,31.0828014,0.17,182.8400082352941,0.49553361542078045,0.5044663845792196,,2016-04-22
600482,2016-06-30,30.95998182,0.35,88.45709091428571,0.4945770065075922,0.5054229934924078,,2016-08-31
600482,2016-09-30,31.05445842,0.55,56.46265167272727,0.5087064676616916,0.4912935323383084,,2016-10-31
600482,2016-12-31,,0.71,,,,,2017-02-28
600482,2017-03-31,30.54428478,0.13,234.95603676923076,0.3934361407671016,0.6065638592328984,,2017-04-28
600482,2017-06-30,24.07671225,0.32,75.23972578125,0.4560835133189345,0.5439164866810655,,2017-08-12
600482,2017-09-30,,0.47,,,,,2017-10-24
600482,2017-12-31,,0.67,,,,,2018-04-26
600482,2018-03-31,,0.1,,,,,2018-04-26
600482,2018-06-30,,0.47,,,,,2018-08-28
600482,2018-09-30,,0.57,,,,,2018-10-30
600483,2015-06-30,10.17809438,0.3,33.926981266666665,0.8476760239300506,0.1523239760699494,,2015-07-31
600483,2015-09-30,7.88314638,0.55,14.332993418181818,0.8922294172062905,0.10777058279370955,,2015-10-30
600483,2015-12-31,9.86253903,0.85,11.602987094117648,0.9282920469361148,0.07170795306388522,,2016-03-31
600483,2016-03-31,6.95369244,0.1,69.5369244,0.8011283497884344,0.1988716502115656,,2016-04-28
600483,2016-06-30,6.6315099,0.28,23.683963928571426,0.897180043383948,0.10281995661605203,,2016-08-18
600483,2016-09-30,6.6607236,0.46,14.479833913043477,0.9241293532338308,0.07587064676616917,,2016-10-26
600483,2016-12-31,,0.66,,,,,2017-03-30
600483,2017-03-31,6.54971154,0.13,50.382396461538455,0.878212732305259,0.12178726769474102,,2017-04-28
600483,2017-06-30,6.05892138,0.19,31.889059894736842,0.8232541396688265,0.17674586033117345,,2017-08-30
600483,2017-09-30,,0.32,,,,,2017-10-27
600483,2017-12-31,,0.54,,,,,2018-03-16
600483,2018-03-31,,0.14,,,,,2018-04-28
600483,2018-06-30,,0.26,,,,,2018-08-28
600483,2018-09-30,,0.48,,,,,2018-10-26
600486,2015-06-30,20.11598624,0.809,24.865248751545117,0.9139438564196962,0.08605614358030378,,2015-08-25
600486,2015-09-30,16.550387,1.031,16.052751697381186,0.8686401480111008,0.1313598519888992,,2015-10-27
600486,2015-12-31,19.81993284,1.468,13.501316648501362,0.9065623641894829,0.09343763581051712,,2016-03-15
600486,2016-03-31,16.32746342,0.307,53.18391993485342,0.8622472966619652,0.1377527033380348,,2016-04-26
600486,2016-06-30,18.8271976,0.686,27.4448944606414,0.8646420824295011,0.13535791757049886,,2016-08-25
600486,2016-09-30,21.56882236,0.95,22.704023536842104,0.8258706467661692,0.17412935323383083,,2016-10-28
600486,2016-12-31,,1.417,,,,,2017-04-11
600486,2017-03-31,25.14186716,0.419,60.00445622911695,0.841439304072756,0.15856069592724398,,2017-04-20
600486,2017-06-30,29.00350404,0.817,35.50000494492044,0.7854571634269258,0.21454283657307416,,2017-08-22
600486,2017-09-30,,1.313,,,,,2017-10-24
600486,2017-12-31,,1.855,,,,,2018-04-24
600486,2018-03-31,,0.885,,,,,2018-04-24
600486,2018-06-30,,1.816,,,,,2018-08-21
600486,2018-09-30,,3.009,,,,,2018-10-23
600489,2015-06-30,10.51729965,0.02,525.8649825,0.1145881270133456,0.8854118729866544,,2015-08-20
600489,2015-09-30,7.1560125,0.03,238.53375000000003,0.10129509713228492,0.8987049028677151,,2015-10-30
600489,2015-12-31,8.1210519,0.03,270.70173,0.11169056931768796,0.888309430682312,,2016-04-29
600489,2016-03-31,8.7671376,0.02,438.35688,0.25811001410437234,0.7418899858956276,,2016-04-29
600489,2016-06-30,9.81327308,0.06,163.55455133333334,0.29457700650759217,0.7054229934924079,,2016-08-30
600489,2016-09-30,10.59030271,0.118,89.74832805084746,0.33623548922056384,0.6637645107794361,,2016-10-28
600489,2016-12-31,,0.11,,,,,2017-04-27
600489,2017-03-31,10.23234524,0.03,341.0781746666667,0.27876631079478054,0.7212336892052195,,2017-04-27
600489,2017-06-30,8.75686201,0.06,145.9477001666667,0.22138228941684665,0.7786177105831533,,2017-08-25
600489,2017-09-30,,0.09,,,,,2017-10-31
600489,2017-12-31,,0.08,,,,,2018-04-27
600489,2018-03-31,,0.02,,,,,2018-04-27
600489,2018-06-30,,0.04,,,,,2018-08-29
600489,2018-09-30,,0.06,,,,,2018-10-30
600490,2015-06-30,12.28869992,0.0303,405.56765412541256,0.15370455591348367,0.8462954440865164,,2015-08-25
600490,2015-09-30,6.51912572,0.0251,259.72612430278883,0.09343200740055504,0.906567992599445,,2016-02-04
600490,2015-12-31,6.51912572,0.01,651.912572,0.04041720990873533,0.9595827900912647,,2016-04-23
600490,2016-03-31,8.54094232,0.0198,431.36072323232315,0.26046074283027737,0.7395392571697226,,2016-04-23
600490,2016-06-30,7.88015348,0.0115,685.2307373913044,0.07114967462039046,0.9288503253796095,,2016-08-20
600490,2016-09-30,7.7420782,0.0272,284.6352279411765,0.1044776119402985,0.8955223880597015,,2016-10-26
600490,2016-12-31,,0.03,,,,,2017-04-08
600490,2017-03-31,7.80125332,0.0482,161.8517286307054,0.5116646896006327,0.4883353103993673,,2017-04-26
600490,2017-06-30,7.80125332,0.0585,133.3547576068376,0.2451403887688985,0.7548596112311015,,2017-08-18
600490,2017-09-30,,0.1209,,,,,2017-10-14
600490,2017-12-31,,0.15,,,,,2018-03-15
600490,2018-03-31,,0.0438,,,,,2018-04-27
600490,2018-06-30,,0.0902,,,,,2018-08-30
600490,2018-09-30,,0.1498,,,,,2018-10-26
600495,2015-06-30,10.9961795,0.02,549.808975,0.10860561435803037,0.8913943856419696,,2015-08-25
600495,2015-09-30,9.07420305,0.04,226.85507625,0.10823311748381129,0.8917668825161887,,2015-10-27
600495,2015-12-31,10.16116641,0.08,127.014580125,0.22729248152976966,0.7727075184702303,,2016-03-18
600495,2016-03-31,7.36611777,0.003,2455.37259,0.04184297132110954,0.9581570286788904,,2016-04-23
600495,2016-06-30,7.14480755,0.01,714.480755,0.0685466377440347,0.9314533622559653,,2016-08-26
600495,2016-09-30,6.89137645,0.005,1378.27529,0.019485903814262025,0.9805140961857379,,2016-10-29
600495,2016-12-31,,0.02,,,,,2017-03-10
600495,2017-03-31,8.2462581,-0.01,,,,,2017-04-26
600495,2017-06-30,6.87188175,0.01,687.188175,0.0435565154787617,0.9564434845212383,,2017-08-29
600495,2017-09-30,,0.02,,,,,2017-10-28
600495,2017-12-31,,0.01,,,,,2018-03-29
600495,2018-03-31,,-0.01,,,,,2018-04-28
600495,2018-06-30,,0.02,,,,,2018-08-22
600495,2018-09-30,,0.03,,,,,2018-10-30
600496,2015-06-30,6.28319354,0.085,73.919924,0.601932811780948,0.39806718821905196,,2015-08-20
600496,2015-09-30,4.28907466,0.1603,26.75654809731753,0.7123034227567068,0.28769657724329323,,2015-10-23
600496,2015-12-31,5.16579934,0.1268,40.73974242902209,0.5875706214689266,0.4124293785310734,,2016-04-16
600496,2016-03-31,4.30626534,0.0223,193.106069058296,0.47390691114245415,0.5260930888575459,,2016-04-28
600496,2016-06-30,3.67943442,0.0627,58.683164593301434,0.6555314533622559,0.34446854663774407,,2016-08-27
600496,2016-09-30,3.84354065,0.0902,42.61131541019955,0.6214759535655058,0.3785240464344942,,2016-10-27
600496,2016-12-31,,0.0725,,,,,2017-04-18
600496,2017-03-31,3.86945216,0.0144,268.71195555555556,0.35508105970739423,0.6449189402926058,,2017-04-29
600496,2017-06-30,4.17175311,0.0368,113.36285625000001,0.296976241900648,0.703023758099352,,2017-08-29
600496,2017-09-30,,0.0415,,,,,2017-10-31
600496,2017-12-31,,0.04,,,,,2018-04-28
600496,2018-03-31,,0.0168,,,,,2018-04-28
600496,2018-06-30,,0.0716,,,,,2018-08-25
600496,2018-09-30,,0.0811,,,,,2018-10-26
600497,2015-06-30,5.97660383,0.0391,152.8543179028133,0.3561895996318454,0.6438104003681546,,2015-08-18
600497,2015-09-30,3.52789899,0.04,88.19747475,0.29833487511563367,0.7016651248843664,,2015-10-29
600497,2015-12-31,4.59834768,0.0148,310.69916756756754,0.09517601043024772,0.9048239895697523,,2016-04-26
600497,2016-03-31,4.65249489,-0.0163,,,,,2016-04-26
600497,2016-06-30,4.15267449,0.009,461.40827666666667,0.10845986984815618,0.8915401301518439,,2016-08-16
600497,2016-09-30,4.62898406,0.043,107.65079209302326,0.28524046434494194,0.714759535655058,,2016-10-29
600497,2016-12-31,,-0.4111,,,,,2017-04-25
600497,2017-03-31,5.85553882,0.0677,86.49244933530281,0.7330960854092526,0.26690391459074736,,2017-04-25
600497,2017-06-30,5.5026943,0.1264,43.53397389240506,0.703023758099352,0.296976241900648,,2017-08-22
600497,2017-09-30,,0.1993,,,,,2017-10-31
600497,2017-12-31,,0.264,,,,,2018-03-20
600497,2018-03-31,,0.0795,,,,,2018-04-27
600497,2018-06-30,,0.1437,,,,,2018-08-21
600497,2018-09-30,,0.1643,,,,,2018-10-20
600498,2015-06-30,23.99562144,0.33,72.71400436363636,0.6074551311550851,0.3925448688449149,,2015-08-22
600498,2015-09-30,19.28899728,0.44,43.83863018181818,0.528677150786309,0.47132284921369105,,2015-10-29
600498,2015-12-31,25.85469264,0.64,40.39795725,0.5919165580182529,0.40808344198174706,,2016-04-09
600498,2016-03-31,22.81669824,0.11,207.42452945454545,0.4532204983544899,0.5467795016455101,,2016-04-28
600498,2016-06-30,22.01865792,0.37,59.50988627027027,0.648590021691974,0.351409978308026,,2016-07-23
600498,2016-09-30,26.1916272,0.51,51.35613176470588,0.5472636815920398,0.45273631840796025,,2016-10-29
600498,2016-12-31,,0.73,,,,,2017-04-08
600498,2017-03-31,22.6467576,0.13,174.20582769230768,0.490707789640174,0.5092922103598261,,2017-04-29
600498,2017-06-30,23.280426,0.43,54.140525581395345,0.6007919366450684,0.39920806335493164,,2017-07-29
600498,2017-09-30,,0.57,,,,,2017-10-25
600498,2017-12-31,,0.78,,,,,2018-04-14
600498,2018-03-31,,0.13,,,,,2018-04-21
600498,2018-06-30,,0.42,,,,,2018-08-18
600498,2018-09-30,,0.56,,,,,2018-10-20
600499,2015-06-30,12.31654632,0.386,31.908151088082903,0.8628624022089277,0.13713759779107226,,2015-08-15
600499,2015-09-30,12.31654632,0.431,28.576673596287705,0.6924144310823311,0.30758556891766886,,2016-10-20
600499,2015-12-31,9.40362494,0.385,24.424999844155845,0.7661886136462408,0.2338113863537592,,2016-04-29
600499,2016-03-31,6.5239466,0.096,67.95777708333334,0.8039492242595204,0.19605077574047958,,2016-04-29
600499,2016-06-30,7.02674758,0.191,36.789254345549736,0.7943600867678958,0.20563991323210418,,2016-08-20
600499,2016-09-30,6.66094968,0.255,26.121371294117647,0.7868988391376451,0.21310116086235487,,2016-10-20
600499,2016-12-31,,0.215,,,,,2017-04-22
600499,2017-03-31,6.61048794,0.125,52.88390352,0.8695136417556346,0.13048635824436539,,2017-04-22
600499,2017-06-30,6.74938112,0.197,34.260817868020304,0.7955363570914327,0.20446364290856733,,2017-08-19
600499,2017-09-30,,0.287,,,,,2017-10-31
600499,2017-12-31,,0.336,,,,,2018-03-31
600499,2018-03-31,,0.113,,,,,2018-04-28
600499,2018-06-30,,0.178,,,,,2018-08-29
600499,2018-09-30,,0.2,,,,,2018-10-30
600500,2015-06-30,11.61876372,0.17,68.34566894117647,0.6336861481822366,0.36631385181776344,,2015-08-31
600500,2015-09-30,6.90084325,0.2,34.50421625,0.6197964847363552,0.3802035152636448,,2015-10-31
600500,2015-12-31,8.62437093,0.23,37.49726491304347,0.6188613646240765,0.3811386353759235,,2016-04-12
600500,2016-03-31,7.11628421,0.03,237.20947366666667,0.4146685472496474,0.5853314527503526,,2016-04-30
600500,2016-06-30,6.08620712,0.07,86.945816,0.5019522776572668,0.4980477223427332,,2016-08-31
600500,2016-09-30,6.543024,0.09,72.70026666666666,0.41252072968490877,0.5874792703150913,,2016-10-31
600500,2016-12-31,,0.09,,,,,2017-04-29
600500,2017-03-31,7.5108463,0.16,46.942789375,0.8928430209568999,0.10715697904310006,,2017-04-29
600500,2017-06-30,6.57768152,0.24,27.40700633333333,0.8614110871130309,0.13858891288696906,,2017-08-31
600500,2017-09-30,,0.3,,,,,2017-10-31
600500,2017-12-31,,0.31,,,,,2018-04-28
600500,2018-03-31,,0.15,,,,,2018-04-28
600500,2018-06-30,,0.31,,,,,2018-08-31
600500,2018-09-30,,0.37,,,,,2018-10-31
600501,2015-06-30,29.91905176,0.07,427.4150251428571,0.1412793373216751,0.8587206626783249,,2015-08-28
600501,2015-09-30,16.14993908,0.05,322.9987816,0.07724329324699353,0.9227567067530065,,2015-10-30
600501,2015-12-31,26.1890904,0.05,523.781808,0.05171664493698392,0.9482833550630161,,2016-04-16
600501,2016-03-31,20.72310979,-0.04,,,,,2016-04-16
600501,2016-06-30,18.2530024,-0.01,,,,,2016-08-20
600501,2016-09-30,16.9718526,-0.02,,,,,2016-10-29
600501,2016-12-31,,0.03,,,,,2017-04-27
600501,2017-03-31,18.87746412,0.0,,,,,2017-04-27
600501,2017-06-30,14.8477121,-0.02,,,,,2017-08-16
600501,2017-09-30,,-0.01,,,,,2017-10-28
600501,2017-12-31,,0.03,,,,,2018-04-11
600501,2018-03-31,,0.0,,,,,2018-04-28
600501,2018-06-30,,-0.02,,,,,2018-08-25
600501,2018-09-30,,-0.16,,,,,2018-10-30
600503,2015-06-30,17.2756248,0.0074,2334.5438918918917,0.027151403589507593,0.9728485964104924,,2015-08-11
600503,2015-09-30,8.86616836,0.0103,860.7930446601941,0.025901942645698426,0.9740980573543015,,2015-10-31
600503,2015-12-31,13.6020724,0.0133,1022.7122105263159,0.023902651021295088,0.9760973489787049,,2016-04-29
600503,2016-03-31,9.91859148,0.0063,1574.3796,0.07099200752233192,0.9290079924776681,,2016-04-29
600503,2016-06-30,9.10445284,0.0523,174.08131625239008,0.28329718004338394,0.7167028199566161,,2016-08-27
600503,2016-09-30,9.75973516,0.0749,130.3035401869159,0.2392205638474295,0.7607794361525705,,2016-10-29
600503,2016-12-31,,0.0658,,,,,2017-04-28
600503,2017-03-31,7.5456752,0.0541,139.47643622920518,0.5595096876235667,0.4404903123764333,,2017-04-28
600503,2017-06-30,6.86060732,0.0395,173.68626126582276,0.18214542836573075,0.8178545716342692,,2017-08-26
600503,2017-09-30,,0.0702,,,,,2017-10-28
600503,2017-12-31,,0.1406,,,,,2018-04-27
600503,2018-03-31,,0.006,,,,,2018-04-28
600503,2018-06-30,,0.0071,,,,,2018-08-29
600503,2018-09-30,,0.0225,,,,,2018-10-30
600505,2015-06-30,11.8194021,0.0006,19699.003500000003,0.002300966405890474,0.9976990335941095,,2015-08-05
600505,2015-09-30,7.61054184,0.1326,57.39473484162896,0.4324699352451434,0.5675300647548567,,2015-10-28
600505,2015-12-31,10.54136919,0.1789,58.92324868641699,0.4624076488483268,0.5375923511516731,,2016-03-31
600505,2016-03-31,8.37928344,0.0139,602.8261467625899,0.19040902679830748,0.8095909732016925,,2016-04-26
600505,2016-06-30,8.60122596,0.0068,1264.8861705882355,0.029934924078091105,0.9700650759219089,,2016-08-24
600505,2016-09-30,9.57513159,0.1211,79.06797349298101,0.3851575456053068,0.6148424543946932,,2016-10-26
600505,2016-12-31,,0.1537,,,,,2017-04-13
600505,2017-03-31,10.57796511,0.0283,373.7796858657244,0.25662317121391853,0.7433768287860815,,2017-04-27
600505,2017-06-30,8.10030186,0.0233,347.6524403433476,0.08783297336213103,0.912167026637869,,2017-08-30
600505,2017-09-30,,0.1445,,,,,2017-10-26
600505,2017-12-31,,0.1131,,,,,2018-04-12
600505,2018-03-31,,0.0041,,,,,2018-04-26
600505,2018-06-30,,0.0119,,,,,2018-08-02
600505,2018-09-30,,0.1314,,,,,2018-10-24
600506,2015-06-30,15.6156763,-0.012,,,,,2015-08-18
600506,2015-09-30,11.5523744,-0.0291,,,,,2015-10-20
600506,2015-12-31,17.9968173,0.042,428.49564999999996,0.06692742285962625,0.9330725771403737,,2017-03-11
600506,2016-03-31,17.1672585,-0.008,,,,,2016-04-21
600506,2016-06-30,16.8753767,-0.024,,,,,2016-08-18
600506,2016-09-30,20.8388243,-0.031,,,,,2016-10-22
600506,2016-12-31,,-0.04,,,,,2017-03-11
600506,2017-03-31,17.052042,0.001,17052.042,0.00276789244760775,0.9972321075523922,,2017-04-29
600506,2017-06-30,12.673815,-0.001,,,,,2017-08-19
600506,2017-09-30,,-0.001,,,,,2017-10-21
600506,2017-12-31,,0.034,,,,,2018-04-11
600506,2018-03-31,,-0.007,,,,,2018-04-28
600506,2018-06-30,,-0.02,,,,,2018-08-22
600506,2018-09-30,,-0.029,,,,,2018-10-27
600507,2015-06-30,3.28202624,0.11,29.836602181818183,0.878508973768983,0.12149102623101704,,2015-08-12
600507,2015-09-30,1.89878288,0.121,15.692420495867768,0.8723404255319149,0.12765957446808507,,2015-10-24
600507,2015-12-31,2.2146416,0.08,27.683020000000003,0.7235984354628422,0.2764015645371578,,2016-04-15
600507,2016-03-31,1.82617168,0.05,36.5234336,0.9294781382228491,0.07052186177715092,,2016-04-23
600507,2016-06-30,1.7426688,0.2,8.713344,0.9874186550976138,0.01258134490238616,,2016-08-13
600507,2016-09-30,2.24149665,0.349,6.4226265042979955,0.9888059701492538,0.011194029850746245,,2016-10-25
600507,2016-12-31,,0.5,,,,,2017-04-22
600507,2017-03-31,2.64970417,0.215,12.324205441860466,0.9936733886911823,0.006326611308817731,,2017-04-22
600507,2017-06-30,3.21918788,0.53,6.0739393962264145,0.9978401727861771,0.002159827213822907,,2017-08-19
600507,2017-09-30,,1.16,,,,,2017-10-24
600507,2017-12-31,,1.92,,,,,2018-02-09
600507,2018-03-31,,0.42,,,,,2018-04-21
600507,2018-06-30,,0.96,,,,,2018-08-18
600507,2018-09-30,,1.66,,,,,2018-10-25
600508,2015-06-30,8.62310735,0.02,431.15536749999995,0.13989875747814082,0.8601012425218592,,2015-08-22
600508,2015-09-30,5.3503832,0.02,267.51916,0.09111933395004625,0.9088806660499538,,2015-10-28
600508,2015-12-31,5.64092655,0.02,282.04632749999996,0.10604085180356367,0.8939591481964363,,2016-03-23
600508,2016-03-31,5.08176765,0.01,508.176765,0.22190879172543487,0.7780912082745651,,2016-04-28
600508,2016-06-30,5.08176765,0.4,12.704419125,0.9674620390455532,0.03253796095444683,,2016-08-25
600508,2016-09-30,5.7779753,0.41,14.092622682926828,0.9307628524046434,0.0692371475953566,,2016-10-29
600508,2016-12-31,,0.62,,,,,2017-03-23
600508,2017-03-31,6.2603869,0.23,27.21907347826087,0.9612495057334915,0.03875049426650845,,2017-04-28
600508,2017-06-30,6.45466533,0.52,12.412817942307692,0.9748020158387329,0.025197984161267062,,2017-08-24
600508,2017-09-30,,0.86,,,,,2017-10-28
600508,2017-12-31,,0.72,,,,,2018-03-21
600508,2018-03-31,,0.47,,,,,2018-04-28
600508,2018-06-30,,0.83,,,,,2018-08-22
600508,2018-09-30,,1.05,,,,,2018-10-24
600509,2015-06-30,12.52085079,0.224,55.8966553125,0.6971928209848136,0.3028071790151864,,2015-08-29
600509,2015-09-30,7.5435503,0.328,22.99862896341463,0.7701202590194265,0.2298797409805735,,2015-10-31
600509,2015-12-31,8.83081485,0.35,25.230899571428573,0.7540199913081269,0.2459800086918731,,2016-04-23
600509,2016-03-31,6.88641525,0.09,76.515725,0.769158439116126,0.23084156088387398,,2016-04-23
600509,2016-06-30,6.61635975,0.14,47.25971249999999,0.723644251626898,0.27635574837310195,,2016-08-27
600509,2016-09-30,6.77314723,0.302,22.427639834437088,0.8333333333333334,0.16666666666666663,,2016-10-29
600509,2016-12-31,,0.35,,,,,2017-04-27
600509,2017-03-31,8.4086821,0.15,56.05788066666667,0.8612099644128114,0.1387900355871886,,2017-04-27
600509,2017-06-30,7.03187591,0.17,41.36397594117647,0.7264218862491001,0.2735781137508999,,2017-08-24
600509,2017-09-30,,0.318,,,,,2017-10-25
600509,2017-12-31,,0.19,,,,,2018-04-28
600509,2018-03-31,,0.06,,,,,2018-04-28
600509,2018-06-30,,0.01,,,,,2018-08-30
600509,2018-09-30,,0.056,,,,,2018-10-27
600510,2015-06-30,12.07507216,0.17,71.02983623529411,0.6180395766221813,0.38196042337781866,,2015-08-18
600510,2015-09-30,6.73325189,0.2,33.66625945,0.6281221091581869,0.3718778908418131,,2015-10-30
600510,2015-12-31,9.45169431,0.34,27.799100911764704,0.7231638418079096,0.2768361581920904,,2016-04-19
600510,2016-03-31,6.57611649,0.06,109.60194150000001,0.6643159379407616,0.3356840620592384,,2016-04-28
600510,2016-06-30,6.85110344,0.17,40.30060847058823,0.7683297180043384,0.23167028199566164,,2016-08-23
600510,2016-09-30,7.67355864,0.25,30.69423456,0.7412935323383084,0.2587064676616916,,2016-10-25
600510,2016-12-31,,0.35,,,,,2017-04-18
600510,2017-03-31,7.30890606,0.07,104.4129437142857,0.66429418742586,0.33570581257414,,2017-04-25
600510,2017-06-30,6.07225818,0.13,46.70967830769231,0.6727861771058316,0.32721382289416845,,2017-08-22
600510,2017-09-30,,0.21,,,,,2017-10-24
600510,2017-12-31,,0.47,,,,,2018-04-17
600510,2018-03-31,,0.05,,,,,2018-04-17
600510,2018-06-30,,0.09,,,,,2018-08-21
600510,2018-09-30,,0.11,,,,,2018-10-30
600511,2015-06-30,41.11561972,0.544,75.58018330882352,0.5922687528762081,0.40773124712379194,,2015-08-18
600511,2015-09-30,23.93175484,0.8173,29.281481512296587,0.6836262719703978,0.3163737280296022,,2015-10-20
600511,2015-12-31,30.94074816,1.0711,28.88689026234712,0.7114298131247284,0.2885701868752716,,2016-03-25
600511,2016-03-31,22.45488896,0.2564,87.57757004680187,0.7291960507757405,0.27080394922425954,,2016-04-29
600511,2016-06-30,22.45489608,0.721,31.14409997226075,0.8308026030368764,0.16919739696312364,,2016-08-17
600511,2016-09-30,25.40302248,1.1046,22.997485497012494,0.822139303482587,0.177860696517413,,2016-10-26
600511,2016-12-31,,1.43,,,,,2017-03-24
600511,2017-03-31,27.46671096,0.3171,86.61845146641438,0.7315144325820483,0.2684855674179517,,2017-04-25
600511,2017-06-30,29.8483512,0.7851,38.01853419946504,0.7595392368610511,0.24046076313894893,,2017-08-23
600511,2017-09-30,,1.1512,,,,,2017-10-26
600511,2017-12-31,,1.5504,,,,,2018-03-23
600511,2018-03-31,,0.3323,,,,,2018-04-27
600511,2018-06-30,,0.8292,,,,,2018-08-24
600511,2018-09-30,,1.2393,,,,,2018-10-26
600512,2015-06-30,6.13676236,0.02,306.83811799999995,0.19052001840773125,0.8094799815922687,,2015-08-29
600512,2015-09-30,4.0421788,0.02,202.10894000000002,0.12904717853839037,0.8709528214616096,,2015-10-29
600512,2015-12-31,5.04353673,-0.03,,,,,2016-04-29
600512,2016-03-31,3.82169632,0.001,3821.69632,0.025858015984955338,0.9741419840150447,,2016-04-29
600512,2016-06-30,3.7665757,0.04,94.1643925,0.47288503253796094,0.527114967462039,,2016-08-10
600512,2016-09-30,4.79549394,0.05,95.9098788,0.31716417910447764,0.6828358208955223,,2016-10-28
600512,2016-12-31,,0.07,,,,,2017-03-25
600512,2017-03-31,4.81386748,0.02,240.69337399999998,0.3859232898378806,0.6140767101621194,,2017-04-28
600512,2017-06-30,4.55669547,0.09,50.62994966666667,0.6375089992800576,0.36249100071994245,,2017-08-30
600512,2017-09-30,,0.15,,,,,2017-10-28
600512,2017-12-31,,0.17,,,,,2018-04-12
600512,2018-03-31,,-0.06,,,,,2018-04-28
600512,2018-06-30,,0.0,,,,,2018-08-25
600512,2018-09-30,,0.01,,,,,2018-10-30
600513,2015-06-30,15.03030708,0.14,107.35933628571428,0.47491946617579384,0.5250805338242062,,2015-08-28
600513,2015-09-30,8.56823238,0.17,50.40136694117646,0.47641073080481033,0.5235892691951897,,2015-10-29
600513,2015-12-31,13.86021948,0.23,60.26182382608695,0.44589308996088656,0.5541069100391134,,2016-04-22
600513,2016-03-31,10.6637529,0.06,177.729215,0.5058768218147626,0.49412317818523743,,2016-04-22
600513,2016-06-30,10.2382665,0.1,102.38266499999999,0.44468546637744033,0.5553145336225597,,2016-08-25
600513,2016-09-30,10.98648144,0.16,68.665509,0.4324212271973466,0.5675787728026533,,2016-10-28
600513,2016-12-31,,0.22,,,,,2017-03-17
600513,2017-03-31,10.78534005,0.05,215.70680099999998,0.4183471727955714,0.5816528272044286,,2017-04-20
600513,2017-06-30,9.26902598,0.12,77.24188316666667,0.4445644348452124,0.5554355651547875,,2017-08-25
600513,2017-09-30,,0.18,,,,,2017-10-28
600513,2017-12-31,,0.25,,,,,2018-04-13
600513,2018-03-31,,0.06,,,,,2018-04-25
600513,2018-06-30,,0.14,,,,,2018-08-17
600513,2018-09-30,,0.2,,,,,2018-10-27
600515,2015-06-30,11.02909563,0.042,262.597515,0.21951219512195122,0.7804878048780488,,2015-08-28
600515,2015-09-30,11.02909563,0.1,110.2909563,0.23404255319148937,0.7659574468085106,,2015-10-27
600515,2015-12-31,11.32022584,1.16,9.758815379310347,0.9552368535419383,0.044763146458061676,,2016-03-28
600515,2016-03-31,9.36356001,0.043,217.75720953488374,0.4381758345086977,0.5618241654913023,,2016-04-29
600515,2016-06-30,8.7339063,0.1335,65.42251910112358,0.613882863340564,0.38611713665943603,,2016-08-06
600515,2016-09-30,8.46985797,0.7604,11.138687493424513,0.9577114427860697,0.04228855721393032,,2016-10-25
600515,2016-12-31,,0.6297,,,,,2017-04-15
600515,2017-03-31,8.02977742,0.006,1338.2962366666666,0.060498220640569395,0.9395017793594306,,2017-04-28
600515,2017-06-30,6.95327269,0.2708,25.67678245937962,0.8794096472282218,0.12059035277177821,,2017-08-31
600515,2017-09-30,,0.3839,,,,,2017-10-31
600515,2017-12-31,,0.5284,,,,,2018-04-28
600515,2018-03-31,,0.148,,,,,2018-04-28
600515,2018-06-30,,0.2142,,,,,2018-08-24
600515,2018-09-30,,0.3159,,,,,2018-10-31
600516,2015-06-30,4.95987186,0.0173,286.69779537572254,0.2043258168430741,0.7956741831569258,,2015-08-22
600516,2015-09-30,3.36071922,0.0087,386.2895655172414,0.0633672525439408,0.9366327474560592,,2015-10-30
600516,2015-12-31,5.20973946,0.02,260.486973,0.11820947414167753,0.8817905258583225,,2016-04-15
600516,2016-03-31,4.25607812,0.0064,665.01220625,0.1767748001880583,0.8232251998119418,,2016-04-26
600516,2016-06-30,3.80631644,0.0087,437.5076367816092,0.11453362255965292,0.8854663774403471,,2016-08-27
600516,2016-09-30,4.40183422,0.0458,96.10991746724889,0.31592039800995025,0.6840796019900497,,2016-10-22
600516,2016-12-31,,0.04,,,,,2017-04-18
600516,2017-03-31,3.68971156,0.0428,86.20821401869159,0.7354685646500593,0.2645314353499407,,2017-04-26
600516,2017-06-30,5.9332239,0.2396,24.763037979966608,0.8873290136789057,0.11267098632109429,,2017-08-22
600516,2017-09-30,,1.164,,,,,2017-10-28
600516,2017-12-31,,2.11,,,,,2018-02-13
600516,2018-03-31,,1.0591,,,,,2018-04-28
600516,2018-06-30,,1.7702,,,,,2018-08-24
600516,2018-09-30,,2.5295,,,,,2018-10-27
600517,2015-06-30,13.3800301,0.05,267.600602,0.21583064887252645,0.7841693511274735,,2016-08-18
600517,2015-09-30,8.47752962,0.1,84.7752962,0.3071230342275671,0.692876965772433,,2015-10-23
600517,2015-12-31,10.91816124,0.32,34.119253875,0.6579747935680139,0.3420252064319861,,2016-04-08
600517,2016-03-31,8.13256402,0.06,135.54273366666666,0.5952045133991537,0.4047954866008463,,2016-04-29
600517,2016-06-30,8.2913886,0.15,55.275923999999996,0.6754880694143167,0.3245119305856833,,2016-08-18
600517,2016-09-30,9.3899322,0.2,46.949661,0.5816749585406302,0.4183250414593698,,2016-10-26
600517,2016-12-31,,0.35,,,,,2017-04-28
600517,2017-03-31,8.3175444,0.03,277.25147999999996,0.34400948991696323,0.6559905100830368,,2017-04-28
600517,2017-06-30,6.72990411,0.05,134.5980822,0.24190064794816415,0.7580993520518359,,2017-08-18
600517,2017-09-30,,0.06,,,,,2017-10-26
600517,2017-12-31,,0.18,,,,,2018-04-27
600517,2018-03-31,,-0.05,,,,,2018-04-27
600517,2018-06-30,,-0.06,,,,,2018-08-22
600517,2018-09-30,,-0.11,,,,,2018-10-26
600518,2015-06-30,16.0257924,0.326,49.15887239263804,0.7367694431661298,0.2632305568338702,,2015-08-28
600518,2015-09-30,12.2204576,0.479,25.5124375782881,0.7294172062904718,0.2705827937095282,,2015-10-29
600518,2015-12-31,15.320766,0.623,24.59191974317817,0.7640156453715776,0.23598435462842238,,2016-04-25
600518,2016-03-31,14.0914892,0.225,62.62884088888889,0.8236953455571228,0.17630465444287724,,2016-04-28
600518,2016-06-30,13.91097162,0.401,34.690702294264334,0.8052060737527115,0.19479392624728853,,2016-08-29
600518,2016-09-30,14.85424356,0.565,26.290696566371686,0.7844112769485904,0.21558872305140964,,2016-10-31
600518,2016-12-31,,0.667,,,,,2017-04-20
600518,2017-03-31,17.27195028,0.217,79.59424092165898,0.7603795966785291,0.23962040332147094,,2017-04-28
600518,2017-06-30,20.0927602,0.437,45.97885629290618,0.681785457163427,0.318214542836573,,2017-08-29
600518,2017-09-30,,0.637,,,,,2017-10-28
600518,2017-12-31,,0.388,,,,,2018-04-26
600518,2018-03-31,,0.052,,,,,2018-04-28
600518,2018-06-30,,0.099,,,,,2018-08-29
600518,2018-09-30,,0.14,,,,,2018-10-27
600519,2015-06-30,182.5099846,6.28,29.062099458598723,0.8826507132995858,0.11734928670041422,,2015-08-28
600519,2015-09-30,150.91449783,9.09,16.60225498679868,0.8593894542090657,0.14061054579093435,,2015-10-23
600519,2015-12-31,173.02314267,12.34,14.02132436547812,0.9017818339852238,0.09821816601477618,,2016-03-24
600519,2016-03-31,196.37678652,3.89,50.482464401028274,0.8744710860366713,0.12552891396332866,,2016-04-21
600519,2016-06-30,231.49051656,7.01,33.0228982253923,0.8186550976138829,0.1813449023861171,,2016-08-27
600519,2016-09-30,241.34165756,9.92,24.328796125,0.8080431177446102,0.19195688225538976,,2016-10-29
600519,2016-12-31,,13.31,,,,,2017-04-15
600519,2017-03-31,312.99641776,4.87,64.2703116550308,0.8224594701463029,0.17754052985369706,,2017-04-25
600519,2017-06-30,382.2532346,8.96,42.662191361607135,0.7141828653707704,0.28581713462922964,,2017-07-28
600519,2017-09-30,,15.91,,,,,2017-10-26
600519,2017-12-31,,21.56,,,,,2018-03-28
600519,2018-03-31,,6.77,,,,,2018-04-28
600519,2018-06-30,,12.55,,,,,2018-08-02
600519,2018-09-30,,19.69,,,,,2018-10-29
600520,2015-06-30,36.09,-0.083,,,,,2015-08-31
600520,2015-09-30,13.63,-0.1226,,,,,2015-10-28
600520,2015-12-31,27.88,-0.36,,,,,2016-04-15
600520,2016-03-31,20.34,-0.06,,,,,2016-04-23
600520,2016-06-30,18.72,-0.04,,,,,2016-08-27
600520,2016-09-30,19.21,-0.0234,,,,,2016-10-29
600520,2016-12-31,,0.08,,,,,2017-04-19
600520,2017-03-31,21.26,-0.01,,,,,2017-04-19
600520,2017-06-30,18.5,-0.02,,,,,2017-08-15
600520,2017-09-30,,-0.02,,,,,2017-10-24
600520,2017-12-31,,0.05,,,,,2018-03-20
600520,2018-03-31,,-0.05,,,,,2018-04-24
600520,2018-06-30,,-0.12,,,,,2018-08-14
600520,2018-09-30,,-0.06,,,,,2018-10-30
600521,2015-06-30,16.73,0.23,72.73913043478261,0.606994937873907,0.393005062126093,,2015-08-21
600521,2015-09-30,11.831456,0.33,35.852896969696964,0.6045328399629972,0.3954671600370028,,2015-10-23
600521,2015-12-31,13.5927904,0.43,31.61114046511628,0.6875271621034333,0.31247283789656666,,2016-04-19
600521,2016-03-31,13.9514816,0.12,116.26234666666666,0.6417489421720733,0.35825105782792666,,2016-04-27
600521,2016-06-30,17.03061504,0.25,68.12246016,0.6,0.4,,2016-08-05
600521,2016-09-30,18.15105024,0.38,47.765921684210525,0.5737976782752903,0.42620232172470973,,2016-10-28
600521,2016-12-31,,0.49,,,,,2017-04-25
600521,2017-03-31,15.405984,0.14,110.04274285714284,0.6465005931198102,0.35349940688018977,,2017-04-25
600521,2017-06-30,14.86753728,0.24,61.948072,0.5464362850971922,0.4535637149028078,,2017-08-21
600521,2017-09-30,,0.39,,,,,2017-10-30
600521,2017-12-31,,0.51,,,,,2018-03-29
600521,2018-03-31,,0.13,,,,,2018-04-28
600521,2018-06-30,,0.18,,,,,2018-08-25
600521,2018-09-30,,0.2,,,,,2018-10-31
600522,2015-06-30,8.1755264,0.1817,44.99464171711613,0.7676023930050622,0.23239760699493783,,2015-08-26
600522,2015-09-30,5.8483968,0.2648,22.08609063444109,0.7816836262719704,0.2183163737280296,,2015-10-29
600522,2015-12-31,8.236672,0.395,20.85233417721519,0.8118209474141678,0.18817905258583223,,2016-04-22
600522,2016-03-31,6.6864512,0.1208,55.35141721854304,0.8542548189938881,0.1457451810061119,,2016-04-29
600522,2016-06-30,8.8466462,0.279,31.708409318996413,0.8260303687635575,0.1739696312364425,,2016-08-19
600522,2016-09-30,9.87574586,0.439,22.49600423690205,0.8308457711442786,0.1691542288557214,,2016-10-27
600522,2016-12-31,,0.608,,,,,2017-04-26
600522,2017-03-31,10.64305701,0.153,69.56246411764705,0.8011071569790431,0.1988928430209569,,2017-04-28
600522,2017-06-30,10.87776395,0.318,34.20680487421384,0.796976241900648,0.20302375809935203,,2017-08-29
600522,2017-09-30,,0.4764,,,,,2017-10-30
600522,2017-12-31,,0.589,,,,,2018-04-26
600522,2018-03-31,,0.1456,,,,,2018-04-26
600522,2018-06-30,,0.3466,,,,,2018-08-29
600522,2018-09-30,,0.5328,,,,,2018-10-30
600523,2015-06-30,19.47117978,0.26,74.889153,0.596870685687989,0.40312931431201104,,2015-08-25
600523,2015-09-30,10.42492506,0.33,31.590681999999997,0.6577243293246994,0.3422756706753006,,2015-10-27
600523,2015-12-31,14.2476096,0.57,24.995806315789476,0.7579313342025207,0.24206866579747932,,2016-04-25
600523,2016-03-31,11.16910824,0.06,186.151804,0.4889515749882464,0.5110484250117536,,2016-04-25
600523,2016-06-30,11.81788332,0.26,45.453397384615386,0.7362255965292842,0.2637744034707158,,2016-08-23
600523,2016-09-30,11.55680088,0.35,33.01943108571429,0.7197346600331676,0.28026533996683245,,2016-10-28
600523,2016-12-31,,0.6,,,,,2017-03-15
600523,2017-03-31,14.20697232,0.11,129.15429381818183,0.5852115460656386,0.41478845393436137,,2017-04-28
600523,2017-06-30,11.99920005,0.24,49.996666875,0.6436285097192225,0.3563714902807775,,2017-08-28
600523,2017-09-30,,0.28,,,,,2017-10-27
600523,2017-12-31,,0.48,,,,,2018-03-13
600523,2018-03-31,,0.03,,,,,2018-04-27
600523,2018-06-30,,0.19,,,,,2018-08-28
600523,2018-09-30,,0.24,,,,,2018-10-30
600526,2015-06-30,19.86665145,0.1,198.66651449999998,0.2825586746433502,0.7174413253566498,,2015-08-21
600526,2015-09-30,12.84869718,0.13,98.83613215384615,0.26549491211840887,0.7345050878815911,,2015-10-28
600526,2015-12-31,17.07095907,0.17,100.41740629411764,0.28857018687527164,0.7114298131247283,,2016-04-19
600526,2016-03-31,13.60506609,0.04,340.12665224999995,0.3126469205453691,0.687353079454631,,2016-04-29
600526,2016-06-30,12.33168552,0.04,308.292138,0.16095444685466379,0.8390455531453362,,2016-08-30
600526,2016-09-30,12.42216752,0.1,124.22167519999999,0.2533167495854063,0.7466832504145937,,2016-10-27
600526,2016-12-31,,0.08,,,,,2017-04-19
600526,2017-03-31,11.2841118,0.03,376.13706,0.2542506919731119,0.7457493080268881,,2017-04-28
600526,2017-06-30,9.94352074,0.07,142.05029628571427,0.23002159827213822,0.7699784017278618,,2017-08-30
600526,2017-09-30,,0.08,,,,,2017-10-31
600526,2017-12-31,,-0.3,,,,,2018-04-20
600526,2018-03-31,,0.01,,,,,2018-04-23
600526,2018-06-30,,0.02,,,,,2018-08-20
600526,2018-09-30,,0.03,,,,,2018-10-30
600527,2015-06-30,4.36819428,0.0094,464.70151914893614,0.12885411872986655,0.8711458812701335,,2015-08-28
600527,2015-09-30,2.1759627,0.0103,211.2585145631068,0.12072155411655874,0.8792784458834413,,2015-10-28
600527,2015-12-31,2.9283984,-0.02,,,,,2016-04-28
600527,2016-03-31,2.63555856,0.0028,941.2709142857144,0.1227080394922426,0.8772919605077574,,2016-04-28
600527,2016-06-30,2.81013326,0.0088,319.333325,0.1527114967462039,0.8472885032537961,,2016-08-30
600527,2016-09-30,2.47637843,0.0141,175.62967588652484,0.16998341625207297,0.830016583747927,,2016-10-29
600527,2016-12-31,,0.03,,,,,2017-02-21
600527,2017-03-31,2.41457198,0.0188,128.43467978723402,0.5875840253064453,0.41241597469355473,,2017-04-28
600527,2017-06-30,2.08325482,0.0161,129.3947093167702,0.2552195824334053,0.7447804175665946,,2017-08-18
600527,2017-09-30,,0.024,,,,,2017-10-28
600527,2017-12-31,,0.05,,,,,2018-02-08
600527,2018-03-31,,0.0107,,,,,2018-04-28
600527,2018-06-30,,0.0208,,,,,2018-08-28
600527,2018-09-30,,0.0368,,,,,2018-10-31
600528,2015-06-30,14.82778245,0.0788,188.1698280456853,0.30372756557754255,0.6962724344224575,,2015-08-28
600528,2015-09-30,10.5748526,0.1081,97.82472340425532,0.2687326549491212,0.7312673450508789,,2015-10-30
600528,2015-12-31,12.67037105,0.1151,110.08141659426586,0.2646675358539765,0.7353324641460235,,2016-03-25
600528,2016-03-31,12.10449265,0.16,75.6530790625,0.7752703338034791,0.2247296661965209,,2016-04-30
600528,2016-06-30,10.32077916,0.343,30.089735160349854,0.8442516268980477,0.15574837310195233,,2016-08-19
600528,2016-09-30,9.6896204,0.479,20.228852609603344,0.8590381426202321,0.14096185737976785,,2016-10-28
600528,2016-12-31,,0.64,,,,,2017-03-31
600528,2017-03-31,14.30330204,0.15,95.35534693333334,0.6979043100039541,0.30209568999604586,,2017-04-27
600528,2017-06-30,12.70318124,0.32,39.697441375,0.7408207343412527,0.25917926565874727,,2017-08-26
600528,2017-09-30,,0.43,,,,,2017-10-27
600528,2017-12-31,,0.63,,,,,2018-03-28
600528,2018-03-31,,0.15,,,,,2018-04-26
600528,2018-06-30,,0.32,,,,,2018-08-29
600528,2018-09-30,,0.49,,,,,2018-10-27
600531,2015-06-30,7.7667636,0.008,970.84545,0.061665899677864705,0.9383341003221353,,2015-08-07
600531,2015-09-30,2.8522332,-0.047,,,,,2015-10-31
600531,2015-12-31,4.6606224,0.01,466.06224000000003,0.05867014341590613,0.9413298565840938,,2016-02-04
600531,2016-03-31,8.42865495,0.0281,299.9521334519573,0.3422661024917725,0.6577338975082275,,2016-04-29
600531,2016-06-30,7.07329335,0.0405,174.64921851851852,0.28199566160520606,0.7180043383947939,,2016-08-30
600531,2016-09-30,7.68320607,0.0684,112.32757412280701,0.27570480928689883,0.7242951907131012,,2016-10-31
600531,2016-12-31,,0.2,,,,,2017-04-12
600531,2017-03-31,6.72598194,0.0448,150.13352544642856,0.5369711348359035,0.46302886516409647,,2017-04-28
600531,2017-06-30,6.27673312,0.079,79.45231797468355,0.4294456443484521,0.5705543556515479,,2017-08-23
600531,2017-09-30,,0.1442,,,,,2017-10-30
600531,2017-12-31,,0.27,,,,,2018-03-24
600531,2018-03-31,,0.0404,,,,,2018-04-27
600531,2018-06-30,,0.06,,,,,2018-08-30
600531,2018-09-30,,0.0287,,,,,2018-10-30
600533,2015-06-30,6.1816491,0.073,84.68012465753425,0.5600552231937413,0.43994477680625865,,2015-08-22
600533,2015-09-30,4.3610831,0.1465,29.768485324232085,0.679463459759482,0.32053654024051803,,2015-10-28
600533,2015-12-31,5.6023781,0.1769,31.669746184284907,0.686657974793568,0.31334202520643195,,2016-03-26
600533,2016-03-31,4.9982812,0.0092,543.2914347826087,0.21109543958627175,0.7889045604137283,,2016-04-30
600533,2016-06-30,4.21483608,0.0226,186.49717168141595,0.26637744034707156,0.7336225596529284,,2016-08-27
600533,2016-09-30,4.54934688,0.0444,102.46276756756755,0.29850746268656714,0.7014925373134329,,2016-10-29
600533,2016-12-31,,0.1861,,,,,2017-04-22
600533,2017-03-31,4.30682655,-0.0163,,,,,2017-04-22
600533,2017-06-30,4.91730876,0.0645,76.23734511627907,0.4496040316774658,0.5503959683225341,,2017-08-25
600533,2017-09-30,,0.0716,,,,,2017-10-21
600533,2017-12-31,,0.0516,,,,,2018-04-21
600533,2018-03-31,,-0.0119,,,,,2018-04-21
600533,2018-06-30,,0.0644,,,,,2018-08-25
600533,2018-09-30,,0.1068,,,,,2018-10-30
600535,2015-06-30,28.152964,0.79,35.63666329113924,0.8324896456511734,0.16751035434882655,,2015-08-18
600535,2015-09-30,18.761099,1.14,16.457104385964914,0.8617021276595744,0.13829787234042556,,2015-10-28
600535,2015-12-31,23.151513,1.38,16.776458695652178,0.8613646240764885,0.1386353759235115,,2016-03-29
600535,2016-03-31,21.96904325,0.2564,85.6826959828393,0.7367183826986365,0.26328161730136346,,2016-04-23
600535,2016-06-30,20.46780816,0.6338,32.29379640265068,0.8238611713665943,0.1761388286334057,,2016-08-13
600535,2016-09-30,24.14239788,0.93,25.959567612903225,0.788971807628524,0.21102819237147596,,2016-10-25
600535,2016-12-31,,1.09,,,,,2017-03-31
600535,2017-03-31,22.8660217,0.2945,77.64353718166385,0.7678924476077501,0.2321075523922499,,2017-04-15
600535,2017-06-30,24.10574508,0.7,34.43677868571429,0.7933765298776098,0.20662347012239024,,2017-08-16
600535,2017-09-30,,1.05,,,,,2017-10-26
600535,2017-12-31,,0.91,,,,,2018-03-27
600535,2018-03-31,,0.2456,,,,,2018-04-17
600535,2018-06-30,,0.6115,,,,,2018-08-18
600535,2018-09-30,,0.91,,,,,2018-10-30
600536,2015-06-30,20.75945444,-0.16,,,,,2015-08-28
600536,2015-09-30,17.10256069,-0.27,,,,,2015-10-29
600536,2015-12-31,21.11051624,0.12,175.92096866666665,0.1690569317687962,0.8309430682312038,,2016-03-31
600536,2016-03-31,14.76214869,-0.09,,,,,2016-04-29
600536,2016-06-30,14.6067334,-0.11,,,,,2016-08-30
600536,2016-09-30,15.8610837,-0.29,,,,,2016-10-28
600536,2016-12-31,,0.21,,,,,2017-03-31
600536,2017-03-31,13.6806243,-0.18,,,,,2017-04-28
600536,2017-06-30,11.26728708,-0.34,,,,,2017-08-28
600536,2017-09-30,,-0.42,,,,,2017-10-30
600536,2017-12-31,,0.15,,,,,2018-03-30
600536,2018-03-31,,-0.22,,,,,2018-04-27
600536,2018-06-30,,-0.45,,,,,2018-08-27
600536,2018-09-30,,-0.48,,,,,2018-10-29
600538,2015-06-30,13.23,0.0015,8820.0,0.006442705936493327,0.9935572940635067,,2015-08-06
600538,2015-09-30,7.74,-0.0084,,,,,2015-10-30
600538,2015-12-31,11.85,0.01,1185.0,0.01912212081703607,0.980877879182964,,2016-03-17
600538,2016-03-31,14.86,-0.01,,,,,2016-04-29
600538,2016-06-30,13.12,-0.03,,,,,2016-08-06
600538,2016-09-30,13.3,-0.04,,,,,2016-10-28
600538,2016-12-31,,-0.07,,,,,2017-04-25
600538,2017-03-31,12.46,-0.01,,,,,2017-04-25
600538,2017-06-30,6.93,-0.03,,,,,2017-08-15
600538,2017-09-30,,-0.0212,,,,,2017-10-27
600538,2017-12-31,,0.02,,,,,2018-04-17
600538,2018-03-31,,0.0003,,,,,2018-04-28
600538,2018-06-30,,-0.01,,,,,2018-08-25
600538,2018-09-30,,-0.012,,,,,2018-10-27
600540,2015-06-30,10.34807492,-0.0416,,,,,2015-08-28
600540,2015-09-30,6.92690602,-0.0581,,,,,2015-10-28
600540,2015-12-31,8.46,-0.233,,,,,2016-04-29
600540,2016-03-31,6.74,-0.014,,,,,2016-04-29
600540,2016-06-30,7.78,-0.0156,,,,,2016-08-26
600540,2016-09-30,7.45,-0.0122,,,,,2016-10-28
600540,2016-12-31,,-1.0061,,,,,2017-04-28
600540,2017-03-31,8.76,0.0077,1137.6623376623377,0.077500988533017,0.922499011466983,,2017-04-28
600540,2017-06-30,5.79,0.0125,463.2,0.061555075593952485,0.9384449244060475,,2017-08-29
600540,2017-09-30,,0.0166,,,,,2017-10-27
600540,2017-12-31,,0.0236,,,,,2018-03-28
600540,2018-03-31,,0.0056,,,,,2018-04-27
600540,2018-06-30,,0.0152,,,,,2018-08-30
600540,2018-09-30,,0.0042,,,,,2018-10-31
600545,2015-06-30,14.23177653,-0.0025,,,,,2015-08-18
600545,2015-09-30,10.96064868,-0.0848,,,,,2015-10-23
600545,2015-12-31,10.49605371,0.0462,227.18730974025976,0.1373315949587136,0.8626684050412864,,2016-04-22
600545,2016-03-31,7.82226225,-0.0785,,,,,2016-04-28
600545,2016-06-30,6.55173723,-0.1247,,,,,2016-08-23
600545,2016-09-30,6.55173904,0.22,29.780632,0.7470978441127695,0.25290215588723053,,2016-10-27
600545,2016-12-31,,0.3894,,,,,2017-03-31
600545,2017-03-31,12.93156656,0.0889,145.46194105736782,0.5484381178331357,0.4515618821668643,,2017-04-28
600545,2017-06-30,11.42256544,0.2284,50.011232224168126,0.6432685385169187,0.3567314614830813,,2017-08-04
600545,2017-09-30,,0.35,,,,,2017-10-28
600545,2017-12-31,,0.4556,,,,,2018-04-21
600545,2018-03-31,,0.0746,,,,,2018-04-28
600545,2018-06-30,,0.1915,,,,,2018-08-25
600545,2018-09-30,,0.28,,,,,2018-10-25
600547,2015-06-30,12.0164759,0.03,400.54919666666666,0.15462494247583985,0.8453750575241601,,2015-08-26
600547,2015-09-30,8.42612804,0.19,44.34804231578947,0.5245143385753932,0.4754856614246068,,2015-10-29
600547,2015-12-31,10.216437,0.4,25.5410925,0.7492394611038679,0.25076053889613215,,2016-03-31
600547,2016-03-31,12.79000613,0.13,98.38466253846154,0.7023977433004231,0.29760225669957685,,2016-04-28
600547,2016-06-30,18.98239914,0.32,59.31999731249999,0.6503253796095445,0.3496746203904555,,2016-08-30
600547,2016-09-30,18.63114426,0.45,41.4025428,0.6334991708126037,0.36650082918739635,,2016-10-28
600547,2016-12-31,,0.77,,,,,2017-03-28
600547,2017-03-31,17.45541612,0.18,96.97453399999999,0.6923685251087386,0.3076314748912614,,2017-04-27
600547,2017-06-30,14.16175574,0.33,42.914411333333334,0.7120230381569475,0.28797696184305255,,2017-08-31
600547,2017-09-30,,0.48,,,,,2017-10-31
600547,2017-12-31,,0.61,,,,,2018-03-07
600547,2018-03-31,,0.19,,,,,2018-04-23
600547,2018-06-30,,0.33,,,,,2018-08-14
600547,2018-09-30,,0.32,,,,,2018-10-30
600549,2015-06-30,16.91975424,0.0315,537.1350552380952,0.11228716060745512,0.8877128393925449,,2015-08-27
600549,2015-09-30,10.17462656,-0.0613,,,,,2015-10-30
600549,2015-12-31,12.59938944,-0.6125,,,,,2016-04-28
600549,2016-03-31,12.7936384,0.0191,669.8240000000001,0.17536436295251528,0.8246356370474848,,2016-04-28
600549,2016-06-30,20.03086823,0.0633,316.4434159557662,0.1544468546637744,0.8455531453362256,,2016-08-18
600549,2016-09-30,17.1250102,0.14,122.32150142857141,0.2562189054726368,0.7437810945273632,,2016-10-21
600549,2016-12-31,,0.1359,,,,,2017-04-27
600549,2017-03-31,14.51580589,0.1213,119.66863882934871,0.6172400158165283,0.3827599841834717,,2017-04-27
600549,2017-06-30,14.62362265,0.3222,45.38678662321539,0.6893448524118071,0.3106551475881929,,2017-08-10
600549,2017-09-30,,0.4179,,,,,2017-10-17
600549,2017-12-31,,0.4398,,,,,2018-01-09
600549,2018-03-31,,0.0214,,,,,2018-04-25
600549,2018-06-30,,0.2376,,,,,2018-07-17
600549,2018-09-30,,0.32,,,,,2018-10-23
600550,2015-06-30,12.17,0.15,81.13333333333334,0.5720202485043718,0.42797975149562817,,2015-08-18
600550,2015-09-30,6.78,0.15,45.2,0.5175763182238667,0.48242368177613326,,2015-10-31
600550,2015-12-31,8.8,0.059,149.15254237288138,0.196870925684485,0.8031290743155151,,2016-04-26
600550,2016-03-31,6.39,0.01,639.0,0.18194640338504936,0.8180535966149507,,2016-04-29
600550,2016-06-30,5.89,0.04,147.25,0.3245119305856833,0.6754880694143167,,2016-08-18
600550,2016-09-30,6.3,0.01,630.0,0.0439469320066335,0.9560530679933665,,2016-10-26
600550,2016-12-31,,0.071,,,,,2017-03-21
600550,2017-03-31,7.07,0.02,353.5,0.27006722024515617,0.7299327797548438,,2017-04-28
600550,2017-06-30,10.76,0.05,215.2,0.15010799136069114,0.8498920086393089,,2017-08-22
600550,2017-09-30,,0.04,,,,,2017-10-26
600550,2017-12-31,,0.053,,,,,2018-04-17
600550,2018-03-31,,-0.04,,,,,2018-04-27
600550,2018-06-30,,-0.09,,,,,2018-08-28
600550,2018-09-30,,-0.12,,,,,2018-10-30
600551,2015-06-30,11.80978409,0.458,25.78555478165939,0.9070409572020248,0.09295904279797518,,2015-08-15
600551,2015-09-30,8.39359597,0.5691,14.748894693375503,0.8871415356151712,0.11285846438482883,,2015-10-31
600551,2015-12-31,12.37552225,0.78,15.866054166666666,0.8752716210343329,0.12472837896566713,,2016-04-20
600551,2016-03-31,9.89497801,0.2231,44.352209816225916,0.9007992477668078,0.09920075223319225,,2016-04-30
600551,2016-06-30,10.99488616,0.46,23.90192643478261,0.8950108459869848,0.10498915401301523,,2016-08-18
600551,2016-09-30,10.80759852,0.6002,18.006661979340223,0.8859867330016584,0.11401326699834158,,2016-10-31
600551,2016-12-31,,0.8,,,,,2017-02-28
600551,2017-03-31,11.19319072,0.2293,48.81461282163105,0.88572558323448,0.11427441676551997,,2017-04-29
600551,2017-06-30,8.69785834,0.3028,28.724763342140026,0.8498920086393088,0.1501079913606912,,2017-08-10
600551,2017-09-30,,0.4535,,,,,2017-10-31
600551,2017-12-31,,0.5935,,,,,2018-04-20
600551,2018-03-31,,0.2325,,,,,2018-04-28
600551,2018-06-30,,0.3379,,,,,2018-08-09
600551,2018-09-30,,0.4715,,,,,2018-10-30
600552,2015-06-30,13.66170069,0.1208,113.09354875827815,0.45605154164749195,0.543948458352508,,2015-07-25
600552,2015-09-30,7.09293966,0.1514,46.849007001321,0.5,0.5,,2015-10-30
600552,2015-12-31,10.68663279,0.29,36.85045789655173,0.6262494567579313,0.3737505432420687,,2016-03-30
600552,2016-03-31,7.70212023,0.027,285.26371222222224,0.35872120357310766,0.6412787964268923,,2016-04-29
600552,2016-06-30,9.55799592,0.0363,263.30567272727274,0.18698481561822125,0.8130151843817788,,2016-08-26
600552,2016-09-30,8.70325419,0.0823,105.75035467800728,0.2902155887230514,0.7097844112769486,,2016-10-29
600552,2016-12-31,,0.0985,,,,,2017-03-31
600552,2017-03-31,7.75406586,0.0156,497.05550384615384,0.19019375247133255,0.8098062475286675,,2017-04-28
600552,2017-06-30,7.33254864,0.0459,159.75051503267971,0.20266378689704823,0.7973362131029518,,2017-08-26
600552,2017-09-30,,0.1179,,,,,2017-10-31
600552,2017-12-31,,0.1009,,,,,2018-04-20
600552,2018-03-31,,0.018,,,,,2018-04-28
600552,2018-06-30,,0.0619,,,,,2018-08-30
600552,2018-09-30,,0.0949,,,,,2018-10-30
600556,2015-06-30,19.48297652,0.0048,4058.9534416666675,0.013345605154164749,0.9866543948458353,,2015-08-29
600556,2015-09-30,9.8840946,0.0027,3660.7757777777774,0.004162812210915819,0.9958371877890841,,2015-10-27
600556,2015-12-31,26.62312844,0.013,2047.932956923077,0.006084311169056932,0.9939156888309431,,2016-04-29
600556,2016-03-31,15.5391736,-0.0066,,,,,2016-04-29
600556,2016-06-30,15.5391736,-0.0318,,,,,2016-08-30
600556,2016-09-30,12.21497064,-0.0458,,,,,2016-10-31
600556,2016-12-31,,-0.07,,,,,2017-04-28
600556,2017-03-31,11.73305956,-0.0048,,,,,2017-04-28
600556,2017-06-30,11.73305956,-0.0292,,,,,2017-08-31
600556,2017-09-30,,-0.0246,,,,,2017-10-31
600556,2017-12-31,,0.01,,,,,2018-02-14
600556,2018-03-31,,-0.0077,,,,,2018-04-28
600556,2018-06-30,,-0.0257,,,,,2018-08-28
600556,2018-09-30,,-0.0344,,,,,2018-10-26
600557,2015-06-30,21.90090199,0.31,70.64807093548387,0.621260929590428,0.378739070409572,,2015-08-15
600557,2015-09-30,16.31353569,0.47,34.70965040425532,0.6170212765957447,0.3829787234042553,,2015-10-30
600557,2015-12-31,19.68956406,0.59,33.37214247457627,0.6649282920469362,0.33507170795306385,,2016-04-16
600557,2016-03-31,14.5586305,0.13,111.98946538461537,0.6558533145275035,0.3441466854724965,,2016-04-26
600557,2016-06-30,15.47848848,0.31,49.930608,0.7067245119305857,0.2932754880694143,,2016-08-12
600557,2016-09-30,16.80548688,0.48,35.011431,0.7014925373134329,0.29850746268656714,,2016-10-29
600557,2016-12-31,,0.61,,,,,2017-03-31
600557,2017-03-31,16.46425872,0.14,117.60184799999999,0.6243574535389482,0.3756425464610518,,2017-04-28
600557,2017-06-30,15.80333535,0.31,50.97850112903225,0.6342692584593232,0.36573074154067675,,2017-08-18
600557,2017-09-30,,0.49,,,,,2017-10-28
600557,2017-12-31,,0.63,,,,,2018-04-10
600557,2018-03-31,,0.16,,,,,2018-04-27
600557,2018-06-30,,0.34,,,,,2018-08-23
600557,2018-09-30,,0.52,,,,,2018-10-30
600559,2015-06-30,15.92993664,0.05,318.5987328,0.18269673262770364,0.8173032673722964,,2015-07-31
600559,2015-09-30,11.23792944,0.16,70.237059,0.36308973172987974,0.6369102682701202,,2015-10-30
600559,2015-12-31,11.47634444,0.21,54.64925923809524,0.48804867448935246,0.5119513255106476,,2016-04-26
600559,2016-03-31,9.8513078,0.07,140.73296857142856,0.5815702867889045,0.41842971321109546,,2016-04-26
600559,2016-06-30,11.48838872,0.06,191.47314533333332,0.25856832971800436,0.7414316702819956,,2016-08-26
600559,2016-09-30,10.84108802,0.19,57.058358000000005,0.5049751243781094,0.49502487562189057,,2016-10-27
600559,2016-12-31,,0.25,,,,,2017-04-22
600559,2017-03-31,10.87944658,0.09,120.88273977777779,0.6120996441281139,0.3879003558718861,,2017-04-22
600559,2017-06-30,10.87944658,0.08,135.99308225,0.23902087832973362,0.7609791216702664,,2017-08-31
600559,2017-09-30,,0.19,,,,,2017-10-28
600559,2017-12-31,,0.27,,,,,2018-04-28
600559,2018-03-31,,0.12,,,,,2018-04-28
600559,2018-06-30,,0.17,,,,,2018-08-01
600559,2018-09-30,,0.29,,,,,2018-10-27
600560,2015-06-30,18.17909258,0.06,302.9848763333333,0.19236079153244362,0.8076392084675563,,2015-08-22
600560,2015-09-30,11.62583062,0.09,129.17589577777778,0.20351526364477335,0.7964847363552267,,2015-10-29
600560,2015-12-31,17.7205553,0.08,221.50694125,0.1395045632333768,0.8604954367666232,,2016-03-26
600560,2016-03-31,16.10612196,0.04,402.65304899999995,0.27832628114715563,0.7216737188528444,,2016-04-28
600560,2016-06-30,15.75431262,0.07,225.06160885714283,0.21475054229934923,0.7852494577006508,,2016-08-25
600560,2016-09-30,15.304736,0.07,218.6390857142857,0.134742951907131,0.865257048092869,,2016-10-27
600560,2016-12-31,,0.0888,,,,,2017-03-25
600560,2017-03-31,15.00820674,0.03,500.27355800000004,0.188216686437327,0.811783313562673,,2017-04-22
600560,2017-06-30,12.15772348,0.05,243.15446959999997,0.12778977681785458,0.8722102231821454,,2017-08-26
600560,2017-09-30,,0.07,,,,,2017-10-28
600560,2017-12-31,,0.09,,,,,2018-03-24
600560,2018-03-31,,0.02,,,,,2018-04-21
600560,2018-06-30,,0.05,,,,,2018-08-25
600560,2018-09-30,,0.08,,,,,2018-10-27
600562,2015-06-30,23.062284,0.12,192.1857,0.29636447307869307,0.7036355269213069,,2015-07-24
600562,2015-09-30,16.69067743,0.23,72.56816273913043,0.3524514338575393,0.6475485661424607,,2015-10-30
600562,2015-12-31,24.82643457,0.4,62.066086424999995,0.4350282485875706,0.5649717514124294,,2016-02-02
600562,2016-03-31,24.2680806,0.05,485.361612,0.23507287259050305,0.764927127409497,,2016-04-28
600562,2016-06-30,24.7443498,0.18,137.46860999999998,0.34099783080260304,0.659002169197397,,2016-08-26
600562,2016-09-30,24.8092956,0.28,88.60462714285713,0.34245439469320066,0.6575456053067994,,2016-10-28
600562,2016-12-31,,0.49,,,,,2017-04-22
600562,2017-03-31,22.911435,0.05,458.2287,0.20719652036378014,0.7928034796362199,,2017-04-22
600562,2017-06-30,19.97195292,0.13,153.63040707692306,0.21202303815694745,0.7879769618430525,,2017-08-25
600562,2017-09-30,,0.21,,,,,2017-10-31
600562,2017-12-31,,0.27,,,,,2019-04-10
600562,2018-03-31,,0.03,,,,,2018-04-27
600562,2018-06-30,,0.04,,,,,2018-08-28
600562,2018-09-30,,0.05,,,,,2018-10-31
600563,2015-06-30,24.8425127,0.6795,36.559989256806475,0.8288080994017487,0.1711919005982513,,2015-08-06
600563,2015-09-30,21.27867566,1.057,20.131197407757806,0.8108233117483812,0.18917668825161882,,2015-10-31
600563,2015-12-31,33.39893226,1.46,22.875981000000003,0.7883528900478053,0.2116471099521947,,2016-03-26
600563,2016-03-31,27.86053686,0.377,73.90062827586206,0.7813822284908322,0.21861777150916784,,2016-04-26
600563,2016-06-30,37.49386808,0.79,47.46059250632911,0.7232104121475055,0.2767895878524945,,2016-08-12
600563,2016-09-30,31.92579804,1.2171,26.23103938871087,0.7848258706467661,0.21517412935323388,,2016-10-29
600563,2016-12-31,,1.73,,,,,2017-04-15
600563,2017-03-31,33.99323233,0.367,92.62461125340599,0.7069988137603797,0.29300118623962035,,2017-04-29
600563,2017-06-30,41.72496624,0.8425,49.52518248071217,0.6483081353491721,0.3516918646508279,,2017-08-11
600563,2017-09-30,,1.3182,,,,,2017-10-28
600563,2017-12-31,,1.88,,,,,2018-04-04
600563,2018-03-31,,0.429,,,,,2018-04-26
600563,2018-06-30,,0.9565,,,,,2018-08-11
600563,2018-09-30,,1.4439,,,,,2018-10-31
600566,2015-06-30,19.28867556,0.424,45.492159339622646,0.7648412333179936,0.23515876668200641,,2015-08-17
600566,2015-09-30,15.4414092,0.639,24.164959624413147,0.7506938020351527,0.24930619796484732,,2015-10-27
600566,2015-12-31,18.09785502,0.88,20.56574434090909,0.8148631029986962,0.18513689700130376,,2016-03-19
600566,2016-03-31,15.69004206,0.268,58.544933059701485,0.840620592383639,0.15937940761636105,,2016-04-25
600566,2016-06-30,17.32976388,0.56,30.94600692857143,0.8334056399132321,0.16659436008676787,,2016-08-09
600566,2016-09-30,20.12380118,0.852,23.619484953051646,0.8163349917081261,0.18366500829187393,,2016-10-22
600566,2016-12-31,,1.17,,,,,2017-03-25
600566,2017-03-31,22.68219678,0.359,63.18160662952647,0.8279952550415184,0.17200474495848161,,2017-04-29
600566,2017-06-30,26.14973224,0.719,36.36958586926286,0.7782577393808495,0.22174226061915048,,2017-07-28
600566,2017-09-30,,1.121,,,,,2017-10-17
600566,2017-12-31,,1.51,,,,,2018-04-21
600566,2018-03-31,,0.577,,,,,2018-04-21
600566,2018-06-30,,1.041,,,,,2018-07-28
600566,2018-09-30,,1.613,,,,,2018-10-20
600567,2015-06-30,5.35377546,0.0356,150.3869511235955,0.36585365853658536,0.6341463414634146,,2015-08-07
600567,2015-09-30,3.39754728,0.055,61.77358690909091,0.4024051803885291,0.5975948196114709,,2015-10-30
600567,2015-12-31,3.4336914,0.06,57.22819,0.4724033029117775,0.5275966970882224,,2016-04-29
600567,2016-03-31,2.75598915,0.02,137.7994575,0.5900329102021626,0.40996708979783736,,2016-04-29
600567,2016-06-30,2.58363036,0.0398,64.91533567839195,0.6160520607375272,0.38394793926247284,,2016-08-12
600567,2016-09-30,2.71099242,0.053,51.15080037735849,0.5485074626865671,0.45149253731343286,,2016-10-28
600567,2016-12-31,,0.09,,,,,2017-03-31
600567,2017-03-31,3.19314879,0.095,33.61209252631579,0.9426650850138395,0.0573349149861605,,2017-04-18
600567,2017-06-30,3.25682982,0.1815,17.943965950413226,0.9406047516198704,0.05939524838012955,,2017-08-10
600567,2017-09-30,,0.3144,,,,,2017-10-19
600567,2017-12-31,,0.4426,,,,,2018-03-20
600567,2018-03-31,,0.132,,,,,2018-04-12
600567,2018-06-30,,0.3733,,,,,2018-08-31
600567,2018-09-30,,0.507,,,,,2018-10-23
600569,2015-06-30,4.66943291,-0.164,,,,,2015-08-28
600569,2015-09-30,2.5891693,-0.5328,,,,,2015-10-30
600569,2015-12-31,2.82130172,-1.066,,,,,2016-04-28
600569,2016-03-31,2.42846224,-0.073,,,,,2016-04-28
600569,2016-06-30,2.30346786,0.039,59.06327846153846,0.6533622559652928,0.34663774403470715,,2016-07-30
600569,2016-09-30,2.55345662,0.0587,43.500112776831344,0.6144278606965174,0.38557213930348255,,2016-10-28
600569,2016-12-31,,0.051,,,,,2017-03-16
600569,2017-03-31,2.99093695,-0.084,,,,,2017-04-26
600569,2017-06-30,2.52667211,0.012,210.55600916666666,0.15334773218142547,0.8466522678185745,,2017-08-10
600569,2017-09-30,,0.408,,,,,2017-10-27
600569,2017-12-31,,0.669,,,,,2018-03-16
600569,2018-03-31,,0.054,,,,,2018-04-21
600569,2018-06-30,,0.425,,,,,2018-08-03
600569,2018-09-30,,0.657,,,,,2018-10-26
600570,2015-06-30,34.78625865,0.34,102.31252544117646,0.49102623101702714,0.5089737689829729,,2015-08-22
600570,2015-09-30,13.56058704,0.26,52.156104,0.4653098982423682,0.5346901017576318,,2015-10-24
600570,2015-12-31,18.92831941,0.73,25.929204671232878,0.7461973055193394,0.2538026944806606,,2016-03-29
600570,2016-03-31,18.11182802,0.12,150.93190016666668,0.5585331452750353,0.4414668547249647,,2016-04-28
600570,2016-06-30,20.82269189,0.27,77.12108107407407,0.5514099783080261,0.44859002169197393,,2016-08-26
600570,2016-09-30,17.44528058,0.33,52.8644866060606,0.5335820895522388,0.46641791044776115,,2016-10-28
600570,2016-12-31,,0.03,,,,,2017-03-28
600570,2017-03-31,13.17595825,0.07,188.227975,0.46184262554369315,0.5381573744563068,,2017-04-25
600570,2017-06-30,14.5952022,0.37,39.44649243243243,0.744060475161987,0.25593952483801297,,2017-08-31
600570,2017-09-30,,0.47,,,,,2017-10-28
600570,2017-12-31,,0.76,,,,,2018-03-27
600570,2018-03-31,,0.09,,,,,2018-04-24
600570,2018-06-30,,0.37,,,,,2018-08-23
600570,2018-09-30,,0.45,,,,,2018-10-27
600572,2015-06-30,6.9733492,0.199,35.041955778894476,0.839392544868845,0.16060745513115504,,2015-08-25
600572,2015-09-30,5.6520705,0.26,21.73873269230769,0.7876965772432932,0.21230342275670677,,2015-10-26
600572,2015-12-31,7.02434064,0.19,36.970213894736844,0.6249456757931334,0.3750543242068666,,2016-04-12
600572,2016-03-31,5.61526632,0.06,93.587772,0.7146215326751293,0.2853784673248707,,2016-04-27
600572,2016-06-30,5.16616056,0.122,42.345578360655736,0.7553145336225596,0.24468546637744037,,2016-08-25
600572,2016-09-30,5.51694924,0.18,30.649718,0.7425373134328358,0.2574626865671642,,2016-10-28
600572,2016-12-31,,0.18,,,,,2017-04-20
600572,2017-03-31,5.30966502,0.08,66.37081275,0.8137603795966786,0.18623962040332143,,2017-04-27
600572,2017-06-30,5.61517172,0.153,36.70046875816994,0.7757379409647228,0.22426205903527718,,2017-08-15
600572,2017-09-30,,0.24,,,,,2017-10-18
600572,2017-12-31,,0.28,,,,,2018-04-26
600572,2018-03-31,,0.1,,,,,2018-04-26
600572,2018-06-30,,0.207,,,,,2018-08-08
600572,2018-09-30,,0.29,,,,,2018-10-29
600575,2015-06-30,3.62997255,0.06,60.499542500000004,0.6705016106764842,0.32949838932351583,,2015-08-31
600575,2015-09-30,4.3277045,0.09,48.08560555555556,0.4902867715078631,0.5097132284921368,,2015-10-31
600575,2015-12-31,5.46703895,0.15,36.44692633333334,0.6305953933072577,0.36940460669274233,,2016-03-31
600575,2016-03-31,4.2923763,0.03,143.07921,0.5726375176304654,0.42736248236953456,,2016-04-29
600575,2016-06-30,3.82427765,0.06,63.73796083333333,0.6221258134490238,0.37787418655097615,,2016-08-18
600575,2016-09-30,3.7977815,0.11,34.52528636363636,0.7085406301824212,0.2914593698175788,,2016-10-28
600575,2016-12-31,,0.12,,,,,2017-03-15
600575,2017-03-31,5.23740565,0.03,174.58018833333335,0.48991696322657174,0.5100830367734283,,2017-04-28
600575,2017-06-30,3.709461,0.05,74.18921999999999,0.4640028797696184,0.5359971202303816,,2017-08-29
600575,2017-09-30,,0.08,,,,,2017-10-27
600575,2017-12-31,,0.08,,,,,2018-03-22
600575,2018-03-31,,0.03,,,,,2018-04-25
600575,2018-06-30,,0.05,,,,,2018-08-28
600575,2018-09-30,,0.09,,,,,2018-10-25
600576,2015-06-30,18.57926504,-0.03,,,,,2015-08-29
600576,2015-09-30,12.27,0.024,511.25,0.043478260869565216,0.9565217391304348,,2015-10-31
600576,2015-12-31,27.19,0.05,543.8,0.047805302042590175,0.9521946979574099,,2016-03-22
600576,2016-03-31,21.42,0.019,1127.3684210526317,0.10343206393982135,0.8965679360601786,,2016-04-30
600576,2016-06-30,22.35,0.06,372.50000000000006,0.13232104121475055,0.8676789587852495,,2016-08-30
600576,2016-09-30,18.54,0.11,168.54545454545453,0.1786898839137645,0.8213101160862355,,2016-10-29
600576,2016-12-31,,0.17,,,,,2017-04-29
600576,2017-03-31,13.8,0.041,336.5853658536585,0.2831158560695927,0.7168841439304072,,2017-04-29
600576,2017-06-30,9.99,0.06,166.5,0.1925845932325414,0.8074154067674586,,2017-08-11
600576,2017-09-30,,0.12,,,,,2017-10-27
600576,2017-12-31,,0.14,,,,,2018-03-30
600576,2018-03-31,,0.037,,,,,2018-04-27
600576,2018-06-30,,0.062,,,,,2018-08-21
600576,2018-09-30,,0.11,,,,,2018-10-26
600578,2015-06-30,6.22430823,0.28,22.229672249999997,0.9295904279797514,0.07040957202024856,,2015-08-05
600578,2015-09-30,3.79309304,0.41,9.251446439024392,0.956059204440333,0.04394079555966701,,2015-10-31
600578,2015-12-31,4.36889464,0.56,7.80159757142857,0.9721860060843112,0.02781399391568884,,2016-04-09
600578,2016-03-31,3.5267848,0.07,50.382639999999995,0.8749412317818523,0.12505876821814765,,2016-04-30
600578,2016-06-30,3.08053856,0.16,19.253366,0.9323210412147506,0.06767895878524943,,2016-08-31
600578,2016-09-30,3.16883753,0.24,13.203489708333333,0.9411276948590381,0.05887230514096187,,2016-10-31
600578,2016-12-31,,0.28,,,,,2017-04-28
600578,2017-03-31,3.34195692,-0.01,,,,,2017-04-28
600578,2017-06-30,3.22905297,0.01,322.905297,0.09683225341972643,0.9031677465802735,,2017-08-30
600578,2017-09-30,,0.03,,,,,2017-10-28
600578,2017-12-31,,0.08,,,,,2018-04-18
600578,2018-03-31,,0.02,,,,,2018-04-26
600578,2018-06-30,,0.04,,,,,2018-08-30
600578,2018-09-30,,0.09,,,,,2018-10-31
600580,2015-06-30,13.37021776,0.178,75.11358292134831,0.5945697192820985,0.40543028071790155,,2015-08-26
600580,2015-09-30,8.113615040000001,0.2303,35.23063412939644,0.6110083256244219,0.38899167437557813,,2015-10-28
600580,2015-12-31,11.56302624,0.3245,35.63336283513097,0.6392872664059105,0.3607127335940895,,2016-04-27
600580,2016-03-31,8.74350752,0.0579,151.01049257340242,0.5580629995298543,0.4419370004701457,,2016-04-29
600580,2016-06-30,8.45809073,0.1137,74.3895402814424,0.5674620390455531,0.43253796095444685,,2016-08-27
600580,2016-09-30,7.3942274,0.1187,62.29340690817186,0.47388059701492535,0.5261194029850746,,2016-10-28
600580,2016-12-31,,0.1989,,,,,2017-04-27
600580,2017-03-31,6.32281894,0.0265,238.5969411320755,0.38908659549228947,0.6109134045077105,,2017-04-27
600580,2017-06-30,5.16844834,0.1007,51.32520695134062,0.628869690424766,0.37113030957523396,,2017-08-22
600580,2017-09-30,,0.5309,,,,,2017-10-30
600580,2017-12-31,,0.5161,,,,,2018-04-28
600580,2018-03-31,,0.0574,,,,,2018-04-28
600580,2018-06-30,,0.2147,,,,,2018-08-22
600580,2018-09-30,,0.3454,,,,,2018-10-30
600582,2015-06-30,6.1607741,0.129,47.75793875968992,0.7464335020708698,0.2535664979291302,,2015-08-28
600582,2015-09-30,3.9838185,0.17,23.434226470588232,0.7604070305272895,0.23959296947271047,,2015-10-28
600582,2015-12-31,4.95297257,0.297,16.67667531986532,0.863102998696219,0.13689700130378102,,2016-03-29
600582,2016-03-31,4.11176493,0.005,822.3529859999999,0.14245416078984485,0.8575458392101551,,2016-04-28
600582,2016-06-30,3.2633055,0.07,46.618649999999995,0.7288503253796096,0.2711496746203904,,2016-08-27
600582,2016-09-30,3.3202715,0.088,37.730357954545454,0.6720563847429519,0.32794361525704807,,2016-10-28
600582,2016-12-31,,0.225,,,,,2017-03-29
600582,2017-03-31,4.1302718,0.003,1376.7572666666667,0.05812574139976275,0.9418742586002372,,2017-04-29
600582,2017-06-30,3.3494607,0.081,41.351366666666664,0.7267818574514039,0.2732181425485961,,2017-08-28
600582,2017-09-30,,0.111,,,,,2017-10-28
600582,2017-12-31,,0.228,,,,,2018-03-30
600582,2018-03-31,,0.012,,,,,2018-04-28
600582,2018-06-30,,0.115,,,,,2018-08-28
600582,2018-09-30,,0.164,,,,,2018-10-30
600583,2015-06-30,13.24554966,0.35,37.8444276,0.8237459733087897,0.17625402669121026,,2015-08-21
600583,2015-09-30,7.19521155,0.45,15.989358999999999,0.8700277520814061,0.12997224791859385,,2015-10-27
600583,2015-12-31,7.11570645,0.77,9.241177207792209,0.9613211647109953,0.03867883528900473,,2016-03-17
600583,2016-03-31,5.70051567,0.11,51.822869727272725,0.8697696285848613,0.1302303714151387,,2016-04-26
600583,2016-06-30,5.68889244,0.2,28.4444622,0.8590021691973969,0.14099783080260309,,2016-08-23
600583,2016-09-30,5.63126256,0.25,22.52505024,0.8296019900497512,0.17039800995024879,,2016-10-25
600583,2016-12-31,,0.3,,,,,2017-03-21
600583,2017-03-31,6.28165692,-0.04,,,,,2017-04-28
600583,2017-06-30,5.21718912,0.05,104.34378239999998,0.3236141108711303,0.6763858891288697,,2017-08-22
600583,2017-09-30,,0.07,,,,,2017-10-27
600583,2017-12-31,,0.11,,,,,2018-03-29
600583,2018-03-31,,-0.08,,,,,2018-04-27
600583,2018-06-30,,-0.04,,,,,2018-08-21
600583,2018-09-30,,-0.03,,,,,2018-10-31
600584,2015-06-30,18.61474524,0.13,143.190348,0.3838011965025311,0.6161988034974689,,2015-08-27
600584,2015-09-30,12.8092046,0.1562,82.00515108834827,0.3149861239592969,0.6850138760407031,,2015-10-31
600584,2015-12-31,21.44932968,0.05,428.9865936,0.06649282920469361,0.9335071707953064,,2016-04-29
600584,2016-03-31,21.44932968,0.0272,788.5782970588236,0.1466854724964739,0.8533145275035261,,2016-04-29
600584,2016-06-30,19.77546589,0.01,1977.5465889999998,0.018655097613882864,0.9813449023861172,,2016-08-25
600584,2016-09-30,18.91778181,0.06,315.29636350000004,0.0945273631840796,0.9054726368159204,,2016-10-29
600584,2016-12-31,,0.1,,,,,2017-04-20
600584,2017-03-31,18.40122208,0.04,460.030552,0.20680110715697905,0.7931988928430209,,2017-04-29
600584,2017-06-30,15.6529872,0.07,223.61410285714283,0.14146868250539957,0.8585313174946004,,2017-08-26
600584,2017-09-30,,0.12,,,,,2017-10-30
600584,2017-12-31,,0.28,,,,,2018-04-12
600584,2018-03-31,,0.004,,,,,2018-04-28
600584,2018-06-30,,0.008,,,,,2018-08-29
600584,2018-09-30,,0.011,,,,,2018-10-31
600586,2015-06-30,6.1691928,-0.05,,,,,2015-08-29
600586,2015-09-30,3.6764085,-0.07,,,,,2015-10-24
600586,2015-12-31,5.47874535,0.0196,279.5278239795918,0.10821382007822686,0.8917861799217731,,2016-04-25
600586,2016-03-31,3.9812814,0.005,796.25628,0.1462153267512929,0.8537846732487071,,2016-04-30
600586,2016-06-30,3.8557455,0.01,385.57455,0.12841648590021693,0.8715835140997831,,2016-08-31
600586,2016-09-30,4.124751,0.03,137.4917,0.2259535655058043,0.7740464344941957,,2016-10-29
600586,2016-12-31,,0.03,,,,,2017-04-28
600586,2017-03-31,4.51032555,0.03,150.344185,0.5365757216291024,0.4634242783708976,,2017-04-29
600586,2017-06-30,4.38478965,0.07,62.63985214285714,0.5395968322534197,0.4604031677465803,,2017-07-29
600586,2017-09-30,,0.12,,,,,2017-10-28
600586,2017-12-31,,0.1,,,,,2018-04-11
600586,2018-03-31,,0.04,,,,,2018-04-28
600586,2018-06-30,,0.14,,,,,2018-08-18
600586,2018-09-30,,0.17,,,,,2018-10-31
600587,2015-06-30,40.87179382,0.34,120.21115829411764,0.4344224574321215,0.5655775425678785,,2015-08-29
600587,2015-09-30,22.83720612,0.51,44.778835529411765,0.5203515263644773,0.47964847363552265,,2015-10-31
600587,2015-12-31,25.36458876,0.69,36.760273565217396,0.6275532377227292,0.3724467622772708,,2016-04-16
600587,2016-03-31,18.01981932,0.11,163.81653927272728,0.5312646920545369,0.46873530794546314,,2016-04-30
600587,2016-06-30,16.12079148,0.23,70.09039773913044,0.5900216919739696,0.4099783080260304,,2016-08-27
600587,2016-09-30,16.5947874,0.36,46.096631666666674,0.5945273631840796,0.4054726368159204,,2016-10-29
600587,2016-12-31,,0.09,,,,,2017-04-29
600587,2017-03-31,16.9098783,0.11,153.72616636363637,0.5302491103202847,0.46975088967971534,,2017-04-29
600587,2017-06-30,12.44959156,0.21,59.28376933333333,0.5669546436285097,0.43304535637149033,,2017-08-31
600587,2017-09-30,,0.03,,,,,2017-10-28
600587,2017-12-31,,0.16,,,,,2018-04-28
600587,2018-03-31,,0.07,,,,,2018-04-28
600587,2018-06-30,,0.14,,,,,2018-08-31
600587,2018-09-30,,0.38,,,,,2018-10-31
600588,2015-06-30,19.9068732,-0.12,,,,,2015-08-29
600588,2015-09-30,10.4784435,-0.28,,,,,2015-10-31
600588,2015-12-31,13.8020409,0.23,60.00887347826087,0.4471968709256845,0.5528031290743155,,2016-03-19
600588,2016-03-31,9.0552843,-0.15,,,,,2016-04-30
600588,2016-06-30,8.56158996,-0.12,,,,,2016-08-27
600588,2016-09-30,9.89086644,-0.24,,,,,2016-10-29
600588,2016-12-31,,0.14,,,,,2017-03-18
600588,2017-03-31,7.77889098,-0.09,,,,,2017-04-29
600588,2017-06-30,7.54069232,-0.03,,,,,2017-08-26
600588,2017-09-30,,-0.14,,,,,2017-10-28
600588,2017-12-31,,0.21,,,,,2018-03-24
600588,2018-03-31,,-0.04,,,,,2018-04-28
600588,2018-06-30,,0.05,,,,,2018-08-11
600588,2018-09-30,,0.06,,,,,2018-10-27
600589,2015-06-30,8.34503308,0.035,238.42951657142856,0.2388403129314312,0.7611596870685688,,2015-08-25
600589,2015-09-30,4.9823396,0.043,115.86836279069769,0.2247918593894542,0.7752081406105458,,2015-10-27
600589,2015-12-31,12.9494554,0.035,369.98443999999995,0.07866145154280747,0.9213385484571925,,2016-04-26
600589,2016-03-31,6.9953282,0.037,189.06292432432434,0.4837799717912553,0.5162200282087447,,2016-04-26
600589,2016-06-30,7.828289,0.071,110.25759154929578,0.41561822125813447,0.5843817787418655,,2016-08-23
600589,2016-09-30,7.38045384,0.112,65.89690928571429,0.4494195688225539,0.550580431177446,,2016-10-25
600589,2016-12-31,,0.14,,,,,2017-04-25
600589,2017-03-31,6.53123844,0.041,159.29849853658536,0.5183867141162515,0.4816132858837485,,2017-04-29
600589,2017-06-30,5.64342234,0.093,60.68196064516129,0.5561555075593952,0.44384449244060475,,2017-08-22
600589,2017-09-30,,0.139,,,,,2017-10-26
600589,2017-12-31,,0.19,,,,,2018-04-24
600589,2018-03-31,,0.046,,,,,2018-04-24
600589,2018-06-30,,0.122,,,,,2018-08-28
600589,2018-09-30,,0.177,,,,,2018-10-30
600590,2015-06-30,12.8510208,0.03,428.36736,0.140819144040497,0.859180855959503,,2015-08-20
600590,2015-09-30,10.283776,0.06,171.39626666666666,0.15448658649398705,0.845513413506013,,2015-10-28
600590,2015-12-31,11.5932928,0.16,72.45808,0.39026510212950893,0.6097348978704911,,2016-04-12
600590,2016-03-31,10.0396288,0.027,371.83810370370367,0.29572167371885283,0.7042783262811472,,2016-04-28
600590,2016-06-30,10.01990666,0.05,200.3981332,0.24078091106290672,0.7592190889370933,,2016-08-20
600590,2016-09-30,13.81645376,0.1,138.1645376,0.22429519071310117,0.7757048092868988,,2016-10-29
600590,2016-12-31,,0.19,,,,,2017-04-15
600590,2017-03-31,11.70229812,0.037,316.2783275675676,0.3032819296164492,0.6967180703835508,,2017-04-28
600590,2017-06-30,9.73702668,0.1,97.3702668,0.3484521238300936,0.6515478761699064,,2017-08-25
600590,2017-09-30,,0.14,,,,,2017-10-30
600590,2017-12-31,,0.29,,,,,2018-03-20
600590,2018-03-31,,0.052,,,,,2018-04-27
600590,2018-06-30,,0.13,,,,,2018-08-15
600590,2018-09-30,,0.19,,,,,2018-10-30
600592,2015-06-30,15.8498498,0.051,310.781368627451,0.18775885872066267,0.8122411412793373,,2015-08-29
600592,2015-09-30,8.5182985,0.0329,258.91484802431614,0.0938945420906568,0.9061054579093432,,2015-10-30
600592,2015-12-31,14.80390613,0.131,113.00691702290075,0.2564102564102564,0.7435897435897436,,2016-04-21
600592,2016-03-31,10.06055886,0.007,1437.2226942857144,0.07945463093559003,0.92054536906441,,2016-04-28
600592,2016-06-30,9.43238198,0.0011,8574.89270909091,0.0026030368763557484,0.9973969631236442,,2016-08-27
600592,2016-09-30,9.22418161,-0.0108,,,,,2016-10-28
600592,2016-12-31,,0.1545,,,,,2017-04-28
600592,2017-03-31,17.40736137,0.0227,766.844113215859,0.1269276393831554,0.8730723606168446,,2017-04-28
600592,2017-06-30,9.49445473,0.0728,130.4183342032967,0.251979841612671,0.7480201583873289,,2017-08-26
600592,2017-09-30,,0.1448,,,,,2017-10-27
600592,2017-12-31,,0.1777,,,,,2018-01-27
600592,2018-03-31,,0.0616,,,,,2018-04-26
600592,2018-06-30,,0.134,,,,,2018-08-25
600592,2018-09-30,,0.2103,,,,,2018-10-27
600593,2015-06-30,21.89810756,0.0921,237.76446862106405,0.24114127933732168,0.7588587206626783,,2015-08-19
600593,2015-09-30,20.79121674,0.8174,25.43579243944213,0.730804810360777,0.26919518963922295,,2015-10-24
600593,2015-12-31,36.23128614,0.4673,77.53324660817462,0.36592785745328116,0.6340721425467188,,2016-03-11
600593,2016-03-31,25.50079042,-0.1048,,,,,2016-04-28
600593,2016-06-30,21.97832493,0.0269,817.0381014869888,0.05726681127982646,0.9427331887201735,,2016-08-30
600593,2016-09-30,28.47466105,0.7526,37.83505321551953,0.6699834162520729,0.3300165837479271,,2016-10-29
600593,2016-12-31,,0.3647,,,,,2017-04-08
600593,2017-03-31,23.93573625,-0.1033,,,,,2017-04-29
600593,2017-06-30,19.02857904,0.0664,286.5749855421687,0.11231101511879049,0.8876889848812095,,2017-08-22
600593,2017-09-30,,0.9732,,,,,2017-10-28
600593,2017-12-31,,0.4306,,,,,2018-03-29
600593,2018-03-31,,-0.0689,,,,,2018-04-26
600593,2018-06-30,,0.0641,,,,,2018-08-22
600593,2018-09-30,,0.709,,,,,2018-10-30
600594,2015-06-30,24.943583,0.076,328.2050394736842,0.1757938334100322,0.8242061665899678,,2015-08-26
600594,2015-09-30,13.65000918,0.205,66.58541063414634,0.38159111933395007,0.6184088806660499,,2015-10-24
600594,2015-12-31,18.2344168,0.2391,76.26272187369302,0.3737505432420687,0.6262494567579313,,2016-04-28
600594,2016-03-31,13.9768525,0.104,134.3928125,0.5984955336154207,0.40150446638457926,,2016-04-28
600594,2016-06-30,13.74462172,0.218,63.04872348623853,0.6247288503253796,0.3752711496746204,,2016-08-27
600594,2016-09-30,14.363565,0.366,39.2447131147541,0.656301824212272,0.343698175787728,,2016-10-29
600594,2016-12-31,,0.471,,,,,2017-04-27
600594,2017-03-31,15.190245,0.127,119.6082283464567,0.6180308422301305,0.3819691577698695,,2017-04-27
600594,2017-06-30,13.1407675,0.232,56.641239224137934,0.5849532037437005,0.4150467962562995,,2017-08-19
600594,2017-09-30,,0.399,,,,,2017-10-28
600594,2017-12-31,,0.488,,,,,2018-04-28
600594,2018-03-31,,0.128,,,,,2018-04-28
600594,2018-06-30,,0.21,,,,,2018-08-30
600594,2018-09-30,,0.248,,,,,2018-10-31
600595,2015-06-30,9.95204312,-0.04,,,,,2015-08-29
600595,2015-09-30,4.25818528,-0.07,,,,,2015-10-16
600595,2015-12-31,6.8853684,-0.25,,,,,2016-03-24
600595,2016-03-31,5.24459976,0.06,87.409996,0.7301363422661025,0.26986365773389753,,2016-04-12
600595,2016-06-30,5.50829472,0.08,68.853684,0.596529284164859,0.40347071583514105,,2016-07-30
600595,2016-09-30,5.3227316,0.1,53.227315999999995,0.5306799336650083,0.4693200663349917,,2016-10-18
600595,2016-12-31,,0.03,,,,,2017-03-25
600595,2017-03-31,5.30319864,0.002,2651.59932,0.0276789244760775,0.9723210755239226,,2017-04-29
600595,2017-06-30,4.70744336,0.04,117.686084,0.2818574514038877,0.7181425485961124,,2017-08-31
600595,2017-09-30,,0.08,,,,,2017-10-31
600595,2017-12-31,,-0.11,,,,,2018-04-20
600595,2018-03-31,,-0.1,,,,,2018-04-28
600595,2018-06-30,,-0.12,,,,,2018-08-30
600595,2018-09-30,,-0.22,,,,,2018-10-31
600596,2015-06-30,7.8691997,-0.0501,,,,,2015-08-27
600596,2015-09-30,3.9966954,-0.2234,,,,,2015-10-30
600596,2015-12-31,5.757951,-0.39,,,,,2016-04-27
600596,2016-03-31,4.4595895,-0.0696,,,,,2016-04-27
600596,2016-06-30,4.14362142,-0.0256,,,,,2016-08-23
600596,2016-09-30,4.73475534,-0.0186,,,,,2016-10-29
600596,2016-12-31,,0.11,,,,,2017-04-06
600596,2017-03-31,5.69534796,0.0919,61.97331838955387,0.8343218663503361,0.16567813364966388,,2017-04-29
600596,2017-06-30,4.86430165,0.3107,15.655943514644353,0.9557235421166307,0.04427645788336931,,2017-08-29
600596,2017-09-30,,0.3368,,,,,2017-10-31
600596,2017-12-31,,0.7695,,,,,2018-04-10
600596,2018-03-31,,0.3677,,,,,2018-04-27
600596,2018-06-30,,1.0082,,,,,2018-08-25
600596,2018-09-30,,1.6516,,,,,2018-10-30
600597,2015-06-30,20.165342,0.1635,123.3354250764526,0.4275195582144501,0.5724804417855499,,2015-08-31
600597,2015-09-30,12.80937594,0.1786,71.72102989921612,0.3538390379278446,0.6461609620721553,,2015-10-31
600597,2015-12-31,13.95792368,0.34,41.052716705882354,0.5862668405041287,0.4137331594958713,,2016-04-19
600597,2016-03-31,10.521048,0.096,109.59425,0.6647860836859426,0.3352139163140574,,2016-04-29
600597,2016-06-30,11.22447548,0.1966,57.09295768056969,0.6642082429501085,0.3357917570498915,,2016-08-30
600597,2016-09-30,12.43721455,0.3475,35.790545467625904,0.6919568822553898,0.30804311774461024,,2016-10-28
600597,2016-12-31,,0.46,,,,,2017-03-28
600597,2017-03-31,11.507743,0.1527,75.36177472167648,0.7761961249505733,0.22380387504942667,,2017-04-25
600597,2017-06-30,11.43150975,0.2992,38.206917613636364,0.7580993520518359,0.24190064794816413,,2017-08-29
600597,2017-09-30,,0.4319,,,,,2017-10-28
600597,2017-12-31,,0.5,,,,,2018-03-27
600597,2018-03-31,,0.1108,,,,,2018-04-27
600597,2018-06-30,,0.28,,,,,2018-08-28
600597,2018-09-30,,0.33,,,,,2018-10-30
600598,2015-06-30,12.14815968,0.342,35.5209347368421,0.8338702254947078,0.1661297745052922,,2015-08-18
600598,2015-09-30,10.25717256,0.47,21.82377140425532,0.7858464384828863,0.21415356151711373,,2015-10-27
600598,2015-12-31,10.55084859,0.371,28.43894498652291,0.7149065623641895,0.2850934376358105,,2016-03-22
600598,2016-03-31,7.97222979,0.048,166.088120625,0.5270333803479078,0.4729666196520922,,2016-04-28
600598,2016-06-30,7.74764757,0.333,23.266208918918917,0.899349240780911,0.10065075921908895,,2016-08-23
600598,2016-09-30,7.63728222,0.448,17.047504955357144,0.8980099502487562,0.10199004975124382,,2016-10-28
600598,2016-12-31,,0.414,,,,,2017-03-28
600598,2017-03-31,8.29947432,0.137,60.58010452554744,0.8398576512455516,0.16014234875444844,,2017-04-27
600598,2017-06-30,8.42867927,0.295,28.571794135593223,0.8513318934485241,0.1486681065514759,,2017-08-29
600598,2017-09-30,,0.428,,,,,2017-10-28
600598,2017-12-31,,0.439,,,,,2018-04-03
600598,2018-03-31,,0.162,,,,,2018-04-26
600598,2018-06-30,,0.404,,,,,2018-08-28
600598,2018-09-30,,0.548,,,,,2018-10-30
600600,2015-06-30,37.92272253,0.887,42.75391491544532,0.7832489645651174,0.2167510354348826,,2015-08-31
600600,2015-09-30,26.48332786,1.292,20.49793178018576,0.8061979648473635,0.1938020351526365,,2015-10-28
600600,2015-12-31,27.3567668,1.268,21.57473722397476,0.7992177314211213,0.2007822685788787,,2016-03-29
600600,2016-03-31,23.6487713,0.395,59.87030708860759,0.8340385519511049,0.16596144804889512,,2016-04-26
600600,2016-06-30,23.95365093,0.791,30.282744538558784,0.841648590021692,0.158351409978308,,2016-08-31
600600,2016-09-30,26.55352474,1.362,19.49597998531571,0.8669154228855721,0.1330845771144279,,2016-10-31
600600,2016-12-31,,0.772,,,,,2017-03-31
600600,2017-03-31,27.34654104,0.429,63.744850909090914,0.8264136022143139,0.17358639778568608,,2017-04-28
600600,2017-06-30,29.2998654,0.85,34.470429882352946,0.793016558675306,0.20698344132469404,,2017-08-31
600600,2017-09-30,,1.384,,,,,2017-10-31
600600,2017-12-31,,0.935,,,,,2018-03-28
600600,2018-03-31,,0.494,,,,,2018-04-27
600600,2018-06-30,,0.964,,,,,2018-08-29
600600,2018-09-30,,1.554,,,,,2018-10-29
600601,2015-06-30,8.1056248,0.0013,6235.096,0.008743672342383801,0.9912563276576162,,2015-08-25
600601,2015-09-30,5.32395048,0.01,532.395048,0.041628122109158186,0.9583718778908418,,2015-10-28
600601,2015-12-31,5.51122512,0.0501,110.00449341317365,0.26510212950890916,0.7348978704910909,,2016-04-26
600601,2016-03-31,4.24489184,-0.0251,,,,,2016-04-26
600601,2016-06-30,3.8346712,-0.0448,,,,,2016-08-23
600601,2016-09-30,4.74606207,-0.0523,,,,,2016-10-29
600601,2016-12-31,,0.0299,,,,,2017-04-25
600601,2017-03-31,3.78076131,-0.0434,,,,,2017-04-25
600601,2017-06-30,3.32492484,-0.0662,,,,,2017-08-26
600601,2017-09-30,,-0.0895,,,,,2017-10-21
600601,2017-12-31,,-0.3746,,,,,2018-04-28
600601,2018-03-31,,-0.0347,,,,,2018-04-28
600601,2018-06-30,,-0.066,,,,,2018-08-25
600601,2018-09-30,,-0.1052,,,,,2018-10-13
600602,2015-06-30,9.64867436,0.0307,314.28906710097715,0.1854578923147722,0.8145421076852278,,2015-08-26
600602,2015-09-30,7.35852208,0.079,93.14584911392406,0.2839962997224792,0.7160037002775208,,2015-10-29
600602,2015-12-31,12.00452773,0.124,96.81070749999999,0.297696653628857,0.702303346371143,,2016-03-11
600602,2016-03-31,10.54033201,0.023,458.2753047826087,0.24823695345557123,0.7517630465444287,,2016-04-20
600602,2016-06-30,9.95023392,0.0533,186.6835632270169,0.265943600867679,0.734056399132321,,2016-08-12
600602,2016-09-30,9.94081135,0.1708,58.201471604215456,0.49834162520729686,0.5016583747927031,,2016-10-25
600602,2016-12-31,,0.179,,,,,2017-03-18
600602,2017-03-31,8.84779323,0.045,196.61762733333336,0.4499802293396599,0.55001977066034,,2017-04-26
600602,2017-06-30,7.12718526,0.0983,72.50442787385555,0.47336213102951763,0.5266378689704824,,2017-08-26
600602,2017-09-30,,0.12,,,,,2017-10-28
600602,2017-12-31,,0.207,,,,,2018-03-24
600602,2018-03-31,,0.044,,,,,2018-04-21
600602,2018-06-30,,0.1052,,,,,2018-08-25
600602,2018-09-30,,0.1327,,,,,2018-10-27
600604,2015-06-30,8.54520212,-0.03,,,,,2015-08-29
600604,2015-09-30,10.17615452,-0.0461,,,,,2015-10-30
600604,2015-12-31,16.99155864,0.2,84.9577932,0.33594089526292914,0.6640591047370709,,2016-03-25
600604,2016-03-31,14.87132052,0.0298,499.03760134228185,0.22708039492242596,0.7729196050775741,,2016-04-28
600604,2016-06-30,11.871456,0.05,237.42911999999998,0.20607375271149675,0.7939262472885033,,2016-08-26
600604,2016-09-30,9.95223728,0.1052,94.60301596958175,0.32213930348258707,0.677860696517413,,2016-10-27
600604,2016-12-31,,0.09,,,,,2017-03-29
600604,2017-03-31,9.19048552,-0.0083,,,,,2017-04-27
600604,2017-06-30,7.0786573,0.04,176.9664325,0.1789056875449964,0.8210943124550036,,2017-08-30
600604,2017-09-30,,0.0436,,,,,2017-10-27
600604,2017-12-31,,0.12,,,,,2018-03-29
600604,2018-03-31,,0.0011,,,,,2018-04-26
600604,2018-06-30,,0.0267,,,,,2018-08-29
600604,2018-09-30,,0.0306,,,,,2018-10-30
600606,2015-06-30,16.8613417,0.32,52.6916928125,0.7123791992636908,0.28762080073630925,,2015-08-25
600606,2015-09-30,9.0276852,0.41,22.018744390243906,0.7821461609620721,0.21785383903792788,,2015-10-27
600606,2015-12-31,11.2708027,0.58,19.432418448275865,0.8292046936114733,0.1707953063885267,,2016-04-26
600606,2016-03-31,9.1450175,0.19,48.131671052631575,0.8838740009402914,0.11612599905970855,,2016-04-26
600606,2016-06-30,7.603755,0.38,20.00988157894737,0.927114967462039,0.07288503253796097,,2016-08-16
600606,2016-09-30,6.7534275,0.49,13.782505102040817,0.9340796019900498,0.0659203980099502,,2016-10-28
600606,2016-12-31,,0.59,,,,,2017-04-25
600606,2017-03-31,5.6009175,0.22,25.458715909090913,0.9652036378015025,0.034796362198497466,,2017-04-25
600606,2017-06-30,5.6727844,0.38,14.92838,0.9614830813534917,0.0385169186465083,,2017-08-29
600606,2017-09-30,,0.54,,,,,2017-10-30
600606,2017-12-31,,0.74,,,,,2018-04-24
600606,2018-03-31,,0.29,,,,,2018-04-24
600606,2018-06-30,,0.5,,,,,2018-08-28
600606,2018-09-30,,0.73,,,,,2018-10-30
600609,2015-06-30,7.15005236,0.011,650.00476,0.09341923607915324,0.9065807639208467,,2015-08-13
600609,2015-09-30,4.15677592,0.005,831.355184,0.02682701202590194,0.973172987974098,,2015-10-24
600609,2015-12-31,4.99210888,0.03,166.40362933333333,0.17557583659278575,0.8244241634072142,,2017-03-30
600609,2016-03-31,4.15677592,-0.009,,,,,2016-04-28
600609,2016-06-30,4.88272004,-0.04,,,,,2016-08-19
600609,2016-09-30,5.88710848,-0.064,,,,,2016-10-29
600609,2016-12-31,,-0.19,,,,,2017-03-30
600609,2017-03-31,8.03510752,-0.049,,,,,2017-04-29
600609,2017-06-30,8.03510752,-0.309,,,,,2017-08-24
600609,2017-09-30,,-0.46,,,,,2017-10-28
600609,2017-12-31,,0.09,,,,,2018-04-21
600609,2018-03-31,,0.02,,,,,2018-04-28
600609,2018-06-30,,0.044,,,,,2018-08-25
600609,2018-09-30,,0.067,,,,,2018-10-27
600610,2015-06-30,12.51,0.01,1251.0,0.04832029452369995,0.9516797054763001,,2015-08-28
600610,2015-09-30,7.43,0.01,743.0,0.030527289546716005,0.969472710453284,,2015-10-28
600610,2015-12-31,12.66,-0.01,,,,,2017-04-18
600610,2016-03-31,17.44,-0.006,,,,,2016-04-28
600610,2016-06-30,14.72,-0.014,,,,,2016-08-23
600610,2016-09-30,12.21,-0.01,,,,,2016-10-27
600610,2016-12-31,,0.0044,,,,,2017-04-18
600610,2017-03-31,9.34,0.001,9340.0,0.005140371688414393,0.9948596283115856,,2017-04-27
600610,2017-06-30,8.5,0.001,8500.0,0.0025197984161267097,0.9974802015838733,,2017-08-28
600610,2017-09-30,,0.001,,,,,2017-10-28
600610,2017-12-31,,-1.0535,,,,,2018-08-30
600610,2018-03-31,,-0.0031,,,,,2018-08-30
600610,2018-06-30,,-0.0176,,,,,2018-08-30
600610,2018-09-30,,-0.0203,,,,,2018-10-30
600616,2015-06-30,11.24748633,0.07,160.6783761428571,0.33916244822825586,0.6608375517717442,,2015-08-25
600616,2015-09-30,6.84844581,0.11,62.258598272727276,0.40009250693802034,0.5999074930619797,,2015-10-31
600616,2015-12-31,8.98723488,0.15,59.91489920000001,0.4506736201651456,0.5493263798348544,,2016-04-09
600616,2016-03-31,7.19410869,0.12,59.950905750000004,0.8335684062059239,0.16643159379407613,,2016-04-22
600616,2016-06-30,7.35973882,0.07,105.13912599999999,0.4351409978308026,0.5648590021691974,,2016-08-27
600616,2016-09-30,7.42302792,0.11,67.482072,0.43781094527363185,0.5621890547263682,,2016-10-29
600616,2016-12-31,,0.13,,,,,2017-04-22
600616,2017-03-31,8.96406588,0.1,89.6406588,0.719652036378015,0.280347963621985,,2017-04-22
600616,2017-06-30,7.73412948,0.06,128.90215800000001,0.2570194384449244,0.7429805615550755,,2017-08-26
600616,2017-09-30,,0.09,,,,,2017-10-28
600616,2017-12-31,,0.11,,,,,2018-03-31
600616,2018-03-31,,0.09,,,,,2018-04-21
600616,2018-06-30,,0.05,,,,,2018-08-25
600616,2018-09-30,,0.05,,,,,2018-10-27
600618,2015-06-30,11.4419648,-0.0421,,,,,2015-08-27
600618,2015-09-30,9.7568448,-0.0386,,,,,2015-10-29
600618,2015-12-31,13.5989184,0.0827,164.43674002418382,0.17861799217731422,0.8213820078226858,,2016-03-29
600618,2016-03-31,12.048608,0.0082,1469.3424390243902,0.07569346497414198,0.924306535025858,,2016-04-29
600618,2016-06-30,11.0628128,0.0107,1033.907738317757,0.04121475054229935,0.9587852494577006,,2016-08-30
600618,2016-09-30,11.0712384,-0.0401,,,,,2016-10-28
600618,2016-12-31,,-0.2837,,,,,2017-03-30
600618,2017-03-31,10.279232,0.0506,203.14687747035575,0.4357453538948201,0.5642546461051798,,2017-04-28
600618,2017-06-30,8.9985408,0.2167,41.525338255652976,0.724622030237581,0.275377969762419,,2017-08-28
600618,2017-09-30,,0.5206,,,,,2017-10-27
600618,2017-12-31,,0.8584,,,,,2018-03-16
600618,2018-03-31,,0.1468,,,,,2018-04-20
600618,2018-06-30,,0.3199,,,,,2018-08-24
600618,2018-09-30,,0.5808,,,,,2018-10-26
600619,2015-06-30,12.84879774,0.08,160.60997175,0.3400828347906121,0.6599171652093879,,2015-08-31
600619,2015-09-30,7.40105086,0.06,123.35084766666667,0.2127659574468085,0.7872340425531915,,2015-10-30
600619,2015-12-31,15.33074821,0.09,170.34164677777778,0.17296827466318992,0.82703172533681,,2016-04-26
600619,2016-03-31,11.60334245,0.02,580.1671225,0.19840150446638458,0.8015984955336154,,2016-04-26
600619,2016-06-30,10.79693255,0.04,269.92331375,0.18351409978308025,0.8164859002169198,,2016-08-26
600619,2016-09-30,11.99768724,0.06,199.961454,0.14718076285240464,0.8528192371475953,,2016-10-27
600619,2016-12-31,,0.2,,,,,2017-04-27
600619,2017-03-31,10.55544084,0.05,211.10881679999997,0.4254646105179913,0.5745353894820087,,2017-04-27
600619,2017-06-30,9.80727552,0.13,75.44058092307691,0.4539236861051116,0.5460763138948884,,2017-08-19
600619,2017-09-30,,0.23,,,,,2017-10-31
600619,2017-12-31,,0.32,,,,,2018-04-13
600619,2018-03-31,,0.11,,,,,2018-04-27
600619,2018-06-30,,0.19,,,,,2018-08-30
600619,2018-09-30,,0.23,,,,,2018-10-31
600621,2015-06-30,15.17353044,0.3,50.578434800000004,0.7261849976990336,0.27381500230096645,,2015-08-29
600621,2015-09-30,11.37800072,0.35,32.50857348571429,0.6447733580018501,0.3552266419981499,,2015-10-28
600621,2015-12-31,12.91384906,0.25,51.65539624,0.5097783572359843,0.4902216427640157,,2017-03-20
600621,2016-03-31,9.35140794,0.23,40.65829539130434,0.9163140573577809,0.08368594264221907,,2016-04-28
600621,2016-06-30,9.17342022,0.49,18.721265755102042,0.9340563991323211,0.06594360086767892,,2016-08-29
600621,2016-09-30,10.92204623,0.62,17.61620359677419,0.8884742951907131,0.11152570480928692,,2016-10-25
600621,2016-12-31,,0.43,,,,,2017-03-20
600621,2017-03-31,12.6340518,0.05,252.68103599999998,0.37445630684064846,0.6255436931593515,,2017-04-28
600621,2017-06-30,11.10514843,0.06,185.08580716666668,0.1720662347012239,0.8279337652987762,,2017-08-24
600621,2017-09-30,,0.12,,,,,2017-10-25
600621,2017-12-31,,0.77,,,,,2018-01-20
600621,2018-03-31,,0.02,,,,,2018-04-20
600621,2018-06-30,,0.04,,,,,2018-08-28
600621,2018-09-30,,0.04,,,,,2018-10-30
600622,2015-06-30,5.5891836,0.357,15.655976470588236,0.9710078232857801,0.02899217671421994,,2015-08-18
600622,2015-09-30,4.58482932,0.423,10.83884,0.9338575393154487,0.06614246068455132,,2015-10-30
600622,2015-12-31,6.97995073,0.53,13.169718358490565,0.9109083007388092,0.08909169926119076,,2016-04-12
600622,2016-03-31,5.36129235,0.17,31.53701382352941,0.9464033850493653,0.053596614950634724,,2016-04-28
600622,2016-06-30,5.64887125,0.16,35.3054453125,0.8004338394793926,0.19956616052060738,,2016-08-31
600622,2016-09-30,6.70590672,0.2,33.52953359999999,0.7164179104477612,0.28358208955223885,,2016-10-29
600622,2016-12-31,,0.34,,,,,2017-04-22
600622,2017-03-31,8.08211892,0.16,50.513243249999995,0.8774219058916568,0.1225780941083432,,2017-04-29
600622,2017-06-30,8.91820028,0.24,37.159167833333335,0.769618430525558,0.230381569474442,,2017-08-22
600622,2017-09-30,,0.29,,,,,2017-10-31
600622,2017-12-31,,0.47,,,,,2018-04-28
600622,2018-03-31,,0.13,,,,,2018-04-28
600622,2018-06-30,,0.21,,,,,2018-08-17
600622,2018-09-30,,0.29,,,,,2018-10-30
600623,2015-06-30,22.59415392,0.16,141.213462,0.3907040957202025,0.6092959042797975,,2015-08-25
600623,2015-09-30,10.75445824,0.25,43.01783296,0.5379278445883441,0.4620721554116559,,2015-10-31
600623,2015-12-31,15.4625936,0.38,40.69103578947368,0.5880052151238592,0.41199478487614083,,2016-04-26
600623,2016-03-31,20.45631776,0.07,292.23311085714283,0.34978843441466856,0.6502115655853314,,2016-04-30
600623,2016-06-30,16.2469734,0.096,169.23930625000003,0.2911062906724512,0.7088937093275488,,2016-08-23
600623,2016-09-30,15.459639,0.12,128.830325,0.24378109452736318,0.7562189054726368,,2016-10-28
600623,2016-12-31,,0.2,,,,,2017-04-18
600623,2017-03-31,9.3577974,0.12,77.98164500000001,0.7663107947805456,0.23368920521945435,,2017-04-29
600623,2017-06-30,9.3087179,0.152,61.241565131578945,0.5503959683225342,0.44960403167746577,,2017-08-29
600623,2017-09-30,,0.18,,,,,2017-10-26
600623,2017-12-31,,0.27,,,,,2018-03-27
600623,2018-03-31,,0.21,,,,,2018-04-28
600623,2018-06-30,,0.47,,,,,2018-08-28
600623,2018-09-30,,0.73,,,,,2018-10-26
600626,2015-06-30,19.23240564,0.074,259.8973735135135,0.2218131615278417,0.7781868384721583,,2015-08-29
600626,2015-09-30,11.52620574,0.1233,93.48098734793187,0.2816836262719704,0.7183163737280296,,2015-10-29
600626,2015-12-31,15.63933084,0.2393,65.35449577935645,0.41851368970013036,0.5814863102998696,,2016-03-31
600626,2016-03-31,11.18580918,0.0784,142.6761375,0.5749882463563705,0.42501175364362953,,2016-04-16
600626,2016-06-30,9.85150296,0.1129,87.2586621789194,0.4997830802603037,0.5002169197396963,,2016-08-31
600626,2016-09-30,11.21658525,0.2155,52.04911948955916,0.538971807628524,0.46102819237147596,,2016-10-28
600626,2016-12-31,,0.2734,,,,,2017-04-08
600626,2017-03-31,10.68200757,0.054,197.814955,0.44523527085804665,0.5547647291419533,,2017-04-29
600626,2017-06-30,9.09685696,0.086,105.77740651162792,0.3167746580273578,0.6832253419726422,,2017-08-31
600626,2017-09-30,,0.1692,,,,,2017-10-31
600626,2017-12-31,,0.2722,,,,,2018-04-28
600626,2018-03-31,,0.0532,,,,,2018-04-28
600626,2018-06-30,,0.1127,,,,,2018-08-31
600626,2018-09-30,,0.136,,,,,2018-10-31
600628,2015-06-30,15.10566925,0.07,215.79527499999998,0.2659917165209388,0.7340082834790612,,2015-08-28
600628,2015-09-30,14.53129821,0.07,207.5899744285714,0.12349676225716928,0.8765032377428307,,2015-10-30
600628,2015-12-31,16.50164373,0.1,165.0164373,0.17774880486744893,0.8222511951325511,,2016-04-15
600628,2016-03-31,11.94065873,0.03,398.0219576666667,0.2825575928537847,0.7174424071462153,,2016-04-29
600628,2016-06-30,10.8196442,0.06,180.32740333333336,0.27505422993492407,0.7249457700650759,,2016-08-26
600628,2016-09-30,12.07582323,0.08,150.94779037499998,0.2060530679933665,0.7939469320066335,,2016-10-28
600628,2016-12-31,,0.45,,,,,2017-04-12
600628,2017-03-31,11.32394965,0.42,26.96178488095238,0.9628311585606959,0.0371688414393041,,2017-04-28
600628,2017-06-30,10.59041445,0.56,18.911454374999998,0.9334053275737941,0.06659467242620587,,2017-08-30
600628,2017-09-30,,0.65,,,,,2017-10-31
600628,2017-12-31,,0.69,,,,,2018-04-13
600628,2018-03-31,,0.2,,,,,2018-04-28
600628,2018-06-30,,0.3,,,,,2018-08-30
600628,2018-09-30,,0.37,,,,,2018-10-31
600629,2015-06-30,12.01693836,0.0429,280.11511328671327,0.20800736309249884,0.7919926369075012,,2015-08-13
600629,2015-09-30,8.0026872,0.2242,35.69441213202498,0.6073080481036077,0.3926919518963923,,2015-10-31
600629,2015-12-31,10.64443448,0.4181,25.459063573307816,0.7509778357235984,0.24902216427640156,,2016-04-28
600629,2016-03-31,7.18090588,0.0727,98.7744962861073,0.7009873060648801,0.29901269393511987,,2016-04-28
600629,2016-06-30,8.20490564,0.2628,31.22110213089802,0.8299349240780911,0.1700650759219089,,2016-08-10
600629,2016-09-30,8.57061984,0.379,22.613772664907653,0.8279436152570481,0.17205638474295193,,2016-10-28
600629,2016-12-31,,0.6723,,,,,2017-04-28
600629,2017-03-31,8.33828376,0.134,62.22599820895522,0.8331356267299328,0.1668643732700672,,2017-04-28
600629,2017-06-30,9.250418,0.1862,49.68001074113856,0.646508279337653,0.353491720662347,,2017-08-31
600629,2017-09-30,,0.3529,,,,,2017-10-31
600629,2017-12-31,,0.6195,,,,,2018-01-24
600629,2018-03-31,,0.1646,,,,,2018-04-28
600629,2018-06-30,,0.2847,,,,,2018-08-15
600629,2018-09-30,,0.401,,,,,2018-10-31
600630,2015-06-30,15.27503022,0.09,169.722558,0.3267372296364473,0.6732627703635528,,2015-08-29
600630,2015-09-30,18.26106744,0.14,130.436196,0.1998149861239593,0.8001850138760407,,2015-10-28
600630,2015-12-31,29.07663528,0.19,153.0349225263158,0.192090395480226,0.807909604519774,,2016-03-31
600630,2016-03-31,20.40654693,0.05,408.1309386,0.2745651151857076,0.7254348848142924,,2016-04-30
600630,2016-06-30,16.07640111,0.12,133.97000925,0.3475054229934924,0.6524945770065076,,2016-08-31
600630,2016-09-30,15.41111936,0.17,90.65364329411764,0.33374792703150913,0.6662520729684909,,2016-10-25
600630,2016-12-31,,0.05,,,,,2017-03-31
600630,2017-03-31,14.16289732,0.05,283.2579464,0.3361012257809411,0.663898774219059,,2017-04-28
600630,2017-06-30,11.38142616,0.09,126.46029066666668,0.26493880489560834,0.7350611951043917,,2017-08-25
600630,2017-09-30,,0.25,,,,,2017-10-26
600630,2017-12-31,,0.3,,,,,2018-03-31
600630,2018-03-31,,0.06,,,,,2018-04-28
600630,2018-06-30,,0.11,,,,,2018-08-29
600630,2018-09-30,,0.13,,,,,2018-10-25
600633,2015-06-30,16.9939448,0.2381,71.37314069718606,0.6152784169351128,0.38472158306488724,,2015-08-29
600633,2015-09-30,15.62402476,0.3346,46.694634668260605,0.5009250693802035,0.49907493061979646,,2015-10-31
600633,2015-12-31,16.32632554,0.5131,31.818993451568893,0.6827466318991743,0.3172533681008257,,2016-04-09
600633,2016-03-31,14.8263498,0.1437,103.17571189979122,0.687823225199812,0.312176774800188,,2016-04-30
600633,2016-06-30,13.18585376,0.2567,51.366785196727704,0.692407809110629,0.30759219088937095,,2016-08-30
600633,2016-09-30,12.65105517,0.3351,37.75307421665174,0.6712271973466003,0.3287728026533997,,2016-10-29
600633,2016-12-31,,0.5147,,,,,2017-03-16
600633,2017-03-31,17.4467081,0.9676,18.030909570070275,0.9826018189007513,0.017398181099248733,,2017-04-29
600633,2017-06-30,17.01626388,1.0135,16.789604222989638,0.9485241180705544,0.05147588192944563,,2017-08-25
600633,2017-09-30,,1.1919,,,,,2017-10-28
600633,2017-12-31,,1.27,,,,,2018-04-27
600633,2018-03-31,,0.07,,,,,2018-04-27
600633,2018-06-30,,0.24,,,,,2018-08-10
600633,2018-09-30,,0.31,,,,,2018-10-30
600637,2015-06-30,24.69006128,0.6174,39.99038108195659,0.8076392084675563,0.19236079153244368,,2016-08-31
600637,2015-09-30,18.20657323,1.0284,17.703785715674837,0.8450508788159112,0.15494912118408877,,2016-10-29
600637,2015-12-31,22.23161649,1.5332,14.50014120140882,0.8948283355063016,0.10517166449369841,,2017-04-29
600637,2016-03-31,16.81012965,0.1312,128.12598818597561,0.613070051716032,0.386929948283968,,2016-04-27
600637,2016-06-30,14.24020407,0.4868,29.25267886195563,0.8524945770065075,0.14750542299349245,,2016-08-31
600637,2016-09-30,14.6270189,0.7346,19.911542199836646,0.8627694859038143,0.1372305140961857,,2016-10-29
600637,2016-12-31,,1.1171,,,,,2017-04-29
600637,2017-03-31,13.34789498,0.1636,81.58860012224939,0.7532621589561092,0.24673784104389085,,2017-04-29
600637,2017-06-30,12.83269229,0.4647,27.615003851947495,0.8596112311015118,0.14038876889848817,,2017-08-30
600637,2017-09-30,,0.2956,,,,,2017-10-31
600637,2017-12-31,,0.6551,,,,,2018-04-21
600637,2018-03-31,,0.128,,,,,2018-04-28
600637,2018-06-30,,0.3632,,,,,2018-08-31
600637,2018-09-30,,0.4425,,,,,2018-10-29
600638,2015-06-30,12.70907682,0.1468,86.57409277929155,0.5494707777266452,0.4505292222733548,,2015-08-22
600638,2015-09-30,8.70971205,0.352,24.743500142045455,0.7414431082331174,0.25855689176688257,,2015-10-28
600638,2015-12-31,10.30516305,0.404,25.50782933168317,0.7496740547588006,0.25032594524119944,,2016-04-29
600638,2016-03-31,9.9063003,0.054,183.45000555555555,0.49459332393041844,0.5054066760695816,,2016-04-29
600638,2016-06-30,10.4214016,0.1439,72.42113690062543,0.5800433839479393,0.4199566160520607,,2016-08-27
600638,2016-09-30,10.9556448,0.24,45.648520000000005,0.5970149253731343,0.4029850746268657,,2016-10-29
600638,2016-12-31,,0.182,,,,,2017-04-28
600638,2017-03-31,14.600208,0.054,270.3742222222222,0.3538948200869909,0.6461051799130091,,2017-04-28
600638,2017-06-30,11.8777632,1.1024,10.774458635703919,0.9823614110871131,0.017638588912886943,,2017-08-30
600638,2017-09-30,,1.1678,,,,,2017-10-31
600638,2017-12-31,,0.9578,,,,,2018-04-26
600638,2018-03-31,,0.0421,,,,,2018-04-26
600638,2018-06-30,,0.1641,,,,,2018-08-29
600638,2018-09-30,,0.1826,,,,,2018-10-31
600639,2015-06-30,17.7494317,0.251,70.71486733067728,0.6208007363092499,0.3791992636907501,,2015-08-26
600639,2015-09-30,15.6032782,0.3378,46.190876850207225,0.5060129509713228,0.4939870490286772,,2015-10-31
600639,2015-12-31,16.51027405,0.4706,35.08345526986825,0.6475445458496306,0.3524554541503694,,2016-04-05
600639,2016-03-31,13.4058411,0.0883,151.82153001132502,0.5571227080394923,0.44287729196050774,,2016-04-30
600639,2016-06-30,18.4201271,0.3096,59.49653456072351,0.6490238611713666,0.35097613882863343,,2016-08-30
600639,2016-09-30,14.84227743,0.421,35.254815748218526,0.6990049751243781,0.3009950248756219,,2016-10-31
600639,2016-12-31,,0.5495,,,,,2017-03-31
600639,2017-03-31,13.0546768,0.1791,72.89043439419318,0.7872676947410043,0.21273230525899567,,2017-04-29
600639,2017-06-30,13.44038316,0.3304,40.679125786924935,0.7318214542836573,0.2681785457163427,,2017-08-26
600639,2017-09-30,,0.4869,,,,,2017-10-31
600639,2017-12-31,,0.657,,,,,2018-04-14
600639,2018-03-31,,0.1841,,,,,2018-04-27
600639,2018-06-30,,0.3564,,,,,2018-08-29
600639,2018-09-30,,0.5061,,,,,2018-10-31
600640,2015-06-30,28.1270984,0.0795,353.7999798742139,0.1684307409111827,0.8315692590888173,,2015-08-29
600640,2015-09-30,19.86335244,0.0932,213.1260991416309,0.11933395004625347,0.8806660499537465,,2015-10-31
600640,2015-12-31,20.71296486,0.0864,239.73338958333332,0.13255106475445458,0.8674489352455454,,2016-04-23
600640,2016-03-31,15.60552468,0.0328,475.7781914634146,0.23789374706158908,0.7621062529384109,,2016-04-30
600640,2016-06-30,16.39654314,0.102,160.75042294117648,0.2984815618221258,0.7015184381778742,,2016-08-27
600640,2016-09-30,21.3761609,0.1809,118.16562133775565,0.2657545605306799,0.7342454394693201,,2016-10-29
600640,2016-12-31,,0.3858,,,,,2017-04-22
600640,2017-03-31,17.98141132,0.0784,229.35473622448978,0.4013444049031238,0.5986555950968762,,2017-04-22
600640,2017-06-30,16.5335066,0.231,71.57362164502163,0.47804175665946724,0.5219582433405328,,2017-08-26
600640,2017-09-30,,0.3184,,,,,2017-10-28
600640,2017-12-31,,0.334,,,,,2018-04-28
600640,2018-03-31,,0.0577,,,,,2018-04-28
600640,2018-06-30,,0.1683,,,,,2018-08-25
600640,2018-09-30,,0.2322,,,,,2018-10-31
600641,2015-06-30,8.23154508,0.1863,44.18435362318841,0.7758858720662678,0.2241141279337322,,2015-08-28
600641,2015-09-30,8.23154252,0.2336,35.2377676369863,0.61054579093432,0.38945420906567996,,2015-10-22
600641,2015-12-31,11.73069101,0.2623,44.72242093023256,0.5554106910039114,0.4445893089960886,,2016-03-10
600641,2016-03-31,10.13341516,0.0846,119.78032104018914,0.6328161730136342,0.36718382698636576,,2016-04-22
600641,2016-06-30,9.63565943,0.0775,124.33108941935484,0.37310195227765725,0.6268980477223427,,2016-08-26
600641,2016-09-30,9.84158541,0.2694,36.53149743875279,0.6865671641791045,0.31343283582089554,,2016-10-28
600641,2016-12-31,,0.8912,,,,,2017-03-10
600641,2017-03-31,9.69960354,0.1456,66.61815618131868,0.8109924871490708,0.1890075128509292,,2017-04-29
600641,2017-06-30,8.54445312,1.9567,4.366767067000562,1.0,0.0,,2017-08-18
600641,2017-09-30,,1.9798,,,,,2017-10-27
600641,2017-12-31,,2.1074,,,,,2018-04-28
600641,2018-03-31,,0.7101,,,,,2018-04-28
600641,2018-06-30,,1.1019,,,,,2018-08-24
600641,2018-09-30,,1.1414,,,,,2018-10-26
600643,2015-06-30,14.24502618,0.209,68.15802000000001,0.6355269213069489,0.3644730786930511,,2015-08-21
600643,2015-09-30,14.24502618,0.299,47.64222802675585,0.4939870490286771,0.5060129509713229,,2015-10-30
600643,2015-12-31,12.4739769,0.386,32.31600233160622,0.6753585397653195,0.32464146023468055,,2016-03-31
600643,2016-03-31,8.46357204,0.08,105.7946505,0.6774800188058298,0.32251998119417025,,2016-04-29
600643,2016-06-30,8.31882282,0.217,38.33558903225806,0.7804772234273318,0.21952277657266817,,2016-08-26
600643,2016-09-30,10.5156051,0.322,32.65715869565217,0.7230514096185738,0.27694859038142616,,2016-10-28
600643,2016-12-31,,0.43,,,,,2017-03-22
600643,2017-03-31,11.40112974,0.089,128.1025813483146,0.5887702649268486,0.4112297350731514,,2017-04-25
600643,2017-06-30,12.75496068,0.25,51.01984272,0.6335493160547156,0.36645068394528435,,2017-08-30
600643,2017-09-30,,0.406,,,,,2017-10-28
600643,2017-12-31,,0.58,,,,,2018-03-30
600643,2018-03-31,,0.11,,,,,2018-04-28
600643,2018-06-30,,0.339,,,,,2018-08-30
600643,2018-09-30,,0.51,,,,,2018-10-31
600644,2015-06-30,11.0263656,0.0689,160.03433381712625,0.34146341463414637,0.6585365853658536,,2015-08-01
600644,2015-09-30,6.86151555,0.105,65.34776714285715,0.38575393154486587,0.6142460684551341,,2015-10-28
600644,2015-12-31,9.1087368,0.2146,42.44518546132339,0.5719252498913516,0.42807475010864837,,2016-03-02
600644,2016-03-31,7.54067575,0.059,127.80806355932204,0.614480488951575,0.38551951104842497,,2016-04-30
600644,2016-06-30,8.1698977,0.3069,26.620715868361028,0.8715835140997831,0.12841648590021693,,2016-08-24
600644,2016-09-30,8.95892205,0.458,19.56096517467249,0.865257048092869,0.13474295190713104,,2016-10-29
600644,2016-12-31,,0.3928,,,,,2017-02-28
600644,2017-03-31,9.57815635,0.055,174.1482972727273,0.49110320284697506,0.5088967971530249,,2017-04-28
600644,2017-06-30,7.58062635,0.1126,67.32350222024867,0.5061195104391649,0.4938804895608351,,2017-08-10
600644,2017-09-30,,0.1921,,,,,2017-10-31
600644,2017-12-31,,0.0796,,,,,2018-04-13
600644,2018-03-31,,0.031,,,,,2018-04-28
600644,2018-06-30,,0.1077,,,,,2018-08-10
600644,2018-09-30,,0.2534,,,,,2018-10-31
600645,2015-06-30,79.34,0.75,105.78666666666668,0.4790612057063967,0.5209387942936032,,2015-08-29
600645,2015-09-30,79.34,0.22,360.6363636363636,0.06938020351526364,0.9306197964847364,,2015-10-31
600645,2015-12-31,65.01,0.54,120.38888888888889,0.242503259452412,0.757496740547588,,2016-04-30
600645,2016-03-31,39.34,-0.02,,,,,2016-04-30
600645,2016-06-30,35.14,0.04,878.5,0.052060737527114966,0.9479392624728851,,2016-08-26
600645,2016-09-30,32.65,0.01,3265.0,0.007877280265339967,0.99212271973466,,2016-10-28
600645,2016-12-31,,0.1,,,,,2017-04-29
600645,2017-03-31,26.8,0.07,382.85714285714283,0.24713325425069196,0.752866745749308,,2017-04-29
600645,2017-06-30,21.43,0.02,1071.5,0.024838012958963283,0.9751619870410367,,2017-08-31
600645,2017-09-30,,0.07,,,,,2017-10-31
600645,2017-12-31,,0.03,,,,,2018-04-26
600645,2018-03-31,,0.35,,,,,2018-04-26
600645,2018-06-30,,0.81,,,,,2018-08-31
600645,2018-09-30,,0.84,,,,,2018-10-30
600648,2015-06-30,26.59674392,0.27,98.50645896296297,0.5039116428900138,0.4960883571099862,,2015-08-29
600648,2015-09-30,18.64349866,0.36,51.78749627777778,0.4685476410730805,0.5314523589269196,,2015-10-30
600648,2015-12-31,19.91723098,0.47,42.377087191489366,0.5723598435462842,0.4276401564537158,,2016-04-28
600648,2016-03-31,14.69341212,0.02,734.670606,0.15937940761636107,0.840620592383639,,2016-04-28
600648,2016-06-30,14.94360954,0.32,46.6987798125,0.7275488069414316,0.27245119305856835,,2016-08-30
600648,2016-09-30,15.29396659,0.55,27.80721198181818,0.7678275290215588,0.23217247097844118,,2016-10-28
600648,2016-12-31,,0.64,,,,,2017-04-28
600648,2017-03-31,14.98854539,0.08,187.356817375,0.4642151047844998,0.5357848952155002,,2017-04-28
600648,2017-06-30,14.14100156,0.24,58.92083983333333,0.5698344132469403,0.4301655867530597,,2017-08-30
600648,2017-09-30,,0.31,,,,,2017-10-27
600648,2017-12-31,,0.67,,,,,2018-04-27
600648,2018-03-31,,0.33,,,,,2018-04-27
600648,2018-06-30,,0.47,,,,,2018-08-29
600648,2018-09-30,,0.58,,,,,2018-10-27
600649,2015-06-30,7.86680015,0.99,7.946262777777778,0.9917165209387943,0.008283479061205745,,2015-08-29
600649,2015-09-30,10.76110951,1.05,10.248675723809525,0.9431082331174838,0.05689176688251618,,2015-10-31
600649,2015-12-31,19.48610604,1.13,17.244341628318583,0.8557149065623642,0.14428509343763585,,2016-03-31
600649,2016-03-31,12.88977308,0.22,58.58987763636363,0.840150446638458,0.15984955336154205,,2016-04-30
600649,2016-06-30,12.08205884,0.46,26.265345304347825,0.8741865509761388,0.12581344902386116,,2016-08-30
600649,2016-09-30,12.08205884,0.6,20.136764733333333,0.8602819237147595,0.13971807628524047,,2016-10-31
600649,2016-12-31,,0.65,,,,,2017-03-02
600649,2017-03-31,15.40546639,0.2,77.02733195,0.7706603400553579,0.22933965994464212,,2017-04-29
600649,2017-06-30,8.84278819,0.33,26.796327848484847,0.8700503959683226,0.12994960403167743,,2017-08-31
600649,2017-09-30,,0.38,,,,,2017-10-31
600649,2017-12-31,,0.66,,,,,2018-01-30
600649,2018-03-31,,0.16,,,,,2018-04-28
600649,2018-06-30,,0.28,,,,,2018-08-29
600649,2018-09-30,,0.35,,,,,2018-10-30
600650,2015-06-30,17.37987867,0.209,83.15731421052632,0.5655775425678785,0.4344224574321215,,2015-08-28
600650,2015-09-30,25.9517376,0.28,92.68477714285714,0.286308973172988,0.713691026827012,,2015-10-28
600650,2015-12-31,38.79191104,0.402,96.4972911442786,0.2994350282485876,0.7005649717514124,,2016-03-25
600650,2016-03-31,32.38030528,0.09,359.7811697777778,0.3032440056417489,0.6967559943582511,,2016-04-30
600650,2016-06-30,25.654904,0.23,111.54306086956521,0.410412147505423,0.589587852494577,,2016-08-27
600650,2016-09-30,21.37117311,0.32,66.78491596875,0.44112769485903813,0.5588723051409619,,2016-10-29
600650,2016-12-31,,0.43,,,,,2017-03-25
600650,2017-03-31,18.60036075,0.13,143.07969807692308,0.5516014234875445,0.4483985765124555,,2017-04-29
600650,2017-06-30,15.34209066,0.235,65.28549217021278,0.5223182145428366,0.47768178545716344,,2017-08-31
600650,2017-09-30,,0.34,,,,,2017-10-31
600650,2017-12-31,,0.449,,,,,2018-03-29
600650,2018-03-31,,0.139,,,,,2018-04-28
600650,2018-06-30,,0.294,,,,,2018-08-31
600650,2018-09-30,,0.383,,,,,2018-10-31
600651,2015-06-30,20.02948211,0.072,278.1872515277778,0.21030832949838932,0.7896916705016107,,2015-08-28
600651,2015-09-30,9.70834068,0.199,48.78563155778894,0.4856614246068455,0.5143385753931544,,2015-10-31
600651,2015-12-31,14.37731175,0.382,37.6369417539267,0.6171229900043459,0.3828770099956541,,2016-03-19
600651,2016-03-31,14.06539719,0.021,669.7808185714285,0.1758345086976963,0.8241654913023038,,2016-04-30
600651,2016-06-30,12.34011978,0.056,220.35928178571427,0.21995661605206074,0.7800433839479393,,2016-08-27
600651,2016-09-30,11.22364452,0.111,101.1139145945946,0.30265339966832505,0.697346600331675,,2016-10-29
600651,2016-12-31,,0.355,,,,,2017-04-01
600651,2017-03-31,10.15238598,-0.059,,,,,2017-04-29
600651,2017-06-30,8.32436682,0.115,72.3857984347826,0.47372210223182143,0.5262778977681786,,2017-08-26
600651,2017-09-30,,0.172,,,,,2017-10-28
600651,2017-12-31,,0.055,,,,,2018-04-28
600651,2018-03-31,,-0.201,,,,,2018-04-28
600651,2018-06-30,,-0.415,,,,,2018-08-31
600651,2018-09-30,,-0.841,,,,,2018-10-31
600653,2015-06-30,8.04,0.0314,256.0509554140127,0.22503451449608836,0.7749654855039116,,2015-08-15
600653,2015-09-30,4.91,0.0016,3068.75,0.006012950971322849,0.9939870490286772,,2015-10-31
600653,2015-12-31,5.43,0.0303,179.2079207920792,0.16644936983920033,0.8335506301607997,,2016-04-05
600653,2016-03-31,4.07,-0.0483,,,,,2016-04-30
600653,2016-06-30,3.93,-0.0441,,,,,2016-08-31
600653,2016-09-30,4.47,-0.0898,,,,,2016-10-29
600653,2016-12-31,,0.0351,,,,,2017-04-29
600653,2017-03-31,3.69,-0.0424,,,,,2017-04-29
600653,2017-06-30,3.26,-0.0896,,,,,2017-08-31
600653,2017-09-30,,-0.1489,,,,,2017-10-31
600653,2017-12-31,,-0.2933,,,,,2018-04-28
600653,2018-03-31,,-0.0657,,,,,2018-04-28
600653,2018-06-30,,-0.1136,,,,,2018-08-31
600653,2018-09-30,,-0.0551,,,,,2018-10-31
600654,2015-06-30,30.67239483,0.11,278.83995300000004,0.20984813621721124,0.7901518637827888,,2016-08-31
600654,2015-09-30,30.67239483,0.15,204.4826322,0.1267345050878816,0.8732654949121184,,2015-10-27
600654,2015-12-31,28.61830692,0.23,124.42742139130434,0.2320730117340287,0.7679269882659713,,2017-04-29
600654,2016-03-31,28.61830692,0.05,572.3661384,0.2007522331922896,0.7992477668077104,,2016-04-29
600654,2016-06-30,18.47516562,0.16,115.46978512499999,0.3995661605206074,0.6004338394793927,,2016-08-31
600654,2016-09-30,22.69037331,0.21,108.0493967142857,0.2839966832504146,0.7160033167495854,,2016-10-31
600654,2016-12-31,,0.19,,,,,2017-04-29
600654,2017-03-31,17.36904729,-0.03,,,,,2017-04-29
600654,2017-06-30,13.43286044,-0.05,,,,,2017-08-25
600654,2017-09-30,,-0.11,,,,,2017-10-30
600654,2017-12-31,,-0.57,,,,,2018-04-28
600654,2018-03-31,,-0.04,,,,,2018-04-28
600654,2018-06-30,,-0.07,,,,,2018-08-31
600654,2018-09-30,,-0.08,,,,,2018-10-31
600655,2015-06-30,12.04843005,0.288,41.834826562500005,0.7929130234698574,0.20708697653014263,,2015-08-29
600655,2015-09-30,11.62804869,0.371,31.342449299191376,0.6628122109158187,0.33718778908418134,,2015-10-31
600655,2015-12-31,12.13100496,0.591,20.526235126903554,0.8161668839634941,0.18383311603650587,,2016-03-30
600655,2016-03-31,9.64625085,0.024,401.92711875,0.27879642689233664,0.7212035731076634,,2016-04-30
600655,2016-06-30,8.26618292,0.099,83.49679717171718,0.5175704989154013,0.4824295010845987,,2016-08-30
600655,2016-09-30,8.33481359,0.294,28.349706088435376,0.761608623548922,0.238391376451078,,2016-10-29
600655,2016-12-31,,0.333,,,,,2017-03-28
600655,2017-03-31,8.70846946,0.137,63.5654705109489,0.8268090154211151,0.17319098457888493,,2017-04-29
600655,2017-06-30,8.70846468,0.228,38.19502052631579,0.7588192944564435,0.24118070554355653,,2017-08-30
600655,2017-09-30,,0.225,,,,,2017-10-31
600655,2017-12-31,,0.833,,,,,2018-03-19
600655,2018-03-31,,0.048,,,,,2018-04-28
600655,2018-06-30,,0.27,,,,,2018-08-27
600655,2018-09-30,,0.328,,,,,2018-10-31
600657,2015-06-30,7.16918728,0.15,47.79458186666667,0.7455131155085136,0.2544868844914864,,2015-08-22
600657,2015-09-30,5.0462726,0.11,45.87520545454545,0.5106382978723404,0.4893617021276596,,2015-10-31
600657,2015-12-31,6.04682665,0.56,10.797904732142856,0.9382877009995654,0.06171229900043462,,2016-03-26
600657,2016-03-31,4.96796837,-0.1,,,,,2016-04-30
600657,2016-06-30,4.4186295,0.09,49.09588333333333,0.7140997830802603,0.28590021691973966,,2016-08-23
600657,2016-09-30,4.99535825,0.11,45.412347727272724,0.5999170812603648,0.4000829187396352,,2016-10-29
600657,2016-12-31,,0.58,,,,,2017-03-30
600657,2017-03-31,5.217177,-0.09,,,,,2017-04-28
600657,2017-06-30,5.2171776,0.16,32.60736,0.8146148308135349,0.18538516918646508,,2017-08-30
600657,2017-09-30,,0.2,,,,,2017-10-28
600657,2017-12-31,,0.66,,,,,2018-03-28
600657,2018-03-31,,-0.07,,,,,2018-04-26
600657,2018-06-30,,0.16,,,,,2018-08-30
600657,2018-09-30,,0.41,,,,,2018-10-27
600660,2015-06-30,9.9404508,0.54,18.40824222222222,0.9512195121951219,0.04878048780487809,,2015-08-24
600660,2015-09-30,8.2489035,0.79,10.441650000000001,0.938945420906568,0.06105457909343204,,2015-10-27
600660,2015-12-31,10.5739109,1.1,9.612646272727272,0.9574098218166015,0.0425901781833985,,2016-03-21
600660,2016-03-31,10.3650779,0.23,45.06555608695652,0.8970380818053597,0.10296191819464029,,2016-04-19
600660,2016-06-30,10.266508,0.58,17.700875862068965,0.9401301518438178,0.05986984815618224,,2016-08-29
600660,2016-09-30,12.38580858,0.87,14.236561586206898,0.9286898839137645,0.0713101160862355,,2016-10-31
600660,2016-12-31,,1.25,,,,,2017-02-25
600660,2017-03-31,16.58041042,0.28,59.215751499999996,0.8473705021747726,0.1526294978252274,,2017-04-27
600660,2017-06-30,19.73707008,0.55,35.88558196363636,0.7829373650107991,0.21706263498920086,,2017-08-05
600660,2017-09-30,,0.85,,,,,2017-10-26
600660,2017-12-31,,1.26,,,,,2018-03-17
600660,2018-03-31,,0.22,,,,,2018-04-27
600660,2018-06-30,,0.74,,,,,2018-08-21
600660,2018-09-30,,1.3,,,,,2018-10-26
600663,2015-06-30,17.41680918,0.3608,48.272752716186254,0.742291762540267,0.25770823745973304,,2015-07-30
600663,2015-09-30,16.21927224,0.6034,26.8798015246934,0.709990749306198,0.290009250693802,,2015-10-29
600663,2015-12-31,17.55687198,0.6443,27.24952969113767,0.7292481529769665,0.27075184702303345,,2016-03-22
600663,2016-03-31,13.51956177,0.1888,71.60784835805084,0.7931358721203573,0.2068641278796427,,2016-04-28
600663,2016-06-30,14.49923475,0.2899,50.01460762331838,0.7045553145336225,0.2954446854663775,,2016-07-29
600663,2016-09-30,15.69103998,0.4871,32.213180004105936,0.7305140961857379,0.2694859038142621,,2016-10-27
600663,2016-12-31,,0.7879,,,,,2017-03-22
600663,2017-03-31,14.658567,0.1338,109.55580717488789,0.649663898774219,0.35033610122578096,,2017-04-27
600663,2017-06-30,15.32070576,0.3432,44.640751048951046,0.693304535637149,0.306695464362851,,2017-07-29
600663,2017-09-30,,0.4353,,,,,2017-10-26
600663,2017-12-31,,0.931,,,,,2018-03-30
600663,2018-03-31,,0.2039,,,,,2018-04-27
600663,2018-06-30,,0.5469,,,,,2018-07-27
600663,2018-09-30,,0.6393,,,,,2018-10-31
600666,2015-06-30,16.7615513,0.25,67.0462052,0.6396686608375518,0.3603313391624482,,2015-08-26
600666,2015-09-30,10.25389378,0.37,27.713226432432432,0.6988899167437558,0.3011100832562442,,2015-10-29
600666,2015-12-31,18.60906424,0.5,37.21812848,0.6227727075184702,0.37722729248152975,,2016-03-11
600666,2016-03-31,12.13686006,0.04,303.4215015,0.33991537376586745,0.6600846262341326,,2016-04-28
600666,2016-06-30,13.69286776,0.09,152.14297511111113,0.31323210412147506,0.6867678958785249,,2016-08-26
600666,2016-09-30,11.4632466,0.14,81.88033285714285,0.37396351575456055,0.6260364842454395,,2016-10-28
600666,2016-12-31,,0.61,,,,,2017-03-08
600666,2017-03-31,11.13234876,0.06,185.539146,0.46856465005931197,0.5314353499406881,,2017-04-29
600666,2017-06-30,10.9669068,0.06,182.78178,0.17386609071274298,0.826133909287257,,2017-08-25
600666,2017-09-30,,0.06,,,,,2017-10-25
600666,2017-12-31,,-0.03,,,,,2018-04-28
600666,2018-03-31,,0.04,,,,,2018-04-28
600666,2018-06-30,,0.03,,,,,2018-08-29
600666,2018-09-30,,-0.0037,,,,,2018-10-18
600667,2015-06-30,5.0960656,-0.007,,,,,2015-08-18
600667,2015-09-30,4.69865532,0.002,2349.32766,0.010638297872340425,0.9893617021276596,,2015-10-30
600667,2015-12-31,9.8108627,0.08,122.63578374999999,0.23598435462842243,0.7640156453715776,,2016-04-12
600667,2016-03-31,6.15048702,0.03,205.016234,0.45698166431593795,0.5430183356840621,,2016-04-27
600667,2016-06-30,8.79858261,0.05,175.9716522,0.28026030368763555,0.7197396963123645,,2016-08-30
600667,2016-09-30,7.58316279,0.08,94.789534875,0.3213101160862355,0.6786898839137645,,2016-10-31
600667,2016-12-31,,0.14,,,,,2017-04-27
600667,2017-03-31,6.36774297,0.02,318.3871485,0.3001186239620403,0.6998813760379596,,2017-04-27
600667,2017-06-30,6.1731896,0.08,77.16487,0.4456443484521238,0.5543556515478762,,2017-08-23
600667,2017-09-30,,0.14,,,,,2017-10-28
600667,2017-12-31,,0.2,,,,,2018-03-31
600667,2018-03-31,,0.04,,,,,2018-04-27
600667,2018-06-30,,0.1,,,,,2018-08-15
600667,2018-09-30,,0.17,,,,,2018-10-30
600668,2015-06-30,11.30027025,0.27,41.85285277777778,0.7924528301886793,0.2075471698113207,,2015-08-28
600668,2015-09-30,7.82034896,0.39,20.05217682051282,0.8117483811285846,0.1882516188714154,,2015-10-31
600668,2015-12-31,12.12980182,0.58,20.913451413793105,0.8105171664493699,0.18948283355063011,,2016-04-12
600668,2016-03-31,9.27978028,0.07,132.5682897142857,0.6036671368124118,0.3963328631875882,,2016-04-30
600668,2016-06-30,10.43541254,0.3,34.784708466666665,0.803470715835141,0.19652928416485904,,2016-08-25
600668,2016-09-30,11.02754209,0.49,22.505187938775514,0.8300165837479271,0.16998341625207292,,2016-10-31
600668,2016-12-31,,0.83,,,,,2017-04-18
600668,2017-03-31,12.08640905,0.33,36.62548196969697,0.930011862396204,0.06998813760379596,,2017-04-29
600668,2017-06-30,11.96798314,0.7,17.097118771428573,0.9452843772498201,0.05471562275017994,,2017-08-29
600668,2017-09-30,,0.85,,,,,2017-10-31
600668,2017-12-31,,1.01,,,,,2018-04-24
600668,2018-03-31,,0.3,,,,,2018-04-28
600668,2018-06-30,,0.88,,,,,2018-08-31
600668,2018-09-30,,1.42,,,,,2018-10-31
600673,2015-06-30,9.1369754,0.02,456.84877,0.13115508513575702,0.868844914864243,,2015-08-27
600673,2015-09-30,4.7671176,0.038,125.45046315789473,0.20952821461609622,0.7904717853839038,,2015-10-27
600673,2015-12-31,9.4141334,0.04,235.35333500000002,0.1338548457192525,0.8661451542807475,,2016-03-22
600673,2016-03-31,7.9082416,0.005,1581.64832,0.06958157028678891,0.9304184297132111,,2016-04-23
600673,2016-06-30,5.7997125,0.014,414.2651785714286,0.12017353579175705,0.879826464208243,,2016-08-18
600673,2016-09-30,5.6141217,0.029,193.59040344827585,0.15298507462686567,0.8470149253731343,,2016-10-26
600673,2016-12-31,,0.04,,,,,2017-03-28
600673,2017-03-31,6.76478466,0.017,397.9285094117647,0.23368920521945433,0.7663107947805456,,2017-04-22
600673,2017-06-30,6.76478466,0.084,80.53315071428571,0.4215262778977682,0.5784737221022318,,2017-08-19
600673,2017-09-30,,0.22,,,,,2017-10-25
600673,2017-12-31,,0.28,,,,,2018-03-27
600673,2018-03-31,,0.122,,,,,2018-04-25
600673,2018-06-30,,0.233,,,,,2018-08-15
600673,2018-09-30,,0.324,,,,,2018-10-30
600674,2015-06-30,9.00833841,0.3492,25.797074484536083,0.9065807639208467,0.09341923607915326,,2015-08-20
600674,2015-09-30,7.44574094,0.7281,10.226261420134598,0.9440333024976874,0.055966697502312646,,2015-10-24
600674,2015-12-31,7.74817916,0.8798,8.8067505796772,0.9643633202955237,0.03563667970447626,,2016-04-08
600674,2016-03-31,6.15677805,0.2091,29.444180057388806,0.9520451339915373,0.04795486600846266,,2016-04-29
600674,2016-06-30,6.14451488,0.3173,19.365001197604787,0.9310195227765726,0.06898047722342737,,2016-08-25
600674,2016-09-30,6.44950896,0.6363,10.135956247053278,0.964759535655058,0.03524046434494199,,2016-10-20
600674,2016-12-31,,0.7988,,,,,2017-04-26
600674,2017-03-31,6.7321864,0.18,37.40103555555556,0.9276393831553974,0.0723606168446026,,2017-04-26
600674,2017-06-30,7.30498016,0.2793,26.15460136054422,0.8765298776097912,0.12347012239020883,,2017-08-09
600674,2017-09-30,,0.6491,,,,,2017-10-25
600674,2017-12-31,,0.7416,,,,,2018-04-28
600674,2018-03-31,,0.19,,,,,2018-04-28
600674,2018-06-30,,0.2642,,,,,2018-08-24
600674,2018-09-30,,0.6295,,,,,2018-10-25
600675,2015-06-30,8.21685072,-0.396,,,,,2015-08-29
600675,2015-09-30,5.17276544,-0.705,,,,,2015-10-31
600675,2015-12-31,5.65952848,-1.33,,,,,2016-03-19
600675,2016-03-31,3.98855088,-0.045,,,,,2016-04-23
600675,2016-06-30,3.6688856,-0.03,,,,,2016-08-19
600675,2016-09-30,3.6688856,0.159,23.074752201257862,0.8213101160862355,0.1786898839137645,,2016-10-28
600675,2016-12-31,,0.35,,,,,2017-02-22
600675,2017-03-31,5.29627248,0.006,882.7120799999999,0.10794780545670225,0.8920521945432978,,2017-04-21
600675,2017-06-30,4.94754672,0.07,70.67923885714285,0.48272138228941686,0.5172786177105831,,2017-08-09
600675,2017-09-30,,0.046,,,,,2017-10-31
600675,2017-12-31,,0.2,,,,,2018-02-14
600675,2018-03-31,,0.001,,,,,2018-04-20
600675,2018-06-30,,0.15,,,,,2018-08-22
600675,2018-09-30,,0.14,,,,,2018-10-12
600676,2015-06-30,18.2094328,0.1974,92.24636676798379,0.5333640128854119,0.4666359871145881,,2015-08-28
600676,2015-09-30,11.8324452,0.2958,40.001505070993915,0.5670675300647549,0.43293246993524515,,2015-10-30
600676,2015-12-31,13.0027883,0.4,32.50697075,0.6727509778357236,0.3272490221642764,,2016-03-29
600676,2016-03-31,9.8327251,0.0897,109.61789409141582,0.6633756464503996,0.3366243535496004,,2016-04-29
600676,2016-06-30,8.33521735,0.1751,47.60261193603655,0.7219088937093275,0.27809110629067246,,2016-08-24
600676,2016-09-30,8.5498982,0.2416,35.38865149006622,0.6977611940298507,0.3022388059701493,,2016-10-28
600676,2016-12-31,,0.35,,,,,2017-03-28
600676,2017-03-31,8.05519885,0.082,98.23413231707316,0.686437327006722,0.313562672993278,,2017-04-27
600676,2017-06-30,7.0511866,0.1622,43.4721738594328,0.7041036717062635,0.29589632829373647,,2017-08-30
600676,2017-09-30,,0.2131,,,,,2017-10-30
600676,2017-12-31,,0.43,,,,,2018-03-28
600676,2018-03-31,,0.08,,,,,2018-04-27
600676,2018-06-30,,0.19,,,,,2018-08-30
600676,2018-09-30,,0.2,,,,,2018-10-31
600682,2015-06-30,36.43288551,0.17,214.3110912352941,0.266912103083295,0.733087896916705,,2015-08-28
600682,2015-09-30,36.43288551,-0.11,,,,,2015-10-31
600682,2015-12-31,36.43288551,0.45,80.9619678,0.35071707953063885,0.6492829204693611,,2016-03-30
600682,2016-03-31,26.73492318,-0.18,,,,,2016-04-29
600682,2016-06-30,27.63773649,-0.27,,,,,2016-08-31
600682,2016-09-30,27.15269444,-0.44,,,,,2016-10-28
600682,2016-12-31,,0.52,,,,,2017-03-31
600682,2017-03-31,35.6452158,-0.06,,,,,2017-04-28
600682,2017-06-30,36.0297135,0.08,450.37141875,0.06335493160547156,0.9366450683945284,,2017-08-31
600682,2017-09-30,,0.35,,,,,2017-10-31
600682,2017-12-31,,0.8,,,,,2018-03-31
600682,2018-03-31,,0.18,,,,,2018-04-28
600682,2018-06-30,,-1.01,,,,,2018-08-28
600682,2018-09-30,,-0.62,,,,,2018-10-30
600683,2015-06-30,9.57450659,-0.16,,,,,2015-08-26
600683,2015-09-30,6.71923742,-0.174,,,,,2015-10-27
600683,2015-12-31,8.81798228,0.16,55.11238925000001,0.4863102998696219,0.5136897001303782,,2016-04-28
600683,2016-03-31,7.5652431,0.05,151.30486199999999,0.5575928537846733,0.44240714621532673,,2016-04-28
600683,2016-06-30,7.62659436,0.05,152.5318872,0.3123644251626898,0.6876355748373102,,2016-08-26
600683,2016-09-30,7.76691049,0.133,58.397823233082704,0.49709784411276947,0.5029021558872305,,2016-10-27
600683,2016-12-31,,0.39,,,,,2017-04-21
600683,2017-03-31,6.87549037,-0.08,,,,,2017-04-21
600683,2017-06-30,6.45028927,0.06,107.50482116666667,0.31101511879049676,0.6889848812095032,,2017-08-25
600683,2017-09-30,,-0.003,,,,,2017-10-27
600683,2017-12-31,,0.43,,,,,2018-03-21
600683,2018-03-31,,0.12,,,,,2018-04-18
600683,2018-06-30,,0.17,,,,,2018-08-22
600683,2018-09-30,,0.109,,,,,2018-10-24
600684,2015-06-30,11.44903964,0.16,71.55649775,0.6134376438104003,0.38656235618959967,,2015-08-25
600684,2015-09-30,6.27388264,0.25,25.09553056,0.7377428307123034,0.2622571692876966,,2015-10-23
600684,2015-12-31,8.07324492,0.4,20.1831123,0.8222511951325511,0.17774880486744893,,2016-03-31
600684,2016-03-31,6.26592086,0.05,125.31841719999998,0.6205923836389281,0.3794076163610719,,2016-04-26
600684,2016-06-30,6.04290648,0.22,27.46775672727273,0.8642082429501085,0.13579175704989155,,2016-08-24
600684,2016-09-30,6.78318264,0.36,18.842174,0.8756218905472637,0.12437810945273631,,2016-10-21
600684,2016-12-31,,0.39,,,,,2017-03-31
600684,2017-03-31,6.42109104,0.14,45.864936,0.8960063266113089,0.10399367338869114,,2017-04-25
600684,2017-06-30,7.0809024,0.27,26.225564444444444,0.875089992800576,0.12491000719942402,,2017-08-23
600684,2017-09-30,,0.38,,,,,2017-10-23
600684,2017-12-31,,0.42,,,,,2018-03-31
600684,2018-03-31,,0.18,,,,,2018-04-25
600684,2018-06-30,,0.28,,,,,2018-08-23
600684,2018-09-30,,0.35,,,,,2018-10-26
600685,2015-06-30,52.1312931,-0.3866,,,,,2015-08-27
600685,2015-09-30,31.73082615,-0.688,,,,,2015-10-31
600685,2015-12-31,38.50187985,0.0709,543.0448497884344,0.048239895697522815,0.9517601043024772,,2016-03-25
600685,2016-03-31,28.52961165,0.0007,40756.588071428574,0.0018805829807240243,0.998119417019276,,2016-04-29
600685,2016-06-30,24.6008484,0.0262,938.9636793893129,0.0472885032537961,0.9527114967462039,,2016-08-31
600685,2016-09-30,25.99353615,0.0047,5530.5396063829785,0.003316749585406302,0.9966832504145937,,2016-10-29
600685,2016-12-31,,0.0504,,,,,2017-04-01
600685,2017-03-31,32.46036285,0.013,2496.9509884615386,0.031237643337287464,0.9687623566627125,,2017-04-29
600685,2017-06-30,26.5858431,0.0311,854.8502604501608,0.03599712023038157,0.9640028797696184,,2017-08-31
600685,2017-09-30,,-0.1323,,,,,2017-10-28
600685,2017-12-31,,-0.0357,,,,,2018-03-30
600685,2018-03-31,,-0.0237,,,,,2018-04-28
600685,2018-06-30,,-0.2561,,,,,2018-08-24
600685,2018-09-30,,-0.4862,,,,,2018-10-31
600688,2015-06-30,8.2984747,0.16,51.865466874999996,0.718361711919006,0.281638288080994,,2015-08-28
600688,2015-09-30,4.9342282,0.208,23.72225096153846,0.7567067530064755,0.2432932469935245,,2015-10-23
600688,2015-12-31,5.0115672,0.301,16.649724916943523,0.8635375923511517,0.13646240764884832,,2016-03-17
600688,2016-03-31,5.2745198,0.106,49.759620754716984,0.8772919605077574,0.12270803949224263,,2016-04-28
600688,2016-06-30,4.717679,0.287,16.43790592334495,0.9488069414316703,0.051193058568329675,,2016-08-24
600688,2016-09-30,4.62757274,0.382,12.114064764397904,0.9498341625207297,0.05016583747927028,,2016-10-28
600688,2016-12-31,,0.551,,,,,2017-03-16
600688,2017-03-31,5.0282624,0.179,28.090851396648045,0.9580862000790826,0.04191379992091737,,2017-04-28
600688,2017-06-30,5.19325226,0.238,21.820387647058826,0.9078473722102232,0.09215262778977684,,2017-08-24
600688,2017-09-30,,0.381,,,,,2017-10-27
600688,2017-12-31,,0.568,,,,,2018-03-21
600688,2018-03-31,,0.164,,,,,2018-04-27
600688,2018-06-30,,0.326,,,,,2018-08-22
600688,2018-09-30,,0.431,,,,,2018-10-26
600690,2015-06-30,11.79982584,0.449,26.280235723830735,0.902899217671422,0.097100782328578,,2015-08-29
600690,2015-09-30,7.17091752,0.59,12.154097491525423,0.9167437557816837,0.08325624421831634,,2015-10-31
600690,2015-12-31,7.85160064,0.706,11.121247365439094,0.9326379834854411,0.06736201651455886,,2016-04-29
600690,2016-03-31,6.70393724,0.262,25.587546717557252,0.9637987776210625,0.036201222378937525,,2016-04-29
600690,2016-06-30,7.02844896,0.543,12.943736574585635,0.9657266811279827,0.034273318872017344,,2016-08-31
600690,2016-09-30,8.1934242,0.627,13.067662200956939,0.943200663349917,0.056799336650082966,,2016-10-29
600690,2016-12-31,,0.827,,,,,2017-04-29
600690,2017-03-31,9.8418054,0.285,34.53265052631579,0.9402926057730329,0.059707394226967136,,2017-04-29
600690,2017-06-30,12.1608515,0.724,16.796756215469614,0.9481641468682506,0.05183585313174943,,2017-08-28
600690,2017-09-30,,0.919,,,,,2017-10-31
600690,2017-12-31,,1.133,,,,,2018-04-26
600690,2018-03-31,,0.32,,,,,2018-04-26
600690,2018-06-30,,0.785,,,,,2018-08-31
600690,2018-09-30,,1.01,,,,,2018-10-31
600692,2015-06-30,20.83891408,0.0191,1091.0426219895287,0.05568338702254947,0.9443166129774505,,2015-08-25
600692,2015-09-30,12.0032942,0.0583,205.88840823327615,0.1253469010175763,0.8746530989824237,,2015-10-27
600692,2015-12-31,15.96786772,0.1172,136.24460511945392,0.21164710995219468,0.7883528900478053,,2016-03-29
600692,2016-03-31,14.45375924,0.022,656.9890563636365,0.17865538316878232,0.8213446168312177,,2016-04-28
600692,2016-06-30,15.15104604,0.031,488.74342064516134,0.10455531453362256,0.8954446854663775,,2016-08-23
600692,2016-09-30,15.08131736,0.0904,166.82873185840708,0.1824212271973466,0.8175787728026533,,2016-10-28
600692,2016-12-31,,0.134,,,,,2017-03-28
600692,2017-03-31,16.26670492,0.029,560.9208593103448,0.17200474495848161,0.8279952550415184,,2017-04-27
600692,2017-06-30,12.949612,0.0622,208.1931189710611,0.15478761699064075,0.8452123830093592,,2017-08-29
600692,2017-09-30,,0.1077,,,,,2017-10-28
600692,2017-12-31,,0.1816,,,,,2018-03-30
600692,2018-03-31,,0.023,,,,,2018-04-26
600692,2018-06-30,,0.0667,,,,,2018-08-29
600692,2018-09-30,,0.0995,,,,,2018-10-26
600693,2015-06-30,5.7889512,0.1157,50.0341503889369,0.7321675103543488,0.2678324896456512,,2015-08-15
600693,2015-09-30,3.4175736,0.1023,33.40736656891495,0.6322849213691026,0.36771507863089736,,2015-10-31
600693,2015-12-31,6.28647552,0.1168,53.82256438356164,0.4954367666232073,0.5045632333767927,,2016-03-31
600693,2016-03-31,6.73285248,0.0505,133.3238114851485,0.6013164080865068,0.39868359191349323,,2016-04-29
600693,2016-06-30,6.244224,0.0114,547.738947368421,0.09327548806941431,0.9067245119305857,,2016-08-26
600693,2016-09-30,8.26988,0.009,918.8755555555557,0.02943615257048093,0.9705638474295191,,2016-10-29
600693,2016-12-31,,0.1125,,,,,2017-04-13
600693,2017-03-31,12.35836,0.0337,366.7169139465875,0.2601818900751285,0.7398181099248715,,2017-04-29
600693,2017-06-30,11.447744,0.1038,110.28655105973024,0.3052555795536357,0.6947444204463643,,2017-08-19
600693,2017-09-30,,0.1539,,,,,2017-10-28
600693,2017-12-31,,0.2754,,,,,2018-04-04
600693,2018-03-31,,0.0327,,,,,2018-04-28
600693,2018-06-30,,0.0385,,,,,2018-08-25
600693,2018-09-30,,0.0444,,,,,2018-10-27
600694,2015-06-30,28.10153272,2.09,13.4457094354067,0.9792913023469857,0.020708697653014307,,2015-08-28
600694,2015-09-30,17.09577687,2.16,7.914711513888889,0.9699352451433858,0.030064754856614195,,2015-10-28
600694,2015-12-31,26.24605887,2.25,11.664915053333333,0.9274228596262495,0.07257714037375051,,2016-04-07
600694,2016-03-31,20.01878362,1.0,20.01878362,0.9769628584861307,0.023037141513869264,,2016-04-20
600694,2016-06-30,19.81515024,1.74,11.388017379310346,0.9739696312364425,0.026030368763557465,,2016-08-23
600694,2016-09-30,21.29151268,2.21,9.634168633484164,0.9697346600331676,0.03026533996683245,,2016-10-25
600694,2016-12-31,,2.39,,,,,2017-04-26
600694,2017-03-31,21.46641276,1.12,19.166439964285715,0.977856860419138,0.022143139580862004,,2017-04-29
600694,2017-06-30,20.42035794,1.77,11.536925389830508,0.9791216702663786,0.02087832973362136,,2017-08-29
600694,2017-09-30,,2.2,,,,,2017-10-30
600694,2017-12-31,,2.98,,,,,2018-04-25
600694,2018-03-31,,1.2,,,,,2018-04-28
600694,2018-06-30,,2.09,,,,,2018-08-28
600694,2018-09-30,,2.67,,,,,2018-10-30
600698,2015-06-30,11.43,0.0051,2241.176470588235,0.02807179015186378,0.9719282098481362,,2015-07-29
600698,2015-09-30,5.83,0.0018,3238.888888888889,0.005550416281221091,0.9944495837187789,,2015-10-28
600698,2015-12-31,7.53,-0.0483,,,,,2016-04-27
600698,2016-03-31,5.86,0.0034,1723.529411764706,0.06299952985425482,0.9370004701457452,,2016-04-27
600698,2016-06-30,5.92,0.0075,789.3333333333334,0.05900216919739696,0.940997830802603,,2016-07-27
600698,2016-09-30,6.03,0.0081,744.4444444444446,0.03648424543946932,0.9635157545605306,,2016-10-26
600698,2016-12-31,,0.0103,,,,,2017-04-26
600698,2017-03-31,12.78,0.0035,3651.428571428571,0.017793594306049824,0.9822064056939501,,2017-04-26
600698,2017-06-30,9.69,0.0059,1642.3728813559321,0.016918646508279338,0.9830813534917207,,2017-07-26
600698,2017-09-30,,-0.0096,,,,,2017-10-27
600698,2017-12-31,,-0.0865,,,,,2018-04-26
600698,2018-03-31,,-0.0024,,,,,2018-04-26
600698,2018-06-30,,-0.0035,,,,,2018-07-27
600698,2018-09-30,,-0.0024,,,,,2018-10-26
600699,2015-06-30,26.17963653,0.3,87.2654551,0.5457892314772205,0.45421076852277953,,2015-08-26
600699,2015-09-30,16.42121289,0.42,39.09812592857143,0.5767807585568918,0.4232192414431082,,2015-10-28
600699,2015-12-31,21.35509375,0.61,35.00835040983607,0.6484137331594959,0.3515862668405041,,2016-04-20
600699,2016-03-31,23.37784823,0.18,129.87693461111112,0.60742830277386,0.39257169722614005,,2016-04-23
600699,2016-06-30,26.1728029,0.36,72.70223027777779,0.5774403470715835,0.42255965292841646,,2016-08-16
600699,2016-09-30,23.10450303,0.59,39.16017462711864,0.6567164179104478,0.34328358208955223,,2016-10-28
600699,2016-12-31,,0.66,,,,,2017-04-15
600699,2017-03-31,22.08629216,0.22,100.39223709090909,0.6777382364570976,0.32226176354290237,,2017-04-25
600699,2017-06-30,22.07724611,0.65,33.96499401538462,0.7994960403167747,0.20050395968322532,,2017-08-19
600699,2017-09-30,,0.93,,,,,2017-10-28
600699,2017-12-31,,0.42,,,,,2018-04-28
600699,2018-03-31,,0.03,,,,,2018-04-28
600699,2018-06-30,,0.87,,,,,2018-08-23
600699,2018-09-30,,1.11,,,,,2018-10-26
600702,2015-06-30,24.32055115,0.02,1216.0275575,0.049700874367234235,0.9502991256327658,,2015-08-21
600702,2015-09-30,12.32340638,0.0117,1053.2825965811965,0.020351526364477335,0.9796484736355227,,2015-10-27
600702,2015-12-31,21.33757731,0.0211,1011.2595881516587,0.024337244676227728,0.9756627553237722,,2016-04-12
600702,2016-03-31,16.48092472,0.0361,456.53531080332414,0.25058768218147626,0.7494123178185237,,2016-04-26
600702,2016-06-30,23.52819796,0.0687,342.47740844250364,0.14229934924078091,0.8577006507592191,,2016-08-31
600702,2016-09-30,20.143836,0.1625,123.96206769230768,0.2537313432835821,0.7462686567164178,,2016-10-27
600702,2016-12-31,,0.2378,,,,,2017-03-03
600702,2017-03-31,24.3404685,0.1211,200.9947853014038,0.43969948596283115,0.5603005140371689,,2017-04-21
600702,2017-06-30,24.88835961,0.1848,134.6772706168831,0.24154067674586033,0.7584593232541397,,2017-08-24
600702,2017-09-30,,0.2831,,,,,2017-10-28
600702,2017-12-31,,0.4257,,,,,2018-04-21
600702,2018-03-31,,0.2453,,,,,2018-04-26
600702,2018-06-30,,0.4917,,,,,2018-08-18
600702,2018-09-30,,0.8126,,,,,2018-10-26
600703,2015-06-30,18.1719036,0.38,47.820798947368424,0.7450529222273354,0.25494707777266457,,2015-08-19
600703,2015-09-30,11.45468556,0.38,30.143909368421053,0.6748381128584644,0.3251618871415356,,2015-10-28
600703,2015-12-31,14.09628816,0.44,32.03701854545454,0.6801390699695784,0.3198609300304216,,2016-04-20
600703,2016-03-31,11.41404552,0.11,103.76405018181818,0.685002350728726,0.31499764927127405,,2016-04-20
600703,2016-06-30,11.59402284,0.24,48.3084285,0.7188720173535792,0.2811279826464208,,2016-08-24
600703,2016-09-30,11.29115346,0.37,30.516630972972973,0.7433665008291874,0.2566334991708126,,2016-10-28
600703,2016-12-31,,0.53,,,,,2017-04-13
600703,2017-03-31,15.03293454,0.17,88.42902670588234,0.7255832344800316,0.2744167655199684,,2017-04-25
600703,2017-06-30,18.7207721,0.37,50.59668135135136,0.6378689704823615,0.36213102951763854,,2017-08-11
600703,2017-09-30,,0.58,,,,,2017-10-26
600703,2017-12-31,,0.78,,,,,2018-04-20
600703,2018-03-31,,0.24,,,,,2018-04-26
600703,2018-06-30,,0.45,,,,,2018-08-23
600703,2018-09-30,,0.64,,,,,2018-10-31
600704,2015-06-30,8.08407252,0.25,32.33629008,0.8605614358030372,0.13943856419696277,,2015-08-25
600704,2015-09-30,4.90528521,0.4072,12.046378217092338,0.9195189639222942,0.08048103607770585,,2015-10-30
600704,2015-12-31,5.96488098,0.46,12.96713256521739,0.914819643633203,0.085180356366797,,2016-04-13
600704,2016-03-31,4.51936215,0.0771,58.61688910505836,0.8392101551480959,0.16078984485190406,,2016-04-26
600704,2016-06-30,4.20335136,0.14,30.023938285714284,0.8451193058568329,0.15488069414316707,,2016-08-23
600704,2016-09-30,4.61650128,0.2461,18.758639902478663,0.8764510779436152,0.12354892205638479,,2016-10-26
600704,2016-12-31,,0.44,,,,,2017-04-25
600704,2017-03-31,4.77816864,0.0774,61.73344496124031,0.8355081059707394,0.16449189402926057,,2017-04-25
600704,2017-06-30,5.13926775,0.19,27.048777631578947,0.8671706263498921,0.13282937365010794,,2017-08-29
600704,2017-09-30,,0.3016,,,,,2017-10-27
600704,2017-12-31,,0.46,,,,,2018-04-17
600704,2018-03-31,,0.179,,,,,2018-04-28
600704,2018-06-30,,0.2623,,,,,2018-08-28
600704,2018-09-30,,0.3822,,,,,2018-10-30
600706,2015-06-30,17.35253248,0.15,115.68354986666668,0.44592728946157384,0.5540727105384262,,2015-08-25
600706,2015-09-30,11.6318264,0.28,41.54223714285714,0.5504162812210915,0.44958371877890846,,2015-10-30
600706,2015-12-31,19.86103312,0.27,73.55938192592592,0.38374619730551934,0.6162538026944806,,2016-04-19
600706,2016-03-31,14.96821504,0.08,187.102688,0.48707099200752235,0.5129290079924776,,2016-04-29
600706,2016-06-30,14.80263744,0.24,61.677656,0.6338394793926247,0.36616052060737525,,2016-08-27
600706,2016-09-30,15.71331424,0.37,42.46841686486487,0.6235489220563848,0.3764510779436152,,2016-10-27
600706,2016-12-31,,0.3,,,,,2017-04-19
600706,2017-03-31,16.01135392,0.16,100.07096200000001,0.6785290628706999,0.3214709371293001,,2017-04-28
600706,2017-06-30,16.45841344,0.28,58.780048,0.5705543556515479,0.4294456443484521,,2017-08-25
600706,2017-09-30,,0.44,,,,,2017-10-27
600706,2017-12-31,,0.35,,,,,2018-04-20
600706,2018-03-31,,0.17,,,,,2018-04-25
600706,2018-06-30,,0.4,,,,,2018-08-22
600706,2018-09-30,,0.53,,,,,2018-10-26
600707,2015-06-30,15.6187682,-0.213,,,,,2015-08-26
600707,2015-09-30,13.74849532,-0.313,,,,,2015-10-20
600707,2015-12-31,10.78391384,0.07,154.05591199999998,0.1912212081703607,0.8087787918296393,,2016-03-25
600707,2016-03-31,8.03819408,-0.065,,,,,2016-04-28
600707,2016-06-30,11.7389468,-0.147,,,,,2016-08-26
600707,2016-09-30,9.2021405,-0.125,,,,,2016-10-28
600707,2016-12-31,,-0.37,,,,,2017-03-17
600707,2017-03-31,8.07798712,-0.064,,,,,2017-04-28
600707,2017-06-30,7.87902192,-0.1,,,,,2017-08-30
600707,2017-09-30,,-0.07,,,,,2017-10-31
600707,2017-12-31,,0.05,,,,,2018-03-30
600707,2018-03-31,,-0.008,,,,,2018-04-28
600707,2018-06-30,,-0.037,,,,,2018-08-31
600707,2018-09-30,,-0.074,,,,,2018-10-31
600710,2015-06-30,6.05404201,-0.32,,,,,2015-08-28
600710,2015-09-30,4.06091104,-0.53,,,,,2015-10-31
600710,2015-12-31,4.06091104,-0.28,,,,,2016-03-30
600710,2016-03-31,6.98715576,-0.01,,,,,2016-04-28
600710,2016-06-30,6.98715576,0.01,698.715576,0.06941431670281996,0.93058568329718,,2016-08-25
600710,2016-09-30,6.98715576,0.0,,,,,2016-10-29
600710,2016-12-31,,0.2,,,,,2017-04-20
600710,2017-03-31,6.98715576,0.06,116.45259600000001,0.6279161724001582,0.3720838275998418,,2017-04-20
600710,2017-06-30,6.98715576,0.13,53.747352,0.6058315334773218,0.39416846652267823,,2017-08-12
600710,2017-09-30,,0.21,,,,,2017-10-25
600710,2017-12-31,,0.27,,,,,2018-03-20
600710,2018-03-31,,0.06,,,,,2018-04-17
600710,2018-06-30,,0.16,,,,,2018-08-09
600710,2018-09-30,,0.27,,,,,2018-10-30
600711,2015-06-30,10.59646341,0.024,441.51930875,0.13713759779107226,0.8628624022089277,,2015-08-20
600711,2015-09-30,5.66831155,0.056,101.21984910714286,0.257631822386679,0.7423681776133211,,2015-10-29
600711,2015-12-31,7.18610737,0.092,78.10986271739131,0.36201651455888745,0.6379834854411126,,2016-03-25
600711,2016-03-31,6.68017543,0.004,1670.0438575,0.06535025858015985,0.9346497414198401,,2016-04-25
600711,2016-06-30,6.9566438,0.036,193.24010555555557,0.25509761388286334,0.7449023861171367,,2016-08-16
600711,2016-09-30,6.79682901,0.078,87.13883346153845,0.3486733001658375,0.6513266998341625,,2016-10-25
600711,2016-12-31,,0.129,,,,,2017-03-10
600711,2017-03-31,6.59941074,0.063,104.75255142857142,0.6635033610122578,0.3364966389877422,,2017-04-22
600711,2017-06-30,6.26159304,0.15,41.743953600000005,0.7228221742260619,0.2771778257739381,,2017-08-08
600711,2017-09-30,,0.253,,,,,2017-10-19
600711,2017-12-31,,0.382,,,,,2018-03-13
600711,2018-03-31,,0.1,,,,,2018-04-10
600711,2018-06-30,,0.222,,,,,2018-08-28
600711,2018-09-30,,0.278,,,,,2018-10-30
600712,2015-06-30,11.15900396,0.0025,4463.601584,0.01150483202945237,0.9884951679705476,,2015-08-27
600712,2015-09-30,7.0367601,-0.01,,,,,2015-10-29
600712,2015-12-31,9.99120122,0.05,199.8240244,0.15514993481095177,0.8448500651890483,,2016-04-15
600712,2016-03-31,9.30249704,0.0014,6644.640742857143,0.011283497884344146,0.9887165021156559,,2016-04-30
600712,2016-06-30,10.50024344,-0.0095,,,,,2016-08-27
600712,2016-09-30,10.04,-0.03,,,,,2016-10-28
600712,2016-12-31,,-0.06,,,,,2017-04-28
600712,2017-03-31,9.87,-0.0003,,,,,2017-04-29
600712,2017-06-30,6.91,-0.023,,,,,2017-08-26
600712,2017-09-30,,-0.02,,,,,2017-10-28
600712,2017-12-31,,0.0,,,,,2018-04-18
600712,2018-03-31,,-0.0002,,,,,2018-04-26
600712,2018-06-30,,-0.014,,,,,2018-08-24
600712,2018-09-30,,-0.07,,,,,2018-10-30
600718,2015-06-30,20.47767837,0.07,292.5382624285714,0.20156465715600552,0.7984353428439945,,2015-07-25
600718,2015-09-30,13.13005032,0.13,101.00038707692308,0.2608695652173913,0.7391304347826086,,2015-10-29
600718,2015-12-31,29.3511924,0.31,94.6812658064516,0.30247718383311606,0.6975228161668839,,2016-03-26
600718,2016-03-31,17.70524424,0.02,885.262212,0.1325811001410437,0.8674188998589563,,2016-04-27
600718,2016-06-30,17.40814032,0.08,217.601754,0.22212581344902385,0.7778741865509762,,2016-08-27
600718,2016-09-30,16.36289172,1.66,9.857163686746988,0.9672470978441128,0.03275290215588722,,2016-10-29
600718,2016-12-31,,1.51,,,,,2017-03-31
600718,2017-03-31,18.3393618,0.02,916.96809,0.10162119414788454,0.8983788058521155,,2017-04-29
600718,2017-06-30,14.87271975,0.1,148.7271975,0.21706263498920086,0.7829373650107991,,2017-08-31
600718,2017-09-30,,0.13,,,,,2017-10-28
600718,2017-12-31,,0.86,,,,,2018-03-31
600718,2018-03-31,,0.02,,,,,2018-04-28
600718,2018-06-30,,0.09,,,,,2018-08-25
600718,2018-09-30,,0.1,,,,,2018-10-31
600720,2015-06-30,7.63356852,-0.0452,,,,,2015-08-21
600720,2015-09-30,4.76883932,0.0812,58.72954827586207,0.42183163737280294,0.5781683626271971,,2015-10-29
600720,2015-12-31,6.53864149,0.2309,28.318066219142487,0.7166449369839201,0.28335506301607993,,2016-03-25
600720,2016-03-31,5.39086184,-0.248,,,,,2016-04-22
600720,2016-06-30,4.96877513,-0.024,,,,,2016-08-19
600720,2016-09-30,5.33055199,0.2625,20.30686472380952,0.857379767827529,0.142620232172471,,2016-10-22
600720,2016-12-31,,0.2146,,,,,2017-03-16
600720,2017-03-31,7.24446687,-0.1554,,,,,2017-04-18
600720,2017-06-30,5.85388809,0.2383,24.565203902643724,0.8891288696904248,0.11087113030957518,,2017-08-17
600720,2017-09-30,,0.7469,,,,,2017-10-17
600720,2017-12-31,,0.7403,,,,,2018-03-22
600720,2018-03-31,,-0.1786,,,,,2018-04-27
600720,2018-06-30,,0.2827,,,,,2018-08-18
600720,2018-09-30,,0.7099,,,,,2018-10-26
600722,2015-06-30,6.9,-0.198,,,,,2015-08-18
600722,2015-09-30,4.39,0.3489,12.582401834336485,0.9111933395004626,0.08880666049953745,,2015-10-20
600722,2015-12-31,8.81,0.3593,24.519899805176735,0.7657540199913081,0.2342459800086919,,2016-01-29
600722,2016-03-31,6.34,0.002,3170.0,0.03432063939821345,0.9656793606017866,,2016-04-26
600722,2016-06-30,7.43,0.0085,874.1176470588234,0.052494577006507594,0.9475054229934924,,2016-08-08
600722,2016-09-30,8.27,0.0231,358.008658008658,0.0845771144278607,0.9154228855721394,,2016-10-25
600722,2016-12-31,,0.04,,,,,2017-03-15
600722,2017-03-31,11.48,0.0191,601.0471204188482,0.15856069592724398,0.841439304072756,,2017-04-20
600722,2017-06-30,10.36,0.0313,330.99041533546324,0.09467242620590353,0.9053275737940965,,2017-08-03
600722,2017-09-30,,0.0467,,,,,2017-10-21
600722,2017-12-31,,0.0506,,,,,2018-02-10
600722,2018-03-31,,0.0051,,,,,2018-04-13
600722,2018-06-30,,0.0285,,,,,2018-07-26
600722,2018-09-30,,0.0574,,,,,2018-10-16
600727,2015-06-30,10.2466493,0.06,170.77748833333334,0.32443626323055685,0.6755637367694431,,2015-07-30
600727,2015-09-30,6.68099914,0.07,95.44284485714284,0.2761332099907493,0.7238667900092507,,2015-10-28
600727,2015-12-31,9.96176488,0.08,124.52206100000001,0.23163841807909605,0.768361581920904,,2016-03-31
600727,2016-03-31,8.06866196,0.01,806.866196,0.14480488951574988,0.8551951104842501,,2016-04-30
600727,2016-06-30,8.34435656,0.04,208.608914,0.23297180043383947,0.7670281995661605,,2016-08-18
600727,2016-09-30,8.5465326,0.05,170.930652,0.17454394693200664,0.8254560530679933,,2016-10-28
600727,2016-12-31,,0.09,,,,,2017-03-10
600727,2017-03-31,8.80384756,0.01,880.3847559999999,0.10834321866350335,0.8916567813364966,,2017-04-29
600727,2017-06-30,9.08873198,0.08,113.60914975,0.29517638588912887,0.7048236141108711,,2017-08-17
600727,2017-09-30,,0.13,,,,,2017-10-31
600727,2017-12-31,,0.22,,,,,2018-03-22
600727,2018-03-31,,0.07,,,,,2018-04-26
600727,2018-06-30,,0.15,,,,,2018-08-29
600727,2018-09-30,,0.24,,,,,2018-10-26
600728,2015-06-30,12.60868464,0.0113,1115.8128000000002,0.054302807179015186,0.9456971928209849,,2015-08-31
600728,2015-09-30,8.29725552,-0.0108,,,,,2015-10-31
600728,2015-12-31,13.95226368,0.1311,106.42458947368421,0.2746631899174272,0.7253368100825728,,2016-03-22
600728,2016-03-31,7.79200992,-0.0078,,,,,2016-04-30
600728,2016-06-30,9.46249776,0.0005,18924.99552,0.0008676789587852494,0.9991323210412147,,2016-08-30
600728,2016-09-30,9.1022998,0.0007,13003.28542857143,0.0008291873963515755,0.9991708126036484,,2016-10-31
600728,2016-12-31,,0.0713,,,,,2017-04-28
600728,2017-03-31,8.49872484,0.0081,1049.2252888888888,0.08422301304863583,0.9157769869513641,,2017-04-28
600728,2017-06-30,7.53495192,0.0209,360.5240153110048,0.08279337652987762,0.9172066234701224,,2017-08-29
600728,2017-09-30,,0.0336,,,,,2017-10-31
600728,2017-12-31,,0.1334,,,,,2018-03-17
600728,2018-03-31,,0.0182,,,,,2018-04-21
600728,2018-06-30,,0.0426,,,,,2018-08-08
600728,2018-09-30,,0.0702,,,,,2018-10-11
600729,2015-06-30,19.94616158,1.03,19.365205417475725,0.9452369995398067,0.054763000460193334,,2015-08-22
600729,2015-09-30,20.07632609,0.95,21.132974831578945,0.7969472710453284,0.20305272895467164,,2015-10-28
600729,2015-12-31,20.07632609,0.88,22.814006920454542,0.7900912646675359,0.20990873533246412,,2016-04-07
600729,2016-03-31,13.99578398,0.79,17.716182253164558,0.9821344616831218,0.017865538316878204,,2016-04-26
600729,2016-06-30,15.3718088,0.94,16.352988085106386,0.9496746203904556,0.05032537960954442,,2016-08-24
600729,2016-09-30,16.88892846,0.97,17.411266453608246,0.8930348258706468,0.10696517412935325,,2016-10-31
600729,2016-12-31,,1.03,,,,,2017-02-28
600729,2017-03-31,16.65697213,0.9,18.50774681111111,0.9798339264531435,0.02016607354685651,,2017-04-27
600729,2017-06-30,16.82623756,1.21,13.905981454545454,0.9668826493880489,0.03311735061195109,,2017-08-25
600729,2017-09-30,,1.23,,,,,2017-10-27
600729,2017-12-31,,1.49,,,,,2018-03-16
600729,2018-03-31,,1.29,,,,,2018-04-27
600729,2018-06-30,,1.71,,,,,2018-08-25
600729,2018-09-30,,1.89,,,,,2018-10-27
600732,2015-06-30,6.1707888,-0.0538,,,,,2015-08-25
600732,2015-09-30,5.40645246,-0.0609,,,,,2015-10-31
600732,2015-12-31,5.40645246,-0.25,,,,,2016-03-18
600732,2016-03-31,5.37840342,-0.0167,,,,,2016-04-26
600732,2016-06-30,5.37840342,-0.0686,,,,,2016-08-30
600732,2016-09-30,5.37840342,-0.0812,,,,,2016-10-31
600732,2016-12-31,,0.0438,,,,,2017-02-22
600732,2017-03-31,5.37840342,0.058,92.73109344827586,0.7054171609331752,0.2945828390668248,,2017-04-25
600732,2017-06-30,4.89455748,0.1601,30.571876826983136,0.834053275737941,0.16594672426205903,,2017-08-22
600732,2017-09-30,,0.1487,,,,,2017-10-26
600732,2017-12-31,,0.1366,,,,,2018-04-20
600732,2018-03-31,,0.001,,,,,2018-04-28
600732,2018-06-30,,-0.0134,,,,,2018-08-28
600732,2018-09-30,,0.0764,,,,,2018-10-31
600733,2015-06-30,19.9086201,-0.034,,,,,2015-08-25
600733,2015-09-30,8.36333424,-0.044,,,,,2015-10-28
600733,2015-12-31,11.996586,-0.153,,,,,2016-03-19
600733,2016-03-31,8.66039256,-0.011,,,,,2016-04-22
600733,2016-06-30,11.69667135,-0.021,,,,,2016-08-31
600733,2016-09-30,14.33306394,-0.032,,,,,2016-10-25
600733,2016-12-31,,-0.169,,,,,2017-03-21
600733,2017-03-31,14.33306394,0.002,7166.53197,0.006326611308817715,0.9936733886911823,,2017-04-26
600733,2017-06-30,14.33306394,-0.008,,,,,2017-08-29
600733,2017-09-30,,0.0327,,,,,2017-10-20
600733,2017-12-31,,0.0859,,,,,2018-02-08
600733,2018-03-31,,-0.325,,,,,2018-04-20
600733,2018-06-30,,0.1255,,,,,2018-08-04
600733,2018-09-30,,0.0495,,,,,2018-10-31
600736,2015-06-30,10.3824406,0.0336,309.00120833333335,0.18913943856419696,0.8108605614358031,,2015-08-12
600736,2015-09-30,7.429051,0.0599,124.02422370617697,0.21137835337650324,0.7886216466234968,,2015-10-31
600736,2015-12-31,10.02694,0.17,58.98199999999999,0.46153846153846156,0.5384615384615384,,2016-03-08
600736,2016-03-31,8.1491676,0.0756,107.79322222222223,0.6718382698636577,0.3281617301363423,,2016-04-27
600736,2016-06-30,8.37126048,0.22,38.051184,0.7830802603036876,0.2169197396963124,,2016-08-16
600736,2016-09-30,8.71968096,0.2447,35.63416820596649,0.6944444444444444,0.3055555555555556,,2016-10-28
600736,2016-12-31,,0.26,,,,,2017-03-02
600736,2017-03-31,7.75694016,0.0872,88.95573577981652,0.7228153420324239,0.2771846579675761,,2017-04-22
600736,2017-06-30,6.55310523,0.2166,30.254410110803324,0.8354931605471563,0.16450683945284372,,2017-08-30
600736,2017-09-30,,0.2615,,,,,2017-10-28
600736,2017-12-31,,0.48,,,,,2018-03-22
600736,2018-03-31,,0.1,,,,,2018-04-28
600736,2018-06-30,,0.27,,,,,2018-08-22
600736,2018-09-30,,0.29,,,,,2018-10-30
600737,2015-06-30,15.94555845,-0.0116,,,,,2015-08-28
600737,2015-09-30,10.4056071,0.0361,288.24396398891963,0.08371877890841813,0.9162812210915818,,2015-10-30
600737,2015-12-31,11.07224025,0.0371,298.4431334231806,0.0995219469795741,0.9004780530204259,,2016-04-12
600737,2016-03-31,9.4094886,-0.0093,,,,,2016-04-28
600737,2016-06-30,8.85012975,0.0461,191.976784164859,0.2563991323210412,0.7436008676789587,,2016-08-23
600737,2016-09-30,8.7719875,0.1619,54.18151636812848,0.5261194029850746,0.47388059701492535,,2016-10-29
600737,2016-12-31,,0.251,,,,,2017-04-18
600737,2017-03-31,8.64140625,0.092,93.92832880434781,0.7014630288651641,0.2985369711348359,,2017-04-28
600737,2017-06-30,7.35063536,0.1706,43.086959906213366,0.7105831533477321,0.28941684665226786,,2017-08-29
600737,2017-09-30,,0.2459,,,,,2017-10-31
600737,2017-12-31,,0.3607,,,,,2018-04-18
600737,2018-03-31,,0.1682,,,,,2018-04-28
600737,2018-06-30,,0.2483,,,,,2018-08-29
600737,2018-09-30,,0.389,,,,,2018-10-30
600738,2015-06-30,8.0626134,0.149,54.11149932885906,0.7054763000460194,0.29452369995398064,,2015-07-24
600738,2015-09-30,4.97859255,0.207,24.051171739130435,0.7520814061054579,0.24791859389454207,,2015-10-30
600738,2015-12-31,7.977144,0.23,34.68323478260869,0.6523250760538896,0.34767492394611044,,2016-03-18
600738,2016-03-31,6.04696005,0.065,93.03015461538462,0.7150916784203103,0.2849083215796897,,2016-04-29
600738,2016-06-30,6.04696005,0.109,55.476697706422016,0.6737527114967462,0.3262472885032538,,2016-08-12
600738,2016-09-30,6.5384091,0.148,44.17843986486487,0.6106965174129353,0.3893034825870647,,2016-10-28
600738,2016-12-31,,0.23,,,,,2017-03-03
600738,2017-03-31,6.58826625,0.058,113.5907974137931,0.6346381969157769,0.36536180308422306,,2017-04-28
600738,2017-06-30,6.07026996,0.104,58.367980384615386,0.5748740100791937,0.4251259899208063,,2017-08-30
600738,2017-09-30,,0.14,,,,,2017-10-27
600738,2017-12-31,,0.183,,,,,2018-03-20
600738,2018-03-31,,0.073,,,,,2018-04-28
600738,2018-06-30,,0.091,,,,,2018-08-30
600738,2018-09-30,,1.599,,,,,2018-10-30
600739,2015-06-30,22.84608,0.833,27.426266506602644,0.8918545789231477,0.10814542107685232,,2015-08-22
600739,2015-09-30,14.791552,0.9825,15.055014758269719,0.8811285846438482,0.11887141535615176,,2015-10-31
600739,2015-12-31,21.11744,0.34,62.110117647058814,0.43459365493263796,0.5654063450673621,,2016-03-29
600739,2016-03-31,16.464128,0.1911,86.15451596023024,0.7348377997179125,0.2651622002820875,,2016-04-29
600739,2016-06-30,14.548608,0.4732,30.745156382079458,0.8355748373101952,0.16442516268980478,,2016-08-30
600739,2016-09-30,17.445248,0.5437,32.08616516461284,0.7309286898839138,0.2690713101160862,,2016-10-25
600739,2016-12-31,,0.6196,,,,,2017-03-31
600739,2017-03-31,16.510848,0.4546,36.319507259128905,0.9323843416370107,0.06761565836298933,,2017-04-28
600739,2017-06-30,16.847232,0.5673,29.697218402961397,0.8401727861771058,0.15982721382289422,,2017-08-26
600739,2017-09-30,,0.8059,,,,,2017-10-28
600739,2017-12-31,,0.9451,,,,,2018-04-14
600739,2018-03-31,,0.0957,,,,,2018-04-28
600739,2018-06-30,,0.2968,,,,,2018-08-31
600739,2018-09-30,,0.4567,,,,,2018-10-31
600742,2015-06-30,6.77610024,0.92,7.365326347826087,0.9930971007823286,0.006902899217671399,,2015-08-26
600742,2015-09-30,4.76861385,0.69,6.911034565217393,0.9777983348751156,0.022201665124884418,,2015-10-29
600742,2015-12-31,6.45596952,1.0,6.45596952,0.9821816601477619,0.01781833985223813,,2016-04-14
600742,2016-03-31,5.6912128,0.175,32.521216,0.9426422190879172,0.05735778091208277,,2016-04-30
600742,2016-06-30,5.65730803,0.41,13.798312268292685,0.9613882863340564,0.038611713665943626,,2016-07-30
600742,2016-09-30,5.97437093,0.81,7.375766580246913,0.9838308457711443,0.016169154228855676,,2016-10-27
600742,2016-12-31,,1.01,,,,,2017-03-24
600742,2017-03-31,7.95827879,0.354,22.481013531073447,0.9719256623171214,0.028074337682878592,,2017-04-27
600742,2017-06-30,8.89270473,0.57,15.601236368421054,0.9564434845212383,0.043556515478761715,,2017-08-25
600742,2017-09-30,,0.79,,,,,2017-10-26
600742,2017-12-31,,0.92,,,,,2018-03-28
600742,2018-03-31,,0.23,,,,,2018-04-25
600742,2018-06-30,,0.5084,,,,,2018-08-24
600742,2018-09-30,,0.7641,,,,,2018-10-25
600744,2015-06-30,13.49,0.12,112.41666666666667,0.45881270133456054,0.5411872986654395,,2015-08-27
600744,2015-09-30,7.42,0.21,35.333333333333336,0.6091581868640148,0.3908418131359852,,2015-10-30
600744,2015-12-31,8.54,0.23,37.13043478260869,0.6240764884832681,0.37592351151673187,,2016-03-30
600744,2016-03-31,6.43,0.01,643.0,0.18100611189468735,0.8189938881053127,,2016-04-29
600744,2016-06-30,5.49,-0.14,,,,,2016-08-30
600744,2016-09-30,5.42,-0.0026,,,,,2016-10-29
600744,2016-12-31,,0.11,,,,,2017-03-24
600744,2017-03-31,6.16,-0.1,,,,,2017-04-28
600744,2017-06-30,4.92,-0.257,,,,,2017-08-19
600744,2017-09-30,,-0.33,,,,,2017-10-28
600744,2017-12-31,,-0.65,,,,,2018-03-30
600744,2018-03-31,,0.02,,,,,2018-04-28
600744,2018-06-30,,-0.01,,,,,2018-08-31
600744,2018-09-30,,-0.001,,,,,2018-10-31
600748,2015-06-30,10.62455025,0.08,132.806878125,0.407731247123792,0.5922687528762081,,2015-08-28
600748,2015-09-30,6.90853944,0.28,24.67335514285714,0.742368177613321,0.25763182238667903,,2015-10-28
600748,2015-12-31,9.16132404,0.48,19.08609175,0.8335506301607997,0.16644936983920033,,2016-03-30
600748,2016-03-31,7.52293524,0.06,125.382254,0.6201222378937471,0.3798777621062529,,2016-04-30
600748,2016-06-30,6.60837424,0.11,60.07612945454545,0.6459869848156182,0.3540130151843818,,2016-08-30
600748,2016-09-30,7.56809664,0.17,44.51821552941176,0.6065505804311775,0.3934494195688225,,2016-10-28
600748,2016-12-31,,0.3,,,,,2017-03-29
600748,2017-03-31,7.0619076,0.06,117.69846,0.6239620403321471,0.3760379596678529,,2017-04-29
600748,2017-06-30,6.4559376,0.12,53.79948,0.6047516198704104,0.3952483801295896,,2017-08-29
600748,2017-09-30,,0.19,,,,,2017-10-31
600748,2017-12-31,,0.3,,,,,2018-03-27
600748,2018-03-31,,0.07,,,,,2018-04-28
600748,2018-06-30,,0.15,,,,,2018-08-28
600748,2018-09-30,,0.16,,,,,2018-10-31
600749,2015-06-30,18.99,-0.2181,,,,,2015-08-29
600749,2015-09-30,15.6,-0.173,,,,,2015-10-30
600749,2015-12-31,23.62,0.0283,834.6289752650177,0.03172533681008257,0.9682746631899174,,2017-02-23
600749,2016-03-31,23.62,-0.1531,,,,,2016-04-30
600749,2016-06-30,18.9,-0.2078,,,,,2016-08-31
600749,2016-09-30,23.54,-0.1386,,,,,2016-10-22
600749,2016-12-31,,-0.5029,,,,,2017-02-23
600749,2017-03-31,20.48,-0.1388,,,,,2017-04-28
600749,2017-06-30,17.77,-0.1349,,,,,2017-08-31
600749,2017-09-30,,-0.0827,,,,,2017-10-31
600749,2017-12-31,,-0.4186,,,,,2018-04-27
600749,2018-03-31,,-0.1221,,,,,2018-04-27
600749,2018-06-30,,-0.0764,,,,,2018-08-31
600749,2018-09-30,,0.0974,,,,,2018-10-27
600750,2015-06-30,10.29478047,0.46,22.37995754347826,0.9286700414173953,0.07132995858260471,,2015-08-01
600750,2015-09-30,14.67302044,0.74,19.828406,0.8154486586493987,0.18455134135060125,,2015-10-24
600750,2015-12-31,11.28620077,1.22,9.25098423770492,0.9608865710560626,0.039113428943937434,,2016-04-28
600750,2016-03-31,8.64134726,0.36,24.003742388888888,0.9670897978373296,0.03291020216267038,,2016-04-28
600750,2016-06-30,10.3055532,0.66,15.614474545454545,0.9518438177874187,0.04815618221258133,,2016-07-23
600750,2016-09-30,11.72823806,0.85,13.797927129411766,0.9336650082918739,0.06633499170812607,,2016-10-22
600750,2016-12-31,,1.27,,,,,2017-03-25
600750,2017-03-31,11.70555288,0.36,32.51542466666667,0.9478054567022538,0.0521945432977462,,2017-04-20
600750,2017-06-30,11.39198825,0.5,22.7839765,0.9017278617710583,0.09827213822894165,,2017-08-19
600750,2017-09-30,,0.76,,,,,2017-10-21
600750,2017-12-31,,0.99,,,,,2018-03-30
600750,2018-03-31,,0.28,,,,,2018-04-27
600750,2018-06-30,,0.43,,,,,2018-08-25
600750,2018-09-30,,0.67,,,,,2018-10-25
600751,2015-06-30,13.00554332,0.0319,407.6972827586207,0.15278416935112749,0.8472158306488725,,2015-08-19
600751,2015-09-30,7.203223,0.0416,173.15439903846155,0.15309898242368178,0.8469010175763182,,2015-10-31
600751,2015-12-31,9.55793176,0.09,106.19924177777779,0.27553237722729246,0.7244676227727076,,2016-04-23
600751,2016-03-31,6.07057828,0.0055,1103.7415054545456,0.10531264692054537,0.8946873530794546,,2016-04-30
600751,2016-06-30,6.07057828,0.0312,194.5698166666667,0.25249457700650757,0.7475054229934924,,2016-08-31
600751,2016-09-30,9.01148036,0.0741,121.61242051282052,0.2574626865671642,0.7425373134328358,,2016-10-29
600751,2016-12-31,,0.11,,,,,2017-04-22
600751,2017-03-31,7.93844852,-0.0054,,,,,2017-04-29
600751,2017-06-30,5.65328812,0.0086,657.3590837209302,0.04607631389488841,0.9539236861051116,,2017-08-31
600751,2017-09-30,,0.0418,,,,,2017-10-31
600751,2017-12-31,,0.28,,,,,2018-04-28
600751,2018-03-31,,-0.0178,,,,,2018-04-28
600751,2018-06-30,,-0.0003,,,,,2018-08-31
600751,2018-09-30,,0.015,,,,,2018-10-31
600754,2015-06-30,25.0093818,0.3623,69.02948330113166,0.6304647952139899,0.3695352047860101,,2015-08-29
600754,2015-09-30,24.17852937,0.5765,41.940207059843885,0.5448658649398704,0.45513413506012956,,2015-10-31
600754,2015-12-31,43.67624524,0.7925,55.11198137539432,0.4867448935245545,0.5132551064754455,,2016-03-31
600754,2016-03-31,34.88482643,0.2046,170.50257297165197,0.5199811941701927,0.48001880582980727,,2016-04-30
600754,2016-06-30,28.8047102,0.3718,77.47366917697686,0.5496746203904556,0.45032537960954444,,2016-08-30
600754,2016-09-30,26.2995785,0.603,43.614558043117746,0.6140132669983416,0.3859867330016584,,2016-10-29
600754,2016-12-31,,0.7998,,,,,2017-03-30
600754,2017-03-31,24.8619256,0.2078,119.64353031761308,0.6176354290233294,0.38236457097667065,,2017-04-29
600754,2017-06-30,23.7594643,0.4306,55.17757617278217,0.5946724262059035,0.40532757379409645,,2017-08-31
600754,2017-09-30,,0.743,,,,,2017-10-31
600754,2017-12-31,,0.9205,,,,,2018-03-30
600754,2018-03-31,,0.2406,,,,,2018-04-28
600754,2018-06-30,,0.5255,,,,,2018-08-31
600754,2018-09-30,,0.9102,,,,,2018-10-31
600756,2015-06-30,30.8039802,0.074,416.27000270270275,0.14726184997699032,0.8527381500230097,,2015-08-28
600756,2015-09-30,18.740064,0.18,104.11146666666667,0.24838112858464384,0.7516188714153562,,2015-10-31
600756,2015-12-31,50.19799435,0.39,128.71280602564102,0.22338113863537593,0.7766188613646241,,2016-03-30
600756,2016-03-31,32.6584657,0.06,544.3077616666667,0.21015514809590974,0.7898448519040903,,2016-04-28
600756,2016-06-30,29.4431277,0.07,420.61611,0.11800433839479392,0.881995661605206,,2016-08-20
600756,2016-09-30,25.6282374,0.131,195.63539999999998,0.15008291873963517,0.8499170812603648,,2016-10-26
600756,2016-12-31,,0.36,,,,,2017-03-25
600756,2017-03-31,20.1504462,0.07,287.8635171428571,0.33017002767892445,0.6698299723210756,,2017-04-28
600756,2017-06-30,19.45818107,0.044,442.2313879545454,0.064434845212383,0.935565154787617,,2017-08-31
600756,2017-09-30,,0.091,,,,,2017-10-28
600756,2017-12-31,,0.38,,,,,2018-03-28
600756,2018-03-31,,0.06,,,,,2018-04-28
600756,2018-06-30,,0.09,,,,,2018-08-30
600756,2018-09-30,,0.31,,,,,2018-10-30
600757,2015-06-30,9.366932,0.21,44.604438095238095,0.7731247123791992,0.22687528762080078,,2015-08-27
600757,2015-09-30,5.27957134,0.28,18.855611928571427,0.8279370952821462,0.1720629047178538,,2015-10-28
600757,2015-12-31,7.41300426,0.27,27.45557133333333,0.7253368100825728,0.2746631899174272,,2016-04-29
600757,2016-03-31,5.38759326,0.11,48.978120545454544,0.8819934179595674,0.11800658204043257,,2016-04-30
600757,2016-06-30,5.66439943,0.25,22.65759772,0.9080260303687635,0.0919739696312365,,2016-08-20
600757,2016-09-30,5.70390166,0.34,16.776181352941173,0.9013266998341625,0.09867330016583753,,2016-10-28
600757,2016-12-31,,0.49,,,,,2017-04-11
600757,2017-03-31,5.64293359,0.12,47.02444658333334,0.8920521945432978,0.10794780545670224,,2017-04-29
600757,2017-06-30,5.06034981,0.31,16.32370906451613,0.9521238300935925,0.04787616990640753,,2017-08-29
600757,2017-09-30,,0.43,,,,,2017-10-28
600757,2017-12-31,,0.51,,,,,2018-03-31
600757,2018-03-31,,0.15,,,,,2018-04-27
600757,2018-06-30,,0.4,,,,,2018-08-28
600757,2018-09-30,,0.52,,,,,2018-10-30
600758,2015-06-30,15.16035258,-0.0718,,,,,2015-08-17
600758,2015-09-30,9.28548171,-0.2348,,,,,2015-10-28
600758,2015-12-31,12.17138319,-0.43,,,,,2016-04-26
600758,2016-03-31,9.7446024,0.02,487.23012,0.23366243535496004,0.76633756464504,,2016-04-29
600758,2016-06-30,9.79145145,-0.17,,,,,2016-08-30
600758,2016-09-30,16.93124667,-0.2289,,,,,2016-10-28
600758,2016-12-31,,0.13,,,,,2017-04-25
600758,2017-03-31,8.95753836,0.28,31.991208428571422,0.9497825227362594,0.050217477263740595,,2017-04-29
600758,2017-06-30,8.41792188,0.34,24.75859376470588,0.8876889848812095,0.11231101511879049,,2017-08-18
600758,2017-09-30,,0.3575,,,,,2017-10-28
600758,2017-12-31,,0.35,,,,,2018-04-25
600758,2018-03-31,,0.07,,,,,2018-04-25
600758,2018-06-30,,0.04,,,,,2018-08-28
600758,2018-09-30,,0.0031,,,,,2018-10-31
600760,2015-06-30,11.33094438,-0.22,,,,,2015-08-29
600760,2015-09-30,7.51507508,-0.34,,,,,2015-10-28
600760,2015-12-31,7.51507508,-0.64,,,,,2017-03-03
600760,2016-03-31,5.87692482,-0.07,,,,,2016-04-26
600760,2016-06-30,4.21446966,-0.12,,,,,2016-08-27
600760,2016-09-30,4.73459452,-0.05,,,,,2016-10-29
600760,2016-12-31,,0.4,,,,,2017-03-03
600760,2017-03-31,16.23081222,-0.13,,,,,2017-04-29
600760,2017-06-30,16.09956576,-0.3,,,,,2017-08-18
600760,2017-09-30,,-0.31,,,,,2017-10-31
600760,2017-12-31,,0.51,,,,,2018-03-31
600760,2018-03-31,,-0.02,,,,,2018-04-28
600760,2018-06-30,,0.07,,,,,2018-08-31
600760,2018-09-30,,0.22,,,,,2018-10-23
600761,2015-06-30,9.84461793,0.36,27.34616091666667,0.8923147722043259,0.10768522779567413,,2015-08-25
600761,2015-09-30,6.09036435,0.47,12.958222021276596,0.9084181313598519,0.09158186864014806,,2015-10-28
600761,2015-12-31,7.85568735,0.64,12.274511484375,0.9226423294219904,0.07735767057800957,,2016-03-19
600761,2016-03-31,6.08447994,0.1507,40.374783941605834,0.918664786083686,0.08133521391631404,,2016-04-29
600761,2016-06-30,6.05866158,0.31,19.544069612903225,0.9279826464208243,0.07201735357917571,,2016-08-27
600761,2016-09-30,6.5450358,0.41,15.963501951219513,0.912106135986733,0.08789386401326704,,2016-10-26
600761,2016-12-31,,0.53,,,,,2017-03-18
600761,2017-03-31,8.74272672,0.14,62.44804799999999,0.8319493871095295,0.16805061289047052,,2017-04-26
600761,2017-06-30,7.8660522,0.3,26.220174000000004,0.8754499640028798,0.12455003599712022,,2017-08-26
600761,2017-09-30,,0.47,,,,,2017-10-31
600761,2017-12-31,,0.58,,,,,2018-03-20
600761,2018-03-31,,0.1896,,,,,2018-04-26
600761,2018-06-30,,0.48,,,,,2018-08-17
600761,2018-09-30,,0.63,,,,,2018-10-25
600763,2015-06-30,38.41455024,0.21,182.92642971428572,0.3083294983893235,0.6916705016106766,,2015-07-24
600763,2015-09-30,38.41455024,0.38,101.09092168421051,0.2590194264569843,0.7409805735430157,,2015-10-31
600763,2015-12-31,34.12615536,0.39,87.50296246153846,0.327683615819209,0.672316384180791,,2016-03-03
600763,2016-03-31,22.56280488,0.11,205.116408,0.45604137282557594,0.5439586271744241,,2016-04-28
600763,2016-06-30,21.70651824,0.22,98.665992,0.4542299349240781,0.5457700650759219,,2016-08-26
600763,2016-09-30,21.88056024,0.39,56.104000615384614,0.5111940298507462,0.48880597014925375,,2016-10-15
600763,2016-12-31,,0.42,,,,,2017-04-01
600763,2017-03-31,19.1794284,0.13,147.5340646153846,0.5436931593515223,0.4563068406484777,,2017-04-20
600763,2017-06-30,17.46685512,0.28,62.38162542857143,0.5424766018718502,0.4575233981281498,,2017-08-04
600763,2017-09-30,,0.57,,,,,2017-10-24
600763,2017-12-31,,0.68,,,,,2018-04-03
600763,2018-03-31,,0.19,,,,,2018-04-26
600763,2018-06-30,,0.42,,,,,2018-08-02
600763,2018-09-30,,0.86,,,,,2018-10-20
600764,2015-06-30,21.8134224,0.003,7271.1408,0.007363092498849517,0.9926369075011505,,2016-08-29
600764,2015-09-30,12.4175976,-0.001,,,,,2016-10-31
600764,2015-12-31,18.62167488,-0.379,,,,,2016-02-02
600764,2016-03-31,17.22410496,-0.048,,,,,2016-04-29
600764,2016-06-30,25.39233456,-0.031,,,,,2016-08-29
600764,2016-09-30,25.39233456,-0.006,,,,,2016-10-31
600764,2016-12-31,,0.6551,,,,,2017-04-10
600764,2017-03-31,28.86737328,0.0345,836.7354573913043,0.1158560695927244,0.8841439304072756,,2017-04-29
600764,2017-06-30,31.398108,0.8671,36.21048091338946,0.779337652987761,0.22066234701223897,,2017-08-28
600764,2017-09-30,,0.8827,,,,,2017-10-30
600764,2017-12-31,,0.6747,,,,,2018-04-16
600764,2018-03-31,,0.0074,,,,,2018-04-28
600764,2018-06-30,,0.0399,,,,,2018-08-29
600764,2018-09-30,,0.0636,,,,,2018-10-30
600765,2015-06-30,18.61306538,0.02,930.6532689999999,0.06488725264611137,0.9351127473538886,,2015-08-19
600765,2015-09-30,10.74848544,0.16,67.178034,0.37696577243293244,0.6230342275670675,,2015-10-30
600765,2015-12-31,13.32703624,-0.39,,,,,2016-03-18
600765,2016-03-31,10.63991488,0.06,177.33191466666665,0.5063469675599436,0.4936530324400564,,2016-04-28
600765,2016-06-30,9.92150046,0.09,110.23889400000002,0.4164859002169197,0.5835140997830803,,2016-08-25
600765,2016-09-30,9.76498845,0.14,69.7499175,0.4274461028192372,0.5725538971807629,,2016-10-28
600765,2016-12-31,,0.31,,,,,2017-03-15
600765,2017-03-31,10.42506084,0.06,173.75101400000003,0.4926848556741795,0.5073151443258205,,2017-04-28
600765,2017-06-30,9.4039543,0.14,67.17110214285714,0.5075593952483801,0.4924406047516199,,2017-08-24
600765,2017-09-30,,0.21,,,,,2017-10-30
600765,2017-12-31,,0.21,,,,,2018-03-12
600765,2018-03-31,,0.04,,,,,2018-04-26
600765,2018-06-30,,0.09,,,,,2018-08-21
600765,2018-09-30,,0.27,,,,,2018-10-26
600770,2015-06-30,19.54,0.02,976.9999999999999,0.061205706396686606,0.9387942936033133,,2015-08-25
600770,2015-09-30,9.49,0.02,474.5,0.05180388529139685,0.9481961147086031,,2015-10-30
600770,2015-12-31,18.27,-0.1895,,,,,2016-04-16
600770,2016-03-31,16.56,0.014,1182.8571428571427,0.09826046074283028,0.9017395392571698,,2016-04-28
600770,2016-06-30,12.46,0.03,415.33333333333337,0.11973969631236442,0.8802603036876355,,2016-08-20
600770,2016-09-30,11.0,0.03,366.6666666666667,0.0812603648424544,0.9187396351575456,,2016-10-29
600770,2016-12-31,,0.0394,,,,,2017-04-18
600770,2017-03-31,9.28,0.008,1160.0,0.07591933570581258,0.9240806642941874,,2017-04-29
600770,2017-06-30,7.5,0.02,375.0,0.07955363570914327,0.9204463642908567,,2017-08-19
600770,2017-09-30,,0.03,,,,,2017-10-28
600770,2017-12-31,,0.0344,,,,,2018-04-21
600770,2018-03-31,,0.002,,,,,2018-04-28
600770,2018-06-30,,0.05,,,,,2018-08-18
600770,2018-09-30,,0.07,,,,,2018-10-27
600771,2015-06-30,30.13068996,0.003,10043.563320000001,0.0050621260929590425,0.9949378739070409,,2015-08-29
600771,2015-09-30,17.6250951,0.004,4406.273775,0.0027752081406105457,0.9972247918593895,,2015-10-31
600771,2015-12-31,22.86614772,0.01,2286.614772,0.005215123859191656,0.9947848761408083,,2016-02-24
600771,2016-03-31,20.43510012,0.029,704.6586248275862,0.16502115655853314,0.8349788434414669,,2016-04-27
600771,2016-06-30,20.83550796,0.08,260.4438495,0.18872017353579176,0.8112798264642083,,2016-08-30
600771,2016-09-30,24.51067992,0.16,153.19174950000001,0.20107794361525705,0.798922056384743,,2016-10-29
600771,2016-12-31,,0.29,,,,,2017-03-21
600771,2017-03-31,28.4575572,0.07,406.5365314285714,0.23092131277184658,0.7690786872281534,,2017-04-26
600771,2017-06-30,28.5648093,0.22,129.84004227272726,0.25305975521958246,0.7469402447804175,,2017-08-22
600771,2017-09-30,,0.29,,,,,2017-10-21
600771,2017-12-31,,0.12,,,,,2018-04-24
600771,2018-03-31,,0.15,,,,,2018-04-24
600771,2018-06-30,,0.41,,,,,2018-08-28
600771,2018-09-30,,0.64,,,,,2018-10-27
600773,2015-06-30,17.41419441,0.045,386.982098,0.15830648872526462,0.8416935112747354,,2015-08-29
600773,2015-09-30,12.49945584,0.049,255.09093551020408,0.09574468085106383,0.9042553191489362,,2015-10-31
600773,2015-12-31,17.9976342,0.09,199.97371333333334,0.15471534115601912,0.8452846588439809,,2016-04-16
600773,2016-03-31,14.67499404,0.016,917.1871275,0.12552891396332863,0.8744710860366713,,2016-04-30
600773,2016-06-30,15.50588809,0.05,310.1177618,0.15921908893709327,0.8407809110629068,,2016-08-27
600773,2016-09-30,15.50588809,0.061,254.19488672131146,0.11650082918739635,0.8834991708126037,,2016-10-29
600773,2016-12-31,,0.1,,,,,2017-03-18
600773,2017-03-31,14.23929353,0.016,889.9558456249999,0.10676156583629894,0.8932384341637011,,2017-04-29
600773,2017-06-30,10.96427043,0.05,219.28540859999998,0.1443484521238301,0.8556515478761699,,2017-08-19
600773,2017-09-30,,0.066,,,,,2017-10-28
600773,2017-12-31,,0.11,,,,,2018-04-21
600773,2018-03-31,,0.026,,,,,2018-04-28
600773,2018-06-30,,0.06,,,,,2018-08-18
600773,2018-09-30,,0.086,,,,,2018-10-20
600775,2015-06-30,19.800066,0.0959,206.465755995829,0.2761159687068569,0.7238840312931432,,2015-08-31
600775,2015-09-30,12.37962488,0.1235,100.2398775708502,0.2622571692876966,0.7377428307123034,,2015-10-31
600775,2015-12-31,18.40604165,0.1574,116.93800285895806,0.24858757062146894,0.751412429378531,,2016-03-22
600775,2016-03-31,13.21582625,0.0415,318.45364457831323,0.32957216737188527,0.6704278326281148,,2016-04-30
600775,2016-06-30,14.36920745,0.0598,240.28775,0.2039045553145336,0.7960954446854664,,2016-08-31
600775,2016-09-30,14.48655627,0.0866,167.28125023094688,0.18159203980099503,0.818407960199005,,2016-10-29
600775,2016-12-31,,0.1305,,,,,2017-03-30
600775,2017-03-31,14.40934611,0.0117,1231.5680435897434,0.06880189798339265,0.9311981020166074,,2017-04-29
600775,2017-06-30,9.86359794,0.0491,200.8879417515275,0.1583873290136789,0.8416126709863211,,2017-08-31
600775,2017-09-30,,0.056,,,,,2017-10-31
600775,2017-12-31,,0.1175,,,,,2018-03-30
600775,2018-03-31,,0.029,,,,,2018-04-27
600775,2018-06-30,,0.0558,,,,,2018-08-31
600775,2018-09-30,,0.0889,,,,,2018-10-30
600776,2015-06-30,15.46104049,0.061,253.45968016393442,0.22733548090197883,0.7726645190980211,,2015-08-13
600776,2015-09-30,7.535168,0.078,96.60471794871795,0.272895467160037,0.727104532839963,,2015-10-29
600776,2015-12-31,10.77529024,0.135,79.81696474074074,0.35549760973489786,0.6445023902651021,,2016-04-19
600776,2016-03-31,8.45822608,0.013,650.6327753846153,0.18006582040432534,0.8199341795956747,,2016-04-30
600776,2016-06-30,7.96408165,0.04,199.10204124999998,0.24295010845986983,0.7570498915401301,,2016-08-30
600776,2016-09-30,8.9417937,0.054,165.58877222222222,0.1853233830845771,0.8146766169154229,,2016-10-31
600776,2016-12-31,,0.073,,,,,2017-04-29
600776,2017-03-31,7.47047945,0.015,498.03196333333335,0.18979833926453143,0.8102016607354685,,2017-04-29
600776,2017-06-30,6.4358133,0.045,143.01807333333335,0.2293016558675306,0.7706983441324694,,2017-08-15
600776,2017-09-30,,0.055,,,,,2017-10-30
600776,2017-12-31,,0.094,,,,,2018-04-23
600776,2018-03-31,,0.016,,,,,2018-04-23
600776,2018-06-30,,0.045,,,,,2018-08-20
600776,2018-09-30,,0.061,,,,,2018-10-26
600777,2015-06-30,4.10210316,-0.06,,,,,2015-08-19
600777,2015-09-30,3.1048632,-0.11,,,,,2015-10-28
600777,2015-12-31,4.48100172,0.01,448.100172,0.060843111690569315,0.9391568883094307,,2016-03-24
600777,2016-03-31,4.09684068,-0.0044,,,,,2016-04-30
600777,2016-06-30,4.65466356,-0.0091,,,,,2016-07-12
600777,2016-09-30,4.02316596,-0.08,,,,,2016-10-29
600777,2016-12-31,,-0.05,,,,,2017-04-13
600777,2017-03-31,3.4,0.0049,693.8775510204082,0.1423487544483986,0.8576512455516014,,2017-04-28
600777,2017-06-30,3.82,0.01,382.0,0.07775377969762419,0.9222462203023758,,2017-08-23
600777,2017-09-30,,0.03,,,,,2017-10-21
600777,2017-12-31,,0.0705,,,,,2018-04-27
600777,2018-03-31,,0.0125,,,,,2018-04-27
600777,2018-06-30,,0.04,,,,,2018-08-10
600777,2018-09-30,,0.1,,,,,2018-10-26
600779,2015-06-30,11.4691283,0.1027,111.67603018500486,0.46157386102162906,0.5384261389783709,,2015-08-15
600779,2015-09-30,7.000749,0.145,48.281027586206896,0.48936170212765956,0.5106382978723405,,2015-10-30
600779,2015-12-31,11.0110546,0.1801,61.13855968906163,0.4398087787918296,0.5601912212081703,,2016-04-28
600779,2016-03-31,10.2331936,0.1603,63.83776419213974,0.8204043253408556,0.1795956746591444,,2016-04-28
600779,2016-06-30,14.3731427,0.1865,77.06778927613941,0.5522776572668113,0.44772234273318867,,2016-08-24
600779,2016-09-30,14.1892167,0.3052,46.49153571428571,0.5895522388059702,0.4104477611940298,,2016-10-29
600779,2016-12-31,,0.4601,,,,,2017-04-28
600779,2017-03-31,21.33155636,0.1886,113.10475270413575,0.6358244365361803,0.36417556346381974,,2017-04-28
600779,2017-06-30,21.33155636,0.2344,91.00493327645052,0.3700503959683225,0.6299496040316774,,2017-07-27
600779,2017-09-30,,0.4981,,,,,2017-10-28
600779,2017-12-31,,0.6867,,,,,2018-04-28
600779,2018-03-31,,0.3169,,,,,2018-04-28
600779,2018-06-30,,0.5475,,,,,2018-07-25
600779,2018-09-30,,0.9472,,,,,2018-10-23
600780,2015-06-30,8.52928342,0.1839,46.38000772158782,0.7583985273815003,0.24160147261849974,,2015-08-26
600780,2015-09-30,5.9874684,0.2431,24.62965199506376,0.7432932469935245,0.2567067530064755,,2015-10-28
600780,2015-12-31,6.33599268,0.3226,19.640398884066958,0.8274663189917427,0.17253368100825728,,2016-03-29
600780,2016-03-31,4.80784776,0.0451,106.60416319290465,0.6760695815702867,0.32393041842971326,,2016-04-27
600780,2016-06-30,4.48613304,0.0733,61.20236070941337,0.6368763557483731,0.3631236442516269,,2016-08-27
600780,2016-09-30,4.83465732,0.0967,49.99645625646329,0.5551409618573798,0.4448590381426202,,2016-10-29
600780,2016-12-31,,0.089,,,,,2017-03-31
600780,2017-03-31,5.19211812,-0.0082,,,,,2017-04-27
600780,2017-06-30,5.20999116,0.0224,232.5888910714286,0.13606911447084233,0.8639308855291576,,2017-08-26
600780,2017-09-30,,0.0147,,,,,2017-10-28
600780,2017-12-31,,0.0714,,,,,2018-04-26
600780,2018-03-31,,0.0716,,,,,2018-04-26
600780,2018-06-30,,0.107,,,,,2018-08-22
600780,2018-09-30,,0.1428,,,,,2018-10-27
600782,2015-06-30,2.60598764,-0.1,,,,,2015-08-31
600782,2015-09-30,1.8761734,-0.18,,,,,2015-10-31
600782,2015-12-31,1.9450238,0.02,97.25119,0.29682746631899176,0.7031725336810082,,2017-04-18
600782,2016-03-31,1.78322536,-0.035,,,,,2016-04-30
600782,2016-06-30,1.83486316,0.04,45.871579,0.7344902386117137,0.2655097613882863,,2016-08-31
600782,2016-09-30,2.10408736,0.1,21.040873599999998,0.8486733001658375,0.15132669983416247,,2016-10-29
600782,2016-12-31,,0.18,,,,,2017-04-18
600782,2017-03-31,2.57043444,0.1,25.7043444,0.9648082245947015,0.0351917754052985,,2017-04-28
600782,2017-06-30,2.5358448,0.205,12.369974634146342,0.9751619870410367,0.024838012958963263,,2017-08-25
600782,2017-09-30,,0.431,,,,,2017-10-31
600782,2017-12-31,,1.09,,,,,2018-04-03
600782,2018-03-31,,0.27,,,,,2018-04-27
600782,2018-06-30,,0.68,,,,,2018-08-21
600782,2018-09-30,,1.24,,,,,2018-10-30
600783,2015-06-30,33.62270832,0.3,112.0756944,0.4606534744592729,0.539346525540727,,2015-08-31
600783,2015-09-30,19.66774116,0.31,63.44432632258064,0.3954671600370028,0.6045328399629972,,2015-10-31
600783,2015-12-31,35.26473828,0.3,117.54912760000002,0.247283789656671,0.752716210343329,,2017-04-29
600783,2016-03-31,22.25821464,0.05,445.16429279999994,0.2548189938881053,0.7451810061118946,,2016-04-29
600783,2016-06-30,19.50527244,0.41,47.5738352195122,0.7223427331887202,0.2776572668112798,,2016-08-31
600783,2016-09-30,21.85935561,0.45,48.5763458,0.5667495854063018,0.4332504145936982,,2016-10-31
600783,2016-12-31,,0.5,,,,,2017-04-29
600783,2017-03-31,20.64444327,0.02,1032.2221635,0.08778173190984578,0.9122182680901543,,2017-04-29
600783,2017-06-30,15.44026653,0.25,61.76106612,0.5482361411087113,0.45176385889128867,,2017-08-31
600783,2017-09-30,,0.33,,,,,2017-10-31
600783,2017-12-31,,0.06,,,,,2018-04-28
600783,2018-03-31,,0.04,,,,,2018-04-28
600783,2018-06-30,,0.32,,,,,2018-08-31
600783,2018-09-30,,0.29,,,,,2018-10-31
600784,2015-06-30,15.1761417,0.001,15176.1417,0.0032213529682466636,0.9967786470317533,,2015-08-22
600784,2015-09-30,7.05383284,0.01,705.383284,0.032377428307123035,0.967622571692877,,2015-10-28
600784,2015-12-31,8.28305304,-0.114,,,,,2016-04-29
600784,2016-03-31,8.3208752,0.126,66.03869206349206,0.8128819934179595,0.18711800658204047,,2016-04-29
600784,2016-06-30,8.33033074,0.117,71.19940803418804,0.5839479392624729,0.4160520607375271,,2016-08-20
600784,2016-09-30,8.42488614,0.113,74.55651451327434,0.4050580431177446,0.5949419568822554,,2016-10-28
600784,2016-12-31,,0.073,,,,,2017-03-11
600784,2017-03-31,8.19795318,0.002,4098.97659,0.017002767892447607,0.9829972321075524,,2017-04-29
600784,2017-06-30,6.33458571,0.01,633.458571,0.047516198704103674,0.9524838012958963,,2017-08-19
600784,2017-09-30,,0.01,,,,,2017-10-27
600784,2017-12-31,,-0.24,,,,,2018-03-30
600784,2018-03-31,,0.14,,,,,2018-04-28
600784,2018-06-30,,0.13,,,,,2018-08-22
600784,2018-09-30,,0.114,,,,,2018-10-31
600787,2015-06-30,13.9706784,0.2071,67.45861129888942,0.6387482742751955,0.36125172572480446,,2015-08-29
600787,2015-09-30,8.69479488,0.2185,39.79311157894737,0.5698427382053654,0.43015726179463465,,2015-10-31
600787,2015-12-31,8.71214976,0.36,24.200416000000004,0.7692307692307693,0.23076923076923073,,2016-03-16
600787,2016-03-31,7.44524352,0.1042,71.45147332053743,0.7940761636107193,0.2059238363892807,,2016-04-30
600787,2016-06-30,6.47312745,0.1863,34.745719001610304,0.8039045553145336,0.19609544468546636,,2016-08-31
600787,2016-09-30,6.76934055,0.1957,34.59039626980071,0.706882255389718,0.29311774461028195,,2016-10-29
600787,2016-12-31,,0.35,,,,,2017-03-18
600787,2017-03-31,7.5969948,0.0135,562.7403555555555,0.1712139185448794,0.8287860814551206,,2017-04-29
600787,2017-06-30,6.91777751,0.0446,155.10711905829595,0.20986321094312455,0.7901367890568755,,2017-08-31
600787,2017-09-30,,0.5546,,,,,2017-10-31
600787,2017-12-31,,0.61,,,,,2018-03-17
600787,2018-03-31,,0.011,,,,,2018-04-28
600787,2018-06-30,,0.0398,,,,,2018-08-31
600787,2018-09-30,,0.0335,,,,,2018-10-31
600789,2015-06-30,11.67352976,0.001,11673.52976,0.0041417395306028535,0.9958582604693972,,2015-08-29
600789,2015-09-30,6.95245872,0.001,6952.45872,0.00046253469010175765,0.9995374653098983,,2015-10-31
600789,2015-12-31,9.5784648,0.01,957.84648,0.025206431986093004,0.974793568013907,,2016-04-28
600789,2016-03-31,7.09595632,0.007,1013.7080457142857,0.1151857075693465,0.8848142924306535,,2016-04-28
600789,2016-06-30,6.41434272,0.02,320.717136,0.15227765726681128,0.8477223427331887,,2016-08-27
600789,2016-09-30,7.06008192,0.037,190.81302486486487,0.15547263681592038,0.8445273631840796,,2016-10-29
600789,2016-12-31,,0.05,,,,,2017-03-23
600789,2017-03-31,6.72286256,0.023,292.29837217391304,0.3277975484381178,0.6722024515618822,,2017-04-27
600789,2017-06-30,5.6898212,0.06,94.83035333333333,0.3563714902807775,0.6436285097192225,,2017-08-26
600789,2017-09-30,,0.075,,,,,2017-10-28
600789,2017-12-31,,0.2,,,,,2018-04-13
600789,2018-03-31,,0.13,,,,,2018-04-13
600789,2018-06-30,,0.15,,,,,2018-08-25
600789,2018-09-30,,0.17,,,,,2018-10-31
600794,2015-06-30,9.16158568,0.062,147.76751096774194,0.3732167510354349,0.626783248964565,,2015-08-20
600794,2015-09-30,5.44316882,0.0621,87.65167181964574,0.2992599444958372,0.7007400555041627,,2015-10-29
600794,2015-12-31,6.60227632,0.02,330.113816,0.08996088657105607,0.910039113428944,,2016-04-13
600794,2016-03-31,5.01661726,0.0065,771.7872707692309,0.14997649271274094,0.8500235072872591,,2016-04-28
600794,2016-06-30,4.99044303,0.0226,220.8160632743363,0.2195227765726681,0.7804772234273318,,2016-08-23
600794,2016-09-30,5.19489321,0.0304,170.88464506578947,0.17495854063018243,0.8250414593698175,,2016-10-28
600794,2016-12-31,,0.02,,,,,2017-02-18
600794,2017-03-31,5.05549536,-0.0115,,,,,2017-04-27
600794,2017-06-30,3.82629903,-0.0717,,,,,2017-08-15
600794,2017-09-30,,-0.0653,,,,,2017-10-25
600794,2017-12-31,,-0.19,,,,,2018-03-27
600794,2018-03-31,,0.0249,,,,,2018-04-24
600794,2018-06-30,,0.0226,,,,,2018-08-21
600794,2018-09-30,,0.024,,,,,2018-10-30
600795,2015-06-30,5.00811925,0.172,29.11697238372093,0.8821905200184077,0.1178094799815923,,2015-08-25
600795,2015-09-30,2.98633478,0.252,11.850534841269841,0.9222941720629048,0.07770582793709524,,2015-10-31
600795,2015-12-31,2.91223218,0.222,13.118162972972973,0.9130812690134724,0.08691873098652758,,2016-04-12
600795,2016-03-31,2.28236008,0.093,24.54150623655914,0.9656793606017866,0.03432063939821339,,2016-04-29
600795,2016-06-30,2.17120618,0.187,11.610728235294118,0.9718004338394793,0.02819956616052066,,2016-08-30
600795,2016-09-30,2.27634952,0.24,9.484789666666668,0.9718076285240465,0.028192371475953548,,2016-10-29
600795,2016-12-31,,0.232,,,,,2017-04-11
600795,2017-03-31,2.50706062,0.05,50.14121239999999,0.8801897983392646,0.11981020166073542,,2017-04-28
600795,2017-06-30,2.7685332,0.086,32.19224651162791,0.8192944564434845,0.18070554355651547,,2017-08-24
600795,2017-09-30,,0.118,,,,,2017-10-31
600795,2017-12-31,,0.105,,,,,2018-04-17
600795,2018-03-31,,0.066,,,,,2018-04-26
600795,2018-06-30,,0.102,,,,,2018-08-31
600795,2018-09-30,,0.147,,,,,2018-10-30
600797,2015-06-30,18.17667582,0.07,259.6667974285714,0.223193741371376,0.776806258628624,,2015-08-31
600797,2015-09-30,10.28632422,0.02,514.316211,0.0425531914893617,0.9574468085106383,,2015-10-30
600797,2015-12-31,13.83698244,0.26,53.219163230769226,0.49847892220773576,0.5015210777922643,,2016-04-20
600797,2016-03-31,10.11312138,-0.02,,,,,2016-04-28
600797,2016-06-30,10.84442226,0.04,271.1105565,0.18308026030368763,0.8169197396963124,,2016-08-27
600797,2016-09-30,16.24176555,0.17,95.53979735294116,0.3188225538971808,0.6811774461028193,,2016-10-28
600797,2016-12-31,,0.27,,,,,2017-04-28
600797,2017-03-31,13.18619304,0.01,1318.6193039999998,0.06128904705417161,0.9387109529458284,,2017-04-29
600797,2017-06-30,11.97331191,0.18,66.5183995,0.5133189344852411,0.48668106551475887,,2017-08-29
600797,2017-09-30,,0.22,,,,,2017-10-28
600797,2017-12-31,,0.32,,,,,2018-04-25
600797,2018-03-31,,0.03,,,,,2018-04-28
600797,2018-06-30,,0.09,,,,,2018-08-25
600797,2018-09-30,,0.15,,,,,2018-10-30
600798,2015-06-30,9.25342751,0.0048,1927.7973979166668,0.03313391624482283,0.9668660837551771,,2015-08-29
600798,2015-09-30,5.06756521,0.0113,448.4570982300885,0.05596669750231267,0.9440333024976874,,2015-10-30
600798,2015-12-31,6.09176556,0.0165,369.1979127272727,0.07909604519774012,0.9209039548022598,,2016-03-29
600798,2016-03-31,5.36146618,0.0012,4467.888483333333,0.018805829807240243,0.9811941701927598,,2016-04-28
600798,2016-06-30,4.38146305,0.0062,706.6875887096774,0.06898047722342733,0.9310195227765726,,2016-08-27
600798,2016-09-30,4.39931015,0.053,83.00585188679246,0.3660862354892206,0.6339137645107794,,2016-10-29
600798,2016-12-31,,0.0857,,,,,2017-03-28
600798,2017-03-31,6.6748154,0.0227,294.044731277533,0.3262158956109134,0.6737841043890866,,2017-04-29
600798,2017-06-30,4.71199575,0.056,84.14278125,0.4010079193664507,0.5989920806335494,,2017-08-29
600798,2017-09-30,,0.0984,,,,,2017-10-28
600798,2017-12-31,,0.1754,,,,,2018-03-27
600798,2018-03-31,,0.0341,,,,,2018-04-27
600798,2018-06-30,,0.1169,,,,,2018-08-28
600798,2018-09-30,,0.1428,,,,,2018-10-30
600801,2015-06-30,5.14893239,0.06,85.81553983333333,0.553612517257248,0.446387482742752,,2015-08-22
600801,2015-09-30,3.48295805,0.08,43.536975625000004,0.5319148936170213,0.46808510638297873,,2015-10-21
600801,2015-12-31,3.97008505,0.07,56.7155007142857,0.4745762711864407,0.5254237288135593,,2016-03-31
600801,2016-03-31,4.384143,-0.09,,,,,2016-04-28
600801,2016-06-30,3.0974528,0.01,309.74528,0.1596529284164859,0.8403470715835141,,2016-08-25
600801,2016-09-30,3.4656128,0.11,31.50557090909091,0.7367330016583747,0.26326699834162526,,2016-10-19
600801,2016-12-31,,0.3,,,,,2017-03-24
600801,2017-03-31,4.8646208,0.06,81.07701333333334,0.7548438117833136,0.2451561882166864,,2017-04-27
600801,2017-06-30,4.73338899,0.49,9.659977530612245,0.9859611231101512,0.01403887688984884,,2017-08-26
600801,2017-09-30,,0.7,,,,,2017-10-27
600801,2017-12-31,,1.39,,,,,2018-03-26
600801,2018-03-31,,0.35,,,,,2018-04-27
600801,2018-06-30,,0.99,,,,,2018-08-24
600801,2018-09-30,,1.63,,,,,2018-10-26
600802,2015-06-30,8.64355072,-0.326,,,,,2015-08-28
600802,2015-09-30,5.15567432,-0.534,,,,,2015-10-27
600802,2015-12-31,8.84285936,-1.02,,,,,2016-04-26
600802,2016-03-31,6.51243072,-0.207,,,,,2016-04-30
600802,2016-06-30,6.384736,-0.287,,,,,2016-08-16
600802,2016-09-30,7.23071352,-0.19,,,,,2016-10-25
600802,2016-12-31,,0.04,,,,,2017-04-11
600802,2017-03-31,9.0583442,-0.114,,,,,2017-04-25
600802,2017-06-30,6.90329952,-0.113,,,,,2017-08-22
600802,2017-09-30,,-0.21,,,,,2017-10-28
600802,2017-12-31,,-0.4,,,,,2018-04-17
600802,2018-03-31,,0.23,,,,,2018-04-27
600802,2018-06-30,,0.59,,,,,2018-08-21
600802,2018-09-30,,0.84,,,,,2018-10-27
600803,2015-06-30,11.75718783,0.27,43.54514011111111,0.7795674183156925,0.22043258168430746,,2016-08-31
600803,2015-09-30,7.69579128,0.51,15.089786823529412,0.879740980573543,0.120259019426457,,2015-10-29
600803,2015-12-31,11.01581676,0.82,13.433922878048781,0.9074315514993481,0.09256844850065193,,2016-04-28
600803,2016-03-31,8.31395502,0.05,166.27910039999998,0.5265632346027268,0.4734367653972732,,2016-04-28
600803,2016-06-30,8.11253088,0.18,45.069615999999996,0.7379609544468546,0.2620390455531454,,2016-08-31
600803,2016-09-30,7.97461466,0.2,39.8730733,0.6475953565505804,0.3524046434494196,,2016-10-29
600803,2016-12-31,,0.53,,,,,2017-03-29
600803,2017-03-31,10.12593865,0.19,53.29441394736842,0.8679319889284303,0.13206801107156974,,2017-04-28
600803,2017-06-30,9.62840118,0.1,96.28401179999999,0.3509719222462203,0.6490280777537797,,2017-08-31
600803,2017-09-30,,0.39,,,,,2017-10-30
600803,2017-12-31,,0.64,,,,,2018-03-30
600803,2018-03-31,,0.32,,,,,2018-04-27
600803,2018-06-30,,0.61,,,,,2018-08-30
600803,2018-09-30,,0.88,,,,,2018-10-30
600805,2015-06-30,14.94637506,0.326,45.847776257668706,0.762080073630925,0.237919926369075,,2015-08-27
600805,2015-09-30,10.44238104,0.17,61.42577082352941,0.40564292321924145,0.5943570767807586,,2015-10-23
600805,2015-12-31,12.10627692,0.15,80.70851280000001,0.3520208604954368,0.6479791395045632,,2016-03-26
600805,2016-03-31,8.30991678,0.037,224.5923454054054,0.4301833568406206,0.5698166431593794,,2016-04-27
600805,2016-06-30,8.39835136,0.095,88.40369852631578,0.49544468546637743,0.5045553145336226,,2016-08-20
600805,2016-09-30,8.25321856,0.104,79.35787076923077,0.38349917081260365,0.6165008291873963,,2016-10-25
600805,2016-12-31,,0.13,,,,,2017-03-30
600805,2017-03-31,8.16613888,0.01,816.613888,0.11901937524713326,0.8809806247528668,,2017-04-29
600805,2017-06-30,7.2074835,0.01,720.7483500000001,0.040676745860331175,0.9593232541396688,,2017-08-26
600805,2017-09-30,,-0.326,,,,,2017-10-27
600805,2017-12-31,,-0.32,,,,,2018-03-30
600805,2018-03-31,,0.048,,,,,2018-04-28
600805,2018-06-30,,0.12,,,,,2018-07-20
600805,2018-09-30,,0.175,,,,,2018-10-20
600807,2015-06-30,21.31,0.11,193.72727272727272,0.2936033133916245,0.7063966866083755,,2015-08-29
600807,2015-09-30,9.8,0.14,70.0,0.36493987049028676,0.6350601295097132,,2015-10-30
600807,2015-12-31,17.31,0.16,108.18749999999999,0.2685788787483703,0.7314211212516297,,2016-04-28
600807,2016-03-31,11.69,-0.01,,,,,2016-04-28
600807,2016-06-30,12.12,0.08,151.5,0.3149674620390456,0.6850325379609544,,2016-08-27
600807,2016-09-30,12.24,0.1,122.39999999999999,0.255804311774461,0.7441956882255389,,2016-10-29
600807,2016-12-31,,0.15,,,,,2017-04-26
600807,2017-03-31,13.73,0.01,1373.0,0.05852115460656386,0.9414788453934362,,2017-04-26
600807,2017-06-30,9.43,0.08,117.875,0.28077753779697623,0.7192224622030238,,2017-08-31
600807,2017-09-30,,0.11,,,,,2017-10-31
600807,2017-12-31,,-0.56,,,,,2018-04-28
600807,2018-03-31,,-0.11,,,,,2018-04-28
600807,2018-06-30,,-0.73,,,,,2018-08-17
600807,2018-09-30,,-1.16,,,,,2018-10-18
600808,2015-06-30,3.88537156,-0.1606,,,,,2015-08-26
600808,2015-09-30,2.31515561,-0.3344,,,,,2015-10-28
600808,2015-12-31,2.30054895,-0.6239,,,,,2016-03-31
600808,2016-03-31,1.93538245,-0.05,,,,,2016-04-28
600808,2016-06-30,1.76010253,0.0588,29.933716496598638,0.8464208242950109,0.15357917570498913,,2016-08-31
600808,2016-09-30,2.02302241,0.0986,20.517468661257606,0.853648424543947,0.14635157545605304,,2016-10-28
600808,2016-12-31,,0.1596,,,,,2017-03-30
600808,2017-03-31,2.38088558,0.12,19.840713166666667,0.9766706207987347,0.02332937920126532,,2017-04-26
600808,2017-06-30,2.58537882,0.2134,12.115177225866915,0.9755219582433405,0.024478041756659463,,2017-08-24
600808,2017-09-30,,0.3558,,,,,2017-10-27
600808,2017-12-31,,0.5362,,,,,2018-03-21
600808,2018-03-31,,0.18,,,,,2018-04-20
600808,2018-06-30,,0.4452,,,,,2018-08-30
600808,2018-09-30,,0.725,,,,,2018-10-19
600809,2015-06-30,16.70418592,0.3227,51.76382373721723,0.7188219052001841,0.2811780947998159,,2015-08-18
600809,2015-09-30,9.02641208,0.42,21.491457333333333,0.7923219241443108,0.2076780758556892,,2015-10-22
600809,2015-12-31,11.39835916,0.6013,18.956193514052888,0.8357235984354628,0.16427640156453716,,2016-04-26
600809,2016-03-31,10.80685116,0.34,31.784856352941176,0.9445228020686413,0.055477197931358746,,2016-04-26
600809,2016-06-30,13.11964744,0.4145,31.651742919179735,0.8264642082429501,0.17353579175704992,,2016-08-16
600809,2016-09-30,11.70514926,0.5211,22.462385837651123,0.832089552238806,0.16791044776119401,,2016-10-28
600809,2016-12-31,,0.6989,,,,,2017-04-28
600809,2017-03-31,17.55472718,0.54,32.508754037037036,0.9482008699090549,0.051799130090945056,,2017-04-28
600809,2017-06-30,20.79117398,0.6949,29.91966323211973,0.8383729301655868,0.16162706983441322,,2017-08-26
600809,2017-09-30,,0.9303,,,,,2017-10-26
600809,2017-12-31,,1.0999,,,,,2018-04-27
600809,2018-03-31,,0.8267,,,,,2018-04-27
600809,2018-06-30,,1.0884,,,,,2018-08-28
600809,2018-09-30,,1.4729,,,,,2018-10-26
600810,2015-06-30,6.74025966,0.01,674.025966,0.08973768982972849,0.9102623101702715,,2015-08-29
600810,2015-09-30,4.30320767,0.0193,222.9641279792746,0.11193339500462535,0.8880666049953747,,2015-10-29
600810,2015-12-31,5.60460571,0.14,40.03289792857143,0.596697088222512,0.403302911777488,,2016-04-15
600810,2016-03-31,4.55489314,0.0248,183.66504596774195,0.49412317818523743,0.5058768218147626,,2016-04-29
600810,2016-06-30,4.58558649,0.09,50.950961,0.6980477223427332,0.30195227765726684,,2016-08-20
600810,2016-09-30,5.44500029,0.17,32.02941347058823,0.7321724709784412,0.2678275290215588,,2016-10-29
600810,2016-12-31,,0.19,,,,,2017-04-28
600810,2017-03-31,5.61688305,0.1,56.1688305,0.8600237247924081,0.13997627520759193,,2017-04-28
600810,2017-06-30,4.86796531,0.11,44.25423009090909,0.697264218862491,0.302735781137509,,2017-08-26
600810,2017-09-30,,0.16,,,,,2017-10-28
600810,2017-12-31,,0.15,,,,,2018-04-27
600810,2018-03-31,,0.23,,,,,2018-04-27
600810,2018-06-30,,0.86,,,,,2018-08-15
600810,2018-09-30,,1.28,,,,,2018-10-31
600812,2015-06-30,11.62401358,0.021,553.5244561904761,0.10814542107685228,0.8918545789231477,,2015-08-19
600812,2015-09-30,5.89818152,0.019,310.4306063157895,0.0786308973172988,0.9213691026827012,,2015-10-23
600812,2015-12-31,8.24404917,0.039,211.38587615384617,0.14602346805736635,0.8539765319426337,,2016-03-19
600812,2016-03-31,6.93227828,0.009,770.2531422222223,0.15044663845792194,0.8495533615420781,,2016-04-16
600812,2016-06-30,5.96545641,0.018,331.414245,0.1475054229934924,0.8524945770065075,,2016-08-20
600812,2016-09-30,6.12876198,0.04,153.2190495,0.20066334991708126,0.7993366500829188,,2016-10-15
600812,2016-12-31,,0.033,,,,,2017-03-18
600812,2017-03-31,5.88860673,0.008,736.07584125,0.13167259786476868,0.8683274021352313,,2017-04-22
600812,2017-06-30,5.75411979,0.019,302.84841,0.10475161987041037,0.8952483801295896,,2017-08-12
600812,2017-09-30,,0.013,,,,,2017-10-21
600812,2017-12-31,,0.012,,,,,2018-03-31
600812,2018-03-31,,0.016,,,,,2018-04-21
600812,2018-06-30,,0.038,,,,,2018-08-10
600812,2018-09-30,,0.047,,,,,2018-10-18
600815,2015-06-30,17.81278184,-0.19,,,,,2015-08-31
600815,2015-09-30,7.1482964,-0.3,,,,,2015-10-31
600815,2015-12-31,9.02230924,-1.04,,,,,2016-04-27
600815,2016-03-31,6.28856886,-0.0765,,,,,2016-04-27
600815,2016-06-30,6.15333082,-0.25,,,,,2016-08-30
600815,2016-09-30,6.10503152,-0.55,,,,,2016-10-31
600815,2016-12-31,,-2.8,,,,,2017-04-28
600815,2017-03-31,6.87782032,0.0212,324.42548679245283,0.2933965994464215,0.7066034005535785,,2017-04-28
600815,2017-06-30,4.32761728,0.15,28.85078186666667,0.8470122390208783,0.1529877609791217,,2017-08-30
600815,2017-09-30,,0.11,,,,,2017-10-26
600815,2017-12-31,,0.13,,,,,2018-04-26
600815,2018-03-31,,0.02,,,,,2018-04-26
600815,2018-06-30,,-0.06,,,,,2018-08-09
600815,2018-09-30,,-0.11,,,,,2018-10-30
600816,2015-06-30,6.92602622,0.7325,9.455325897610921,0.9866543948458353,0.01334560515416472,,2015-07-31
600816,2015-09-30,4.99308642,0.7582,6.585447665523609,0.9810360777058279,0.018963922294172098,,2015-10-28
600816,2015-12-31,7.91180082,1.0482,7.5479878076702915,0.974793568013907,0.02520643198609296,,2016-01-18
600816,2016-03-31,5.82700482,0.1562,37.30476837387964,0.9285378467324871,0.07146215326751293,,2016-04-16
600816,2016-06-30,5.9849699,0.3577,16.73181409001957,0.9475054229934924,0.052494577006507614,,2016-08-26
600816,2016-09-30,7.0847569,0.5935,11.937248357203034,0.9506633499170812,0.049336650082918765,,2016-10-28
600816,2016-12-31,,0.7792,,,,,2017-01-25
600816,2017-03-31,9.04464792,0.2238,40.4139764075067,0.9169632265717675,0.08303677342823246,,2017-04-25
600816,2017-06-30,10.83922092,0.2947,36.780525687139466,0.7742980561555075,0.2257019438444925,,2017-08-16
600816,2017-09-30,,0.5166,,,,,2017-10-13
600816,2017-12-31,,0.6708,,,,,2018-02-08
600816,2018-03-31,,0.1931,,,,,2018-04-16
600816,2018-06-30,,0.1972,,,,,2018-08-25
600816,2018-09-30,,0.0044,,,,,2018-10-31
600821,2015-06-30,10.44895996,0.009,1160.9955511111111,0.05246203405430281,0.9475379659456972,,2015-08-26
600821,2015-09-30,6.25829934,0.01,625.829934,0.03700277520814061,0.9629972247918593,,2015-10-28
600821,2015-12-31,10.3381936,0.01,1033.81936,0.02303346371142981,0.9769665362885702,,2016-04-27
600821,2016-03-31,7.68903149,0.01,768.903149,0.15091678420310295,0.849083215796897,,2016-04-29
600821,2016-06-30,8.11363587,0.01,811.3635869999999,0.05770065075921909,0.942299349240781,,2016-08-26
600821,2016-09-30,9.25822159,0.01,925.8221589999999,0.02902155887230514,0.9709784411276948,,2016-10-29
600821,2016-12-31,,-0.24,,,,,2017-04-26
600821,2017-03-31,9.22129947,-0.07,,,,,2017-04-29
600821,2017-06-30,8.31670753,-0.19,,,,,2017-08-26
600821,2017-09-30,,-0.31,,,,,2017-10-28
600821,2017-12-31,,0.02,,,,,2018-04-28
600821,2018-03-31,,-0.09,,,,,2018-04-28
600821,2018-06-30,,-0.18,,,,,2018-08-25
600821,2018-09-30,,-0.26,,,,,2018-10-27
600822,2015-06-30,13.97163996,-0.2333,,,,,2015-08-29
600822,2015-09-30,10.81352964,-1.2453,,,,,2015-10-31
600822,2015-12-31,15.00102402,-3.19,,,,,2016-04-30
600822,2016-03-31,14.11155624,0.0197,716.3226517766498,0.1626704278326281,0.8373295721673719,,2016-04-30
600822,2016-06-30,14.11155624,0.0039,3618.3477538461543,0.009978308026030369,0.9900216919739696,,2016-08-31
600822,2016-09-30,14.5912692,0.0335,435.56027462686563,0.06674958540630183,0.9332504145936982,,2016-10-29
600822,2016-12-31,,0.03,,,,,2017-04-08
600822,2017-03-31,16.99,0.0233,729.1845493562231,0.1332542506919731,0.8667457493080268,,2017-04-29
600822,2017-06-30,12.3,0.025,492.0,0.05759539236861051,0.9424046076313894,,2017-08-29
600822,2017-09-30,,0.0466,,,,,2017-10-31
600822,2017-12-31,,0.07,,,,,2018-04-17
600822,2018-03-31,,0.0327,,,,,2018-04-28
600822,2018-06-30,,0.0622,,,,,2018-08-25
600822,2018-09-30,,0.0822,,,,,2018-10-31
600824,2015-06-30,9.23264589,0.116,79.5917749137931,0.5770823745973309,0.4229176254026691,,2015-08-25
600824,2015-09-30,7.438184,0.164,45.354780487804874,0.5148011100832562,0.48519888991674376,,2015-10-28
600824,2015-12-31,8.1820024,0.183,44.7103956284153,0.555845284658844,0.444154715341156,,2016-04-29
600824,2016-03-31,6.3224564,0.044,143.69219090909093,0.5712270803949224,0.4287729196050776,,2016-04-29
600824,2016-06-30,5.55074481,0.089,62.367919213483155,0.6281995661605206,0.37180043383947936,,2016-08-24
600824,2016-09-30,6.12897408,0.13,47.14595446153846,0.5800165837479271,0.4199834162520729,,2016-10-28
600824,2016-12-31,,0.143,,,,,2017-03-28
600824,2017-03-31,6.25080384,0.048,130.22508,0.5824436536180309,0.41755634638196915,,2017-04-28
600824,2017-06-30,5.36050944,0.095,56.42641515789474,0.5863930885529157,0.4136069114470843,,2017-08-29
600824,2017-09-30,,0.137,,,,,2017-10-27
600824,2017-12-31,,0.133,,,,,2018-04-18
600824,2018-03-31,,0.048,,,,,2018-04-18
600824,2018-06-30,,0.09,,,,,2018-08-28
600824,2018-09-30,,0.115,,,,,2018-10-30
600825,2015-06-30,16.27983336,0.031,525.1559148387097,0.1155085135757018,0.8844914864242982,,2015-08-22
600825,2015-09-30,8.8872086,0.034,261.38848823529406,0.09204440333024977,0.9079555966697502,,2015-10-30
600825,2015-12-31,11.72522328,0.06,195.420388,0.15819209039548024,0.8418079096045198,,2016-04-29
600825,2016-03-31,9.04433052,0.008,1130.5413150000002,0.10249177244945933,0.8975082275505407,,2016-04-29
600825,2016-06-30,7.8069954,0.025,312.279816,0.1579175704989154,0.8420824295010846,,2016-08-30
600825,2016-09-30,8.55255896,0.035,244.35882742857143,0.1214759535655058,0.8785240464344942,,2016-10-28
600825,2016-12-31,,0.05,,,,,2017-04-20
600825,2017-03-31,8.19825272,0.007,1171.17896,0.07354685646500593,0.9264531435349941,,2017-04-29
600825,2017-06-30,6.97786456,0.02,348.893228,0.08747300215982722,0.9125269978401728,,2017-08-19
600825,2017-09-30,,0.033,,,,,2017-10-27
600825,2017-12-31,,0.04,,,,,2018-04-28
600825,2018-03-31,,0.008,,,,,2018-04-28
600825,2018-06-30,,0.021,,,,,2018-08-30
600825,2018-09-30,,0.026,,,,,2018-10-30
600826,2015-06-30,21.75116232,1.01,21.535804277227722,0.9332719742291763,0.0667280257708237,,2015-08-22
600826,2015-09-30,13.111239,1.18,11.111219491525423,0.9315448658649399,0.0684551341350601,,2015-10-28
600826,2015-12-31,19.649742,1.21,16.239456198347106,0.8691873098652759,0.13081269013472407,,2016-03-12
600826,2016-03-31,15.564604,1.59,9.789059119496855,0.997179125528914,0.0028208744710860323,,2016-04-28
600826,2016-06-30,15.1557329,1.68,9.021269583333334,0.9865509761388286,0.013449023861171416,,2016-08-20
600826,2016-09-30,16.8924479,1.99,8.488667286432161,0.9771973466003316,0.02280265339966836,,2016-10-28
600826,2016-12-31,,2.0,,,,,2017-03-11
600826,2017-03-31,14.9125928,0.06,248.54321333333334,0.3776196124950573,0.6223803875049427,,2017-04-29
600826,2017-06-30,10.4781805,0.11,95.25618636363637,0.3538516918646508,0.6461483081353492,,2017-08-19
600826,2017-09-30,,0.24,,,,,2017-10-28
600826,2017-12-31,,0.69,,,,,2018-03-24
600826,2018-03-31,,0.06,,,,,2018-04-28
600826,2018-06-30,,0.04,,,,,2018-08-18
600826,2018-09-30,,0.57,,,,,2018-10-27
600827,2015-06-30,17.72964137,0.65,27.276371338461537,0.893235158766682,0.10676484123331798,,2015-08-29
600827,2015-09-30,15.23023488,0.7,21.7574784,0.7872340425531915,0.21276595744680848,,2015-10-30
600827,2015-12-31,15.42881504,0.74,20.849750054054056,0.8122555410691004,0.18774445893089964,,2016-04-29
600827,2016-03-31,12.2169968,0.24,50.90415333333334,0.8721203573107663,0.12787964268923369,,2016-04-29
600827,2016-06-30,10.42977536,0.4,26.074438400000002,0.8763557483731019,0.12364425162689807,,2016-08-31
600827,2016-09-30,10.75786432,0.43,25.018289116279067,0.7997512437810945,0.20024875621890548,,2016-10-29
600827,2016-12-31,,0.51,,,,,2017-04-28
600827,2017-03-31,13.95241472,0.2,69.7620736,0.800711743772242,0.19928825622775803,,2017-04-28
600827,2017-06-30,14.03012,0.35,40.08605714285714,0.7375809935205183,0.2624190064794817,,2017-08-30
600827,2017-09-30,,0.38,,,,,2017-10-31
600827,2017-12-31,,0.47,,,,,2018-04-28
600827,2018-03-31,,0.17,,,,,2018-04-28
600827,2018-06-30,,0.33,,,,,2018-08-28
600827,2018-09-30,,0.39,,,,,2018-10-31
600830,2015-06-30,14.95434855,0.092,162.5472668478261,0.3373216751035435,0.6626783248964565,,2015-08-29
600830,2015-09-30,8.84677966,0.153,57.82208928104575,0.42876965772432934,0.5712303422756706,,2015-10-31
600830,2015-12-31,13.28952787,0.26,51.11356873076923,0.5115167318557149,0.4884832681442851,,2017-03-04
600830,2016-03-31,9.90181137,0.036,275.0503158333334,0.3690644099670898,0.6309355900329102,,2016-04-30
600830,2016-06-30,9.18295434,0.119,77.16768352941178,0.5505422993492408,0.4494577006507592,,2016-08-30
600830,2016-09-30,10.73955321,0.177,60.675441864406785,0.48258706467661694,0.5174129353233831,,2016-10-29
600830,2016-12-31,,0.18,,,,,2017-03-04
600830,2017-03-31,10.97451153,0.035,313.55747228571425,0.30684064847765913,0.6931593515223409,,2017-04-29
600830,2017-06-30,9.65287098,0.067,144.07270119402983,0.22606191504679626,0.7739380849532037,,2017-08-30
600830,2017-09-30,,0.116,,,,,2017-10-28
600830,2017-12-31,,0.18,,,,,2018-03-03
600830,2018-03-31,,0.037,,,,,2018-04-28
600830,2018-06-30,,0.012,,,,,2018-08-30
600830,2018-09-30,,0.065,,,,,2018-10-30
600831,2015-06-30,16.56592733,0.16,103.5370458125,0.4845835250805338,0.5154164749194662,,2015-08-28
600831,2015-09-30,11.8118869,0.18,65.62159388888888,0.38436632747456057,0.6156336725254394,,2015-10-29
600831,2015-12-31,15.43354809,0.2365,65.25813145877379,0.4198174706649283,0.5801825293350718,,2016-04-20
600831,2016-03-31,12.18283872,0.09,135.36487466666668,0.5956746591443347,0.4043253408556653,,2016-04-29
600831,2016-06-30,12.65140944,0.1984,63.76718467741936,0.6216919739696313,0.3783080260303687,,2016-08-12
600831,2016-09-30,13.50069387,0.203,66.50588113300492,0.44361525704809285,0.5563847429519071,,2016-10-28
600831,2016-12-31,,0.2309,,,,,2017-04-21
600831,2017-03-31,12.23164817,0.06,203.86080283333334,0.43376828786081456,0.5662317121391854,,2017-04-28
600831,2017-06-30,9.71308055,0.195,49.81066948717949,0.6450683945284377,0.35493160547156233,,2017-08-31
600831,2017-09-30,,0.204,,,,,2017-10-27
600831,2017-12-31,,0.2911,,,,,2018-04-20
600831,2018-03-31,,0.076,,,,,2018-04-27
600831,2018-06-30,,0.186,,,,,2018-08-31
600831,2018-09-30,,0.196,,,,,2018-10-31
600838,2015-06-30,12.54801066,0.115,109.11313617391303,0.47077772664519096,0.5292222733548091,,2015-08-28
600838,2015-09-30,12.6072921,0.1825,69.08105260273973,0.36725254394079554,0.6327474560592045,,2015-10-28
600838,2015-12-31,14.46239145,0.23,62.87996282608695,0.4302477183833116,0.5697522816166884,,2016-04-28
600838,2016-03-31,12.81956715,0.0446,287.4342410313901,0.35684062059238364,0.6431593794076164,,2016-04-28
600838,2016-06-30,10.9829265,0.355,30.937821126760564,0.8338394793926247,0.1661605206073753,,2016-08-26
600838,2016-09-30,14.51377338,0.4028,36.032207994041705,0.6902985074626866,0.3097014925373134,,2016-10-28
600838,2016-12-31,,0.46,,,,,2017-04-28
600838,2017-03-31,14.31926844,0.0551,259.8778301270417,0.3641755634638197,0.6358244365361803,,2017-04-28
600838,2017-06-30,11.19792726,0.1248,89.72698125000001,0.37652987760979123,0.6234701223902088,,2017-08-30
600838,2017-09-30,,0.1809,,,,,2017-10-19
600838,2017-12-31,,0.24,,,,,2018-04-11
600838,2018-03-31,,0.0545,,,,,2018-04-28
600838,2018-06-30,,0.124,,,,,2018-08-30
600838,2018-09-30,,0.1786,,,,,2018-10-26
600839,2015-06-30,9.26671176,-0.0414,,,,,2015-08-18
600839,2015-09-30,5.54684271,-0.1073,,,,,2015-10-20
600839,2015-12-31,5.45266881,-0.428,,,,,2016-04-09
600839,2016-03-31,3.74812122,0.0468,80.08806025641024,0.7559943582510579,0.24400564174894213,,2016-04-30
600839,2016-06-30,4.16248638,0.1001,41.58328051948052,0.7583514099783081,0.24164859002169192,,2016-07-30
600839,2016-09-30,4.01180814,0.113,35.50272690265487,0.6956882255389718,0.3043117744610282,,2016-10-26
600839,2016-12-31,,0.1202,,,,,2017-04-28
600839,2017-03-31,3.98355597,0.0071,561.0642211267605,0.1716093317516805,0.8283906682483195,,2017-04-28
600839,2017-06-30,3.40909518,0.0335,101.7640352238806,0.33405327573794097,0.665946724262059,,2017-08-18
600839,2017-09-30,,0.0309,,,,,2017-10-25
600839,2017-12-31,,0.0765,,,,,2018-04-18
600839,2018-03-31,,0.0111,,,,,2018-04-26
600839,2018-06-30,,0.0348,,,,,2018-08-24
600839,2018-09-30,,0.0444,,,,,2018-10-30
600843,2015-06-30,20.17197512,0.1829,110.28963980317113,0.46617579383341,0.53382420616659,,2015-08-29
600843,2015-09-30,12.78793974,0.2809,45.524883374866505,0.513413506012951,0.486586493987049,,2015-10-31
600843,2015-12-31,16.35802818,0.2869,57.01648023701639,0.4737070838765754,0.5262929161234247,,2016-03-22
600843,2016-03-31,13.37320014,0.0769,173.90377295188557,0.5119887165021156,0.48801128349788436,,2016-04-30
600843,2016-06-30,13.37320014,0.1844,72.5227773318872,0.5796095444685466,0.4203904555314534,,2016-08-31
600843,2016-09-30,14.4851949,0.2867,50.52387478200209,0.5534825870646766,0.44651741293532343,,2016-10-29
600843,2016-12-31,,0.2629,,,,,2017-04-06
600843,2017-03-31,15.18750738,0.11,138.0682489090909,0.5638592328983788,0.4361407671016212,,2017-04-29
600843,2017-06-30,12.7294137,0.2296,55.44169729965157,0.5910727141828653,0.40892728581713467,,2017-08-31
600843,2017-09-30,,0.3454,,,,,2017-10-31
600843,2017-12-31,,0.36,,,,,2018-04-17
600843,2018-03-31,,0.0829,,,,,2018-04-28
600843,2018-06-30,,0.1826,,,,,2018-08-31
600843,2018-09-30,,0.2461,,,,,2018-10-31
600844,2015-06-30,10.68,0.0153,698.0392156862745,0.08559595029912563,0.9144040497008744,,2015-08-22
600844,2015-09-30,5.92,-0.001,,,,,2015-10-31
600844,2015-12-31,8.75,-0.0394,,,,,2016-03-31
600844,2016-03-31,6.61,-0.0447,,,,,2016-04-30
600844,2016-06-30,6.46,-0.0896,,,,,2016-08-31
600844,2016-09-30,8.07,-0.1312,,,,,2016-10-29
600844,2016-12-31,,-0.1915,,,,,2017-04-29
600844,2017-03-31,7.78,0.0428,181.77570093457945,0.47568208778173193,0.5243179122182681,,2017-04-29
600844,2017-06-30,6.71,0.0462,145.23809523809524,0.22354211663066956,0.7764578833693304,,2017-08-26
600844,2017-09-30,,0.0725,,,,,2017-10-17
600844,2017-12-31,,0.2618,,,,,2018-02-26
600844,2018-03-31,,0.0062,,,,,2018-04-28
600844,2018-06-30,,-0.037,,,,,2018-08-18
600844,2018-09-30,,0.0029,,,,,2018-10-16
600846,2015-06-30,9.719955,0.07,138.85649999999998,0.39484583525080535,0.6051541647491947,,2015-08-08
600846,2015-09-30,6.75719304,0.11,61.429027636363635,0.4047178538390379,0.5952821461609621,,2015-10-24
600846,2015-12-31,9.47432928,0.26,36.439727999999995,0.6310299869621904,0.36897001303780963,,2016-03-31
600846,2016-03-31,8.12764368,0.04,203.191092,0.45839210155148097,0.5416078984485191,,2016-04-28
600846,2016-06-30,7.8424632,0.07,112.03518857142856,0.4086767895878525,0.5913232104121475,,2016-08-13
600846,2016-09-30,7.59376514,0.14,54.24117957142857,0.5248756218905473,0.47512437810945274,,2016-10-22
600846,2016-12-31,,0.29,,,,,2017-04-15
600846,2017-03-31,6.92961076,0.05,138.5922152,0.5614867536575722,0.43851324634242783,,2017-04-29
600846,2017-06-30,6.53751962,0.09,72.63910688888889,0.47264218862491003,0.52735781137509,,2017-08-12
600846,2017-09-30,,0.16,,,,,2017-10-31
600846,2017-12-31,,0.41,,,,,2018-03-31
600846,2018-03-31,,0.12,,,,,2018-04-28
600846,2018-06-30,,0.19,,,,,2018-08-25
600846,2018-09-30,,0.24,,,,,2018-10-30
600848,2015-06-30,18.10428882,0.1238,146.23819725363492,0.37689829728485963,0.6231017027151404,,2015-08-28
600848,2015-09-30,11.33599212,0.2992,37.88767419786096,0.5883441258094357,0.41165587419056426,,2015-10-23
600848,2015-12-31,16.62756954,0.54,30.791795444444443,0.7001303780964798,0.2998696219035202,,2016-04-19
600848,2016-03-31,11.16226044,0.003,3720.7534800000003,0.02773859896567936,0.9722614010343207,,2016-04-28
600848,2016-06-30,11.16226044,0.0868,128.59747050691246,0.36399132321041217,0.6360086767895878,,2016-08-29
600848,2016-09-30,15.61413474,0.1896,82.35303132911393,0.3718905472636816,0.6281094527363185,,2016-10-28
600848,2016-12-31,,0.4,,,,,2017-04-12
600848,2017-03-31,14.24599776,0.0504,282.6586857142857,0.3364966389877422,0.6635033610122578,,2017-04-28
600848,2017-06-30,15.60689592,0.1715,91.00230857142856,0.37041036717062636,0.6295896328293736,,2017-08-29
600848,2017-09-30,,0.2639,,,,,2017-10-27
600848,2017-12-31,,0.37,,,,,2018-04-12
600848,2018-03-31,,0.0596,,,,,2018-04-27
600848,2018-06-30,,0.3824,,,,,2018-08-30
600848,2018-09-30,,0.5343,,,,,2018-10-26
600850,2015-06-30,23.64050739,0.3275,72.18475538931297,0.6102162908421537,0.3897837091578463,,2015-08-18
600850,2015-09-30,16.03064556,0.5571,28.775167043618737,0.6901017576318224,0.30989824236817765,,2015-10-28
600850,2015-12-31,22.04427165,0.7321,30.111011678732414,0.7036071273359409,0.2963928726640591,,2016-04-26
600850,2016-03-31,15.8343171,0.149,106.27058456375839,0.6765397273154677,0.32346027268453226,,2016-04-26
600850,2016-06-30,16.06665821,0.3114,51.59492039177906,0.6911062906724512,0.3088937093275488,,2016-08-20
600850,2016-09-30,14.5042331,0.5005,28.979486713286718,0.7553897180762852,0.2446102819237148,,2016-10-29
600850,2016-12-31,,0.6576,,,,,2017-04-25
600850,2017-03-31,13.08181024,0.1802,72.59606126526081,0.7880585211546066,0.21194147884539338,,2017-04-25
600850,2017-06-30,12.08029004,0.3537,34.154057223635846,0.7980561555075594,0.20194384449244063,,2017-08-26
600850,2017-09-30,,0.5334,,,,,2017-10-30
600850,2017-12-31,,0.6859,,,,,2018-04-28
600850,2018-03-31,,0.1721,,,,,2018-04-28
600850,2018-06-30,,0.4036,,,,,2018-08-28
600850,2018-09-30,,0.5992,,,,,2018-10-30
600851,2015-06-30,11.8545708,0.0812,145.9922512315271,0.3782788771283939,0.6217211228716061,,2015-08-25
600851,2015-09-30,8.65416648,0.1057,81.87480113528856,0.3154486586493987,0.6845513413506013,,2015-10-28
600851,2015-12-31,13.8882366,0.1304,106.5048819018405,0.2742285962624946,0.7257714037375054,,2016-04-26
600851,2016-03-31,12.53720406,0.0078,1607.333853846154,0.0686412787964269,0.9313587212035731,,2016-04-28
600851,2016-06-30,12.57499518,0.0997,126.12833681043129,0.37049891540130153,0.6295010845986985,,2016-08-23
600851,2016-09-30,12.8002036,0.1322,96.82453555219364,0.3138474295190713,0.6861525704809287,,2016-10-28
600851,2016-12-31,,0.0745,,,,,2017-04-25
600851,2017-03-31,10.8535851,0.0084,1292.0934642857144,0.06247528667457493,0.9375247133254251,,2017-04-29
600851,2017-06-30,8.54630192,0.0509,167.90377053045185,0.1900647948164147,0.8099352051835853,,2017-08-22
600851,2017-09-30,,0.0793,,,,,2017-10-28
600851,2017-12-31,,0.0872,,,,,2018-04-21
600851,2018-03-31,,0.0152,,,,,2018-04-28
600851,2018-06-30,,0.0654,,,,,2018-08-25
600851,2018-09-30,,0.086,,,,,2018-10-27
600853,2015-06-30,6.0448566,0.002,3022.4283,0.023469857340082834,0.9765301426599171,,2015-08-26
600853,2015-09-30,4.75342236,0.0213,223.16536901408452,0.11147086031452359,0.8885291396854764,,2015-10-28
600853,2015-12-31,4.51604796,0.0469,96.2910012793177,0.3003042155584528,0.6996957844415472,,2016-04-12
600853,2016-03-31,3.33511032,-0.0222,,,,,2016-04-29
600853,2016-06-30,3.0561954,0.0037,825.9987567567567,0.05596529284164859,0.9440347071583514,,2016-08-30
600853,2016-09-30,4.01901604,0.0146,275.2750712328767,0.1111111111111111,0.8888888888888888,,2016-10-29
600853,2016-12-31,,0.0546,,,,,2017-04-11
600853,2017-03-31,4.2806088,-0.0115,,,,,2017-04-29
600853,2017-06-30,3.66824393,0.0354,103.62270988700566,0.32649388048956085,0.6735061195104391,,2017-08-31
600853,2017-09-30,,0.0704,,,,,2017-10-28
600853,2017-12-31,,0.2457,,,,,2018-04-13
600853,2018-03-31,,-0.0095,,,,,2018-04-28
600853,2018-06-30,,0.0358,,,,,2018-08-31
600853,2018-09-30,,0.1437,,,,,2018-10-31
600855,2015-06-30,42.0176372,0.0332,1265.591481927711,0.04786010124252186,0.9521398987574782,,2015-08-25
600855,2015-09-30,23.4254174,0.0152,1541.1458815789474,0.014338575393154487,0.9856614246068455,,2015-10-27
600855,2015-12-31,38.6655808,0.0883,437.8887972819932,0.06345067362016514,0.9365493263798349,,2016-03-29
600855,2016-03-31,30.25620675,-0.012,,,,,2016-04-29
600855,2016-06-30,30.5314598,0.0325,939.4295323076923,0.04685466377440347,0.9531453362255965,,2016-08-16
600855,2016-09-30,28.1903894,0.0256,1101.1870859375,0.024461028192371476,0.9755389718076285,,2016-10-25
600855,2016-12-31,,0.1741,,,,,2017-03-28
600855,2017-03-31,28.18063494,-0.0432,,,,,2017-04-28
600855,2017-06-30,20.70950748,0.0004,51773.76869999999,0.0003599712023038157,0.9996400287976962,,2017-08-22
600855,2017-09-30,,0.0011,,,,,2017-10-27
600855,2017-12-31,,0.0311,,,,,2018-04-03
600855,2018-03-31,,-0.07,,,,,2018-04-27
600855,2018-06-30,,-0.0166,,,,,2018-08-30
600855,2018-09-30,,0.0293,,,,,2018-10-29
600859,2015-06-30,20.0905425,1.002,20.05044161676647,0.9415554532903819,0.05844454670961807,,2015-08-29
600859,2015-09-30,13.9017021,1.303,10.668996239447429,0.937095282146161,0.062904717853839,,2015-10-28
600859,2015-12-31,17.64122756,1.099,16.052072393084625,0.8722294654498044,0.1277705345501956,,2016-03-26
600859,2016-03-31,14.1933462,0.311,45.6377691318328,0.8932769158439117,0.10672308415608833,,2016-04-30
600859,2016-06-30,13.38157344,0.687,19.478272838427948,0.9297180043383948,0.0702819956616052,,2016-08-27
600859,2016-09-30,14.29475168,0.918,15.571624923747276,0.9154228855721394,0.08457711442786064,,2016-10-29
600859,2016-12-31,,1.189,,,,,2017-03-18
600859,2017-03-31,14.29475168,0.282,50.690608794326245,0.8762356662712535,0.12376433372874651,,2017-04-29
600859,2017-06-30,14.5956917,0.397,36.76496649874055,0.7746580273578114,0.22534197264218858,,2017-08-26
600859,2017-09-30,,0.675,,,,,2017-10-28
600859,2017-12-31,,0.927,,,,,2018-03-24
600859,2018-03-31,,0.585,,,,,2018-04-28
600859,2018-06-30,,0.974,,,,,2018-08-25
600859,2018-09-30,,1.274,,,,,2018-10-27
600860,2015-06-30,13.29,-0.11,,,,,2015-08-12
600860,2015-09-30,13.29,-0.2,,,,,2015-10-30
600860,2015-12-31,12.91,-0.49,,,,,2016-03-18
600860,2016-03-31,9.18,-0.07,,,,,2016-04-30
600860,2016-06-30,8.43,-0.15,,,,,2016-08-12
600860,2016-09-30,9.56,-0.22,,,,,2016-10-31
600860,2016-12-31,,-0.35,,,,,2017-03-18
600860,2017-03-31,9.26,-0.04,,,,,2017-04-29
600860,2017-06-30,6.86,-0.1,,,,,2017-08-12
600860,2017-09-30,,-0.16,,,,,2017-10-28
600860,2017-12-31,,0.05,,,,,2018-03-27
600860,2018-03-31,,-0.05,,,,,2018-04-27
600860,2018-06-30,,-0.07,,,,,2018-08-10
600860,2018-09-30,,-0.1,,,,,2018-10-30
600862,2015-06-30,23.7683407,0.06,396.13901166666665,0.15600552231937415,0.8439944776806259,,2015-08-10
600862,2015-09-30,13.0215683,0.11,118.37789363636364,0.21970397779833487,0.7802960222016652,,2015-10-28
600862,2015-12-31,18.6196257,0.23,80.95489434782608,0.3511516731855715,0.6488483268144285,,2016-04-16
600862,2016-03-31,12.918594,-0.008,,,,,2016-04-29
600862,2016-06-30,13.2743234,0.01,1327.43234,0.028199566160520606,0.9718004338394794,,2016-08-20
600862,2016-09-30,11.6641798,0.04,291.604495,0.10157545605306799,0.898424543946932,,2016-10-31
600862,2016-12-31,,0.05,,,,,2017-03-15
600862,2017-03-31,11.0182501,0.047,234.43085319148935,0.39462238038750497,0.605377619612495,,2017-04-19
600862,2017-06-30,9.0710997,0.15,60.473998,0.558675305975522,0.44132469402447805,,2017-08-25
600862,2017-09-30,,0.19,,,,,2017-10-28
600862,2017-12-31,,0.06,,,,,2018-03-17
600862,2018-03-31,,0.035,,,,,2018-04-28
600862,2018-06-30,,0.09,,,,,2018-08-24
600862,2018-09-30,,0.17,,,,,2018-10-26
600863,2015-06-30,5.41960992,0.08,67.745124,0.6369075011504832,0.3630924988495168,,2015-08-25
600863,2015-09-30,2.98061094,0.16,18.628818375,0.8316373728029602,0.16836262719703976,,2015-10-28
600863,2015-12-31,3.04881714,0.12,25.4068095,0.7518470230334637,0.24815297696653627,,2016-04-26
600863,2016-03-31,2.35993452,0.001,2359.93452,0.045133991537376586,0.9548660084626234,,2016-04-26
600863,2016-06-30,2.05982724,0.06,34.330454,0.8073752711496747,0.19262472885032533,,2016-08-24
600863,2016-09-30,2.13407059,0.09,23.711895444444444,0.814262023217247,0.18573797678275294,,2016-10-27
600863,2016-12-31,,0.07,,,,,2017-04-26
600863,2017-03-31,2.32870895,-0.022,,,,,2017-04-26
600863,2017-06-30,2.09236237,0.06,34.87270616666667,0.7897768178545717,0.21022318214542834,,2017-08-25
600863,2017-09-30,,0.1,,,,,2017-10-28
600863,2017-12-31,,0.09,,,,,2018-04-27
600863,2018-03-31,,0.001,,,,,2018-04-27
600863,2018-06-30,,0.05,,,,,2018-08-28
600863,2018-09-30,,0.09,,,,,2018-10-30
600864,2015-06-30,14.7460986,0.17,86.74175647058823,0.5490105844454671,0.45098941555453287,,2015-08-21
600864,2015-09-30,9.61981008,0.35,27.48517165714286,0.7025901942645698,0.2974098057354302,,2016-10-26
600864,2015-12-31,10.07348736,0.43,23.426714790697673,0.781399391568883,0.21860060843111695,,2016-03-10
600864,2016-03-31,11.86967904,0.07,169.56684342857142,0.5223319228960978,0.47766807710390224,,2016-04-22
600864,2016-06-30,10.39754256,0.17,61.16201505882352,0.638177874186551,0.36182212581344897,,2016-08-05
600864,2016-09-30,10.43874364,0.23,45.38584191304348,0.6003316749585407,0.3996683250414593,,2016-10-26
600864,2016-12-31,,0.24,,,,,2017-04-22
600864,2017-03-31,9.40233886,0.05,188.0467772,0.46223803875049424,0.5377619612495057,,2017-04-22
600864,2017-06-30,7.75903038,0.12,64.6585865,0.5262778977681786,0.47372210223182143,,2017-08-23
600864,2017-09-30,,0.15,,,,,2017-10-25
600864,2017-12-31,,0.17,,,,,2018-04-12
600864,2018-03-31,,0.014,,,,,2018-04-25
600864,2018-06-30,,-0.05,,,,,2018-08-24
600864,2018-09-30,,-0.11,,,,,2018-10-24
600866,2015-06-30,6.86359232,-0.1673,,,,,2015-08-25
600866,2015-09-30,6.86359232,-0.2714,,,,,2015-10-27
600866,2015-12-31,6.78934673,-0.65,,,,,2016-04-26
600866,2016-03-31,4.8672109,-0.0374,,,,,2016-04-26
600866,2016-06-30,4.84246237,-0.0282,,,,,2016-08-23
600866,2016-09-30,5.04870012,0.0236,213.9279711864407,0.13764510779436154,0.8623548922056384,,2016-10-25
600866,2016-12-31,,0.04,,,,,2017-03-31
600866,2017-03-31,5.84065308,-0.0403,,,,,2017-04-28
600866,2017-06-30,4.27324618,-0.0636,,,,,2017-08-26
600866,2017-09-30,,-0.0688,,,,,2017-10-28
600866,2017-12-31,,-0.25,,,,,2018-04-10
600866,2018-03-31,,0.0123,,,,,2018-04-20
600866,2018-06-30,,0.0257,,,,,2018-08-18
600866,2018-09-30,,0.0495,,,,,2018-10-27
600867,2015-06-30,9.94363218,0.23,43.233183391304344,0.781408191440405,0.21859180855959504,,2015-07-21
600867,2015-09-30,10.16127666,0.34,29.88610782352941,0.6771507863089732,0.3228492136910268,,2015-10-27
600867,2015-12-31,12.31958442,0.43,28.650196325581394,0.7131681877444589,0.2868318122555411,,2016-04-19
600867,2016-03-31,10.95477216,0.14,78.24837257142856,0.762576398683592,0.23742360131640805,,2016-04-28
600867,2016-06-30,11.3466029,0.23,49.333056086956525,0.7114967462039046,0.2885032537960954,,2016-08-19
600867,2016-09-30,12.4598752,0.36,34.61076444444445,0.7064676616915423,0.2935323383084577,,2016-10-26
600867,2016-12-31,,0.46,,,,,2017-04-12
600867,2017-03-31,11.132723,0.15,74.21815333333333,0.7817319098457889,0.21826809015421111,,2017-04-27
600867,2017-06-30,12.12356256,0.24,50.514844000000004,0.6389488840892729,0.36105111591072714,,2017-08-08
600867,2017-09-30,,0.38,,,,,2017-10-26
600867,2017-12-31,,0.49,,,,,2018-04-18
600867,2018-03-31,,0.16,,,,,2018-04-27
600867,2018-06-30,,0.26,,,,,2018-08-15
600867,2018-09-30,,0.33,,,,,2018-10-25
600868,2015-06-30,6.1257721,-0.0063,,,,,2015-08-25
600868,2015-09-30,5.7324641,-0.0024,,,,,2015-10-27
600868,2015-12-31,6.1356048,0.0104,589.9620000000001,0.04432855280312908,0.9556714471968709,,2016-04-12
600868,2016-03-31,5.5358101,0.0129,429.13256589147284,0.2623413258110014,0.7376586741889986,,2016-04-26
600868,2016-06-30,5.0638405,0.0207,244.62997584541066,0.2004338394793926,0.7995661605206074,,2016-08-23
600868,2016-09-30,5.2014983,0.0396,131.35096717171717,0.23714759535655058,0.7628524046434494,,2016-10-26
600868,2016-12-31,,0.0359,,,,,2017-03-09
600868,2017-03-31,5.3391561,0.0047,1135.990659574468,0.07829181494661921,0.9217081850533808,,2017-04-26
600868,2017-06-30,4.80714648,0.0578,83.1686242214533,0.40532757379409645,0.5946724262059035,,2017-08-15
600868,2017-09-30,,0.0627,,,,,2017-10-24
600868,2017-12-31,,0.0613,,,,,2018-04-10
600868,2018-03-31,,0.001,,,,,2018-04-27
600868,2018-06-30,,0.0036,,,,,2018-08-17
600868,2018-09-30,,0.0097,,,,,2018-10-30
600869,2015-06-30,14.1598545,0.082,172.68115243902437,0.3212149102623102,0.6787850897376898,,2015-08-29
600869,2015-09-30,7.46866725,0.1262,59.18119849445325,0.41859389454209067,0.5814061054579094,,2015-10-31
600869,2015-12-31,9.2811675,0.2123,43.71722797927462,0.5601912212081703,0.43980877879182967,,2017-04-28
600869,2016-03-31,8.105229,0.0416,194.83723557692306,0.4720263281617301,0.5279736718382699,,2016-04-29
600869,2016-06-30,10.010055,0.0996,100.50256024096386,0.44989154013015187,0.5501084598698481,,2016-08-29
600869,2016-09-30,8.6008725,0.1335,64.42601123595504,0.4593698175787728,0.5406301824212272,,2016-10-31
600869,2016-12-31,,0.1333,,,,,2017-04-28
600869,2017-03-31,7.6290225,0.0053,1439.4382075471697,0.055357848952155,0.944642151047845,,2017-04-28
600869,2017-06-30,6.5405505,0.0484,135.13534090909093,0.24118070554355653,0.7588192944564435,,2017-08-25
600869,2017-09-30,,0.0658,,,,,2017-10-27
600869,2017-12-31,,0.023,,,,,2018-04-25
600869,2018-03-31,,0.0317,,,,,2018-04-25
600869,2018-06-30,,0.1,,,,,2018-08-13
600869,2018-09-30,,0.1342,,,,,2018-10-20
600871,2015-06-30,12.94,-0.1,,,,,2015-08-26
600871,2015-09-30,9.61,-0.149,,,,,2015-10-29
600871,2015-12-31,8.16,0.002,4080.0,0.001303780964797914,0.9986962190352021,,2016-03-31
600871,2016-03-31,5.01,-0.119,,,,,2016-04-29
600871,2016-06-30,3.84,-0.32,,,,,2016-08-31
600871,2016-09-30,3.88,-0.626,,,,,2016-10-27
600871,2016-12-31,,-1.139,,,,,2017-03-29
600871,2017-03-31,3.66,-0.095,,,,,2017-04-28
600871,2017-06-30,3.34,-0.16,,,,,2017-08-30
600871,2017-09-30,,-0.234,,,,,2017-10-31
600871,2017-12-31,,-0.748,,,,,2018-03-28
600871,2018-03-31,,0.002,,,,,2018-04-26
600871,2018-06-30,,0.022,,,,,2018-08-29
600871,2018-09-30,,0.024,,,,,2018-10-30
600872,2015-06-30,19.23377898,0.1293,148.75312436194895,0.36999539806718823,0.6300046019328118,,2015-08-25
600872,2015-09-30,12.90851679,0.2116,61.00433265595463,0.40795559666975023,0.5920444033302498,,2015-10-27
600872,2015-12-31,13.92269385,0.3104,44.854039465206185,0.5541069100391134,0.4458930899608866,,2016-04-19
600872,2016-03-31,11.55628071,0.0829,139.4002498190591,0.5848613070051716,0.4151386929948284,,2016-04-28
600872,2016-06-30,10.97802186,0.1792,61.261282700892856,0.6360086767895878,0.36399132321041217,,2016-08-11
600872,2016-09-30,13.5092001,0.3213,42.04544070961718,0.6252072968490879,0.37479270315091207,,2016-10-28
600872,2016-12-31,,0.4549,,,,,2017-04-22
600872,2017-03-31,14.3159871,0.1446,99.00406016597509,0.6844602609727165,0.3155397390272835,,2017-04-22
600872,2017-06-30,16.404669,0.2643,62.06836549375709,0.5457163426925846,0.4542836573074154,,2017-08-26
600872,2017-09-30,,0.4452,,,,,2017-10-27
600872,2017-12-31,,0.569,,,,,2018-04-24
600872,2018-03-31,,0.21,,,,,2018-04-24
600872,2018-06-30,,0.4255,,,,,2018-08-23
600872,2018-09-30,,0.6097,,,,,2018-10-30
600873,2015-06-30,6.12361332,0.11,55.669211999999995,0.698573400828348,0.30142659917165204,,2015-08-12
600873,2015-09-30,4.05894676,0.12,33.82455633333334,0.6258094357076781,0.3741905642923219,,2015-10-27
600873,2015-12-31,5.36109442,0.14,38.29353157142857,0.6114732724902217,0.38852672750977835,,2016-03-01
600873,2016-03-31,5.36109442,0.07,76.58706314285713,0.768688293370945,0.23131170662905498,,2016-04-21
600873,2016-06-30,3.70096128,0.13,28.468932923076924,0.8581344902386118,0.14186550976138823,,2016-08-18
600873,2016-09-30,3.58772736,0.21,17.084416,0.8975953565505804,0.10240464344941957,,2016-10-20
600873,2016-12-31,,0.34,,,,,2017-02-28
600873,2017-03-31,4.36248576,0.11,39.658961454545455,0.9209173586397785,0.07908264136022147,,2017-04-20
600873,2017-06-30,3.52334367,0.2,17.61671835,0.9427645788336934,0.057235421166306644,,2017-08-22
600873,2017-09-30,,0.22,,,,,2017-10-20
600873,2017-12-31,,0.38,,,,,2018-03-23
600873,2018-03-31,,0.08,,,,,2018-04-27
600873,2018-06-30,,0.15,,,,,2018-08-15
600873,2018-09-30,,0.23,,,,,2018-10-15
600874,2015-06-30,10.3194165,0.13,79.38012692307693,0.5780027611596871,0.4219972388403129,,2015-08-28
600874,2015-09-30,7.3188796,0.23,31.821215652173912,0.6554116558741906,0.3445883441258094,,2015-10-30
600874,2015-12-31,8.598461,0.23,37.38461304347826,0.6201651455888744,0.37983485441112563,,2016-03-30
600874,2016-03-31,7.009172,0.067,104.61450746268656,0.6803008932769159,0.3196991067230841,,2016-04-28
600874,2016-06-30,6.3327054,0.17,37.251208235294115,0.7917570498915402,0.20824295010845983,,2016-08-27
600874,2016-09-30,7.20243696,0.26,27.701680615384614,0.7699004975124378,0.23009950248756217,,2016-10-28
600874,2016-12-31,,0.31,,,,,2017-03-30
600874,2017-03-31,6.70911936,0.084,79.87046857142856,0.7595887702649269,0.24041122973507312,,2017-04-27
600874,2017-06-30,16.09037572,0.18,89.39097622222224,0.37868970482361414,0.6213102951763858,,2017-08-30
600874,2017-09-30,,0.29,,,,,2017-10-27
600874,2017-12-31,,0.36,,,,,2018-03-28
600874,2018-03-31,,0.077,,,,,2018-04-25
600874,2018-06-30,,0.2,,,,,2018-08-29
600874,2018-09-30,,0.29,,,,,2018-10-25
600875,2015-06-30,17.45470759,0.08,218.183844875,0.2632305568338702,0.7367694431661298,,2015-08-29
600875,2015-09-30,10.72935,0.11,97.53954545454546,0.26919518963922295,0.730804810360777,,2015-10-30
600875,2015-12-31,11.69928324,0.19,61.57517494736842,0.4380704041720991,0.5619295958279009,,2016-03-30
600875,2016-03-31,9.63066456,0.002,4815.33228,0.016455101081335213,0.9835448989186648,,2016-04-30
600875,2016-06-30,8.42897736,-0.15,,,,,2016-08-27
600875,2016-09-30,8.2892832,-0.46,,,,,2016-10-22
600875,2016-12-31,,-0.76,,,,,2017-03-25
600875,2017-03-31,8.66057401,0.07,123.72248585714284,0.6010280743376829,0.3989719256623171,,2017-04-29
600875,2017-06-30,8.27201386,0.16,51.700086625,0.6238300935925126,0.3761699064074874,,2017-08-31
600875,2017-09-30,,0.2,,,,,2017-10-28
600875,2017-12-31,,0.34,,,,,2018-03-30
600875,2018-03-31,,0.08,,,,,2018-04-28
600875,2018-06-30,,0.17,,,,,2018-08-31
600875,2018-09-30,,0.3,,,,,2018-10-31
600876,2015-06-30,19.95,-0.2125,,,,,2015-08-28
600876,2015-09-30,30.73,-0.2831,,,,,2015-10-30
600876,2015-12-31,32.12,-0.36,,,,,2016-08-30
600876,2016-03-31,30.4,0.0008,38000.0,0.0023507287259050304,0.997649271274095,,2016-04-29
600876,2016-06-30,27.12,-0.0491,,,,,2016-08-30
600876,2016-09-30,25.61,-0.1352,,,,,2016-10-28
600876,2016-12-31,,0.02,,,,,2017-03-31
600876,2017-03-31,22.9,0.0225,1017.7777777777777,0.08936338473705022,0.9106366152629498,,2017-04-29
600876,2017-06-30,19.04,0.0356,534.8314606741573,0.05147588192944565,0.9485241180705544,,2017-08-30
600876,2017-09-30,,0.0715,,,,,2017-10-28
600876,2017-12-31,,0.1583,,,,,2018-03-23
600876,2018-03-31,,0.0129,,,,,2018-04-28
600876,2018-06-30,,0.0395,,,,,2018-08-30
600876,2018-09-30,,0.0044,,,,,2018-10-31
600877,2015-06-30,11.0,-0.1193,,,,,2016-08-25
600877,2015-09-30,7.41,-0.2145,,,,,2015-10-31
600877,2015-12-31,9.75,-0.2326,,,,,2016-04-29
600877,2016-03-31,7.38,-0.1237,,,,,2016-04-29
600877,2016-06-30,7.38,-0.1194,,,,,2016-08-25
600877,2016-09-30,8.03,-0.1793,,,,,2016-10-29
600877,2016-12-31,,-0.4478,,,,,2017-04-29
600877,2017-03-31,8.46,0.0832,101.68269230769232,0.6733886911822855,0.3266113088177145,,2017-04-29
600877,2017-06-30,6.49,0.1095,59.269406392694066,0.5673146148308136,0.4326853851691864,,2017-08-31
600877,2017-09-30,,0.0462,,,,,2017-10-31
600877,2017-12-31,,0.4388,,,,,2018-03-26
600877,2018-03-31,,-0.1949,,,,,2018-04-28
600877,2018-06-30,,,,,,,2018-08-31
600877,2018-09-30,,0.03,,,,,2018-10-31
600879,2015-06-30,11.8024585,0.08,147.53073125,0.37367694431661297,0.626323055683387,,2015-08-28
600879,2015-09-30,7.66918936,0.2,38.3459468,0.5832562442183163,0.41674375578168366,,2015-10-30
600879,2015-12-31,8.60856871,0.33,26.086571848484848,0.7448935245545415,0.2551064754454585,,2016-02-20
600879,2016-03-31,7.18745636,0.06,119.79093933333333,0.6323460272684532,0.36765397273154676,,2016-04-30
600879,2016-06-30,7.56192438,0.07,108.02749114285713,0.42212581344902383,0.5778741865509762,,2016-08-31
600879,2016-09-30,7.72694712,0.237,32.60315240506329,0.7238805970149254,0.27611940298507465,,2016-10-29
600879,2016-12-31,,0.198,,,,,2017-03-02
600879,2017-03-31,8.59574331,0.03,286.524777,0.3317516805061289,0.6682483194938711,,2017-04-28
600879,2017-06-30,8.52734601,0.078,109.32494884615386,0.3077753779697624,0.6922246220302376,,2017-08-25
600879,2017-09-30,,0.117,,,,,2017-10-28
600879,2017-12-31,,0.195,,,,,2018-03-16
600879,2018-03-31,,0.037,,,,,2018-04-27
600879,2018-06-30,,0.082,,,,,2018-08-29
600879,2018-09-30,,0.126,,,,,2018-10-31
600880,2015-06-30,15.03948495,0.0657,228.91149086757994,0.2508053382420617,0.7491946617579384,,2015-08-11
600880,2015-09-30,7.2631125,0.1,72.631125,0.3515263644773358,0.6484736355226641,,2015-10-24
600880,2015-12-31,7.2631125,0.07,103.75874999999999,0.2794437201216862,0.7205562798783138,,2016-04-20
600880,2016-03-31,10.8075114,0.0023,4698.918,0.01692524682651622,0.9830747531734838,,2016-04-30
600880,2016-06-30,8.27140513,0.0054,1531.7416907407405,0.024295010845986984,0.975704989154013,,2016-07-29
600880,2016-09-30,7.9700966,0.0577,138.12992374350085,0.22470978441127695,0.775290215588723,,2016-10-29
600880,2016-12-31,,0.06,,,,,2017-03-01
600880,2017-03-31,7.775704,-0.01,,,,,2017-04-26
600880,2017-06-30,6.3653134,-0.03,,,,,2017-07-29
600880,2017-09-30,,-0.04,,,,,2017-10-31
600880,2017-12-31,,0.03,,,,,2018-04-21
600880,2018-03-31,,0.01,,,,,2018-04-28
600880,2018-06-30,,0.02,,,,,2018-08-23
600880,2018-09-30,,0.02,,,,,2018-10-27
600882,2015-06-30,13.42,-0.04,,,,,2015-08-18
600882,2015-09-30,13.42,-0.11,,,,,2015-10-30
600882,2015-12-31,11.33,-0.69,,,,,2016-04-26
600882,2016-03-31,8.59,-0.06,,,,,2016-04-30
600882,2016-06-30,10.06,-0.09,,,,,2016-08-23
600882,2016-09-30,11.26,0.09,125.11111111111111,0.25082918739635157,0.7491708126036485,,2016-10-31
600882,2016-12-31,,0.08,,,,,2017-03-17
600882,2017-03-31,10.46,0.01,1046.0,0.08501383946223803,0.9149861605377619,,2017-04-28
600882,2017-06-30,9.37,-0.03,,,,,2017-08-31
600882,2017-09-30,,-0.01,,,,,2017-10-31
600882,2017-12-31,,0.01,,,,,2018-04-20
600882,2018-03-31,,-0.05,,,,,2018-04-20
600882,2018-06-30,,-0.02,,,,,2018-08-30
600882,2018-09-30,,-0.01,,,,,2018-10-31
600884,2015-06-30,9.0185524,1.488,6.060855107526883,0.9976990335941095,0.0023009664058905033,,2015-08-07
600884,2015-09-30,7.592832,1.621,4.684041949413942,0.9907493061979649,0.009250693802035137,,2015-10-28
600884,2015-12-31,12.41428032,1.68,7.3894525714285715,0.9774011299435028,0.02259887005649719,,2016-04-15
600884,2016-03-31,9.52584048,0.091,104.67956571428572,0.6798307475317349,0.3201692524682651,,2016-04-28
600884,2016-06-30,10.93932998,0.215,50.88060455813954,0.6989154013015184,0.3010845986984816,,2016-08-16
600884,2016-09-30,10.24648456,0.269,38.09102066914498,0.6683250414593698,0.3316749585406302,,2016-10-28
600884,2016-12-31,,0.4,,,,,2017-04-18
600884,2017-03-31,10.47531424,0.074,141.55830054054053,0.5555555555555556,0.4444444444444444,,2017-04-27
600884,2017-06-30,10.46895786,0.302,34.66542337748344,0.7912167026637869,0.20878329733621315,,2017-08-16
600884,2017-09-30,,0.417,,,,,2017-10-30
600884,2017-12-31,,0.8,,,,,2018-04-18
600884,2018-03-31,,0.133,,,,,2018-04-26
600884,2018-06-30,,0.415,,,,,2018-08-01
600884,2018-09-30,,0.939,,,,,2018-10-30
600885,2015-06-30,10.218407,0.51,20.036092156862743,0.94201564657156,0.057984353428439994,,2015-07-31
600885,2015-09-30,9.155484,0.75,12.207312,0.9162812210915818,0.08371877890841817,,2015-10-31
600885,2015-12-31,9.7456345,0.89,10.950151123595505,0.9369839200347675,0.06301607996523251,,2016-03-31
600885,2016-03-31,7.89041,0.25,31.56164,0.9459332393041843,0.05406676069581573,,2016-04-30
600885,2016-06-30,10.07662662,0.61,16.519060032786886,0.9483731019522776,0.05162689804772236,,2016-07-30
600885,2016-09-30,11.34645876,0.9,12.6071764,0.9461028192371476,0.05389718076285244,,2016-10-29
600885,2016-12-31,,1.09,,,,,2017-03-30
600885,2017-03-31,11.91739104,0.31,38.443196903225804,0.9248714907077896,0.07512850929221038,,2017-04-28
600885,2017-06-30,13.17810029,0.54,24.403889425925925,0.8912886969042476,0.10871130309575239,,2017-08-01
600885,2017-09-30,,0.78,,,,,2017-10-31
600885,2017-12-31,,0.92,,,,,2018-03-30
600885,2018-03-31,,0.22,,,,,2018-04-28
600885,2018-06-30,,0.4932,,,,,2018-07-31
600885,2018-09-30,,0.79,,,,,2018-10-31
600886,2015-06-30,11.33061286,0.361,31.386739224376733,0.8683847215830649,0.1316152784169351,,2015-08-28
600886,2015-09-30,6.73588552,0.6684,10.077626451226811,0.9472710453283997,0.052728954671600325,,2015-10-30
600886,2015-12-31,6.3625163,0.7998,7.955134158539636,0.9704476314645806,0.029552368535419427,,2016-04-08
600886,2016-03-31,5.2576482,0.1829,28.746026243849098,0.9543958627174424,0.04560413728255763,,2016-04-30
600886,2016-06-30,5.0290548,0.219,22.963720547945204,0.9028199566160521,0.09718004338394792,,2016-08-31
600886,2016-09-30,5.1993327,0.5024,10.348990246815289,0.9622719734660033,0.03772802653399665,,2016-10-31
600886,2016-12-31,,0.5771,,,,,2017-04-15
600886,2017-03-31,5.98638765,0.137,43.6962602189781,0.9070778964017399,0.09292210359826014,,2017-04-29
600886,2017-06-30,6.2805395,0.1901,33.03808258811152,0.8106551475881929,0.1893448524118071,,2017-08-31
600886,2017-09-30,,0.4351,,,,,2017-10-31
600886,2017-12-31,,0.4763,,,,,2018-03-27
600886,2018-03-31,,0.1441,,,,,2018-04-28
600886,2018-06-30,,0.2314,,,,,2018-08-15
600886,2018-09-30,,0.5298,,,,,2018-10-31
600893,2015-06-30,50.7885455,0.19,267.3081342105263,0.21629084215370456,0.7837091578462955,,2015-08-25
600893,2015-09-30,39.17174652,0.26,150.66056353846153,0.17437557816836263,0.8256244218316373,,2015-10-28
600893,2015-12-31,43.16945046,0.53,81.45179332075472,0.3476749239461104,0.6523250760538897,,2016-04-22
600893,2016-03-31,37.85835218,-0.05,,,,,2016-04-29
600893,2016-06-30,33.2183313,0.04,830.4582825,0.05553145336225596,0.944468546637744,,2016-08-26
600893,2016-09-30,33.02992821,0.15,220.1995214,0.13391376451077944,0.8660862354892206,,2016-10-29
600893,2016-12-31,,0.46,,,,,2017-03-17
600893,2017-03-31,32.41380597,-0.05,,,,,2017-04-27
600893,2017-06-30,26.3894904,0.08,329.86863,0.09503239740820735,0.9049676025917927,,2017-08-29
600893,2017-09-30,,0.19,,,,,2017-10-28
600893,2017-12-31,,0.47,,,,,2018-03-30
600893,2018-03-31,,-0.0256,,,,,2018-04-27
600893,2018-06-30,,0.16,,,,,2018-08-28
600893,2018-09-30,,0.29,,,,,2018-10-31
600894,2015-06-30,12.42176668,0.4094,30.341393942354664,0.8748274275195582,0.12517257248044178,,2015-08-20
600894,2015-09-30,9.81419141,2.329,4.213907861743237,0.9939870490286772,0.006012950971322817,,2015-10-29
600894,2015-12-31,12.44043667,2.494,4.98814621892542,0.9882659713168188,0.011734028683181186,,2016-04-08
600894,2016-03-31,9.83908473,0.1288,76.39040939440994,0.770098730606488,0.22990126939351196,,2016-04-28
600894,2016-06-30,8.74985199,0.3846,22.7505251950078,0.9058568329718004,0.09414316702819958,,2016-08-27
600894,2016-09-30,9.60973992,0.9804,9.801856303549572,0.9680762852404643,0.031923714759535704,,2016-10-29
600894,2016-12-31,,1.2422,,,,,2017-04-28
600894,2017-03-31,8.83518438,0.1128,78.32610265957446,0.7647291419533413,0.2352708580466587,,2017-04-28
600894,2017-06-30,8.0244416,0.2905,27.62286265060241,0.8588912886969042,0.14110871130309577,,2017-08-30
600894,2017-09-30,,0.4267,,,,,2017-10-28
600894,2017-12-31,,0.4633,,,,,2018-04-28
600894,2018-03-31,,0.0238,,,,,2018-04-28
600894,2018-06-30,,0.1648,,,,,2018-08-25
600894,2018-09-30,,0.3025,,,,,2018-10-27
600895,2015-06-30,26.16077857,0.18,145.33765872222224,0.378739070409572,0.621260929590428,,2015-08-22
600895,2015-09-30,17.16121344,0.22,78.00551563636364,0.32932469935245146,0.6706753006475485,,2015-10-31
600895,2015-12-31,26.01250176,0.31,83.911296,0.3398522381573229,0.6601477618426771,,2016-04-09
600895,2016-03-31,19.7146432,0.15,131.43095466666668,0.6046074283027738,0.3953925716972262,,2016-04-30
600895,2016-06-30,16.4218832,0.19,86.43096421052631,0.5041214750542299,0.4958785249457701,,2016-08-27
600895,2016-09-30,16.5581267,0.25,66.2325068,0.4469320066334992,0.5530679933665008,,2016-10-29
600895,2016-12-31,,0.47,,,,,2017-04-08
600895,2017-03-31,15.6680025,0.16,97.925015625,0.6880189798339265,0.31198102016607354,,2017-04-29
600895,2017-06-30,15.47183664,0.2,77.35918319999999,0.4424046076313895,0.5575953923686106,,2017-08-31
600895,2017-09-30,,0.25,,,,,2017-10-31
600895,2017-12-31,,0.3,,,,,2018-04-28
600895,2018-03-31,,0.16,,,,,2018-04-28
600895,2018-06-30,,0.23,,,,,2018-08-25
600895,2018-09-30,,0.3,,,,,2018-10-30
600901,2015-12-31,,0.31,,,,,2016-05-13
600901,2016-06-30,,,,,,,2016-07-14
600901,2016-12-31,,0.35,,,,,2017-08-02
600901,2017-03-31,,0.13,,,,,2017-08-02
600901,2017-06-30,,0.25,,,,,2017-07-10
600901,2017-09-30,,0.37,,,,,2018-01-30
600901,2017-12-31,,0.43,,,,,2018-04-04
600901,2018-03-31,,0.13,,,,,2018-04-28
600901,2018-06-30,,0.23,,,,,2018-08-10
600901,2018-09-30,,0.34,,,,,2018-10-26
600919,2015-06-30,,0.47,,,,,2016-08-01
600919,2015-09-30,,0.71,,,,,2016-10-31
600919,2015-12-31,,0.91,,,,,2016-06-20
600919,2016-03-31,,0.26,,,,,2017-04-27
600919,2016-06-30,,0.54,,,,,2016-08-01
600919,2016-09-30,5.85665,0.78,7.508525641025641,0.9813432835820896,0.018656716417910446,,2016-10-31
600919,2016-12-31,,0.98,,,,,2017-03-20
600919,2017-03-31,5.85665,0.26,22.525576923076922,0.9715302491103203,0.028469750889679735,,2017-04-27
600919,2017-06-30,5.5455726,0.54,10.269578888888889,0.9848812095032398,0.015118790496760237,,2017-08-30
600919,2017-09-30,,0.8,,,,,2017-10-31
600919,2017-12-31,,1.03,,,,,2018-04-25
600919,2018-03-31,,0.29,,,,,2018-04-27
600919,2018-06-30,,0.59,,,,,2018-08-21
600919,2018-09-30,,0.89,,,,,2018-10-30
600933,2015-06-30,,0.28,,,,,2016-08-29
600933,2015-12-31,,0.53,,,,,2016-04-26
600933,2016-03-31,,0.15,,,,,2016-07-29
600933,2016-06-30,,0.33,,,,,2016-08-29
600933,2016-09-30,,0.51,,,,,2017-11-16
600933,2016-12-31,,0.69,,,,,2017-03-24
600933,2017-03-31,,0.15,,,,,2018-04-28
600933,2017-06-30,,0.32,,,,,2017-08-29
600933,2017-09-30,,0.5,,,,,2017-11-16
600933,2017-12-31,,0.65,,,,,2018-04-12
600933,2018-03-31,,0.14,,,,,2018-04-28
600933,2018-06-30,,0.28,,,,,2018-08-18
600933,2018-09-30,,0.43,,,,,2018-10-30
600961,2015-06-30,13.99,-0.21,,,,,2015-08-21
600961,2015-09-30,9.79,-0.89,,,,,2015-10-30
600961,2015-12-31,13.37,-1.15,,,,,2016-04-15
600961,2016-03-31,10.2,0.01,1019.9999999999999,0.11330512458862248,0.8866948754113775,,2016-04-29
600961,2016-06-30,10.19,0.02,509.49999999999994,0.1019522776572668,0.8980477223427332,,2016-07-22
600961,2016-09-30,10.12,0.06,168.66666666666666,0.17827529021558872,0.8217247097844113,,2016-10-28
600961,2016-12-31,,0.04,,,,,2017-04-27
600961,2017-03-31,11.03,0.005,2206.0,0.033610122578094107,0.9663898774219059,,2017-04-29
600961,2017-06-30,8.64,0.01,864.0,0.03491720662347012,0.9650827933765299,,2017-07-28
600961,2017-09-30,,0.08,,,,,2017-10-26
600961,2017-12-31,,0.11,,,,,2018-02-07
600961,2018-03-31,,-0.06,,,,,2018-04-11
600961,2018-06-30,,-2.58,,,,,2018-07-28
600961,2018-09-30,,-2.98,,,,,2018-10-31
600962,2015-06-30,20.03,-0.035,,,,,2015-08-18
600962,2015-09-30,11.68,0.012,973.3333333333333,0.02358926919518964,0.9764107308048103,,2015-10-27
600962,2015-12-31,17.85,0.1219,146.43150123051683,0.20121686223381138,0.7987831377661886,,2016-03-29
600962,2016-03-31,15.19,0.0208,730.2884615384615,0.16031969910672308,0.8396803008932769,,2016-04-26
600962,2016-06-30,13.67,0.0368,371.4673913043478,0.1336225596529284,0.8663774403470716,,2016-08-20
600962,2016-09-30,15.87,0.013,1220.7692307692307,0.021144278606965175,0.9788557213930348,,2016-10-28
600962,2016-12-31,,0.0034,,,,,2017-04-13
600962,2017-03-31,17.39,0.0085,2045.8823529411764,0.036773428232502965,0.963226571767497,,2017-04-27
600962,2017-06-30,13.62,0.0062,2196.774193548387,0.011519078473722102,0.9884809215262779,,2017-08-26
600962,2017-09-30,,0.001,,,,,2017-10-27
600962,2017-12-31,,0.0317,,,,,2018-03-29
600962,2018-03-31,,0.0086,,,,,2018-04-27
600962,2018-06-30,,0.0254,,,,,2018-08-29
600962,2018-09-30,,0.0251,,,,,2018-10-26
600963,2015-06-30,7.17339623,-0.162,,,,,2015-07-29
600963,2015-09-30,4.80854033,-0.25,,,,,2015-10-28
600963,2015-12-31,5.89780729,-0.37,,,,,2016-03-22
600963,2016-03-31,4.77987541,0.005,955.9750819999999,0.11988716502115655,0.8801128349788434,,2016-04-23
600963,2016-06-30,4.38573276,0.013,337.36405846153843,0.14620390455531454,0.8537960954446855,,2016-08-10
600963,2016-09-30,5.732984,0.02,286.6492,0.10406301824212272,0.8959369817578773,,2016-10-29
600963,2016-12-31,,0.03,,,,,2017-03-28
600963,2017-03-31,6.27761748,0.014,448.40124857142854,0.21075523922499012,0.7892447607750099,,2017-04-28
600963,2017-06-30,5.39617119,0.07,77.08815985714284,0.44600431965442766,0.5539956803455723,,2017-08-26
600963,2017-09-30,,0.166,,,,,2017-10-28
600963,2017-12-31,,0.28,,,,,2018-03-20
600963,2018-03-31,,0.11,,,,,2018-04-28
600963,2018-06-30,,0.211,,,,,2018-08-29
600963,2018-09-30,,0.244,,,,,2018-10-26
600966,2015-06-30,5.1633188,0.0378,136.59573544973546,0.39898757478140817,0.6010124252185918,,2015-08-25
600966,2015-09-30,3.08162865,0.0437,70.5178180778032,0.3612395929694727,0.6387604070305273,,2015-10-28
600966,2015-12-31,4.1088382,0.0288,142.66799305555557,0.2025206431986093,0.7974793568013907,,2016-04-12
600966,2016-03-31,3.19071285,0.0079,403.8877025316456,0.2773859896567936,0.7226140103432064,,2016-04-27
600966,2016-06-30,2.95436375,0.0492,60.048043699187,0.6464208242950108,0.3535791757049892,,2016-08-23
600966,2016-09-30,3.1452611,0.0801,39.26668039950062,0.6558872305140961,0.34411276948590386,,2016-10-26
600966,2016-12-31,,0.1506,,,,,2017-03-22
600966,2017-03-31,4.66334955,0.1475,31.61592915254238,0.9509687623566627,0.04903123764333728,,2017-04-11
600966,2017-06-30,4.7391447,0.3032,15.630424472295513,0.9560835133189345,0.043916486681065514,,2017-08-12
600966,2017-09-30,,0.4565,,,,,2017-10-11
600966,2017-12-31,,0.6404,,,,,2018-03-31
600966,2018-03-31,,0.1534,,,,,2018-04-26
600966,2018-06-30,,0.3078,,,,,2018-08-07
600966,2018-09-30,,0.3811,,,,,2018-10-30
600967,2015-06-30,15.14950512,-0.036,,,,,2015-07-28
600967,2015-09-30,15.14950512,-0.083,,,,,2015-10-27
600967,2015-12-31,15.70699275,0.24,65.445803125,0.4180790960451977,0.5819209039548023,,2016-03-02
600967,2016-03-31,9.23836644,0.087,106.18812000000001,0.6770098730606487,0.32299012693935125,,2016-04-16
600967,2016-06-30,9.40649763,0.118,79.7160816101695,0.5357917570498916,0.46420824295010843,,2016-07-26
600967,2016-09-30,10.34449269,0.118,87.66519228813559,0.34701492537313433,0.6529850746268657,,2016-10-25
600967,2016-12-31,,0.32,,,,,2017-04-06
600967,2017-03-31,13.38855213,0.041,326.55005195121953,0.2926057730328193,0.7073942269671807,,2017-04-29
600967,2017-06-30,12.0883107,0.116,104.20957499999999,0.32397408207343414,0.6760259179265659,,2017-08-29
600967,2017-09-30,,0.19,,,,,2017-10-31
600967,2017-12-31,,0.31,,,,,2018-04-28
600967,2018-03-31,,0.036,,,,,2018-04-28
600967,2018-06-30,,0.171,,,,,2018-08-31
600967,2018-09-30,,0.207,,,,,2018-10-31
600976,2015-06-30,29.13197664,0.31,93.97411819354839,0.5255407271053842,0.47445927289461576,,2015-08-20
600976,2015-09-30,23.08135752,0.47,49.10927131914894,0.482886216466235,0.517113783533765,,2015-10-28
600976,2015-12-31,28.95225528,0.56,51.70045585714285,0.5080399826162538,0.4919600173837462,,2016-03-18
600976,2016-03-31,23.0642412,0.15,153.76160800000002,0.5524212505876822,0.4475787494123178,,2016-04-28
600976,2016-06-30,23.15825925,0.27,85.77133055555555,0.5058568329718004,0.4941431670281996,,2016-08-23
600976,2016-09-30,24.36576625,0.37,65.8534222972973,0.45066334991708124,0.5493366500829188,,2016-10-29
600976,2016-12-31,,0.42,,,,,2017-02-24
600976,2017-03-31,26.83253055,0.12,223.60442125000003,0.4080664294187426,0.5919335705812574,,2017-04-28
600976,2017-06-30,23.38196278,0.31,75.42568638709677,0.45464362850971923,0.5453563714902807,,2017-08-29
600976,2017-09-30,,0.47,,,,,2017-10-28
600976,2017-12-31,,0.59,,,,,2018-03-28
600976,2018-03-31,,0.19,,,,,2018-04-28
600976,2018-06-30,,0.38,,,,,2018-08-10
600976,2018-09-30,,0.48,,,,,2018-10-23
600979,2015-06-30,6.09934976,0.1286,47.428847278382584,0.7482742751955821,0.2517257248044179,,2015-08-07
600979,2015-09-30,4.17288103,0.1955,21.34466,0.7941720629047179,0.20582793709528213,,2015-10-31
600979,2015-12-31,5.22801408,0.2164,24.159029944547136,0.7705345501955672,0.22946544980443284,,2016-04-07
600979,2016-03-31,4.2886053,0.0291,147.37475257731958,0.5637047484720263,0.43629525152797366,,2016-04-30
600979,2016-06-30,4.0163129,0.1555,25.828378778135047,0.8785249457700651,0.12147505422993488,,2016-08-19
600979,2016-09-30,5.04421671,0.1992,25.322373042168675,0.7960199004975125,0.20398009950248752,,2016-10-26
600979,2016-12-31,,0.2451,,,,,2017-04-28
600979,2017-03-31,5.39138952,0.0491,109.80426720977597,0.6472914195334124,0.3527085804665876,,2017-04-28
600979,2017-06-30,3.89378132,0.1586,24.550954098360656,0.8894888408927286,0.11051115910727138,,2017-08-30
600979,2017-09-30,,0.2168,,,,,2017-10-27
600979,2017-12-31,,0.2937,,,,,2018-04-26
600979,2018-03-31,,0.0481,,,,,2018-04-26
600979,2018-06-30,,0.1287,,,,,2018-08-24
600979,2018-09-30,,0.2139,,,,,2018-10-30
600980,2015-06-30,22.774758,0.0926,245.94771058315334,0.23147722043258168,0.7685227795674183,,2015-08-15
600980,2015-09-30,15.1991745,0.1452,104.67751033057851,0.24699352451433856,0.7530064754856615,,2015-10-30
600980,2015-12-31,22.9379835,0.2489,92.15742667738047,0.3107344632768362,0.6892655367231638,,2016-03-29
600980,2016-03-31,19.0973835,0.0377,506.56189655172415,0.22472966619652093,0.7752703338034791,,2016-04-26
600980,2016-06-30,27.748335,0.0817,339.63690330477357,0.14446854663774403,0.855531453362256,,2016-08-20
600980,2016-09-30,25.34796,0.1189,213.18721614802354,0.1388888888888889,0.8611111111111112,,2016-10-28
600980,2016-12-31,,0.2428,,,,,2017-04-01
600980,2017-03-31,20.124744,0.0265,759.4243018867925,0.1277184657967576,0.8722815342032424,,2017-04-27
600980,2017-06-30,16.6393995,0.1016,163.77361712598426,0.19474442044636428,0.8052555795536357,,2017-08-18
600980,2017-09-30,,0.2031,,,,,2017-10-26
600980,2017-12-31,,0.2846,,,,,2018-03-24
600980,2018-03-31,,0.0253,,,,,2018-04-26
600980,2018-06-30,,0.1204,,,,,2018-08-16
600980,2018-09-30,,0.2024,,,,,2018-10-26
600984,2015-06-30,6.56599304,-0.1431,,,,,2015-08-29
600984,2015-09-30,4.87942264,0.0109,447.65345321100915,0.056429232192414434,0.9435707678075855,,2015-10-31
600984,2015-12-31,6.69975552,0.0173,387.2691052023122,0.07344632768361582,0.9265536723163842,,2016-04-28
600984,2016-03-31,5.14113184,-0.0352,,,,,2016-04-30
600984,2016-06-30,5.0306324,0.0491,102.4568716904277,0.4438177874186551,0.5561822125813449,,2016-08-30
600984,2016-09-30,5.234184,0.1107,47.28260162601626,0.5779436152570481,0.42205638474295193,,2016-10-29
600984,2016-12-31,,0.1291,,,,,2017-04-27
600984,2017-03-31,6.4845724,-0.016,,,,,2017-04-29
600984,2017-06-30,4.39671456,0.0888,49.512551351351355,0.6486681065514759,0.3513318934485241,,2017-08-30
600984,2017-09-30,,0.14,,,,,2017-10-28
600984,2017-12-31,,0.0354,,,,,2018-04-28
600984,2018-03-31,,-0.0097,,,,,2018-04-28
600984,2018-06-30,,0.0716,,,,,2018-08-25
600984,2018-09-30,,0.1407,,,,,2018-10-31
600985,2015-06-30,9.27048798,0.18,51.502711000000005,0.7206626783248965,0.2793373216751035,,2015-08-28
600985,2015-09-30,6.36406666,0.26,24.47717946153846,0.7469935245143385,0.25300647548566146,,2015-10-29
600985,2015-12-31,8.67942292,0.44,19.72596118181818,0.8265971316818774,0.17340286831812257,,2016-03-25
600985,2016-03-31,6.7056766,0.06,111.76127666666667,0.6572637517630465,0.3427362482369535,,2016-04-29
600985,2016-06-30,7.00669232,0.21,33.365201523809525,0.8156182212581344,0.18438177874186557,,2016-08-30
600985,2016-09-30,7.69973176,0.33,23.332520484848484,0.8192371475953566,0.1807628524046434,,2016-10-28
600985,2016-12-31,,0.34,,,,,2017-04-29
600985,2017-03-31,10.35108448,0.05,207.0216896,0.4306049822064057,0.5693950177935942,,2017-04-29
600985,2017-06-30,8.22110088,0.19,43.268952,0.7062634989200864,0.29373650107991356,,2017-08-30
600985,2017-09-30,,1.09,,,,,2017-10-31
600985,2017-12-31,,1.37,,,,,2018-03-09
600985,2018-03-31,,0.42,,,,,2018-04-26
600985,2018-06-30,,0.78,,,,,2018-08-29
600985,2018-09-30,,1.17,,,,,2018-10-30
600986,2015-06-30,16.84993873,0.04,421.24846825000003,0.14496088357109987,0.8550391164289002,,2015-08-26
600986,2015-09-30,14.03578195,0.19,73.87253657894738,0.3464384828862165,0.6535615171137835,,2015-10-28
600986,2015-12-31,14.700819,0.23,63.91660434782608,0.42416340721425466,0.5758365927857454,,2016-03-12
600986,2016-03-31,14.700819,0.01,1470.0819,0.07522331922896097,0.924776680771039,,2016-04-28
600986,2016-06-30,11.18662322,0.17,65.80366599999999,0.6117136659436009,0.3882863340563991,,2016-08-30
600986,2016-09-30,12.89696217,0.35,36.848463342857144,0.6840796019900498,0.3159203980099502,,2016-10-18
600986,2016-12-31,,0.47,,,,,2017-04-18
600986,2017-03-31,11.52240829,0.11,104.74916627272727,0.663898774219059,0.33610122578094104,,2017-04-26
600986,2017-06-30,9.531663,0.23,41.44201304347826,0.7253419726421886,0.2746580273578114,,2017-07-29
600986,2017-09-30,,0.35,,,,,2017-10-28
600986,2017-12-31,,0.5,,,,,2018-02-12
600986,2018-03-31,,0.09,,,,,2018-04-20
600986,2018-06-30,,0.4,,,,,2018-08-28
600986,2018-09-30,,0.4,,,,,2018-10-26
600988,2015-06-30,7.76296402,0.19,40.85770536842105,0.8021168890934193,0.19788311090658073,,2015-08-31
600988,2015-09-30,5.68825166,0.14,40.630368999999995,0.561054579093432,0.43894542090656796,,2015-10-31
600988,2015-12-31,5.68825166,0.34,16.73015194117647,0.8622338113863538,0.1377661886136462,,2016-03-01
600988,2016-03-31,8.48567188,0.02,424.283594,0.2646920545369064,0.7353079454630935,,2016-04-30
600988,2016-06-30,9.1690487,0.12,76.40873916666666,0.558351409978308,0.441648590021692,,2016-08-31
600988,2016-09-30,8.17593994,0.21,38.933047333333334,0.6604477611940298,0.3395522388059702,,2016-10-31
600988,2016-12-31,,0.23,,,,,2017-04-29
600988,2017-03-31,7.1041691,0.01,710.41691,0.1376037959667853,0.8623962040332147,,2017-04-29
600988,2017-06-30,6.2683845,0.11,56.985313636363635,0.5827933765298776,0.4172066234701224,,2017-08-15
600988,2017-09-30,,0.21,,,,,2017-10-31
600988,2017-12-31,,0.19,,,,,2018-04-28
600988,2018-03-31,,0.02,,,,,2018-04-28
600988,2018-06-30,,0.04,,,,,2018-08-15
600988,2018-09-30,,0.06,,,,,2018-10-31
600990,2015-06-30,55.26687488,0.0873,633.0684407789232,0.09572020248504372,0.9042797975149562,,2015-08-22
600990,2015-09-30,36.004946,0.2175,165.5399816091954,0.15864939870490286,0.8413506012950971,,2015-10-24
600990,2015-12-31,36.004946,0.84,42.86303095238095,0.5680139069969579,0.43198609300304214,,2016-03-19
600990,2016-03-31,45.61009016,0.0063,7239.696850793651,0.010813352139163141,0.9891866478608369,,2016-04-23
600990,2016-06-30,49.8077395,-0.2674,,,,,2016-08-27
600990,2016-09-30,40.44832,0.2933,137.90767132628707,0.22553897180762852,0.7744610281923715,,2016-10-29
600990,2016-12-31,,1.4,,,,,2017-03-25
600990,2017-03-31,39.6152225,-0.2149,,,,,2017-04-27
600990,2017-06-30,35.67431515,-0.2777,,,,,2017-08-26
600990,2017-09-30,,0.4507,,,,,2017-10-28
600990,2017-12-31,,1.28,,,,,2018-03-31
600990,2018-03-31,,-0.3702,,,,,2018-04-28
600990,2018-06-30,,-0.2326,,,,,2018-08-25
600990,2018-09-30,,-0.0296,,,,,2018-10-27
600992,2015-06-30,15.8966262,0.0354,449.0572372881356,0.13529682466635987,0.8647031753336402,,2015-08-28
600992,2015-09-30,10.093096,0.051,197.9038431372549,0.13274745605920443,0.8672525439407955,,2015-10-30
600992,2015-12-31,15.6345939,0.0749,208.73957142857145,0.14819643633202956,0.8518035636679704,,2016-03-25
600992,2016-03-31,12.4805014,0.0159,784.9371949685534,0.1476257639868359,0.8523742360131641,,2016-04-30
600992,2016-06-30,12.01488275,0.0343,350.28812682215744,0.13969631236442517,0.8603036876355749,,2016-08-19
600992,2016-09-30,13.66875325,0.054,253.1250601851852,0.11774461028192372,0.8822553897180763,,2016-10-29
600992,2016-12-31,,0.0858,,,,,2017-03-29
600992,2017-03-31,16.3052174,0.0207,787.6916618357488,0.12336892052194544,0.8766310794780545,,2017-04-29
600992,2017-06-30,15.4598522,0.039,396.4064666666667,0.0734341252699784,0.9265658747300216,,2017-08-30
600992,2017-09-30,,0.056,,,,,2017-10-28
600992,2017-12-31,,0.0905,,,,,2018-04-13
600992,2018-03-31,,0.0214,,,,,2018-04-28
600992,2018-06-30,,0.0475,,,,,2018-08-29
600992,2018-09-30,,0.07,,,,,2018-10-30
600993,2015-06-30,21.66039701,0.33,65.6375666969697,0.6461113667740451,0.3538886332259549,,2015-08-22
600993,2015-09-30,15.53163248,0.43,36.120075534883725,0.6012950971322849,0.3987049028677151,,2015-10-26
600993,2015-12-31,19.34426172,0.52,37.2005033076923,0.6232073011734028,0.37679269882659716,,2016-03-26
600993,2016-03-31,14.79370424,0.19,77.8616012631579,0.763516690173954,0.23648330982604604,,2016-04-28
600993,2016-06-30,18.29886338,0.37,49.45638751351351,0.7101952277657266,0.28980477223427337,,2016-08-27
600993,2016-09-30,18.06185652,0.48,37.62886775,0.6741293532338308,0.32587064676616917,,2016-10-27
600993,2016-12-31,,0.58,,,,,2017-04-21
600993,2017-03-31,19.55076324,0.2,97.75381619999999,0.6888098062475286,0.31119019375247137,,2017-04-21
600993,2017-06-30,19.30261212,0.4,48.256530299999994,0.6594672426205903,0.3405327573794097,,2017-08-26
600993,2017-09-30,,0.55,,,,,2017-10-28
600993,2017-12-31,,0.74,,,,,2018-04-26
600993,2018-03-31,,0.16,,,,,2018-04-26
600993,2018-06-30,,0.24,,,,,2018-08-29
600993,2018-09-30,,0.28,,,,,2018-10-29
600995,2015-06-30,12.18465525,0.21,58.02216785714286,0.6824666359871145,0.31753336401288546,,2015-08-21
600995,2015-09-30,8.0880145,0.25,32.352058,0.6475485661424607,0.3524514338575393,,2015-10-30
600995,2015-12-31,8.0880145,0.22,36.76370227272727,0.6271186440677966,0.3728813559322034,,2016-04-15
600995,2016-03-31,7.39500675,0.18,41.08337083333333,0.9144334743770569,0.08556652562294309,,2016-04-29
600995,2016-06-30,8.78261622,0.25,35.13046488,0.8021691973969631,0.19783080260303687,,2016-08-20
600995,2016-09-30,8.97700008,0.31,28.95806477419355,0.7558043117744611,0.24419568822553894,,2016-10-29
600995,2016-12-31,,0.33,,,,,2017-03-30
600995,2017-03-31,11.3096064,0.2,56.548032,0.8568604191379993,0.14313958086200074,,2017-04-29
600995,2017-06-30,8.68417095,0.42,20.676597500000003,0.9175665946724262,0.08243340532757382,,2017-08-19
600995,2017-09-30,,0.46,,,,,2017-10-31
600995,2017-12-31,,0.33,,,,,2018-03-23
600995,2018-03-31,,0.39,,,,,2018-04-27
600995,2018-06-30,,0.59,,,,,2018-08-27
600995,2018-09-30,,0.69,,,,,2018-10-30
601001,2015-06-30,7.36089816,-0.42,,,,,2015-08-28
601001,2015-09-30,4.3158366,-0.68,,,,,2015-10-30
601001,2015-12-31,4.43572095,-1.08,,,,,2016-04-29
601001,2016-03-31,3.87626065,0.26,14.908694807692306,0.9863657733897508,0.013634226610249156,,2016-04-29
601001,2016-06-30,4.29185973,0.23,18.660259695652172,0.9344902386117137,0.06550976138828635,,2016-08-31
601001,2016-09-30,5.76244109,0.15,38.416273933333336,0.6650082918739635,0.3349917081260365,,2016-10-31
601001,2016-12-31,,0.11,,,,,2017-04-28
601001,2017-03-31,4.91525835,0.01,491.52583500000003,0.1929616449189403,0.8070383550810597,,2017-04-28
601001,2017-06-30,4.19595225,0.36,11.655422916666668,0.9787616990640748,0.02123830093592516,,2017-08-30
601001,2017-09-30,,0.39,,,,,2017-10-31
601001,2017-12-31,,0.36,,,,,2018-04-27
601001,2018-03-31,,0.07,,,,,2018-04-27
601001,2018-06-30,,0.28,,,,,2018-08-30
601001,2018-09-30,,0.39,,,,,2018-10-31
601002,2015-06-30,13.9957958,-0.026,,,,,2015-08-21
601002,2015-09-30,9.834781,-0.013,,,,,2015-10-28
601002,2015-12-31,10.30863863,-0.02,,,,,2016-04-19
601002,2016-03-31,7.60854421,-0.002,,,,,2016-04-26
601002,2016-06-30,7.7784177,0.03,259.28059,0.18958785249457702,0.810412147505423,,2016-08-30
601002,2016-09-30,7.98405403,0.056,142.57239339285715,0.21724709784411278,0.7827529021558872,,2016-10-28
601002,2016-12-31,,0.09,,,,,2017-04-18
601002,2017-03-31,9.51291544,0.028,339.74698,0.280347963621985,0.719652036378015,,2017-04-25
601002,2017-06-30,7.73371415,0.103,75.08460339805825,0.45716342692584594,0.542836573074154,,2017-08-29
601002,2017-09-30,,0.17,,,,,2017-10-25
601002,2017-12-31,,0.19,,,,,2018-03-28
601002,2018-03-31,,0.03,,,,,2018-04-27
601002,2018-06-30,,0.076,,,,,2018-08-29
601002,2018-09-30,,0.151,,,,,2018-10-30
601003,2015-06-30,4.9618728,-0.2464,,,,,2015-08-10
601003,2015-09-30,4.96186944,-0.3845,,,,,2015-10-29
601003,2015-12-31,2.85809216,-0.4641,,,,,2016-04-27
601003,2016-03-31,2.50515584,0.006,417.52597333333335,0.2679830747531735,0.7320169252468265,,2016-04-27
601003,2016-06-30,2.6989248,0.0308,87.62742857142857,0.4980477223427332,0.5019522776572668,,2016-08-26
601003,2016-09-30,2.46363392,0.0482,51.11273692946058,0.5493366500829188,0.45066334991708124,,2016-10-27
601003,2016-12-31,,0.0766,,,,,2017-04-27
601003,2017-03-31,3.46016,0.0791,43.7441213653603,0.9066824831949387,0.09331751680506128,,2017-04-27
601003,2017-06-30,3.10030336,0.1544,20.07968497409326,0.9226061915046796,0.0773938084953204,,2017-08-29
601003,2017-09-30,,0.4898,,,,,2017-10-20
601003,2017-12-31,,1.0325,,,,,2018-04-11
601003,2018-03-31,,0.4082,,,,,2018-04-28
601003,2018-06-30,,0.7962,,,,,2018-08-15
601003,2018-09-30,,1.2699,,,,,2018-10-25
601005,2015-06-30,5.69,-0.5,,,,,2015-08-28
601005,2015-09-30,3.04,-0.721,,,,,2015-10-30
601005,2015-12-31,3.29,-1.35,,,,,2016-03-31
601005,2016-03-31,2.74,-0.22,,,,,2016-04-30
601005,2016-06-30,2.52,-0.4,,,,,2016-08-31
601005,2016-09-30,2.52,-0.697,,,,,2016-10-31
601005,2016-12-31,,-0.53,,,,,2017-03-31
601005,2017-03-31,2.52,-0.13,,,,,2017-04-28
601005,2017-06-30,2.13,-0.23,,,,,2017-08-31
601005,2017-09-30,,-0.199,,,,,2017-10-31
601005,2017-12-31,,0.04,,,,,2018-02-28
601005,2018-03-31,,0.04,,,,,2018-04-26
601005,2018-06-30,,0.09,,,,,2018-08-17
601005,2018-09-30,,0.166,,,,,2018-10-30
601007,2015-06-30,15.21836141,0.055,276.6974801818182,0.2112287160607455,0.7887712839392544,,2015-08-29
601007,2015-09-30,7.59587214,0.077,98.64769012987013,0.26688251618871417,0.7331174838112858,,2015-10-31
601007,2015-12-31,10.40216238,0.177,58.76927898305085,0.4632768361581921,0.536723163841808,,2016-03-29
601007,2016-03-31,8.39863305,0.032,262.4572828125,0.38928067700987307,0.6107193229901269,,2016-04-30
601007,2016-06-30,8.45260017,0.057,148.2912310526316,0.32277657266811277,0.6772234273318872,,2016-08-27
601007,2016-09-30,8.99265824,0.119,75.56855663865547,0.39925373134328357,0.6007462686567164,,2016-10-29
601007,2016-12-31,,0.139,,,,,2017-03-29
601007,2017-03-31,9.77816152,0.031,315.42456516129033,0.3036773428232503,0.6963226571767497,,2017-04-29
601007,2017-06-30,7.90243386,0.162,48.78045592592593,0.6540676745860331,0.3459323254139669,,2017-08-29
601007,2017-09-30,,0.243,,,,,2017-10-31
601007,2017-12-31,,0.345,,,,,2018-03-02
601007,2018-03-31,,0.053,,,,,2018-04-28
601007,2018-06-30,,0.157,,,,,2018-08-31
601007,2018-09-30,,0.2,,,,,2018-10-31
601008,2015-06-30,8.8554917,0.032,276.734115625,0.21076852277956742,0.7892314772204325,,2015-08-26
601008,2015-09-30,5.6480644,0.044,128.3651,0.20582793709528216,0.7941720629047179,,2015-10-28
601008,2015-12-31,6.3213436,0.05,126.42687199999999,0.22946544980443284,0.7705345501955672,,2016-04-21
601008,2016-03-31,5.3675314,0.006,894.5885666666666,0.13023037141513868,0.8697696285848613,,2016-04-29
601008,2016-06-30,4.45085052,0.006,741.8084200000001,0.06377440347071583,0.9362255965292842,,2016-08-19
601008,2016-09-30,4.53536034,0.007,647.90862,0.04187396351575456,0.9581260364842454,,2016-10-26
601008,2016-12-31,,0.01,,,,,2017-04-28
601008,2017-03-31,7.78429342,0.005,1556.858684,0.05219454329774614,0.9478054567022538,,2017-04-28
601008,2017-06-30,6.61002077,0.0,,,,,2017-08-26
601008,2017-09-30,,0.005,,,,,2017-10-28
601008,2017-12-31,,0.01,,,,,2018-04-03
601008,2018-03-31,,0.005,,,,,2018-04-26
601008,2018-06-30,,0.008,,,,,2018-08-28
601008,2018-09-30,,0.013,,,,,2018-10-27
601012,2015-06-30,4.37216276,0.07,62.459467999999994,0.6599171652093879,0.3400828347906121,,2015-08-28
601012,2015-09-30,2.5416321,0.15,16.944214000000002,0.8547641073080481,0.14523589269195192,,2015-10-30
601012,2015-12-31,3.7916151,0.31,12.231016451612904,0.9239461103867883,0.07605388961321169,,2016-03-25
601012,2016-03-31,3.5138411,0.15,23.425607333333335,0.9689703808180536,0.031029619181946355,,2016-04-25
601012,2016-06-30,3.6369045,0.49,7.422254081632653,0.9904555314533623,0.009544468546637708,,2016-08-18
601012,2016-09-30,3.762315,0.62,6.06825,0.9900497512437811,0.00995024875621886,,2016-10-29
601012,2016-12-31,,0.86,,,,,2017-03-11
601012,2017-03-31,4.4088758,0.22,20.040344545454545,0.9758797943851325,0.024120205614867496,,2017-04-28
601012,2017-06-30,4.7951649,0.45,10.655921999999999,0.9834413246940245,0.016558675305975545,,2017-08-30
601012,2017-09-30,,0.81,,,,,2017-10-31
601012,2017-12-31,,1.29,,,,,2018-03-29
601012,2018-03-31,,0.19,,,,,2018-04-26
601012,2018-06-30,,0.38,,,,,2018-08-31
601012,2018-09-30,,0.49,,,,,2018-10-31
601020,2015-06-30,,0.16,,,,,2016-08-16
601020,2015-09-30,,0.29,,,,,2016-10-26
601020,2015-12-31,,0.35,,,,,2016-02-25
601020,2016-03-31,17.9396451,-0.01,,,,,2016-04-25
601020,2016-06-30,19.82847832,0.1,198.28478319999996,0.24598698481561823,0.7540130151843818,,2016-08-16
601020,2016-09-30,20.09138208,0.21,95.673248,0.3179933665008292,0.6820066334991708,,2016-10-26
601020,2016-12-31,,0.36,,,,,2017-04-21
601020,2017-03-31,22.92797528,0.04,573.1993819999999,0.16686437327006723,0.8331356267299328,,2017-04-21
601020,2017-06-30,15.33281391,0.24,63.88672462500001,0.5302375809935205,0.4697624190064795,,2017-08-16
601020,2017-09-30,,0.39,,,,,2017-10-26
601020,2017-12-31,,0.58,,,,,2018-04-20
601020,2018-03-31,,0.08,,,,,2018-04-26
601020,2018-06-30,,0.22,,,,,2018-08-24
601020,2018-09-30,,0.36,,,,,2018-10-27
601038,2015-06-30,13.02674164,0.1493,87.25212083054254,0.5462494247583985,0.45375057524160145,,2015-08-26
601038,2015-09-30,9.19937304,0.2144,42.907523507462685,0.5388529139685476,0.4611470860314524,,2015-10-24
601038,2015-12-31,12.38825016,0.1359,91.15710198675497,0.3137766188613646,0.6862233811386353,,2016-03-30
601038,2016-03-31,9.1366704,0.0929,98.3495199138859,0.7028678890456042,0.29713211095439584,,2016-04-29
601038,2016-06-30,8.48277144,0.159,53.35076377358491,0.6845986984815619,0.31540130151843815,,2016-08-26
601038,2016-09-30,9.14660307,0.253,36.15258130434783,0.6886401326699834,0.31135986733001664,,2016-10-28
601038,2016-12-31,,0.2245,,,,,2017-03-29
601038,2017-03-31,10.15389859,0.0647,156.93815440494592,0.5243179122182681,0.47568208778173193,,2017-04-27
601038,2017-06-30,8.30119433,0.0326,254.6378628834356,0.12203023758099352,0.8779697624190065,,2017-08-25
601038,2017-09-30,,0.0743,,,,,2017-10-27
601038,2017-12-31,,0.0572,,,,,2018-03-30
601038,2018-03-31,,0.0486,,,,,2018-04-26
601038,2018-06-30,,-0.1471,,,,,2018-08-30
601038,2018-09-30,,-0.4027,,,,,2018-10-27
601058,2015-06-30,4.15786845,0.1,41.578684499999994,0.7947537965945697,0.20524620340543032,,2015-08-22
601058,2015-09-30,2.32318569,0.15,15.4879046,0.8741905642923219,0.1258094357076781,,2015-10-31
601058,2015-12-31,3.356127,0.08,41.951587499999995,0.5771403737505433,0.4228596262494567,,2016-03-31
601058,2016-03-31,3.08390781,0.04,77.09769525,0.76633756464504,0.23366243535496,,2016-04-30
601058,2016-06-30,2.77153868,0.09,30.794874222222223,0.8351409978308026,0.16485900216919736,,2016-08-31
601058,2016-09-30,3.28601592,0.13,25.27704553846154,0.796849087893864,0.203150912106136,,2016-10-29
601058,2016-12-31,,0.16,,,,,2017-03-31
601058,2017-03-31,3.39389018,-0.02,,,,,2017-04-28
601058,2017-06-30,2.8844451,0.01,288.44451000000004,0.11123110151187905,0.8887688984881209,,2017-08-31
601058,2017-09-30,,0.08,,,,,2017-10-27
601058,2017-12-31,,0.14,,,,,2018-02-06
601058,2018-03-31,,0.04,,,,,2018-04-28
601058,2018-06-30,,0.12,,,,,2018-08-18
601058,2018-09-30,,0.19,,,,,2018-10-31
601069,2015-06-30,17.92551774,0.0224,800.2463276785714,0.07455131155085136,0.9254486884491486,,2015-08-15
601069,2015-09-30,14.74612776,0.0969,152.17882105263158,0.1725254394079556,0.8274745605920444,,2015-10-27
601069,2015-12-31,20.80257309,0.0973,213.79828458376156,0.14428509343763582,0.8557149065623642,,2016-04-15
601069,2016-03-31,22.96767915,0.0576,398.7444296875,0.28161730136342267,0.7183826986365773,,2016-04-26
601069,2016-06-30,22.66767514,0.102,222.23210921568628,0.21822125813449023,0.7817787418655098,,2016-08-20
601069,2016-09-30,23.13645946,0.1695,136.49828589970502,0.22678275290215588,0.7732172470978441,,2016-10-26
601069,2016-12-31,,0.199,,,,,2017-03-28
601069,2017-03-31,20.92926662,0.0843,248.27125290628706,0.37841043890865955,0.6215895610913404,,2017-04-27
601069,2017-06-30,25.70502116,0.1456,176.545475,0.17962562994960404,0.8203743700503959,,2017-08-17
601069,2017-09-30,,-0.0765,,,,,2017-10-30
601069,2017-12-31,,0.0343,,,,,2018-03-21
601069,2018-03-31,,-0.0291,,,,,2018-04-27
601069,2018-06-30,,-0.0226,,,,,2018-08-20
601069,2018-09-30,,-0.0522,,,,,2018-10-30
601099,2015-06-30,7.57334224,0.26,29.128239384615384,0.8817303267372296,0.11826967326277038,,2015-08-29
601099,2015-09-30,3.90976724,0.147,26.59705605442177,0.7150786308973173,0.28492136910268273,,2015-10-30
601099,2015-12-31,5.75620904,0.214,26.89817308411215,0.7331594958713603,0.2668405041286397,,2016-03-05
601099,2016-03-31,4.5025743,0.001,4502.5743,0.017395392571697227,0.9826046074283028,,2016-04-23
601099,2016-06-30,4.04656012,0.033,122.62303393939392,0.3787418655097614,0.6212581344902386,,2016-08-25
601099,2016-09-30,4.8717102,0.043,113.29558604651163,0.2740464344941957,0.7259535655058043,,2016-10-29
601099,2016-12-31,,0.1,,,,,2017-03-01
601099,2017-03-31,4.58455655,-0.014,,,,,2017-04-22
601099,2017-06-30,4.00584558,-0.018,,,,,2017-08-26
601099,2017-09-30,,0.013,,,,,2017-10-27
601099,2017-12-31,,0.017,,,,,2018-03-24
601099,2018-03-31,,0.001,,,,,2018-04-28
601099,2018-06-30,,-0.015,,,,,2018-08-30
601099,2018-09-30,,-0.026,,,,,2018-10-30
601100,2015-06-30,7.96787725,0.06,132.79795416666667,0.4081914404049701,0.59180855959503,,2015-08-18
601100,2015-09-30,6.5823495,0.11,59.839540909090914,0.41535615171137835,0.5846438482886216,,2015-10-27
601100,2015-12-31,7.255445,0.1,72.55444999999999,0.3898305084745763,0.6101694915254237,,2016-04-12
601100,2016-03-31,5.07007,0.01,507.007,0.22378937470615892,0.7762106252938411,,2016-04-30
601100,2016-06-30,5.12342732,0.05,102.4685464,0.44338394793926245,0.5566160520607375,,2016-08-23
601100,2016-09-30,5.92753298,0.06,98.79221633333333,0.3072139303482587,0.6927860696517413,,2016-10-25
601100,2016-12-31,,0.11,,,,,2017-04-25
601100,2017-03-31,7.00406788,0.1,70.0406788,0.7995255041518387,0.20047449584816135,,2017-04-25
601100,2017-06-30,7.19100873,0.26,27.657725884615385,0.8581713462922966,0.14182865370770337,,2017-08-15
601100,2017-09-30,,0.44,,,,,2017-10-31
601100,2017-12-31,,0.43,,,,,2018-04-17
601100,2018-03-31,,0.18,,,,,2018-04-26
601100,2018-06-30,,0.53,,,,,2018-08-21
601100,2018-09-30,,0.82,,,,,2018-10-30
601106,2015-06-30,12.11,-0.0791,,,,,2015-08-29
601106,2015-09-30,8.68,-0.1595,,,,,2015-10-30
601106,2015-12-31,7.97,-0.2746,,,,,2016-04-29
601106,2016-03-31,6.2,-0.0488,,,,,2016-04-29
601106,2016-06-30,5.21,-0.1038,,,,,2016-08-30
601106,2016-09-30,5.21,-0.2987,,,,,2016-10-29
601106,2016-12-31,,-0.877,,,,,2017-04-20
601106,2017-03-31,4.22,0.0009,4688.888888888889,0.013444049031237644,0.9865559509687624,,2017-04-20
601106,2017-06-30,3.03,0.003,1009.9999999999999,0.029877609791216703,0.9701223902087833,,2017-08-18
601106,2017-09-30,,0.0063,,,,,2017-10-27
601106,2017-12-31,,0.0128,,,,,2018-04-26
601106,2018-03-31,,0.0039,,,,,2018-04-26
601106,2018-06-30,,0.0067,,,,,2018-08-29
601106,2018-09-30,,0.015,,,,,2018-10-30
601118,2015-06-30,9.65953974,-0.0794,,,,,2015-08-22
601118,2015-09-30,7.29897737,-0.123,,,,,2015-10-31
601118,2015-12-31,7.46688348,-0.2518,,,,,2016-04-23
601118,2016-03-31,5.91622117,-0.0221,,,,,2016-04-30
601118,2016-06-30,5.52114797,-0.055,,,,,2016-08-26
601118,2016-09-30,5.8273297,-0.0705,,,,,2016-10-25
601118,2016-12-31,,0.0156,,,,,2017-04-13
601118,2017-03-31,6.8150127,0.0036,1893.0590833333333,0.03914590747330961,0.9608540925266904,,2017-04-13
601118,2017-06-30,5.61003944,-0.0315,,,,,2017-08-19
601118,2017-09-30,,0.0035,,,,,2017-10-31
601118,2017-12-31,,-0.0672,,,,,2018-04-28
601118,2018-03-31,,-0.0625,,,,,2018-04-28
601118,2018-06-30,,-0.093,,,,,2018-08-31
601118,2018-09-30,,0.1081,,,,,2018-10-30
601126,2015-06-30,10.1542125,0.0941,107.9087407013815,0.47445927289461576,0.5255407271053842,,2015-08-28
601126,2015-09-30,8.79920775,0.1809,48.641281094527365,0.486586493987049,0.513413506012951,,2015-10-29
601126,2015-12-31,8.842488,0.42,21.05354285714286,0.8087787918296393,0.1912212081703607,,2016-03-31
601126,2016-03-31,6.52533,0.0122,534.8631147540983,0.21297602256699577,0.7870239774330042,,2016-04-29
601126,2016-06-30,7.11875385,0.0944,75.4105280720339,0.561822125813449,0.43817787418655096,,2016-08-30
601126,2016-09-30,6.53735515,0.1847,35.39445127233351,0.697346600331675,0.30265339966832505,,2016-10-31
601126,2016-12-31,,0.36,,,,,2017-03-31
601126,2017-03-31,7.03762845,-0.0236,,,,,2017-04-28
601126,2017-06-30,6.49572064,0.0402,161.5850905472637,0.19978401727861772,0.8002159827213823,,2017-08-31
601126,2017-09-30,,0.1755,,,,,2017-10-27
601126,2017-12-31,,0.29,,,,,2018-04-03
601126,2018-03-31,,-0.0227,,,,,2018-04-28
601126,2018-06-30,,0.0415,,,,,2018-08-31
601126,2018-09-30,,0.1776,,,,,2018-10-30
601128,2015-06-30,,0.25,,,,,2015-12-22
601128,2015-09-30,,0.36,,,,,2016-10-28
601128,2015-12-31,,0.48,,,,,2016-08-22
601128,2016-03-31,,0.14,,,,,2017-04-28
601128,2016-06-30,,0.26,,,,,2016-08-22
601128,2016-09-30,3.49187608,0.39,8.95352841025641,0.9751243781094527,0.02487562189054726,,2016-10-28
601128,2016-12-31,,0.51,,,,,2017-03-31
601128,2017-03-31,7.28985818,0.14,52.07041557142857,0.8718861209964412,0.12811387900355875,,2017-04-28
601128,2017-06-30,6.40204278,0.26,24.623241461538463,0.8887688984881209,0.1112311015118791,,2017-08-11
601128,2017-09-30,,0.4,,,,,2017-10-27
601128,2017-12-31,,0.57,,,,,2018-01-04
601128,2018-03-31,,0.17,,,,,2018-04-27
601128,2018-06-30,,0.32,,,,,2018-08-24
601128,2018-09-30,,0.5,,,,,2018-10-23
601137,2015-06-30,11.091349,0.17,65.2432294117647,0.6488725264611137,0.3511274735388863,,2015-08-18
601137,2015-09-30,6.5555483,0.24,27.314784583333335,0.706290471785384,0.29370952821461604,,2015-10-21
601137,2015-12-31,10.7245145,0.2,53.6225725,0.49674054758800523,0.5032594524119948,,2016-03-15
601137,2016-03-31,10.1160008,0.11,91.96364363636364,0.7165021156558533,0.2834978843441467,,2016-04-28
601137,2016-06-30,11.6287497,0.22,52.85795318181818,0.6867678958785249,0.31323210412147506,,2016-07-16
601137,2016-09-30,10.2933079,0.3,34.31102633333334,0.7097844112769486,0.2902155887230514,,2016-10-22
601137,2016-12-31,,0.4,,,,,2017-03-28
601137,2017-03-31,11.8108554,0.09,131.23172666666667,0.5812574139976275,0.41874258600237246,,2017-04-29
601137,2017-06-30,9.93344528,0.23,43.188892521739135,0.7080633549316054,0.29193664506839456,,2017-08-22
601137,2017-09-30,,0.37,,,,,2017-10-24
601137,2017-12-31,,0.53,,,,,2018-03-10
601137,2018-03-31,,0.11,,,,,2018-04-28
601137,2018-06-30,,0.3,,,,,2018-08-24
601137,2018-09-30,,0.49,,,,,2018-10-27
601139,2015-06-30,6.3098385,0.19,33.20967631578947,0.854578923147722,0.145421076852278,,2015-08-19
601139,2015-09-30,4.93369277,0.25,19.73477108,0.8159111933395005,0.18408880666049954,,2015-10-28
601139,2015-12-31,5.4685267,0.31,17.64040870967742,0.8509343763581052,0.1490656236418948,,2016-03-31
601139,2016-03-31,5.00580521,0.1,50.0580521,0.8763516690173954,0.12364833098260464,,2016-04-22
601139,2016-06-30,4.870256,0.25,19.481024,0.9292841648590021,0.07071583514099788,,2016-08-09
601139,2016-09-30,5.71646298,0.34,16.813126411764706,0.900497512437811,0.09950248756218905,,2016-10-22
601139,2016-12-31,,0.35,,,,,2017-03-31
601139,2017-03-31,5.53382838,0.1,55.3382838,0.863582443653618,0.13641755634638197,,2017-04-29
601139,2017-06-30,5.32756095,0.2,26.637804749999997,0.8718502519798416,0.12814974802015844,,2017-08-31
601139,2017-09-30,,0.28,,,,,2017-10-28
601139,2017-12-31,,0.31,,,,,2018-04-28
601139,2018-03-31,,0.08,,,,,2018-04-28
601139,2018-06-30,,0.22,,,,,2018-08-23
601139,2018-09-30,,0.29,,,,,2018-10-30
601155,2015-06-30,,0.39,,,,,2016-07-30
601155,2015-09-30,,0.3844,,,,,2015-12-03
601155,2015-12-31,12.85708302,1.16,11.08369225862069,0.9330725771403737,0.06692742285962627,,2016-02-05
601155,2016-03-31,8.71065792,-0.11,,,,,2016-04-28
601155,2016-06-30,7.67462318,0.45,17.05471817777778,0.9449023861171366,0.05509761388286338,,2016-07-30
601155,2016-09-30,10.46765559,0.44,23.79012634090909,0.8134328358208955,0.18656716417910446,,2016-10-15
601155,2016-12-31,,1.36,,,,,2017-02-25
601155,2017-03-31,12.74683634,0.02,637.341817,0.15104784499802293,0.8489521550019771,,2017-04-19
601155,2017-06-30,15.70775544,0.51,30.799520470588234,0.8308135349172067,0.16918646508279334,,2017-08-19
601155,2017-09-30,,0.9,,,,,2017-10-28
601155,2017-12-31,,2.71,,,,,2018-03-15
601155,2018-03-31,,0.15,,,,,2018-04-28
601155,2018-06-30,,1.14,,,,,2018-08-25
601155,2018-09-30,,1.4,,,,,2018-10-27
601166,2015-06-30,10.16899575,1.45,7.01310051724138,0.9940174873446848,0.005982512655315242,,2015-08-29
601166,2015-09-30,8.58322192,2.16,3.9737138518518513,0.9958371877890841,0.004162812210915856,,2015-10-28
601166,2015-12-31,10.06288449,2.63,3.8261918212927757,0.9917427205562799,0.008257279443720122,,2016-04-28
601166,2016-03-31,9.15504371,0.82,11.164687451219512,0.99529854254819,0.004701457451810054,,2016-04-28
601166,2016-06-30,9.33651168,1.49,6.266115221476509,0.9934924078091106,0.006507592190889366,,2016-08-30
601166,2016-09-30,9.78373304,2.25,4.348325795555556,0.9966832504145937,0.0033167495854062867,,2016-10-29
601166,2016-12-31,,2.77,,,,,2017-04-29
601166,2017-03-31,9.93076472,0.88,11.28495990909091,0.9952550415183867,0.004744958481613271,,2017-04-29
601166,2017-06-30,10.72449426,1.51,7.102314079470199,0.9949604031677466,0.005039596832253412,,2017-08-30
601166,2017-09-30,,2.26,,,,,2017-10-28
601166,2017-12-31,,2.74,,,,,2018-04-25
601166,2018-03-31,,0.85,,,,,2018-04-25
601166,2018-06-30,,1.55,,,,,2018-08-29
601166,2018-09-30,,2.36,,,,,2018-10-27
601169,2015-06-30,4.27790448,0.66,6.481673454545454,0.9958582604693972,0.004141739530602817,,2015-08-26
601169,2015-09-30,3.38534007,0.93,3.6401506129032253,0.9976873265494912,0.0023126734505087843,,2015-10-30
601169,2015-12-31,4.14025911,1.11,3.7299631621621616,0.9926119078661452,0.007388092133854829,,2016-04-27
601169,2016-03-31,3.96332496,0.35,11.3237856,0.9938881053126469,0.00611189468735307,,2016-04-30
601169,2016-06-30,4.07734919,0.58,7.029912396551724,0.9917570498915401,0.008242950108459879,,2016-08-31
601169,2016-09-30,4.3976114,0.82,5.362940731707317,0.9912935323383084,0.008706467661691586,,2016-10-31
601169,2016-12-31,,0.96,,,,,2017-04-26
601169,2017-03-31,4.64407094,0.3,15.480236466666666,0.9873467773823645,0.012653222617635462,,2017-04-26
601169,2017-06-30,4.43143918,0.58,7.640412379310345,0.9920806335493161,0.007919366450683918,,2017-08-31
601169,2017-09-30,,0.82,,,,,2017-10-31
601169,2017-12-31,,0.99,,,,,2018-04-27
601169,2018-03-31,,0.27,,,,,2018-04-27
601169,2018-06-30,,0.54,,,,,2018-08-30
601169,2018-09-30,,0.76,,,,,2018-10-31
601177,2015-06-30,11.8168155,0.0205,576.430024390244,0.10216290842153705,0.8978370915784629,,2015-08-27
601177,2015-09-30,7.50488364,-0.0745,,,,,2015-10-29
601177,2015-12-31,10.58207886,-0.2998,,,,,2016-04-20
601177,2016-03-31,11.06439786,0.0234,472.83751538461536,0.24071462153267512,0.7592853784673249,,2016-04-28
601177,2016-06-30,9.51133068,0.0236,403.022486440678,0.12494577006507593,0.8750542299349241,,2016-08-24
601177,2016-09-30,10.2733947,0.0163,630.2696134969326,0.043532338308457715,0.9564676616915423,,2016-10-27
601177,2016-12-31,,0.0182,,,,,2017-04-08
601177,2017-03-31,11.27661822,0.0052,2168.580426923077,0.034005535784895215,0.9659944642151048,,2017-04-27
601177,2017-06-30,8.23819248,0.0106,777.1879698113208,0.03923686105111591,0.9607631389488841,,2017-08-23
601177,2017-09-30,,0.0152,,,,,2017-10-27
601177,2017-12-31,,0.0265,,,,,2018-04-11
601177,2018-03-31,,0.0081,,,,,2018-04-26
601177,2018-06-30,,0.0179,,,,,2018-08-22
601177,2018-09-30,,0.0278,,,,,2018-10-24
601179,2015-06-30,9.018237,0.08,112.72796249999999,0.45743212149102624,0.5425678785089738,,2015-08-28
601179,2015-09-30,5.34055596,0.11,48.55050872727272,0.48751156336725254,0.5124884366327475,,2015-10-29
601179,2015-12-31,5.99162868,0.176,34.04334477272727,0.6597131681877445,0.3402868318122555,,2016-03-31
601179,2016-03-31,4.94463336,0.0454,108.91262907488986,0.6676069581570286,0.33239304184297136,,2016-04-28
601179,2016-06-30,4.58198715,0.09,50.91096833333333,0.6984815618221258,0.30151843817787416,,2016-08-30
601179,2016-09-30,4.67236165,0.15,31.149077666666667,0.7379767827529021,0.2620232172470979,,2016-10-29
601179,2016-12-31,,0.22,,,,,2017-04-11
601179,2017-03-31,5.75685565,0.059,97.57382457627119,0.6903914590747331,0.3096085409252669,,2017-04-29
601179,2017-06-30,5.11702368,0.12,42.641864,0.7152627789776818,0.28473722102231824,,2017-08-31
601179,2017-09-30,,0.13,,,,,2017-10-31
601179,2017-12-31,,0.175,,,,,2018-04-05
601179,2018-03-31,,0.034,,,,,2018-04-28
601179,2018-06-30,,0.05,,,,,2018-08-30
601179,2018-09-30,,0.05,,,,,2018-10-31
601186,2015-06-30,11.47946913,0.43,26.696439837209304,0.8992176714219973,0.10078232857800273,,2015-08-31
601186,2015-09-30,9.95181105,0.67,14.853449328358208,0.8843663274745606,0.11563367252543943,,2015-10-31
601186,2015-12-31,9.90039948,0.98,10.102448448979592,0.9500217296827467,0.049978270317253326,,2016-03-31
601186,2016-03-31,8.23319571,0.189,43.561882063492064,0.9031499764927128,0.09685002350728722,,2016-04-30
601186,2016-06-30,7.31513196,0.43,17.011934790697676,0.9457700650759219,0.05422993492407813,,2016-08-31
601186,2016-09-30,6.72636144,0.67,10.03934543283582,0.9655887230514096,0.034411276948590364,,2016-10-28
601186,2016-12-31,,1.03,,,,,2017-03-31
601186,2017-03-31,9.69760656,0.212,45.743427169811326,0.8971925662317122,0.10280743376828783,,2017-04-29
601186,2017-06-30,8.98092432,0.47,19.108349617021275,0.9319654427645788,0.06803455723542118,,2017-08-30
601186,2017-09-30,,0.78,,,,,2017-10-31
601186,2017-12-31,,1.16,,,,,2018-03-30
601186,2018-03-31,,0.252,,,,,2018-04-28
601186,2018-06-30,,0.56,,,,,2018-08-31
601186,2018-09-30,,0.9,,,,,2018-10-31
601208,2015-06-30,8.03843522,0.07,114.83478885714285,0.4491486424298205,0.5508513575701794,,2015-08-21
601208,2015-09-30,4.99058719,0.1,49.9058719,0.47779833487511564,0.5222016651248844,,2015-10-28
601208,2015-12-31,6.59545867,0.1,65.9545867,0.41590612777053454,0.5840938722294655,,2016-04-26
601208,2016-03-31,5.05393738,0.02,252.696869,0.39727315467795016,0.6027268453220498,,2016-04-26
601208,2016-06-30,6.04997074,0.04,151.2492685,0.3158351409978308,0.6841648590021692,,2016-08-27
601208,2016-09-30,5.44000886,0.07,77.71441228571427,0.38971807628524047,0.6102819237147595,,2016-10-29
601208,2016-12-31,,0.07,,,,,2017-04-28
601208,2017-03-31,5.40454596,0.07,77.20779942857142,0.7694741004349546,0.23052589956504543,,2017-04-28
601208,2017-06-30,4.99317632,0.11,45.392511999999996,0.6889848812095032,0.3110151187904968,,2017-08-26
601208,2017-09-30,,0.14,,,,,2017-10-28
601208,2017-12-31,,0.16,,,,,2018-04-27
601208,2018-03-31,,0.011,,,,,2018-04-27
601208,2018-06-30,,0.0141,,,,,2018-08-25
601208,2018-09-30,,0.04,,,,,2018-10-31
601212,2015-09-30,,-0.005,,,,,2016-12-28
601212,2015-12-31,,0.018,,,,,2016-12-28
601212,2016-03-31,,0.0069,,,,,2017-04-25
601212,2016-06-30,,0.02,,,,,2016-12-28
601212,2016-09-30,,0.036,,,,,2016-12-28
601212,2016-12-31,,0.04,,,,,2017-04-19
601212,2017-03-31,12.952368,0.0069,1877.1547826086958,0.039936733886911824,0.9600632661130881,,2017-04-25
601212,2017-06-30,8.11017504,0.02,405.50875199999996,0.07019438444924406,0.9298056155507559,,2017-08-29
601212,2017-09-30,,0.034,,,,,2017-10-31
601212,2017-12-31,,0.035,,,,,2018-04-27
601212,2018-03-31,,0.0049,,,,,2018-04-27
601212,2018-06-30,,-0.014,,,,,2018-08-28
601212,2018-09-30,,-0.035,,,,,2018-10-30
601218,2015-06-30,8.99528112,0.056,160.63002,0.33962264150943394,0.6603773584905661,,2015-08-25
601218,2015-09-30,4.8975645,0.0936,52.324407051282044,0.4629972247918594,0.5370027752081405,,2015-10-28
601218,2015-12-31,6.2584965,0.1297,48.25363531225905,0.529335071707953,0.470664928292047,,2016-04-22
601218,2016-03-31,4.745355,0.0288,164.76927083333334,0.5303244005641748,0.46967559943582515,,2016-04-28
601218,2016-06-30,4.691634,0.0612,76.6606862745098,0.5570498915401302,0.4429501084598698,,2016-08-10
601218,2016-09-30,4.90677051,0.0951,51.59590441640378,0.5443615257048093,0.45563847429519067,,2016-10-29
601218,2016-12-31,,0.1184,,,,,2017-04-21
601218,2017-03-31,4.69148259,0.0171,274.3557070175438,0.3475682087781732,0.6524317912218268,,2017-04-29
601218,2017-06-30,3.93797487,0.03,131.265829,0.24910007199424047,0.7508999280057596,,2017-08-28
601218,2017-09-30,,0.0209,,,,,2017-10-30
601218,2017-12-31,,0.0061,,,,,2018-04-23
601218,2018-03-31,,-0.0559,,,,,2018-04-27
601218,2018-06-30,,-0.0738,,,,,2018-08-28
601218,2018-09-30,,-0.0907,,,,,2018-10-27
601225,2015-06-30,4.6537656,-0.1,,,,,2015-08-29
601225,2015-09-30,2.5146264,-0.18,,,,,2015-10-27
601225,2015-12-31,2.7649512,-0.3,,,,,2016-04-23
601225,2016-03-31,2.4918696,-0.0039,,,,,2016-04-23
601225,2016-06-30,2.9413164,0.03,98.04388,0.4581344902386117,0.5418655097613883,,2016-08-27
601225,2016-09-30,3.2371548,0.1,32.371548,0.7271973466003316,0.27280265339966836,,2016-10-27
601225,2016-12-31,,0.28,,,,,2017-04-28
601225,2017-03-31,3.5159256,0.27,13.021946666666667,0.9920917358639778,0.007908264136022192,,2017-04-28
601225,2017-06-30,4.0222644,0.55,7.3132079999999995,0.9931605471562275,0.00683945284377252,,2017-08-26
601225,2017-09-30,,0.81,,,,,2017-10-28
601225,2017-12-31,,1.04,,,,,2018-03-30
601225,2018-03-31,,0.2841,,,,,2018-04-26
601225,2018-06-30,,0.59,,,,,2018-08-10
601225,2018-09-30,,0.89,,,,,2018-10-26
601229,2015-06-30,,,,,,,2015-12-17
601229,2015-09-30,,1.9,,,,,2016-11-15
601229,2015-12-31,,2.47,,,,,2016-09-26
601229,2016-03-31,,0.67,,,,,2016-09-26
601229,2016-06-30,,1.04,,,,,2016-08-30
601229,2016-09-30,,1.55,,,,,2016-11-15
601229,2016-12-31,,2.01,,,,,2017-04-24
601229,2017-03-31,6.22786978,0.5,12.45573956,0.9928825622775801,0.007117437722419906,,2017-04-28
601229,2017-06-30,6.63301894,0.71,9.342280197183099,0.9870410367170627,0.01295896328293733,,2017-08-26
601229,2017-09-30,,1.07,,,,,2017-10-28
601229,2017-12-31,,1.4,,,,,2018-04-21
601229,2018-03-31,,0.4,,,,,2018-04-28
601229,2018-06-30,,0.66,,,,,2018-08-25
601229,2018-09-30,,1.0,,,,,2018-10-27
601279,2016-12-31,,,,,,,2019-06-21
601279,2017-12-31,,,,,,,2019-06-21
601318,2015-06-30,27.53159418,1.9,14.49031272631579,0.9769903359410953,0.0230096640589047,,2015-08-21
601318,2015-09-30,20.31384758,2.64,7.694639234848485,0.973172987974098,0.026827012025901986,,2015-10-28
601318,2015-12-31,24.490908,2.98,8.218425503355705,0.9678400695349848,0.032159930465015196,,2016-03-16
601318,2016-03-31,21.64043843,1.16,18.655550370689657,0.9797837329572168,0.02021626704278323,,2016-04-27
601318,2016-06-30,21.79690812,2.28,9.560047421052634,0.9843817787418655,0.015618221258134501,,2016-08-18
601318,2016-09-30,23.62816456,3.17,7.45367967192429,0.9825870646766169,0.01741293532338306,,2016-10-28
601318,2016-12-31,,3.5,,,,,2017-03-23
601318,2017-03-31,25.59948391,1.29,19.844561170542637,0.9762752075919335,0.023724792408066464,,2017-04-28
601318,2017-06-30,34.31479051,2.43,14.12131296707819,0.9665226781857451,0.03347732181425489,,2017-08-18
601318,2017-09-30,,3.72,,,,,2017-10-28
601318,2017-12-31,,4.99,,,,,2018-03-21
601318,2018-03-31,,1.44,,,,,2018-04-27
601318,2018-06-30,,3.26,,,,,2018-08-22
601318,2018-09-30,,4.45,,,,,2018-10-30
601328,2015-06-30,4.4995756,0.5,8.9991512,0.9871145881270134,0.01288541187298664,,2015-08-28
601328,2015-09-30,3.3200752,0.7,4.742964571428572,0.9898242368177613,0.010175763182238673,,2015-10-31
601328,2015-12-31,3.5166586,0.9,3.9073984444444445,0.9908735332464146,0.009126466753585416,,2016-03-30
601328,2016-03-31,3.04158205,0.26,11.6983925,0.9934179595674659,0.006582040432534075,,2016-04-29
601328,2016-06-30,3.07434595,0.5,6.1486919,0.9947939262472885,0.0052060737527115375,,2016-08-26
601328,2016-09-30,3.16507891,0.7,4.5215413,0.9954394693200663,0.004560530679933672,,2016-10-29
601328,2016-12-31,,0.89,,,,,2017-03-29
601328,2017-03-31,3.56572181,0.26,13.714314653846152,0.9916963226571768,0.008303677342823224,,2017-04-29
601328,2017-06-30,3.52565752,0.49,7.195219428571429,0.9938804895608351,0.006119510439164921,,2017-08-25
601328,2017-09-30,,0.7,,,,,2017-10-28
601328,2017-12-31,,0.91,,,,,2018-03-30
601328,2018-03-31,,0.27,,,,,2018-04-28
601328,2018-06-30,,0.51,,,,,2018-08-24
601328,2018-09-30,,0.74,,,,,2018-10-27
601336,2015-06-30,46.95886466,2.16,21.74021512037037,0.931891394385642,0.06810860561435805,,2015-08-26
601336,2015-09-30,27.69716328,2.77,9.998975913357402,0.9481961147086031,0.0518038852913969,,2015-10-31
601336,2015-12-31,40.35916536,2.76,14.622886000000001,0.8909169926119078,0.10908300738809218,,2016-03-30
601336,2016-03-31,31.36125912,0.64,49.001967375,0.8810531264692054,0.11894687353079458,,2016-04-30
601336,2016-06-30,31.2298464,1.07,29.186772336448595,0.8533622559652928,0.1466377440347072,,2016-08-31
601336,2016-09-30,32.07922393,1.53,20.96681302614379,0.8499170812603648,0.1500829187396352,,2016-10-29
601336,2016-12-31,,1.58,,,,,2017-03-30
601336,2017-03-31,32.84208827,0.59,55.66455638983051,0.8627916172400159,0.13720838275998415,,2017-04-29
601336,2017-06-30,40.0114562,1.04,38.47255403846154,0.755939524838013,0.24406047516198703,,2017-08-30
601336,2017-09-30,,1.62,,,,,2017-10-28
601336,2017-12-31,,1.73,,,,,2018-03-21
601336,2018-03-31,,0.84,,,,,2018-04-27
601336,2018-06-30,,1.86,,,,,2018-08-29
601336,2018-09-30,,2.47,,,,,2018-10-27
601360,2015-06-30,17.12578688,0.2533,67.61068645874457,0.6373676944316613,0.3626323055683387,,2015-08-26
601360,2015-09-30,10.47135232,0.4219,24.819512491111638,0.7400555041628122,0.2599444958371878,,2015-10-29
601360,2015-12-31,14.35234304,0.5757,24.930246725725205,0.758800521512386,0.24119947848761403,,2016-03-11
601360,2016-03-31,11.56059264,0.096,120.42284,0.6309355900329102,0.3690644099670898,,2016-04-28
601360,2016-06-30,13.4680652,0.2268,59.38300352733686,0.6498915401301518,0.3501084598698482,,2016-08-18
601360,2016-09-30,11.4962214,0.333,34.52318738738738,0.7089552238805971,0.29104477611940294,,2016-10-28
601360,2016-12-31,,,,,,,2017-03-30
601360,2017-03-31,10.35217995,0.1,103.5217995,0.6682483194938711,0.3317516805061289,,2017-04-27
601360,2017-06-30,8.2867725,0.22,37.66714772727273,0.7634989200863931,0.23650107991360692,,2017-08-18
601360,2017-09-30,,0.36,,,,,2017-10-28
601360,2017-12-31,,0.53,,,,,2018-02-02
601360,2018-03-31,,0.07,,,,,2018-04-27
601360,2018-06-30,,0.23,,,,,2018-08-29
601360,2018-09-30,,0.38,,,,,2018-10-31
601398,2015-06-30,2.92095936,0.42,6.954665142857142,0.9944776806258628,0.0055223193741371635,,2015-08-28
601398,2015-09-30,2.50223904,0.62,4.035869419354839,0.9953746530989824,0.0046253469010175685,,2015-10-31
601398,2015-12-31,2.65283676,0.77,3.4452425454545454,0.9960886571056062,0.003911342894393766,,2016-03-31
601398,2016-03-31,2.48486238,0.21,11.832678000000001,0.9924776680771039,0.007522331922896086,,2016-04-29
601398,2016-06-30,2.57174568,0.42,6.123203999999999,0.9952277657266811,0.004772234273318854,,2016-08-31
601398,2016-09-30,2.70131654,0.63,4.287804031746032,0.9970978441127695,0.0029021558872305286,,2016-10-29
601398,2016-12-31,,0.77,,,,,2017-03-31
601398,2017-03-31,2.95132552,0.21,14.053931047619049,0.9909054962435745,0.00909450375642551,,2017-04-29
601398,2017-06-30,3.2013345,0.43,7.444963953488372,0.9924406047516199,0.0075593952483801186,,2017-08-31
601398,2017-09-30,,0.64,,,,,2017-10-31
601398,2017-12-31,,0.79,,,,,2018-03-28
601398,2018-03-31,,0.22,,,,,2018-04-28
601398,2018-06-30,,0.45,,,,,2018-08-31
601398,2018-09-30,,0.67,,,,,2018-10-31
601500,2015-09-30,,0.23,,,,,2016-02-19
601500,2015-12-31,,0.29,,,,,2016-08-26
601500,2016-03-31,,0.04,,,,,2017-04-28
601500,2016-06-30,,0.15,,,,,2016-08-26
601500,2016-09-30,10.60423905,0.24,44.184329375000004,0.6102819237147595,0.38971807628524047,,2016-10-31
601500,2016-12-31,,0.29,,,,,2017-04-18
601500,2017-03-31,13.91948295,0.04,347.98707375000004,0.2752075919335706,0.7247924080664294,,2017-04-28
601500,2017-06-30,10.83737484,0.089,121.7682566292135,0.27393808495320376,0.7260619150467962,,2017-08-29
601500,2017-09-30,,0.15,,,,,2017-10-31
601500,2017-12-31,,0.2,,,,,2018-03-28
601500,2018-03-31,,0.04,,,,,2018-04-20
601500,2018-06-30,,0.09,,,,,2018-08-27
601500,2018-09-30,,0.161,,,,,2018-10-26
601519,2015-06-30,18.71,0.002,9355.0,0.005522319374137137,0.9944776806258628,,2015-08-29
601519,2015-09-30,9.59,-0.067,,,,,2015-10-31
601519,2015-12-31,12.82,-0.23,,,,,2016-04-29
601519,2016-03-31,10.3,-0.085,,,,,2016-04-29
601519,2016-06-30,9.19,-0.103,,,,,2016-08-27
601519,2016-09-30,7.64,-0.363,,,,,2016-10-29
601519,2016-12-31,,-0.89,,,,,2017-04-28
601519,2017-03-31,6.21,-0.038,,,,,2017-04-28
601519,2017-06-30,4.13,-0.052,,,,,2017-08-26
601519,2017-09-30,,0.224,,,,,2017-10-28
601519,2017-12-31,,0.19,,,,,2018-04-28
601519,2018-03-31,,0.001,,,,,2018-04-28
601519,2018-06-30,,-0.014,,,,,2018-08-25
601519,2018-09-30,,-0.02,,,,,2018-10-30
601555,2015-06-30,14.60679837,0.68,21.480585838235292,0.9337321675103544,0.06626783248964563,,2015-08-13
601555,2015-09-30,7.79933103,0.81,9.628803740740741,0.9537465309898242,0.046253469010175796,,2015-10-30
601555,2015-12-31,11.46708597,1.0,11.46708597,0.930465015210778,0.06953498478922204,,2016-04-20
601555,2016-03-31,9.56898711,0.12,79.74155925000001,0.7592853784673249,0.2407146215326751,,2016-04-29
601555,2016-06-30,9.7913398,0.21,46.62542761904762,0.7284164859002169,0.2715835140997831,,2016-08-20
601555,2016-09-30,9.49175403,0.42,22.599414357142855,0.8283582089552238,0.17164179104477617,,2016-10-27
601555,2016-12-31,,0.5,,,,,2017-04-08
601555,2017-03-31,9.02410795,0.1,90.24107949999998,0.7141162514827996,0.28588374851720044,,2017-04-29
601555,2017-06-30,8.31651126,0.14,59.403651857142854,0.5662347012239021,0.43376529877609793,,2017-08-30
601555,2017-09-30,,0.27,,,,,2017-10-26
601555,2017-12-31,,0.26,,,,,2018-03-29
601555,2018-03-31,,0.02,,,,,2018-04-28
601555,2018-06-30,,0.01,,,,,2018-08-30
601555,2018-09-30,,0.06,,,,,2018-10-27
601567,2015-06-30,10.42548143,0.18,57.919341277777775,0.6833870225494708,0.3166129774505292,,2015-08-01
601567,2015-09-30,8.2788433,0.29,28.54773551724138,0.692876965772433,0.30712303422756704,,2015-10-22
601567,2015-12-31,11.11416397,0.5,22.22832794,0.7944372012168622,0.20556279878313777,,2016-04-26
601567,2016-03-31,9.65620838,0.06,160.93680633333335,0.53737658674189,0.46262341325810996,,2016-04-26
601567,2016-06-30,10.80645475,0.17,63.567380882352936,0.6238611713665944,0.37613882863340564,,2016-08-23
601567,2016-09-30,9.45839531,0.28,33.77998325,0.7135157545605307,0.28648424543946927,,2016-10-25
601567,2016-12-31,,0.6,,,,,2017-04-18
601567,2017-03-31,8.74040713,0.07,124.86295899999998,0.5966785290628707,0.40332147093712933,,2017-04-18
601567,2017-06-30,7.63411922,0.16,47.713245125,0.6634269258459323,0.3365730741540677,,2017-08-22
601567,2017-09-30,,0.3,,,,,2017-10-24
601567,2017-12-31,,0.63,,,,,2018-04-24
601567,2018-03-31,,0.07,,,,,2018-04-24
601567,2018-06-30,,0.15,,,,,2018-08-28
601567,2018-09-30,,0.29,,,,,2018-10-31
601577,2015-12-31,,0.98,,,,,2016-12-23
601577,2016-06-30,,,,,,,2016-08-29
601577,2016-09-30,,0.85,,,,,2016-10-28
601577,2016-12-31,,1.04,,,,,2017-12-12
601577,2017-03-31,,,,,,,2017-07-31
601577,2017-06-30,,0.7,,,,,2017-07-31
601577,2017-09-30,,1.1,,,,,2017-12-12
601577,2017-12-31,,1.28,,,,,2018-04-28
601577,2018-03-31,,0.4,,,,,2018-04-28
601577,2018-06-30,,0.77,,,,,2018-10-12
601577,2018-09-30,,1.21,,,,,2018-10-30
601595,2015-06-30,,0.36,,,,,2016-08-16
601595,2015-09-30,,0.52,,,,,2016-10-26
601595,2015-12-31,,0.69,,,,,2016-07-27
601595,2016-03-31,,0.23,,,,,2017-04-25
601595,2016-06-30,,0.44,,,,,2016-08-16
601595,2016-09-30,29.627787,0.6,49.379645000000004,0.5601160862354893,0.43988391376451075,,2016-10-26
601595,2016-12-31,,0.75,,,,,2017-04-25
601595,2017-03-31,27.3903945,0.13,210.6953423076923,0.4262554369315935,0.5737445630684065,,2017-04-25
601595,2017-06-30,19.72391856,0.29,68.01351227586208,0.5014398848092153,0.4985601151907847,,2017-08-23
601595,2017-09-30,,0.41,,,,,2017-10-31
601595,2017-12-31,,0.69,,,,,2018-04-25
601595,2018-03-31,,0.11,,,,,2018-04-25
601595,2018-06-30,,0.16,,,,,2018-08-29
601595,2018-09-30,,0.27,,,,,2018-10-31
601599,2015-06-30,7.18535664,0.17,42.266803764705884,0.7873907040957202,0.2126092959042798,,2015-07-22
601599,2015-09-30,5.32723862,0.12,44.39365516666667,0.5235892691951897,0.47641073080481033,,2015-10-30
601599,2015-12-31,11.76649672,0.14,84.04640514285713,0.3381138635375924,0.6618861364624076,,2016-04-20
601599,2016-03-31,9.3381123,0.01,933.81123,0.12458862247296662,0.8754113775270334,,2016-04-26
601599,2016-06-30,10.82554956,0.09,120.28388400000001,0.3852494577006508,0.6147505422993492,,2016-08-10
601599,2016-09-30,8.9258279,0.13,68.66021461538462,0.43283582089552236,0.5671641791044777,,2016-10-25
601599,2016-12-31,,0.2,,,,,2017-04-25
601599,2017-03-31,7.86618416,0.01,786.618416,0.12376433372874654,0.8762356662712535,,2017-04-25
601599,2017-06-30,6.03882168,0.08,75.485271,0.453203743700504,0.546796256299496,,2017-08-22
601599,2017-09-30,,0.11,,,,,2017-10-28
601599,2017-12-31,,0.33,,,,,2018-04-21
601599,2018-03-31,,0.02,,,,,2018-04-21
601599,2018-06-30,,0.08,,,,,2018-08-25
601599,2018-09-30,,0.07,,,,,2018-10-30
601600,2015-06-30,8.72320479,0.0001,87232.0479,0.0004601932811780948,0.9995398067188219,,2015-08-28
601600,2015-09-30,4.36627721,-0.065,,,,,2015-10-30
601600,2015-12-31,4.64676611,0.01,464.676611,0.05910473707083876,0.9408952629291613,,2016-03-18
601600,2016-03-31,4.10448757,0.001,4104.487569999999,0.0230371415138693,0.9769628584861307,,2016-04-29
601600,2016-06-30,3.52481051,0.0009,3916.4561222222223,0.00911062906724512,0.9908893709327549,,2016-08-26
601600,2016-09-30,3.49676162,0.003,1165.5872066666666,0.02197346600331675,0.9780265339966833,,2016-10-21
601600,2016-12-31,,0.02,,,,,2017-03-24
601600,2017-03-31,4.34757795,0.024,181.14908125,0.47726374060893634,0.5227362593910636,,2017-04-26
601600,2017-06-30,4.22603276,0.0458,92.27145764192139,0.3650107991360691,0.6349892008639308,,2017-08-18
601600,2017-09-30,,0.085,,,,,2017-10-27
601600,2017-12-31,,0.087,,,,,2018-03-23
601600,2018-03-31,,0.017,,,,,2018-04-24
601600,2018-06-30,,0.046,,,,,2018-08-16
601600,2018-09-30,,0.082,,,,,2018-10-26
601607,2015-06-30,17.5639036,0.5705,30.78685994741455,0.8711458812701335,0.12885411872986652,,2015-08-27
601607,2015-09-30,13.7545792,0.8103,16.974675058620264,0.8538390379278445,0.14616096207215545,,2015-10-30
601607,2015-12-31,15.7026188,1.0699,14.676716328628842,0.8896132116471099,0.11038678835289006,,2016-03-19
601607,2016-03-31,13.5100884,0.3308,40.84065417170496,0.9153737658674189,0.08462623413258108,,2016-04-29
601607,2016-06-30,14.235674,0.6443,22.09479124631383,0.9123644251626898,0.08763557483731022,,2016-08-26
601607,2016-09-30,15.82782033,0.9138,17.320880203545634,0.8938640132669984,0.10613598673300162,,2016-10-28
601607,2016-12-31,,1.1887,,,,,2017-03-22
601607,2017-03-31,18.69977151,0.3717,50.30877457627119,0.8793989719256623,0.1206010280743377,,2017-04-28
601607,2017-06-30,23.16814248,0.7159,32.36226076267635,0.8167746580273578,0.18322534197264218,,2017-08-29
601607,2017-09-30,,0.9999,,,,,2017-10-31
601607,2017-12-31,,1.3093,,,,,2018-03-24
601607,2018-03-31,,0.3655,,,,,2018-04-28
601607,2018-06-30,,0.7219,,,,,2018-08-29
601607,2018-09-30,,1.1936,,,,,2018-10-27
601633,2015-06-30,11.39010948,0.52,21.90405669230769,0.9309710078232858,0.06902899217671421,,2015-08-29
601633,2015-09-30,8.71838829,0.6802,12.817389429579535,0.9088806660499538,0.09111933395004623,,2015-10-24
601633,2015-12-31,9.68637264,0.88,11.007241636363636,0.9365493263798349,0.0634506736201651,,2016-03-25
601633,2016-03-31,7.33718592,0.26,28.219945846153845,0.9572167371885284,0.0427832628114716,,2016-04-23
601633,2016-06-30,6.94555452,0.54,12.862138,0.9661605206073752,0.03383947939262477,,2016-08-27
601633,2016-09-30,8.79715377,0.7898,11.138457546214232,0.9581260364842454,0.041873963515754564,,2016-10-26
601633,2016-12-31,,1.16,,,,,2017-03-25
601633,2017-03-31,10.35249714,0.2142,48.33098571428572,0.8880980624752867,0.11190193752471334,,2017-04-28
601633,2017-06-30,11.25682935,0.27,41.69196055555555,0.7231821454283658,0.2768178545716342,,2017-08-26
601633,2017-09-30,,0.3155,,,,,2017-10-27
601633,2017-12-31,,0.55,,,,,2018-03-24
601633,2018-03-31,,0.228,,,,,2018-04-25
601633,2018-06-30,,0.4,,,,,2018-08-31
601633,2018-09-30,,0.4302,,,,,2018-10-27
601666,2015-06-30,4.98562471,-0.2956,,,,,2016-08-30
601666,2015-09-30,2.92419732,-0.5638,,,,,2015-10-30
601666,2015-12-31,3.06908998,-0.9053,,,,,2016-04-26
601666,2016-03-31,2.78589069,0.0017,1638.7592294117649,0.06676069581570286,0.9332393041842971,,2016-04-26
601666,2016-06-30,2.69368627,0.1499,17.96988839226151,0.937527114967462,0.062472885032538006,,2016-08-30
601666,2016-09-30,3.12177822,0.16,19.511113875,0.8665008291873963,0.13349917081260365,,2016-10-25
601666,2016-12-31,,0.3557,,,,,2017-04-25
601666,2017-03-31,3.90551579,0.1417,27.56186160903317,0.9596678529062871,0.04033214709371291,,2017-04-25
601666,2017-06-30,3.47083781,0.2651,13.092560580912863,0.9690424766018718,0.030957523398128184,,2017-08-29
601666,2017-09-30,,0.4348,,,,,2017-10-28
601666,2017-12-31,,0.5832,,,,,2018-04-28
601666,2018-03-31,,0.0273,,,,,2018-04-28
601666,2018-06-30,,0.1314,,,,,2018-08-18
601666,2018-09-30,,0.2243,,,,,2018-10-20
601678,2015-06-30,4.68523731,0.21,22.310653857142857,0.9291302346985734,0.07086976530142663,,2015-07-23
601678,2015-09-30,3.34809043,0.29,11.545139413793104,0.9264569842738205,0.0735430157261795,,2015-10-16
601678,2015-12-31,4.18903046,0.36,11.636195722222222,0.9278574532811821,0.07214254671881792,,2016-02-26
601678,2016-03-31,3.6040287,0.04,90.1007175,0.7230841560883874,0.2769158439116126,,2016-04-19
601678,2016-06-30,3.26285288,0.04,81.571322,0.5249457700650759,0.4750542299349241,,2016-07-22
601678,2016-09-30,3.80131976,0.12,31.67766466666667,0.736318407960199,0.263681592039801,,2016-10-15
601678,2016-12-31,,0.3,,,,,2017-03-02
601678,2017-03-31,4.62184072,0.15,30.812271466666665,0.952155001977066,0.04784499802293396,,2017-04-14
601678,2017-06-30,4.52098195,0.23,19.656443260869565,0.9269258459323254,0.07307415406767459,,2017-07-21
601678,2017-09-30,,0.36,,,,,2017-10-23
601678,2017-12-31,,0.53,,,,,2018-03-09
601678,2018-03-31,,0.17,,,,,2018-04-14
601678,2018-06-30,,0.3,,,,,2018-08-03
601678,2018-09-30,,0.43,,,,,2018-10-23
601702,2015-12-31,,0.15,,,,,2018-12-28
601702,2016-12-31,,0.28,,,,,2018-12-28
601702,2017-12-31,,0.34,,,,,2018-12-28
601702,2018-06-30,,0.11,,,,,2018-12-28
601766,2015-06-30,13.90744296,0.17,81.80848799999998,0.5697192820984813,0.4302807179015187,,2015-08-29
601766,2015-09-30,9.82459342,0.29,33.87790834482759,0.6253469010175763,0.3746530989824237,,2015-10-31
601766,2015-12-31,9.82360655,0.43,22.845596627906975,0.7896566710126032,0.21034332898739683,,2016-03-30
601766,2016-03-31,7.82830592,0.07,111.83294171428571,0.6563234602726845,0.3436765397273155,,2016-04-28
601766,2016-06-30,7.01030911,0.18,38.94616172222222,0.7761388286334057,0.22386117136659434,,2016-08-23
601766,2016-09-30,6.96547712,0.28,24.876703999999997,0.8009950248756219,0.1990049751243781,,2016-10-29
601766,2016-12-31,,0.41,,,,,2017-03-30
601766,2017-03-31,7.96054528,0.04,199.013632,0.44404903123764333,0.5559509687623567,,2017-04-28
601766,2017-06-30,7.86725764,0.13,60.51736646153846,0.5583153347732182,0.44168466522678185,,2017-08-26
601766,2017-09-30,,0.24,,,,,2017-10-28
601766,2017-12-31,,0.38,,,,,2018-03-29
601766,2018-03-31,,0.04,,,,,2018-04-27
601766,2018-06-30,,0.14,,,,,2018-08-25
601766,2018-09-30,,0.26,,,,,2018-10-31
601777,2015-06-30,15.27006688,0.1677,91.0558549791294,0.5365853658536586,0.46341463414634143,,2015-08-26
601777,2015-09-30,10.9886372,0.2212,49.67738336347197,0.47964847363552265,0.5203515263644773,,2015-10-28
601777,2015-12-31,17.08905552,0.29,58.92777765517241,0.46197305519339416,0.5380269448066058,,2016-04-22
601777,2016-03-31,11.79677016,0.09,131.075224,0.6055477197931358,0.3944522802068642,,2016-04-29
601777,2016-06-30,11.59966456,0.14,82.85474685714286,0.5206073752711496,0.47939262472885036,,2016-08-27
601777,2016-09-30,9.47080917,0.15,63.138727800000005,0.4672470978441128,0.5327529021558872,,2016-10-25
601777,2016-12-31,,0.07,,,,,2017-04-15
601777,2017-03-31,8.78509476,0.04,219.627369,0.4124159746935548,0.5875840253064453,,2017-04-25
601777,2017-06-30,7.99006356,0.1,79.9006356,0.4265658747300216,0.5734341252699784,,2017-08-23
601777,2017-09-30,,0.13,,,,,2017-10-26
601777,2017-12-31,,0.14,,,,,2018-04-21
601777,2018-03-31,,0.05,,,,,2018-04-26
601777,2018-06-30,,0.1,,,,,2018-08-18
601777,2018-09-30,,0.1,,,,,2018-10-26
601798,2015-06-30,16.37272908,0.068,240.7754276470588,0.23791992636907502,0.762080073630925,,2015-07-29
601798,2015-09-30,10.73323,0.072,149.07263888888892,0.17668825161887142,0.8233117483811285,,2015-10-28
601798,2015-12-31,14.1079572,0.13,108.52274769230769,0.26814428509343763,0.7318557149065623,,2016-04-26
601798,2016-03-31,13.179408,0.003,4393.136,0.019275975552421252,0.9807240244475788,,2016-04-26
601798,2016-06-30,12.2109212,0.051,239.4298274509804,0.2052060737527115,0.7947939262472885,,2016-07-27
601798,2016-09-30,12.82,0.019,674.7368421052632,0.039386401326699835,0.9606135986733002,,2016-10-28
601798,2016-12-31,,-0.387,,,,,2017-04-25
601798,2017-03-31,13.51,-0.005,,,,,2017-04-25
601798,2017-06-30,11.04,0.005,2208.0,0.011159107271418287,0.9888408927285817,,2017-07-27
601798,2017-09-30,,0.011,,,,,2017-10-27
601798,2017-12-31,,-0.246,,,,,2018-04-24
601798,2018-03-31,,-0.049,,,,,2018-04-24
601798,2018-06-30,,-0.158,,,,,2018-07-26
601798,2018-09-30,,-0.257,,,,,2018-10-26
601857,2015-06-30,7.59692362,0.139,54.654126762589925,0.7036355269213069,0.29636447307869307,,2015-08-28
601857,2015-09-30,5.60267949,0.17,32.95693817647059,0.6378353376503237,0.36216466234967626,,2015-10-30
601857,2015-12-31,5.68437105,0.19,29.917742368421052,0.7053455019556715,0.29465449804432853,,2016-03-24
601857,2016-03-31,5.18060643,-0.08,,,,,2016-04-29
601857,2016-06-30,4.93538598,0.003,1645.12866,0.02125813449023861,0.9787418655097614,,2016-08-25
601857,2016-09-30,4.94215498,0.01,494.21549799999997,0.05679933665008292,0.943200663349917,,2016-10-29
601857,2016-12-31,,0.04,,,,,2017-03-31
601857,2017-03-31,5.38708583,0.03,179.5695276666667,0.4804270462633452,0.5195729537366548,,2017-04-28
601857,2017-06-30,5.29128906,0.069,76.68534869565218,0.4481641468682505,0.5518358531317495,,2017-08-25
601857,2017-09-30,,0.095,,,,,2017-10-31
601857,2017-12-31,,0.12,,,,,2018-03-23
601857,2018-03-31,,0.055,,,,,2018-04-28
601857,2018-06-30,,0.15,,,,,2018-08-31
601857,2018-09-30,,0.266,,,,,2018-10-31
601858,2015-06-30,,0.08,,,,,2015-12-01
601858,2015-12-31,,0.38,,,,,2016-12-28
601858,2016-03-31,,-0.02,,,,,2017-04-27
601858,2016-06-30,,0.08,,,,,2016-12-28
601858,2016-09-30,,0.14,,,,,2017-10-30
601858,2016-12-31,,0.42,,,,,2017-04-27
601858,2017-03-31,15.11964234,0.02,755.982117,0.12850929221035984,0.8714907077896401,,2017-04-27
601858,2017-06-30,10.69587356,0.12,89.13227966666668,0.3804895608351332,0.6195104391648668,,2017-08-29
601858,2017-09-30,,0.2,,,,,2017-10-30
601858,2017-12-31,,0.48,,,,,2018-04-26
601858,2018-03-31,,-0.0045,,,,,2018-04-26
601858,2018-06-30,,0.14,,,,,2018-08-29
601858,2018-09-30,,0.24,,,,,2018-10-30
601865,2015-12-31,,0.31,,,,,2017-07-07
601865,2016-12-31,,0.34,,,,,2017-07-07
601865,2017-09-30,,,,,,,2019-01-21
601865,2017-12-31,,0.24,,,,,2018-04-12
601865,2018-03-31,,0.05,,,,,2019-04-22
601865,2018-06-30,,0.12,,,,,2019-01-21
601865,2018-09-30,,0.16,,,,,2019-10-25
601869,2015-12-31,,0.88,,,,,2017-06-30
601869,2016-12-31,,1.05,,,,,2017-06-30
601869,2017-03-31,,0.32,,,,,2018-07-19
601869,2017-06-30,,0.82,,,,,2018-08-27
601869,2017-09-30,,1.36,,,,,2018-10-27
601869,2017-12-31,,1.86,,,,,2018-04-02
601869,2018-03-31,,0.55,,,,,2018-07-19
601869,2018-06-30,,1.19,,,,,2018-08-27
601869,2018-09-30,,1.76,,,,,2018-10-27
601882,2015-06-30,,,,,,,2015-12-17
601882,2015-09-30,,0.0941,,,,,2016-11-04
601882,2015-12-31,,0.1243,,,,,2016-10-17
601882,2016-03-31,,0.0207,,,,,2017-04-26
601882,2016-06-30,,0.0823,,,,,2016-10-17
601882,2016-09-30,,0.1084,,,,,2016-11-04
601882,2016-12-31,,0.13,,,,,2017-03-22
601882,2017-03-31,21.62249856,0.0213,1015.1407774647888,0.08975879794385132,0.9102412020561487,,2017-04-26
601882,2017-06-30,15.4832337,0.0929,166.66559418729818,0.19222462203023757,0.8077753779697624,,2017-08-25
601882,2017-09-30,,0.1443,,,,,2017-10-27
601882,2017-12-31,,0.2,,,,,2018-03-22
601882,2018-03-31,,0.0265,,,,,2018-04-26
601882,2018-06-30,,0.1006,,,,,2018-08-22
601882,2018-09-30,,0.157,,,,,2018-10-26
601888,2015-06-30,29.2602453,1.0411,28.105124675823653,0.8867924528301887,0.1132075471698113,,2015-08-29
601888,2015-09-30,23.2376758,1.3507,17.204172503146516,0.8496762257169288,0.1503237742830712,,2015-10-29
601888,2015-12-31,26.36240535,1.54,17.11844503246753,0.8578878748370273,0.14211212516297267,,2016-04-23
601888,2016-03-31,20.29074025,0.7137,28.430349236373825,0.9562764456981664,0.04372355430183361,,2016-04-23
601888,2016-06-30,19.7727483,1.1337,17.440899973537974,0.9418655097613883,0.058134490238611725,,2016-08-31
601888,2016-09-30,20.2672918,1.4963,13.544938715498228,0.9361525704809287,0.0638474295190713,,2016-10-29
601888,2016-12-31,,0.9261,,,,,2017-04-29
601888,2017-03-31,25.48697365,0.3679,69.27690581679803,0.8022933965994464,0.19770660340055357,,2017-04-29
601888,2017-06-30,27.57770818,0.6659,41.4141885868749,0.7257019438444925,0.2742980561555075,,2017-08-30
601888,2017-09-30,,0.9772,,,,,2017-10-27
601888,2017-12-31,,1.2962,,,,,2018-04-28
601888,2018-03-31,,0.594,,,,,2018-04-28
601888,2018-06-30,,0.9829,,,,,2018-08-30
601888,2018-09-30,,1.3855,,,,,2018-10-31
601916,2015-06-30,,,,,,,2016-09-26
601916,2015-09-30,,,,,,,2016-10-31
601916,2015-12-31,,,,,,,2016-04-30
601916,2016-06-30,,,,,,,2016-09-26
601916,2016-09-30,,,,,,,2016-10-31
601916,2016-12-31,,,,,,,2017-11-10
601916,2017-03-31,,,,,,,2017-04-27
601916,2017-06-30,,0.31,,,,,2017-11-10
601916,2017-09-30,,,,,,,2017-10-27
601916,2017-12-31,,,,,,,2018-04-27
601916,2018-03-31,,,,,,,2018-04-28
601916,2018-06-30,,0.34,,,,,2018-08-30
601916,2018-09-30,,0.52,,,,,2018-10-30
601918,2015-06-30,13.88912103,-0.35,,,,,2015-08-12
601918,2015-09-30,8.24863978,-0.5,,,,,2015-10-29
601918,2015-12-31,8.3027884,-0.989,,,,,2016-04-29
601918,2016-03-31,5.64950602,-0.008,,,,,2016-04-29
601918,2016-06-30,3.27599151,0.01,327.599151,0.14880694143167028,0.8511930585683297,,2016-08-12
601918,2016-09-30,3.59185846,0.1,35.918584599999996,0.6907131011608624,0.3092868988391376,,2016-10-29
601918,2016-12-31,,0.093,,,,,2017-03-17
601918,2017-03-31,4.53043454,0.07,64.72049342857142,0.8208778173190985,0.17912218268090152,,2017-04-22
601918,2017-06-30,3.90772541,0.06,65.12875683333333,0.5233981281497481,0.47660187185025193,,2017-08-25
601918,2017-09-30,,0.065,,,,,2017-10-31
601918,2017-12-31,,0.009,,,,,2018-03-30
601918,2018-03-31,,0.137,,,,,2018-04-27
601918,2018-06-30,,0.3,,,,,2018-08-18
601918,2018-09-30,,0.35,,,,,2018-10-27
601919,2015-06-30,5.2648752,0.19,27.709869473684208,0.8900138057984354,0.10998619420156464,,2015-08-28
601919,2015-09-30,4.90628995,0.03,163.54299833333332,0.1604995374653099,0.8395004625346901,,2015-10-29
601919,2015-12-31,3.8052223,0.05,76.104446,0.3746197305519339,0.6253802694480661,,2016-03-31
601919,2016-03-31,2.56915785,-0.44,,,,,2016-04-29
601919,2016-06-30,2.1430742,-0.7,,,,,2016-08-26
601919,2016-09-30,2.1346369,-0.9,,,,,2016-10-29
601919,2016-12-31,,-0.97,,,,,2017-03-31
601919,2017-03-31,2.49322215,0.03,83.107405,0.7489126136812969,0.2510873863187031,,2017-04-29
601919,2017-06-30,2.25697775,0.18,12.538765277777777,0.9730021598272138,0.02699784017278617,,2017-08-31
601919,2017-09-30,,0.27,,,,,2017-10-31
601919,2017-12-31,,0.26,,,,,2018-03-30
601919,2018-03-31,,0.02,,,,,2018-04-28
601919,2018-06-30,,0.004,,,,,2018-08-31
601919,2018-09-30,,0.08,,,,,2018-10-31
601939,2015-06-30,3.94033746,0.53,7.4345989811320745,0.9926369075011505,0.007363092498849477,,2015-08-31
601939,2015-09-30,2.98842488,0.77,3.8810712727272727,0.9967622571692877,0.00323774283071232,,2015-10-30
601939,2015-12-31,3.33457448,0.91,3.6643675604395605,0.9934810951760105,0.006518904823989535,,2016-03-31
601939,2016-03-31,2.7980426,0.27,10.36312074074074,0.995768688293371,0.004231311706629048,,2016-04-30
601939,2016-06-30,2.89645025,0.53,5.465000471698113,0.996529284164859,0.003470715835141025,,2016-08-26
601939,2016-09-30,3.15865522,0.78,4.049557974358974,0.9983416252072969,0.0016583747927031434,,2016-10-28
601939,2016-12-31,,0.92,,,,,2017-03-30
601939,2017-03-31,3.62208726,0.28,12.936025928571427,0.992487149070779,0.007512850929221049,,2017-04-28
601939,2017-06-30,3.9206004,0.55,7.128364363636363,0.9946004319654428,0.005399568034557212,,2017-08-31
601939,2017-09-30,,0.8,,,,,2017-10-27
601939,2017-12-31,,0.96,,,,,2018-03-28
601939,2018-03-31,,0.3,,,,,2018-04-27
601939,2018-06-30,,0.59,,,,,2018-08-29
601939,2018-09-30,,0.86,,,,,2018-10-24
601949,2015-06-30,,0.07,,,,,2016-01-08
601949,2015-12-31,,0.45,,,,,2017-06-26
601949,2016-03-31,,,,,,,2017-07-31
601949,2016-06-30,,0.05,,,,,2017-08-18
601949,2016-09-30,,0.11,,,,,2017-10-31
601949,2016-12-31,,0.3987,,,,,2017-06-26
601949,2017-03-31,,-0.0668,,,,,2017-07-31
601949,2017-06-30,,0.0265,,,,,2017-08-18
601949,2017-09-30,,0.1,,,,,2017-10-31
601949,2017-12-31,,0.336,,,,,2018-04-27
601949,2018-03-31,,-0.0305,,,,,2018-04-27
601949,2018-06-30,,0.0475,,,,,2018-08-29
601949,2018-09-30,,0.1288,,,,,2018-10-30
601975,2015-06-30,,0.0536,,,,,2016-08-09
601975,2015-09-30,,0.0949,,,,,2016-10-25
601975,2015-12-31,,0.1249,,,,,2016-03-29
601975,2016-03-31,,0.0302,,,,,2017-04-20
601975,2016-06-30,,0.0575,,,,,2016-08-09
601975,2016-09-30,,0.0865,,,,,2016-10-25
601975,2016-12-31,,0.1114,,,,,2017-03-06
601975,2017-03-31,,0.0248,,,,,2017-04-20
601975,2017-06-30,,0.0391,,,,,2017-08-11
601975,2017-09-30,,0.0603,,,,,2017-10-20
601975,2017-12-31,,0.0817,,,,,2018-03-30
601975,2018-03-31,,0.0179,,,,,2018-04-23
601975,2018-06-30,,0.0411,,,,,2018-08-06
601975,2018-09-30,,0.0439,,,,,2018-10-30
601988,2015-06-30,2.65416486,0.31,8.561822129032258,0.9898757478140819,0.010124252185918059,,2015-08-29
601988,2015-09-30,2.0987124,0.43,4.880726511627907,0.9888991674375578,0.011100832562442209,,2015-10-30
601988,2015-12-31,2.2623217,0.56,4.039860178571429,0.990438939591482,0.009561060408518007,,2016-03-31
601988,2016-03-31,1.918178,0.15,12.787853333333333,0.9901269393511989,0.009873060648801113,,2016-04-27
601988,2016-06-30,1.90719261,0.31,6.152234225806452,0.9943600867678959,0.00563991323210411,,2016-08-31
601988,2016-09-30,2.00225517,0.44,4.5505799318181825,0.9950248756218906,0.00497512437810943,,2016-10-27
601988,2016-12-31,,0.54,,,,,2017-04-01
601988,2017-03-31,2.1983217,0.15,14.655478000000002,0.988928430209569,0.011071569790431002,,2017-04-29
601988,2017-06-30,2.1983217,0.35,6.280919142857144,0.9974802015838733,0.002519798416126706,,2017-08-31
601988,2017-09-30,,0.47,,,,,2017-10-31
601988,2017-12-31,,0.56,,,,,2018-03-30
601988,2018-03-31,,0.16,,,,,2018-04-28
601988,2018-06-30,,0.37,,,,,2018-08-29
601988,2018-09-30,,0.5,,,,,2018-10-30
601991,2015-06-30,6.35777772,0.1536,41.39178203125,0.796134376438104,0.20386562356189597,,2015-08-15
601991,2015-09-30,4.29763303,0.2695,15.946690278293135,0.8704902867715079,0.12950971322849214,,2015-10-30
601991,2015-12-31,4.17577198,0.211,19.79038853080569,0.8257279443720121,0.17427205562798787,,2016-03-30
601991,2016-03-31,3.46085382,0.0513,67.46303742690058,0.8072402444757875,0.19275975552421254,,2016-04-28
601991,2016-06-30,3.16026323,0.1272,24.844836713836475,0.8841648590021692,0.11583514099783077,,2016-08-30
601991,2016-09-30,3.25124352,-0.2363,,,,,2016-10-28
601991,2016-12-31,,-0.1971,,,,,2017-03-16
601991,2017-03-31,4.17412254,0.0474,88.06165696202532,0.727164887307236,0.27283511269276395,,2017-04-27
601991,2017-06-30,3.82698456,0.0667,57.376080359820094,0.5802735781137509,0.4197264218862491,,2017-08-16
601991,2017-09-30,,0.1154,,,,,2017-10-31
601991,2017-12-31,,0.1124,,,,,2018-03-30
601991,2018-03-31,,0.0291,,,,,2018-04-25
601991,2018-06-30,,0.0857,,,,,2018-08-25
601991,2018-09-30,,0.105,,,,,2018-10-30
601992,2015-06-30,4.6599981,0.22,21.181809545454545,0.9355729406350667,0.06442705936493331,,2015-08-28
601992,2015-09-30,2.97927912,0.22,13.54217781818182,0.9014801110083256,0.09851988899167441,,2015-10-30
601992,2015-12-31,3.65390646,0.2,18.269532299999998,0.8435462842242504,0.15645371577574962,,2016-03-24
601992,2016-03-31,3.51352158,0.02,175.676079,0.5091678420310296,0.4908321579689704,,2016-04-27
601992,2016-06-30,3.0221745,0.17,17.777497058823528,0.9396963123644252,0.06030368763557481,,2016-08-30
601992,2016-09-30,3.37774752,0.21,16.084512,0.9100331674958541,0.08996683250414594,,2016-10-27
601992,2016-12-31,,0.25,,,,,2017-03-30
601992,2017-03-31,3.64358876,0.04,91.089719,0.7105575326215896,0.2894424673784104,,2017-04-27
601992,2017-06-30,5.05880242,0.17,29.757661294117646,0.839812814974802,0.16018718502519802,,2017-08-30
601992,2017-09-30,,0.24,,,,,2017-10-30
601992,2017-12-31,,0.27,,,,,2018-03-30
601992,2018-03-31,,-0.02,,,,,2018-04-26
601992,2018-06-30,,0.23,,,,,2018-08-30
601992,2018-09-30,,0.29,,,,,2018-10-30
601998,2015-06-30,4.64372529,0.48,9.6744276875,0.9861942015646572,0.013805798435342798,,2015-08-19
601998,2015-09-30,3.53549513,0.7,5.050707328571429,0.9879740980573543,0.012025901942645745,,2015-10-28
601998,2015-12-31,4.34859878,0.88,4.941589522727273,0.9887005649717514,0.011299435028248594,,2016-03-24
601998,2016-03-31,3.65595493,0.23,15.895456217391304,0.9858956276445698,0.014104372355430161,,2016-04-28
601998,2016-06-30,3.41503533,0.48,7.1146569374999995,0.9908893709327549,0.009110629067245135,,2016-08-26
601998,2016-09-30,3.72951072,0.71,5.252832000000001,0.9917081260364843,0.008291873963515717,,2016-10-28
601998,2016-12-31,,0.85,,,,,2017-03-23
601998,2017-03-31,4.18478544,0.23,18.194719304347824,0.981415579280348,0.01858442071965205,,2017-04-26
601998,2017-06-30,3.92284656,0.49,8.00580930612245,0.9917206623470123,0.008279337652987717,,2017-08-25
601998,2017-09-30,,0.68,,,,,2017-10-25
601998,2017-12-31,,0.84,,,,,2018-03-27
601998,2018-03-31,,0.25,,,,,2018-04-27
601998,2018-06-30,,0.53,,,,,2018-08-28
601998,2018-09-30,,0.72,,,,,2018-10-26
601999,2015-06-30,12.74541444,0.05,254.90828879999998,0.22641509433962265,0.7735849056603774,,2015-08-29
601999,2015-09-30,7.39403796,0.11,67.21852690909091,0.37604070305272896,0.623959296947271,,2015-10-24
601999,2015-12-31,11.4238786,0.14,81.59913285714285,0.3468057366362451,0.6531942633637549,,2016-04-23
601999,2016-03-31,8.66235834,0.01,866.2358340000001,0.13493182886694877,0.8650681711330512,,2016-04-23
601999,2016-06-30,8.56341136,0.1,85.63411359999999,0.5071583514099783,0.49284164859002166,,2016-08-10
601999,2016-09-30,10.3840515,0.18,57.689175,0.5012437810945274,0.4987562189054726,,2016-10-22
601999,2016-12-31,,0.24,,,,,2017-03-25
601999,2017-03-31,9.61653465,0.03,320.551155,0.2977461447212337,0.7022538552787663,,2017-04-22
601999,2017-06-30,8.23500432,0.11,74.86367563636364,0.45752339812814974,0.5424766018718503,,2017-08-25
601999,2017-09-30,,0.2,,,,,2017-10-31
601999,2017-12-31,,0.29,,,,,2018-04-21
601999,2018-03-31,,0.03,,,,,2018-04-21
601999,2018-06-30,,0.12,,,,,2018-08-25
601999,2018-09-30,,0.22,,,,,2018-10-27
603000,2015-06-30,24.12795346,0.05,482.5590692,0.1242521859180856,0.8757478140819144,,2015-08-27
603000,2015-09-30,15.35701467,0.13,118.13088207692307,0.22109158186864014,0.7789084181313599,,2015-10-31
603000,2015-12-31,21.19137959,0.25,84.76551836,0.3363754889178618,0.6636245110821382,,2016-04-15
603000,2016-03-31,16.57405576,0.04,414.35139399999997,0.27127409496944055,0.7287259050305595,,2016-04-29
603000,2016-06-30,15.43133779,0.03,514.3779263333333,0.09978308026030369,0.9002169197396963,,2016-08-30
603000,2016-09-30,17.57345915,0.07,251.04941642857142,0.11857379767827529,0.8814262023217247,,2016-10-28
603000,2016-12-31,,0.1,,,,,2017-04-20
603000,2017-03-31,15.50379977,-0.04,,,,,2017-04-28
603000,2017-06-30,12.27811443,-0.03,,,,,2017-08-31
603000,2017-09-30,,0.01,,,,,2017-10-31
603000,2017-12-31,,0.08,,,,,2018-04-17
603000,2018-03-31,,-0.05,,,,,2018-04-28
603000,2018-06-30,,-0.02,,,,,2018-08-29
603000,2018-09-30,,0.06,,,,,2018-10-27
603009,2015-06-30,14.1145818,0.2104,67.08451425855513,0.6392084675563737,0.3607915324436263,,2015-08-19
603009,2015-09-30,9.93574632,0.294,33.79505551020408,0.6262719703977798,0.3737280296022202,,2015-10-27
603009,2015-12-31,14.88446808,0.43,34.615042046511626,0.6540634506736202,0.34593654932637985,,2016-04-27
603009,2016-03-31,12.3143502,0.1388,88.72010230547549,0.7259050305594734,0.2740949694405266,,2016-04-27
603009,2016-06-30,16.29401112,0.2341,69.60278137548056,0.5917570498915401,0.4082429501084599,,2016-08-10
603009,2016-09-30,15.97411959,0.326,49.0003668404908,0.5630182421227198,0.4369817578772802,,2016-10-28
603009,2016-12-31,,0.46,,,,,2017-01-14
603009,2017-03-31,18.87080103,0.1471,128.2855270564242,0.5879794385132463,0.4120205614867537,,2017-04-28
603009,2017-06-30,15.99723141,0.1006,159.01820487077535,0.20338372930165588,0.7966162706983442,,2017-08-18
603009,2017-09-30,,0.229,,,,,2017-10-31
603009,2017-12-31,,0.22,,,,,2018-04-28
603009,2018-03-31,,0.0708,,,,,2018-04-28
603009,2018-06-30,,0.124,,,,,2018-08-21
603009,2018-09-30,,0.147,,,,,2018-10-26
603011,2015-06-30,12.9775457,0.03,432.58485666666667,0.13897837091578463,0.8610216290842154,,2015-08-26
603011,2015-09-30,8.90682114,0.05,178.1364228,0.14754856614246067,0.8524514338575393,,2015-10-28
603011,2015-12-31,12.13566339,0.08,151.695792375,0.1933941764450239,0.8066058235549761,,2016-03-30
603011,2016-03-31,9.80133003,0.03,326.71100100000007,0.3211095439586272,0.6788904560413729,,2016-04-30
603011,2016-06-30,11.11159916,0.06,185.19331933333336,0.2685466377440347,0.7314533622559654,,2016-08-26
603011,2016-09-30,12.9763485,0.1,129.763485,0.24087893864013268,0.7591210613598673,,2016-10-18
603011,2016-12-31,,0.13,,,,,2017-03-30
603011,2017-03-31,11.02509017,0.02,551.2545085,0.17516805061289048,0.8248319493871095,,2017-04-28
603011,2017-06-30,10.5448434,0.06,175.74739,0.17998560115190784,0.8200143988480921,,2017-08-25
603011,2017-09-30,,0.08,,,,,2017-10-31
603011,2017-12-31,,0.09,,,,,2018-04-25
603011,2018-03-31,,0.03,,,,,2018-04-28
603011,2018-06-30,,0.06,,,,,2018-08-23
603011,2018-09-30,,0.09,,,,,2018-10-30
603012,2015-06-30,12.98644381,0.28,46.38015646428571,0.7579383341003222,0.2420616658996778,,2015-08-24
603012,2015-09-30,7.85870777,0.17,46.22769276470588,0.5055504162812211,0.4944495837187789,,2015-10-30
603012,2015-12-31,11.5659773,0.21,55.076082380952386,0.48717948717948717,0.5128205128205128,,2016-04-19
603012,2016-03-31,8.37763755,0.04,209.44093875,0.44945933239304187,0.5505406676069582,,2016-04-28
603012,2016-06-30,11.8312062,0.11,107.55642,0.424295010845987,0.575704989154013,,2016-08-30
603012,2016-09-30,10.226676,0.13,78.66673846153846,0.3855721393034826,0.6144278606965174,,2016-10-28
603012,2016-12-31,,0.15,,,,,2017-04-22
603012,2017-03-31,8.6838585,0.04,217.09646249999997,0.4147884539343614,0.5852115460656386,,2017-04-27
603012,2017-06-30,7.29946112,0.12,60.82884266666667,0.5550755939524838,0.44492440604751615,,2017-08-29
603012,2017-09-30,,0.16,,,,,2017-10-25
603012,2017-12-31,,0.23,,,,,2018-04-26
603012,2018-03-31,,0.05,,,,,2018-04-26
603012,2018-06-30,,0.16,,,,,2018-08-28
603012,2018-09-30,,0.26,,,,,2018-10-30
603022,2015-06-30,17.367589,0.31,56.02448064516129,0.6962724344224575,0.30372756557754255,,2015-08-19
603022,2015-09-30,12.60856625,0.32,39.401769531250004,0.574468085106383,0.42553191489361697,,2015-10-30
603022,2015-12-31,19.73003615,0.17,116.05903617647058,0.2503259452411995,0.7496740547588006,,2016-04-11
603022,2016-03-31,19.6883236,0.09,218.75915111111112,0.43676539727315467,0.5632346027268453,,2016-04-30
603022,2016-06-30,19.707148,0.09,218.96831111111112,0.22125813449023862,0.7787418655097613,,2016-08-19
603022,2016-09-30,20.372288,0.15,135.81525333333335,0.22844112769485903,0.771558872305141,,2016-10-28
603022,2016-12-31,,0.15,,,,,2017-04-28
603022,2017-03-31,21.18946,0.03,706.3153333333333,0.13958086200079084,0.8604191379992092,,2017-04-28
603022,2017-06-30,15.887344,0.08,198.5918,0.160187185025198,0.839812814974802,,2017-08-29
603022,2017-09-30,,0.1,,,,,2017-10-28
603022,2017-12-31,,0.13,,,,,2018-04-19
603022,2018-03-31,,0.03,,,,,2018-04-26
603022,2018-06-30,,0.11,,,,,2018-08-24
603022,2018-09-30,,0.16,,,,,2018-10-26
603023,2015-06-30,6.76346496,0.49,13.802989714285715,0.9788311090658076,0.021168890934192386,,2016-08-30
603023,2015-09-30,5.67308578,0.49,11.577726081632653,0.925531914893617,0.07446808510638303,,2015-10-30
603023,2015-12-31,11.13131483,0.72,15.460159486111113,0.8796175575836592,0.12038244241634077,,2016-04-12
603023,2016-03-31,12.09925525,0.21,57.615501190476195,0.84579219558063,0.15420780441937,,2016-04-29
603023,2016-06-30,12.57194574,0.11,114.29041581818183,0.40303687635574836,0.5969631236442516,,2016-08-30
603023,2016-09-30,9.80428998,0.17,57.672293999999994,0.5016583747927031,0.49834162520729686,,2016-10-28
603023,2016-12-31,,0.25,,,,,2017-04-22
603023,2017-03-31,9.35389317,0.03,311.79643899999996,0.3084223013048636,0.6915776986951364,,2017-04-25
603023,2017-06-30,8.293635,0.06,138.22725,0.23470122390208784,0.7652987760979122,,2017-08-25
603023,2017-09-30,,0.09,,,,,2017-10-31
603023,2017-12-31,,0.19,,,,,2018-01-12
603023,2018-03-31,,0.05,,,,,2018-04-26
603023,2018-06-30,,0.09,,,,,2018-07-27
603023,2018-09-30,,0.1,,,,,2018-10-26
603025,2015-06-30,11.73804285,0.25,46.9521714,0.7533364012885412,0.24666359871145882,,2015-08-21
603025,2015-09-30,11.81662389,0.35,33.76178254285715,0.6271970397779834,0.37280296022201664,,2015-10-28
603025,2015-12-31,13.39479311,0.43,31.15068165116279,0.6936114732724902,0.3063885267275098,,2016-04-25
603025,2016-03-31,11.20107241,0.11,101.827931,0.690644099670898,0.309355900329102,,2016-04-25
603025,2016-06-30,11.13295338,0.27,41.23316066666666,0.7622559652928417,0.23774403470715832,,2016-08-02
603025,2016-09-30,10.80463572,0.36,30.012877000000003,0.7458540630182421,0.2541459369817579,,2016-10-25
603025,2016-12-31,,0.53,,,,,2017-01-20
603025,2017-03-31,11.16169116,0.13,85.85916276923076,0.7370502174772637,0.26294978252273626,,2017-04-25
603025,2017-06-30,8.8675488,0.28,31.669817142857138,0.8254139668826493,0.17458603311735066,,2017-08-10
603025,2017-09-30,,0.32,,,,,2017-10-26
603025,2017-12-31,,0.44,,,,,2018-03-28
603025,2018-03-31,,0.11,,,,,2018-04-13
603025,2018-06-30,,0.27,,,,,2018-07-31
603025,2018-09-30,,0.35,,,,,2018-10-30
603026,2015-06-30,21.35598336,0.22,97.07265163636363,0.5149562816382881,0.4850437183617119,,2015-08-20
603026,2015-09-30,17.37954375,0.26,66.84439903846153,0.3788159111933395,0.6211840888066604,,2015-10-29
603026,2015-12-31,39.16190525,0.24,163.17460520833333,0.18035636679704475,0.8196436332029553,,2016-03-15
603026,2016-03-31,30.51384428,0.2,152.5692214,0.5543018335684062,0.44569816643159377,,2016-04-27
603026,2016-06-30,39.04140708,0.5,78.08281416,0.5453362255965293,0.4546637744034707,,2016-08-26
603026,2016-09-30,38.6262966,0.67,57.65118895522388,0.5020729684908789,0.4979270315091211,,2016-10-28
603026,2016-12-31,,0.84,,,,,2017-04-27
603026,2017-03-31,32.04153,0.22,145.6433181818182,0.5476472914195334,0.4523527085804666,,2017-04-27
603026,2017-06-30,26.81532054,0.43,62.36121055813953,0.5428365730741541,0.4571634269258459,,2017-08-18
603026,2017-09-30,,0.66,,,,,2017-10-27
603026,2017-12-31,,0.92,,,,,2018-04-03
603026,2018-03-31,,0.33,,,,,2018-04-27
603026,2018-06-30,,0.65,,,,,2018-08-06
603026,2018-09-30,,0.84,,,,,2018-10-23
603027,2015-06-30,,0.2705,,,,,2016-08-26
603027,2015-09-30,,0.4251,,,,,2016-10-27
603027,2015-12-31,,0.554,,,,,2016-02-17
603027,2016-03-31,3.2570491,0.1952,16.68570235655738,0.9854254818993888,0.014574518100611167,,2016-04-28
603027,2016-06-30,4.16016704,0.3807,10.927678066719203,0.9774403470715836,0.02255965292841644,,2016-08-26
603027,2016-09-30,3.83344,0.5232,7.326911314984709,0.9850746268656716,0.014925373134328401,,2016-10-27
603027,2016-12-31,,0.667,,,,,2017-03-22
603027,2017-03-31,4.0929344,0.234,17.491172649572647,0.9837880585211546,0.016211941478845415,,2017-04-26
603027,2017-06-30,4.38695589,0.2355,18.628262802547773,0.9348452123830093,0.06515478761699067,,2017-08-25
603027,2017-09-30,,0.3268,,,,,2017-10-26
603027,2017-12-31,,0.4495,,,,,2018-01-26
603027,2018-03-31,,0.3373,,,,,2018-04-26
603027,2018-06-30,,0.4156,,,,,2018-08-22
603027,2018-09-30,,0.5336,,,,,2018-10-27
603029,2015-06-30,,0.17,,,,,2016-08-26
603029,2015-09-30,,0.33,,,,,2016-10-26
603029,2015-12-31,,0.57,,,,,2016-04-07
603029,2016-03-31,,0.03,,,,,2016-04-26
603029,2016-06-30,31.95566019,0.11,290.50600172727275,0.16702819956616052,0.8329718004338394,,2016-08-26
603029,2016-09-30,34.6550292,0.21,165.02394857142858,0.1861525704809287,0.8138474295190713,,2016-10-26
603029,2016-12-31,,0.33,,,,,2017-03-31
603029,2017-03-31,31.40433018,0.02,1570.2165089999999,0.051403716884143934,0.9485962831158561,,2017-04-27
603029,2017-06-30,20.8745166,-0.03,,,,,2017-08-25
603029,2017-09-30,,-0.03,,,,,2017-10-27
603029,2017-12-31,,0.12,,,,,2018-03-31
603029,2018-03-31,,0.01,,,,,2018-04-26
603029,2018-06-30,,-0.07,,,,,2018-08-29
603029,2018-09-30,,-0.05,,,,,2018-10-30
603032,2015-09-30,,0.35,,,,,2016-12-15
603032,2015-12-31,,0.43,,,,,2016-12-15
603032,2016-03-31,,0.0516,,,,,2017-04-29
603032,2016-06-30,,0.34,,,,,2016-12-15
603032,2016-09-30,,0.42,,,,,2016-12-15
603032,2016-12-31,,0.51,,,,,2017-04-26
603032,2017-03-31,20.24364501,0.0248,816.276008467742,0.11941478845393436,0.8805852115460656,,2017-04-29
603032,2017-06-30,26.3690067,0.09,292.98896333333334,0.10907127429805616,0.8909287257019438,,2017-08-10
603032,2017-09-30,,0.16,,,,,2017-10-31
603032,2017-12-31,,0.2,,,,,2018-04-02
603032,2018-03-31,,0.0012,,,,,2018-04-28
603032,2018-06-30,,0.01,,,,,2018-08-10
603032,2018-09-30,,0.03,,,,,2018-10-25
603038,2015-09-30,,1.0,,,,,2016-12-30
603038,2015-12-31,,1.4,,,,,2016-12-30
603038,2016-03-31,,0.17,,,,,2017-04-21
603038,2016-06-30,,0.82,,,,,2016-11-08
603038,2016-09-30,,1.47,,,,,2016-12-30
603038,2016-12-31,,1.98,,,,,2017-04-21
603038,2017-03-31,16.05831591,0.125,128.46652728,0.5871886120996441,0.4128113879003559,,2017-04-21
603038,2017-06-30,12.418224,0.46,26.99613913043478,0.8678905687544997,0.13210943124550034,,2017-08-22
603038,2017-09-30,,0.79,,,,,2017-10-31
603038,2017-12-31,,0.99,,,,,2018-03-27
603038,2018-03-31,,0.09,,,,,2018-04-26
603038,2018-06-30,,0.28,,,,,2018-08-21
603038,2018-09-30,,0.44,,,,,2018-10-26
603050,2015-12-31,,0.57,,,,,2017-03-02
603050,2016-03-31,,0.038,,,,,2017-04-28
603050,2016-06-30,,0.1,,,,,2017-08-26
603050,2016-09-30,,0.19,,,,,2017-10-28
603050,2016-12-31,,0.53,,,,,2017-03-02
603050,2017-03-31,,0.037,,,,,2017-04-28
603050,2017-06-30,11.50952424,0.14,82.21088742857141,0.4110871130309575,0.5889128869690425,,2017-08-26
603050,2017-09-30,,0.2,,,,,2017-10-28
603050,2017-12-31,,0.49,,,,,2018-04-24
603050,2018-03-31,,0.032,,,,,2018-04-24
603050,2018-06-30,,0.15,,,,,2018-08-28
603050,2018-09-30,,0.26,,,,,2018-10-20
603053,2015-12-31,,0.61,,,,,2018-06-22
603053,2016-12-31,,0.55,,,,,2018-06-22
603053,2017-12-31,,0.59,,,,,2018-06-22
603053,2018-06-30,,0.39,,,,,2019-01-11
603053,2018-09-30,,,,,,,2019-11-25
603055,2015-06-30,,0.07,,,,,2015-12-04
603055,2015-12-31,,0.09,,,,,2017-06-09
603055,2016-09-30,,0.29,,,,,2017-10-30
603055,2016-12-31,,0.47,,,,,2017-06-09
603055,2017-03-31,,0.15,,,,,2018-04-24
603055,2017-06-30,,0.42,,,,,2017-09-01
603055,2017-09-30,,0.57,,,,,2017-10-30
603055,2017-12-31,,0.74,,,,,2018-04-16
603055,2018-03-31,,0.14,,,,,2018-04-24
603055,2018-06-30,,0.31,,,,,2018-08-21
603055,2018-09-30,,0.44,,,,,2018-10-23
603068,2015-12-31,,,,,,,2017-10-13
603068,2016-12-31,,,,,,,2017-10-13
603068,2017-03-31,,0.08,,,,,2017-10-13
603068,2017-12-31,,0.84,,,,,2018-05-18
603068,2018-03-31,,0.15,,,,,2019-04-30
603068,2018-06-30,,0.51,,,,,2019-08-28
603068,2018-09-30,,0.7,,,,,2019-10-29
603083,2015-12-31,,1.79,,,,,2016-06-03
603083,2016-09-30,,0.54,,,,,2017-11-09
603083,2016-12-31,,0.9,,,,,2017-08-25
603083,2017-03-31,,-0.17,,,,,2018-04-23
603083,2017-06-30,,0.57,,,,,2017-08-25
603083,2017-09-30,,0.58,,,,,2017-11-09
603083,2017-12-31,,0.62,,,,,2018-04-23
603083,2018-03-31,,-0.42,,,,,2018-04-23
603083,2018-06-30,,0.04,,,,,2018-08-25
603083,2018-09-30,,0.34,,,,,2018-10-30
603090,2015-09-30,,0.38,,,,,2016-10-24
603090,2015-12-31,,0.491,,,,,2016-08-08
603090,2016-03-31,,0.11,,,,,2017-04-27
603090,2016-06-30,,0.25,,,,,2016-08-08
603090,2016-09-30,41.46463347,0.37,112.06657694594595,0.2765339966832504,0.7234660033167496,,2016-10-24
603090,2016-12-31,,0.478,,,,,2017-03-16
603090,2017-03-31,36.66996827,0.066,555.6055798484848,0.17319098457888493,0.8268090154211151,,2017-04-27
603090,2017-06-30,26.44519176,0.158,167.37463139240506,0.19150467962562995,0.8084953203743701,,2017-08-29
603090,2017-09-30,,0.22,,,,,2017-10-24
603090,2017-12-31,,0.25,,,,,2018-04-26
603090,2018-03-31,,0.04,,,,,2018-04-26
603090,2018-06-30,,0.15,,,,,2018-08-30
603090,2018-09-30,,0.25,,,,,2018-10-24
603099,2015-06-30,19.53446347,-0.01,,,,,2015-08-10
603099,2015-09-30,18.19794589,0.43,42.32080439534884,0.5434782608695652,0.4565217391304348,,2015-10-28
603099,2015-12-31,22.7595385,0.38,59.89352236842105,0.45154280747501085,0.5484571925249891,,2016-03-29
603099,2016-03-31,20.59980357,-0.04,,,,,2016-04-26
603099,2016-06-30,17.4511458,-0.02,,,,,2016-08-12
603099,2016-09-30,17.977311,0.34,52.87444411764706,0.533167495854063,0.466832504145937,,2016-10-26
603099,2016-12-31,,0.27,,,,,2017-03-29
603099,2017-03-31,17.53884,-0.11,,,,,2017-04-27
603099,2017-06-30,14.9372454,-0.14,,,,,2017-08-25
603099,2017-09-30,,0.27,,,,,2017-10-26
603099,2017-12-31,,0.27,,,,,2018-04-19
603099,2018-03-31,,-0.12,,,,,2018-04-26
603099,2018-06-30,,-0.16,,,,,2018-08-24
603099,2018-09-30,,0.29,,,,,2018-10-26
603101,2015-06-30,,0.2632,,,,,2016-08-05
603101,2015-09-30,,0.3679,,,,,2016-10-27
603101,2015-12-31,,0.5775,,,,,2016-04-15
603101,2016-03-31,,0.1179,,,,,2016-05-05
603101,2016-06-30,13.88997708,0.2012,69.03567137176938,0.5952277657266811,0.4047722342733189,,2016-08-05
603101,2016-09-30,11.179056,0.2929,38.16680095595766,0.6666666666666666,0.33333333333333337,,2016-10-27
603101,2016-12-31,,0.4391,,,,,2017-04-08
603101,2017-03-31,10.12528907,0.1375,73.63846596363635,0.7844998022933966,0.21550019770660345,,2017-04-29
603101,2017-06-30,7.7737634,0.2687,28.931013770003723,0.8462922966162707,0.1537077033837293,,2017-08-10
603101,2017-09-30,,0.3921,,,,,2017-10-26
603101,2017-12-31,,0.4256,,,,,2018-04-27
603101,2018-03-31,,0.1858,,,,,2018-04-28
603101,2018-06-30,,0.3336,,,,,2018-07-31
603101,2018-09-30,,0.3998,,,,,2018-10-31
603103,2015-12-31,,0.86,,,,,2016-06-24
603103,2016-09-30,,0.83,,,,,2017-10-11
603103,2016-12-31,,0.89,,,,,2017-09-13
603103,2017-03-31,,0.29,,,,,2018-04-17
603103,2017-06-30,,0.5,,,,,2017-08-14
603103,2017-09-30,,0.76,,,,,2017-10-11
603103,2017-12-31,,0.8,,,,,2018-03-09
603103,2018-03-31,,0.42,,,,,2018-04-17
603103,2018-06-30,,0.36,,,,,2018-08-29
603103,2018-09-30,,0.51,,,,,2018-10-31
603105,2015-06-30,,0.26,,,,,2016-08-25
603105,2015-12-31,,0.61,,,,,2016-03-01
603105,2016-06-30,,0.08,,,,,2016-08-25
603105,2016-12-31,,0.2,,,,,2017-02-16
603105,2017-03-31,,-0.03,,,,,2018-04-24
603105,2017-06-30,,0.08,,,,,2017-08-04
603105,2017-09-30,,0.13,,,,,2018-10-29
603105,2017-12-31,,0.28,,,,,2018-02-12
603105,2018-03-31,,0.03,,,,,2018-04-24
603105,2018-06-30,,0.13,,,,,2018-08-16
603105,2018-09-30,,0.17,,,,,2018-10-29
603110,2015-06-30,,0.39,,,,,2015-12-18
603110,2015-12-31,,0.83,,,,,2017-05-05
603110,2016-09-30,,0.53,,,,,2017-10-31
603110,2016-12-31,,0.79,,,,,2017-05-05
603110,2017-03-31,,0.1,,,,,2018-04-27
603110,2017-06-30,,0.2,,,,,2017-09-18
603110,2017-09-30,,0.41,,,,,2017-10-31
603110,2017-12-31,,0.48,,,,,2018-04-26
603110,2018-03-31,,0.06,,,,,2018-04-27
603110,2018-06-30,,0.12,,,,,2018-08-29
603110,2018-09-30,,0.2,,,,,2018-10-30
603118,2015-06-30,17.74708149,0.5,35.49416298,0.835250805338242,0.16474919466175797,,2015-08-28
603118,2015-09-30,12.35140569,0.65,19.0021626,0.8256244218316374,0.17437557816836258,,2015-10-27
603118,2015-12-31,18.39612655,0.88,20.90468926136364,0.8109517601043025,0.18904823989569752,,2016-03-31
603118,2016-03-31,13.1372976,0.3,43.790992,0.9026798307475318,0.09732016925246822,,2016-04-30
603118,2016-06-30,16.01411916,0.27,59.31155244444444,0.6507592190889371,0.3492407809110629,,2016-08-16
603118,2016-09-30,15.29783268,0.38,40.257454421052635,0.6442786069651741,0.35572139303482586,,2016-10-28
603118,2016-12-31,,0.48,,,,,2017-03-27
603118,2017-03-31,14.43592752,0.13,111.0455963076923,0.6429418742586003,0.3570581257413997,,2017-04-26
603118,2017-06-30,11.91932596,0.18,66.21847755555555,0.5165586753059755,0.48344132469402445,,2017-08-16
603118,2017-09-30,,0.18,,,,,2017-10-30
603118,2017-12-31,,0.13,,,,,2018-04-25
603118,2018-03-31,,0.0013,,,,,2018-04-27
603118,2018-06-30,,0.07,,,,,2018-08-27
603118,2018-09-30,,0.15,,,,,2018-10-29
603127,2015-12-31,,0.8,,,,,2017-08-07
603127,2016-09-30,,0.2,,,,,2017-10-25
603127,2016-12-31,,0.84,,,,,2017-06-02
603127,2017-03-31,,-0.11,,,,,2018-04-28
603127,2017-06-30,,0.14,,,,,2017-08-07
603127,2017-09-30,,0.39,,,,,2017-10-25
603127,2017-12-31,,0.8,,,,,2018-02-28
603127,2018-03-31,,0.08,,,,,2018-04-28
603127,2018-06-30,,0.14,,,,,2018-08-30
603127,2018-09-30,,0.5,,,,,2018-10-30
603129,2015-12-31,,0.71,,,,,2016-04-22
603129,2016-03-31,,0.16,,,,,2017-07-31
603129,2016-06-30,,0.4,,,,,2017-08-17
603129,2016-09-30,,0.62,,,,,2017-10-27
603129,2016-12-31,,0.88,,,,,2017-05-25
603129,2017-03-31,,0.3,,,,,2017-07-31
603129,2017-06-30,,0.61,,,,,2017-08-17
603129,2017-09-30,,0.79,,,,,2017-10-27
603129,2017-12-31,,0.88,,,,,2018-04-24
603129,2018-03-31,,0.12,,,,,2018-04-27
603129,2018-06-30,,0.53,,,,,2018-08-24
603129,2018-09-30,,0.72,,,,,2018-10-25
603160,2015-06-30,,0.3616,,,,,2016-09-20
603160,2015-09-30,,0.56,,,,,2016-10-28
603160,2015-12-31,,0.95,,,,,2016-09-20
603160,2016-03-31,,0.1753,,,,,2016-09-20
603160,2016-06-30,,0.7601,,,,,2016-09-20
603160,2016-09-30,,1.51,,,,,2016-10-28
603160,2016-12-31,,2.1,,,,,2017-04-08
603160,2017-03-31,90.78095424,0.39,232.77167753846152,0.3969948596283116,0.6030051403716884,,2017-04-29
603160,2017-06-30,96.4296236,1.08,89.28668851851852,0.37976961843052554,0.6202303815694745,,2017-08-28
603160,2017-09-30,,1.71,,,,,2017-10-23
603160,2017-12-31,,1.95,,,,,2018-04-27
603160,2018-03-31,,0.04,,,,,2018-04-27
603160,2018-06-30,,0.25,,,,,2018-08-25
603160,2018-09-30,,0.7,,,,,2018-10-31
603161,2015-06-30,,0.49,,,,,2015-08-31
603161,2015-12-31,,0.87,,,,,2016-04-27
603161,2016-06-30,,0.55,,,,,2016-08-26
603161,2016-09-30,,0.75,,,,,2017-11-27
603161,2016-12-31,,1.0,,,,,2017-03-07
603161,2017-03-31,,0.29,,,,,2018-04-27
603161,2017-06-30,,0.57,,,,,2017-08-30
603161,2017-09-30,,0.78,,,,,2017-11-27
603161,2017-12-31,,1.07,,,,,2018-04-10
603161,2018-03-31,,0.21,,,,,2018-04-27
603161,2018-06-30,,0.38,,,,,2018-08-29
603161,2018-09-30,,0.56,,,,,2018-10-30
603165,2015-12-31,,0.81,,,,,2016-12-26
603165,2016-03-31,,0.3,,,,,2017-04-25
603165,2016-06-30,,0.55,,,,,2016-10-14
603165,2016-09-30,,0.76,,,,,2017-10-28
603165,2016-12-31,,1.35,,,,,2017-03-28
603165,2017-03-31,14.1654591,0.83,17.066818192771084,0.9849742981415579,0.015025701858442098,,2017-04-25
603165,2017-06-30,22.87276915,1.08,21.178489953703703,0.9139668826493881,0.08603311735061192,,2017-08-25
603165,2017-09-30,,1.63,,,,,2017-10-28
603165,2017-12-31,,2.3,,,,,2018-04-20
603165,2018-03-31,,0.34,,,,,2018-04-27
603165,2018-06-30,,0.68,,,,,2018-08-31
603165,2018-09-30,,0.78,,,,,2018-10-27
603177,2015-12-31,,0.22,,,,,2016-11-16
603177,2016-03-31,,-0.06,,,,,2017-04-26
603177,2016-06-30,,0.14,,,,,2016-11-16
603177,2016-09-30,,0.21,,,,,2017-01-10
603177,2016-12-31,,0.35,,,,,2017-04-22
603177,2017-03-31,28.35519873,-0.04,,,,,2017-04-26
603177,2017-06-30,18.74610086,0.06,312.4350143333333,0.10007199424046076,0.8999280057595392,,2017-08-15
603177,2017-09-30,,0.12,,,,,2017-10-28
603177,2017-12-31,,0.19,,,,,2018-04-28
603177,2018-03-31,,-0.04,,,,,2018-04-28
603177,2018-06-30,,-0.02,,,,,2018-08-31
603177,2018-09-30,,0.01,,,,,2018-10-27
603180,2015-12-31,,0.95,,,,,2017-01-20
603180,2016-03-31,,0.09,,,,,2017-05-11
603180,2016-06-30,,0.44,,,,,2017-01-20
603180,2016-09-30,,0.8,,,,,2017-10-26
603180,2016-12-31,,1.92,,,,,2017-04-27
603180,2017-03-31,,0.2,,,,,2017-05-11
603180,2017-06-30,28.1687794,0.88,32.00997659090909,0.8210943124550036,0.17890568754499636,,2017-08-10
603180,2017-09-30,,1.57,,,,,2017-10-26
603180,2017-12-31,,2.78,,,,,2018-03-28
603180,2018-03-31,,0.28,,,,,2018-04-26
603180,2018-06-30,,0.91,,,,,2018-08-22
603180,2018-09-30,,1.78,,,,,2018-10-26
603185,2015-12-31,,0.12,,,,,2017-07-14
603185,2016-12-31,,0.542,,,,,2017-07-14
603185,2017-09-30,,0.96,,,,,2018-12-27
603185,2017-12-31,,2.004,,,,,2018-04-09
603185,2018-03-31,,0.64,,,,,2019-04-30
603185,2018-06-30,,0.956,,,,,2018-12-10
603185,2018-09-30,,1.3085,,,,,2018-12-27
603186,2015-12-31,,0.42,,,,,2016-12-14
603186,2016-03-31,,0.27,,,,,2017-04-27
603186,2016-06-30,,0.43,,,,,2016-12-14
603186,2016-09-30,,0.7,,,,,2017-10-26
603186,2016-12-31,,0.87,,,,,2017-03-28
603186,2017-03-31,39.7371453,0.32,124.1785790625,0.5994464215104784,0.40055357848952156,,2017-04-27
603186,2017-06-30,40.44386801,0.4,101.109670025,0.3362131029517639,0.6637868970482361,,2017-08-25
603186,2017-09-30,,0.54,,,,,2017-10-26
603186,2017-12-31,,0.72,,,,,2018-03-30
603186,2018-03-31,,0.09,,,,,2018-04-26
603186,2018-06-30,,0.24,,,,,2018-08-15
603186,2018-09-30,,0.44,,,,,2018-10-25
603197,2015-12-31,,0.7745,,,,,2017-04-07
603197,2016-03-31,,0.3939,,,,,2017-05-18
603197,2016-06-30,,0.7847,,,,,2017-08-29
603197,2016-09-30,,1.1918,,,,,2017-10-27
603197,2016-12-31,,1.5071,,,,,2017-04-07
603197,2017-03-31,,0.51,,,,,2017-05-18
603197,2017-06-30,33.56489415,0.726,46.232636570247934,0.6796256299496041,0.32037437005039593,,2017-08-29
603197,2017-09-30,,1.0241,,,,,2017-10-27
603197,2017-12-31,,1.184,,,,,2018-04-26
603197,2018-03-31,,0.4207,,,,,2018-04-26
603197,2018-06-30,,0.5194,,,,,2018-08-30
603197,2018-09-30,,0.7453,,,,,2018-10-31
603220,2015-12-31,,0.2978,,,,,2017-06-30
603220,2016-12-31,,0.415,,,,,2017-06-30
603220,2017-06-30,,-0.0257,,,,,2018-01-23
603220,2017-09-30,,0.0355,,,,,2018-11-14
603220,2017-12-31,,0.46,,,,,2018-10-29
603220,2018-03-31,,-0.03,,,,,2019-04-29
603220,2018-06-30,,0.1377,,,,,2018-10-29
603220,2018-09-30,,0.2835,,,,,2018-11-14
603225,2015-06-30,,0.56,,,,,2015-07-30
603225,2015-09-30,,0.63,,,,,2015-12-03
603225,2015-12-31,,0.58,,,,,2016-04-27
603225,2016-03-31,,0.15,,,,,2017-04-25
603225,2016-06-30,,0.25,,,,,2016-08-26
603225,2016-09-30,,0.64,,,,,2016-10-31
603225,2016-12-31,,1.39,,,,,2017-03-09
603225,2017-03-31,,0.43,,,,,2017-04-25
603225,2017-06-30,16.69189626,0.83,20.11071838554217,0.9222462203023758,0.0777537796976242,,2017-08-08
603225,2017-09-30,,1.33,,,,,2017-10-28
603225,2017-12-31,,2.03,,,,,2018-02-12
603225,2018-03-31,,0.22,,,,,2018-04-27
603225,2018-06-30,,0.69,,,,,2018-08-15
603225,2018-09-30,,1.23,,,,,2018-10-30
603227,2015-06-30,9.93174918,0.261,38.052678850574715,0.8223653934652554,0.1776346065347446,,2015-08-26
603227,2015-09-30,9.85827671,0.341,28.909902375366567,0.6882516188714154,0.3117483811285846,,2015-10-26
603227,2015-12-31,14.58212434,0.321,45.42717862928349,0.549760973489787,0.45023902651021297,,2016-04-26
603227,2016-03-31,9.05872336,-0.012,,,,,2016-04-26
603227,2016-06-30,8.2980672,0.032,259.3146,0.1891540130151844,0.8108459869848156,,2016-08-26
603227,2016-09-30,7.69761972,0.002,3848.80986,0.007462686567164179,0.9925373134328358,,2016-10-28
603227,2016-12-31,,-0.053,,,,,2017-04-26
603227,2017-03-31,9.58275108,-0.038,,,,,2017-04-26
603227,2017-06-30,5.85612566,-0.004,,,,,2017-08-23
603227,2017-09-30,,0.044,,,,,2017-10-20
603227,2017-12-31,,0.028,,,,,2018-04-20
603227,2018-03-31,,-0.028,,,,,2018-04-20
603227,2018-06-30,,0.005,,,,,2018-08-16
603227,2018-09-30,,0.065,,,,,2018-10-22
603233,2015-06-30,,0.67,,,,,2015-12-04
603233,2015-12-31,,1.23,,,,,2017-04-13
603233,2016-06-30,,0.6,,,,,2017-08-29
603233,2016-09-30,,0.91,,,,,2017-10-27
603233,2016-12-31,,1.19,,,,,2017-04-13
603233,2017-03-31,,0.33,,,,,2017-07-11
603233,2017-06-30,,0.69,,,,,2017-08-29
603233,2017-09-30,,0.99,,,,,2017-10-27
603233,2017-12-31,,1.26,,,,,2018-04-27
603233,2018-03-31,,0.37,,,,,2018-04-27
603233,2018-06-30,,0.55,,,,,2018-08-29
603233,2018-09-30,,1.03,,,,,2018-10-30
603236,2015-06-30,,1.24,,,,,2016-08-18
603236,2015-12-31,,0.53,,,,,2016-04-05
603236,2016-06-30,,2.0,,,,,2016-08-18
603236,2016-12-31,,0.41,,,,,2017-12-29
603236,2017-06-30,,0.73,,,,,2017-12-29
603236,2017-12-31,,1.3,,,,,2018-07-13
603236,2018-03-31,,,,,,,2019-06-26
603236,2018-06-30,,0.94,,,,,2019-08-29
603236,2018-09-30,,1.65,,,,,2019-10-31
603256,2015-12-31,,0.11,,,,,2018-11-26
603256,2016-12-31,,0.11,,,,,2017-06-09
603256,2017-12-31,,0.21,,,,,2018-11-26
603256,2018-03-31,,0.05,,,,,2019-06-10
603256,2018-06-30,,0.1,,,,,2018-11-26
603256,2018-09-30,,0.17,,,,,2019-10-30
603267,2015-12-31,,,,,,,2017-06-09
603267,2016-12-31,,0.98,,,,,2017-06-09
603267,2017-06-30,,0.74,,,,,2018-01-23
603267,2017-12-31,,0.98,,,,,2019-04-22
603267,2018-03-31,,0.42,,,,,2019-05-14
603267,2018-06-30,,1.03,,,,,2019-08-27
603267,2018-09-30,,1.57,,,,,2019-10-30
603268,2015-06-30,30.12085078,0.25,120.48340312,0.4335020708697653,0.5664979291302348,,2015-08-19
603268,2015-09-30,28.43419558,0.35,81.2405588,0.318686401480111,0.681313598519889,,2015-10-28
603268,2015-12-31,48.26644964,0.45,107.25877697777777,0.27075184702303345,0.7292481529769665,,2016-03-17
603268,2016-03-31,30.25437765,0.1,302.5437765,0.34085566525622946,0.6591443347437705,,2016-04-27
603268,2016-06-30,28.12054278,0.18,156.2252376666667,0.30585683297180044,0.6941431670281996,,2016-08-26
603268,2016-09-30,32.97984018,0.3,109.9328006,0.2802653399668325,0.7197346600331676,,2016-10-27
603268,2016-12-31,,0.44,,,,,2017-03-22
603268,2017-03-31,34.62073336,0.08,432.75916700000005,0.2166864373270067,0.7833135626729932,,2017-04-27
603268,2017-06-30,22.84035138,0.16,142.752196125,0.22966162706983442,0.7703383729301656,,2017-08-29
603268,2017-09-30,,0.36,,,,,2017-10-27
603268,2017-12-31,,0.37,,,,,2018-04-12
603268,2018-03-31,,0.13,,,,,2018-04-27
603268,2018-06-30,,0.17,,,,,2018-08-28
603268,2018-09-30,,0.29,,,,,2018-10-30
603286,2015-06-30,,0.28,,,,,2015-12-25
603286,2015-12-31,,0.45,,,,,2017-04-20
603286,2016-03-31,,,,,,,2017-05-15
603286,2016-06-30,,0.23,,,,,2017-08-19
603286,2016-09-30,,0.3,,,,,2017-10-27
603286,2016-12-31,,0.47,,,,,2017-04-20
603286,2017-03-31,,0.11,,,,,2017-05-15
603286,2017-06-30,14.9001952,0.25,59.6007808,0.564434845212383,0.43556515478761704,,2017-08-19
603286,2017-09-30,,0.28,,,,,2017-10-27
603286,2017-12-31,,0.44,,,,,2018-04-27
603286,2018-03-31,,0.08,,,,,2018-04-27
603286,2018-06-30,,0.14,,,,,2018-08-29
603286,2018-09-30,,0.17,,,,,2018-10-30
603288,2015-06-30,13.04547778,0.49,26.623424040816328,0.8996778647031753,0.10032213529682465,,2016-08-15
603288,2015-09-30,12.81266869,0.68,18.842159838235293,0.8283996299722479,0.17160037002775208,,2015-10-22
603288,2015-12-31,14.43824795,0.93,15.524997795698923,0.877444589308996,0.12255541069100395,,2016-03-10
603288,2016-03-31,12.5390159,0.3,41.79671966666667,0.9106723084156089,0.08932769158439113,,2016-04-29
603288,2016-06-30,12.6595328,0.55,23.01733236363636,0.9019522776572668,0.09804772234273318,,2016-08-16
603288,2016-09-30,12.64287552,0.76,16.63536252631579,0.9025704809286899,0.09742951907131014,,2016-10-28
603288,2016-12-31,,1.05,,,,,2017-03-23
603288,2017-03-31,14.49599792,0.36,40.26666088888889,0.9177540529853697,0.08224594701463028,,2017-04-26
603288,2017-06-30,17.30695044,0.68,25.451397705882354,0.880849532037437,0.11915046796256301,,2017-08-15
603288,2017-09-30,,0.94,,,,,2017-10-27
603288,2017-12-31,,1.31,,,,,2018-03-23
603288,2018-03-31,,0.45,,,,,2018-04-26
603288,2018-06-30,,0.83,,,,,2018-08-15
603288,2018-09-30,,1.16,,,,,2018-10-30
603313,2015-09-30,,0.69,,,,,2016-10-29
603313,2015-12-31,,0.91,,,,,2016-09-14
603313,2016-03-31,,0.29,,,,,2017-04-29
603313,2016-06-30,,0.45,,,,,2016-09-14
603313,2016-09-30,,0.79,,,,,2016-10-29
603313,2016-12-31,,1.03,,,,,2017-04-22
603313,2017-03-31,18.63994982,0.28,66.57124935714285,0.8121787267694741,0.1878212732305259,,2017-04-29
603313,2017-06-30,18.2849584,0.47,38.904166808510645,0.7523398128149748,0.24766018718502525,,2017-08-26
603313,2017-09-30,,0.6,,,,,2017-10-19
603313,2017-12-31,,0.65,,,,,2018-03-31
603313,2018-03-31,,0.02,,,,,2018-04-28
603313,2018-06-30,,0.16,,,,,2018-07-26
603313,2018-09-30,,0.46,,,,,2018-10-25
603317,2015-12-31,,0.3882,,,,,2018-05-25
603317,2016-12-31,,0.5544,,,,,2018-05-25
603317,2017-12-31,,0.4994,,,,,2018-05-25
603317,2018-03-31,,0.14,,,,,2019-04-30
603317,2018-06-30,,0.2,,,,,2018-10-12
603317,2018-09-30,,0.44,,,,,2019-10-29
603318,2015-06-30,26.64676563,0.03,888.2255210000001,0.06902899217671422,0.9309710078232858,,2015-08-20
603318,2015-09-30,8.95513965,0.04,223.87849125,0.11100832562442182,0.8889916743755781,,2015-10-29
603318,2015-12-31,17.65625559,0.06,294.27092650000003,0.10082572794437202,0.8991742720556279,,2016-04-20
603318,2016-03-31,14.99061438,-0.03,,,,,2016-04-27
603318,2016-06-30,17.26483572,0.003,5754.94524,0.004772234273318872,0.9952277657266811,,2016-08-24
603318,2016-09-30,13.40882864,0.007,1915.5469485714284,0.015754560530679935,0.9842454394693201,,2016-10-25
603318,2016-12-31,,0.06,,,,,2017-04-21
603318,2017-03-31,12.6434403,0.01,1264.34403,0.0660340055357849,0.9339659944642151,,2017-04-29
603318,2017-06-30,10.87045212,0.07,155.2921731428571,0.2087832973362131,0.7912167026637869,,2017-08-18
603318,2017-09-30,,0.14,,,,,2017-10-30
603318,2017-12-31,,0.15,,,,,2018-04-10
603318,2018-03-31,,0.02,,,,,2018-04-28
603318,2018-06-30,,0.07,,,,,2018-08-04
603318,2018-09-30,,0.03,,,,,2018-10-31
603322,2015-06-30,,0.13,,,,,2015-12-17
603322,2015-09-30,,0.31,,,,,2016-10-29
603322,2015-12-31,,0.71,,,,,2016-07-14
603322,2016-03-31,,0.01,,,,,2016-07-14
603322,2016-06-30,,0.16,,,,,2016-08-27
603322,2016-09-30,33.58987728,0.2,167.9493864,0.1799336650082919,0.8200663349917081,,2016-10-29
603322,2016-12-31,,0.44,,,,,2017-03-29
603322,2017-03-31,63.69759888,-0.1,,,,,2017-04-29
603322,2017-06-30,24.4799124,-0.04,,,,,2017-08-26
603322,2017-09-30,,0.12,,,,,2017-10-31
603322,2017-12-31,,0.27,,,,,2018-03-28
603322,2018-03-31,,-0.08,,,,,2018-04-28
603322,2018-06-30,,0.03,,,,,2018-08-17
603322,2018-09-30,,0.11,,,,,2018-10-30
603333,2015-06-30,9.4825339,0.0015,6321.689266666666,0.008283479061205707,0.9917165209387943,,2015-08-28
603333,2015-09-30,6.41667838,0.0249,257.6979269076305,0.09481961147086032,0.9051803885291396,,2015-10-30
603333,2015-12-31,9.45305452,0.01,945.3054520000001,0.02564102564102564,0.9743589743589743,,2016-04-19
603333,2016-03-31,8.66693772,-0.003,,,,,2016-04-30
603333,2016-06-30,7.29123332,-0.034,,,,,2016-08-30
603333,2016-09-30,8.28370578,-0.059,,,,,2016-10-27
603333,2016-12-31,,-0.15,,,,,2017-03-30
603333,2017-03-31,8.5981525,0.007,1228.3075,0.06959272439699486,0.9304072756030052,,2017-04-12
603333,2017-06-30,7.00626598,0.02,350.31329900000003,0.08603311735061195,0.9139668826493881,,2017-07-18
603333,2017-09-30,,0.043,,,,,2017-10-30
603333,2017-12-31,,0.03,,,,,2018-03-20
603333,2018-03-31,,-0.01,,,,,2018-04-28
603333,2018-06-30,,0.05,,,,,2018-07-21
603333,2018-09-30,,0.1,,,,,2018-10-16
603337,2015-09-30,,0.84,,,,,2016-12-29
603337,2015-12-31,,1.1,,,,,2016-12-29
603337,2016-03-31,,0.34,,,,,2017-04-28
603337,2016-06-30,,0.63,,,,,2016-11-16
603337,2016-09-30,,1.03,,,,,2016-12-29
603337,2016-12-31,,1.42,,,,,2017-04-21
603337,2017-03-31,14.1904447,0.39,36.38575564102564,0.9319889284302095,0.06801107156979047,,2017-04-28
603337,2017-06-30,15.7355361,0.48,32.782366875,0.8131749460043196,0.1868250539956804,,2017-08-31
603337,2017-09-30,,0.79,,,,,2017-10-31
603337,2017-12-31,,1.07,,,,,2018-03-31
603337,2018-03-31,,0.38,,,,,2018-04-28
603337,2018-06-30,,0.5,,,,,2018-08-31
603337,2018-09-30,,0.84,,,,,2018-10-19
603338,2015-06-30,18.09380076,0.44,41.122274454545455,0.7975149562816383,0.20248504371836173,,2015-08-05
603338,2015-09-30,11.52352332,0.67,17.199288537313432,0.8501387604070305,0.1498612395929695,,2015-10-23
603338,2015-12-31,17.51667444,0.83,21.10442703614458,0.8074750108648414,0.1925249891351586,,2016-04-09
603338,2016-03-31,12.99063096,0.18,72.17017200000001,0.7889045604137283,0.21109543958627175,,2016-04-30
603338,2016-06-30,15.1463394,0.52,29.12757576923077,0.8542299349240781,0.14577006507592194,,2016-08-02
603338,2016-09-30,15.113484,0.82,18.43107804878049,0.8818407960199005,0.11815920398009949,,2016-10-27
603338,2016-12-31,,1.08,,,,,2017-02-28
603338,2017-03-31,18.39245292,0.41,44.859641268292684,0.9019375247133254,0.09806247528667456,,2017-04-25
603338,2017-06-30,21.73125323,0.66,32.92614125757576,0.8117350611951044,0.1882649388048956,,2017-07-25
603338,2017-09-30,,1.0,,,,,2017-10-27
603338,2017-12-31,,1.24,,,,,2018-04-13
603338,2018-03-31,,0.28,,,,,2018-04-28
603338,2018-06-30,,0.59,,,,,2018-08-22
603338,2018-09-30,,1.14,,,,,2018-10-30
603345,2015-09-30,,0.52,,,,,2017-01-24
603345,2015-12-31,,0.79,,,,,2017-01-24
603345,2016-03-31,,0.29,,,,,2017-04-26
603345,2016-06-30,,0.63,,,,,2017-01-24
603345,2016-09-30,,0.79,,,,,2017-01-24
603345,2016-12-31,,1.09,,,,,2017-04-20
603345,2017-03-31,38.26980765,0.25,153.0792306,0.5310399367338869,0.46896006326611306,,2017-04-26
603345,2017-06-30,22.1807104,0.52,42.6552123076923,0.714902807775378,0.28509719222462204,,2017-08-11
603345,2017-09-30,,0.68,,,,,2017-10-26
603345,2017-12-31,,0.98,,,,,2018-03-20
603345,2018-03-31,,0.25,,,,,2018-04-24
603345,2018-06-30,,0.66,,,,,2018-08-21
603345,2018-09-30,,0.91,,,,,2018-10-30
603356,2015-12-31,,0.51,,,,,2016-12-02
603356,2016-06-30,,0.38,,,,,2016-12-02
603356,2016-12-31,,0.64,,,,,2017-10-31
603356,2017-03-31,,0.08,,,,,2018-04-26
603356,2017-06-30,,0.32,,,,,2017-10-31
603356,2017-09-30,,0.49,,,,,2018-10-30
603356,2017-12-31,,0.6,,,,,2018-04-10
603356,2018-03-31,,0.085,,,,,2018-04-26
603356,2018-06-30,,0.24,,,,,2018-08-16
603356,2018-09-30,,0.37,,,,,2018-10-30
603366,2015-06-30,12.7661415,0.08,159.57676874999999,0.3456051541647492,0.6543948458352509,,2015-08-28
603366,2015-09-30,7.66836935,0.17,45.10805499999999,0.5185013876040703,0.4814986123959297,,2015-10-28
603366,2015-12-31,9.205517,0.3368,27.33229513064133,0.7283789656671013,0.27162103433289875,,2016-04-22
603366,2016-03-31,6.93887555,0.06,115.64792583333333,0.6455101081335214,0.3544898918664786,,2016-04-22
603366,2016-06-30,7.4755128,0.17,43.97360470588235,0.7444685466377441,0.2555314533622559,,2016-08-22
603366,2016-09-30,8.97951478,0.28,32.06969564285714,0.7313432835820896,0.26865671641791045,,2016-10-18
603366,2016-12-31,,0.3048,,,,,2017-04-24
603366,2017-03-31,8.12517046,0.021,386.912879047619,0.2443653618030842,0.7556346381969158,,2017-04-29
603366,2017-06-30,6.96845385,0.0951,73.2750141955836,0.46940244780417567,0.5305975521958244,,2017-08-26
603366,2017-09-30,,0.1021,,,,,2017-10-27
603366,2017-12-31,,0.0685,,,,,2018-04-27
603366,2018-03-31,,-0.0212,,,,,2018-04-27
603366,2018-06-30,,-0.0195,,,,,2018-08-24
603366,2018-09-30,,-0.0528,,,,,2018-10-30
603369,2015-06-30,12.34447925,0.3733,33.06852196624698,0.8554993097100783,0.14450069028992174,,2015-08-25
603369,2015-09-30,8.6201675,0.4594,18.763969307792777,0.8293246993524515,0.17067530064754854,,2015-10-27
603369,2015-12-31,11.15962225,0.5462,20.431384566093005,0.8179052585832247,0.18209474141677529,,2016-03-29
603369,2016-03-31,11.1230115,0.2443,45.53013303315596,0.8942172073342737,0.10578279266572632,,2016-04-26
603369,2016-06-30,11.276155,0.4233,26.638684148358138,0.8711496746203905,0.1288503253796095,,2016-08-20
603369,2016-09-30,11.1165075,0.5153,21.572884727343297,0.8428689883913765,0.15713101160862353,,2016-10-27
603369,2016-12-31,,0.6041,,,,,2017-04-01
603369,2017-03-31,11.0828975,0.3079,35.995120168886,0.9343614076710162,0.06563859232898384,,2017-04-26
603369,2017-06-30,11.2630452,0.5188,21.709801850424054,0.9085673146148309,0.09143268538516913,,2017-07-31
603369,2017-09-30,,0.6205,,,,,2017-10-27
603369,2017-12-31,,0.7141,,,,,2018-04-10
603369,2018-03-31,,0.404,,,,,2018-04-10
603369,2018-06-30,,0.6826,,,,,2018-07-31
603369,2018-09-30,,0.8202,,,,,2018-10-31
603383,2015-06-30,,0.37,,,,,2015-11-13
603383,2015-12-31,,1.35,,,,,2017-05-02
603383,2016-03-31,,-0.14,,,,,2017-05-19
603383,2016-06-30,,0.31,,,,,2017-08-29
603383,2016-09-30,,0.2294,,,,,2017-10-30
603383,2016-12-31,,1.12,,,,,2017-05-02
603383,2017-03-31,,0.02,,,,,2018-04-28
603383,2017-06-30,16.30352368,0.2955,55.17266896785111,0.5950323974082073,0.40496760259179265,,2017-08-29
603383,2017-09-30,,0.4196,,,,,2017-10-30
603383,2017-12-31,,1.13,,,,,2018-04-03
603383,2018-03-31,,0.04,,,,,2018-04-28
603383,2018-06-30,,0.3078,,,,,2018-08-28
603383,2018-09-30,,0.4749,,,,,2018-10-30
603386,2015-12-31,,0.41,,,,,2016-05-27
603386,2016-09-30,,0.29,,,,,2017-10-27
603386,2016-12-31,,0.4,,,,,2017-07-07
603386,2017-03-31,,0.07,,,,,2018-04-26
603386,2017-06-30,,0.18,,,,,2017-08-22
603386,2017-09-30,,0.31,,,,,2017-10-27
603386,2017-12-31,,0.4,,,,,2018-04-12
603386,2018-03-31,,0.08,,,,,2018-04-26
603386,2018-06-30,,0.2,,,,,2018-08-29
603386,2018-09-30,,0.31,,,,,2018-10-30
603390,2015-12-31,,0.27,,,,,2017-04-14
603390,2016-06-30,,0.25,,,,,2016-12-23
603390,2016-12-31,,0.43,,,,,2018-06-29
603390,2017-03-31,,0.15,,,,,2018-04-27
603390,2017-06-30,,0.23,,,,,2017-08-29
603390,2017-09-30,,0.35,,,,,2018-10-29
603390,2017-12-31,,0.56,,,,,2018-06-29
603390,2018-03-31,,0.11,,,,,2018-04-27
603390,2018-06-30,,0.21,,,,,2018-08-29
603390,2018-09-30,,0.39,,,,,2018-10-29
603392,2015-12-31,,0.33,,,,,2016-06-24
603392,2016-12-31,,0.41,,,,,2018-11-16
603392,2017-12-31,,0.42,,,,,2018-11-16
603392,2018-06-30,,0.28,,,,,2018-11-16
603393,2015-09-30,,1.06,,,,,2016-10-28
603393,2015-12-31,,1.67,,,,,2016-08-23
603393,2016-03-31,,0.38,,,,,2017-04-21
603393,2016-06-30,,0.66,,,,,2016-08-23
603393,2016-09-30,19.39074336,1.0,19.39074336,0.8685737976782753,0.13142620232172475,,2016-10-28
603393,2016-12-31,,1.56,,,,,2017-04-05
603393,2017-03-31,17.4001392,0.35,49.71468342857143,0.8821668643732701,0.11783313562672992,,2017-04-21
603393,2017-06-30,14.14022994,0.69,20.493086869565218,0.9190064794816415,0.08099352051835851,,2017-08-25
603393,2017-09-30,,0.96,,,,,2017-10-27
603393,2017-12-31,,1.65,,,,,2018-04-13
603393,2018-03-31,,0.46,,,,,2018-04-13
603393,2018-06-30,,0.64,,,,,2018-08-08
603393,2018-09-30,,0.78,,,,,2018-10-30
603399,2015-06-30,17.72989459,-0.19,,,,,2015-08-28
603399,2015-09-30,7.80537274,-0.3,,,,,2015-10-31
603399,2015-12-31,12.10120442,-0.87,,,,,2016-04-16
603399,2016-03-31,9.74233256,-0.1,,,,,2016-04-30
603399,2016-06-30,11.01765759,-0.09,,,,,2016-08-27
603399,2016-09-30,9.14782014,-0.12,,,,,2016-10-29
603399,2016-12-31,,0.06,,,,,2017-04-20
603399,2017-03-31,9.79027711,0.003,3263.4257033333333,0.021747726374060895,0.9782522736259391,,2017-04-29
603399,2017-06-30,12.16832679,0.12,101.40272325000001,0.3354931605471562,0.6645068394528437,,2017-08-31
603399,2017-09-30,,0.18,,,,,2017-10-31
603399,2017-12-31,,0.42,,,,,2018-04-20
603399,2018-03-31,,0.078,,,,,2018-04-28
603399,2018-06-30,,0.42,,,,,2018-08-31
603399,2018-09-30,,0.42,,,,,2018-10-31
603416,2015-12-31,,1.08,,,,,2016-06-30
603416,2016-03-31,,0.24,,,,,2017-04-18
603416,2016-06-30,,0.56,,,,,2016-11-29
603416,2016-09-30,,0.85,,,,,2017-10-26
603416,2016-12-31,,0.95,,,,,2017-04-12
603416,2017-03-31,36.6148431,0.18,203.415795,0.4349545274812179,0.5650454725187821,,2017-04-18
603416,2017-06-30,32.10861627,0.46,69.8013397173913,0.4895608351331893,0.5104391648668107,,2017-07-28
603416,2017-09-30,,0.7,,,,,2017-10-26
603416,2017-12-31,,0.88,,,,,2018-04-18
603416,2018-03-31,,0.19,,,,,2018-04-28
603416,2018-06-30,,0.48,,,,,2018-08-23
603416,2018-09-30,,0.75,,,,,2018-10-26
603456,2015-06-30,12.12110487,0.54,22.4464905,0.9277496548550391,0.07225034514496087,,2015-07-31
603456,2015-09-30,11.29450395,0.81,13.943832037037035,0.8977798334875116,0.10222016651248844,,2015-10-28
603456,2015-12-31,16.89068719,0.45,37.53486042222222,0.6184267709691439,0.3815732290308561,,2016-04-08
603456,2016-03-31,14.04746506,0.09,156.08294511111112,0.5453690644099671,0.45463093559003287,,2016-04-26
603456,2016-06-30,12.33522098,0.09,137.0580108888889,0.3422993492407809,0.6577006507592191,,2016-08-27
603456,2016-09-30,11.26986301,0.19,59.31506847368421,0.49129353233830847,0.5087064676616915,,2016-10-27
603456,2016-12-31,,0.25,,,,,2017-04-21
603456,2017-03-31,8.58974722,0.1,85.8974722,0.7366548042704626,0.2633451957295374,,2017-04-27
603456,2017-06-30,7.91945127,0.09,87.993903,0.3858891288696904,0.6141108711303096,,2017-08-16
603456,2017-09-30,,0.14,,,,,2017-10-26
603456,2017-12-31,,0.19,,,,,2018-02-14
603456,2018-03-31,,0.06,,,,,2018-04-26
603456,2018-06-30,,0.11,,,,,2018-08-21
603456,2018-09-30,,0.12,,,,,2018-10-26
603466,2015-12-31,,0.7,,,,,2016-07-01
603466,2016-09-30,,1.03,,,,,2017-10-19
603466,2016-12-31,,1.04,,,,,2017-08-02
603466,2017-03-31,,0.25,,,,,2018-04-20
603466,2017-06-30,,0.42,,,,,2017-08-28
603466,2017-09-30,,0.69,,,,,2017-10-19
603466,2017-12-31,,0.64,,,,,2018-04-10
603466,2018-03-31,,0.25,,,,,2018-04-20
603466,2018-06-30,,0.44,,,,,2018-08-08
603466,2018-09-30,,0.59,,,,,2018-10-30
603486,2015-12-31,,1.15,,,,,2017-02-10
603486,2016-09-30,,0.37,,,,,2017-02-10
603486,2016-12-31,,0.21,,,,,2017-12-22
603486,2017-03-31,,,,,,,2018-05-08
603486,2017-06-30,,0.45,,,,,2017-12-22
603486,2017-09-30,,0.6,,,,,2018-10-27
603486,2017-12-31,,1.04,,,,,2018-05-08
603486,2018-03-31,,0.26,,,,,2019-04-27
603486,2018-06-30,,0.4,,,,,2018-08-22
603486,2018-09-30,,0.54,,,,,2018-10-27
603501,2015-12-31,,0.31,,,,,2017-03-16
603501,2016-03-31,,0.08,,,,,2017-05-03
603501,2016-06-30,,0.17,,,,,2017-08-24
603501,2016-09-30,,0.28,,,,,2017-10-23
603501,2016-12-31,,0.38,,,,,2018-04-10
603501,2017-03-31,,0.1,,,,,2017-05-03
603501,2017-06-30,14.6288597,0.14,104.49185499999999,0.32253419726421884,0.6774658027357812,,2017-08-24
603501,2017-09-30,,0.24,,,,,2017-10-23
603501,2017-12-31,,0.34,,,,,2018-04-10
603501,2018-03-31,,0.09,,,,,2018-04-28
603501,2018-06-30,,0.34,,,,,2018-07-31
603501,2018-09-30,,0.29,,,,,2018-10-20
603505,2015-12-31,,0.19,,,,,2017-03-16
603505,2016-03-31,,0.03,,,,,2017-05-02
603505,2016-06-30,,0.16,,,,,2017-08-18
603505,2016-09-30,,0.17,,,,,2017-10-28
603505,2016-12-31,,0.28,,,,,2017-03-16
603505,2017-03-31,,0.04,,,,,2017-05-02
603505,2017-06-30,5.40019098,0.17,31.765829294117644,0.8243340532757379,0.17566594672426206,,2017-08-18
603505,2017-09-30,,0.23,,,,,2017-10-28
603505,2017-12-31,,0.35,,,,,2018-04-21
603505,2018-03-31,,0.09,,,,,2018-04-26
603505,2018-06-30,,0.18,,,,,2018-08-10
603505,2018-09-30,,0.3,,,,,2018-10-27
603507,2015-12-31,,0.76,,,,,2016-06-24
603507,2016-09-30,,1.103,,,,,2017-11-03
603507,2016-12-31,,1.535,,,,,2017-07-31
603507,2017-03-31,,0.28,,,,,2018-04-27
603507,2017-06-30,,0.734,,,,,2017-07-31
603507,2017-09-30,,1.118,,,,,2017-11-03
603507,2017-12-31,,1.17,,,,,2018-04-21
603507,2018-03-31,,0.07,,,,,2018-04-27
603507,2018-06-30,,0.305,,,,,2018-08-25
603507,2018-09-30,,0.486,,,,,2018-10-27
603515,2015-09-30,,0.47,,,,,2016-10-25
603515,2015-12-31,,0.84,,,,,2016-07-29
603515,2016-03-31,,0.06,,,,,2017-04-18
603515,2016-06-30,,0.35,,,,,2016-08-18
603515,2016-09-30,22.56693033,0.57,39.59110584210527,0.650497512437811,0.34950248756218905,,2016-10-25
603515,2016-12-31,,0.94,,,,,2017-04-18
603515,2017-03-31,20.14591215,0.09,223.84346833333336,0.40767101621194146,0.5923289837880585,,2017-04-18
603515,2017-06-30,21.29758008,0.45,47.32795573333333,0.6663066954643628,0.33369330453563717,,2017-08-25
603515,2017-09-30,,0.55,,,,,2017-10-26
603515,2017-12-31,,0.9,,,,,2018-04-18
603515,2018-03-31,,0.09,,,,,2018-04-18
603515,2018-06-30,,0.47,,,,,2018-08-23
603515,2018-09-30,,0.76,,,,,2018-10-26
603520,2015-06-30,,0.47,,,,,2016-08-27
603520,2015-09-30,,0.55,,,,,2016-02-18
603520,2015-12-31,,0.77,,,,,2016-04-23
603520,2016-03-31,12.6465654,0.28,45.166304999999994,0.8956276445698167,0.1043723554301833,,2016-04-28
603520,2016-06-30,17.08832814,0.45,37.97406253333334,0.7848156182212581,0.21518438177874188,,2016-08-27
603520,2016-09-30,15.11113955,0.57,26.51077114035088,0.7810945273631841,0.21890547263681592,,2016-10-26
603520,2016-12-31,,0.68,,,,,2017-04-18
603520,2017-03-31,13.00170833,0.23,56.529166652173906,0.8572558323448003,0.1427441676551997,,2017-04-28
603520,2017-06-30,10.22504138,0.45,22.72231417777778,0.9020878329733621,0.09791216702663785,,2017-08-22
603520,2017-09-30,,0.58,,,,,2017-10-27
603520,2017-12-31,,0.69,,,,,2018-03-27
603520,2018-03-31,,0.18,,,,,2018-04-28
603520,2018-06-30,,0.54,,,,,2018-08-28
603520,2018-09-30,,0.7,,,,,2018-10-27
603533,2015-12-31,,0.1,,,,,2016-06-17
603533,2016-06-30,,,,,,,2017-09-06
603533,2016-09-30,,0.13,,,,,2017-10-28
603533,2016-12-31,,0.21,,,,,2017-07-07
603533,2017-03-31,,0.1,,,,,2017-08-30
603533,2017-06-30,,0.19,,,,,2017-09-06
603533,2017-09-30,,0.27,,,,,2017-10-28
603533,2017-12-31,,0.33,,,,,2018-04-21
603533,2018-03-31,,0.09,,,,,2018-04-28
603533,2018-06-30,,0.2,,,,,2018-08-29
603533,2018-09-30,,0.29,,,,,2018-10-27
603536,2015-12-31,,0.47,,,,,2017-04-07
603536,2016-06-30,,-0.37,,,,,2017-08-24
603536,2016-09-30,,-0.27,,,,,2017-10-24
603536,2016-12-31,,0.47,,,,,2017-04-07
603536,2017-03-31,,0.08,,,,,2018-04-24
603536,2017-06-30,11.80723025,0.12,98.39358541666667,0.3466522678185745,0.6533477321814255,,2017-08-24
603536,2017-09-30,,0.2,,,,,2017-10-24
603536,2017-12-31,,0.39,,,,,2018-03-13
603536,2018-03-31,,0.02,,,,,2018-04-24
603536,2018-06-30,,0.07,,,,,2018-08-24
603536,2018-09-30,,0.12,,,,,2018-10-24
603569,2015-06-30,,0.41,,,,,2015-12-28
603569,2015-09-30,,0.61,,,,,2016-10-28
603569,2015-12-31,,0.85,,,,,2016-07-21
603569,2016-03-31,,0.21,,,,,2017-04-28
603569,2016-06-30,,0.43,,,,,2016-08-09
603569,2016-09-30,24.28022296,0.63,38.540036444444446,0.6633499170812603,0.33665008291873966,,2016-10-28
603569,2016-12-31,,0.97,,,,,2017-04-18
603569,2017-03-31,19.88758968,0.11,180.79626981818183,0.47805456702253857,0.5219454329774614,,2017-04-28
603569,2017-06-30,19.31488453,0.25,77.25953812,0.44384449244060475,0.5561555075593952,,2017-08-29
603569,2017-09-30,,0.42,,,,,2017-10-27
603569,2017-12-31,,0.7,,,,,2018-04-18
603569,2018-03-31,,0.12,,,,,2018-04-28
603569,2018-06-30,,0.29,,,,,2018-08-28
603569,2018-09-30,,0.34,,,,,2018-10-16
603586,2015-12-31,,1.03,,,,,2017-02-17
603586,2016-03-31,,0.26,,,,,2017-04-28
603586,2016-06-30,,0.62,,,,,2017-08-19
603586,2016-09-30,,0.99,,,,,2017-10-23
603586,2016-12-31,,1.32,,,,,2017-02-17
603586,2017-03-31,,0.29,,,,,2017-04-28
603586,2017-06-30,26.6136843,0.55,48.3885169090909,0.6583873290136789,0.3416126709863211,,2017-08-19
603586,2017-09-30,,0.75,,,,,2017-10-23
603586,2017-12-31,,0.89,,,,,2018-04-14
603586,2018-03-31,,0.01,,,,,2018-04-28
603586,2018-06-30,,0.17,,,,,2018-08-17
603586,2018-09-30,,0.37,,,,,2018-10-27
603588,2015-06-30,10.60697313,0.048,220.978606875,0.26138978370915783,0.7386102162908421,,2015-08-28
603588,2015-09-30,8.1705006,0.136,60.07721029411765,0.4125809435707678,0.5874190564292322,,2015-10-23
603588,2015-12-31,11.04499278,0.329,33.57140662613981,0.6631899174272056,0.33681008257279443,,2016-04-16
603588,2016-03-31,8.5515084,-0.037,,,,,2016-04-16
603588,2016-06-30,7.704011,0.058,132.82777586206896,0.35184381778741863,0.6481561822125814,,2016-08-19
603588,2016-09-30,8.92251696,0.116,76.9182496551724,0.3938640132669983,0.6061359867330016,,2016-10-28
603588,2016-12-31,,0.242,,,,,2017-03-28
603588,2017-03-31,8.61435652,0.01,861.4356519999999,0.11190193752471332,0.8880980624752867,,2017-04-15
603588,2017-06-30,8.8301616,0.1,88.301616,0.38372930165586755,0.6162706983441324,,2017-08-30
603588,2017-09-30,,0.195,,,,,2017-10-18
603588,2017-12-31,,0.296,,,,,2018-04-26
603588,2018-03-31,,0.047,,,,,2018-04-26
603588,2018-06-30,,0.229,,,,,2018-08-10
603588,2018-09-30,,0.365,,,,,2018-10-18
603598,2015-06-30,27.85114647,0.11,253.19224063636364,0.22825586746433502,0.771744132535665,,2015-08-08
603598,2015-09-30,18.51279167,0.12,154.27326391666665,0.17067530064754857,0.8293246993524515,,2015-10-30
603598,2015-12-31,34.19427364,0.11,310.85703309090906,0.09474141677531508,0.9052585832246849,,2016-03-31
603598,2016-03-31,22.26303522,0.05,445.26070439999995,0.2543488481429243,0.7456511518570756,,2016-04-28
603598,2016-06-30,23.88730175,0.07,341.2471678571428,0.14273318872017354,0.8572668112798265,,2016-08-27
603598,2016-09-30,20.92746145,0.11,190.24964954545453,0.1558872305140962,0.8441127694859039,,2016-10-29
603598,2016-12-31,,0.12,,,,,2017-04-12
603598,2017-03-31,18.90126205,0.05,378.025241,0.25187821273230526,0.7481217872676947,,2017-04-29
603598,2017-06-30,16.14007006,0.08,201.75087574999998,0.15802735781137509,0.8419726421886249,,2017-08-23
603598,2017-09-30,,0.11,,,,,2017-10-31
603598,2017-12-31,,0.25,,,,,2018-04-10
603598,2018-03-31,,0.05,,,,,2018-04-28
603598,2018-06-30,,0.13,,,,,2018-08-10
603598,2018-09-30,,0.19,,,,,2018-10-30
603606,2015-06-30,8.92861332,0.07,127.55161885714284,0.42015646571560056,0.5798435342843995,,2015-08-21
603606,2015-09-30,7.5866901,0.1,75.866901,0.3381128584643848,0.6618871415356151,,2015-10-30
603606,2015-12-31,7.72263657,0.16,48.2664785625,0.5289004780530204,0.47109952194697957,,2016-04-16
603606,2016-03-31,6.2710791,0.02,313.553955,0.3319228960977903,0.6680771039022098,,2016-04-29
603606,2016-06-30,6.08362635,0.07,86.90894785714285,0.5023861171366595,0.4976138828633405,,2016-08-04
603606,2016-09-30,6.03970125,0.09,67.10779166666667,0.43905472636815923,0.5609452736318408,,2016-10-29
603606,2016-12-31,,0.17,,,,,2017-04-27
603606,2017-03-31,7.09390365,0.03,236.463455,0.39106366152629496,0.608936338473705,,2017-04-29
603606,2017-06-30,5.29831984,0.07,75.69028342857142,0.4528437724982001,0.5471562275017998,,2017-08-19
603606,2017-09-30,,0.09,,,,,2017-10-28
603606,2017-12-31,,0.12,,,,,2018-04-18
603606,2018-03-31,,0.04,,,,,2018-04-25
603606,2018-06-30,,0.09,,,,,2018-08-17
603606,2018-09-30,,0.18,,,,,2018-10-20
603613,2015-06-30,,0.18,,,,,2016-08-10
603613,2015-12-31,,0.33,,,,,2016-04-01
603613,2016-06-30,,0.29,,,,,2016-08-10
603613,2016-12-31,,0.29,,,,,2017-04-21
603613,2017-03-31,,0.03,,,,,2018-04-27
603613,2017-06-30,,0.26,,,,,2017-08-28
603613,2017-09-30,,,,,,,2018-10-29
603613,2017-12-31,,0.59,,,,,2018-03-28
603613,2018-03-31,,0.1,,,,,2018-04-27
603613,2018-06-30,,0.39,,,,,2018-08-20
603613,2018-09-30,,0.58,,,,,2018-10-29
603615,2015-12-31,,0.5,,,,,2017-01-17
603615,2016-03-31,,0.14,,,,,2017-04-26
603615,2016-06-30,,0.2842,,,,,2016-11-15
603615,2016-09-30,,0.4142,,,,,2017-10-27
603615,2016-12-31,,0.51,,,,,2017-03-25
603615,2017-03-31,24.0342954,0.13,184.8791953846154,0.4697508896797153,0.5302491103202847,,2017-04-26
603615,2017-06-30,17.27162355,0.2035,84.872842997543,0.398488120950324,0.6015118790496761,,2017-08-09
603615,2017-09-30,,0.3038,,,,,2017-10-27
603615,2017-12-31,,0.41,,,,,2018-03-02
603615,2018-03-31,,0.09,,,,,2018-04-26
603615,2018-06-30,,0.1615,,,,,2018-08-25
603615,2018-09-30,,0.24,,,,,2018-10-27
603616,2015-06-30,17.05709008,0.0922,185.00097700650755,0.30648872526461113,0.6935112747353889,,2015-08-21
603616,2015-09-30,17.73758552,0.042,422.32346476190475,0.05874190564292322,0.9412580943570767,,2015-10-30
603616,2015-12-31,20.34532352,0.1629,124.89455813382445,0.2312038244241634,0.7687961755758366,,2017-04-28
603616,2016-03-31,14.89639288,-0.1244,,,,,2016-04-28
603616,2016-06-30,13.7589224,-0.2146,,,,,2016-08-10
603616,2016-09-30,15.3380427,-0.0227,,,,,2016-10-28
603616,2016-12-31,,0.0447,,,,,2017-04-28
603616,2017-03-31,14.47266675,0.0031,4668.602177419355,0.01383946223803875,0.9861605377619612,,2017-04-28
603616,2017-06-30,23.74313095,-0.0979,,,,,2017-08-23
603616,2017-09-30,,-0.0887,,,,,2017-10-27
603616,2017-12-31,,-0.2021,,,,,2018-04-28
603616,2018-03-31,,0.0081,,,,,2018-04-28
603616,2018-06-30,,0.0132,,,,,2018-08-17
603616,2018-09-30,,0.0248,,,,,2018-10-31
603618,2015-06-30,9.76607022,0.09,108.51189133333334,0.4716981132075472,0.5283018867924528,,2015-07-28
603618,2015-09-30,6.20393127,0.15,41.3595418,0.5536540240518039,0.44634597594819614,,2015-10-30
603618,2015-12-31,10.09323663,0.22,45.878348318181814,0.5480225988700564,0.45197740112994356,,2016-03-01
603618,2016-03-31,14.55126117,0.04,363.78152925,0.29948283968030087,0.7005171603196991,,2016-04-12
603618,2016-06-30,11.0881449,0.11,100.80131727272727,0.4477223427331887,0.5522776572668113,,2016-07-26
603618,2016-09-30,12.8364831,0.17,75.50872411764706,0.3996683250414594,0.6003316749585406,,2016-10-18
603618,2016-12-31,,0.21,,,,,2017-03-30
603618,2017-03-31,10.72927548,0.05,214.5855096,0.4203242388295769,0.5796757611704231,,2017-04-29
603618,2017-06-30,9.59127522,0.09,106.56972466666667,0.31533477321814257,0.6846652267818574,,2017-08-29
603618,2017-09-30,,0.14,,,,,2017-10-27
603618,2017-12-31,,0.15,,,,,2018-01-23
603618,2018-03-31,,0.07,,,,,2018-04-28
603618,2018-06-30,,0.07,,,,,2018-08-30
603618,2018-09-30,,0.11,,,,,2018-10-26
603619,2015-06-30,,0.37,,,,,2015-11-13
603619,2015-12-31,,0.52,,,,,2017-04-13
603619,2016-06-30,,0.5,,,,,2017-11-16
603619,2016-09-30,,0.84,,,,,2017-11-16
603619,2016-12-31,,1.09,,,,,2017-04-13
603619,2017-03-31,,0.3,,,,,2018-04-27
603619,2017-06-30,,0.58,,,,,2017-11-16
603619,2017-09-30,,0.93,,,,,2017-11-16
603619,2017-12-31,,1.06,,,,,2018-04-27
603619,2018-03-31,,0.2,,,,,2018-04-27
603619,2018-06-30,,0.26,,,,,2018-08-29
603619,2018-09-30,,0.19,,,,,2018-10-30
603628,2015-12-31,,0.32,,,,,2016-12-21
603628,2016-03-31,,-0.03,,,,,2017-04-27
603628,2016-06-30,,0.05,,,,,2017-08-29
603628,2016-09-30,,0.24,,,,,2016-12-21
603628,2016-12-31,,0.28,,,,,2017-04-27
603628,2017-03-31,40.48623624,0.04,1012.1559059999998,0.09015421115065243,0.9098457888493475,,2017-04-27
603628,2017-06-30,21.4443936,0.09,238.27104000000003,0.13174946004319654,0.8682505399568035,,2017-08-29
603628,2017-09-30,,0.18,,,,,2017-10-31
603628,2017-12-31,,0.18,,,,,2018-04-24
603628,2018-03-31,,0.01,,,,,2018-04-24
603628,2018-06-30,,0.0316,,,,,2018-08-28
603628,2018-09-30,,0.0482,,,,,2018-10-30
603638,2015-12-31,,0.3929,,,,,2016-12-30
603638,2016-03-31,,0.11,,,,,2017-04-20
603638,2016-06-30,,0.2862,,,,,2016-11-10
603638,2016-09-30,,0.4349,,,,,2017-10-24
603638,2016-12-31,,0.6015,,,,,2017-04-20
603638,2017-03-31,6.33355956,0.19,33.334524,0.9438513246342428,0.056148675365757184,,2017-04-20
603638,2017-06-30,7.59213312,0.4038,18.80171649331352,0.9337652987760979,0.06623470122390207,,2017-08-08
603638,2017-09-30,,0.5989,,,,,2017-10-24
603638,2017-12-31,,0.55,,,,,2018-04-20
603638,2018-03-31,,0.2,,,,,2018-04-20
603638,2018-06-30,,0.3164,,,,,2018-08-08
603638,2018-09-30,,0.45,,,,,2018-10-26
603658,2015-06-30,,0.29,,,,,2015-11-27
603658,2015-09-30,,0.52,,,,,2016-10-26
603658,2015-12-31,,0.74,,,,,2016-08-11
603658,2016-03-31,,0.14,,,,,2017-04-25
603658,2016-06-30,,0.39,,,,,2016-08-11
603658,2016-09-30,33.35772405,0.67,49.7876478358209,0.5572139303482587,0.4427860696517413,,2016-10-26
603658,2016-12-31,,0.89,,,,,2017-03-03
603658,2017-03-31,29.37816105,0.16,183.6135065625,0.47172795571372084,0.5282720442862792,,2017-04-25
603658,2017-06-30,28.0719351,0.46,61.02594586956522,0.5532757379409647,0.44672426205903526,,2017-08-03
603658,2017-09-30,,0.77,,,,,2017-10-27
603658,2017-12-31,,1.06,,,,,2018-03-28
603658,2018-03-31,,0.23,,,,,2018-04-25
603658,2018-06-30,,0.59,,,,,2018-08-03
603658,2018-09-30,,0.98,,,,,2018-10-31
603659,2015-12-31,,0.27,,,,,2016-06-17
603659,2016-06-30,,,,,,,2017-10-23
603659,2016-09-30,,0.52,,,,,2017-11-02
603659,2016-12-31,,0.96,,,,,2017-07-14
603659,2017-03-31,,0.22,,,,,2017-10-16
603659,2017-06-30,,0.53,,,,,2018-08-16
603659,2017-09-30,,0.88,,,,,2017-11-02
603659,2017-12-31,,1.19,,,,,2018-04-03
603659,2018-03-31,,0.3,,,,,2018-04-24
603659,2018-06-30,,0.59,,,,,2018-08-16
603659,2018-09-30,,0.99,,,,,2018-10-20
603660,2015-06-30,,-0.23,,,,,2015-12-28
603660,2015-12-31,,0.6014,,,,,2016-11-09
603660,2016-03-31,,-0.0033,,,,,2017-04-26
603660,2016-06-30,,-0.0049,,,,,2017-08-18
603660,2016-09-30,,0.0946,,,,,2016-11-09
603660,2016-12-31,,0.86,,,,,2017-04-12
603660,2017-03-31,16.01747266,0.1242,128.96515829307566,0.5860023724792408,0.4139976275207592,,2017-04-26
603660,2017-06-30,20.3634522,0.2151,94.66969874476987,0.357451403887689,0.642548596112311,,2017-08-18
603660,2017-09-30,,0.2903,,,,,2017-10-27
603660,2017-12-31,,0.7736,,,,,2018-04-18
603660,2018-03-31,,0.1568,,,,,2018-04-28
603660,2018-06-30,,0.2589,,,,,2018-08-24
603660,2018-09-30,,0.3982,,,,,2018-10-30
603666,2015-12-31,,0.3861,,,,,2017-03-31
603666,2016-12-31,,1.069,,,,,2017-03-31
603666,2017-03-31,,-0.1931,,,,,2018-05-29
603666,2017-06-30,,0.7508,,,,,2018-08-24
603666,2017-09-30,,1.3083,,,,,2018-10-31
603666,2017-12-31,,1.8863,,,,,2018-01-26
603666,2018-03-31,,0.3475,,,,,2018-05-29
603666,2018-06-30,,1.1583,,,,,2018-08-24
603666,2018-09-30,,1.536,,,,,2018-10-31
603678,2015-06-30,40.30429164,0.46,87.61802530434782,0.543948458352508,0.45605154164749195,,2015-08-21
603678,2015-09-30,27.57937346,0.68,40.55790214705882,0.5619796484736356,0.4380203515263644,,2015-10-30
603678,2015-12-31,32.05140137,0.94,34.097235500000004,0.6584093872229465,0.3415906127770535,,2016-02-29
603678,2016-03-31,21.295371,0.19,112.0809,0.6549130230371415,0.3450869769628585,,2016-04-25
603678,2016-06-30,28.58028962,0.21,136.09661723809523,0.3440347071583514,0.6559652928416486,,2016-08-23
603678,2016-09-30,28.67778208,0.35,81.93652022857144,0.37271973466003316,0.6272802653399668,,2016-10-28
603678,2016-12-31,,0.45,,,,,2017-03-23
603678,2017-03-31,29.17649351,0.08,364.706168875,0.26294978252273626,0.7370502174772637,,2017-04-25
603678,2017-06-30,26.17592395,0.26,100.67663057692307,0.33801295896328293,0.661987041036717,,2017-08-07
603678,2017-09-30,,0.36,,,,,2017-10-27
603678,2017-12-31,,0.52,,,,,2018-04-20
603678,2018-03-31,,0.12,,,,,2018-04-20
603678,2018-06-30,,0.39,,,,,2018-08-28
603678,2018-09-30,,0.56,,,,,2018-10-31
603679,2015-12-31,,0.5674,,,,,2017-03-02
603679,2016-06-30,,0.1716,,,,,2017-08-10
603679,2016-09-30,,0.3996,,,,,2017-10-27
603679,2016-12-31,,0.6409,,,,,2017-03-02
603679,2017-03-31,,0.0976,,,,,2018-04-26
603679,2017-06-30,18.4254765,0.212,86.91262499999999,0.3902087832973362,0.6097912167026638,,2017-08-10
603679,2017-09-30,,0.3602,,,,,2017-10-27
603679,2017-12-31,,0.6043,,,,,2018-04-18
603679,2018-03-31,,0.12,,,,,2018-04-26
603679,2018-06-30,,0.3163,,,,,2018-08-16
603679,2018-09-30,,0.4681,,,,,2018-10-30
603683,2015-06-30,,0.3212,,,,,2015-12-25
603683,2015-12-31,,0.529,,,,,2017-08-21
603683,2016-09-30,,0.4,,,,,2017-10-30
603683,2016-12-31,,0.54,,,,,2017-08-21
603683,2017-03-31,,0.09,,,,,2018-04-28
603683,2017-06-30,,0.2448,,,,,2017-08-21
603683,2017-09-30,,0.33,,,,,2017-10-30
603683,2017-12-31,,0.41,,,,,2018-04-18
603683,2018-03-31,,0.0364,,,,,2018-04-28
603683,2018-06-30,,0.14,,,,,2018-08-30
603683,2018-09-30,,0.14,,,,,2018-10-30
603688,2015-06-30,10.65748485,0.1715,62.14276880466471,0.6608375517717441,0.3391624482282559,,2015-08-20
603688,2015-09-30,5.98654165,0.27,22.172376481481482,0.7807585568917669,0.21924144310823312,,2015-10-28
603688,2015-12-31,9.0689092,0.32,28.34034125,0.7157757496740548,0.2842242503259452,,2016-04-19
603688,2016-03-31,7.35142765,0.0573,128.29716666666667,0.61212976022567,0.38787023977433,,2016-04-29
603688,2016-06-30,7.93552218,0.1456,54.50221277472527,0.679826464208243,0.320173535791757,,2016-08-19
603688,2016-09-30,7.72970172,0.2303,33.56362014763352,0.714759535655058,0.285240464344942,,2016-10-21
603688,2016-12-31,,0.24,,,,,2017-04-19
603688,2017-03-31,7.74494768,0.0663,116.81670708898945,0.6267299327797549,0.37327006722024514,,2017-04-29
603688,2017-06-30,6.62915044,0.12,55.24292033333334,0.593592512598992,0.40640748740100796,,2017-08-10
603688,2017-09-30,,0.22,,,,,2017-10-28
603688,2017-12-31,,0.32,,,,,2018-03-22
603688,2018-03-31,,0.07,,,,,2018-04-21
603688,2018-06-30,,0.17,,,,,2018-08-18
603688,2018-09-30,,0.3,,,,,2018-10-27
603699,2015-06-30,17.55639963,0.31,56.633547193548395,0.6912103083294984,0.30878969167050163,,2015-08-22
603699,2015-09-30,12.87549345,0.44,29.262485113636366,0.6840888066604995,0.31591119333950046,,2015-10-29
603699,2015-12-31,15.5819893,0.46,33.87388978260869,0.6618861364624077,0.3381138635375923,,2016-04-16
603699,2016-03-31,12.67554125,0.09,140.83934722222222,0.5806299952985425,0.41937000470145747,,2016-04-29
603699,2016-06-30,12.6684001,0.19,66.67578999999999,0.606941431670282,0.39305856832971797,,2016-08-27
603699,2016-09-30,12.5943597,0.26,48.439845,0.568407960199005,0.43159203980099503,,2016-10-29
603699,2016-12-31,,0.29,,,,,2017-04-13
603699,2017-03-31,12.167064,0.07,173.81519999999998,0.49228944246737844,0.5077105575326215,,2017-04-29
603699,2017-06-30,11.1386574,0.14,79.56183857142857,0.4287257019438445,0.5712742980561555,,2017-08-30
603699,2017-09-30,,0.21,,,,,2017-10-28
603699,2017-12-31,,0.28,,,,,2018-04-14
603699,2018-03-31,,0.06,,,,,2018-04-28
603699,2018-06-30,,0.15,,,,,2018-08-30
603699,2018-09-30,,0.27,,,,,2018-10-30
603701,2015-06-30,,0.51,,,,,2016-08-26
603701,2015-09-30,,0.75,,,,,2016-03-28
603701,2015-12-31,,0.93,,,,,2017-04-15
603701,2016-03-31,,0.26,,,,,2016-04-28
603701,2016-06-30,22.07607896,0.43,51.33971851162791,0.6928416485900217,0.30715835140997827,,2016-08-26
603701,2016-09-30,17.34218056,0.5,34.68436112,0.7052238805970149,0.2947761194029851,,2016-10-28
603701,2016-12-31,,0.61,,,,,2017-04-15
603701,2017-03-31,14.26944952,0.17,83.93793835294117,0.7437722419928826,0.2562277580071174,,2017-04-26
603701,2017-06-30,10.87864376,0.29,37.51256468965517,0.7663786897048236,0.2336213102951764,,2017-08-19
603701,2017-09-30,,0.42,,,,,2017-10-28
603701,2017-12-31,,0.57,,,,,2018-04-13
603701,2018-03-31,,0.17,,,,,2018-04-26
603701,2018-06-30,,0.27,,,,,2018-08-11
603701,2018-09-30,,0.51,,,,,2018-10-30
603703,2015-06-30,15.29295588,0.06,254.882598,0.22687528762080073,0.7731247123791993,,2015-08-18
603703,2015-09-30,10.56443769,0.13,81.2649053076923,0.3177613320999075,0.6822386679000925,,2015-10-30
603703,2015-12-31,21.94305732,0.17,129.07680776470588,0.22164276401564537,0.7783572359843547,,2016-04-19
603703,2016-03-31,17.28570888,0.06,288.09514800000005,0.3554301833568406,0.6445698166431594,,2016-04-25
603703,2016-06-30,21.9946902,0.05,439.893804,0.11409978308026031,0.8859002169197396,,2016-08-18
603703,2016-09-30,21.9946902,0.07,314.20986,0.09577114427860696,0.904228855721393,,2016-10-24
603703,2016-12-31,,0.1,,,,,2017-04-26
603703,2017-03-31,18.3372588,0.08,229.215735,0.4017398181099249,0.5982601818900751,,2017-04-28
603703,2017-06-30,12.87803877,0.09,143.08931966666668,0.22894168466522677,0.7710583153347732,,2017-08-29
603703,2017-09-30,,0.12,,,,,2017-10-31
603703,2017-12-31,,0.11,,,,,2018-02-01
603703,2018-03-31,,-0.02,,,,,2018-04-28
603703,2018-06-30,,-0.02,,,,,2018-08-28
603703,2018-09-30,,-0.03,,,,,2018-10-26
603707,2015-12-31,,0.24,,,,,2016-03-25
603707,2016-06-30,,0.5199,,,,,2017-08-01
603707,2016-09-30,,0.5691,,,,,2017-10-31
603707,2016-12-31,,0.7146,,,,,2017-06-05
603707,2017-03-31,,0.1199,,,,,2018-04-17
603707,2017-06-30,,0.2634,,,,,2017-08-01
603707,2017-09-30,,0.4599,,,,,2017-10-31
603707,2017-12-31,,0.6119,,,,,2018-01-27
603707,2018-03-31,,0.221,,,,,2018-04-17
603707,2018-06-30,,0.3168,,,,,2018-07-20
603707,2018-09-30,,0.4661,,,,,2018-10-16
603708,2015-12-31,,0.92,,,,,2016-11-22
603708,2016-03-31,,0.32,,,,,2017-04-28
603708,2016-06-30,,0.47,,,,,2017-08-29
603708,2016-09-30,,0.66,,,,,2016-11-22
603708,2016-12-31,,0.72,,,,,2017-04-26
603708,2017-03-31,13.10691018,0.2,65.5345509,0.8169236852510874,0.18307631474891262,,2017-04-28
603708,2017-06-30,10.8294627,0.31,34.93375064516129,0.7890568754499641,0.21094312455003594,,2017-08-29
603708,2017-09-30,,0.48,,,,,2017-10-16
603708,2017-12-31,,0.66,,,,,2018-04-10
603708,2018-03-31,,0.26,,,,,2018-04-26
603708,2018-06-30,,0.32,,,,,2018-08-15
603708,2018-09-30,,0.49,,,,,2018-10-30
603711,2015-06-30,,0.2,,,,,2015-11-13
603711,2015-12-31,,0.57,,,,,2017-04-20
603711,2016-12-31,,0.74,,,,,2017-04-20
603711,2017-03-31,,0.06,,,,,2018-04-28
603711,2017-06-30,,-0.08,,,,,2018-08-17
603711,2017-09-30,,0.23,,,,,2017-11-13
603711,2017-12-31,,0.74,,,,,2018-04-27
603711,2018-03-31,,0.07,,,,,2018-04-28
603711,2018-06-30,,-0.14,,,,,2018-08-17
603711,2018-09-30,,0.21,,,,,2018-10-23
603712,2015-12-31,,,,,,,2016-12-23
603712,2016-06-30,,0.04,,,,,2016-12-23
603712,2016-09-30,,0.04,,,,,2018-01-30
603712,2016-12-31,,0.24,,,,,2017-12-19
603712,2017-03-31,,-0.009,,,,,2018-04-26
603712,2017-06-30,,0.0786,,,,,2017-12-19
603712,2017-09-30,,0.11,,,,,2018-01-30
603712,2017-12-31,,0.29,,,,,2018-04-26
603712,2018-03-31,,0.004,,,,,2018-04-26
603712,2018-06-30,,0.07,,,,,2018-08-24
603712,2018-09-30,,0.1,,,,,2018-10-29
603726,2015-06-30,,0.56,,,,,2016-08-29
603726,2015-09-30,,0.8,,,,,2016-10-28
603726,2015-12-31,,0.86,,,,,2016-03-31
603726,2016-03-31,,0.14,,,,,2016-04-28
603726,2016-06-30,20.14473105,0.42,47.96364535714286,0.720173535791757,0.279826464208243,,2016-08-29
603726,2016-09-30,20.1248055,0.59,34.10983983050848,0.7114427860696517,0.2885572139303483,,2016-10-28
603726,2016-12-31,,0.77,,,,,2017-04-27
603726,2017-03-31,21.29642784,0.35,60.84693668571429,0.8390668248319494,0.1609331751680506,,2017-04-27
603726,2017-06-30,14.42211309,0.48,30.0460689375,0.8372930165586753,0.16270698344132473,,2017-08-29
603726,2017-09-30,,0.66,,,,,2017-10-26
603726,2017-12-31,,0.85,,,,,2018-03-27
603726,2018-03-31,,0.23,,,,,2018-04-26
603726,2018-06-30,,0.37,,,,,2018-08-28
603726,2018-09-30,,0.52,,,,,2018-10-30
603727,2015-12-31,,1.25,,,,,2016-10-31
603727,2016-03-31,,0.3,,,,,2017-04-29
603727,2016-06-30,,0.57,,,,,2016-10-31
603727,2016-09-30,,1.19,,,,,2017-10-27
603727,2016-12-31,,1.29,,,,,2017-04-20
603727,2017-03-31,37.84552695,0.1,378.4552695,0.2514827995255042,0.7485172004744958,,2017-04-29
603727,2017-06-30,29.07267974,0.4,72.68169935,0.4722822174226062,0.5277177825773938,,2017-08-18
603727,2017-09-30,,0.33,,,,,2017-10-27
603727,2017-12-31,,0.47,,,,,2018-04-27
603727,2018-03-31,,-0.17,,,,,2018-04-27
603727,2018-06-30,,-0.27,,,,,2018-08-25
603727,2018-09-30,,-0.13,,,,,2018-10-27
603737,2015-06-30,,0.43,,,,,2015-11-27
603737,2015-09-30,,0.61,,,,,2016-10-15
603737,2015-12-31,,1.54,,,,,2016-05-16
603737,2016-03-31,,-0.18,,,,,2016-05-16
603737,2016-06-30,13.01639864,0.43,30.27069451162791,0.8420824295010846,0.15791757049891542,,2016-08-27
603737,2016-09-30,8.22151124,0.61,13.477887278688526,0.9382255389718076,0.061774461028192396,,2016-10-15
603737,2016-12-31,,1.49,,,,,2017-04-10
603737,2017-03-31,8.10031162,-0.13,,,,,2017-04-25
603737,2017-06-30,7.27740827,0.31,23.475510548387096,0.8959683225341972,0.10403167746580277,,2017-08-15
603737,2017-09-30,,0.69,,,,,2017-10-14
603737,2017-12-31,,1.35,,,,,2018-04-10
603737,2018-03-31,,-0.08,,,,,2018-04-25
603737,2018-06-30,,0.31,,,,,2018-08-15
603737,2018-09-30,,0.69,,,,,2018-10-18
603738,2015-09-30,,0.52,,,,,2016-10-29
603738,2015-12-31,,1.0,,,,,2016-09-12
603738,2016-03-31,,0.14,,,,,2017-04-28
603738,2016-06-30,,0.5,,,,,2016-09-12
603738,2016-09-30,5.65200752,0.46,12.286972869565217,0.9485903814262023,0.051409618573797666,,2016-10-29
603738,2016-12-31,,0.64,,,,,2017-04-18
603738,2017-03-31,12.79138544,0.14,91.36703885714286,0.7097667062079873,0.2902332937920127,,2017-04-28
603738,2017-06-30,10.56393756,0.19,55.59967136842105,0.5907127429805615,0.40928725701943847,,2017-08-17
603738,2017-09-30,,0.28,,,,,2017-10-27
603738,2017-12-31,,0.41,,,,,2018-04-12
603738,2018-03-31,,0.0796,,,,,2018-04-27
603738,2018-06-30,,0.17,,,,,2018-08-17
603738,2018-09-30,,0.26,,,,,2018-10-26
603777,2015-09-30,,0.46,,,,,2016-10-11
603777,2015-12-31,,0.73,,,,,2016-09-13
603777,2016-03-31,,0.3,,,,,2017-04-26
603777,2016-06-30,,0.38,,,,,2016-09-13
603777,2016-09-30,,0.45,,,,,2016-10-11
603777,2016-12-31,,0.69,,,,,2017-04-26
603777,2017-03-31,27.69440016,0.31,89.33677470967743,0.7216291024120206,0.2783708975879794,,2017-04-26
603777,2017-06-30,25.48213335,0.36,70.78370375,0.4820014398848092,0.5179985601151909,,2017-08-30
603777,2017-09-30,,0.42,,,,,2017-10-31
603777,2017-12-31,,0.3,,,,,2018-03-24
603777,2018-03-31,,0.13,,,,,2018-04-28
603777,2018-06-30,,0.11,,,,,2018-08-25
603777,2018-09-30,,0.04,,,,,2018-10-30
603779,2015-06-30,,0.07,,,,,2016-08-16
603779,2015-09-30,,0.07,,,,,2016-10-29
603779,2015-12-31,,0.28,,,,,2016-04-25
603779,2016-03-31,,0.07,,,,,2016-05-13
603779,2016-06-30,28.45941196,0.13,218.91855353846154,0.22169197396963122,0.7783080260303687,,2016-08-16
603779,2016-09-30,20.29326992,0.17,119.372176,0.263681592039801,0.736318407960199,,2016-10-29
603779,2016-12-31,,0.33,,,,,2017-04-28
603779,2017-03-31,21.0936061,0.08,263.67007624999997,0.3594306049822064,0.6405693950177935,,2017-04-28
603779,2017-06-30,14.89813576,0.13,114.6010443076923,0.29265658747300216,0.7073434125269978,,2017-08-29
603779,2017-09-30,,0.17,,,,,2017-10-27
603779,2017-12-31,,0.31,,,,,2018-04-26
603779,2018-03-31,,0.08,,,,,2018-04-26
603779,2018-06-30,,0.13,,,,,2018-08-29
603779,2018-09-30,,0.15,,,,,2018-10-30
603799,2015-06-30,10.2997062,0.03,343.32354,0.17211228716060745,0.8278877128393926,,2015-08-28
603799,2015-09-30,5.33093184,-0.05,,,,,2015-10-29
603799,2015-12-31,10.19423808,-0.47,,,,,2016-03-23
603799,2016-03-31,8.2224168,-0.07,,,,,2016-04-29
603799,2016-06-30,14.4963936,-0.06,,,,,2016-08-30
603799,2016-09-30,10.68524496,0.02,534.262248,0.05099502487562189,0.9490049751243781,,2016-10-29
603799,2016-12-31,,0.13,,,,,2017-04-01
603799,2017-03-31,20.1858384,0.42,48.06152000000001,0.8896797153024911,0.11032028469750887,,2017-04-28
603799,2017-06-30,23.68523664,1.139,20.794764389815626,0.9168466522678186,0.08315334773218142,,2017-08-26
603799,2017-09-30,,1.32,,,,,2017-10-28
603799,2017-12-31,,2.28,,,,,2018-04-26
603799,2018-03-31,,1.03,,,,,2018-04-28
603799,2018-06-30,,1.4,,,,,2018-08-28
603799,2018-09-30,,1.77,,,,,2018-10-30
603800,2015-06-30,,0.12,,,,,2015-11-23
603800,2015-09-30,,0.2029,,,,,2015-12-09
603800,2015-12-31,48.6518709,0.177,274.8693271186441,0.1099521946979574,0.8900478053020426,,2016-04-23
603800,2016-03-31,24.7003194,-0.0965,,,,,2016-04-23
603800,2016-06-30,27.84919875,-0.1483,,,,,2016-08-27
603800,2016-09-30,27.16089335,-0.1845,,,,,2016-10-29
603800,2016-12-31,,-0.2887,,,,,2017-04-15
603800,2017-03-31,29.1805263,0.035,833.7293228571427,0.1166468960063266,0.8833531039936734,,2017-04-28
603800,2017-06-30,19.6891571,0.0571,344.81886339754817,0.08963282937365011,0.9103671706263499,,2017-08-26
603800,2017-09-30,,0.0971,,,,,2017-10-28
603800,2017-12-31,,0.1406,,,,,2018-03-30
603800,2018-03-31,,-0.0053,,,,,2018-04-28
603800,2018-06-30,,0.1094,,,,,2018-08-31
603800,2018-09-30,,0.2953,,,,,2018-10-31
603801,2015-12-31,,1.1032,,,,,2016-03-18
603801,2016-03-31,,0.1122,,,,,2017-06-12
603801,2016-06-30,,0.4142,,,,,2017-08-25
603801,2016-09-30,,0.9891,,,,,2017-10-27
603801,2016-12-31,,1.4816,,,,,2017-04-20
603801,2017-03-31,,0.1695,,,,,2017-06-12
603801,2017-06-30,9.208134,0.5359,17.182560179137898,0.9449244060475162,0.05507559395248385,,2017-08-25
603801,2017-09-30,,1.1604,,,,,2017-10-27
603801,2017-12-31,,1.673,,,,,2018-03-16
603801,2018-03-31,,0.1885,,,,,2018-04-27
603801,2018-06-30,,0.5929,,,,,2018-08-28
603801,2018-09-30,,1.2717,,,,,2018-10-25
603826,2015-12-31,,0.3722,,,,,2017-02-17
603826,2016-03-31,,0.0661,,,,,2017-04-28
603826,2016-06-30,,0.1873,,,,,2017-07-31
603826,2016-09-30,,0.2918,,,,,2017-10-30
603826,2016-12-31,,0.4028,,,,,2017-02-17
603826,2017-03-31,,0.0973,,,,,2017-04-28
603826,2017-06-30,7.45556532,0.207,36.01722376811594,0.7818574514038877,0.21814254859611226,,2017-07-31
603826,2017-09-30,,0.2756,,,,,2017-10-30
603826,2017-12-31,,0.2751,,,,,2018-02-28
603826,2018-03-31,,0.0782,,,,,2018-04-27
603826,2018-06-30,,0.1907,,,,,2018-07-31
603826,2018-09-30,,0.2982,,,,,2018-10-26
603829,2015-12-31,,0.38,,,,,2016-07-01
603829,2016-09-30,,0.32,,,,,2017-10-31
603829,2016-12-31,,0.44,,,,,2017-08-18
603829,2017-03-31,,0.06,,,,,2018-04-24
603829,2017-06-30,,0.19,,,,,2017-08-18
603829,2017-09-30,,0.33,,,,,2017-10-31
603829,2017-12-31,,0.42,,,,,2018-04-24
603829,2018-03-31,,0.04,,,,,2018-04-24
603829,2018-06-30,,0.13,,,,,2018-08-28
603829,2018-09-30,,0.21,,,,,2018-10-26
603833,2015-12-31,,1.31,,,,,2016-07-14
603833,2016-03-31,,0.11,,,,,2017-04-29
603833,2016-06-30,,0.83,,,,,2017-08-29
603833,2016-09-30,,1.91,,,,,2017-10-28
603833,2016-12-31,,2.54,,,,,2017-03-07
603833,2017-03-31,54.77160603,0.14,391.2257573571428,0.24159746935547646,0.7584025306445236,,2017-04-29
603833,2017-06-30,62.68578642,1.05,59.70074897142857,0.562634989200864,0.43736501079913603,,2017-08-29
603833,2017-09-30,,2.34,,,,,2017-10-28
603833,2017-12-31,,3.21,,,,,2018-04-20
603833,2018-03-31,,0.18,,,,,2018-04-27
603833,2018-06-30,,1.31,,,,,2018-08-24
603833,2018-09-30,,2.85,,,,,2018-10-26
603861,2015-06-30,,0.1298,,,,,2016-08-19
603861,2015-09-30,,0.2131,,,,,2016-10-29
603861,2015-12-31,,0.4782,,,,,2016-03-02
603861,2016-03-31,21.93882795,0.0711,308.56298101265827,0.33474377056887633,0.6652562294311237,,2016-04-30
603861,2016-06-30,30.50278972,0.1259,242.27791675933278,0.20260303687635575,0.7973969631236443,,2016-08-19
603861,2016-09-30,33.63033752,0.1742,193.05589850746267,0.15381426202321724,0.8461857379767828,,2016-10-29
603861,2016-12-31,,0.407,,,,,2017-04-22
603861,2017-03-31,23.89814466,0.0629,379.938706836248,0.24950573349149863,0.7504942665085014,,2017-04-29
603861,2017-06-30,22.32517209,0.133,167.85843676691727,0.1904247660187185,0.8095752339812815,,2017-08-31
603861,2017-09-30,,0.3067,,,,,2017-10-31
603861,2017-12-31,,0.4561,,,,,2018-04-28
603861,2018-03-31,,0.0625,,,,,2018-04-28
603861,2018-06-30,,0.1714,,,,,2018-08-30
603861,2018-09-30,,0.2531,,,,,2018-10-31
603863,2015-06-30,,0.21,,,,,2016-08-02
603863,2015-12-31,,0.34,,,,,2016-02-04
603863,2016-06-30,,0.49,,,,,2016-08-02
603863,2016-12-31,,0.46,,,,,2017-04-25
603863,2017-03-31,,0.07,,,,,2018-04-27
603863,2017-06-30,,0.21,,,,,2017-08-29
603863,2017-12-31,,0.46,,,,,2018-02-05
603863,2018-03-31,,0.11,,,,,2018-04-27
603863,2018-06-30,,0.28,,,,,2018-08-27
603863,2018-09-30,,0.47,,,,,2019-10-29
603866,2015-06-30,,0.36,,,,,2015-12-04
603866,2015-09-30,,0.62,,,,,2015-12-04
603866,2015-12-31,8.92439262,0.86,10.377200720930233,0.9465449804432855,0.0534550195567145,,2016-03-25
603866,2016-03-31,7.59763754,0.18,42.209097444444446,0.9073812881993418,0.09261871180065817,,2016-04-27
603866,2016-06-30,10.49214684,0.42,24.981302000000003,0.883297180043384,0.11670281995661602,,2016-08-18
603866,2016-09-30,9.91081252,0.7223,13.721185823065207,0.9353233830845771,0.06467661691542292,,2016-10-26
603866,2016-12-31,,0.97,,,,,2017-03-30
603866,2017-03-31,10.23898512,0.16,63.993657000000006,0.8248319493871096,0.17516805061289042,,2017-04-27
603866,2017-06-30,8.40943974,0.41,20.510828634146343,0.9186465082793377,0.08135349172066231,,2017-08-22
603866,2017-09-30,,0.7953,,,,,2017-10-26
603866,2017-12-31,,1.14,,,,,2018-03-28
603866,2018-03-31,,0.2296,,,,,2018-04-26
603866,2018-06-30,,0.399,,,,,2018-08-22
603866,2018-09-30,,0.7024,,,,,2018-10-24
603871,2015-12-31,,1.71,,,,,2016-12-23
603871,2016-06-30,,1.19,,,,,2016-12-23
603871,2016-09-30,,1.7714,,,,,2018-02-05
603871,2016-12-31,,2.4294,,,,,2017-11-28
603871,2017-03-31,,0.8689,,,,,2018-04-27
603871,2017-06-30,,1.889,,,,,2017-11-28
603871,2017-09-30,,2.0448,,,,,2018-02-05
603871,2017-12-31,,3.437,,,,,2018-04-20
603871,2018-03-31,,0.7761,,,,,2018-04-27
603871,2018-06-30,,1.3258,,,,,2018-08-28
603871,2018-09-30,,2.0833,,,,,2018-10-30
603882,2015-09-30,,0.32,,,,,2016-02-19
603882,2015-12-31,,0.38,,,,,2017-06-05
603882,2016-09-30,,0.31,,,,,2017-10-27
603882,2016-12-31,,0.44,,,,,2017-06-05
603882,2017-03-31,,0.02,,,,,2018-04-26
603882,2017-06-30,,0.22,,,,,2017-08-21
603882,2017-09-30,,0.38,,,,,2017-10-27
603882,2017-12-31,,0.46,,,,,2018-04-20
603882,2018-03-31,,0.02,,,,,2018-04-26
603882,2018-06-30,,0.21,,,,,2018-08-10
603882,2018-09-30,,0.36,,,,,2018-10-26
603883,2015-06-30,26.51900589,0.54,49.10927016666666,0.7372296364473079,0.2627703635526921,,2015-08-11
603883,2015-09-30,18.27959895,0.69,26.49217239130435,0.7164662349676225,0.2835337650323775,,2015-10-28
603883,2015-12-31,25.71463107,0.98,26.239419459183672,0.741851368970013,0.258148631029987,,2016-03-25
603883,2016-03-31,16.49330712,0.3,54.97769040000001,0.8561354019746121,0.14386459802538787,,2016-04-19
603883,2016-06-30,18.02234394,0.54,33.374711,0.8147505422993493,0.1852494577006507,,2016-08-18
603883,2016-09-30,18.34153936,0.78,23.51479405128205,0.8175787728026535,0.18242122719734655,,2016-10-29
603883,2016-12-31,,1.11,,,,,2017-03-24
603883,2017-03-31,16.03426702,0.42,38.176826238095245,0.9252669039145908,0.07473309608540923,,2017-04-29
603883,2017-06-30,17.8460849,0.72,24.78622902777778,0.8869690424766019,0.11303095752339809,,2017-08-30
603883,2017-09-30,,1.03,,,,,2017-10-31
603883,2017-12-31,,1.38,,,,,2018-03-30
603883,2018-03-31,,0.46,,,,,2018-04-20
603883,2018-06-30,,0.78,,,,,2018-08-31
603883,2018-09-30,,1.14,,,,,2018-10-25
603893,2015-12-31,,0.08,,,,,2016-07-01
603893,2016-12-31,,0.28,,,,,2017-07-07
603893,2017-12-31,,0.33,,,,,2018-11-16
603893,2018-06-30,,0.14,,,,,2018-11-16
603893,2018-09-30,,0.35,,,,,2020-01-10
603899,2015-06-30,16.70646216,0.2305,72.47922845986984,0.6088357109986194,0.39116428900138056,,2015-08-19
603899,2015-09-30,13.9290024,0.3589,38.810260239621066,0.5790934320074006,0.4209065679925994,,2015-10-24
603899,2015-12-31,17.54053416,0.4619,37.97474379735874,0.6145154280747501,0.3854845719252499,,2016-03-22
603899,2016-03-31,15.7014054,0.1586,99.0000340479193,0.7005171603196991,0.29948283968030087,,2016-04-20
603899,2016-06-30,14.9499864,0.2724,54.88247577092512,0.6776572668112798,0.3223427331887202,,2016-08-13
603899,2016-09-30,15.29628552,0.4297,35.59759255294391,0.695273631840796,0.30472636815920395,,2016-10-19
603899,2016-12-31,,0.5358,,,,,2017-03-21
603899,2017-03-31,15.05134224,0.1805,83.38693761772853,0.7477263740608936,0.2522736259391064,,2017-04-25
603899,2017-06-30,14.911974,0.3142,47.460133672819865,0.6648668106551476,0.33513318934485237,,2017-08-19
603899,2017-09-30,,0.5334,,,,,2017-10-24
603899,2017-12-31,,0.6892,,,,,2018-03-27
603899,2018-03-31,,0.2224,,,,,2018-04-21
603899,2018-06-30,,0.4072,,,,,2018-08-18
603899,2018-09-30,,0.679,,,,,2018-10-27
603917,2015-12-31,,0.8789,,,,,2016-06-24
603917,2016-09-30,,0.54,,,,,2017-11-14
603917,2016-12-31,,0.9329,,,,,2017-08-02
603917,2017-03-31,,0.106,,,,,2018-04-28
603917,2017-06-30,,0.3162,,,,,2017-10-17
603917,2017-09-30,,0.4531,,,,,2017-11-14
603917,2017-12-31,,0.6765,,,,,2018-04-13
603917,2018-03-31,,0.0806,,,,,2018-04-28
603917,2018-06-30,,0.2952,,,,,2018-08-29
603917,2018-09-30,,0.4299,,,,,2018-10-30
603918,2015-06-30,15.6396128,0.0017,9199.772235294118,0.005982512655315232,0.9940174873446848,,2015-08-22
603918,2015-09-30,10.03354296,0.0446,224.96733094170403,0.1091581868640148,0.8908418131359852,,2015-10-24
603918,2015-12-31,21.34132056,0.24,88.922169,0.3220338983050847,0.6779661016949152,,2016-04-29
603918,2016-03-31,19.21759616,-0.0304,,,,,2016-04-29
603918,2016-06-30,19.2175665,0.0021,9151.222142857143,0.0017353579175704988,0.9982646420824295,,2016-08-31
603918,2016-09-30,15.2387976,0.0205,743.3559804878048,0.036898839137645106,0.9631011608623549,,2016-10-29
603918,2016-12-31,,0.16,,,,,2017-04-28
603918,2017-03-31,17.5156002,-0.0213,,,,,2017-04-28
603918,2017-06-30,15.21061935,0.0053,2869.928179245283,0.007919366450683946,0.9920806335493161,,2017-08-30
603918,2017-09-30,,0.0351,,,,,2017-10-30
603918,2017-12-31,,0.2,,,,,2018-04-13
603918,2018-03-31,,0.0017,,,,,2018-04-28
603918,2018-06-30,,0.0554,,,,,2018-08-25
603918,2018-09-30,,0.1173,,,,,2018-10-31
603927,2015-06-30,,0.14,,,,,2016-08-23
603927,2015-12-31,,0.45,,,,,2016-04-18
603927,2016-06-30,,0.16,,,,,2016-08-23
603927,2016-12-31,,0.52,,,,,2017-04-17
603927,2017-03-31,,0.01,,,,,2018-04-27
603927,2017-06-30,,0.18,,,,,2017-08-30
603927,2017-09-30,,0.33,,,,,2018-10-30
603927,2017-12-31,,0.62,,,,,2018-03-27
603927,2018-03-31,,0.04,,,,,2018-04-27
603927,2018-06-30,,0.26,,,,,2018-08-30
603927,2018-09-30,,0.08,,,,,2018-10-30
603929,2015-12-31,,0.5,,,,,2016-12-12
603929,2016-03-31,,0.62,,,,,2017-04-29
603929,2016-06-30,,0.71,,,,,2017-08-11
603929,2016-09-30,,0.95,,,,,2016-12-12
603929,2016-12-31,,1.03,,,,,2017-03-28
603929,2017-03-31,25.51969968,0.26,98.15269107692306,0.6868327402135231,0.31316725978647686,,2017-04-29
603929,2017-06-30,18.78143228,0.38,49.42482178947368,0.6501079913606912,0.3498920086393088,,2017-08-11
603929,2017-09-30,,0.48,,,,,2017-10-24
603929,2017-12-31,,0.6,,,,,2018-03-29
603929,2018-03-31,,0.19,,,,,2018-04-14
603929,2018-06-30,,0.48,,,,,2018-07-27
603929,2018-09-30,,0.66,,,,,2018-10-26
603939,2015-06-30,14.5085688,0.314,46.20563312101911,0.7597791072250345,0.2402208927749655,,2015-08-21
603939,2015-09-30,8.8114716,0.425,20.732874352941177,0.8020351526364478,0.19796484736355224,,2015-10-28
603939,2015-12-31,12.34446245,0.57,21.656951666666668,0.7987831377661886,0.2012168622338114,,2016-03-08
603939,2016-03-31,8.7869889,0.163,53.90790736196319,0.8598965679360602,0.14010343206393983,,2016-04-28
603939,2016-06-30,9.5353153,0.35,27.243758000000003,0.8663774403470715,0.13362255965292846,,2016-08-26
603939,2016-09-30,9.73116635,0.48,20.27326322916667,0.8582089552238806,0.14179104477611937,,2016-10-28
603939,2016-12-31,,0.663,,,,,2017-04-25
603939,2017-03-31,8.5297517,0.191,44.658385863874344,0.9031237643337288,0.09687623566627124,,2017-04-28
603939,2017-06-30,9.9474986,0.427,23.296249648711942,0.8970482361411087,0.10295176385889127,,2017-08-18
603939,2017-09-30,,0.607,,,,,2017-10-27
603939,2017-12-31,,0.864,,,,,2018-03-26
603939,2018-03-31,,0.278,,,,,2018-04-28
603939,2018-06-30,,0.621,,,,,2018-08-28
603939,2018-09-30,,0.851,,,,,2018-10-30
603955,2015-12-31,,0.9239,,,,,2016-11-08
603955,2016-03-31,,0.0217,,,,,2017-04-29
603955,2016-06-30,,0.414,,,,,2016-11-08
603955,2016-09-30,,0.6098,,,,,2017-02-06
603955,2016-12-31,,1.0676,,,,,2017-03-09
603955,2017-03-31,42.63958368,0.0237,1799.1385518987342,0.042309213127718466,0.9576907868722815,,2017-04-29
603955,2017-06-30,33.14433888,0.3435,96.49006951965065,0.3506119510439165,0.6493880489560835,,2017-08-22
603955,2017-09-30,,0.5279,,,,,2017-10-26
603955,2017-12-31,,0.7388,,,,,2018-04-10
603955,2018-03-31,,0.0184,,,,,2018-04-26
603955,2018-06-30,,0.3684,,,,,2018-08-22
603955,2018-09-30,,0.4988,,,,,2018-10-26
603969,2015-06-30,8.5172458,0.18,47.31803222222222,0.7496548550391164,0.25034514496088356,,2015-08-19
603969,2015-09-30,6.0754131,0.25,24.3016524,0.7479185938945421,0.25208140610545793,,2015-10-28
603969,2015-12-31,8.3172322,0.33,25.203733939393935,0.7553237722729248,0.2446762277270752,,2016-04-08
603969,2016-03-31,5.6837198,0.01,568.37198,0.20263281617301362,0.7973671838269863,,2016-04-30
603969,2016-06-30,5.62431357,0.11,51.130123363636365,0.6963123644251626,0.30368763557483736,,2016-07-22
603969,2016-09-30,5.84793594,0.25,23.39174376,0.818407960199005,0.18159203980099503,,2016-10-19
603969,2016-12-31,,0.36,,,,,2017-03-16
603969,2017-03-31,6.68335536,0.08,83.541942,0.7469355476472914,0.2530644523527086,,2017-04-27
603969,2017-06-30,8.40093692,0.16,52.505855749999995,0.6184305255579554,0.3815694744420446,,2017-08-16
603969,2017-09-30,,0.23,,,,,2017-10-26
603969,2017-12-31,,0.3,,,,,2018-03-21
603969,2018-03-31,,0.01,,,,,2018-04-26
603969,2018-06-30,,0.08,,,,,2018-08-16
603969,2018-09-30,,0.11,,,,,2018-10-31
603979,2015-06-30,14.8207455,0.45,32.93499,0.8568798895536125,0.1431201104463875,,2015-08-20
603979,2015-09-30,14.29977384,0.61,23.442252196721313,0.759481961147086,0.240518038852914,,2015-10-29
603979,2015-12-31,18.2938899,0.52,35.1805575,0.6458061712299,0.35419382877009997,,2016-04-19
603979,2016-03-31,14.98242636,0.12,124.853553,0.6229431123648331,0.37705688763516687,,2016-04-30
603979,2016-06-30,14.36564382,0.18,79.80913233333334,0.5349240780911063,0.4650759219088937,,2016-08-09
603979,2016-09-30,13.10836176,0.28,46.81557771428571,0.5845771144278606,0.41542288557213936,,2016-10-27
603979,2016-12-31,,0.29,,,,,2017-04-21
603979,2017-03-31,14.3485368,0.09,159.42818666666668,0.5179913009094503,0.48200869909054966,,2017-04-21
603979,2017-06-30,12.77668704,0.19,67.24572126315789,0.5068394528437725,0.4931605471562275,,2017-08-19
603979,2017-09-30,,0.28,,,,,2017-10-28
603979,2017-12-31,,0.35,,,,,2018-04-17
603979,2018-03-31,,0.13,,,,,2018-04-17
603979,2018-06-30,,0.28,,,,,2018-08-09
603979,2018-09-30,,0.38,,,,,2018-10-26
603986,2015-06-30,,0.83,,,,,2016-08-31
603986,2015-09-30,,1.61,,,,,2016-10-28
603986,2015-12-31,,2.1,,,,,2016-07-28
603986,2016-03-31,,0.4771,,,,,2017-04-28
603986,2016-06-30,,0.6,,,,,2016-08-31
603986,2016-09-30,31.46420615,0.93,33.832479731182794,0.7126865671641791,0.2873134328358209,,2016-10-28
603986,2016-12-31,,1.06,,,,,2017-04-11
603986,2017-03-31,37.1446295,0.3475,106.8910201438849,0.6571767497034401,0.3428232502965599,,2017-04-28
603986,2017-06-30,27.58644616,0.64,43.103822125,0.7095032397408207,0.29049676025917925,,2017-08-28
603986,2017-09-30,,1.21,,,,,2017-10-28
603986,2017-12-31,,1.42,,,,,2018-04-16
603986,2018-03-31,,0.319,,,,,2018-04-28
603986,2018-06-30,,0.84,,,,,2018-08-25
603986,2018-09-30,,1.31,,,,,2018-10-31
603988,2015-06-30,16.82644172,0.29,58.0222128275862,0.6820064427059365,0.31799355729406353,,2015-08-11
603988,2015-09-30,9.6626513,0.45,21.472558444444445,0.7927844588344126,0.20721554116558738,,2015-10-30
603988,2015-12-31,17.10960703,0.53,32.282277415094335,0.6766623207301173,0.32333767926988266,,2016-04-25
603988,2016-03-31,14.47354234,0.14,103.38244528571427,0.686412787964269,0.31358721203573103,,2016-04-29
603988,2016-06-30,15.22768,0.23,66.20730434782608,0.6086767895878525,0.39132321041214746,,2016-08-20
603988,2016-09-30,16.8939396,0.31,54.49657935483871,0.5223880597014925,0.4776119402985075,,2016-10-29
603988,2016-12-31,,0.3,,,,,2017-04-11
603988,2017-03-31,20.2176736,0.11,183.79703272727275,0.47133254250691975,0.5286674574930803,,2017-04-29
603988,2017-06-30,18.3060898,0.22,83.20949909090909,0.40496760259179265,0.5950323974082073,,2017-08-30
603988,2017-09-30,,0.1,,,,,2017-10-31
603988,2017-12-31,,0.28,,,,,2018-04-14
603988,2018-03-31,,0.05,,,,,2018-04-28
603988,2018-06-30,,0.16,,,,,2018-08-01
603988,2018-09-30,,0.17,,,,,2018-10-19
603991,2015-12-31,,0.6,,,,,2017-02-22
603991,2016-03-31,,0.09,,,,,2017-04-25
603991,2016-06-30,,0.24,,,,,2016-12-28
603991,2016-09-30,,0.36,,,,,2017-10-24
603991,2016-12-31,,0.67,,,,,2017-02-22
603991,2017-03-31,52.0236072,0.1,520.2360719999999,0.1826809015421115,0.8173190984578885,,2017-04-25
603991,2017-06-30,39.7386096,0.21,189.23147428571428,0.16882649388048956,0.8311735061195105,,2017-08-22
603991,2017-09-30,,0.3,,,,,2017-10-24
603991,2017-12-31,,0.54,,,,,2018-04-25
603991,2018-03-31,,0.09,,,,,2018-04-25
603991,2018-06-30,,0.17,,,,,2018-08-22
603991,2018-09-30,,0.3,,,,,2018-10-24
603993,2015-06-30,3.47956248,0.0304,114.45929210526315,0.451449608835711,0.548550391164289,,2015-08-31
603993,2015-09-30,2.97069156,0.041,72.45589170731708,0.35291396854764107,0.647086031452359,,2015-10-30
603993,2015-12-31,3.80992824,0.05,76.1985648,0.3741851368970013,0.6258148631029987,,2016-03-25
603993,2016-03-31,3.05819352,0.01,305.819352,0.33662435354960035,0.6633756464503997,,2016-04-29
603993,2016-06-30,3.5451126,0.03,118.17042000000001,0.3913232104121475,0.6086767895878524,,2016-08-29
603993,2016-09-30,3.1831429,0.0346,91.99834971098267,0.33043117744610284,0.6695688225538972,,2016-10-31
603993,2016-12-31,,0.06,,,,,2017-03-31
603993,2017-03-31,4.0411329,0.04,101.0283225,0.675365757216291,0.324634242783709,,2017-04-28
603993,2017-06-30,4.37043838,0.05,87.4087676,0.3884089272858171,0.6115910727141829,,2017-08-28
603993,2017-09-30,,0.09,,,,,2017-10-30
603993,2017-12-31,,0.14,,,,,2018-03-30
603993,2018-03-31,,0.072,,,,,2018-04-28
603993,2018-06-30,,0.145,,,,,2018-08-28
603993,2018-09-30,,0.192,,,,,2018-10-30
603999,2015-06-30,,0.19,,,,,2015-11-23
603999,2015-09-30,,0.29,,,,,2016-10-28
603999,2015-12-31,22.9345872,0.47,48.796994042553195,0.5245545415036941,0.47544545849630593,,2016-04-27
603999,2016-03-31,14.7631654,0.04,369.079135,0.29760225669957685,0.7023977433004231,,2016-04-27
603999,2016-06-30,14.52621264,0.11,132.05647854545455,0.35357917570498915,0.6464208242950109,,2016-08-30
603999,2016-09-30,15.43732976,0.108,142.93823851851852,0.216832504145937,0.783167495854063,,2016-10-28
603999,2016-12-31,,0.146,,,,,2017-04-26
603999,2017-03-31,12.55838752,0.025,502.3355008,0.1874258600237248,0.8125741399762751,,2017-04-29
603999,2017-06-30,10.48254336,0.0608,172.41025263157894,0.18430525557955363,0.8156947444204463,,2017-08-26
603999,2017-09-30,,0.092,,,,,2017-10-28
603999,2017-12-31,,0.13,,,,,2018-04-20
603999,2018-03-31,,0.004,,,,,2018-04-28
603999,2018-06-30,,0.025,,,,,2018-08-22
603999,2018-09-30,,0.06,,,,,2018-10-26
605055,2016-12-31,,1.13,,,,,2019-06-21
605055,2017-12-31,,0.53,,,,,2019-06-21
605117,2016-12-31,,,,,,,2019-06-28
605117,2017-12-31,,0.73,,,,,2019-06-28
605188,2016-12-31,,0.31,,,,,2019-04-12
605188,2017-12-31,,0.33,,,,,2019-04-12
605198,2015-12-31,,0.214,,,,,2018-12-21
605198,2016-12-31,,0.328,,,,,2018-12-21
605198,2017-12-31,,0.238,,,,,2018-12-21
605198,2018-06-30,,0.194,,,,,2018-12-21
605299,2015-06-30,,0.51,,,,,2016-08-30
605299,2015-12-31,,0.3925,,,,,2018-03-20
605299,2016-06-30,,0.53,,,,,2016-08-30
605299,2016-12-31,,0.38,,,,,2017-04-25
605299,2017-03-31,,0.044,,,,,2018-04-25
605299,2017-06-30,,0.17,,,,,2017-08-29
605299,2017-12-31,,0.35,,,,,2018-03-20
605299,2018-03-31,,0.053,,,,,2018-04-25
605300,2016-12-31,,,,,,,2019-09-27
605300,2017-12-31,,,,,,,2019-09-27
605319,2016-12-31,,2.8,,,,,2019-07-05
605319,2017-12-31,,1.45,,,,,2019-07-05
605333,2015-12-31,,0.14,,,,,2018-12-28
605333,2016-12-31,,0.31,,,,,2018-12-28
605333,2017-12-31,,0.22,,,,,2018-12-28
605333,2018-06-30,,0.12,,,,,2018-12-28
605368,2015-06-30,,0.26,,,,,2016-08-26
605368,2015-12-31,,0.54,,,,,2017-04-07
605368,2016-06-30,,0.27,,,,,2016-08-26
605368,2016-12-31,,0.35,,,,,2017-04-07
605368,2017-03-31,,0.14,,,,,2018-04-27
605368,2017-06-30,,0.27,,,,,2017-08-29
605368,2017-09-30,,,,,,,2018-10-29
605368,2017-12-31,,0.54,,,,,2018-04-25
605368,2018-03-31,,0.17,,,,,2018-04-27
605368,2018-06-30,,0.32,,,,,2018-08-20
605368,2018-09-30,,0.45,,,,,2018-10-29
605377,2015-06-30,,0.46,,,,,2016-08-10
605377,2015-12-31,,0.87,,,,,2016-03-17
605377,2016-06-30,,0.26,,,,,2016-08-10
605377,2016-12-31,,,,,,,2019-06-06
605377,2017-12-31,,,,,,,2019-06-06
688001,2016-12-31,,,,,,,2019-06-19
688001,2017-12-31,,,,,,,2019-06-19
688001,2018-03-31,,,,,,,2019-06-19
688001,2018-06-30,,0.29,,,,,2019-07-16
688001,2018-09-30,,0.56,,,,,2019-10-29
688002,2016-12-31,,0.0379,,,,,2019-03-22
688002,2017-12-31,,0.2326,,,,,2019-03-22
688002,2018-03-31,,0.0117,,,,,2019-06-24
688002,2018-06-30,,0.11,,,,,2019-07-16
688002,2018-09-30,,0.1458,,,,,2019-10-29
688005,2016-12-31,,,,,,,2019-03-22
688005,2017-12-31,,,,,,,2019-03-22
688005,2018-03-31,,0.11,,,,,2019-07-02
688005,2018-06-30,,0.32,,,,,2019-08-16
688005,2018-09-30,,0.43,,,,,2019-10-30
688008,2016-12-31,,0.12,,,,,2019-04-01
688008,2017-12-31,,0.46,,,,,2019-04-01
688008,2018-03-31,,,,,,,2019-06-18
688008,2018-06-30,,0.4,,,,,2019-08-30
688008,2018-09-30,,0.68,,,,,2019-10-30
688015,2016-12-31,,0.45,,,,,2019-03-29
688015,2017-12-31,,0.37,,,,,2019-03-29
688015,2018-03-31,,-0.54,,,,,2019-07-06
688015,2018-06-30,,0.15,,,,,2019-08-26
688015,2018-09-30,,0.09,,,,,2019-10-29
688016,2016-12-31,,,,,,,2019-04-11
688016,2017-12-31,,,,,,,2019-04-11
688016,2018-03-31,,,,,,,2019-06-26
688016,2018-06-30,,,,,,,2019-07-19
688016,2018-09-30,,1.41,,,,,2019-10-28
688018,2016-12-31,,0.0343,,,,,2019-04-03
688018,2017-12-31,,2.1558,,,,,2019-04-03
688018,2018-03-31,,0.4233,,,,,2019-07-03
688018,2018-06-30,,0.7459,,,,,2019-07-19
688018,2018-09-30,,,,,,,2019-10-29
688032,2017-12-31,,-0.84,,,,,2020-12-30
688036,2016-12-31,,,,,,,2019-03-29
688036,2017-12-31,,0.94,,,,,2019-03-29
688036,2018-03-31,,,,,,,2019-07-12
688036,2018-09-30,,0.22,,,,,2019-10-30
688037,2016-12-31,,0.08,,,,,2019-07-12
688037,2017-12-31,,0.44,,,,,2019-07-12
688037,2018-09-30,,0.05,,,,,2019-12-13
688049,2017-12-31,,-0.09,,,,,2020-12-30
688058,2015-12-31,,0.13,,,,,2016-05-13
688058,2016-12-31,,1.22,,,,,2019-09-10
688058,2017-12-31,,1.15,,,,,2019-09-10
688058,2018-09-30,,0.43,,,,,2019-10-31
688062,2017-12-31,,,,,,,2020-12-17
688063,2015-12-31,,0.22,,,,,2016-10-31
688063,2016-06-30,,0.03,,,,,2016-10-31
688063,2017-12-31,,-0.4,,,,,2020-05-27
688065,2016-12-31,,,,,,,2019-12-10
688065,2017-12-31,,,,,,,2019-12-10
688072,2017-12-31,,,,,,,2019-12-20
688080,2015-06-30,,0.03,,,,,2016-08-11
688080,2015-12-31,,0.46,,,,,2017-04-26
688080,2016-06-30,,0.31,,,,,2016-08-11
688080,2016-12-31,,0.66,,,,,2019-10-28
688080,2017-06-30,,0.23,,,,,2017-08-21
688080,2017-12-31,,0.86,,,,,2019-10-28
688080,2018-06-30,,0.44,,,,,2018-08-28
688080,2018-09-30,,0.78,,,,,2020-01-14
688082,2017-12-31,,,,,,,2020-06-01
688099,2016-12-31,,,,,,,2019-03-22
688099,2017-12-31,,0.21,,,,,2019-03-22
688099,2018-03-31,,,,,,,2019-06-19
688099,2018-06-30,,0.34,,,,,2019-08-07
688099,2018-09-30,,0.4925,,,,,2019-10-31
688100,2016-12-31,,0.28,,,,,2019-04-04
688100,2017-12-31,,0.34,,,,,2019-04-04
688100,2018-06-30,,,,,,,2019-10-22
688100,2018-09-30,,0.25,,,,,2019-12-27
688108,2016-12-31,,0.14,,,,,2019-03-29
688108,2017-12-31,,0.29,,,,,2019-03-29
688108,2018-03-31,,,,,,,2019-07-22
688108,2018-09-30,,0.18,,,,,2019-10-29
688109,2015-06-30,,-1.11,,,,,2016-08-22
688109,2015-09-30,,0.71,,,,,2016-10-28
688109,2015-12-31,,0.71,,,,,2017-04-24
688109,2016-06-30,,0.42,,,,,2016-08-22
688109,2016-09-30,,2.31,,,,,2016-10-28
688109,2016-12-31,,0.76,,,,,2017-04-24
688109,2017-06-30,,0.39,,,,,2017-08-28
688109,2017-12-31,,0.82,,,,,2018-04-25
688109,2018-06-30,,0.65,,,,,2018-08-27
688122,2015-06-30,,0.21,,,,,2016-08-08
688122,2015-12-31,,0.41,,,,,2017-03-01
688122,2016-06-30,,0.28,,,,,2016-08-08
688122,2016-12-31,,0.4468,,,,,2017-03-01
688122,2017-03-31,,0.114,,,,,2018-04-27
688122,2017-06-30,,0.24,,,,,2017-08-15
688122,2017-09-30,,0.3,,,,,2018-10-30
688122,2017-12-31,,0.3576,,,,,2018-03-20
688122,2018-03-31,,0.08,,,,,2018-04-27
688122,2018-06-30,,0.1865,,,,,2018-08-28
688122,2018-09-30,,0.25,,,,,2018-10-30
688123,2016-12-31,,,,,,,2019-04-02
688123,2017-12-31,,,,,,,2019-04-02
688123,2018-09-30,,0.71,,,,,2019-12-20
688126,2016-12-31,,,,,,,2019-04-30
688126,2017-12-31,,,,,,,2019-04-30
688138,2015-06-30,,0.16,,,,,2015-11-27
688138,2015-12-31,,0.28,,,,,2017-04-07
688138,2016-12-31,,0.23,,,,,2017-04-07
688138,2017-12-31,,0.19,,,,,2019-05-24
688138,2018-09-30,,0.22,,,,,2019-11-19
688139,2016-12-31,,0.72,,,,,2019-04-02
688139,2017-12-31,,0.35,,,,,2019-04-02
688139,2018-06-30,,,,,,,2019-10-08
688139,2018-09-30,,0.31,,,,,2019-10-24
688147,2017-12-31,,-0.505,,,,,2020-06-22
688151,2017-12-31,,0.24,,,,,2020-12-25
688153,2015-06-30,,0.68,,,,,2016-08-23
688153,2015-12-31,,1.75,,,,,2016-04-13
688153,2016-06-30,,1.05,,,,,2016-08-23
688159,2015-06-30,,0.38,,,,,2016-08-16
688159,2015-12-31,,0.2616,,,,,2016-04-12
688159,2016-06-30,,0.36,,,,,2016-08-16
688159,2016-12-31,,0.42,,,,,2017-04-28
688159,2017-06-30,,0.26,,,,,2017-08-29
688159,2017-12-31,,0.92,,,,,2018-01-23
688159,2018-06-30,,,,,,,2019-10-06
688159,2018-09-30,,0.37,,,,,2020-01-06
688161,2017-12-31,,0.91,,,,,2020-06-12
688162,2017-12-31,,1.91,,,,,2020-12-28
688167,2015-06-30,,-0.1,,,,,2016-08-12
688167,2015-12-31,,0.58,,,,,2017-04-21
688167,2016-06-30,,0.11,,,,,2016-08-12
688167,2016-12-31,,0.48,,,,,2017-04-21
688167,2017-06-30,,0.36,,,,,2017-08-24
688167,2017-12-31,,-0.18,,,,,2021-02-04
688169,2016-12-31,,,,,,,2019-04-09
688169,2017-12-31,,,,,,,2019-04-09
688169,2018-09-30,,3.46,,,,,2020-01-23
688185,2016-12-31,,,,,,,2020-01-22
688185,2017-12-31,,-0.44,,,,,2020-01-22
688187,2015-06-30,,1.04,,,,,2015-08-27
688187,2015-12-31,,2.52,,,,,2016-04-21
688187,2017-12-31,,2.15,,,,,2020-12-30
688195,2017-12-31,,-0.51,,,,,2020-04-29
688198,2016-12-31,,,,,,,2019-04-15
688198,2017-12-31,,,,,,,2019-04-15
688198,2018-09-30,,0.6,,,,,2019-11-19
688200,2016-12-31,,0.98,,,,,2019-08-07
688200,2017-12-31,,1.26,,,,,2019-08-07
688200,2018-09-30,,1.9,,,,,2020-01-23
688202,2015-12-31,,0.63,,,,,2017-07-14
688202,2016-12-31,,1.0,,,,,2017-07-14
688202,2017-12-31,,0.9,,,,,2019-04-03
688202,2018-09-30,,0.93,,,,,2019-11-04
688212,2017-12-31,,-0.18,,,,,2020-12-25
688218,2015-06-30,,0.18,,,,,2016-08-24
688218,2015-12-31,,0.27,,,,,2017-02-27
688218,2016-06-30,,0.21,,,,,2016-08-24
688218,2016-12-31,,0.36,,,,,2017-02-27
688218,2017-03-31,,0.17,,,,,2018-04-26
688218,2017-06-30,,0.26,,,,,2017-08-30
688218,2017-12-31,,0.43,,,,,2018-03-29
688218,2018-03-31,,,,,,,2018-04-26
688218,2018-06-30,,0.32,,,,,2018-08-31
688218,2018-09-30,,,,,,,2019-11-18
688228,2015-12-31,,0.74,,,,,2017-03-03
688228,2016-06-30,,0.41,,,,,2016-10-31
688228,2016-12-31,,0.29,,,,,2017-03-03
688228,2017-06-30,,0.35,,,,,2017-08-25
688228,2017-12-31,,0.73,,,,,2018-04-24
688228,2018-06-30,,0.29,,,,,2018-08-24
688228,2018-09-30,,,,,,,2019-11-25
688232,2017-12-31,,0.59,,,,,2020-07-30
688256,2017-12-31,,,,,,,2020-03-26
688277,2015-06-30,,-0.07,,,,,2016-08-25
688277,2015-12-31,,-0.1,,,,,2017-04-12
688277,2016-06-30,,-0.08,,,,,2016-08-25
688277,2016-12-31,,-0.08,,,,,2017-04-12
688277,2017-06-30,,0.01,,,,,2017-08-24
688277,2017-12-31,,0.07,,,,,2018-04-18
688277,2018-06-30,,-0.16,,,,,2018-08-24
688288,2016-12-31,,,,,,,2019-03-28
688288,2017-12-31,,0.7,,,,,2019-03-28
688288,2018-09-30,,0.55,,,,,2019-11-05
688313,2017-12-31,,-0.05,,,,,2020-03-24
688319,2015-06-30,,-0.134,,,,,2016-08-26
688319,2015-12-31,,-0.31,,,,,2017-04-26
688319,2016-06-30,,-0.11,,,,,2016-08-26
688319,2016-12-31,,-0.29,,,,,2017-04-26
688319,2017-06-30,,-0.06,,,,,2017-08-25
688319,2017-12-31,,-0.1341,,,,,2018-04-24
688319,2018-06-30,,0.004,,,,,2018-08-24
688333,2016-12-31,,0.57,,,,,2019-04-04
688333,2017-12-31,,0.57,,,,,2019-04-04
688333,2018-03-31,,,,,,,2019-07-16
688333,2018-06-30,,-0.01,,,,,2019-07-19
688333,2018-09-30,,0.15,,,,,2019-10-24
688336,2016-12-31,,0.53,,,,,2019-10-31
688336,2017-12-31,,0.76,,,,,2019-10-31
688345,2017-12-31,,0.45,,,,,2020-06-09
688351,2015-12-31,,-0.3344,,,,,2017-04-28
688351,2016-06-30,,-0.12,,,,,2017-08-28
688351,2016-12-31,,-0.27,,,,,2017-04-28
688351,2017-06-30,,-0.13,,,,,2017-08-28
688351,2017-12-31,,-0.21,,,,,2018-04-12
688351,2018-06-30,,0.01,,,,,2018-08-20
688353,2018-09-30,,,,,,,2019-01-31
688356,2016-12-31,,0.09,,,,,2019-11-01
688356,2017-12-31,,0.47,,,,,2019-11-01
688368,2015-12-31,,1.8,,,,,2017-10-13
688368,2016-12-31,,0.9,,,,,2017-10-13
688368,2017-03-31,,0.26,,,,,2017-10-13
688368,2017-12-31,,1.66,,,,,2018-05-02
688368,2018-03-31,,,,,,,2019-07-12
688368,2018-09-30,,1.45,,,,,2019-10-29
688369,2016-12-31,,0.35,,,,,2019-04-19
688369,2017-12-31,,0.78,,,,,2019-04-19
688369,2018-09-30,,0.2,,,,,2019-10-30
688379,2015-12-31,,0.28,,,,,2016-12-09
688379,2016-09-30,,0.39,,,,,2016-12-09
688379,2016-12-31,,0.53,,,,,2019-12-17
688379,2017-12-31,,0.67,,,,,2019-12-17
688379,2018-09-30,,,,,,,2019-12-17
688388,2015-06-30,,0.11,,,,,2016-08-10
688388,2015-09-30,,0.09,,,,,2016-10-27
688388,2015-12-31,,0.16,,,,,2017-02-28
688388,2016-03-31,,0.07,,,,,2017-04-28
688388,2016-06-30,,0.18,,,,,2016-08-10
688388,2016-09-30,,0.26,,,,,2016-10-27
688388,2016-12-31,,0.46,,,,,2017-02-28
688388,2017-03-31,,0.12,,,,,2017-04-28
688388,2017-06-30,,0.25,,,,,2017-08-11
688388,2017-09-30,,0.43,,,,,2018-10-29
688388,2017-12-31,,0.55,,,,,2018-03-26
688388,2018-03-31,,0.15,,,,,2019-04-19
688388,2018-06-30,,0.29,,,,,2018-08-21
688388,2018-09-30,,0.61,,,,,2018-10-29
688390,2015-06-30,,0.08,,,,,2016-08-18
688390,2015-12-31,,0.21,,,,,2017-03-31
688390,2016-06-30,,0.33,,,,,2016-08-18
688390,2016-12-31,,0.5918,,,,,2017-03-31
688390,2017-06-30,,1.08,,,,,2017-08-09
688390,2017-12-31,,0.86,,,,,2018-04-24
688399,2016-12-31,,0.21,,,,,2019-10-07
688399,2017-12-31,,0.97,,,,,2019-10-07
688399,2018-09-30,,0.89,,,,,2019-11-15
688408,2016-12-31,,0.41,,,,,2019-06-21
688408,2017-12-31,,0.44,,,,,2019-06-21
688410,2015-06-30,,-0.01,,,,,2016-08-18
688410,2015-12-31,,0.02,,,,,2017-03-27
688410,2016-06-30,,-0.03,,,,,2016-08-18
688410,2016-12-31,,0.06,,,,,2017-03-27
688410,2017-03-31,,-0.02,,,,,2018-04-27
688410,2017-06-30,,-0.04,,,,,2017-08-17
688410,2017-12-31,,-0.04,,,,,2018-03-30
688410,2018-03-31,,-0.08,,,,,2018-04-27
688410,2018-06-30,,-0.06,,,,,2018-08-17
688505,2016-12-31,,0.15,,,,,2019-05-13
688505,2017-12-31,,0.08,,,,,2019-05-13
688506,2015-06-30,,0.12,,,,,2015-12-23
688518,2015-06-30,,0.29,,,,,2016-08-26
688518,2015-12-31,,0.42,,,,,2017-04-21
688518,2016-03-31,,0.14,,,,,2017-04-28
688518,2016-06-30,,0.28,,,,,2016-08-26
688518,2016-12-31,,0.53,,,,,2017-04-21
688518,2017-03-31,,0.15,,,,,2017-04-28
688518,2017-06-30,,0.22,,,,,2017-08-28
688518,2017-09-30,,0.27,,,,,2018-10-31
688518,2017-12-31,,0.45,,,,,2018-03-30
688518,2018-03-31,,0.11,,,,,2018-04-27
688518,2018-06-30,,0.2,,,,,2018-08-21
688518,2018-09-30,,0.23,,,,,2018-10-31
688519,2015-12-31,,,,,,,2019-01-25
688519,2016-12-31,,,,,,,2019-01-25
688519,2017-12-31,,0.47,,,,,2019-01-25
688519,2018-09-30,,0.52,,,,,2019-01-25
688521,2016-12-31,,-1.7,,,,,2019-09-20
688521,2017-12-31,,-1.5,,,,,2019-09-20
688536,2017-12-31,,0.2,,,,,2020-04-20
688559,2016-12-31,,,,,,,2019-12-31
688559,2017-12-31,,0.11,,,,,2019-12-31
688568,2016-12-31,,,,,,,2019-03-29
688568,2017-12-31,,,,,,,2019-03-29
688568,2018-09-30,,,,,,,2019-12-18
688577,2015-06-30,,-0.06,,,,,2016-08-12
688577,2015-09-30,,-0.04,,,,,2016-01-22
688577,2015-12-31,,-0.07,,,,,2017-04-24
688577,2016-06-30,,0.03,,,,,2016-08-12
688577,2016-12-31,,0.28,,,,,2017-04-24
688577,2017-06-30,,0.53,,,,,2017-08-24
688577,2017-12-31,,1.0,,,,,2019-12-26
688578,2017-12-31,,,,,,,2020-04-17
688579,2015-06-30,,0.1635,,,,,2016-07-29
688579,2015-12-31,,0.5976,,,,,2017-03-31
688579,2016-06-30,,0.1164,,,,,2016-07-29
688579,2016-12-31,,0.1611,,,,,2017-03-31
688579,2017-03-31,,0.0011,,,,,2018-04-25
688579,2017-06-30,,0.0802,,,,,2017-08-15
688579,2017-09-30,,0.1463,,,,,2018-10-29
688579,2017-12-31,,0.1854,,,,,2018-04-25
688579,2018-03-31,,-0.0329,,,,,2018-04-25
688579,2018-06-30,,0.0017,,,,,2018-08-27
688579,2018-09-30,,0.0249,,,,,2018-10-29
688596,2015-06-30,,-0.03,,,,,2016-08-17
688596,2015-12-31,,0.08,,,,,2017-06-29
688596,2016-06-30,,0.03,,,,,2016-08-17
688596,2016-12-31,,0.14,,,,,2017-06-29
688596,2017-06-30,,0.08,,,,,2017-08-28
688596,2017-12-31,,0.2,,,,,2020-04-08
688606,2016-12-31,,1.27,,,,,2019-06-21
688606,2017-12-31,,0.88,,,,,2019-06-21
688608,2017-12-31,,-3.0481,,,,,2020-04-22
688611,2015-06-30,,0.01,,,,,2016-08-24
688611,2015-12-31,,0.21,,,,,2017-04-20
688611,2016-06-30,,0.04,,,,,2016-08-24
688611,2016-12-31,,0.74,,,,,2017-04-20
688611,2017-12-31,,1.12,,,,,2020-06-19
688613,2017-12-31,,0.29,,,,,2020-06-19
688617,2017-12-31,,0.69,,,,,2020-04-22
688626,2017-12-31,,,,,,,2020-06-01
688636,2017-12-31,,0.64,,,,,2020-06-02
688639,2015-06-30,,0.57,,,,,2016-08-26
688639,2015-12-31,,0.94,,,,,2016-04-25
688639,2016-06-30,,0.5,,,,,2016-08-26
688639,2016-12-31,,1.35,,,,,2017-03-27
688639,2017-06-30,,0.72,,,,,2017-08-11
688639,2017-12-31,,0.81,,,,,2020-06-10
688661,2017-12-31,,,,,,,2020-06-02
688677,2015-06-30,,0.07,,,,,2016-08-26
688677,2015-12-31,,0.48,,,,,2017-04-13
688677,2016-06-30,,0.41,,,,,2016-08-26
688677,2016-12-31,,0.99,,,,,2017-04-13
688677,2017-03-31,,0.34,,,,,2018-04-27
688677,2017-06-30,,0.8,,,,,2017-08-15
688677,2017-12-31,,0.75,,,,,2018-03-29
688677,2018-03-31,,0.3,,,,,2018-04-27
688677,2018-06-30,,0.48,,,,,2018-08-27
688690,2017-12-31,,0.0505,,,,,2020-06-18
688696,2017-12-31,,1.63,,,,,2020-05-08
688700,2017-12-31,,,,,,,2020-06-29
688716,2015-06-30,,-0.01,,,,,2016-08-16
688716,2015-12-31,,0.04,,,,,2017-04-25
688716,2016-06-30,,0.02,,,,,2016-08-16
688716,2016-12-31,,0.09,,,,,2017-04-25
688716,2017-06-30,,-0.01,,,,,2017-08-03
688716,2017-12-31,,0.04,,,,,2018-04-12
688716,2018-06-30,,0.07,,,,,2018-08-20
688728,2017-12-31,,0.0,,,,,2020-07-07
688776,2017-12-31,,0.36,,,,,2020-10-13
688981,2015-12-31,,0.07,,,,,2018-05-09
688981,2016-12-31,,0.09,,,,,2018-05-09
688981,2017-06-30,,0.02,,,,,2019-04-25
688981,2017-12-31,,0.27,,,,,2018-05-09
688981,2018-06-30,,0.02,,,,,2019-04-25
688981,2018-09-30,,,,,,,2019-02-26
689009,2016-12-31,,-0.576,,,,,2019-04-17
689009,2017-12-31,,-2.291,,,,,2019-04-17
